<hash>,loc1,loc2,loc3...
3877041867,29868
1863406506,29849
2960463968,29829
89671588,29770
352557855,29769
1661751600,29735
3244576075,29727
71373531,29725
2116785558,29720
1818043248,29695
186922572,29670
2707468506,29668
223504285,29664
4011298955,29663
1189068129,29661
2660540931,29649
1685527109,29635
3669465206,29622
1360530241,29618
2987611446,29599
2703793012,29583
3429507052,29575
3103613804,29574
3114521630,29569
3978600221,29568
1265882894,29564
178707382,29559
2381226813,29545
69126390,29544
3310480448,29525
2129061088,29511
2971524811,29482
3955556131,29481
3172521129,29480
4100198098,29477
1708967085,29471
833158722,29447
133229886,29446
3412849089,29423
1155483012,29415
208264021,29396
3395642989,29371
2996475639,29360
457519339,29347
2702992284,29343
962869986,29334
3071083090,29329
1091336418,29326
2037138233,29307
1475244787,29298
3232490949,29278
3074238540,29275
2367657535,29256
907902872,29240
170372039,29233
3373456721,29232
322108833,29224
3132479389,29222
1272910448,29206
1760275877,29194
2753866062,29181
4231378160,29174
2384137033,29173
2449684120,29172
262546030,29165
754819576,29159
2763594495,29155
2410021560,29149
3482577686,29132
4072818147,29118,29151
2912992121,29115
526060532,29114
2885703598,29112
953226626,29107
427918160,29103
3563255759,29091
2718990971,29090,29573
2160998359,29085
1196234410,29068
2286793236,29067
3902946442,29059
276302572,29053
1050452364,29049
903319382,29047
2652359987,29045
3697141667,29043
4180655975,29042
773363811,29039
608409016,29033
320472114,29018
1926583640,28995
3079946550,28993
587292392,28991
2202009568,28979
4285882510,28923
1279524285,28910
477971413,28900
2969886508,28899
129484938,28891
2017091456,28863
678193037,28840
374195069,28830
2138006668,28828
3971433099,28823
2620984559,28822
2327515057,28821
4225853618,28819,29620
2555539528,29451
41993995,28814
331234765,28804
3120350517,28803,29199
3742476693,28795
1202857682,28786
1956977339,28785
4196830948,28783
2875019158,28772
1526094444,28771
196205316,28770
2303340725,28762
3220101895,28759
2529554978,28750
2225348971,28743
1996489072,28738
512701948,28718
4188816375,28715
2185067264,28711
3855727412,28710
3877033158,28709
1271836278,28690
3451588293,28670
2364839073,28657
1677903154,28602
3886136983,28587
3223399823,28514
2664798950,28490
420298969,28475
314612328,28471
254639348,28470
3461041041,28449
119264535,28448
1230033136,28447
1074719948,28444
3326672975,28438
1458716695,28433
4004009538,28427
3378509298,28426
1534604109,28419
1698090701,28417
2150999777,28415
2185328361,28413
914784709,28604
3821079363,28405
1627406619,28402
2975840109,28398
1584408666,28395
467858708,28375
2197578197,28374
868680772,28365
2135189088,28363
2759990270,28362
2311096757,28361
1211486523,28327
529689187,28326
3150130527,28325
2856580486,28318
3606913624,28316
2584788074,28310
1421376522,28309
2678467551,28308
2698134543,28307
4091234706,28306
1273120344,28301
10359017,28251
2620778568,28233
609276759,28232
1643501171,28228
401036232,28221
2293613002,28213
1246766811,28211
2045760759,28210
1171664065,28198
4129780011,28195
1757726532,28194
2291792152,28166
255275242,28132
2646327103,28131
4045191679,28126
3334912181,28116
1548419590,28110
55235251,28108
2448787770,28053
3399934196,27994
1462033755,29602
582939967,27982
734987030,27952
3526607369,27940
498191923,27927
2984218182,27914
2349065461,27907,29853
2628751520,27904
1942902796,27901
3865111660,27878
613492130,27851
2810333280,27835
490517850,27809
1532307591,27799
3619615641,27798
2635082241,27790
600831469,27788
3386437654,27786
2269824297,27772
2334911771,27715
1306636437,27714
2985002217,27697
1714568359,27690
780575897,27683
95292278,28605
80575593,27667,28848
4242176534,27657
2853822281,27656
105782855,27655
1180923130,27651
3308709690,27642
31362225,27639
2393389695,27635
2404078807,27631
95906269,27630
2867330793,27629
835268638,27624
3507730439,27621
3659678712,27618
2952590169,27608
1206471491,27604
1338725334,27601
2683492187,27599
3168742623,27583
256220173,27537
263578700,27533
47762813,27521
2409069361,27520
118252663,27939
3446331365,27504
3509671562,28712
84398474,27448
1065214952,27447
1621517365,27420
3633298330,27344,29619
1357687485,27340
2529810410,27327
2130740661,27323
3137941350,27311
3859681222,27306
2082580515,27296
2442280622,27294
1382725392,27293
35900890,27292
1421611326,27279
1964312218,27266
2425142637,27265
3697699124,27258
3868771849,27229
998035478,27222
2511341082,27173
3747297370,27149,28485
3685845941,27145
3793826553,27137
1415502734,29058
1173146566,27130
2779731056,27117
1854816821,27115
2186184827,27111
1284429281,27102
1597896191,27096
2557176130,27085
2290297559,27077
2302157118,29652
3076756016,27046
193863685,27045
3346727576,27043
3886005779,27042
4059099677,27023
24885490,28784
404961553,27011
2593497975,27006
4281103324,27005
1505478464,26998
1775275189,26995
2180790564,26991
3432640606,26989
102056444,26988
4211152919,26987
4004858423,26978
1238193625,26967
1426519689,26966
3848848430,26964
3049093625,26955,28073
365839463,26953,28231,28551
2755386319,26952
600583572,26951
1200775400,26913
1728824735,26895
3961427242,26893
2750009756,26891
2981011251,26889
3509461213,26887
2190571510,26881
1283850099,26868
3914469523,26867
657319381,26855
2629929442,26837
2764658732,26836
3390612119,26834
230113003,26833
2922099991,26816
3225352864,26794
3499037161,26764
2032963765,26762
1118921080,26759
808629996,26748
415610895,26745
2058769980,26728
3550987898,26724
4107910047,26722
2453165126,26714
152317611,26690
1731534955,26684
1786830299,26677
1359938473,26676
186297437,27764
1871942681,26674
2339504431,26637
2940458478,26635
142257433,26632
1218532532,26626,27575,29187
1292040066,26625,29186
2171675064,26667
3532820617,26607
673847582,26605
3641118779,26594
2679561421,26591
1342505334,26580,28165
4229637462,26566
3267154670,26564
3842427313,26561
315757841,26546
3663061782,26544
1293198713,26528
3762048337,26527
500355239,26523
1771617657,26518
3817603752,26499
1782437274,26493
3403116235,26492
2391485607,26491
1958760407,26489
1282562873,28813
1406388675,26482
1271428633,26481
3133891855,26463
3331216103,26454
815784967,26453
938977522,26452
3687566883,26451,27591
2577553279,26956
438042899,26449
3014158102,26420
1953574414,26419
3136528870,26415,27678
1505655591,26412
2450500103,26409
4283388001,26407
1627989425,26404
3637155617,26370,28734
3377485955,26369,28733
3685366786,26366
850584801,26363
1981457,26353
1390427117,26352
3781010163,26347,27703
2031361932,26346,27702
2307412641,26345,27701
4052673522,26344
399618181,28933
3411153199,26343
1758182116,26306
3117483355,26304
2866914170,26298
1914514837,26295
3205673265,26272
2936515111,26835
1326548331,26251
2552316126,26234
3296056187,26191
522449227,26190
1339091546,26177
1790933097,26171
1568569126,26170,26579,28164
799999282,26146
2672656273,26145
1924856032,26135
4266435685,26122
2343634222,26075
1358662664,26070
676031372,26067
3390079787,26050
423723516,26048
3001704491,25998
4134020065,25997
1264947349,25993
4156657835,25980
132559283,25978
1463331688,25970
3482933878,25966
2122688619,25963
3702626937,25959
3752932726,25955
15807734,25953
3400743728,25913
3709515213,28492
3231872027,25879
1102320261,25861
1140666260,25850
1479534722,25837
2333524121,25824
2690480443,25815,26636
154992756,25813
3320471792,25800
3381391791,25789
2550418361,25787
186332939,25786
2320120956,25785
888103302,25778
3177652131,25777
865859373,25730
2262513658,25727
1011783603,25708
3910754782,25707
2149461033,25701
54902250,25698
482880691,25696
2529180718,25663
1486385763,25662
2657732106,25661
1871522615,26832
2683793656,25654
1047557807,25648
695222739,26464
3483308352,25638
471160646,25635
3728202412,25631
522829923,25609
2649488806,25608
23705257,25607,27682
471883684,25600
1876521934,27974
3668590018,25592
2198839528,25582
2623075015,25581
1446323428,25569
387056293,25567,25792
1582309240,25566,25791
1930796132,25561,28802
2275624345,25550
1622648970,27565
2433981742,25549
1596788322,25516
126734292,25511
3438866983,25510
1773429849,25509
3307256128,25504
483551539,25498
2711214079,25496
2893979454,25482
2029082106,25460
2168734444,25457
3630447711,28667
1046904740,25450,27003
495297548,25427,26698
3954966386,25407,26455
4245319467,25392,26611
4177951699,25390,26609
3715258042,25351
1938730901,25335,29444
1757205416,25319
3435474527,25293
1498478158,27530
2446335496,25572,27858
1021246268,25289
2579780043,25288
2058775738,25266
1234309795,25263
3549797309,25238
356989876,25232
1011184001,25228
3780483918,25216
3249449470,25213
1889152259,25210
42208074,25209
2322958929,25158
4127114299,25157
2746971365,25156
3192761851,25150,28109
3524069135,25149
2254234011,28088
208254912,25148
3972688169,25134
2453316509,25129,25160
1893462519,28888
2876434253,25127
2738737228,25124
2382877229,25123
1358859488,26314
3636616736,25097
3400643825,25088,26214
3261523953,25062
4166426278,25042
1588895845,25041,25505
3035844707,25036
3846157536,25035
3358126160,25034
1147594796,28634
2402291803,25024
2943359794,25021
4100905641,24982
549540866,24978
221535626,27567
473878575,24962
1574370336,24932
3284749088,24913
3981518991,24881
3214341500,24872
2719836511,24868
973718382,24854
3548906299,24853
2222570258,24847
1321570283,24846
2288134121,24843
1200166458,24842
1111374965,24830
2903275304,24829
3744462755,26158,26856
2816771774,24827
2053206922,26542
2501108266,24826
4193565088,24821
1407182686,24818
2494503113,24815
1399672916,24814
2670682723,24806
2137041221,24805
1642566493,24803
282047604,24797
161801690,24795
607989453,24794
2558404092,24792
1150021438,24788
3854245465,24773
1439050313,24769
4027191108,24767
3778752849,24764
373636038,25039
2832890499,24748
4097805320,24745
482814628,24723,28051
537387910,24716
596434432,24712
4163102593,24711
3406582238,24709
178612494,24703
3338072164,24680
2138694365,25965
1249073970,24670,25098,25585
306595378,24629
3484726452,24610
2955782275,24601
1282597645,24669,25584
2757132364,24563
798546971,24540
368711189,24531
2230445407,24523,24695
706610117,24509
4056458912,24506
2816586614,24505
2742999834,24503
3163216878,24486
2627366963,24501
1466124119,24473
1958010725,24460
3618626663,24459
1694675943,24457
4187382614,24447
2689469980,24446
1654696819,24440
1734677610,24439
4206315105,24436
1593845985,24421
3869755721,24417
1649442925,24416,26555
3732497638,24404,25611,27855
1163373403,24397,28207
483862541,24395,25169
3231876916,24387
2270191143,24381,29435
2285590762,24379
1224514263,24371
4118635597,24367
1427771651,24354
3988133190,24353
200616471,29157
234522685,24352
3643536952,24329
1106907648,24326
2246510927,24318
1242254615,24305
1531771479,24282
1013943659,24274
1479029563,24268
101140041,24266
2568425391,24265,25523
1969517625,24256
1233435725,24251
940926524,24249
3924444251,24203
2138522296,24196
1858139261,24184
4096372055,24182
1910528973,24179
1706979316,24167
3081806777,27499
2058065327,24164
413350249,24162,27751,29861
1887135981,24145
4046669160,24143
1636170356,24139
802894381,24138
609040680,24134
3923649013,24125
440096034,24111
2789186577,24104
1206239775,24098
477248688,24094
2000198776,24089
3943294952,24087
2210532283,24061
3441651620,24060
3018497936,24044
114177053,24021
755676132,24016,27857
1474524696,23993
1053189318,23991
573308578,23989
2978931170,23964
4015070187,26581
458143820,23932
4060876750,23931
4259685036,23930
2924405850,23928
2730865792,23924,29348
4182758433,23919
655141335,23913
748569596,23911,27020,28808
1950527282,23906
3920621263,23905,24112,29182
687103393,23904
1859793418,23903
4058141559,24880,29122
1388200722,23902
2405147659,23882,29865
2868130002,23881
2122009985,23880
742876568,23879
336943339,23867,26285
237494711,23852
2663195602,23826
475707813,23825
2947895160,23818
1024375627,23806
565212669,23774
134087685,23752
3178262495,23751,28513
2281953809,23746
3746471044,23722
2464394609,23710
3816181232,23706
264132195,23695
1967334327,23684
831096636,23645
3619913194,23611
3620093263,23610
459693534,23649
2605476178,23609
4016157568,23607
2279579115,23602
1411562917,23598
3500236623,23597
3800629646,23571
2652814468,23570
453605371,23569
3067255637,23568
3972089224,23567
803752623,23553,28099
2495720911,23549,23699
2741194360,23534
4024379455,23532
3856421883,23509
129123509,23503
3620261782,23502
279086106,27192
1128502317,23495
3404667574,23476
674503952,23475,28087
4208464535,23459
771909638,23457,25070
3653183001,23456,25069,25533
1479642055,23445
2986373985,23426,24933
3347547563,23420
715676480,23409
145663217,23406
3748547294,23383,25548,25637
1385186668,23382,25776
2956305487,23372
454784769,23352
3247703496,23340
2852611347,23323
630373297,23322
287899018,28406
3603253250,23293
4017663109,23288
46759518,24634
4182842065,23287
856707539,23273
3347606134,23255
543234593,23252
1979840738,23240
1270903463,23239
3878247780,25477
2043803355,23237
924613904,23236
4041912010,23234
1631848772,26411
603827273,23229
995300131,23203
2965146159,23196
1343562059,23194
1193887576,23159
377647587,28594
78057010,23136,28284
2892528172,23135
522056620,23133,25308
1121023346,23113
2036864720,23111,27031
241722708,23099
206911571,23054
3839100831,23052
1030495357,23047
3004157836,23045
2002749160,23044
3540963485,26712
2116002787,23030
2597893045,23029
2948865995,23027
2269097310,23014,23956
2193155567,27600
1750344011,22993
1207268251,22984
2629087028,22982
2670420436,22981
1836620448,22959
1452296843,22958
3535722389,22949,27791
1612273111,23308
2212906654,22945
3539446015,22926
3937931998,22919
2886873852,22913
267320392,22889
699746896,22885
1734997651,23711
501623771,22880
484945086,22879,27282
155713966,26857
4060429660,22860,29848
1810480155,22859
843271792,22854
1596669257,22843
2156754335,22825
3694635149,22798
401628168,22796
350692831,22791
2820386507,22790
3534722975,22789
3505754930,22785,24897
1222805741,22764,24597,28030
2157188423,22763,24596,26664
871766339,22745
298973101,22732
2743717453,22729
4290618843,22728
1339300671,22727
1896327911,22706
2930154999,22705
1876580969,22704
1919529229,22688
3993452607,22684
589304507,28260,29109
2077219199,22683
405173966,28252
1421666324,22681
1813890715,22680
957645554,22676
3747263247,23659
3774717255,22674
2714132769,22671
3341198767,22669
828443063,22662,29561
2205874083,22661,29560
1268865347,22656
2577311452,22619
3301074602,22617
3554154798,22616
983687374,29171
2512166134,22604
592466850,22591
2735963014,22583
2637289436,28635
3168850957,22568
715421223,28285
31834418,22528
704343337,22500
2950978288,22497
3131580940,22495
296864727,22477
1562716532,22459
1601692384,22452
112925781,22450
175870744,22446
959829305,22442
3040747400,22408
642915851,22405,26168,26577
3693822840,22404,26167,26576,26589,26647
2278230890,22378
630279223,22376
4170763554,22372
2873420013,22366
2948851985,22363
4227882461,22346
1685667165,25972
2779830202,22323,29247
658401449,22309
1278925631,22291
2637489949,22287
900489796,22284,27561
360062099,22264
715760531,22262
170337561,22260
954700402,22259
336950750,26829
1181829852,22256
1980958215,22244,25125
1525301942,22242
3986283666,22241,22596
3319307131,22240,22595
3040698138,22225
1706585518,22223
3847104557,22220
3198024032,22218
1452153581,22209
2353624745,22208
1537702285,22197,26361,28189
1454432190,23572
3679993405,22196,28188
1501120782,22181
196126176,22179
518848468,22177
591783565,22175
60681674,22170,22869
1168704261,22160
3393027207,22123
3644383164,22119
403348154,22115
1783428895,22114
1341917594,22102
1817212781,22071
144587911,22070
1318877997,22044
1922922228,22043
2261913156,22027
1423052598,22023
336244893,22014
232573445,22002
1869827134,22001
643024616,21999
4143259163,21998
2887250014,21995,24114
748499272,21994
1591985025,22239,22594
2788972062,21989
3026718837,21975
3812361597,23889
2172267385,21974
1060766933,28450,28757
4251922626,21973
2426733494,26628,29189
114350264,21972
1062399366,21969
2183185352,21963
504312573,21960,24464
4053433471,21924
2126141488,21923
2558433798,21907,24768
2037261724,21899
1602492902,21885
3967421107,21880
1639817599,28584
3635939911,21870
719680219,21867
2597014814,27269
1004052553,21866
4031027733,21854
2541196194,21853
3087302862,21851
3169236168,21850,23221
226242041,21840
2525462292,21839
2669348695,21838
2304724787,21835
3983087526,21833
351427728,21791
2648259830,28515
1263901759,21774,27374,29131
1367983902,21761
656328243,21758
616326297,21734
735023828,21731
641394976,21729
3098542132,21717
3226336479,21714
3535643681,21695
3261734123,21694
1258517847,21693
2767759564,29630
3376477644,21692
2268302558,21691
4013328631,21690
3580090663,21681
4203025292,21668
770255958,21666,21987,22608
3374985539,21656
1560249287,21655
3600311287,21648
913405676,21640
3112982448,21639
2708690780,21638
3685139210,21636
2329815659,21633
3823570004,21631
2554082753,21629,21670
4120022029,28311
3848026843,21627
894548991,21620
908061459,23494
103155187,21580,23693
2779476766,21579
1820781027,21577
4235050378,21573,27811,28237
3073597779,21568
1575421319,21545
4038435204,21544
3440890465,21524,25925,28597
2215786873,21509
3023367880,21502
3419228991,25914
2616649112,21493
3798175868,23393
4130207417,21488
2223362671,21473
3702076803,25186
4208086560,21471
1945448524,21449
2801077142,21424
2546300128,21423,26365
3244746103,21392
2083971012,21377,26597
1424113918,21375,23965,26450
306506927,21372
480282711,21340
344137193,21335,24548,28701
3092291617,21323
3447126834,21302
3206167105,21299,29736
3311339438,21285
4070439952,21269
1054164679,21265
706847056,29383,29867
3527746378,21264
2611902542,21263
246148742,21262
3379143622,21251
3433602971,21249
1507810879,21246
1826596357,22678,26673
2133808763,21232
2244334809,21224,22332
1175816046,21212,28009
2349685951,21206
2715688364,21205
2082295783,21200
2089372269,21199
97281001,21197
649307112,21195
4278975155,21191,29674
1759930406,21171
4247037582,21168
441313440,25595
619224666,21167
2758882016,21165
3088970908,21151
3073798802,21150
3475883394,21149
527240433,21147
3307820064,21138
653563891,21136
2645991788,21132
295104122,21127,22003
1672743825,24763
3591144046,21118
839681450,21106
1652687675,21101
1993233278,21100
1142989088,21099
790229008,21097,26650
409199944,21096,22213
2712778642,28841
2827543079,21087
3459856684,21084
1953729164,21081
2230809147,21049
2740722405,21030
3864671310,21025
1436037577,21019
129469265,21009
922976041,21008
113566888,20989
567479317,20965,21767
2552421956,20941
2356167,20934
3338308601,20907
1675600868,20899,21001
162320847,20898,21000,22345
3517363953,20892
589287310,20867
1758198306,20859
3125835096,20858
2584515129,24055,26079
3726735533,20855,21122
298385173,28845
906306367,20850,23896,24673
3605396073,20847,24308
170875942,20843
3414034463,20839
4203367906,20837
2701171244,20828,24283
3431159590,20825,29690
1642880081,20819,24915
2932790775,24041,25731
2012773035,20817
49339097,20795
752137762,20787
3526742034,20785
612389604,20770
3737746988,20754
707155554,27024
1098645081,20736
2212104600,20735,25095
1248214376,20734
3371293847,29419
1211938435,20719
2328289280,20717
3209652398,20714,27802
4161849980,20891
4255921087,20713,25454
3113834525,20706
3128968536,28716
3798596983,20704
3782448471,20697
194553484,20688
1637791284,29584
2271547008,20687
2415218507,20686
1301254508,20666
1147185519,20665
1195039002,20663
3161662019,20662
1134304114,20642
2542107436,20638
1868366774,20623
3098100857,23934,29361
2956460797,20613
2950171242,20609,20863,23948,24467,25769
2811473147,20593,23513,24521,24693,24879
1888294840,20569,23285
3837504819,20563
2455764699,20562,22888
3054824076,20554
2082546687,20547,23391,27440
4000790976,20543
2313596009,27532
830822517,20540,27640,27880,29526
1622219365,20532,26089
4078264199,20508
4206768973,20500
2242695056,26410,28315
2664324868,23225
3414104623,20492
2113255648,27182,29758
2164603383,20481
2999577671,20470
2386482428,20462
2876672162,20457
2524848668,20454
361105970,20451
1059961235,20450,24500,25924
2612365935,20437
3379373313,27187
2648191849,20432,27515
781571872,20431
326395706,20430
2068507615,20429
494671686,20426,28202
544723513,20422
396699473,20419,22035
1491499924,20396
1286595669,20383,29566
4256703186,20379
1188928205,20376
108125090,20367
1697496841,20361,27290
3821240005,20358
3387941869,20356
2218718073,20347
3065224452,20331
3829251579,20329,27372
3307906109,20306
3091300093,20295,20409
1264079136,20291
2131078204,20282
2262514975,20269
2816723561,25653
3992464589,20268
2360239351,25562
2370380368,20265
1806763892,20264,27536
2760664059,20256
2371100759,20252
2461652330,20244,22766,27463,29236
1865424438,20229
3418002774,20225
1479964651,20224
3650440422,20215
4131990888,20196,27676
4276887120,20188,25162,27867
908702965,20126,26734,27336
418611094,20098,25873
3235031816,20085
3494591903,26414
1969660571,20080
3585540919,20076,20550
2702431062,20073
3466372180,20071
2233556213,20029
1712649368,21869,25391,26610
338072430,20026
67841050,20024
4128796516,19983
1436281609,25126
698390879,19978
2781594422,19972
3301280455,19971
3894328796,19970
1317127657,19969
1559752644,19967
3946515964,19957
745377769,19941
1045813984,19937
3638463566,19936
2430849385,19909
1520103112,19899
2058593472,19880,21073
1240836105,19876
1005241808,19864
325063944,20425
1070563650,19863
4141722899,19861
3842793799,19860
73219794,19829,20796
3717517253,29040
3439172685,19822
2619391295,19804,23845
521317891,25506
3951462266,19799
991113465,19798
1794378916,19797
108734363,19794
497849304,19792
3710656970,23557
1428863880,19791
622326849,28820
3833057661,20949
3394191976,19786
3314893776,22180
2721625002,19777
2853589165,19776
3954309674,19762
166768561,19753
4288824169,19752
2453593844,19741
3582269889,19740
4118201960,19709
3122403236,19705
3196140622,19704,24133
2260715973,21407
894660574,19694
293443572,19693
2501700395,19684
2386599897,19648
1004191341,19635
2118103290,21637
45672717,19632
1593354800,19622,20720
1061581135,28826
399535958,19608
1764559255,19602,28145
3227722683,22024
878567020,19597
3373858400,23490
204629925,19589
3683326021,29648
2164936866,19588
1595217340,27350
277129337,19587
2080769640,19576,21900,25325
2236444614,19565,20067
2536220000,19564,20066
1127249600,19563,20065,28400
2766141714,19562
2326306160,19561,21117
262514178,19532
2482834697,19527,23349,27716
3611667540,19525
1859149482,19515
2022330428,19507
3466107808,19506
382862653,19493
3856048417,19477,20866
677012046,19462
918615036,19458
3190063655,19455
3063148699,19447
3088039445,19446
1220367108,25655
2125873811,19444,27800
987871009,19443
2449263494,21489
743194833,19436,29062
1422406136,27577
221871671,19423,25915
866667079,19405
1354218745,19403
1556813887,19397,21202
162053045,19396
473848377,19395
1463914203,25187
2514145686,19387,20625
2538797884,19374
4092949039,22925
1587809368,19373
2358619498,19362
2250325143,19353
1083378852,19352
3295167563,27427
3353443065,19341
1881614438,19325
2522684347,19313
821296563,19299,19647
4033556008,28230,28550
1098817665,19296
275572287,19286,23829
562970924,19271,20870,28084
3270490686,28312
3191907444,19267
869973633,19263
3786830191,19254
3835011916,19251,26760,29827
2713853668,19221
4209726361,19214,28722,28890
3431687314,19212,25313,28720
1635816713,25682
2584149612,19211
2077514152,19177
2622164934,19175
3198838271,19158
1503309477,19152
3881862402,19151,28703
2206428054,19149
4056854381,19146
3144825419,19145
2771815040,19143
315544239,19121
4174704137,19118
2266252811,19106,25247,27160,27189
271770341,19094
1733491117,23966,24893
233918754,19061
2421404765,19059
2457296896,19026,26189
2051330238,24857
4195737611,19022
2613313450,19018,22317
4122924099,19013
1422712434,19011
1714969951,19000
2951300420,18994
763559521,18991,27930
1734066846,18988
575228333,18979
2483485689,18975
2607759333,27383
3841505950,18958,26692,28339
4043742158,18957
3951365571,18956
1565893288,18923
894071865,18898
500846954,18874
3066793798,18860,28223
3211427987,18835,19093
2762486530,19377
2325574501,18833
182401705,26592
1363733788,18825,25196
368779546,25317
3023026870,18811
1212128145,19210
14999725,18807
1488352443,18798
76114106,18776
1038426937,18753,20323
1599188960,18752
2133676150,18751
567882953,18749
2353457150,18745,18927
2534543005,18744,18926
3351810147,18743
474767548,18740
2484406860,18738
2762892506,18734,27284
267755585,25726,26802
2669492871,18719,23633
2916952335,18709
3045687681,18706,19178
1478631797,18691
3636915647,19243
2739866218,18690
1889068182,18689
3269304324,18688
1364934278,26543
23826552,18687
770128960,23811
3529783737,18684
2822211276,18672,26204,26288
2392680525,18661
3447478129,18652
156072350,23560,24226,29609
384135982,18649
2498536038,18639
751513512,18637
1715539859,18636
2488498556,18635
632170944,20320
1455020004,18602
3462208288,18596
1293749468,18594,23201
471002449,18593
2552889056,18579
530522369,18563,25144
4068780638,18539
126118827,18524
569801402,18523
3226719377,18521
4047521023,27668,28849
1414134118,18505
982943439,18504
599440253,18503,28629
1393280276,18502,22377,27257
1948158012,18501,27256
548695836,18497
264954555,18495
2916768507,18493
2304092856,26606
446718679,18489,22282
731299949,18482
2719632788,21922
3110453959,18481
1457330411,18476
4056864196,18464,25968
788474259,18457
1449586633,18454,21654
737469284,22441
683679479,18449
3048743543,18447
2381577208,18440
522777839,18439
981791769,18435
3317216814,27739
4013746590,18434,21735
924962759,18424
144177916,18413
4232597875,18395
1464896457,18388,25275
1386753892,18384
863507824,18380,22519
3228283387,18355,22845,25484
2573154286,18615
1658072098,18354,22288
1877219890,18353
741080000,18351,21727
4248372405,18348
1189536906,18347
2029920102,18342
2116310389,18322,24635
1494963309,19060
324839042,18320,21756
497597861,18319,21755
3077439182,19265
2601531151,18308
2403336775,18293
704931383,25560,28801
3100344993,18290
332969937,26193
3480091252,23817
613075366,18289
2222719206,18286
1634165413,18274
250210370,18273
971822254,19888
2621119214,18261
1943247107,18259
686793161,19242
3219104074,18258,28096
20832906,18257,28095
3632751916,18256,27443
3535168415,18255,27442
2162020879,18240
1278821447,21716,29703
913179303,18239
4192175841,18238
2630338122,18228
56471069,18226
3976784250,18214
4153872126,18211,23012,25214
2013070621,18210
3701709779,18198,25063
1826037240,26792
3880383642,18186
3594384444,18177
4067643505,18176
4262317703,18171
2483839069,26986
2954670165,18359
2845715284,18170
98248900,18169
1596555425,18168
2251446245,18167
296696302,18166
304511005,18165
681696952,18160
1110304892,18158
698963772,18143
2459352274,18113
1620420588,18475
2634625112,18112
3889192068,18910,20373,23134
2029465792,18111
1399117552,18097
3771378336,18093
3853749622,18092,21806,22553,22658,27052,27918,28000
1654091806,18091,27917
491726330,18090
3399988623,18088,20359
567673302,24866
2011283703,18086
273983009,18080,27022
2421153489,18078,20659,24202
1738485337,20539
2649711625,18064,18531,19511,23768,26354
1217921372,18057
2011585370,18054
1299415006,18052
3435829610,18045
361389137,18042,27746
459383454,18038
739351757,18031
4218620270,18030,20696,23032
344789634,18029,20695
1449134454,28329,28469
721359035,18014
1931365081,25037,27033
3626393015,18008,24713,28466
3143423649,17984
954333696,17978
1407816401,17977
1037527032,17968
2885539504,17966
3090225918,17965
3115791,17946
248205998,17926,21990,23974,26021
3857491392,17925,23973,26020,26540
3342414571,17920,20680,22643,23423,27027
1825992065,17911,19234
3950030145,29382
814219470,17907
530160035,23444
1247395994,17893
590987319,17892,28437
2244253840,17890
3387260999,17880,21841
2993651339,17878
2105807538,17877
2498343576,17876,21295
2626596291,17873
3334803809,17869
1530851123,29771
3100536601,17864,18804
1624525744,17858
1247199501,17846
3094231055,21300,29737
2526604016,17835
3138062142,17809,18400,23471
601391027,24765
1331878429,17798
470427895,17792
2485023444,21234
4095967052,17791
1916234366,24130,26340
3939617891,17783,23410
392119613,17782
170960653,18012
1422727176,17774
4077834417,17768
1002673537,17757,19545,26027
982195133,17751,22623
147277281,17741
1069451027,17737,29624
2253116215,22440
3053164053,17721
2150253855,17719
2081716111,17714
1772562362,17712
4093690547,17698,23197
4127211323,17695,20823
1708748727,17690
1422827728,17689
3169983461,17683,27201
290460821,17671
778183195,17659
1718235450,27605
2038069502,17657
460120321,17643
1619523931,17628,19005,22781
4215323658,17618
315087792,17611
787578943,17610
2700335430,17609
2853631887,17608
961932368,17592,18889,25908
3934178045,27910
1685275782,21486,25172,25440
3654188293,17566
284930211,17564
70729910,17558,25534
3119164992,17555
854208689,22042
358352802,17544
264853722,17537
1689287565,17526
3016181749,17525
2850920051,17494,20449,22960,25923
1806578887,17481,18127
699165549,17477
3003677742,17475
2488245520,17461,28704
3037728815,17460
1702346436,17454
3415396884,17451
2362927582,24163,27752
3248435017,17450
2017919685,17447
3146213114,18159
1226347651,17446
384412078,17438
35999746,17437
639898528,17428,18713,25531,28706,29169,29228
2743354998,25568
2925996128,17426
1885932280,17425,27620
2353181572,17424,23779
1018492678,17422
2487935124,17413
1028287750,17410
2100362681,17406
2935215835,17403,28313
2048235046,17398,19815
2272689605,25956
1242842980,17397
1805709091,17396,25814
2632760667,17395
336989739,17368,17703
2889430948,17367
2520000560,17340
2634369798,21754
2886198627,17339
888504735,18601
3573740642,17332
2981096435,17834
1237599838,17329
4214898923,17324,18083
2613863207,17308,22478,27905
4233048921,17285
643693135,17272
243857172,17268
3501020377,21609
1491659475,17259
4264367308,17258
3981575651,17249
1302168024,17244
3903550600,17239
792108315,17237
1218101674,17236
780234863,17233
765291351,17541
4066160252,17219,22065
1268792898,17212
3146452355,17202,17493
2383273405,17178
489177111,27614
1690752669,17170
916701895,22159
1386710399,17167
3106561190,18728
703037337,17166
2093986228,17165
2331708817,17157,24168,27492
2033028905,17150
1537686885,17138
64123289,17135
3250076084,17134
1325152683,17127
2652163434,17118
4129554638,17116
4065661088,17104,29323
2005057375,17101,29320
1932346916,17100,29319
1605652483,17095
4269762153,17093
3868602396,17092,17718
198680131,17070
3923559891,17455,21298
1335801136,17069
2663371186,17068
3005638519,17067
3487933471,22664,26660
92556461,17066
2026428758,17064,23109,23467,26620
3113832262,29243
1319900493,17156,27491
3063654150,17053
2080996849,17042
3450705855,17040
3744028737,17031
2785064005,25717
1525817036,17029
1100830483,17028
3313536029,17022,29669
246656915,21353
3283383813,17014
3227085065,28378
1378900783,17005
386467967,24781,25410
3626349383,17003
4052637034,16998
1555022387,16997,23678
4041327941,16996
3841937744,16995
3412474797,16981
3226386676,16972
1076632608,17078
3266179717,16958
1470859954,16957,21906
901083629,16956
1088647582,16950,21644
3628789234,16946,23641
1335553122,19295,20793,29591
142589074,16943,18104
493367824,16942
1200707244,16940
3037210681,16938
1668468273,16929
883797964,16928,23508
625652060,16922,21011,27507
3612816879,16918,17839,21336
3651287438,16916,27034
486083905,16902
1082705845,16899,22648,27378
455557995,16885
1510029652,16882,23704,24240,27054
4291598075,16881,23703,24239
1177897166,16825
3559072522,16791,25425,25875
791632347,16789
3917596933,23381
1312525187,16785
2788410997,16777,17951
420114245,16762,23375
2667638372,16744
412886703,16743,17875,20467
2900316210,16740,17641,27183,28873
2317700417,25832
2097759881,16733
3364425696,16731
2920079589,16727
1313251264,16720
1517170578,16719,25366
1049509903,16710,18570,28112,28942
1994037460,16706
3937629973,16701
2212859576,16697,26386
589377296,16695
4063335360,16694
4014284742,18525
3283206102,16691
805662036,16672,19976
688227381,16669
2419582170,16663
4062516417,16662
2589417142,16654
2156177298,16651
745468148,18613,23759
2122332920,16650,21156,26799
956958760,16644
1553420119,16642
3637013021,16636,17186,28297
4028974058,16635,28296
2929745380,24103
2515056188,16632
2212705573,16621,29406
649236159,18417
937271889,16620,24366,29405
1061954179,16600
395658529,24232,27098
2683261175,16587,18735,27285
3429119788,19255
2141030687,17546,26938,29750
3287325492,16578
592758155,16555
283952545,16532
2221868210,16531
591217727,27669
2884899842,25922
1511775293,16521
64412935,23836
3673278275,16519,21763
1947984293,19982
4180074832,16517
3617973187,16507
1186207252,16503,17597
2563075625,16498,23832,23900
695904066,27099
3046653501,16497,23831,23899
3481999305,16496
3199154499,16490
3361673556,27133,27379
3448058569,19649
3812762444,16477,19223
4164470601,28283
247608822,16473
3645345399,16471
2539294359,16464
2676970984,28987,28990
660001106,16462
1473595169,28739
1820857523,16460
3954832236,16453
2581454778,16452
3056050179,16450
4074354289,16437
1964649497,16428,22928,29773,29857
2148016467,16427,22927,29856
3265544153,16426,27909,29855
2096364325,16424
1349801263,16423
4255074610,16422
3950260582,24796
3919323411,16409
2159431869,16388
3511500513,16384
327814599,16382
3673863822,16375,18249,22135
1758389985,16373
2493009261,16372
2567777877,16371
3061011952,16370
1067400756,16347
956892171,16345
4001824595,16342
1570086372,16338
3069049368,26894
2109650036,16324,25849,29587
2068737992,16294
4294407568,16293
3261421036,16290
3470530986,16814
2771803347,16289
239929761,16288
2950399845,28431
1234524345,16285
3141699082,16262
1492647025,16256,17988,19466
3183848905,16235,25297,26685
3544919393,16218
3137182274,16217
1755255624,27852
3266601335,16215
3897052696,16203,20302
599425176,16195,24884
1412688302,16192
2925430164,16190
3720711992,16180
3006053781,16173,25001
1455084751,16172
2987955075,18321
2557443840,16167,27419,27719
2481979727,16166,27418
3353787634,16137,19489
1176942970,16128
1996196641,17459
2828274155,16122,18048
1293347084,16121
2455544230,16117,20082
2842692104,25428,26699,29654
2439853378,16110
109342308,24917
2985715178,16105,16649
2639822371,16097
508451672,16096
1535414336,27677
214498673,16094
3294454778,16088
4056125258,25315,29457
55744685,16074
1367048893,16069,21187
2800261605,16052
1639205248,16045
1045798744,16021,16597,24191,26809
78345832,16014,27997
2432321446,23891
1509566017,16013,26309,26954,28552
1873117174,16011
3606008160,16008,29838
3670096361,16001,27754
2800762204,16000,18757
3732604396,20460,21396
727097435,15994
3934110614,15993
3914575466,15979,20131
3027420261,15974
3130084888,15959
4078051646,15958,26683
3024637539,15956
433375912,20175,23245
2024628724,15955
1767750593,15954,26911
1969095458,15953,29732
3574399884,15951
1229872086,15949
72892481,15948
1988408139,15938
3844143807,28741
3954692460,15935,23629,23982
3164245218,15932,23979,27627
309133828,15925
2948254119,15898
1420256446,15897,27382
4230335107,15892
4220664554,15888,29767
2397761303,15881,28443
2250794816,15876
799396609,15872
1080108501,15871,17103,17807,19186,21343,21832,21962,29125,29322
1187320897,26006
3998439086,15867,17910,18428,19233
2501710035,15861
305512257,15852
2165757251,15960
2183031683,15837,20375
3526443512,15836,18911,20374
288667682,29454
688074657,15835,24215,28324
2055700839,15825,17934,28964,29291
1720757452,28432
1508811482,16499,23833,23901
1281531883,15824,17933,28963
2622092761,15802,28380
2321195653,15772,18526
3941416196,15770
3516882285,15769
2315775293,15753,16174,22125,22448,25002,25290,26859
1934304693,15748
2994887907,15747,21326
3057909699,15740
3937916128,15736,28499
1822779879,15712,16708,18568,19378,26903
2418105821,15710,18566,25065
3668920691,15708
3638445686,15707
3625418922,15705
3100148009,21405
1408603238,15696
363625953,15689,20384,29567
1713132343,15688,25090
3850043743,20217
3259049950,15686
2864034221,15685
106952117,15682
3014157971,25602,27568
366735590,15678
413383510,15677
3339031263,27500
1436722998,17436,22413
2399348433,15672
1471800833,22554,22659
1107508254,15671
3257639567,15668,21697
3602263958,25151
998464659,15667
916238339,15666,17013
419520352,15643,23399
1952461023,21589
2706649357,15640,27911
1599542497,22307
1165805159,15631,18187
697854399,15630
602333623,29418
3540773630,24271
1244340973,15624
3069290861,15611,15652,18644,23296,25341,27141,29327
201234145,15599
2407398554,15598
1608582615,15597
3820577798,15596
3937976276,15595
2389141757,24183
2774808875,15584
1867906747,21794
3963138542,15565,23276
1622987295,15564,20366,23275
4119313737,15563,16652,20365
4186631157,29409
3565419961,15558,18253
2094738957,20606,25257
347180812,15538
3424501537,26125
2482775080,15537
3351562475,15536
2184389284,15531,26942
846140245,15530
2051931992,17944
1643489358,15521
1882244037,15519
2463067100,15512
245946398,17912
1796043904,15508
4171412871,15487
2033727432,15485,17076,27373,29130
2097325902,15480,23394
372450463,15479
2539377606,15477
2492018576,15476
4237305814,24218
197967798,15475,24102
3855655872,15474,24101
419181691,15473,24100
3052549975,15470
1877388403,15469,26751
4143643170,15464
3244457285,18044,29076
3606282088,15460
472525213,18673,26205
93143212,15449
3940872676,15447,16009,26139
907504673,15444,19284
3173191354,15422
2830676891,15420
1756285603,17935,29292
356439667,15415
743367115,15400,20263
2925070786,15397
2923135879,26800
4061230470,15391
1726318527,15390
3656029974,15388,26253
2208971458,15387,26252
115618584,15374,18025
3214070146,15368
2302776967,15367
3152536796,15366
2064139454,15355
1559725214,15353
3118439281,15352
2264354387,15351,25673
4166846403,15349
1938220276,15338
3603239125,15334
2758349381,18894
2090983062,15327,20258
3525116312,15326
1051764712,15320
2469814609,15319,18247
3822448115,15316,18244
381025767,15314
3768679079,15305
3055055502,15304
249788528,24210
2861685217,15287
294952423,19484
1334323121,15278
887630637,15275,17772
2620898586,22550
1460838218,15274,17771
421128479,15272
988257861,15271
745184651,15269,16402,16752,29714
394221071,15251
4032464934,15250
984696878,19871
923786511,15247,23126,26822
526006376,27519
4168790783,18396
1528051962,15243,20443
1061854371,15230
1576803462,15229
1160082906,15219
2028948217,19703
3443150954,15210
2859707796,15209,17906,23994
1457527060,15208,17905
2931408694,15206
1201053808,25485
1434438582,15205
3489141764,15181
2926092242,15180
1771884176,15178
4157910143,15174
270783461,15173
1216539334,15161,18998
1525323007,15157,28946,29810
1361058202,26565
1710222800,15156,24319
2069363346,15155,22118
2294329061,15154
2799625824,15153,24668,25583
226504533,15152,17039
2487443947,19634
437917420,15144
1301765705,15134,25269
1041693275,15133,23750
3334012417,25958
1304112421,15129
547113815,15122,20551
2078717898,15121
292038464,15120,17004,19904
1783601224,16516,24891
2355906755,15117
2820039929,17740
1738729892,15114,20964
4281529590,15289
3284728028,15104
3439675909,23369
2427463600,15103
201379518,18339
478554463,15101
1033081017,24317
2523926193,15094
4092120574,15085
2853672601,15084
2012383544,15082
3341382649,15074,16930
3177951747,15072
561906076,15069,16937,18545
1789579194,15067
2955374104,15063,22120
3386111889,15055
2895853623,15054
440661025,15048
442773190,15041,17836,26336,27528
2154758478,15030,23927,29351
2070701836,27214,27760
1924473255,15027
132517080,15022
2579556019,15015
2299259905,15014
3458651966,15011,17177
1221809607,15009,28300
4027264629,14985,20369,28846
3613372410,14968,15244
1482846802,14967
981654110,14963,17253,17786,20107,22700,24297,28353
1250299566,14957,17216,21020
86140107,21669
810329539,14951
1797547068,14946
4059721778,14943
1549655220,15295
1531378254,14935,17632
1526878441,14933,17630,19007,19160,22783
2523788839,14932,17629,19006,19159,22782
2634051213,14927,16746
468273298,14918
3226986633,21217
673288328,14917
1088157824,15232
1236417179,14914,21252
3186182116,14910,27352
2031104671,19116
1983060157,14909
1275604337,14907
2201227131,14905
2016835208,14873,19658
3259477580,16641
2392748378,14867
3549669498,14866
3238427654,14832
636308218,14826
4090159359,14824,15439,19628
343812484,14817,24585
3682575737,14815,23738,28539
3840802114,17697
185781651,14806,25893
3148605611,14804
2779063846,28936
3630472272,14802
1557286438,14776
1763829414,14763,15414,24150,24169
3362818252,27268
1882358300,14751
2307546553,14749
3753263933,14748
1863892860,28472
698228584,14747
3401212696,14743,18947,20407,24989,27395
2675341215,14735
2633707921,23547
4119990282,14718
847581068,29837
228889060,14715
1079507604,19702
1466999848,14714
4060525204,14710
1905645139,14703,18390,19479,25831
2969431032,14701,25829
303133116,14692,15217,19084
1407208542,14680
1783824623,16093,18423,20531,26088
1472447845,15634
565540165,14671
117158374,14667
1047016226,17565,29455
3974209858,14664,19372,26480
3529010505,14659,15529
2243328667,22171
3149169548,14652
3658299515,14650
583132392,14641
2130817908,14635
1462603594,14634
2392631656,22453
1692490187,14633
240178635,14632
3071067715,14631
2827824133,14630,27928
3642443805,14621,14653
558242569,14618
2112007918,14614
256521552,14613
2784121602,14604
1414136412,14599,27241
2338899551,14598,27240
1007503091,14597,27239
3962903392,25112
721325380,14581
3472620474,14580,20933
4256030628,14577
3640809791,14576
2653091522,14575
507499190,14573
248091878,14568
281851598,14567,17435
3612674407,14566,17434,27993
2789117801,14562
1020963365,14561
1974015341,17569,18082,29024
1966624866,14558,14777
1120266826,14557
2648515815,18292
3509088430,14539,20389
3337816888,27704,29092
1981491210,27070
989689465,18646
706820641,14538,20388
3655481059,25741
3806825134,14537
2942373889,14534,16469,26487
2767749796,14533
4216151201,14529,17511,20009
2152059272,14522
91265121,14514
3674812328,14512
1551007807,18338
2852579705,14509,21278
3060714698,14508,25452
3355892541,23952
2875203194,14497
1756334319,14490
97377590,14486,18864
1657044503,14479,19613,22028,22324,25899,29248
3688907997,14478,19612,25898
1594983890,14474,16755,18486
2993004438,14470
1703572278,14468
2444250193,14467
3865345969,14458
2881477668,14451,14949,27271
801179719,14433,17201,17492
2813381655,14428
720653457,14427,14687
3930961071,14426
605908969,14417
490495727,19620
75960771,14416
3636424533,14409
2136732414,14408,16495
3364834257,14394,14446,20035
2626994750,14392,16924
876073885,14391,20925
3007189836,14390,20924
66453166,21215
3276142885,14388
3442109867,14386
20298962,14370,22275,24429
3456502257,23447
480145900,14358
509130337,14354
4080067270,14353,17316
404669440,14352,17315
4113173617,14351,17314
2178297782,14350,19441
1333788012,14346
2869214514,14345,28512
1914858154,14344
3871304170,14336
3713269296,14325,28518
1541393435,14323,28516
1175915852,14321
1392884458,14319
1894664091,14318
2466093565,14307,15003,18465
1525357036,14295
2052324606,24855
671668199,14290
4054778724,14288
3636386466,14281
2476820414,29621
2409663489,14280
2789284445,18748
4112115205,14279
640870441,14278,24994
2604269878,24144
160066280,14255,14696
2945526833,14254,14695,15132,17854,19926,23749
2683143048,14252,17852,18043,20792,22165,29590
2367437593,27053
51172757,21699
1112033671,14243,18732,25394
2197932651,14232
2115099205,14231
2898358656,14230,21657
1583972799,14224,14312,24573,28456
1715835976,15096
1338626132,14944
2195034375,14223,18136,21058
1252092597,14217
1997439758,14216
3620803356,18897
1737440413,14210,15313
3461602571,14209
612791359,14208,17580
2247376912,14199,20110
1740863513,16786
3176749261,14184,16202,26941
1336567481,14173,19259,24078
1196177353,14169
3599919821,14165
479961910,14164,22660,29784
1771509074,14161,19179
2884659746,18891
291682673,14146
1166667044,14131
3730511298,14100
3394412875,14097,20250
4105530051,14091
1861994659,14090
1864826837,14069,19540,28578
4150881458,26869
1521067687,14058
2004743975,14049,27555
903379108,14046,20835
2669991757,14032,16582
87864604,28751
193799030,14024
67194108,14021
1851131782,13996,15241,23160
1367004221,13995,15240,26425
3273324182,29459
1295877279,22920
4292824142,15803,28381
1831963056,13984
3778143093,14894
2655703456,13982
2651236750,13981
2541156003,13979
2302639498,17214,25015
316439702,13978
1587903715,13967
3000223110,13960
2114850961,13959
270625657,13952
1602876526,13951
2058543224,13946,21279
2602135367,13940
206066856,13935,15264
2132109536,27839
194596904,13931
1278713709,13927,20518,22841
1480067492,13926,20517,21464,22840
426157954,13916
4090418340,13910,23650
4294446736,13909
4126408220,17720
379900103,13903
632165331,13902
2231778942,13879,16920
977645373,13876,29541
943611027,13872
1700632439,13868,15090,15636
467178651,13857,20820
3936430615,13832,28481
1151068682,13828
2553025977,14569
2758841066,13827
2733558681,13826
2127530695,13823
911373110,13816
1872780540,13815
798782958,27063,28880
2060561968,13814
491119460,13812
326890954,13798
820292604,13782
3077992842,13780
666697625,24532,29176
3804423397,13779
623227778,13777
2717149722,13776,19902
3012064445,19043
315710693,13772,25747,26211
162651683,13771
2932639570,13770
2989820745,13767,18340
4185994425,13765
3255422057,27134,27380
1445346920,13761,21390
3548389330,13760,25059
184199503,13758,14094,28912
520157521,13750,22228
2732974978,26826
3056960549,13749,22227
2643134501,17696
2169295803,13746,19619
538721026,13733
1329953836,13720,27645
2861214787,13707
2438086503,13704
3664804208,13680
3249328772,25337
422838395,13665
2965640934,13664
2447261675,13661
3864358165,24022
215584260,13654,19651
550668252,22492
3703354916,18546
973634776,13651
2851601301,13649,15893,26279
3258688870,13648,26278
3363797623,18107
2281896348,13646,23131
3436892955,13628,24337
3323698460,13606
304089922,29479
4233894672,13605
3950194174,13601,25564
1731156819,13600,25563
2920035633,13599
3105156410,25556,27218
4175348602,20631
2690120187,13598
3585157830,13578,19154
3042981413,21775
4114883054,13576,17266,18130
507752455,13575,17265,18129
2126506878,13573
4010908084,13572,17131,21925
2578879183,21684
2059489453,13567
2162148541,13566
1999322225,13564,14941,16571,18908,28625
1269554377,13543,18612,19490,23758,26997
891245040,13539,19326
1032575640,13529,17149,28125
2404263030,24441
2755124224,13528,17148
3928741806,13527
4195928567,16772,21433
4271221441,13525,15310
2731120916,13518
1696025979,22398
2788723774,13516
92290781,13505
3103627467,13503
3077433217,28831
2036443041,13502
1034281028,23214
857719367,13501
326355110,13498
3726706364,13496,15385
772699604,13489
1900489733,13486
1694712574,13485
4209936302,25066
2925317511,13581
3911245435,13482
1451544338,15020,17139
1259366282,13900,16900,19130,22649,27396
2418899677,13479
3045280659,13471
925988011,13469
3552569477,13468
1475060892,28305
4194228719,13466
4146270984,13462
2773236569,29342
26511910,13460,18473,20815,24434
1935195263,13458
3087672877,15939
1756423402,13457
3674203706,21189
2728081523,18471,20223
4204659869,13455
992752773,29458
894016027,13454
448668388,13452
3986666196,13446,24423
2436264814,13441
451224128,13429,18013
399739339,13428
1039400656,13427
3029804520,16723
805567164,13425,25798
302982459,13422,18263
369417234,13420
2612306041,25709
3588028683,13419
100161268,13414,17635
1506372776,24455
3376638512,13399
1007854765,13398
1260048786,13386,17250
1751351753,13378
2956836447,13377
932616118,13376
3959573758,13374
3601499407,13373
2694626725,13372
2381852727,13371
3659913842,13370
4233762022,13369
1395096488,13362,16220,20137,24963,27104
2473377763,23995
2152605442,13361,20136
1691799797,16123,18049
444814590,13360,20135
116093094,13358,13998
3131140186,13357,13997,15242,20442,23161
170654506,22590,23933
368397911,13350,22289
4138173402,26877
1018094799,13348,18780
4127065511,13347,18779
3591214648,13345
3597692797,13323,16877
1211076096,13321,13549,26086,28746
3456654619,13318,14403
2064303654,13308
2468234484,13304
2411808552,13303,13478,27186
396701625,13298,28451
662310978,13296
528912549,13295,13356,20441
3515206937,13294
2172798681,13293
1316857501,13290
3900689037,13285,13928,20519,22842
830933899,13284
1075392525,13283
550838973,23361
1114661524,14498
2279336119,14251,20791,22164
2436078454,13282
930607539,20641,23890,28404
2572128434,15629
1366491328,13276
1977272771,13401
3671658055,13271,29300
1062948089,26815
2635409815,13268
954500795,13267
982915931,13257,18676
1369096362,13256,16955,18675
2121058746,13251
1266126435,13249
2622113964,13483
3331856624,13248,29057
3312068904,13247,29056
1341529131,24753
1206302718,13246,29055
3507697292,13241,16361,17052,19482
1026728061,13235
2361802759,16463
1176152068,13234,16787
959218886,17542,28752,28825
3547928763,13232
1348894735,13231
793419534,21652
1377845444,13230,18287
3073776556,13213,15940
3317349130,13212
1064910356,13211,15004
1498348239,13209
3516371653,29563
3878466369,23600
2176305020,13195,17929,22834,23977
4098931014,13186
3841217671,13185
3818357998,23046
684629509,13183
1633716220,13182,13204,14990,15138,15735,17001,23822,25117,28498,28906
362655051,13181,28905
2644947588,28500
702306609,13180,27595,28652
3405467619,13162,25374
3718469198,13158,16209
310138156,13146,20541,20561,20908,22887
2879212870,13132
991523371,13126,17738
4031671531,13121,15483,21145,21789
3760151828,13112,20377,27535
1426244423,17161,25147
3418318040,13091
2921345420,13087,14559,14778,29020
2748556438,13085,28916
3751761112,13077,14702,25261,25830
1804677603,29306
164429155,22207,24715,28328,28468
1625892373,13071,27785
674255097,13070
2375354048,14472,25492
1348142288,13066
1617416395,13062
1496671158,13058,16050
94779380,13045
3051119873,13044
1883856815,13043
710413369,26484
362675454,13041
3839643670,13040
677978910,13032,22524,26639
3354204025,13013,18741,27609
2398957141,13012
19113924,19024
351762417,13009
2883397082,13005,18677,18882,24378
1461020794,25502
3334911076,13004
4161628257,13002
1453696195,22406,26169,26578
3420693609,13426
3552411153,12993
3443133952,20237,25361
4009784163,15389
2404971436,12977
1555178019,12973
1383406412,23997
1189133317,16693
1507232214,12971,13796,26475,28042
439977476,12970
476743159,12969
2758816317,12965
3893662959,12964,24449
710085194,12963,24448
1448693900,12961,15895
436619172,12960
3523727488,12959
3628252171,12957,13281
646443896,22386
1684683530,12952,21940
2636459627,27853
4276990841,19213,28721,28889
486371228,12947
1112491936,12927,20084
2743142441,12926,17530,20083
1906729522,16168,27720
3648632347,12924
234008939,19508
3719254125,12915
2224890347,12908,22412
2872459198,12900,13343,19560,21116,22358
1626663882,12894
3785562586,12890,22407
3227767236,12888,16124
2215452136,21872,24681
2443194443,12879,20588
3907503949,23362
3358038199,12876,18616
856211651,12875
3578062284,15582
4174184424,12871
3110329059,24804
3934013564,12863
2561044780,27544
3587845244,12854,21788
863269884,19097,24128
897176098,12850
299071411,12917,18415
2208037530,12848
1712352335,25555
1315644490,12847
1899713207,28937
2503791354,12840,29557
3141186428,12836,17851
2853013674,12831
330128109,19399
2308089132,12828,14240
2181661815,19437,29063
3057850825,16038
3137475160,12827,27116
2822074865,21634
1172238079,12823
4048164161,12822
1464741058,12797,12902
838682435,12796,12901
2183540741,12787,24876,26921,28044
2772175722,12774,24905
3318944535,12770
1400680055,12765,17318
4206091165,12764
2392500839,12762
525238367,12756,13622,29289
1924688443,12751
1123913908,12748,12807,22054,25538
2510011141,12744,15497
2660086773,22670
2438256846,12743,15496,15766
1045887041,12739,22556
3610665652,21472
3122187387,12737,19566
1667417150,12733
42872759,23242
2183449938,20479
3387030564,12730
160069277,12728
108332622,12725
948309440,26803
2526195132,15916,19055
1670789423,12723
1803514543,12722
1392873272,12710
4191552345,12708,19156
4210889956,12705
1106336144,12704,12750,14612
3306753799,29834
3946961729,12703,12749,14611,27552
858668426,12702,27551
1128477831,12701,27700
606453960,16757
4200512644,12700
3938559351,29607
1346070692,12696
2942715566,12695
1805812503,12674,15784,17034,21333,24534,25364
855577350,12673,25363
1579848786,23514,24522,24694
3789253780,12670,20507,22261
1474404523,12662
769736333,12661,13048,16257,17499,21362,27516
1983805626,12651,14721
3517353620,12647
3742371947,23698
324052332,12646
1376055930,12644,29689
4141609058,12638
4126394015,23200
1001199918,16991
663371666,12637
1678137898,12636
1946540515,12634
3863532691,12630
1042872499,12629
3335096288,12628
3723144982,12627
1268199006,22541,28244
10224484,21855
1019223543,12625
1622528752,23351,27718
3126573959,19814
3656053294,12590,13965
3396289025,24181
3202054489,12584
599466931,12578
3059473803,12572,16230,22847,23435
865045394,12560,18084,20471
1198329508,12555
2384880930,24259
1656475714,12554,21359,26159
1422835078,27877
3438044095,12546
1674357763,12521
2586634675,12510,19451,27075
1505312549,12509,19450,21658
3443276024,12505
872671023,24373
149664067,12504,16514,21065
3043227591,26348,26914,29200
244345458,12500,16510
3799436656,12492
1020311406,12761
2771404126,12672,21450
1417610489,12489,18271,26874
3510756010,20456
2935956997,12481,18483
3309575066,12469,15403
3320277881,12466,28262
3804075356,12463
2697171885,15398,20261,24990
2200699054,12461,27706
1676119876,12448
965286858,12447
937334945,14744
2283660989,12446
3471847160,28526,28601
2744110300,12441
3731199977,12427
32533857,12421,14769
2827780210,12417
58038542,12415
564896071,22471,26949
3655425627,12414
2989555910,12410,20177,23247,24588,29493
606370485,12407
2747882147,12395
998056457,12394,27571,28439
2723996502,23011
388439313,12392
1340393918,12383
2041174969,15293
1898352433,12374,19623
1778653968,12372
1987196241,12370,14637,15324,16155
1331945197,26442
1136386802,12367
1250266793,23510,28477
1418512563,15456
658167642,12366
342248784,26849
2808790896,12358
2345554594,12357,18682
2966828093,12345,24255
3231258545,12343
308634180,12335
1209283840,12334
2204572277,12329
1887232970,19431
1626625542,12327
1647455951,12319
611569031,12314,13111,27534
751705073,28097
1231417592,12307
1870307192,25960
714655403,24502
567501406,12297
2711366838,12289
2044893458,12286
3297016842,27936
2977722616,12285
2681436097,12282,19064,26222
4162479224,12275
3566721578,12267
314099912,12266
1301283937,12258,16494
3878374248,12255,16049,19304
1348832370,12246,24173,26515
946643829,12235,14286
2444047270,12195
1183941031,19956
1761786205,12162
118852526,12160,16233,23501,25295
2723065280,22707
1008719287,12158,16231,23499
2963067912,12157,17335,19391,21244
318774523,17328
3861652561,12155,25178,26398,29503
2156140714,12154,24264,25177,25522,29502
2050344315,12143,28851
3097004708,12140
1575289194,13274,20537
1273783520,12134,16687
833121997,29358
2395198499,12133,16686
1031266752,12132,17105,17921,23424,27028,29324
2418007441,12130,13075,27582
1522080982,12127,19323
745335719,12126,19322
2960246971,12125
2951531024,12123,12347,22746
3846669420,12122,12346
1722143697,12121
2273590281,20230,29104
1587137257,12119,23039,28659
2779845631,12118,28222,28658
705118976,12116,23631
1711213298,20072
3367579408,12114
3907273297,12113
1397931560,12110
3047842311,12108
162510736,12106,27837,28424
305549829,12098,15481,16059,22210
3094657262,17458
858106732,12096
1211850156,12094
4032399279,14891
3014891534,12093
4005472918,12088,17523
1413591624,17300,23330
2359546718,12085,13018,18033,24427,25500,26220,29083
2062608857,12049,13990,19785
2811393190,13008
1351729392,12048,13989,19784
3920426635,12043
278454956,14162,19180
2584064655,12042
2925596281,16730,21204
908600697,12037
219914291,12018
33583486,12017
4205133925,12009
3485622023,12008
135386484,14335
4005129165,12005
910798461,12004
624171092,29831
1047703148,12003
2401332805,12002
3435859232,11997
741889560,11996
2176454232,22271
4183848625,11993
81317761,11988
1092140191,11987
3261860048,25453
4219125782,11984,16020,16831,19552,26702
3784374732,11981,26990
2367862327,11972
590976117,11968
2323980863,11960
880459893,11959
4223902327,21608
677052712,11958
537997368,15978
2775794639,11957
141830433,11956
674136401,11950
133970711,17528,26666
1076095611,11937
1271204340,17684,27202
654118957,11927,26795
612523175,11921
1766916402,27479
3595255652,11914
472468053,17672
4094983279,11905
5408603,19398
1892010502,13459
1500598093,11889,29490
1573861800,11887
3165137139,22199
3253989928,15148
2829236837,11886
4191178269,21250
2354780188,11885,14411
3845526754,23117
4187442260,18881,24377
2997035959,11884,14410
2305019589,11880
1071563556,11879
1658905644,11878,26417
2349305386,24871,29080
2964617055,11877,26416
3548253879,11857,16807
2888540468,25480
539886072,23601
1802384850,11856,16806
3185049627,11855
2745043902,11853
3207989960,11831
3776826760,11827
2555305572,11825
1243285378,11824,13560
3841728531,11820
2142785826,27831
334150225,13510,28372
3805655554,11819
1388431298,11807,21292
2492437060,11806,21291
975901424,13569,27095
514016016,11780,13676,15878,27967,29362
4068637964,11777
2253361033,11770,20307
2723543559,11760,15737
581070858,11756,17473,22142,25161
1807540858,11753,23892
220341689,22992
248374082,11752
2731461636,11751,14320
846293752,12388,19089
1488892340,12190
4260628937,11750
1156850560,11749
2238505275,17456
1782378011,11747
2712890541,11745,25458
3839052220,17160
28831782,11742
3346097789,11740
810361556,11739,17075,18463,29129
48088764,11727
374832732,11724,11852,13945,21460
3020947392,15692
3840364701,11723,16029
2986663657,11720
3684765946,11719
79265435,11713
3430479120,11710,18096,29267
1966035745,14111
2332577599,13800
3539268651,11706,19688
1351102407,11701
3905845470,11700
677978448,13187
1127152239,11698,13702
2146889302,11696
709508846,11680
2759019321,11678
159435428,11675,26771,28616
991675988,25969,27913
2946437346,11670,21884
1078916184,11669,21883
821219814,11668,21882
1356460910,11667,17470
2421098087,13788
3978239037,11666,25479
4225362367,11665
3505308014,11653,25625
3029186792,26888
3601350940,11652
157170677,11648
1535939606,11647
3622925404,18964
1675593080,11646
3253184877,11645,12633
3464191200,11644,12632
1980312825,11639,13642,20194
2901670445,11625
2139429225,11624
2528338866,11623,19183
2825688349,11620,22426
1021877647,11616
1720142918,11610
1798033099,11609,21913,25527,27696
2221261733,11607
2044118126,11605,12995
2999187545,11599,14902
2223094802,11594,19453
48789974,27203,27527
334794930,11587,16171,26011
3134286267,24701
1402344517,12825
2914204348,11572,25575
3061968429,11562,25821
3765090088,11561
3113730933,11559,29192
972624831,11558,29191
353544129,11540,15814,16196,24885
832626025,12709,19157
3061271960,11538,15515,15812
3784031311,11537,15514,15811
4030092456,11536
299278816,11535
2183834907,11534,28236
4073196852,11531
3554289911,11702
257958119,11525
2407502584,11517
3590106111,29239
699286469,11515
3904355441,11507,15493,24785,27921
1884358367,11493
4234895673,11491
3866742747,11486,13669,22505
3516057584,26830
3064184663,11485,22504,22870
1628690611,12356
2231997578,11477
3390626693,11475
2891925126,15308
1953566155,11472,13451
446406088,11467
2107955348,11466
2967762107,11465
1275101375,11463,11925
3851222002,26828
3485746947,11458,15438,27961
2349733337,11456,12020,19386,21753,26841
1140500019,11453
2679437499,11449
3453924949,26517
1110206105,22124
3463744641,11439
2193391076,11436,25715
3358447793,21050
186661571,11435,25076
1866405474,11421
704640310,11418
2929421404,17269,24561
676560417,11414
284833069,14893
2421040228,14109,18452,21296
2334462420,11407
2103473363,11398,12714,12933,15409,15622,15987,19170,20781,23540
3378397225,16109
779070770,11388
2933627462,11375
3332636387,11374
2092225622,11353,12655,27671
3097201936,20464
1681212632,11351
963520657,11350
1394216635,29381
2727175559,25456
3466852856,11349
914122567,11346,27594
2022413728,11345,14795
3391155875,11338,14503,16057
1214745645,11317,12535
2217649825,16873
1712372689,11316,12534,15746,21325
2550427331,11312
497961047,27010
3302806972,11305,22639,25986
2626252088,11285
1750506039,15642,23398
3023917014,11276
1763378101,11255,13763
448782330,11245
2292304457,11242
1336066459,11241,14016
27902072,11231,11602,15891
2193337531,11229,24621
810874122,11228,27008
3134235849,11227
2355112898,11223,29787
2878812799,11221,29785
2152411219,11220
2653699395,11213,13205,23823,24066
1224250724,11210,29843
1423648476,19744
2053522594,15637,29330
2528428091,11201
3984340572,11198
1065297737,16107,21374
2570191242,11196
2529596294,21653
1587805572,11195
3250705704,11190
1643166495,11186
314518664,11184,26073
1864447170,11174,21564
3884743894,12437,20312,22779
1332099535,11173,21563
2152897224,11172,19918,21562
525828913,11170,19706,23127,26823
1815706344,16780,24861
1817981325,11167,14387
4245545774,15021,15675,17140,17675
2927933332,11165
2860263755,11164
2204978160,11162
1744061250,11159
2230916636,11156
2333611117,11490
250551113,11153,21196
1309485145,27699
1355665974,11152
1106687736,11148,23488
4050600071,11147,14665,15527,17487,18818
3329087168,27856
422599719,11146,15526,18817
2217958255,10511,11251,11344,14794,25267
3902947996,11127
1964452637,11123
3302260395,11118,22812,23265
433715083,17820
1662101999,11094
2918965789,11093,26406
362504137,3860
1707711970,11092
3944150894,889
1685939,11090
2445802871,10220,11012
3536559863,11088,11769
2058893917,11087,11768
123312539,11076
2509574461,11075
2810267836,25541,26010,28008
2788970415,24413,24721
23249022,11072
4026209042,21254
2113438435,17870
930435462,1773,15934,16451,21971,23981
2325165904,11071,19980
2752561177,11037
1535264658,11036,21748
1168965681,6832,17616
606544107,6219,16346,16454,25375
3001366479,11035,14340
638966746,17563
67470954,2011
879330699,11031,15554
2891194679,29734
164957702,1392,4194,4392,12060,14964,17787,20022,20711,21183,28033,28354
596857061,11018
1664426220,1927,2361,3552,6126,8583,21942
2471491796,11015
1172009775,11014
1740266155,27498
1131033955,11010,28767
3121185213,1010,1362,10919,15578,17401,19510,23767,27312
3411213158,3850
2598929264,10981
1478172455,7005,21834
3971667308,4776,15751
612741406,10971,13481,23496
12860262,5820,13099
3455523459,10970
157676595,10968,24032
787678254,23869
2591429715,17478
3054510452,7837,12778,15607,24961
2392259627,10967
804536514,1631,3055,3073,4213,21503,29388
299143701,4226
2958596490,10964
412239910,10959,23023
3430140649,5357,16343,20043,25994
712013915,6209,12221
3502708687,6508,11604
858435291,10940,15838,16134
2772456727,10931,19327
3975948771,24825
3201684051,13384,14706,15592,17296,23522,24922,26116
1469690889,10923
2450151189,10910,20296,20410
976647469,10908
2292558856,10902,12272,23853
621478792,10901,10975,14424
3167877710,10883
461366876,16207
3483377089,10882
779684314,10870,11844,11991,14432,17200,24642,25190,28269,28968
2440949514,24359
4080760960,12016
99145767,10846,11961,14583,16022,16598,26810,27727
1332079919,12818
1949036772,10845
1421157362,4142,7013,17255,24482
3258146681,10833
2527100303,20664
130118627,6222,16457
2460547469,10832,20387
3261641052,1205,27962
3141966769,10829
790531573,24425
2398326196,4780,11392,15996,22613,24391
2532742870,10826,13254,15580
1613612369,18010
2525018599,10814
3115464679,29041
2786029436,10809
3926919023,16965
3753891937,1545,25478
3853361304,3997
1651153990,10807,13064,16725
849944856,18087
1855088015,10805
191327501,10803,15860
3859307930,2421,7617,13143,15238,15545,16132,18541,21603,27342,27458
3729981044,4003,28824
12520707,10801
574094264,10797
2689283247,1062,1724,2177,3398,4439,7578,9876,10230,10692,12838,13387,14961,17251,18774,20105,21310,24687,27370,27748,29425
3515049938,6901,22753
575607397,10794
2136605318,437
1471848158,10784,16327
3403446443,29581
1263242001,10778
1307045479,19,2068,3559,5428,8367,10700,10897,11497,13559,14118,18786,19842,28175
894181413,7035
281607433,10777
3749563850,10771
654317309,10770
368368360,10769
1569923730,10768,12912,14311,17700,18939,23297,26051,26471
1549559126,1210,24499,27796
2254109174,10751
2273550892,29268
1707196300,28816
2761682126,18479
1687441239,10947,25348
778217830,3378
3010462605,10743,11812,12080
3551328107,15849
1050879781,10740,23858,26530
3560073190,10735,14697,20958
3780043854,10723,15492,24784
259374625,18318
1209995358,10720,21992,23725
37010523,10715,19958
1839766052,11045,28506
2053472883,10713
1819106965,3800
4267076492,10712,26133
3865387946,10708,15695,26876,27346
3124040555,10707,15694,27840
537369620,18809,25971
3067559788,10706
3554366226,10675
1268948558,8196,8396,15260,19070,19733
1184632878,10671,12425,12475,19273
2687944170,10678
687565879,6808,13794
4167875513,10663
277577618,20918
2955037460,6183
3798952587,10646
866877335,1494
1937840707,5914,9645,12382
2902214150,10636
456681800,4009
3371549405,10622,26218,29636
3500181350,10621,26217
3199921006,23098,23329
864222434,6930
1448378431,10615,11808,21293
1177433635,18837
2980812359,18456
553137719,12050
2376901301,6892,26443
3859610528,10609,20730,28561
1766359650,15669,21698
3596035612,2917
3810693565,10599,24217
3899120727,10589
3684377247,13297
4090943343,10588,29653
2658777659,28692
1178613326,10574,12911,16263
3124600243,2006,20712,21184
3479921428,1014,7324,22045,24043,24570
1697788713,10573
2294949193,10572
3955008079,10571
4015283553,22263
3452322153,21678,24513
1524963391,20788
3444546088,5741
1763900661,10564
980494743,19681,19813
277358525,2152,2440,16243,26772
669966263,5071,7971,11331
3725394276,10539
2712052564,20967
3091241770,10534,23114
1451354140,10533
1478971471,10530,16589,23318,27287
1358400254,24456
3571211293,21216
3215941520,20427
3588871315,13030
1539074875,1654,2737,4075,8002,9412,16896,24082,27158,28558
3195145366,2299,10312,22482
1730224691,10521
843446874,26446
3598217511,16260,17781,19165
1048285135,10518,21765
1874348844,2719
2394792520,10650,28702
1457345783,10513
3317611484,10512,11252
3226394461,14099
372617165,573,979,1653,2598,3147,4074,6711,8001,8928,8937,9665,9777,10250,11802,12990,14042,16526,16895,17048,22193,22893,23655,27151,28320
451341790,10503
155523226,10499,15517
3834119269,29456
333694690,10498
2527324627,10497,25215
3146070657,10495,23953
1616837370,27114
3932639498,18414
3288922699,39
2065676983,10471
4129208290,73,3355,3881,17647
1407225656,10467
3779799071,3244,4956
764562389,10466,27146
3618577140,19422
3420743764,2167,3185,4355,14541,14724,20391
1668584245,10465,16079,20598
118246605,10454,26538
3802735209,10450
2110053708,2327,16908
808456104,123,10350,20288
2991114005,10424,16861
901682369,14524
806043196,10416,17687,20075,22602,26082
3945870907,24200
2591601709,10415,17686,20074,21253,26081
2218930495,3101,4657,11728,18618,28203
108814926,10414
2119098565,19105,25246,27159,27188
2059537763,10412
3835187924,14574
4144096926,10404,11946,13550,13804,16092,25868,26087,29073
2710152259,23448
1526146752,19459
1431844291,3542,9922,16489,28280
1153255516,10385
175418519,14175
1314502791,2044
1224531791,10382
2589395125,10365
926147596,18823
1062415102,10363
1120524167,10358,25471
3599977592,10357
107062326,10355
86984007,10354
1586551398,24862
1620958879,10349,14869
2220558805,10347,11376,20480,24096,28607
737768538,10335,13275,20538
773078807,10332,10710,13130,26854
344078452,19712
3272557384,6234
1235909563,10314,17612
631308302,10313
191022240,7309,21566,23483,25552
3322668543,10310
3551030317,13834
427429992,2636,29295,29310
439756019,1913,17894
2312926533,7300,23432,29534
1513585610,10307
72997352,5906,10687,16348,22826
4085871041,10293,22744
2624259997,195,233,14716,22269
1952857836,10289,19153,20421,22037,23465
1053221691,274,583,18879,27051
1818694959,10286,19848
1572034047,10033
2967072961,3691,3780,25724
588471075,10273,11896,21710,27088
760580110,10265,14647,17026,17917
2181992894,4519
1988503832,6745,23848
2093345753,10254,24472,26233,27181,29461,29757
2705012939,28832
3677638008,1129
2803736832,10253,20753,20897,24471,26232
1322407303,29572
3946282988,10252,20434,20752,24470
1202760932,26490
168004461,10238
731616596,10234,22933
1736636985,1657,8662,8899,8980,16545
3052539978,10232,10507,18821,19425,25917
2215371360,10226
1098408154,16754
3172651000,2124
3346115088,10184
365887142,4360
282548290,10737,14976,15615,20983,27438
3425775473,10181
3124134969,10179
2167882692,4212,4947,22951
4189852387,10178
2773632759,10175,28806
2480723664,26049
3581673085,10171,16139
3136205946,20257
1657044147,3458
378132088,10134,25489
1448594193,10169,10192,17535,18277,23757
4253390508,10532,16292,17735,18089
3996766987,1970,2951,3200,4521,4898,7976,10821,10835,11441,11721,22539,22803,23862,28242
1380487425,10167
298629547,20236,25360,28093
3666963845,6927,19365,23961,27688
2863445697,90,577,8707,12478
3966580128,10164
2167011454,20112
105454519,10159,16778
3953719615,20976,22025,22750,26525,28333
1719276977,10155,11278,27950
1680997099,10150
1975890273,26269
4228828378,14803,20319
633780013,13980
1571354951,10140,13006,13223,18883,24221
4131379546,17263
1106618791,10136,12207,19248
901120587,1582
2010501576,10125,27113,29629
1720123372,10030
3789533490,10101,10117,12517,14003
3666085705,24263
3290662428,10096,11078,16907,18629,26655,26713
2609387786,23595
3791735256,1461,2070,8547,10488,10899,14120,20054,22896,28177
3326983629,10094,12562,16393,20565
2362344788,10076
3500789196,10073,14398,29357
4154443793,8335
1885940705,10071,19310,28483
4131895496,10070,28482
11753628,2459,13582,16796
3203397735,2933,9356,10999,23321
1442858060,10069
798253836,14202,16130
1474501578,776,2129,2849,3492,7075,8084,16618,18193,23583,24364,26928
3589899730,2948,6080
2608470356,9801,19963,26030,26359,28069
439282399,10063,14430,25961
2880547451,3772,17370,17705,23967,24894
2701865045,10062
1873474578,20239,24849
3869391242,15095,25294
3991289094,14897
2468542772,10061
1128600421,10056,11289,18212,23013,23955
1581842683,21588
3228941780,2886,18023,20668,21227,22076,23603,27122,27793,28342,28903
2859855032,10041,24135
583061518,4782,25547,25636,26971
3919623200,10031
2280848824,10029,12873,22975
1817156581,10028,22494,22974
3923108952,25,6009,14107
571946262,10027,10773
4050051333,10017,29716
1879387606,10016,15270,16753,29715
4278366484,1002,2438,3404,3995,7175,7844,8201,12326,14484,15952,18268,25693,26862,27486,27512,28038,28610,28777,29038,29153,29731,29794
64240521,3831
4191814382,10015,22589
2574638122,3868,27108
190278092,9997,20874
2163948393,1440,2535,6459,6618,8302,8438,18632,19746,19823
2124708184,9986,26696,28346
1794688570,9979,14256
853889203,9978,10734,20957
864657898,9971
1376756364,10092
2584617039,9963
3013039097,2722,12784,24029
3087470820,10216,20544,29394,29464
2609837867,23690
3068021611,9958,12249,27204
821377287,7556
257966032,9951,10398,11634,21538,24443
1712143796,9947
240882952,27615
1794887770,26052
4269578684,9928,12776
2129749255,9918,17290
4139395013,9908
2049827449,9897,15587
4137833131,1890,2408,14364,14495,20997,27178
626226442,9896
3733610942,17652
3214452566,9895,15549,18831,18951
3994401898,9893,12442,21856,26765
1143916168,6755,9435,15917,18393,19056
3200061990,9890,21193
2881950056,9885
2477050336,12523
1383581361,10828
3929793946,10457
219325641,9884
3431436052,9882
4150572670,25606,27681
323257742,9872,22394
3008283207,2973,8795,10795,16988
3215563538,9871,22393
2082341042,7111,9725,10408,10477,20871,28085
1441888905,9866
3812164991,9864
108423270,9668
638699491,9863
3575086179,9859
2534388749,9857
4016594402,9856
2818082756,9852,17106,17922,23425,29325
2227200462,13206,23824
3736258339,7984,17193,17713
474950972,8917,10345
3860739644,9841
1558519904,29060
1287848577,17457
1313811637,2831
3081651816,9839
348036525,1740
1487416416,3576,11293
3273482149,9838,20887
171019435,79,1165
1644320266,2045,2594,3196,6096,7229,8096,11232,18385,18845,23574,26323
2242074737,9835
2888155696,9831
3187557932,11273,11969
905250722,9829
3148619715,9815,14297,18326
3948746602,11161
2216213614,3418
4261640034,9806
464537957,18824
2858769091,13495
1116660618,9804
3394273253,2578,3220,4369,5560,15246,17826,18333,26821
3008953166,9799,20833,26028,26943,26992
2820718974,9797
2976094742,9794
128006201,9779,12985,14870,23092,27474
3477756581,29847
1864460874,9773
3008544454,29276
3222199873,28922
3844529280,8115
1708309268,9771
2563713177,27100
1656085729,276,1709,6141,9707,15044,21905,23418
2116415924,2903
1217644193,9770
4128812044,9817
3172398338,20289
655883762,16315
3021568383,9769
482499099,4058
3020233978,9757,11061,12341,24344,29507,29824
4024141588,9749
2258682782,9748
651057871,9742,12920,12929,13277,19039,19350,20764,27012
94666646,23010
3848205354,10502
1091196403,12997,16596
2282361031,9737,17444,20180,22907
381127405,9717,27935
2216991007,9714
3821287248,20786
2554778334,9713
2064906844,9695
2095622313,9690,24267
770634749,3389,13507,24051,24551,29537
3864120495,9683
2301066545,279
240807763,5005
3768030847,9675
2990123605,12652,14722
1879997142,5473,8070
3303839629,9673
2959980371,18468
2320723563,12593
2469394214,9672
3168803774,28214
3243389733,628,1450
1519725315,9671,21728
2897181092,9658,22990,29242
2048327125,9655
26019825,10863
949102785,9646,12422
661524048,14163
1037448592,2854
1359724714,9811,10527,11179
1743915219,1234,23634,24900
2571507036,724,2520,3115,3840,3910,3932,4753,5101,7060,9097,9940,10189,10213,13842,16713,18141,18944,25330,26109,27357,28205
4006428809,9643,28074
4177224757,9634
1966524566,11125
278067098,25979
3674112464,9629,12626,27566
3035834985,14704,16704,19480
2199361745,9413,14035,16681,26313
59105891,9628
3827933494,9627
208548460,9624
3820364310,9623,10523,11070,19979
3392890774,8905
481146448,6230
2481831575,10352
772160156,28796
3074582311,13657,16126
895844575,9622,11069
277585206,4668
3632372442,9618,17681,27199
3802157511,9607
1333483995,14259
2562744915,11135,19196,23821
3319413878,9599
707846663,13418
895371933,9594,11633,15342,22435
3645735026,4601,5745,6570,6793,7605,7785,9243,9567,10080,10419,13023,13173,13883,15760,15886,17090,21527,23842,25414,26057,28149,28974
3624681812,6775,21730
2155262587,9563
3446809542,4326,19878,23736,28781
1731756634,9553,10680,11657,20198,25659
227133526,24828
2878296130,9544,28493
1672021544,9543
4160108081,9536
3672650324,9529
890782326,9508,22733
2321713866,9507
2016429660,9504
3617579105,271,5618,7121,10744,11813,12896,19099
867345577,9490,11266,20553,27948,27983,29647
1131853399,18281
3313405942,9359,14419,15179,19435
665880737,9488,20626
3289347919,9888,18055
2680958169,9481,16707
1906768007,9470,12128
1831209633,9443
3310991594,9723,10283,18727,26486
1703402619,2055,17366
3868670411,9438
1961460349,11455,26840
1737766737,3902,9891,21194
2439759038,9437
2075658638,20661,28756
831848122,9433
1501992419,10620
3014006486,9432,12645,22258
475562317,9430
2258810880,9425,15976
730729022,9424,15975,24698
3852713813,9414,11532,14036,16682
2977663185,9401
2831884786,1695
615629143,4679
941902548,9400
2512076789,21732
3300197043,9397
146394299,9858,18478
1448544582,5750,7787,19358
2610237281,9389,16336
3088988900,9388,20317
1305059285,9076
1058088890,9387,11080
3621252060,10208,10763,28122
2188939036,28737
1896121990,9386
94608488,7851,8630,19700,21921
1725294304,6693,22080
1343945794,9385
2019378915,16502,17596
3715242294,9380,17593,18890,27171,28928
77320613,22663
3877978419,9379,27170,28927
2897851248,9378
1710295142,9361,14421,21586
675230199,5673,7824,8184,10528,10605,11009,11180,12906,20522,21233
619782357,9685
3909336807,20721
3761283100,168
1434517363,9377
2821859000,3449,16378,25627,28138
3165124071,9352,19708,26727
3191198136,8288
1874768170,9348
216105177,9344
1315236946,9153,22545
581806207,9340,16041
398459421,10351
458007775,9337,13701
4130512921,23458
1592328187,9334,25322,29178
3679081966,9321,24837
1619084025,3734
1942658300,3939,23877
2228136283,9315,22655
2886046883,9314,13067
145353057,7065,10191,20300
3565253591,8108,14194,14263
4237298402,9310,17015,21682
2029561633,16119
1729276994,9309
990245463,1742,7284
2166423493,5183
378763988,9302,10009,10426,16863,23071
2681455997,19680
1809752684,9298,20693
4209829068,3184,4354
623443625,9273,24385
1165238877,9256
2930232253,23492
1863548930,699
573814645,9218
1588694622,8454
4045134276,9217
2531870312,9215
1022461488,15315
583351596,6089
1523355751,9213,18599
432381401,9211,20078
3278382381,9196,10930
2305575829,20435,29744
2959960618,9193
1086400095,20240
4253315030,482,25517
207704750,9161
566070936,4585,15298,17218
655309315,9155
872743433,9150,10244,10448,22112,23177,24475
2058287068,15706
934227953,9149,23176,24474
2845914332,9148,21958,23175,24462,27685
276107779,25507
195699411,9144,14148,19132,22651,27398
423296887,6026
400457106,8885
547559691,8082
1203512546,9140
1628685839,9136
619862118,9135
3980278813,9127
365594970,9126
2014526715,11776
15036917,9125,15413
618814787,9123,22356
3571106365,9116
631256846,23359
989534221,17545
3084213337,9114
3461026265,9110
3740439236,9107
2995511319,19388,24749
396223423,9106
473544528,29359
3869268569,9103
2935701787,10798,24487
649774494,15384
313835633,2795,27283
2855464971,9102
818409540,3666,11082,17518,27391
920346683,9100,24565
2984110498,9086
3581982152,9084,9174
2827783390,11839
1331205776,9133,9678,20271
1532767387,9083,9173,16010,20473,26140
3200165864,1747,5959,20151
813595118,9073
3465127488,9070,10430,11057,11930,14073,17363,19197,19833,20809,21778,23188,26373,27707
3044215255,10074
2167453389,9343,14640
1258922675,24142
3169456860,9066,22203
1581949722,20840
6930249,16630
2449642899,3022,18813,29167
3110685542,9052,10889
1042625694,7069,8623,27779
1670841775,9046,10331,11848,12659,17392,19416,23174,23342,25345,26172,26907
715257304,15709,17120
1405476257,13679,22586
577691645,834,2885,9419,12218,15443,18022,21226,23618
3323683683,9035
3823870236,14167
1034627853,9034,13431,25078
1907304585,23097
1329446558,9033
3281861807,137,419,2571,4801,5733,6678,6759,6906,7620,9261,10206,11577,12339,12693,13116,13137,13589,13630,14422,20096,21271,21587,21594,23016,25841,27244,27816,28059
654348723,9032,13301,14965,28034
2355977921,22072,28434
4147069177,9025
3253355882,9023,21267,24882
3908280999,27129
404437522,4462,23860
1767652408,9020
3646378796,9008
3763414258,8312
4062722069,9005
1590495486,16606
2531103732,8975
4248316626,4628
944632918,8971
2344710918,8970,12976,15093
1949199590,8967
280518031,8966
2989840626,22092
2294737533,8960,15801,23987,28379
2530495556,8955,26979
3948795392,8945,22603
2927766162,19297
658594718,8942
3613537510,24856
233417011,8941
334969075,2050,8270,15333,17899,21965,22997,24943,26689
1221221984,8940
3681070698,8932
3271593900,8930,13480,23558,23657,24224
1816325160,8926,15516,22582
2333829832,5874,14984
1370047627,8924,22580
3132677793,8922,22578,23898
3132153739,29088
954379978,8921
1367774439,2816,9275
3650827123,8914,9562,21724
1465894739,14227
360703828,8908
602336725,26200
1366421869,20627
404349113,15113
3006618905,8907
3133073329,8904
3614128146,17658
2389018745,8902,9808,10524
168735431,8900,10381,28209
3424219216,8739,9002,10043,12011,15962,24137,26710
3342307047,8891,12167,13331,16486
125631257,342
2745355423,8882
211649357,8880,9855,13949
903567516,8877,16533
3163741110,28827
4022591423,1256,1435,2150,2288,3009,3323,3390,10142,10612,12486,13178,13811,18297,18698,22979,23588,24052,24552,24572,25225,26015,26909,28543,28866,29522
505278002,8875
1491693355,8874
3213512540,1664
1734504977,8872
330129301,1099,5090,10241,27303
189607452,2635,14026,16637,16765,17187,24606,28298
3810914496,8871
1892313882,12763
1883046869,3590,6377,19266
2111059089,8870,23773
1735002024,8861,19270
292734410,8849,27093
3841677615,8847
2049733946,17234
3608417256,8901
2887513010,13856
4139652270,8837
1440838489,17260
2647670924,9630
3547939355,18653,18710,19765
2813750289,4053
772796713,8832,20453
4105039633,29662
3664528764,15207
609794813,8826
3818632639,8822
1855612069,1021,10927,11098,25667
43082009,8816,25801
3605370160,177,3156,17132,24180,24618
1416491407,8814
1049983829,17179
3764743077,8804,19108,21677,24512
1219975191,25681,26721
2145841046,17163
3130342287,8803,21676,29290
4153165193,8797,11275,25839
1702614270,29580
1624313794,12635
4023981747,8783,21659,29099
3324873179,8782,9751,27074,29098
3212700515,1387,1757,3267,11774
2676216295,8775,21738,23050,26514
2526726467,12290
166645754,8774
2386840419,8768,18977,21338,25279
2424989457,18046
3268686083,12503,16513,21064
1479625601,3798,4558
1046029646,11151,12440
324580952,20838
1025146570,10309
1230036243,8764,13854,18549,25108
2265300933,2720,3229,5311,12396,14818,18768,23526,24027,24586,24957,28984
2928284379,8762,11023
3056819897,8760,21466
4247833549,10032
4127542322,8759,21465,29840
3173748429,536,604,6467,12484,21624,23586,23740,23935,26039,28530,28541,29520
1216429324,8757
351492038,12542
1198877475,11030,25620
1986650698,8755,16068,21186
512723467,8754,16067
2646254483,12671
350682977,9357
617279903,6074,22646,22814
2114602991,8753,16066
2848128337,8752,12256
3357022469,14605,16815
3015081257,5369
2871937396,8747
617385555,11413,28317
3980103092,8742,12165,13571,13724
879651696,8740,12012
1440756693,8738,26709
480969068,7210,12829,14241
2163465327,8737,26708
3108763297,8736,21572,26707,27810,27900
2726178465,8732,9879,19579
2792867092,13966,24453
1503981105,11910,19492
3456210422,728
3067959851,8731
328855805,8725,13546,26083
182489292,9867
3915954058,8723
259781463,8722
148797090,23753
3472261565,8720,29633
34568222,20455
2676450960,12107,28086
2465751731,8718,19454,19934
3520195462,8714
3605232866,8680
1480092140,8713
1111394751,8690
950552672,6404,8728,9938,10187,12179,15820,18426
1754392145,8685,9926,21028
1155074460,8677,25031
4124877206,8666,24024
3898651159,8657,25954
123652911,18909,28626
1652208789,8647,11246,26843
1587156353,8644,11512,13524,15039,21321
3411680419,27496
2444723523,26418
2229795657,11120,12344,20683,24254
3814170958,8030,18250,22136
858160900,8637,23385
3522198200,1612,2532,4363,4376,5585,15348,16304,16675,18000,18587,21178,22084,25545,26301,26318,26391
1594775173,8636
886859365,6966,19047,28028
2092972032,8633,16604
4038931977,4517,11372,28640
1528098427,8632,9158,16603
1632376463,8631,9157,16602
1370783773,15421
2041466166,7242
1560879643,8626,9500,9761,14374,14953,16549,17914,21815
3955343398,23707
2633797938,4415
31913736,10652
1901703911,8624,20812
3008267887,2458
1473812482,8622,27778
2765632254,8615
2034094384,15489
1060184015,6066,6326,29280
2374686031,10411,27937
468225492,25367
3080816243,8613,14780,24633,29022
3359602592,6378
249253710,8609
1895287280,8033
549115472,2253,8231
1005846827,8608
4120921631,8602
288547160,8258
2963307872,383,800,5151,9944,13535,25765,29777
216570360,9676
3315338689,9447,14844
4294503029,22122
1975757564,8599,8639,25474
4160195229,8591,11585,24177
1339867182,1338,4244
4029434550,3829,16627
4248758142,10084
651982003,28240
3088306712,27949
4240141160,8574,16007
1854425117,3908
3918347004,8578,16003,26669,27756
3167808922,3807,18202,24306
3052478953,8566
2363618119,19528
1071531735,1502,10493,15833,23066
3654483468,500,15862,18480,24728
186821186,8539
274331536,8538
1309207294,8536,15739
4212712783,17248
333793060,8534
1117911451,13444,14865,17175
3750604294,3015,13878
647080355,8527
556853326,8525
1037034690,8521
312429043,8956,26980
542044084,13380
256848867,8505,17980
3533997592,10501
885058989,8504
1983484884,705,12148,27558
70829954,9795
3433636998,6807,6962,7939,9509,22734,23712,27224
408529212,771,20027
1369329521,8494
1588982153,14198,20109
1970099309,8493,20999,27180,29756
4152210898,8491,23777
3367012504,8480
4049241531,28665
2477589544,8476,28142
3149956569,8472
2975734355,22665
2462179887,8471,10111,19264
2641883266,5358,9291,20044
3295355492,8470,10110
4007609394,1576,5674,6484,8386,9059,11793,16683,17462,19851,20523,23263
4196638465,8915,20761
2926530581,15799,17038
1197455050,4004
2073541236,8469
1259177857,8458
3048029178,8456,19855,24092
1467893845,12849,28633
3316566541,8846,16115,17012
1669161703,8457,13089,19856,24093
3388404689,8455
1243763756,8449,17736
3076176627,784
2530335423,4292,5423,20913,28344,28563
2913856090,8447
853026999,13544,19491
1610132964,8446,12506,28688
3444576396,8434,10124,29628
493086925,8427
665921336,8425,11284,24925,28972
2256765492,8421,14362,16478,17560
2135956869,8415,8641,10481,16329,26932,29623
2066219319,7814,22443
2543862505,8414,8640,10480
661965992,9303,23355
1352183519,7980,23625,26937,29681,29749
2689345374,8413
3060271128,8410,21953
876082368,8400
240215740,8385,12402,19759,20758,28766
1736169279,8384,12401,19758,20757,28765
3431239075,8381
921413823,25033
677142558,8370
3560712075,27223
709762439,9105,27101
3103093863,8342,11215,15124,15195,17221,18516,24068
331023088,8369,18788,19034
936088066,797,938,2269,2490,2523,2826,3888,4281,4390,4850,4951,8842,11379,12790,16429,16819,18311,21846,22128,22929,22955,24000,25005,25357,27662,28878,29120,29698,29774,29858
2243418108,8362
753789050,24050
1766039918,14610
2829484285,8348
1293745584,26545
953526674,14717
1518531701,8911
3126279470,8347
4262797094,8603
117740016,18455
3753635215,11437,13824,17644,25716
1116392410,8338,16569,18906
1775063575,3289,10025
3520436710,7596
1303821183,8337
1912143734,8187,8819,9198,14876,17831,20986,22881,25229
2041830504,8318
1347880386,7208
1346080966,10580
3420500862,12851,18058
1216892571,4113,15023
1962546513,885,9039,10260,10761,14588,26461
329097302,8308,13732,25933
1154943692,21680
1808287388,8473
282427185,1726,4441,5229,9238,22622,26643,28621,29136
1160955441,5567,21046
2585093547,8293,28645
1221720846,16472
1689865665,4925
2613919247,8290
4062010253,20669,27123
1436155206,8289,18925
1045461184,17271,20571
607418091,6043
1052260421,8285
1674718886,8280
1836451106,8279,11222,15455,29786
3818681735,8261
2697901124,8256,26342
802744652,27722
1848657527,7887
1622251932,8251,22295
2140598796,8249,22293,22454
2220077545,8248,22292
1789346273,8247
3653212828,7008
177363185,8246,8717,19933
3657996398,25820,29450
959200576,8242
3038397052,10064,11990,14431,25962
3386183650,5239,12843,14407,19593,19872,21771
3814355639,8241,10334
675910488,7193,27525
4130347033,8237
742921673,19433
2133217830,8236
4180021055,8224
745203271,8198,20629
1532230258,11982
2322522669,10694,28162
4204061987,24095
1345426257,8850,13568,27094
3134361804,8189,12846,14986,20141,20944,20977,21890,22026,22883,23792,26526,27666,28334,28847
1035623768,8188,9199,12175,13635,15788,17832,20140,20987,22315,22882,23791
395788136,11219
1043309423,8183,12905
4191662944,6890,8424,11283,18658,18871
1950253980,8860
2441682497,11785
1897165152,8182,12904
401498204,18758
2404573989,8181,12798,12903,13467
4000659420,8618,11564,25823
772345704,7711
573535500,8180
1764593452,8171,17638
2458073205,13708
148710430,10229
1517874,9138
3016757167,6859,8125,15087,17802,20708,29309
868776660,8145,17297
699357809,17730,26603
480496925,16826
1806630906,8134,16333,17863
3781021013,8121
3440456436,8119
290232231,28632
1503491166,8106,14192
2574799775,6771
4138598579,9253,11816,19514
1032728774,8102
3241584112,2182
3421513259,8089,23988
603111401,28502
3421183063,16296,16749
1016399616,8088
3843567188,2939,3174,4752,6405,9939,10188,14972,26108
1600166009,8081
3668456135,2085,11025,13734,27557,27773
1594997322,8080
4259384652,18954
2880077810,2255
2545115777,8079,8399
1379981780,8078,20242,22250,29234
3916483225,27128
1293005983,8076,22248
58304110,24870,29079
3769132299,8064,8157,10591,11033,15556
3165366848,13400
3185443234,8062,24816
2519307264,22306
891731874,3157,12664,24619
1102379691,8055
3396926144,8053,29570
4076555670,226,2021,11864
349841173,3654,11754,27941
103821900,8042,17405
105963488,8041,17404,27619,28314
2299791633,8040
1824505358,8029
2257141220,943,5514,6287,7487,10097,11079,11361,25858,26656
3735493280,5576,9216,17476,19633
4246798473,8575
29517778,8028,15829,17651,21066
1136835034,1111,3265,4739,22322,25882,28014,29211
2381995115,8017
2781998176,8009,9667,12869,15127,21782,21878,26535
1111318229,3020,18663,24579
1068980447,8008,12868,15126,21781
338415699,12291,14322
951388122,10294
1522151293,7002
177868876,7993,17961,28273
541901031,14912,29316
3420728824,7991,16400,20783,23744,29219
3888677398,29288
2228314005,16326
3848691715,9689,12746,23675
3955885735,10185,19590
3464336328,29113
106181606,7978,12311,23910
2097254687,13194
1651538353,6084,6493,6744,15462,19806,23847
3325615897,7977,11442,12310,13263,23909
3478106940,17557
3694410077,643,3436,5416,8047,11581,13027,16551,21858
2599732920,7975,14601
4166807138,7966
2928923410,732
3072992687,7270,18365,22215
3644424214,7965
2876881917,29589
2914708296,19096,23254,24127,25686
2256287665,7943,9482
1571915046,11277,11603
2580361426,7941
3827920868,20216,23450
824508946,2540,6677,8114,12866,13115,13588,20095,23591,23621,23798,29140
4171687206,7937
3932930592,17055
2751688480,12810,24186
895972340,2180
1627462276,4675,11928,22246,26796
3973751720,9391,14785
1181836710,7932
43801657,24040
2565148961,7921,10296,17054
517146927,7918,17688
1064115196,9625
2892982942,7916,11909
1512451173,8863,24863
4208526337,7913,8676,11906,25030,29015
2244991493,17676
1240336748,7907,19390,21243
1729685063,3861
260895635,10284
1122810818,488
1206895144,7905,9826,12295,15299
3765128203,6715,7531,10120
2514634127,10702
1173576172,10059,19621
3609916657,121
847549897,7901
2144567987,7900,24667
2898430101,7898,21452
4124680049,9709
3657293557,7895,17224
3965863741,7883
2971882632,17369,17704
3561719655,7880,22856,28156,28768
4107361929,16934
1249047524,9739
2968958866,7877,8516,15544,16537,19639,21740,21932,27341
2895758521,7868,9441,17320,23637
4078835773,13011
1234993846,4991
1024448853,7866,9119,22464,23635,25677,26807
3742891211,7864,21031
656297246,7856
2929146586,7855
2174717017,8886,29183
1743451052,29069
2767848005,10127
2087988570,7854
740173944,20138,24964,25999
3009563889,2449
2637932247,7101
3763867900,7853
2830801872,14895
3877922929,7850
3204040710,1057,1112,18695,20310,25463,25883,29212
434206357,7849,9346
3408266314,5491
2648486925,7841
184221892,22677
1585147480,18496
3645033525,5056,29467
1740887281,7840,17115
839752655,7832,8138
1511820598,22682
2106361819,7829
2930216724,7828
3754811173,22855,25536
2609788815,10520
1395680451,7827
1873576099,18617,24307
1073862439,10068
3653569820,7826,14332,18379,23402
368192124,7820,20860
3546972392,7819,19363
1337971656,9307,11715
1349900337,9503
353844249,7810
3917622228,19216,24623
2480296944,7789,22116,25096
560754106,7765
154725554,4311,16176,25439
2984789065,7763
2894278670,9235,11445,12279,29313
483764639,7761
3357040389,24151
1649660722,7760,12115
542830943,7759,12019,21752
4137668119,22304
2786625024,19830,20797
1533328994,14023
1972426033,10688
3514088870,7755
2234853127,21412
1233000336,19385
614411152,7749,24013,24832
1081424393,14355
44547177,11290
2393163014,7731,14805
3645401296,7729
1152371356,22516,28505,28583
3713961403,7728
1266371679,232,22268
3203858605,7726,10531,27288
3238817982,7724,13491,16226
122721724,7720,24740
2189086344,28303
3067845954,7715
1307135105,7712,13540
855356192,7708,18924
3681769206,21700
348343656,4604,15488
864057428,4992,14170
4125184853,8122
1350562187,24699
881877542,19518
465684549,12649,20982
201966695,7705,12224,28092
3824950950,2900
1964826231,4808,26078
3859923963,7704,12223,28091
1255546084,4178,5372,10259
1669926804,6498
2734746442,7698,12658,13201,15135,25270,25344,26906,28952,28982
3883359659,1513
1621912868,7658,9845,15256,21040,21529
2175971078,7629
144098843,7628,8378
290355642,17943
653118714,7625,13409,13891,14827,16396,18850,19276,26945
3734413079,11890,29491
3943827008,7607,15201,20118,25416
3825122293,7595
1828191023,22198
1786598715,7593
3036858804,7586,20617,21484
852901478,10623,23728
2213275851,7576,9874,11434,11598,14775,14901,17901,18772,20103,20844,25075,29074
1078096807,7573,11230,11601,14904,15890,19215,19497,24622
394571921,4605
84184824,8087
668461850,17449
3529154060,7558
447486567,7557
2686095569,7555
1862388020,27262
4125942703,8328,16283
1135561004,7552,9463,10911,20297,20411
1980775200,7550
3141602622,29478
3182320926,7233,25732
2057644867,7549,16971
1965793912,9131,10596,13208,22088
3684194774,7530,9018,23772
4244359627,3731,5939,21052,21898,25695,29796
1279725206,7529,9017,13309,18494
2239460097,7528,9016
2648701389,212
2779519223,7409,29754
3729612983,5186,9313
1236362337,9669
2557117090,8765,9113,13855,18550
2788614570,403,1594,4105,4304,6449,8194,8532,10915,12270,12574,15426,17010,17589,17939,18886,19335,26388
3830118866,7514
2472319933,25967
149538626,7513
722199530,26661
1154947187,22912
1779230250,7510
99906008,7507,9502,17607
4229421686,8023,20439
2892386912,7246,11521
2483751483,950
839917048,7504,15033,23521,26115
1066898927,285,792,5470,10131,11781,13677,15879,17281,27968,28441
2113531570,10972,23497
3044602890,7503,8751,15032,23520,26066,26114
2257185623,26718
3787862246,11073
3842598868,2909,8985,11133,11888,16254,16380,23819,24980,25629,28668
1519586207,7502,8750
274896758,1423,4452,11571
3042764602,10616,11149,11809,23489
202728882,20614
2826591714,2190,6354,13613,13656,17969,19653,24099,26263
3858546231,10371,21616,28349
3421276131,8354,10891,29336
619819515,7500,10021,14106,29163
1591985455,20842
4136648101,7496,21069
3414248305,9962
3580359575,7488,11362
1937553824,19685
3703800231,10364,29225
1006392533,7466,15143,26137
2170406862,7440,9331,10543,16312,16447
2447014481,12371
1545055206,590,8490,18280
932031371,6077,20515,22838
118654972,7439,10542
2480355965,7437,17184
208128455,15513,15810
2111452107,7427
4133999997,1593,3117,3912,5103,10914,13619,13844,18946,21446,22020
2577424579,8257,16980
3978691825,3623,15830,16891,18540,21067
3228924923,7417,13737,26293
2114151590,7413
4054874564,22730
2944619571,7412,28107
1504045553,7411
510413947,21793
1808078533,7406,15328,16975,20259
282120537,19058
2417248044,7404,13748,16973,22226
1410956753,7403
2867374016,10256
3622449207,10827
3606742841,7402
3950639609,1219,6427
3312526718,2367,8323,9166,19260,22093,24079,25689,26567,28683
3796197961,4092,5582,23096
4288583538,7396
3963712079,20461
2852428846,15583
1278668967,7389
2050721066,4937
713739153,7387
4029481721,7385
417292584,7376,13310,18535
1140233205,7375,18534,23771
3615411573,7433,11426,14980,22352
884302439,10633,15990
2659597358,1712,2507,3989,12309,12881,17995,23908,24295,29638
1665739133,7374,18533,23770
3254822965,9009
1946698354,1009,3103,3558,4122,5190,5427,10918,11730,19503,19509,20274,23766,26229,29616
1061345155,7367,7987,12602,15079,16353,18931,20115,24592,27767,28062,28152,28948,29812
620703082,5912,21275,26741,29285
1971347734,7356,11385
991067513,4240
1052260646,5251
1883361332,7355,7955
2175327333,7330
1981955105,13603
3336931218,7325
2571265487,23887
1360564299,7320,19185,21342
2283853610,140,10861,16978
2860002188,7317,20447
1596859899,7315,9420,10554,12219,14465,18358,18842,19949,21014,22965,23619,23796,28671
241029238,17208
3026814164,11119,20682,24253
2669722788,22538
1694732767,7298,27915
245290605,15798,17037,18225
2791919760,10996,16210
1036732989,7296,18857
1392670095,7295,18856,28736
4265844964,22989
2553876776,12755,13621
1045602932,12112
977186413,7294,7744,16229,22846,24550,27037,28735
1153732718,5163,27446
2818774603,809,27423
3162258175,7292
1289200093,25788
2616773610,7289
2471670183,825,9191
3705661007,3460,22915,28661
3815811217,7283,10668,21747,24659,28422
2484184511,7279
1862350108,430,11986,16833
1590701953,5773
1379912753,7278,26242
1274630124,7277,10840,17419,21045
4052578494,26665
3008375068,4120,4981,5425,9914,12596,13118,14122,23764,28367
2496388666,7275,7569,10292,13820,18660,22743
1724039191,8865,24865
3712784613,23688
1752303670,9959,21328,27205
3936465372,7268,18363,26649
2689455188,7267,18362,25212,26648
1604005457,15203
3588110214,14412
3064800319,7265,22265
2294648750,7264,15452
3853406003,20086
3060003166,19434
4126917843,15236
1081630847,7261,12361
2629832007,7258,27402
1855882509,14915
1386837980,7254,22168
1643519439,7253,22167
419938171,25309
3008930814,7251
3187470545,7250
744544155,16095
2506446248,4750,7160,20184
653943358,7249,25835
2186351920,7248,25834
2100515205,15286
2312384057,7245,11520,16500,23834,26653
3955796819,7885
252966644,7243,26651
4291362041,3337,19626,22048
1004117320,7240,10053
59371276,7231
2284760149,8537
2339178124,7224,16982
540103625,2100,11488,13671,17468,27329
1363800983,9130,26608
3595571305,11708,14389,17065,18370,23468
3433237915,7216
2246938926,14787,16530,26879
1238903842,8390
981113534,7213,10739,14187,23857
3911726461,23408
515166975,15392
253814073,7211,12830,14242,18731,25393,26612
2594132334,7206,21023,25964
4264049908,7202
1853521483,14513
1937477279,7197,7766
163650994,2410,5928,14366
3069907089,3270,24062
2007195343,7194,27526
2637646241,2554
207053970,7188,19360,21991
228873792,9049,19812
869570136,7181
2688374425,20636,21830
320324852,9886
3109465990,7920
114281043,15382
2138618,7180,12878,15025,20587
1252341934,14948,16475,27270
700112789,7559,8601
3902535053,7140
2574704476,7178,16844,20585
452150439,17486
2297417090,7171,20017
1543637144,7167,14757,21380,26402
3456454541,7164
4088059019,7158
2952627390,8857
1860829305,7156
2625460736,27902
1316151332,9598
2115366781,7144
1327893017,29086
3121310666,471,4051,8957,15150,24057,27650
2686545088,7143
2470235732,7093
1911335880,7137,7338,7656,7988,8579,12594,16354,19913,20116,21038,21479,23718,24593,27768
446954820,7136,21478
2513494908,7134,8223
3668927617,8482,24541
269637375,7133
219681174,23057
1166767332,19182,25921
2150625923,7131,11144,19229,23130
1317368474,7117
675874043,27549
1177526633,4404,12023
2654670511,7116
2977726884,14517
4129240007,7115,7964,14693,15218,19085,19924,23747,28201
126740794,10865
1794263308,7112,10409,10478,20872,28425
3726425316,26861,28037
2986195340,8146,11401,12717,16673
2059395902,1801,2437,3403,3994,4642,5788,6120,9790,9823,13866,18267,22099,27511,28452,28776,29152,29710
3640957552,7103,16689
3338934083,28135
3527474740,3936,21505
3208257632,7100
1524329675,29724
2430941736,155,15472,16125
2344929460,9970
4274228996,19324
3792537115,506,15435
989002196,9152,21403,22544
326751371,7095,8100,11183,16559,17986,19194,19464,26072,29489
3174691316,483,5058,5853,11262,12381,14342,14415,22013,25518,29469
1651700787,284,5469
1900509161,1533,22205
3073024086,7094
112499914,4416,5002
106060561,7090,10453
3650670615,291,1632,3056,3071,3074,3188,3935,3971,9788,12056,12202,18265,21504,22097,29389
1866558538,7087,20784,29005
3742904671,28925
3163182959,7078,17122
3372247377,7070,14435,14846,27780
745770012,5115,9452,18754,20324,24969
2633374445,735
2852852273,7056
4107527636,2127
4144081568,10721,21993,23726
1829086399,24789
2489242185,7053,7110,11005
2906808423,24281
208488162,768,1340,4246,15927,16035
4068861006,7050,7107,17306
1143843037,7048,7105,9531,22429
566735198,16808
2316928208,7045,24132
3204662988,8333
1984005204,7039,11771,15920,20308
1689179843,28887
2912219911,7037,15918
1016053622,7036,15312
978473081,7034
3104594549,4436,11544,17507
3315743633,9964
425772289,7383,26691
3407581953,7033
2324038716,1085,9705
1044445448,7032,9214,18600
2087386942,7031,29706
3949171376,28331
474375679,2543,12173,20992,22313,23789,24071
209976616,7025,10235,21593,22934
1965564465,7024
421224542,25138
538700962,7018,8798
177531265,5124,8916,9740,20762
296742840,7687,24965
381099061,13523
4112453491,5653
4030746970,7011,8670,15418,18820,20005,24480
469094320,7001
508305248,19485
1138256484,6997,11660
214543149,6993
2236234357,6987,9760,14373,16548,26506,28057,29656,29676
2338647784,14609
773859299,6983
155189055,11516,15809,23481
3976745839,7608,15202,20119,24284,24991,25417
2800503544,6980,25211
1265996159,6979,7499,12738,14105,19567,22555,29162
4039725468,6976,17206,20920,26629
1341568344,6970,22691
3850347297,23353
2859779440,17313
1036774185,6969,14235,19050,22690
1239191826,6967,19048
2953448670,6961
215068989,4734,7535,14754,25880
4076855663,6959
3274249021,8091
1751951920,6958
2492141629,3423,4224
3830537372,6956
3170668234,6948,17775,22819,22903
1894141495,6944,7021,7085,8144,11931,14300,15037,17958,19198,22739,26478
2539666258,18692
3316090282,6942,12972,13797,25018,26476,27339
3382411601,6941
3905252102,850
880864084,1342
1952482959,208,7323,16631,24569
1867126186,5409
432975593,10460
3802459553,6939
2523682406,6935
3078436315,7637
1650214295,25593
2451817346,6924,10446,23958,26508
3984319907,6921,12618,27638
2010294253,26848
1877085761,8952,19316
983004878,22133
452163125,6920,12617,27637
2503313789,17656
768287319,13076
2863943263,1325
330732640,6909,13901,16901
3098158538,13344,27091
4035759182,1044,2159,2268,2473,4389,4849,5448,6204,6409,8841,12058,12204,12789,14269,14730,17723,18310,18329,22627,24692,24878,25102,25356,27017,28792,29119
4188131497,6908
470623779,13314
3846836966,11286,13565,14942
1994886755,6900,10848,18300
769661677,6905,6988,26507,28058,29657,29677
961074843,27297
1787342801,1395,18050,19873,21772
278156394,4614,11324,16204,20303
2513768655,6904,14952,17913,21814
475868639,10847,27728
772291869,12373
2550632949,10719,23724
1162900745,6891
4132832583,20255
2588107631,18990,27929
3812073115,12465,15057,28999
421130390,6889,11282,12477,15533
1825260821,6867
2960046645,15690
1486398783,6864,19862
4154825788,9431
1692166816,6861,8466,9824,13867,15089,15635,24312,27335,29711
848220279,8263,18303
1163122720,28714
3394519197,6857
2131827840,16178
3140762634,4116,29593
2944381647,10823,26754
3005227043,6855
3456139876,26657
433217100,9007
2579622559,6854
3763845393,8021
2852734782,6851
3858166864,17699,23198
830681273,17164
675018590,8039
1944174187,6850
3991826738,23146
3715911387,6848,14798,26197
3655747298,11106,13260
1894038000,6846
2492287372,2924,13105,16767,21447,23219,28065,28699
3581527710,6842
2197525380,19016,23157
4206590663,11091
4274139583,6841
619675385,8758,24679,29839
1015763193,5025
2664006207,6840
4065027007,21247
3248141739,6839
2542997550,21628
4052775195,12313,22493,22973
1193329726,6838,13110,21258
1568213351,131,1645,2052,4720,5245,6505,6652,7020,7084,7362,7543,8143,8272,8560,8893,9763,10405,10474,12169,12471,14822,15036,17957,18234,20031,22738,22999,23059,23775,24277,24340,25242,25757,25869,26276,27164,28408,29801
3138284419,415,454,5505,7225,7349,12438,13974,16983,20313,26064,27039
1891517713,6836,9395
1916492712,6834
2047463935,7721,14756,19138,21379,24741
4271122906,9860,12449
1390867778,9555,10222,11410,26246
531774617,20200
2364625270,7192,9716,27524
1314580960,25524
1012484048,11438,13825,17645
3474077755,6833,17617
369954289,10079,10418
2858058216,1910,2394
946598615,6829
751166425,6827,28895
258431065,9991,10274,11494,11897,20201,21711,22592,25940,27089
2481400528,6982
3695967506,28758
1862140025,6825
1369598410,21,2684,9188,15572
2647392258,624,4693,4807,11567,19137,21378,23427,26598,27804,28003,28013,29210
2988960733,6824
2204594205,4418
1697479090,6823,26917
348486412,6819,19008,19161,23918,27546
3817473547,7052,7109
2354313856,6817,7377,13311,16811,18536
2737873900,2126
2363118979,8020
2633815497,6815,10758,16809,16870,24197,27466
3781537831,6810,9077,10338,21056
1526719612,6809,13795
3225302700,6802,19599,27476
2926290192,18717,28656
409081554,6800,9591,10306,11630,12802,16085,24655
3466207993,24437
2420603590,24250
1154788738,12615
2882141967,6799,10305,24654,26358
3235570570,6796,7623,10302,11920,13850,28067
745598525,15729
2721875805,6863
3757326265,6791,8621,9719,13320,13548,19369,21525,22383,25926,26085,26622,28745
908902612,13363,16221,27105
291007490,2870,4057,14139
2532866309,3811
1854587793,6787,11117
3612861375,358
936995305,8946
2647472653,6950,13697,17777,23248
1699175389,7285
1432665716,1684
2887766699,6766,11224
4107020884,6764
3324062666,1192,2956,2989,3759,6595,8730,9324,10878,11397,12567,12713,13083,14349,15408,15621,15968,15986,16406,18221,19169,20459,20780,21395,22416,23539,24156,27196,28945,29643
3068480761,10353
230019922,10066,23866,24851
2288431997,6763
2429670716,6754
47294726,1035,2236,2251,2476,3006,6597,7522,7613,7946,8229,10301,11919,13106,13437,14326,17035,18223,22777,24720,24952,28066,28519
2785652082,6749
1534153706,6356,17971
958660631,7818,21811,24247
3848961362,24746
336172197,1872
2959957911,6747,23850
1722886968,7007,10904,23855,27563
1246387699,6746,23849
817495467,5860,17018
1254368937,6740,22137,23504
2978725899,28196
4173155189,758,19002
1690379738,10844,18630,27784
1756048007,2123,2965,3665,11081,13397,14998,17517,25401,27252,27390
3135714733,6739,9570,11688,21663,21825,21984,23460,27712
2993789538,16758
4033584385,6735,14884,27955
3786368208,6734,19150
385237066,6922,12619
1306771460,6732,8950,17732,25372
2917296083,16118,18441
2579814862,2266,2401
2954312723,7846,17857,18036,18138,18941,26864,28612
2926792317,6726
4020602740,25268
2634033953,20304,20684,25748
4274141018,6722
2526462783,6716,7532,10121
2284435137,22219
631076629,10058
1865295319,6712
1385330249,6707,8510,14860,14879,21517,26152
2867499121,6702,8295,14221
1525806474,6698,9278
4074982872,28708
1442765590,14648,17027,17918,18580,22641
1270985245,6697
1431723772,10195
2541914500,6694,22081,27404
730219092,10962
2344225835,6756,9074
677937809,6691,22078
101462483,15220,16846,21280,28637
3655856809,6689
883847649,6688
1596018654,6687,19793
1400817556,12451,21610
3675464378,6682,25254,27820
869669370,18799
505004054,295
1733506647,6676,13114,15402
3030348141,5170,10403,11506,11945,13803,16091,18163,25867,27920,29072
1641607197,6671
1273518034,11206,14292,21829,22156
3039880118,6670
1282566965,8502,10941,14929
1981664820,6757,13135,23215,26537
25065483,6665,14305,14506,14767,17810,21713,23396,27277
4137783897,23660
2911787639,9865
494364612,6662,8136,9517,14114,18508
3713915901,6653,7363,7544,8561,8894,9764,11058,12170,14074,19834,20032,21779,23000,23060,24278,24341,25243,25870,27708
3311830771,2274,5547,8541,10458,13706,21415
2267485962,6646,10681,26723
1187250831,22787
2873204547,11335,12338,27243
2759378379,5837,18794,26918
3184439942,6644
375344667,2333,21085
1274309193,6642,8389,12999
2868689904,6641,8388,12998,27169,28926
2172203660,6634,8353,9053,10890,20340
3945484544,3791,16017,17347,17761,21435
2795076779,6632
701157849,6629
1862734589,6627,6788,16685,26758
2675615198,7017,27814
1297131053,13472
844846836,6626
4132449063,4099,5867
4200531404,1510,25236
4199066162,8095
779304650,16633
3586605498,6624,26339
3125202520,22986,24930
906363424,3234,4931,20910
1237945118,6615
2254605214,6610
1336359299,6605,19246
318110308,28901
3208030240,2613
873501291,8090
1191317422,7847,18037,21016,21135
1558784692,6604,6894,19245
576724960,18161
1627123532,7306
2751671061,1067,1226,2773,3333,4953,6411,6606,6874,7238,7407,7753,8128,9183,10051,11382,18018,22108,22701,22957,23085,24650,27236,27454,29217
3237527314,6589,18383
3615027271,16418,18027,25744
3184631713,6580
587428208,20058
2389084630,11681,21139
2648869466,6578,6964,23714
2566937903,28689
2351688712,2628,9088,12163,13722,14649,17919,20679,22642,23422,27026
1533646674,6577,6963,9510,9610,11334,12337,16158,21237,22735,23713,27242
3973624526,1956
2134167431,1455
628965454,6574,13791
3784955636,1815,2653,3633,4217,16838,22808,23664
2198805465,10075
1636955123,6559,19486
486583450,13122,16659
1033787072,356,16184,23258,29421
2560132234,6551
2591947891,6550
12866764,19992,23358,28161
708458271,15763
4156609699,10085
3016907883,6549
1198448458,6548
1544498462,16425,27908,29854
1714903536,6544
2323992261,6541,7925,15933,20536,23980,26430,27628,28291
4166217607,20952
2354651522,15957
219241249,6539,8729,12180,15821,17570,18427,20186,23082,24525,25973,29025
2421019413,13509,20769
2240164850,6537
3908889953,6534
1128520798,3686,7664,10277,10559,12182,21514,24287
540431783,6611
3261219088,6533
1248785816,8379
2298147337,18730
1671717823,6518,12676
2801762185,6256,26333
1745194173,6517,12675,16718,18822,19384,21334,24547,25365,28700
1929031343,404,842,1715,3044,3845,12271,17590,18887,19336,25906,28897
244221544,9868
4228220888,7118
2824795760,6511,7691
3269079936,6502
1281086946,20813
1192015656,20395,22491
3767846827,5569
722315624,10285,11387,19847
3736334624,2106
854460670,6490
3064025690,20906
1143273370,19114
1633409672,16075
3326908099,9511
3014597080,6488
4267396370,20468
932094282,6487,12945
2145665464,26289
1113942301,6486,12944
2147479901,23070
139082974,6482,10287,19849,23261
2216925909,19964
1568003645,76,25570,28290
4023466471,6479,7673
1934583090,2675
765936918,5402
2510410343,6476
415065917,25697
4259732395,6474,9590,12545,16084,19962,24109
2886801043,10470
2387022508,6457,17185
1643042318,6443,15346,20038,21535,21721,23210,25302
977637618,6442
598425848,6430,14103,22182,23079,29070,29346
3748462408,14112
3122328513,6402,20966,21768
1940029235,6401
3158548312,3827,16625
3787291366,6397
3256741025,28430
334482945,6018,16335
4098895291,6384
658565737,25155
356751591,6383
2610213377,25543,25728
1194635369,6381
2299962363,11763
472754177,6380
314119564,2483,29852
2942480946,6379
3406043660,9383
3721231287,6368
2604619863,7874,8357,14899
3636132452,17195
487121746,6367,10880,19663
2032869354,11462,11924
806873096,2191,6481,16661,17327,23260
3579496550,6358
1173199941,13768
2926259170,6352,9098,18142
3840903079,26327
103083590,8167,10627,12460,22634,23122,27705
3833821076,6349,16181,27059,28172
943800610,6341,16610
1811071913,982,10995
3910211020,6329
2337393997,6328,15214
3173787770,6323
3678839865,22752
3671616479,6310
2257828292,29416
1478615167,6309,15029,23926,29350
1261662875,190,16227,17731
3036700734,6304
3527545546,14788,28805
3628762921,8688,29546
1461078268,6297,16774,24839
848119339,24822
546742195,3847
506486599,6292,9118,19461,25369
130583665,6290
2828022680,14833
3632491950,12706
589055786,6281,17082,18162,26129
2281008015,6278,13315
2447153988,6277
1807509359,9398
2308103361,6270,27295
3511334764,6268
2624471065,6266
3355228100,6262,15268,16751,29540,29713
106487147,6291
1623457102,23548
1658301585,6248,12413
1740365134,3775,7380,23168,23970
3290167021,6245
3623908311,23446
106787685,6797,10303
1382178022,8605,9810,10526
662038531,19773
2725844741,6616
2693686535,6238
1790994177,4573,9277,10129,10198
4226894737,6231,22922,25396
1080381439,7710
483504542,6227,19136,28012
1373737989,6226,9370,21124
595208058,6224,16459,18451
2099838205,8663
196450288,8024
1836338852,9257,19906
3652518702,8526,12783
2113616670,10537
2249215348,6221,16456
1628386087,11301,25982
432620085,6216,10529,12907,14881,23317,25846
3182505931,6212,11918,22829,28170
1075176099,2945,8186,8818,17830,25049
1051629403,6210,11916,12222,13574,17482,18128,22713,28090,28168,28893
1027892736,6197,22139
1994468839,6196
769413385,6193
883837335,6192
490112530,6189
1532858368,6188
2639639810,434,1314,2536,6460,6619,17520,18040,18633,19747,19824,21443,22400,29387
1238174396,6187
820917912,6185,18108
883326803,5843
276909410,9967,18328,25355
3719284562,6184
1868097838,10504,11107,13261
819203067,8094,16949,21643
2135544072,4896
4096680518,6174,22818,22824,22902
971893115,23226
148452817,6167,8693,10515,11304,11510,14662,16671,20802,22638,25985,29003
3423302860,6164,9404,13561,21154
2608835565,15303,19578
1706182228,214,675,1162
3191796233,6148
3129245371,6143,27592
1954184006,6142,23419
966435019,193
1393077501,7424,22601
3638462521,13219,24975
3308526011,6140
2842490810,6138,18433,18685,29578
3754339978,5285,21286
874008384,6134,16592
589219102,26541
3088523511,6133,16591,21109
641756026,24327,28157
4152989978,6124,17613
3906706501,6643
3001649653,9469
1185463382,9055
4253658308,20227
2362082298,17793
160569046,6122,26553
2576998735,6118
2985758535,27736
3263588983,25486
3866767420,7113,9996,20873,28199
2984098234,6117
2179151388,16629
3355984921,10196
1838765389,6115,24360,24402
923811152,12439
89612893,12300
772569901,6113,18694
1739109387,19294
1176058016,6952,7028,12623,13692,13699,15601,17990,18346,19468,19574,19837,22190,23153,23250,26175
782686077,26192
2974276813,24374
3670009703,17743
4153963712,6112,6675,13113,15401,18693,20378
1031225494,29116
87069820,6111
3016748388,4659
3738752810,7163,9390,14784,16337,22976,24496
3802487656,6110
2764750371,3218,12740,29000
1799322982,6109
2850364949,8883,15673
2527574707,6108,23929
2283627764,10774
733534154,7859,12923,13280,15856,19716,22007,24117
1370593669,6105,6585,16638,19943
2405002651,6095,7228,23573,26322
408132156,6090,29650
506307445,19683
53213489,6075,7944,9483,13364,16070,16222,22647,22815,27106,29397
3480583591,8155
1050806859,3228
1980785674,6190
1609836906,6071
504378506,6070,26627,27576,29188
4012194560,20535
2219008265,1741
414074328,1561,2552,2564,4239,5886,25577
4108861973,9608
448788828,6065
2803629908,14570
1533380771,12328
1100992998,2413,2649,4011,6434
1674660947,9142
2717755435,21110
1419049756,8629,19699,21920
457105530,5905,10686
1333718689,6064
4117416121,3083,5042,9911,18604,20335,28319,29818
2431976525,6062,17002
557566657,9738,17445,20181,22908
2854807487,20290
184262559,6145
1526604714,6058,6157,6337,7718,7735,7891,8005,8698,12514,14442,14673,14886,16071,16398,18936,19278,19722,19986,19998,20163,20748,21796,22150,24085,26788,28118
2966380159,8463
2304336533,6057,14789,15302,18665,28503
3832145525,10469,16728,18506
483373493,7762
735160166,6039
1467095200,14017,25784
3484167902,6038,6152,10871,14059,15432,22049,28021
4107775736,302,5046,22517
2490482746,8854,25890
1611396478,6037
3481510642,24766
1515528615,15325
3499761902,6024
2538336567,6019
202464198,11705,19687,27634
3010934669,329
551808738,989,2382,4757,8401,8573,19955,20633,21172,29253
2476468370,7675
1298625814,6007
738999894,3239,5535,13463,17334,26532,27156,28871,29093
168519489,6002,7373,7485,13326,22561,29605
2789071319,245
2172615733,2307,3895,4474,19298,19646
3740231878,5999
2443889514,5998
3706034176,5997
3588779519,1912
741981402,3049,19887,25591
978425190,5799
941382844,5996,24536,27376
3876167959,5983,16404,19167
2815066362,23512,23999,25612
665839114,5981,14129
39690128,5975,11403,21537,21571,23311,24508,27899
1084132645,5958,6947,20150
2609576950,5957,6946,20149
3762237186,2336,15118,25706
686244373,5955,9288,15159,20147,27247
2340880664,7788
2131671834,17238
3841352188,1752
2850437300,5134
2971743914,5944
2026703857,17431
2832458427,1527,10894,14179,14303,24646
2993467958,6055,10173,15300,16141,16566,24750,29836
1076131905,9038,14587,26460
4046910060,5942,8918,25135
3072351927,3384,6515
3197604412,5924,6752,7130,9248,11143,19228,23129
3150015214,9497
1690194443,5922,16859,19226,25645
1761368949,5921,16858,19225,22921,25644
3848479074,7149,15790
2265979155,10479
850784334,5915,6371,14770
415032309,17247
2171780349,694,7831,27625
1399417873,5913,9644,21276,26742,28075,29286
2778071389,5909,16351,20293,22715,26738,27132
1410783633,5908,6211,11917,16350,20292,22714,22828,26737,27131,28169
2379652144,568,11389,19655,21209
518486332,10003,16248,20037,21534,23209,23327,23386
2063788967,10925
202571743,6778,7420,7769,16420,16776,17950,22278
2182168451,16921,21010,27506
1640543031,686,3899,24005
2191114139,6913,7072,9664,9731,9776,12211,17382,19780,25431,25719
3612360320,5899,6098
3166067364,5893,6394
3023645740,10045
761594858,5891
3149341651,28859
54943342,27426
2738341270,13270,29299
1861393933,5890
2418633413,956
2701348001,9494,24075
2042490368,8794,16987
3115690984,317
3039382723,5887
495863656,22850
1285821889,20728,23543,29443
759491539,14670
19402946,9861,12450
1074976820,5879,11943,19711,24292
2469876807,1447,2341,3702,20280,21033,22233,23554
2907521457,8105
2048918179,5875,13188,24165
3540185534,17414
3105342838,156,16186
661049269,5872
1167944457,26634
2327966266,2061
4072928105,9479,10783,15267,19749,24890,26185,27143,29539
3650246517,5864
683839350,5859
2676653630,5858,27903
853024471,5856
3743490840,15457,16969
703614957,5277
53561629,9545,23354,28494
3886544730,5854,14343,29287,29470
3578907333,8314
3245256306,1774
812761791,5851
2524982035,374,1410,5501,6573,11873,13490,13790,16225,16357,17999,24507,26390,28180,28420
1535429565,5850,24549,27036
2274565550,5140,28782
1410509772,5844
457104401,5836
1148321923,2549,3978,4599,10402,11505,12453,13339,15604,16090,21612,25866
1530145994,5822
3533561075,22439
3599047110,9124,15412
2588455471,1720,7222,9472
671623316,5821,24873
314825301,10014,25578
288499201,5819,9108,12082,13098,16089,25865
2764620266,9948
3977630639,5815,6779,7770,16421,22279
3217902080,5814
2752103436,5813,22286,22731
2271688792,29500
3170293434,16890,22720,24490
2086374238,7917,8724,10077,13545,20362
820477038,6263,8233
1004596263,5812,22285
1039100357,5811
1074713638,4964
1205300118,5810,19821
2575287231,5806,7465,13755,15142
1792390406,2806
373419206,5805,7464,11674,12036,13754,15141,16436,26103,26770,28615
1383951272,10246,27897
829786086,17394
3966804943,5802
1329181942,249,6622,14178
932718304,10325
2459693263,5794,15658
3754410938,5790,15777,26503,27673
1352816731,12435,13962
3721239041,5789,6121,9467,12146,15776,24777,26552
3476087228,1517,4900,10107,19409,21312
2864695724,5783,21088
1000252623,5782
2716135905,29417
3064876354,10461,14125,25121
3854091320,20589
1248055599,11503
293823173,7162,14783,19252,26761,27612,29828
3967367167,5775,26659
3666737640,8099,17985
2965635071,5769
1231500515,14579
125628395,1235,6293,12543,17427,29227
361943653,5768
4071399561,7981,22978
2331621149,18797
533370772,5765,12000
2918316240,5762,28838
928804997,2210,4633
2545763809,9955,13240,16360,24802
1061440502,5761,11217,12694,28837,29596
2923367306,5757,6656,7990,19413,21600,23743
1733889224,10203,19037
278609978,12808
1356796736,5753,9546,10010,10427,10551,16864,23072,26023,28495
3779972006,18276
4063239273,5752,10550,17927,22832,23975,26022
2165727079,18680,20604,25255,25714
3005747747,9104
2726387792,6035
1888509725,24314
2650165652,10637
4026166931,22788
2450003541,5740,8974
3837169080,3602
1726873569,5738
3575642677,5832,17489,17849,21619
3207030600,14436
3248944233,1975,9181,10545,11904,17226,19073,19078,19736,20243,22513,22765,27462,28031,28216,29235
4206904029,5731,12166,13330,16485,26321
3038712306,5723,9585,12527
4090348840,5721,7650,9697,16081,19778,20600,21111,22755,23782,24106,25204
2604243871,22212
4275969316,5719,7329,7648,23780,25202
9578337,5718,7328,7647,25201
491105808,5717,7327,7646,25200,28105
380644059,7560
662831302,21371
3243083905,11177,11519
4280809419,1166
214351573,6135,19364
155998953,5716,15081,20751,25199
4269314513,908,1589,17532,27150,28486,28864
4258929289,299,27607
2811899990,5711
2061406993,5709
4027931361,10626
3495025455,1500,16308,18407
3061545177,5708
3054427514,21270,23015,23957,25840,27815
4256967047,4339,19516,21470
3672104135,5261
3548496834,5706,6146,13292,14531
2734956277,5704,8116,10575,25383
3411229441,12665
1741560476,5700,10874,12605,13922,14084,20612,25182,28024
1662351775,5696,17440,24170
2794523525,5695,10949,12139,17439
2310336219,5689
169324489,5687
642670752,11191
458924264,5678,7490,9063,11364,16112,17603,17678,19534,24807,25811,26180
1483013922,23233
1990553186,15894
1014187894,7963
2718158836,15386
2221981624,70,1658,10736,14371,14975,15614,15778,16546,24430,26504,27437
3125560377,5677,7489,9062,11363,11693,17602,19533,24971,25810,26179
1966438369,20660
4221394395,9422
710167595,10590
1948065731,5672,10604,19342
2953898459,5671,10603,11651,23814
1714219286,9878
306603897,15204
1924076829,9075,21784
2464728703,17235
1882732010,5668,20400
2204188027,24230
4150157933,6692,22079
2313649197,5667,28054
3757677932,7897,16449
4037331745,5666,15273,17770
2708733719,9145,9637,22169
3191203316,19991,26752
3664013774,10922
222417376,3255,4228,5538,5968,12351,14000,14836,16800,24910
82679560,8811,9440,26319
2886791722,27789
1021718598,13094
2417335897,7272,18367,22217
26801710,6387,6420,24015
3499553780,4664,7813,7815,22444,22726
3765816528,5665,6919
929751198,17469
3947519921,7201
789389597,5663,6917,14197,20108,29238
739824916,4996
1727603672,10903,12273,18875,20831,23854,25221
2899707301,3774,5315,7379,8444,13313,16813,17707,18538,20226,21307,23167,23364,23969,24242
2028530961,5659,10505,11108,13034,13262,19407,22526,26641
2782516793,5657
4132119479,18430
3323627220,6123,26554
4061107581,12299,25740
2270491886,5652
260636433,5650,21259
1510913833,5642,20699
341593502,5294
803993030,7888
1139404918,5636,13019,17824,29438
568220174,22532
3228546967,1861,12532,15744,25285
628526450,5634,5658,12044,13033,22525,26640
2081545026,21674
2530770229,5633
3201411737,6649,7618,15546,16365,19767,21604
826652898,4264,6151
4040147105,5632
3360031080,23992
3257091403,21800
2805912544,20003,29133
377222517,8445,24243
3102925537,765,1572,1887,2073,2513,4128,5070,5145,5919,7740,7998,8211,10391,10491,10935,10956,11330,11554,11799,13151,13237,14492,15369,15644,17387,17666,18119,18377,18902,19727,20168,22693,23004,23064,23346,23400,23721,24939,25047,26060,28234
2583651484,5630,9041,12355,17642,18070,27184,28874
760008786,11254,13762,21391
4069836228,819,6036
1801256022,10183
277751773,5629,6414,9040,12354,15887,18069,28729,29766
3126378983,2378,5192,12794,21487,25441
2833266318,5626,5758,6159,8130,9753,11384,16278,24408
883816979,10960,23024
2629331497,5624
2594286258,5001
234192692,5623,26271
1697107568,6742
3043491997,19852,25678
1305637867,15311
3942854966,2451
3699676206,5617,7120,12895,25863
3377598988,5616,7119,25862
3582969226,12909
652459520,5600,6200,13607,24771
1825764282,19349
3406477634,17411,22173
2065768351,5596
471145690,21404
3773055684,1750,29065
1159758018,5590,8428,21554,28258,29762
2541571234,5589,21553,28257
2425569581,18260
3751305119,5578
348293158,5574,17711,18592
567985255,9758,12208,12342,29508
2417087401,27876
261690713,5571
701231104,5651,13514
3767828243,678
4119460617,5566,7451,9122,11542,15913,16206,18492,19429,22355,26241
1303128513,5557,8200
3561055569,13801
458469899,5554,13932,18961
3060486332,5546,8540,13705
661021001,22373
4222420212,5720,7649,23781,25203
2158030572,6884
2622743640,5545
2596949617,15453
106976486,5544
3108110534,20424,23727
885903952,10202,19036
116744812,27259
4041087037,5541
1921572662,5532,12457
743075616,6355,10696,13614,17970,26264
2276668810,16255,16381,17987,19465
2907249843,16036,21671
1442059255,5801
416876946,23110
873402653,5519
3003578224,6177,25378
1332135921,16879
4098525670,5516,26394,29806
39044316,23696
2786128859,6273
1472787890,25017,27338
952716951,698
3088744168,5515,13957,25859,29805
2859107221,3710,7928,10037,11321,14938
3374641051,6814,10757,16869,27465
1555905742,23827,28909
1306698925,12359,14622,14654
746038212,11226
2170150612,900,15013,15553
243665854,5487,13637,14141,23309
1555790065,5508,13977,29255
213237188,10866
2494856065,5506,13975,16006,29352
3794786963,5494,8373,27738
3157422418,5493
3471969321,20622,25193
1704951734,7257,27401
491127267,5489,8913,9561,21723
2978973488,3688,9200,10561,12176,19082,22751
1832228828,10054,11287
2438827119,6767
2628368618,5486,7148,13636,14140,15789
2399900513,5485,7147,12845,21889
1694828266,29528
481132329,5474,6004,8071
1117415340,8824,22342
1403157205,28416
3458570406,10072,14397,25790,27148,28484,29356
3360244956,5468,7312,10386,14624,15732,24025
909705061,5464
3361313351,16564
3921884093,5460,5900,26003
1624806337,15285,16390,22615,27276
279675622,13003
2348635885,5137,9534,19375
635690869,5450,17844
936267287,21632
3586864359,5449
977200642,22057
2972204743,8048
2249570524,5447
1692243627,26337
1974354124,18134
1866478895,7142
1574008880,9434
1201944035,5446,21501
782618848,20174,23244
4249240037,5444,18543,18895
3987282099,6601,20478,26983,27318
1467078712,5433,20348
3397103635,8968
1808357158,7443,24812
2565738546,11592,17145,17505,19052,20483,23615,24739,29684
924114827,6324
178578938,5420
1528268503,23231
1076151375,5417,12247
2181322134,5414,6452
2091684051,5413,7276,8341,15123,15194,20552,25424
4281502230,13640
2706084314,5410,7102,12135,15191,16688
2450949291,5403
118195124,4545,19354,19754
31938641,7817,21810,24246,25493,27207
1108502764,5396,22433,24389,25540
911079116,25889
3405280884,5395,22055,22432,24388,25539
2374908786,26999
2853631624,5392,9800,11629,12801,17304,20834,26029
934095446,5391,17303
3492102202,8010
2135736745,4432
574996955,5387
4044182814,5385,22506
1090257175,16501
3253134309,13947
3939368832,5382
1998169765,9881
1129342110,6984,9727
3525192722,5873
3547283674,22091
3000761261,15099
1465881707,5364,25435
46153622,15052
1648215807,2911,7097
3050902256,5360,7058,9293,18460,22414,24154
1274220563,5359,9292,17742,24153
1965866044,5345
1036612675,5343
1546769165,5543,7434,11249,11427,14981,22353,27250
1368588026,9657,29241
1151673804,5342
3213255041,25512
2686359159,5339,5693
628461555,9679
1084820173,2056,2444,5407,17113
3513150316,10887,19432
3062616266,6685
2017603101,5336
212629533,25260,25775
578168853,1264
2247992054,125,15253
2378154385,5329
1266152899,8522
2987732156,6288
4060180418,5320
1573284751,110,8345,13169,17086
1345902328,9212,20079
3840415881,5319
4253664577,2218,3285,4459,8164,18971
749872512,5316,23365
2293874757,5314
3625022197,13487
3747241374,5312
2659951612,5308
716468550,10987
3879901331,13530
3776370416,6489
3021800180,5306
563548642,27613,28115
2123697194,5304
3537686492,8435
2374590947,9360,14420,21585,23056
1776746505,5303,8067,9542,22584,24123,26381
2459320201,5302,26380
2490499523,24122
402928116,808,9554,10221,11409,26245,27422
1722687009,7004
4281436246,5296,18993,24235
302836031,5295,18992,27931
411781885,7475,14009
4283503623,5292
2166117493,18421
765320435,5286,21287
2282154377,5290,11194
2387521445,15339
1977780658,5289,11193,13255,15581,21581,23694,25233
1870622865,24141
1529787011,5284
1598651109,26697
4000902515,15676,17141
297053505,5283,12404,12814,17668
685504624,6331
1512106760,5279,10039,13719,20901,23125,27644
299582004,11415
2600397534,5266,17710
2249503346,9573,23463
3809253455,5264
3305798443,14971
2344728221,6195,7200,8478,22686,27260,27478
927042321,4645,9946
2770291051,5260
1522079064,28401
762800942,5258,9371,9720,18724,19370,22384
3014555400,6359
3517082123,5255
4137091824,5254,5779,25878
527154385,5252
2096305268,4526
4023625471,5250,8773,23193
1870602053,20332
1285494934,9210
566872269,8933
901204505,6975
1660863709,20357
3239790494,5249,6638,8772,16504,17598,23192
679558842,14399
3024781487,5247,23190
3482764972,2655,9207,11859,21421,24386
2262565417,5243,10655,18232,26281
1993866466,9715
4169920025,1402
2103954511,5242,8577,10654,16002,18231,26668,27755
3583759197,18135
2595839058,9048,13228,19811
3786797770,22053,25537,29180
4256973363,20794
322850005,5241,18230
2617627714,27044,29087
3736828395,5240,18229
3500663351,7152,11671
2065060369,5235,23701
1388887635,1495
1501377091,7414,26961
3257026174,5233
3295165249,21360,26160
1933904019,5232
3283989218,218,11912,15478,21256
60571,5231
1654704865,5222,11299,23141
1757008632,292
2177892970,5218,6182
1957750776,5956,9289,20148,27248
34288858,5217,17479
3036256238,2645,15649,18183,26105,29263
3201777172,5216
1938673885,5818
219573134,5214
2394328286,20089
1839734189,5212
428246362,3372,6456
3763651274,5207
1218014562,1374,9393
1408573140,1706,21836
111731146,5206,13787,28386
255382413,3153,4607,16039
1386073676,7781
1531992424,17734
307281466,5205,12540,13786,19775
4073006210,10020
3293934468,5204,5684,24722
3247628553,5199,28834
2960053465,5198,28833
410278730,5195,19504,20895,26230
3190092828,5187,9674
1649025029,23449
964101512,20355
3084011067,1856
723339116,5185,8054,9312
537953837,20458
3280488418,5184,9311,17016,21683
20561941,5180
11802646,5177,6422,7706,15945,23291
2971143141,1906
3484479108,2794,3817,4017,5051,20012
2213188878,5171
1761213365,25996
3282430180,8686,29598
1588026570,3745
2312126031,5164
1872541817,10340
1179645286,6699,9279,14218
404791111,5160,12731
3706070994,25671
3595972196,2918
1507783845,5159
356186247,5024,11949,13335
630636356,5154,13538
275086511,5144,18901
4148210297,27753
3849840755,5143
3054656860,20128
4185026798,3705,4336,5019,5202,5682,7958,11847,17109,18306,19415,20806,23173,23524,24349
3627142333,5142,12508,14616,19449
4194429277,5139
2429014889,6705,7447,8298,10320,12197,12333,12377,13393,17045,18607,19718,20159,22009,22890,24516
1920289991,26569
2698397758,3341,11038,14536
2226654099,9724
1059717376,5138,9535
1766378741,5654,6714,10119,10759,12519,14005,16871,24198,27467
159740888,10841,11543,15914,17420
2872093287,5136,9533
3469350216,25091,26880
1932491300,2258
2822394461,695,2430,6350,11618,14480
3757565888,5135
893277194,15336
1571388621,706,3962,7677,8996,10667,15377,19556,22349,28957
2836020997,5130,9285,9615,11138,12387,13553,15700,16163,20776,21458,21819,22722,24492
4230878061,5122,11095,11132
4264248695,19938
1861251815,9328,17790,22420
1231698410,3266,11773
3887680889,5972,7343,21647
1550575758,17796
2641255632,5121
2696153348,5118
264975610,5317,15091
2677319626,5117
1850208222,5108,26397,27603
2489225878,5097,9633,19898
562015987,24076
4246277025,15648,18182,22438,29262
4084496314,15177
777278031,5093,6566,12614,16258,17779,27517
188591968,5091,5593,13690,15221,16847,19572,27472,28638,29485
2219239522,1443
1361430302,2175,16065
1366584355,10724,18164
1664459538,12104
2523412675,4293,5424,9913,10900,10974,14121,16383,18444,23763,25347,28178,28366,29506
3916922082,5088,27301
1624707833,5087,27300
2189413001,5086,27299
3872062325,10831
2014999968,5555
3469825201,5085,10024,27298
4123404704,5081,19751,20533,26090
2239977493,10319
508195267,8032,9572,21827,23462
3005615472,28618
274841386,24152
1244754472,22344,29460
3208924226,4527
3705769794,5080,19750
635663688,10158
3606351872,5077,11842,19119,24640,25188,28267
1578433879,28190
2942818388,13123,28163,29422
1801266340,7688,24966
2079150712,29728
3728434819,24450
3210574596,1069,5681,6657,6876,18305,19414,27238,27998
2008407800,5075
955953571,5073,6576,7973,9342,9609,11333,12336,12772,13793,14639,15851,16043,16157,21236,24903
380204616,23026,24823
2983194176,22673
2748716897,5072,7972,11332,21235,24902
1871890067,23235
3356565803,5669,10601,11099,25668
3877909189,3502,4602,12760
3324484715,7186,10548,22830
49967387,12547
4272473506,502,24730
3988807796,5480,5595,13627,18470,19348,24336
3864674216,24718,25152,28117
908831247,5066,10145,13442,19066,26224,26786,27538
607751027,22034
3957769800,5065,10144,11676,19065,19929,25227,26223,26785
84307046,9901,10103
597942099,5063,12883
4249860184,4936,25542,26292
2924831561,8448
1009408735,6844
324210983,6194,7199
2994213407,3619
1797856167,5060
2180048360,17338,19420
1694256372,6030,12688,14973
1648326959,5059,21277
3157509371,6758,13136,23216
804559605,5057,11261,12380,14341,15834,22012,24214,29468
1787362606,5052,20013
1016076579,21959,24463,27686
830363582,5045,11044,29102
3027770346,15115,15626
686429307,2215,8151,8944,9255,15560,20549
2649545115,5039
2040094762,14045
3138820614,5038
2755744130,5037,28844
3478854251,27322
1031630198,25812
2332379504,10802,15859
3810175844,27071
670342180,5036
3301412497,18564,25145
1563262748,18102
3596093228,8807,19111
3843539305,5032,12609,16491,19665
1588779778,18285
4017919660,5031,12608
2593851098,18742,25723
1963488566,5265,10691,12837,14960,17709,21309,27747
3566016262,12497
1194946234,5030,10595,12607,22087,25389
1943649751,21128,22004
3949578902,5027,24575
2236593522,21294
2411445734,20826,29691
2488435204,5023,9977,10733,11948,13334,20956
1795042062,10961,23025
1764677153,5018,5201,6945,7022,7957,8648,8879,11247,11846,11934,14301,14707,15593,20805,22146,22551,23172,23523,23972,24644,26117,26479
1470525110,8611,19854,24091,24631,25680,26720,28932
1488375490,5016,8489,10152,18279
278792557,5014,26958
435714114,8092
110694214,13367,21947
292769812,5013,26957,26975
551988270,4512,10209,10509,10764,14792,15331,15911,16769,17230,17375,19427,20741,28123
162336722,6843,15075,16931
2834382232,10219
49548428,5003
4151298330,25783
2111874261,1575,1650,4019,4071,4596,5300,6708,8214,9058,9952,10399,11635,14039,14438,14861,14880,21518,21539,21936,25529,25642,26378
81305909,8391
3082738928,27509
2113712699,3248,4815,5951,10377,12611,24663
1961109030,5000
1567780045,29148
3370426148,28020
128822430,4998
595772483,16048,19303
912226196,4997
2336947215,27449
2102726996,20691,23809,29672
950352722,12589,13964
2887711118,2160,6526,8014,10091,14270,14731,16658,20883
652947155,4994
3304879479,25604
1053085291,5094,11733,16259,17780,19164
2610319053,4984,6562,7834,8140,10943
1276144446,14401
3785846932,9159
2885597048,5796
943424336,4977,27470
3631554254,4975,12454
1206768400,4973,19603,28146
2850685453,24762
2177111135,4970,6750,6972,7128,9246,10422,11141,19916
2645054958,14571
3471142974,11473
2403045821,6391
1269032450,11524
31751258,4969,6738,11140,21983
514501133,18791
1929320814,2007,21185
1481779354,7088,7681,29006
3826207433,5579,24820
1242780139,4963,10456
3974228833,25237
4289294422,17872
3088232984,4960,18912
2856366741,4959,11741,17812,19875
3251540840,8316
1371664670,4958,15858,27004
2170698877,8664
1508201632,28603
1490541610,6602,26984,27319
4233211433,2946,24678,25050
3855320380,2927,14548,20509
1505213595,4954,6059,17605,20620,28277
1399736705,4942,6985,9728,14719,23388
2894050742,4941
2485521735,28428
1595412926,7585,20616,21483,28978
3938782560,7446,12376,13392,17044,20158
1316922586,19919
334619208,14262
1600536884,4938,21649,26813
372303193,4935,11586,14752,16170,21211,24178,24205,26291
2218847213,4932,10613,18699,23298
3025028425,18737
2181871625,4929,16273,23754,27450
2817314101,4928
1467122076,10242
2312565402,16824
1686225859,4926,15065,20951
108386191,26255
1427566699,12288,14796,17856
1074096346,7218
3873665456,15050,20841
4222624406,3120,3525
1359965687,4924,21607
1466426240,11189
1527529402,4923,23808,29671
2622567911,15992
2907891658,2248,5318,7509,12975,15092,16576
1500064009,5542
410317573,4916,28055
3702622829,25939,28435
62319051,4915,20399
3071383802,7931
2477495839,966,1404
2608840646,4905,5376,19676,22575
494870774,15752
2799940647,4897,5482
3727746600,8120
2251984542,1802,2434,14727,26259
133835848,6636,8770
2588587074,4894
3181980440,5256,14691,23108,26916,27776,28010
738817935,4893
3206887018,20025
3199457984,4892
1671724915,27385,27885
3320546314,7884,26488
649585062,29576
1961477919,12491
1556955450,441
3686543314,4889,10359,11066,19920,25472
857642347,19710
644102605,11759
191060061,5828,17543,28753
949160395,12452,21611
3156650292,9853,17107,17923,24347
2436381025,5530
777239528,3601,10516,20803
4078455460,4888,11065,29719
3978319808,5982,16403,19166
3290394357,3371,6455,19771,21241
1799934771,1051
4129258255,4887,29718
1907787141,14523,17117,21137
3686899401,7927,13413,14937,17634,23439
930344838,5926
966411595,4886,29717
117476258,4884,6426,21809
1773690548,29223
4273264870,4881,5178,6423,7707,15946
2097448169,4880,5333
2147842207,19220,22668
3254793979,5181
3050015447,4877
1670591011,4876,25239,26584
3036648433,17299
1416026516,4875,26583
2012343301,25461
754523015,14287,17215,26735
2302474070,8606
1537732970,4874,17881
4241760839,13954
4028529569,4871,21641,26328
1758767115,4869,5849,10649,16344,16917,17838,25995,27035
2399365835,144,11511
3035962072,2402,12375,13611,18966,20157,22488
343875516,6888,11281,13930
1237658202,26202,26286
1891850196,4868,5848,9290,10648,15594
1235307773,14511,17904
3690963394,4867,10892,24759,29337
1270713271,8683
885573126,4865,10098,29687
358189318,4864,17147,29686,29804
1025799532,4859,19333
658434024,21715,29702
3265420867,13233,14916
116281631,4857,19331
481665228,4852,11530,15903,22768
3349867058,4846,5599,6199,24770
3056215081,202,362
3395765635,4845,6582,13652,23893
1448306317,2441,28340
2276078076,4841,20253
1160738082,25579
4221294442,4840,6774,10245,27896
1531757650,18647
166961845,15899,17908
2205126320,4837
1830445215,18357,19095,25685,28902
1426629661,4835
345735666,1151,3462,11765,20327,22620,22698,22917,24383
2646152753,8221,11400,12716,16015,16073
2137359134,4831
584812030,689,14284,19237,21388,22303
3834885875,2601
4036755093,4830,6067,6327,9333,15213,18867,22251,25321,29177
2708146221,4729
3696374832,4829,9180,14488,15782,18866,22512,27461,28215
3389816309,4828
3497370096,272,581,1329,3963,5355,7122,7678,8594,8997,12531,13873,14144,15378,15500,15743,16359,18704,19100,19142,20041,20938,22350,25305,27049,27587,27825,28182
1487109484,4823,4974,7603,20068,23033,28147
1919323182,18714
124992970,6147
1726632592,16948,23643
3126285733,15843
640824005,4821,11709,18095,29266
424976005,16668
3173680026,4819
3281636626,4818,6991,14812,22937,29660
884858182,28418
2777539550,4248
3820740442,4817,6990,10237,14811,22936,23036,29659
67747637,4814,5528,5950,12067,24662
2982327630,16234,25296
706691127,6492,19805,23846
2687544075,1930,11731,19790,20275,24357,25943,29617
3206316861,4813,5527,12066,16573
1234465564,21807
2030104823,2792,4015,7794,8117,8963,25384,26236
685166903,9402
351232856,10811
3686522091,6943,25019,26477
366710987,4811,24209
3148379704,9012,9204,24987
2748664257,4809,6464,9036,14585,25937
3656490049,10519,15625,21766,22069
1225044180,15511
3085451665,4797,18062,18529,21485
625004798,4793,21159
383460352,4792,21158
3644543979,28693
2825473701,4791
1106976208,4790
4207863585,757,19001
969575941,4787
2084011617,18079,27021
266610270,4786,7756
2063914722,4784,20869,26973
2846278177,4781,25546
2462072885,4778,15340,27843
3750049979,1907
1090751426,3503,4603
1192033066,4777
3113642742,4775,15750
1735755312,5048
1440329107,4769,5363,9917,15823,17932
1768165678,14151,20278,26805
2276090532,2130,8085
942925960,2298,3575,5445,11292,18896
3836740351,4767,7609,15163,20120,24285,25418
465108914,4766,15162
2032278958,23093
2012780957,10126
3274791321,4765
3017599703,14487,18360,18865
1339010756,7386
1580620144,4763,7334,7431,11424
1186281437,21152
3956244320,4762,7333,7430,9602,9910,14679,20334,21467,26512,29817
2244607245,18705,18960
2300980503,10109
2587571602,1564,6429,14102,23078
798896710,8856
1719847898,4761,5113,7332,7429,9601,9909,11021,13835,14678,16594,20333,20417,26511,29816
906728166,4760,5112,9600,11207,14293,22157
1151112742,15602,17991,20213,23921
705062230,1754
1879736459,4759,5111,20635
1950833084,4744,5082,5892,6393
326328205,22924
2638377257,4740,28015,29031
4034559225,13001
1190640180,1909
3078296025,4731,5461,5724,5901,9338,9586,11481,12528,21744,25895,26004
1510158837,28730
1410175350,27916,28829
474862540,4730
76924432,1006,9691,20267,22857,25218
3808484510,4727,9605
2533680371,21574,27812,28238
4280081746,14191
1990666827,692,10577,14215
1345124902,4718,11596
2137144272,29497
2056928699,4715
4175993437,13207
1004464275,4714
3790776582,8853
1964397477,18999
3730682443,4699
191185777,16703
3201371230,384,5152,7589,13536
3879109920,2971
2387249357,5419,18275
3225035304,18522
1901831807,15711,18567
1564941824,1126
3165538767,4698,8287
1414408567,4697,8286
1768234225,14620
3203323087,2359
1639498577,4696,12616
14344217,24504
1268025837,997,10977
2962925241,9197
4201523299,7797,17515,17897,24756,25387,26239
822549101,4695
1057124463,3620
2369184409,6741
2523570933,4687,9085,9175,12007,20493,26494
2406362404,9772,23028
2893593928,10425,16862
1673154698,13813
2145541007,5829,28754
444325304,27854
157986170,16967,17181,17417
2752145719,4686,12006
2043732169,1900
3519783542,4685,15147
2469630950,11748
1683824236,4682,28128
2726571953,17231
3530835575,10522
2265650520,4680
286045685,4678,16106
3525120104,4676,8779,13052,19543,20799,26025,26797,29196,29204
829474158,12462
805606137,4670,11822,20572
3630806974,16116
4151353474,11158
254105373,1984,7303,7745,17692
1340338109,4669,11377,11821,28608
3446663615,18389,25276
3016859295,17030
333319984,5291
668731872,5637,13020,14660,17825,29439
2140161811,4667
1344607896,10166,28586
3543472925,4666
3495521677,4660,6666,14507,14768,23397
1795252692,25012
2332996506,4656,13775,19901
1407843669,833,12217,18021,23617
1170114581,4654,13475
1308376421,4623,16919
3194284258,4652,5809,13473
950245056,13385
739070266,4773
2257534030,4650
2471969430,9527,21214,22475
4253123646,24237
1891500573,14190
958385626,4649
3153615141,29106
714912627,17548
3766497593,4646
2126391272,7590,23608
227862097,4644,5379,9792,9945,24600,29778
1984593888,18242
2440901094,8382,12455,15233
3840991237,4643,5378,7588,9791
539653396,459,7384
952723110,8766
1937299987,6690,21228,22077,27794
1758652674,12953,21941
3952055683,4986,24869
2155569040,4635,7029,12624,19838,26176
3917399000,12698
617301279,4625,18598
3208941053,9693,19903
5736475,4622,12495
769950912,13939,14669,20228
3118399660,4619,19756,28763,29078
1827864139,7684,12734
2575775798,4618,29077
3223361945,13858,20113,20821
3707238836,4616,4655,13774,19900
1699336270,28080
1261010411,4615,13773,26212
3275170281,9300,10007
1691422062,13375
1558676278,2097,9421,10555,14466,19950,21015,21134,22966,28672
876143419,4613,11323
1187802443,4611,13717,17429,25207
2686081021,23224
917701016,4606
2998947244,18683
3165804890,6727,7399,7882
164715615,4598,7497,10401,21070,24238,29160
572566136,4597,10400
3324043533,11818
1477298787,4592
2137970167,4591
3925284141,13273
3446934040,5641,19879
4289828179,115
1450266301,4584,10689,14958,15297,17217,21021,28019
151834299,4912
1862405381,14368
2328056718,659
3230902850,4583,15296,28018
3216967282,4582,11915
3835334352,6063
1973070985,4581
2946965212,4576
3944910963,4575
3523917916,3549
306040836,4574
635882717,4343,6590,23477
3956622356,5197,28106
1581083512,4572,9276,10128
1659389164,4570,8590,13351,13660,18552
1227615917,23801
3957040438,14429
2856939315,4568,18974,20818,24914
1018732777,4560,5397,14636,15741,21105,22434,23652,24390
2970092292,16411,24581
2925877972,12891
3023008093,3736,21760
2716978163,10806
856866297,4559,21104,23651,26009,28007
2607133431,11761,25601
2319496144,11725,14510
2465930373,10536,23116
970134876,10168,23756
960135242,4556
1763642217,28133
3758440670,552
2641964825,4555,7930,8781,18899,27073
3763018509,4554,7929,8260,8780,17430,27072,29205
1835687553,4553,10628,22635,23123
2715845178,10684,10957,11479,16539,21742,23347
2430341834,6583,13653,19650,23894
1412215354,14413
639300199,4551,11199,13056,27925
3689392626,22988
1460695279,2919,6600,9830,13109,27317
3306450344,4547
265272956,9330
12247030,5259,7872,9372,9721,18725,20716,22185,22385
911315450,4544
1374336657,4541,8549,28565
1748969332,326,9993,16391,23378,23472,27220
1675128847,8475,11097,18350,21726,28141
399333936,4540,8548,28564
251337616,4538,5754,16865,17639,27572
1432650442,5248,6637,7141,8771,23191
495838067,1311,3882,5784,7857,8205,9743,11964,12921,13092,13278,15854,19040,20765,21089,27013,29064
489874275,4534,9354
536343904,4529
1257463797,22308
3232802808,6400
4107278798,4523
3361576154,4522,12839,22540,28243,29556
1055234052,15239,22652,26424
310916822,4518,11373,28641
1782835384,5338,5692
1630991576,4513,9519,10765,11428,15332,15912,16770,19428,20742,22354
3082300956,1636,7926,7979,13218,13412,14936,17633,22470,22630,23438,24974,26948,28048,28292,29748
3028562563,10864
2701264930,4497,12323,27659
2905404387,13580
487806499,147,8420,25892
638495071,4494,5346
2577496358,7165,22472,26950
2882810150,444
1920313245,3547
4141311645,4486
1833375581,4485,11112,22254
1843385854,28302
471353810,17945
1748646391,7003
3588705282,22341,24231
3199336500,5648,12874,19253
2402869239,4479
1227652340,2048,4160,7449,8268,8793,9650,13395,14996,18404,20854,21317,25085,25952
219026018,4373,9620,11613
4149267770,4475
2081139730,18024,28904
1952905349,742,5483,7145,12887,21887
1861623343,1985,2071,10389,10489,11686,14393,18117,20055,23344
785236005,4470
2190032226,12724
1078389109,7922,10297,10867
3957491410,18859,23038,25032
1245585528,4469,4713,29197
1557037459,17021
3985997399,16191
752221158,7906,9827,18839,19389,19772,21242
3078421038,4468,8259,11643
2422125651,24604
169059016,9304,23356
315738033,2306,15262,19645,22481
771222647,1516,1713,1971,2952,3201,4899,9877,9904,10106,10231,10506,10836,11722,11766,14911,15396,16028,17996,19206,19408,19424,21311,25916,27353,29315,29639
971163915,4467,10327,17151,25067,26680
3209963804,23368
2606901044,9209,14781,17307,18081,29023
1608908515,15076,16932
3463377914,5947,11260,12379,22011,22329,24213
2669332427,5751,7187,10549,19359,22831
3417214315,1823,1949,3399,3990,5062,6417,6522,12680,12882,13388,20048,22804,23863,24688,26732,27749,29426
3436995082,4466
1615051084,2894,4154,12668,23282
2892253694,5370,21865,28081
187118499,4463
2268326601,6353
1270046944,4461,6093,6252,8496,14079,23859,25597,25818,27125
4201149893,4457,14461,20557
873027674,18103
2394694344,9935
1045575153,12236,19122,20127,25016,27337
2555995448,40,18302,19202,25495
3136989607,7615,13141,14328
1596634675,4456,11704,14460,19686,20556
632040013,4455,11703,14459,20555
334060041,2561,5451,10983,13688
46487019,4454
1730527207,13252
2164842930,4450
3300109603,5948,22330,24660
3107025752,738,2537,2709,6461,7804,17521
3202176511,4448,4490,5644,6260,8027,14250,17199,17650,18217,22163,22390
700250596,12968,14926,18382,22371
777625656,7172,7551,9462,20018
1909977724,24819
675652722,13694
2462489635,4433,13242
2281168128,10095,10672,16394,19274
3898935519,26268
31313583,1771,3517,20948,21688,23436
2102458856,4431
606528235,428,1124,8300
3126821593,6016,18803
1874289965,4426,14160
1552434606,8153,24019
1150951753,17773
3210657856,4425,8359,14159,26165,26574,26587
3230915061,11471,14501,14810,29494
3072231923,4422,5910,9287,12601,15158,16352,18948,26739,28947,29283,29811
4287216289,4421,29282
3065571904,12643,25650,29688
2324596454,4419
2253316753,7114,13016,14405,19923,28200
445460528,28412
699628603,4417
1415663955,58,1492,24302
3014294389,5213
1280469487,27670
225071098,1233,24899
3194576806,4414
3148281594,29331
1578994559,4413,6107
376074744,4408,4639,14265,28789
2634860099,10726
941738714,4405,12024
460113464,4403
2504483929,27503
3005365339,4402,19481
2128957066,4401,14201,18836
4067649781,7674
1686588877,4399
3533836248,26743
1641681853,21547,27126
1713504417,6431
2583922430,4398
3915779920,5729,13328,16483,22563
1599551853,5492
3755575970,4395,5353,8038,12369,15323,16032,16154,19524,22612,27823
2201879237,6116
4291594634,1130,1135,24772
3682773730,4394,5352,8037,16031,19523
4189554275,20771
190548973,4393,5351,8036,16030,19522
2992643806,4387,7670
254762183,3865,5496,8375,8464,24672,28697
643732522,9054
2757562608,9296
2796544499,2769,4495,5347,10780,16959,19606
1195068985,18834,19092
1020885129,17257
1431628450,15049
1878373024,1557,7470
2779368324,4385
1824397090,1602,8802,29863
4148733610,4186
1060945341,4375,5584,6444,8912,10247,15347,20039,21536,21570,21722,22083,23211,25303,26300,27047,27406,27692,27898
976283529,28445
497149395,4372,4690,9619,15730,17682,27200
164829921,4273
134765817,3501,6246,28728
1381352581,4370
3204775216,446,25114
1865274115,6668
266506919,2936,11002,11829
478704132,27553
3844557801,4351
1589622675,4342,23689
659888056,17023
4162034937,304,708,2030,6235,15228,23455,25532,27409,28707,29229
2057789764,3031,9718
882621170,27643
4210494224,4332,20477,26982,28250
3145492459,4329
4268389334,3588,6000,6375,7371,22878,24627,27281
3226418412,4029,13948
1619613470,4321,21701
723590656,29562
2768233043,3790,6296,17346,17760,24838
2877920545,746
1740633025,392,793,1639,5471,8068,8988,16340,16562,24124,26382,27969
1629742355,4320,4533,9353
1960245907,28755
1471561994,19315
3608437509,4319,4532
2215763423,3111,13517
2618019810,4317
3968259178,397
1600373376,17952
817767059,15691
2818580716,13955
3026799316,4316
3869934899,4314,26206
534986167,4308
1862658240,42,9065,13366,20703,21946,22202,22724,25154,25491
2516901646,8063,22176,24817
1187993427,28760
293771658,915,7316,18843,19044,23620,23797
1850173702,12577
2566908394,4302,5223,10856,23142,27484
1621046613,4609,5726,9588,12530,14550,21746
46748003,23286
2842699652,4301,7694,10855,12194,27483
3096887936,12524
1146368068,4298,12191,13355,18556,26556
889260345,17341
982984421,2699,14260,26126,27730
4160352061,4296
2080830749,16193
3260222029,4295
1018544648,19783
564512423,2214,8150,15559,20548
1084777984,16665
2925713174,2559
167701044,4294
234659214,7730
2077880173,20238
886805516,15950,29772
1550033169,4284
806977740,2865,6501,15058,24260,29111
583798248,1079,1290,2323,2610,3753,6050,12051,13287,16906,18628,19290
1508524984,4275,7570,13821
1342349413,5888
450248389,2723,12785
960409665,8600,25475
2710665108,4268,7055
2989289378,25116
2807020985,464,17860,22067,23647
1502132523,4261
1235617618,1969,10834,28241
2185707304,4255,10275,10895,10952,11495,11898,13196,14116,14180,15466,16182,17399,17930,18510,19614,19816,20202,20893,22029,22593,22835,23978,24647,25043,25557,25900,25941,27060,27626,28173,29249
2364591731,21339
567780890,7299
4282143654,3522,6938,12753,13520,15566,23277,27415
538877305,11677,15844,19930
3152894739,2193
1345325937,4254
2597269837,4253
3279094885,27574
2604312385,855,1770,2583,3279,3516,5148,5157,5324,6447,6914,8217,8570,10089,11550,12212,14741,14855,17383,20405,24519,25432,26147
2988418781,12914
2715780945,4251,5431
3449910883,270,14226,15848,19098,24129,27489,29411
2377364536,14189,23404
3625313718,11443
2266893001,4247,15928,18241,21630
1225553791,22672
1865928810,9828
3036464268,4149,7215,14334,24931
1534008472,25286
767648347,17256
2171800038,3243,4955
3604254035,4241
3645081094,10808
3849032498,4237,5776
4176982990,17621
2709157537,4234
1251399547,6361,8365
1668363720,4232,6761,20002
4280027111,21327
3397681514,5381,29780
4290149146,243,2173,3634,10585,11823,20052,24835
2497521524,4222
1862381369,470,7195,8056,15149,17685,20475,26142,27649,28248
3950029894,4137
2178320962,882
2167388247,24380
416539734,12986,26290
2044719215,4210,26513
1866333795,10658,14377,15808,23480
341493978,489,5477,18343
1468745475,993,19922
2405447121,18650
2713353589,4208
1755674122,7260,15017,22381
2399535918,327,9994,20472,23473
1984036987,4206
316772546,14277
3443161972,4683,15145,27632
3428146088,26334
849628640,345,18284,22462
1864283019,4202,6458
491724993,18810,20077
738733947,16492
1079274182,4190,11975
1213484775,12996,24968
1994150289,3626,6242,21541
211642163,4189,11974,16653
204635117,8477
1327538773,11832,21005
4269539061,5517,15826,26395,28965,29807
380570517,4187
4013311380,29302
4170452158,3439,12124,12244
1279992400,9617,17680,27198
3412860282,286,13678,15880,22585,28442
1344594081,221,3679,9392,12539,13785,28050
2402659303,3308
708740508,2303,2624,3663,5586,6555,7352,7952,9093,11393,12150,15997,16305,16676,16986,18490,18588,22085,22995,26392
1332869335,4177,5371,10258,28082
1026479998,9176,9578,14737,16147,16363,20494
3629789081,20942
2961240286,19495
4069528770,4427,18707
1958911934,7239,7754,8264,10052,21313,22151
4120098535,533,4590,21621,29403
1705879587,4258,9458
4244570981,4175
2015849635,6949,11470,13696,14500,14809,17776,21495,22820,22904
331168366,6475
1948855771,6360,8364
3723559452,4050,7477,24056,26080
3201881888,1993,3113,6343,13513,16612
2815819263,4165
2771451295,4152
1908188549,5824,22456
4131780849,4151
3804611914,25766
304431542,1377,5017,5200,8416,8642,10482,16330,16520,21764
4016904915,4135,24361,24403,25610
3527887236,29395
2765485835,4530
2100702969,27,3420,5895,6011,6086,6312,6495,19808,19946
1993721488,20755
869726638,4134
622108337,4123,11238,25902,27083
1782653015,2570,9260,23150
2145043350,1765,2203,5935,6213,8554,11790,12583,15785,17574,19739,20247,24321,24535,25105,26094
1681798745,25352
1788658587,4118,12411,20178,21496,22821,22905,24589,29595
2210705007,26046
1993437895,14402,17081,26128
1504972483,3999,5943,10799,22374,26985
443388553,4110
2489043738,18928
2123825743,2312
2890018779,4109
948820359,1616,11757,12656,12835,15430,20527,22143,24161,25753,29612
2346776232,22391
2465139509,4101,13609,16103,17754,27742
1927015428,24524
2980151689,17483
334220256,4095
744096978,17128
2661199046,4085,8488,10151,10170,10193,16138,16914,17536,18278,25061
1991828113,20466
3907979059,12872
3010634011,3616,17433,28391
287147576,4726,5400,9604
2690046301,4069,4594
2149647376,626,1109,4737,22320,25853,26076
2606982822,9382,17595
260052453,15130
2995106588,4067
2073200867,18603
1565610191,4065
139650398,13125
2803537472,2568,3537,4167,7080,9258,9445,15047,17124,18323,19907,22710,23148,24636,28600
4082745150,5126,24338,29799
2128520221,4059
1872973070,10965
3491542309,26134
750640059,10862,16979
1497019001,4047,25408,26456
4035397987,3374
1563894617,4260
4216054916,5307
2705608334,12663,14356
3331420904,2262
3717997209,1763,2249,7184,16577,16884,17372,27056
732341366,4045
2091975899,2788,9784,20403,22060,22948,23101
1835751344,9179,27460
2888300458,17567
3452688541,258,422,20207
2851335230,4042,13808,25594
176422987,29380
1816979907,2240,6170,6878,7716,8696,22148
2564558683,3690
3066057037,4034,14052
294379814,2292,10939,21175,26315
1865759039,4030,6169,6877,8695,20580,22147,29338
1370593560,4768,5362,5985,9916,15822,17883,19953,21261
2600304335,6503,7381,12683,16534,20529,25191,25755
1344455224,6137,18432
719195333,4026
60151430,13156
163219637,7685,7942,12707,19155,26902
3561642808,9711,18796
462662736,4021,10958,11480,11637,11697,21743,23022,25803,25894
2648165117,4018,4070,4595
2561012015,4014
3779036111,4010
828079086,8931
3613874883,3035
996052437,23371
3105692445,4471
2669153153,4008,6519,12677,20045
480328600,17152
2827633431,12859,15704,24808
3681149749,4340,19517
1680464622,4384
3223280671,8436
1891962258,3061,16177,16839,20573,24033
1600661866,248,7714,14177,26905
3286642332,24599
1014103402,1335,2729
3157216009,20705
544985142,4001
3823066549,3348,8265,9647,21314,22152,29257
184819251,3998
2926840558,3985,23531,29530
1549309555,841,7660,15258,15972,16113,16164,20777,21042,24493,27416
611850294,3982,11892,14820,16875,18770,23528
3272487466,27226
1726155889,3965,7616,11546,13142,14203,14329,15237,16131,26068
737282166,3393,4080,5797,6483,19850,23262,23316
703183157,3682,9632,19897
447087993,424
2718631325,18472
2817329512,3942,5349,13148,16275,28588
2820306264,1220,6633
1493984137,20428
167503125,1850,2922,12228,23217,23799,26434
12444533,4090,5580,13662,23094,24369
3909705487,6396
2151051376,4338
3531829637,3937,8440,21506
932318433,3675,5331,6989,10236,11336,16055,16367,20657,20690,21606,22935,23622,24624,26156,29141,29658,29678
1511119995,11168
1509436252,3929,15983,22103
2231462597,3437,11582,13028,13799,16552,24174
3638858,3618
2695485329,3922,21365,23668,25081
2208768791,28385
3597059880,16648
3059521714,3917,10617
3905414830,8159,21828
848388612,16214
3395210562,15929
4075648382,2934,11000
3094384741,3905,19586,24960
3953381696,1425,2691,4719,5453,11597,15806,17956,20773,21557,24064,26573,27862
261498829,731
1256937973,8825,22343
98625613,625,4736,22319
1047945189,18442
3680895092,1194,3386,12242,12569,18853,20971,23802
4245827514,498
3906625347,1041
2683657955,17270,20570,24562
3939653115,996
1210858391,3903,9892,11469,13695,14808,19584,21494
172773938,10036
1021100033,3119,3203,3206,3524,3944,11366,12857,13894,13897,15702,15907,15970,19536
2668366219,847
2672905866,3366,4920,24510
2585541740,3901,5722,9584,12526
1785608675,5015
3778916180,3893
1850114126,26875,27345
2120219921,10343
2377527440,20824,22257
765876917,5904,19115,19526,19583
99226040,23883
382904603,22379
3749478040,3892
2217042198,19795
290069026,2369,5611,6468,7524,8192,11849,15424,16866,17008,19417,20674,20947,21687,25465,25691,26044,26257,29214,29729
662817036,3700
2205395537,3880
439316586,5884,14923,24959
2426038196,2516,23195
2662078665,23886,29050
3594640933,3878
4002936966,6995,11492
3946605533,3877
3675930759,8306,11811,15359,25931
208693495,1448,26438,26871
4169008795,25664
850209959,300
4165474220,3876,23307
3523122536,23550
3437714351,1376,5713
3479354536,3874
1293001110,21463
3397217152,2498,19598
1331341609,6218
3196928853,2445,18184
1915280323,1119,3128,4966,14065,15007,23511,23998
3368067766,3870,24710,27110,27425
3590405736,14088,29473
3551538264,9969,10982,13687,22451
823689903,14013
4179813851,3864,23228,28696
2240128850,3854,5006,5484,7146,8507,12259,12844,15281,17982,21888
1295902071,3849,4205
1346057007,290,3187
3583391570,8925,22581
2965596077,18900
3990558562,4166,9444,22709
3617319378,3830,16628
2169328639,5337,5691
3039738265,20640,28403
3093438099,4804,20649,25919
2079799107,3825,13987,16623,22274
2403877143,4147
888595001,676
1732522981,10295
4204164932,3824,11775,13986,14658,14666,15528,16622,22273,29407
552036213,25752
3387420866,8074
541081460,3821,5467,15731,24845
1280682972,6308,15028,23925,29349
1989400847,3814,22557
797552533,1200,6274
1763025867,16702
1763347192,3806,18201
1762162361,4511,6348,10508,14791,15330,15910,16768,17229,17374,19426,20740,27058,28171
533041699,1420,9960,24245,25064,27206
1385929818,28761
3494721528,3805,4341
1149424301,1368,16244,18959,26773
2825786796,19025
3411086710,3802,18561,25142
1146523347,5074,7940,12773,24904
3410709209,3801,18560,26429
696295107,23561,24227,29610
1995630583,6820,19009,19162
3840910087,3797,4856,8830,19330
243564300,7956,8131,10517,11933,20804,23171
659826811,1464
3853707340,3984,10725,11894,23530
1836486767,3793,4918,7774,14283,14874,17349,17763,19659,20984,21383
3220410590,3788,15532,17758,18877
3041872108,2566
3985770722,3787,18876,20832,25222
2077891886,16216
3273323710,1441,8303
2469728444,1869,7422,22599
892083202,17964
2318252082,15445,19285
3892114785,3785
1951021347,170,13818
3106070391,393,1640,8989,27970
390398580,3123,23723
4158332648,2003,7733,14440,14863,17173,18409,19729,26098
3810106319,3784,9883,16763
591323003,7091
3620089440,3782
1493332657,7792
1783542594,2464,3617,10443,28392,29370,29524
268103435,22101
1915292503,13817
2731149531,12551,20234,25358
626920636,8972,10993,16822
3966541332,2542,3715,6154,8896,12172,14034,16584,16680,16848,18933,19104,20745,20991,22312,23788,24070,24280,25245,26312,28592
4150319163,25362
1674651421,15864
1746679633,3781
4008424383,3779,4493
744206848,28388
770054231,7933
1475594721,25743
569471074,6144
1864552207,2586
3617927658,12657,13200,17485
4031755699,7624,13851
1421838916,13097
4188331489,3934
3867968974,4747
1810661311,3764
3087838913,20386
1823052301,4833
259497704,2759
3887809633,9899
2830155355,3763,6865,7968
2995496732,3760
3829439301,4219,4672,25738
1354414209,3756,6053,17508
273879026,2715
2506909884,17032
2539659328,13526
2726207770,1076,1265,1287,4524,6885,15869,17805,23708,23945,25468,29123
3370078805,2452
194536309,12097
3761822194,3739,7631
3006893281,7967
1455468797,3164,27494
3685772769,5404,24171
1512767203,27721
1363980875,3729,14564,15713,19379,23268
3919849803,28843
2197881981,80
1317271539,3725
2183520202,926,4031,20581,29339
3732589468,2366,8322,25688,28682
2828417693,14947,16474
80883295,3724,5699,8326,19476,20611,20865,25181
1373664194,831,1934,4434,7635,13068,13243,13368,14012,21948
3259392089,10067,24852
3738355349,24567
3336879041,75,681,1346,1360,2812,12931,13557,15576,19439,20645,20700,21861,24419,28289
4036583508,9480
985202309,5412,15193
2096810879,1556,7469,23380
3876540083,3718
3685592913,3717
1033163170,10568,25684
3297078046,13869,23366
3891310795,3716,28593
2219921127,3810
4134343204,18133
1864888994,719,11341,15276
821821420,113,1911,2395
3172262383,2178,10693,18775,20328,27371
1978490599,22884
2149564029,3712,6166,7783,9406,10630,11509,13563,14940,15108,16670,20801,21003,22336,22637
59596639,25338
1167460974,6786,12640
1840851135,5344,5862,13015,18792,26621
1810106759,3711,4677,6165,9405,10038,10629,13053,13562,13718,14939,15107,20800,20900,21002,21155,22335,22636,23124,25208,26798
3489999099,10997,16211
1951328448,3708,4564,8991,12406,27972
2588685442,23158
2372729336,1506
498560454,19826,22402
1831480819,363
854562848,3699
60399498,19755,21508
1899419591,14906,23373
1346483531,1471,11116,16444,24088,27167
4196225369,21592
697587357,69,2904,10380,15613,15654,27436,28208
303167346,3696,20888
3384410694,3694
1693956460,1853,5664,5826,6918
3875316208,8,4162,17232,25860
4268557511,3692,21908,23451,25725,26801
193815422,1321,21582
888275865,3011,3406,6899,7599,18299,21060,28264,28779
1887312834,3980,5882,12782,21126,25912
1997013965,2470,19882,21075
2467094612,21801
3152750750,12561,16392,18085,23379,27221
1498916681,1446,3701,9557,10224,16300,20279,21032,22232,24998,26248
72249914,3681,17619,19896
3852837167,20448
209422963,3678,13784,22631,28049,28293
900005487,6974,25647,26825
2795234268,3673,11209,29842
2135111825,3662,6554,9092,17746,26717
926475852,745
1227133228,7104,16690
672539131,3660
160052862,3655,3747,4480,6871,11755,14712,17472,17661,20218,22141,25027,27942
2110998456,4428,18708
2336607165,2548
4060247563,4056,18401,22326,22359
2395400826,19062,28810
525572092,6403,10186
2308549590,3002
2938025265,3653,4844
1883815540,20305,20685
4024829721,3651,21476
742655693,12287,17855,19927
697914400,1408,4119,4980,6571,8452,9756,10946,11060,11871,12340,12595,13117,14423,16355,20097,24343,25872,29823
2459730387,25750
1129650535,25339
3425350571,19529
443197511,265,1064,1390,2509,2860,3464,5661,7580,12549,13036,20233,23413,25781,28358
573359842,3649,3907,6253,9931,13736,25598,29850
2660267611,2027,2546,17380,20503,25052
804487206,9347
3391465066,19107,24511
3937833243,14908
2903578039,88
2361374234,3598
1704256401,28986,28989
1770744970,3647,7949,8994,11202,15375,17153,22347,23182,28955
3142011953,4307
140515128,3632
1587516362,15874,17158
2184910949,13229
967616172,4027,7398,7881,15252
3439296649,2481,7416
1184992706,3629,6701,14220
294120551,21324
1972606674,3628,6700,14219,14682
4184980343,19181
1457329536,9011,13172,17089
4157837953,8710
3516884549,3627,6243,14681,21542
1665914648,2714,11051
338765775,6085,6494,15463,19807
2738215227,3622
61498670,3613,20940
184538341,29862
2998124306,3608,10787
2302359039,15360,27505
3953879568,3607,10786,23324
2575399043,3603,26617
4172246963,8767,12496,18976,21337
1694467396,18213
3944256516,6005
1307285645,11454
565706104,3198
3042832397,15190
397312260,3597
1923456321,21871
597939284,1298,15505,19858
1248892322,2244,21222
1233668131,1996
1429673250,24611
1275720016,21773
2363109522,2713,26750
539577294,4324,18721
2137733068,8277,28884
1555348368,1761,8442,21305,23165,23916
2113179164,3596
2481550962,17769,27636
3540830957,3446,21559
3628167092,4084,8487,13542,16913,18611,25060,26996
3058395828,2317,3722,21875
1240094771,1748,5960,6101,11417,16098,17623,20152
2592267360,3227,6680,6795,7622,13139,13175,13849,21283,21596,24412,25252,25887,26042,27818
3710298418,3593,13726,21548
2134075854,6923,10205,10445,12620,13629,16054,20689
48985078,2704
3477047267,3587,6374,7370,22877,24626
1047336032,3210,4878,6372,14591,18076
3065141355,2264
3770366206,2310,7703,26736
284790566,3578
2309281883,3981,5883,16874,28988
1030010089,3573
529495013,4220,4673,27623
3974587427,3570,10659,14378,17653
72342003,12817
2860324792,11989
3752065932,1567,29269
1364171327,3569,8999
3709278486,19990
4117566884,385
3565800447,9139
4159132952,4197,15504,28723
3659853697,740,7177,10819,12885,16843,20584,22801
858217293,3081,5040,11422,12102,22033,24120,24967
2190902264,3564,8790,15224,25949
478174420,21170
4239926195,3550
298353063,13222
3954234677,3548,16756
2849262385,6175
1704584294,2155,3070,3970,9787,12055,12201,18264,22096
2371032726,3546
547064142,29208
1548711285,6044
2247361806,4124,4853,5438,11239,15904,22769,25903,28913
4000711373,10804
2010926946,806
2445531112,26496
165640266,23292
983939364,909,3858,23874
2877036373,3543,9923,28281
3369588733,26216
2931481375,10703
4032478576,26882
1245601145,5655,12520,27468
1427689596,5714,8450,9427,16696,21218,23612,26933,28835
1849934556,5257,6568,9202,12775,18723,19135,22039,24906,27777,28011
3662518646,1697
823775283,3535
2244791122,25217
3438873381,6081
1020037734,3671,20416
3013855166,6311
3950311893,3531,14520,29666
1920632183,20848,24309
2016528416,591,10432,11459,29803
3673886734,632
2251136752,6179
2516255583,3530,14519,22290,29665
2546266330,1515
1906341166,764,1986,2072,5918,7547,7739,10390,10490,11329,18118,19726,20056,20167,22692,23003,23063,23345,23720,26059
3644473487,29345
621152268,23119
808793215,3512
590950395,14108
3260659878,3510
1429755690,15507,18420,22549,23683
71694857,2558,17287
488736148,2474,2772,3332,3843,4140,5498,5933,6410,6916,7520,7752,8127,10858,12059,12205,12937,14544,16699,16716,18017,19128,20021,20710,24950,25103,25613,27453,29216
2428667931,3509,11583,24175
3109852455,8910
3343896684,20772
2767619576,5876,6130,8587,13189,24289
674264351,6441,29207
651835866,3505,14019
3807673230,3166
422964210,87
1972903716,3504,14018
2988984372,4322,9117,19460,21702,23493,25368
284348723,15380,15534
2732356809,3491
1555009126,3488,19300,24946
894152266,3667,11083,17519,18039,22399,27392
2167930120,2857,14367
3731321621,3487
104811932,1172,6020
1050157695,1519,6339,11593,19452
148442627,3486,9816,14298
1398203354,3483,21408,28459
1032760375,23844
322400771,5472,8069
2027953212,3138,6299,14700,14760,24147,25746,25828,27724
698453057,906,1370,13714,16051,20172
214397415,2384
772089085,1457
1202339620,17660
2599229366,12391
1402949244,7790
2571121774,3457,13461,18474,20816,24435,27136
1855975772,16111,17677,18805
3538086441,15586
3577725093,49,3757,7462,9322,12565,14136,15966,17509,19231
1835592215,3455
3211996336,9087,12699
3072333165,354,1479,1568,3140,3833,6301,13532,18373,19188,19788,21345,21980,29127,29270
3637832170,25194
4265971133,4770
3786091525,563,1241,2348,9266,22237
1966990120,3452
1331843415,3451,11096,28140
2315508359,29498
3847817313,3293,17693,20145,23937,27349,28488
3110672057,807,6645
2390120024,6658,21805,22552,22657,24760,27999
3408905235,15484,29700
148471872,3450,16379,25628,28139
2831682875,2077,3319,4132,4890,12586,29355
78638046,3441,8776,10329,15539,23051
1539441036,26092
2183222100,4473,13933,18962
2504251956,1758,3268
1507180481,3973,7672
1627471708,1821,1947,6520,9902,10104,12678,20046,26730
2204186665,3440,12245,26372
3112847845,2499
3102797211,10034
1724377226,4229,4922,5969,6563,10944,12352,12758,13624,14001,16801,17291,25249
411643691,4066
1939122361,3434,6650,7541,8513,8558,14157,15547,19768,21917
1516852118,9514,15922,26600,27806,28265
1835452282,3433,7540,8512,8557,14156,19029,19344,21916,26154,26870
1252323581,1186
2777099188,650,1727,9239,14183,15187,18331,28622,28800
851610553,3422,4223,12556,22523,26638,29363
2558289654,26831
547514922,1836,5365,25436
1041314329,9862
3869326464,29499
91405615,5536,19003
764517225,1833,13973
1778117658,6977,7869,9442,13880,15361,15883,17207,17321,20921,23638,26630
1844671323,3419,5894,6395
3743400174,1486
4186928323,16033
318149617,1297,13512
1893580386,1310,4445,8204,11963
3462006270,3415,5105
1115885871,23996
3137148651,5234
3796501878,3411,4173,13864,13913,21442,29376
2410933975,11412
2155210687,1432
3481686551,3410,4172,13912,29375
3754344322,13319,14404
1730613766,8679
3248621385,24216
3206682046,984
3113870533,3400,3991,13389,22805,24689,29427
3512782751,3396,15501,16151,20603,22609,25713
347465958,3381,4299,10853,12192,13861,18557,26557,27308
3332161320,26912
3944336857,15321,16152,22610,27821
648622009,11640,13643,20195
2156510263,5697,13046,17441
3232513309,16518,21762,23112,27032
3970635393,3380,10852,13860,27307
3677790938,2147,2527,2845,3065,3514,3856,3925,4909,5008,5322,5946,6472,6529,8935,10087,10279,12198,12378,16737,17046,20995,21368,22010,22328,22361,22891,24517
885450005,21469
380365664,13447,24424
4279143272,2875,18458
1816991559,3379,10851
1799007737,602,18199
919401683,6659
3267362017,3475,7234,10047,25733
4257679924,14527,14928,16747,26582
642156730,12467,28263
2659383668,10078,10417
3689286384,3377
258815330,821,5273
1867175485,816,7566,15817,17861,23648,24707
2904476850,3373,7438,22914
2405275891,5219
1110580348,7889,19984
1772675342,1560
2923170694,20452
2651548245,2080,2145,3923,13634,15787,21366,23669,24323,25082
4171492613,3039
339357810,3368,5539,8141,9919,27162
3953580574,3846,10976
1877446547,9051,10888
1046447148,3364,8977,14211,16542
3009339135,2014,2282,3470,5606,9906,10001,12939,18623,18763,20677,21532,23207,24299,25615
2071558506,2868,5456,14137,14992,15665
3749447832,399,864,4097,6831,8406,12954,17615,23940
2940852749,3362
890694380,21201
3799713870,3361,20191,21492
3471387530,28527
3560304584,8838
1630037484,5509
2421023957,1195,3387,6249,12243,12570,18854,20972,23803
1133603212,8495
885991682,26408
3521190860,4209
726691600,3359,5520,17512,20010,21490
131720303,5162,27445
1618768383,24497
4167017016,3358
897253277,28204
3142800907,8409,17803,23943
3429199571,24030
1121006419,14872,19657
4120485323,14684,28647
3999384357,2256
3380910850,4238
3604489362,1609,7040,7166,26401
474860980,3357,4447,4489,5643,6259,8026,14249,14276,17198,17649,18216,22162,22389
1515178752,19023
407520065,17702
2919266178,4297
2370273824,12046,14369,22499,24428,29084
371748001,3197,7358,7401
1525070535,19691,24697
2168221802,4060
419443189,3354
3911734564,480,545,3644,9146,9365,9638,10367,13050,17279,17501,21705,26852,28101,28857
710206500,9840,15683
103698103,14,19012
733209683,22178
1788505248,20903
3068149928,12368
3749436046,11166
3332934581,3871
3775330246,4627,7833,8139
1408915643,1282,7668
4000843946,17129
2248080336,2502
149930910,3353,16664,20015
3551149629,2002,8817,14153,27210
3153246455,10239,25573,27859
646282190,16557,29487
1959704554,8313
53605020,3347,3427,7139,9642,20915
2954879574,13741,15781,22511
544479366,8307,13731,25932
3207897324,774,10378
1136861563,3339,6507,10154
1916091082,3568,3964,8595,8998,16245,22134
1127374027,21289
3244533040,17017,29571
2953309766,1324
1826834287,10562
3702986277,6265
86134928,26123
999546226,3338,4265,11992
343644515,194
2771074948,3331,12936,16698
3499384634,181
3265871330,10825,15579,29179
650825543,2297
2613272995,3307,14516
385361916,15105
3932275796,8939
3079440473,904,13645,18678,20962
3339816547,6635,11256
2015112879,5777
3917129720,1840,7912,22628,24608,25405,27018,29014
2576283658,3304
2749378592,2356
3498091548,3683,11736
1714413942,2120,11690,19743,25398,26498
2675618083,18051
1418042004,2454
605141166,4115,29592
2976069811,3301,22015
2508605036,10060
2853515291,7262,10451,11998,12362,15450
3830074377,25603,27569
2252137273,3297
4076839680,3789,7132,12564,15965,17759,19230
1782962316,26885
862726075,23384
1662581118,597
1134929022,3296,6968,14234,15068,16936,19049
2913162509,19309
3184335103,3430,11007,18981
3144483377,3295,14233,16935,21499
1732199638,7291
2202325995,3294,21498,22762,24595,26663
1475737351,27554
3571611796,11474
1836405384,3012,19021
2140635894,6684,11600,14903,15503,19496
3362166934,3292,11867,18116,23762,29682
3857453237,28111
293740486,8864,24864
2713269601,8453
3980505319,2964,10875,12606,16433,23565,25174
3743773003,17071
543517386,3291,18115
2398273382,23525,24956,28983
3837012496,23241
209741660,1175,3314,5897,6314,25272
1923923611,17879
2219246992,5780
3177232494,3288
234343415,3283,18969,23474
4119218784,14048
1106449878,1897,3252,14309,18467,29144
3806281327,3281
2231983182,2486,24848
2691542197,3274,5995,7305,13591,13632,13885,20344,23018,25843,27770
2681115539,7985,17194,25071
2953396670,12811,24187
1286735307,267,3479,4283,4442,6206,6897,8111,16241,28679,29028,29137
3854212028,6806,7938
2032092753,1739,6614,21792
3546481797,9653
898136321,14875,20985
3886561645,6996
3633188985,4429
1889542497,23681
4040761960,3247,10376,13124
1678591031,803
347570186,8660
1186536908,9003,15963,26711
1080632019,26890
3567906020,1528,4055,6664,9992,14304,14766,21712,22325,23377,27090,27219
58486945,22911
1756728129,3237,12077,25596,27078,27124,28869
3390198940,6587,19945
561600671,8805,19109
1322989325,3231,7516
3555554412,10598,22090
1248495533,5188
1124303036,2555,10850,16270,27765
1624464678,340,25674
1976701143,3226,5044,5994,7304,11043,17443,21626,25886,26041
2371642547,614
323795266,7867,11556,17319,17463,23636
2894575208,3217
1192378587,2163,3000,5328,7689,11718,13745,19618
1858303443,20607,25258
381056741,11102,12131
3070289931,3216
3818845467,9708,15045
85456443,10157
2391657380,2500
3005516660,6072,11103,20681,22644,24252
2844966727,17954
2176353667,3215
3455360952,7322,24568
2662446529,1577,11794,16237,20524,22465
817179878,3214,12408,14921
1409755428,671
1678344569,3212,3677,23624,26936,29680
4288988524,1159,6821,11732,13577,15215,17726,19163,20276,23734,26124
598943636,1286,3670,17804,20415,23944,25467
873278068,1652,1769,2582,3224,3278,3968,4073,5147,6710,8000,8216,11549,11801,14041,14740,16525,16894,18337,23006,23873,26062,26547
3158491672,8222
323698257,3591,17130,17464,26320
528705277,2892,9327,17789,22419,23280,24048
1197403873,29089
3812539518,3183,4353
410195168,6558
4290668304,1434,2318,10141,18099,19547,25224,25770
1117545370,593,1733,9228,13616
1162361826,11866,23761
699679532,3182,4352
664198860,3181,6586,19944,25434,28962
1835092826,27547
916386092,21123
3386282837,11253
3797103276,8610,27097,28931
4078490759,3173,4751,6538,17323,20185,23081,26107
1247962519,19968
2363731449,844,2967
602425465,3171,7838,12779,15608,24984,27138
1521488172,6099
1498087987,3773,17706,23968,24241
795247388,878
3667708306,4665
1648463447,3170,24983
2302513620,1585
540932500,20534,26091
239696739,3167,9982,11588,22367,23185,26012,29202
3308007564,239
776390713,940,1459,4483,4501,5551,8545,16063,18313,19674,28218
4182744185,1442,5871,5967
1976282528,10742,12079,13730
1177705556,21012,27508
4018308527,3894,10311,21500
2622447021,4749,9160,9564,20183,23839
2857436358,1082,9702
2333599830,1120
1037485424,13863,21441,26559
1635522661,331
2602068261,3106,5701,12981,28025
3376239946,8051
1382713940,3163,27493
432625470,3162,28920
1640423029,242
2528629594,1828,2344,3328,7873,8356,9373,9722,14168,16441,18726,18915,19911,21036,22186,23716,26485
3492344642,3161,28919
2141132401,9460
825324428,20639
1309946793,3159
1729752566,3158
635008897,13658,16127
3979102437,2888,17587,21951,24194,28546,29551
772859560,3155
2609059734,3930,12711,15984,20469,22104
3434581736,3154,14476
454842402,3152
267585042,9796
396775562,3137,18352,24146,24219
2255361529,3885,21092
461656650,21098
102004004,11891,12397,12409,14819,14922,18769,20176,23246,23527,24587,24958,28985,29492
1414179627,1317,2172,3060,3192,10584,20051,24834,25171
487529739,3136
3213450660,14530
1190182812,7044,16286,24131,26341
2404444281,3135,22944
1968505499,26886
1801647853,3126
4060722565,3125
197470976,10951,14765
3238259422,5896,6087,6313
1000340970,3809
347575659,8678
2440829281,20463
2900940975,1676,3048,3299,12420,15641,19886,25451,25590
2957108585,4520,23861
907524155,3112,5383,6342,16611,19857
2988643496,6557,23566,27981
644419869,3110,3149,16953
4229723959,3438,7301,12251,13029,16553,23433,29535
3098186296,3746,6870,14711,17471,18173,22140,25026
1565376075,4327,23737
2428680665,3104,5191,23563,24229
3619858360,3088
3117454528,10435,11104
3229353295,8851
294958744,6784,9699,16083,19961,21113,24108,27782
1441304961,1902
2969925104,8152,15561,20363
509807173,24185
2319483867,19203
519266981,3082,5041,11423,11606,12103,24121
2134341821,15350
2102337851,12274
3764770577,5855
3412379876,3078,21094
2756883846,8712
3333058130,3046,12316,15000,27254
2001224431,3045,14425
1554857086,13759,16840,20574,24034,25058,27084
2261245113,9436
845265253,824,1963,5276,14644
1905097927,3219,12741,29001
2148275049,8528
3527655025,22392
3736850453,12576
3379087198,712,27413
725688172,2669
2047889135,3036
234716328,3034
181501135,4783,7639,20868,26972
3367737742,7879
3988627613,3249,4816,14060,24664,26934
4235983411,24700
483305854,11101,25670
2785797529,561,2681,4902,5510,7341,8007,8700,8784,9185,9264,11370,12516,14888,15569,15989,19172,19280,19988,20750,23090,26311,28554,28591
3950896273,3032,5863,18793,28598
3814499625,19591,21769
3784757783,3028
1392950440,890
2385964511,3026,11067,12187,15345,21720,25301
3313143070,3023,4081,8185,10606,11533,14037,14439,14862,17577,21519,25643,26097
3331278304,10500,15518
2850371088,4745,5083
3332818064,5778,25877
2638978941,14683
2892555778,3021,16142,18812
1876077731,17837
1729026558,9950,28939
2722138004,13302,14966,18071,27185,28035,28875
3921322904,9814
616825885,3019,7436,11311,24578
2673802076,3014,5096,11735,13877
630755725,17538,23325
1503847162,15381
425557580,8179
1860205253,5490
3519539336,3007,7523,13176,15423,21597,22778,26043
2261390816,20392
179101992,2053,17364,25758,28409
2512814741,20016
2885937331,1595,4305,6450,8195,8395,10838,15259,18514,19069,19732,21043,27946,29645
1134099137,9236,29314
1739668232,4717,11595
2890626061,1928,3553,7923,8551,10298,12580,12853,21787,21943,29808
1785482067,2990
901409356,2084,8661,8979,11024,16544,27212,27556
3634133884,20322
139891598,2984,3794,7775,17350,18733,19660
1179867033,4477
456856012,2980,5976,11205,15343,21718
1210776611,2979
279427527,14578
3303404249,1866
1456441002,2144
1477751276,2975,11971
805351536,7159
3195440366,5309
1996048934,3204,3207,3945,7659,9846,11367,12858,13895,13898,15257,15703,15908,15971,19537,21041,21530
4084608551,20474,26141
3028901690,18739
3755199014,4617
1825205387,697,18670
3354312412,14830,15973,19208,24494
1551332131,3409,4171,5221,11298,13911,23140,29374
170901278,14306,27278
579729502,10197
1849244366,24791
4190431169,2968
3089354851,2962,12028,12793,12979,16431,19820
1031111913,2943,17559,25535
3376542373,19250,29826
1493243695,8437
1307593322,2940,17942,24993
391935801,28304
2567935848,2285,3320,5609,10268,12587,18766
3702804336,2937,11197
793757271,2935,11001
3950418595,12001,21881
2254182479,2929
1315601106,24438
843793182,2419,7493,21601,27456
1604806459,1795,19713,20698,21072
2212174974,3300
1017379840,6056,10174,15301,18664
3807016508,280,11994
4075811297,251
4143128509,21675
3956207330,1155
2429698053,2921,12227,20656,26433
1909853002,28124
3651691562,2708
1247759580,16023
872014978,2920,4333
1866305810,2970
1230080353,7758,21751
85298051,21757
302436633,0,400,865,8407,8529,9028,12955,13102,14685,17056,17936,18060,20061,23941,28648,29011,29035,29293
3583254854,2035,3496,6721,8500,14800,26199
784796845,2910,7096,24981
2844959870,2302,7951,8810,12149,17155,22862,27559
3088579857,20222,25133
993078149,3792,4943,9729,9889,12209,14282,15792,16018,17348,17762,21382,23389
2415686748,1796,19714,21996,24115
1737138319,2808,6171,6398,6879,7717,8697,13435,18761,19520,22149,24537,27377,28581
1070113848,12320
2545972426,4250,18605,23304
2216956500,382,3478,3835,8110,13198,13534,14182,16240,17750,25764,27062,28799,29027
1964099431,2907,8983,16252
2796736869,401,8408,8530,9029,13103,17057,17937,18061,23942,29012,29036,29294
3574416214,15638
566929891,10326
3116836561,620,2763
2375808214,2906,5792,8982,14699,15656,16419,18028,20960,22277,25745,27675
3710339280,10153
3470080281,16004
4240540513,6491
1904538871,11052
4039165111,538,1591,3637,6385,7909,9169,21894,23008,26549,28532
3089182469,20974,22748
3269150175,12064
3039132887,1954,25109
2857628035,16722
3210314355,4036,4990,20114,20822
3777335039,2898,5889
2767262470,2897,4451
3391945046,8404
569662516,20111
1602079741,2818
2178279731,2896
2992136198,17126
4097275697,1454
425248786,10396,10666,12769,19555,22861,26705
2403929577,2895,16705
3200233988,1015,22046,24571
3553280192,6480,10695,16185,16660,23259
1536124142,11911,21255
1039664164,3233,3490,4496,4930,10781,12322,19607,20909,23755,27658
3967701600,17051,18315
3507075786,8319,13853,20729,23544
1448772868,1504,10670,23068
498323606,3819,5465,11611
2364593408,6772
539411316,2998
4090584267,22,2685
3902930467,8831
1560595970,13134,27444
1758814936,1699,10384,26297
148513978,5989,18800,27363,29434
168836443,2257,18651
3644819109,2893,4153,10567,12667,23281,24049
197900871,22987
3074312300,17529
1225832399,3180,4755,26111,27359
465996943,3536
4248304233,27261
2045994095,26187
2258698392,9221
1475215308,17527
2000697360,12948
2487003468,6866,7969
3190205704,763,5917,7126,7546,7657,7738,9244,9568,9766,9844,10420,11328,14445,15255,15510,19725,19914,20034,20166,21039,21528,21661,21823,23002,23062,23719,26058,27710
999372722,22224
3392601322,2887,23604,28343
1695113640,5941
1236994895,15585
628880906,4274,6695,11614
161059092,11225
2891460441,9143,14147
375782236,16505
842873109,838,9109,21673
2087596188,149,4082,10607,10790,14206,15646,17578,18121,18154,18904,27211
915306427,4277,5573,18591,29437
3325256780,1792,3976
2140611750,26560
923188443,3414,5104,5613,19393
2491202129,2442,6531,21290,23253,27121,27792,28341,29170
395672498,3447,16376,21560
4159377929,2873
2183256927,7170
938520330,8176
4216025376,13042
2405654620,880,17241
4056584822,17409
3207374259,4374,21569,22082,26299,27405,27691
783475182,2869,5457,14138,14993
3376565625,7426,22675
266515749,5512,6285,14044,19174
2915118905,16169
230988356,2781,5647,18921,28114
689090577,17568
2233057202,2823,4347
1654448050,2862,11901,19075,20205
625098330,2855,19505,24529,26047
4136164588,28246
1571836852,896
2745717651,2843,20139,26000
3341723420,6868,13144,27343
1098759243,5268
815507600,28631
2773366531,17953
1832771138,12816
2186845582,166
1538180378,2842,4681,7686,28127
2276492628,1285,21952,25466,29463
2747524043,13059,15796,17391,23341,24955,27827
1442417570,2840,4465
3127158300,27522
1006567536,25794
113438272,19091
839067240,974,9686
1698521644,5411,12136,15192
4223669518,28787
3245710454,12039
2175762469,2838
733626820,17843
640429717,14651,27578
3214962735,1364,2212,3145,6953,22132,22191,23154,23251,27314
4076113735,6530,7288,15227,27120
3256757590,352,25259,25774,27172,28929
3141903182,3938,23876
2971677826,4870
3479617452,2834
2405674719,21357
1405994085,2830,10948,25349
3033630729,967
2275920673,4005
48129039,3284,18970
3502561336,2829
2364146381,2817,10308,13353,18554
3220420133,25038
1268949143,3921,13433,25080
1554651538,3986,7077
1431113184,1982,14200
1735934932,2814,11858,15468,29272
2476942239,2112,7247,25068
3285344527,5533,12458
3086861359,20597
1568073761,56,3765,27646
1219625354,2811,13556
1022122338,2810,3947,7778,13555,20878
3734726813,7455,18288
3721775370,23137
4217284226,2804,12958
3725993998,2330,3728,16911,23267,29510
2208054698,10372,13985,21617,28350
3973368257,11762
446106614,7709
2144014449,21054
1563033143,5767
2534127066,23498
2885412409,4169
2750179969,6588,16745
828642701,9551,25657
1922484413,157
2711663839,2793,3306,3360,3816,4016,5521,7795,8118,8964,17513,17550,20011,20190,21491,22559,24754,25164,25385,26237,27869
2835482255,29333
2749200066,24234
2649589316,1621
314019274,2791,26235
1558139430,10149
1703671395,2789,3344,5156,8927,9785,11041,20404,22061,23102
1577075813,17484
989603742,1789,6127,8584,27264
4221477739,3038
767336813,2871,14273,14734,17833
3390926888,3016,4624,18597,25264
3898826036,3340,14535
391641436,11694
276234349,2095,20621
1842181408,2785,9781
3445725615,2747,4692,7047,17584
1643143777,2852,19519
2725366377,10750
879464411,17264
383479994,1239,5715,6153,6161,8895,9318,10116,10485,10872,12171,12612,14075,16280,19103,19835,21219,21780,22050,23787,24279,25244,28022,28185
2080665872,2780,5646,18920,28113
2651527540,25742
609275811,2776,17586,19629,21950,26791
1840783190,2771,7519,16818,24949,27452
3948456261,2765
241833654,2485
1157404256,7727,16721,20360,27289
2979293977,15771
2437231555,2762
1743851482,3050,9134,20272,25520,28077
2976375491,2758,20896,26231,29743
1564412506,25652
822820112,2757,24528,29742
2359894307,3027
219951939,10333,10711,13131,23627
207253175,2026,6079,17379
4198912772,2754,5823,6811,8250,15633,22294,22455,24031
519729342,16684,22811,23264,26757
1677784642,2752,6940
2852222757,8107,14193
1769216124,2751,17262
4123740810,20318
481701877,2744,17581,26053
1696871838,10619,19774
3604935329,7189,19361
3936067168,9961,14473
2438587232,2743
2476084091,934,1273,2362,5518,7902,10868,15827,20789,28567,28966
2156761340,1807,11295
3704466601,6258,21860
1175767381,4287,29308
3627391990,15632,18188
2350510705,13259,22243
3461601143,2741,5132,10148,27990,28511
1688693129,7934,26495
3664274304,3818
2114112560,666,5877,6731,8588,11941,24290,26326
1197847896,1708,9706,24376
2276253155,2740,4126,5068,5440,6076,6737,10147,10933,13893,15906,18762,20514,24937,27989
2981629139,2739,4125,4854,5439,6156,8004,11240,15905,16850,16898,18935,20747,22200,22770,24084,25904,28914
3234952098,1013,24042
371496493,2738,6155,8003,16585,16849,16897,18934,20746,24083
975267712,15639,17967
189718058,637,5987,6321,7512,16640,17885,26113,27361,29432
3057145240,188,976,2227,6553,8329,9091,9688,9949,16284,20936,23674,26716,27175,27585,28938
1405642558,17432
2556140294,2733,5389,5670,10602,11100,11650,17301,22569,23331,23813,25669,27833
1961478562,2217,17006
2773595367,9450
2336743574,21207
1998593997,15083
943401256,6869
722573863,2732
2862474883,365,2955,2959,2988,3557,4121,5426,7662,8673,9915,10917,12597,13119,14123,15428,17354,20273,20779,22773,23765,24159,26228,28078,28368,29400,29642
344242156,2731
2667473373,16709,18569,26904
858105151,7217
12120691,3689,9201,12177,19083
3815868965,2730,4528,6780,7771
2154069020,2726,18967
452396314,9
3740026625,10950,14764
3267935935,10204,16053
3358845979,20423,24782,25411
1376707731,2725,5840,18499
1893443635,22204
1981602362,16692,18282,22460
3457088203,12070,19669,21510,27193
1311331265,171,13819,27610
1423923545,3698,19966
2156788752,2724,3631,5839,18498
1200024094,103
3155929369,7508,12974
1689009634,8334
3081339274,3114,3909,7154,11673,14528,16135,16613,16748,18140,18943,28614
413164342,27875
749630176,378
1673344661,189
1265020429,2721,24028
2994289236,10578
3581714421,3459,5772,8655,14172,19258
3656403606,2128,8083,20768
2955298162,3089,4331,7478,8057,20476,26143,26981,28249
369041361,2716,3697,19965,20889
3779237090,1968
2254337293,12305,18645
748865403,2711,5807,13756,15715,19381
2752057482,85,28653
1237006690,5167,29542
985422068,1327,2978,3693,21909,23452,27429
569602852,12967,13127,14925,17739,21615,21799,23374,28348
3527605125,2703,27734
433192699,14055,27351
1830198122,1073,26121
1655500146,2689,19570,29483
4239073133,11181,19760,20759
2781375844,2905,5791,8981,14698,15655,20959,22276,27674
2262134411,192,10651
3996235465,2679,3208,5679,7491,9847,11368,13521,15567,17604,21820,26181,28276
1296932843,3946,9064,13554,20877,20970,22723
3023563892,605,4539,5755,5993,9640,9984,10388,11590,17393,17442,17503,17640,18443,20144,21598,21625,23343,23741,23936,25346,25885,26040,26161,27348
2454471611,1870,7423,22600
1642213423,4721,5246,6506,10406,10475,12472,18235,23189,26277
3734541220,4658,12559
2834172778,8492,11833,21006,21047,29755
1982353056,2673,6255,7848,9345,15506,18419,19859,21017,22548,23682,26332
2400385959,16129
1087490568,7553,9464,10582,10912,20298,20412
1357326450,10019
3233198539,24638
934323812,1865
245995494,15628
3708850754,2672,18418
1838149347,5313
1322307701,18746
1702268087,6621,7697,13424,13938,25343,25797,28951,28981
1544780278,2671
654157761,29221
1955601129,23599,27531
3350267306,3305,17549,20189,25163,27868
1461757653,22508
135289494,4136,24362
1994861534,1213,7313,7393,10269,12588,13906,14071,14463,15733,17361,19542,22963,23180
3199486081,2670
2686212905,19827
2272629071,4800,7619,16366,19030,19345,20281,21605,22234,23555,25945,26155
2111417024,148,2944,5298,7732,19224,28191
1503675779,8823,19853,24090,24630,25679,26719
413993553,2524,3889,16734,25008,27663,29699
387840820,2668,9803,16941
518234428,2666,3695
1921755420,2661,22564
4247826811,19993
3990394074,10718
1483224730,2728
1748309633,3062,14095
569998005,2243,10701,20353
1941026720,20615
1321190795,2657,7051,7108,8614,9010,13171,17088,19974
3036026298,4772
4025879518,10909,20718
1209436288,4397,12747,12806
989163883,2656,9208,13170,17087,21422,26364
1013867028,10690,14959
3762851498,2309,7702,14956
896529674,129,4037,4423,8045,18949,19696,25073,26274
1021081965,648,1301,2825,4349,4357,5497,8126,10857,14543,16657,20709,20882,21845,24607,25404,28853,29013
2539265472,2651,4102,5602,5869,5965,6202,6436,13610,18965,20722,21078,27743
173545182,23838
903801230,9802
96302691,3448,4971,6751,6973,7129,7936,9247,9351,10423,11142,11171,16377,19707,19917,21561,23128,26726,26824,28137
3057770867,2650,6435
3480750485,15235,16341,16563,26383
3104915912,4259,9459,24273
1495990741,7830
668111948,2646
838127900,18544,22689
2090100071,9349
923413346,1150,3461,15279,18590,20326,22697,22916,28662
790043224,2786,9782,22058
2284412905,7271,18366,22216
3071242245,2644,17701,22980,26910
3286171027,10966
3584253110,2641,6858,8124,15086,17801,20707
983356093,16506
3332511756,1881
1801186729,2640,17800
3915771541,9350
1998358161,14299
1456385710,9297,21190
3712575624,5878,11942,24291
2749776399,29841
1964779424,848
4192106842,781
8661390,12117
1925840576,2718,23118
3375888585,1462,20337,25721
3247649350,16961
3859349326,122,3148,9778,20287,22194
1460311170,127,5953,6907,7365,7606,8563,8580,15200,18929,20117,21272,21497,22761,23843,24590,24594,25415,26662,27245,27305,28060,28150
3223999830,2633
1639415055,8060,8993
1599365107,1498,2625,5116,5676,9061,9651,11692,15998,16306,17601,17976,18405,18755,24970,25809,26178
471499442,28769
1504237992,2631,4648
2380780928,2630,25672
3483676458,10225,26249
2505678431,4276
258010056,2629
2958396160,196,234
825398929,22685
1614007597,473,18227,24059
1024418535,2626,9652
4151323795,1790,6128,8585
3613321047,3875,13709
941930805,2805,15288
2984825184,2622
1398970399,26563
2831565779,14694,19086,19925,23748
3544560248,2621,4412,4756,6106,8572,16639,20632,26112,27360,29431
1787399617,6845
3158223479,3271,5592,10984,13689,19355,19571,29484,29764
2081310532,99
1623486811,3225,3345,5043,9732,9912,11042,11685,16739,20336,25720,26694,28487,29819
4267690630,9726
285085756,2132,17822
2262751160,2616,28491
849676731,2615
1760756748,5781,11484,22503,23370
1728593959,2614,7336,7654,10282,11113,14898,22255,24010
2213445036,2609,3752,6049,11280,19289
2259001119,25409
53644820,20919
1044701091,14025,24605
3814355502,2286,3321,5610,10387,14625,17007,17497,21686,21957,26256,26817
3479689088,6208,6847,14797,26196,26473,28040
347046741,27480
3059466743,4872,21642,26329
665159316,2607,9549
4086067260,2605,3313,9547
951681733,27725
827007633,2783
1456688956,9182,10546,17227,19074,19737,22514,28032
1407436187,711,1296,4185,13511,26896,27412
2492139416,7667
3983050669,2604,3312,4537,19319
766531287,13659,18551
130860466,2602
3975118061,7638
2935117566,5495,7791,8374
4117003110,2057,29264
4059601612,89
1314543434,10172,16140,29835
746133998,7561
2301218468,1548,2103,6723,15317,18245,21852,26866
1897839916,2600
3157099289,22940
272204880,17114,26106
1824230336,2593,3195
726645292,6713,9900,10102,10118,12518,14004
1266959706,7924
3200060176,312
355819806,3342,11039,16194
96985376,2592,18995
887958523,2590,16476,19222
331184107,11875,23676
3110593945,10137,11062
735504571,6623,26338
3432276712,12994
2272769023,6025
2298799757,5553
3664148355,2580,3222,5281,5562,7970,8947,11478,12812,17171,17828,18335,23871,24188
2044985866,25514
1933023383,2576,5558,16962,26940,28535
3416897076,5577
376968684,2563,12966,25576
1820969759,3303,7442,12862,19401,22017,24598,24811,29790
3833902509,18868,22252
3340810017,1989,9526
1489014042,2562,8430,28383
3372971763,27375
2146859828,15337
2704834264,8123
3605431121,222,3680,19895
369377300,6257
112113514,3236,11347,12076,28868
3175592625,21400
585597448,2557,17286
357418423,23851
1261472737,8746
684757148,9603,21468
1706082234,886,10081,16803,21480,28975
10257414,2556
3324198824,10800,22375
3600156478,2553
3748557713,3017,5028,24077,24576,25265
3894606352,2525,6527,8015,14271,14732,16735,19080,20884,27664
2410417886,2550,4824,10642,15363,15605,20069,21613
2819698033,2770,3941,5348,7518,13147,16274,16817,16960,20542,24948,27451
2677398352,2545,2947,7468,20502,25051
733726585,11699,13703
2391249465,2694
3066390294,25316,26368,28732
3587296678,1525,5847,6168,8694,9854,10162,14663,17108,17924,19371,21804,24348
2070668384,9234,11444,12278,25446,29312
4125325363,2663
2336778452,15575
946443736,8726,13547,26084
3634409177,275,15043,18880
1900789707,12501,16511
2374435610,2969
1642240798,3585,13450,20652,23035,26131
3243727986,2533,22283,26302,27560
662680636,2531,8147,11402,12718,16674,18586,26776
3727346345,2530,6054,16565,18585,18838,26775
4223879728,479,3643,25093
672129262,3134,11810,15358,22943
1612240637,1820
3592001883,2519
4042889729,12892,15535
3755111059,2506,5238,12084,17994,18032,24294,29082
1182460796,27759
205568531,21842,26331
126201256,8625,9499
1041681887,9661,16828
433959921,8887
3789820135,11318,12536
681836205,6225
3847029629,3261,6720,6849,8499,14799,14842,21927,26198
725939948,2501,13602,25565
932712400,14452,14950,24798,27272
3668216390,3253,14834,27653,29145
2435222632,17764,21384
83059367,8239
3902251199,5852
1354615139,994,7274,8727,9937,17019,19689
3697280037,3193,4798,17277,23665,26436,28548
1835496615,5988,10618,17331,27041,27362,29433
2839728173,2872,14274
2553453688,27518
3624815503,2497,14750
1989349374,1543
1869739356,10361,25618
2507237279,2008
336892552,7994,9998,17962,20875,20968,28274
3686472198,19679
977098357,687,3900,14453,24006,24799,27273
1626043143,2496
2320369956,16963
2478847446,4300,7693,10854,12193,13862,21440,26558,27482
3411701605,8976
3570024859,5870,5966
3756504142,5034,5529,12068,19667
409621501,5771,8654,13729
2040467612,815,4866,7354,7565,7954,9520,11122,15816,16771,18149,21319,21432,24706,24758,28026
2113151327,2495,28360,28794,29252
562223884,1921,8339,12742,14970,25422
3307766432,3767,10468
633272249,2963,3105,4653,4832,12980,13474,16432,23564,25173
3191338299,19209,24495
1529548223,18485
1524946849,9898,10348,14868,15588
4209111058,2494,28359
1551142130,24696
708075301,323,18782
963897512,26203,26287
3646164376,2487
1182849571,330,14101
2493243031,2482,3650,21475,29851
3489494065,3453
1917469315,2134,11447,14057,14603,17213,25014
3835749486,3737
2854284993,30,2912,5990,10201,10370,16761,18381,19035,20671,22370,22520,24331,27364
161671464,3669
3698508669,16037
1623983057,15290
1578933292,8441,21304,23164
2664420554,6083,6743,15461
1284342182,2479,22364
3017816862,1293,27596
1897035262,2478,13061,27829
2891445148,4117,29594
3967774862,2477,6598,13107,17036,18224,21284
2244272915,14745,17196
747978067,11154
13146351,2469,3863,19881,21074,23227,28695
3912631080,12697,14130,28134
2266136074,2468,24316,28694
3913565214,27850
441468647,4647
2450721546,2465,28393
3779870536,713,12752,13519,27414
3614030168,15875,17159
2157091206,2462,13585,20444
2427619312,19148,19314
1010897387,12141
2982521881,2461,2902,13584
3390849077,2457
202415796,2456
600210090,2551,20070,21614
3991621017,13264
461467449,5288,11192
2768019962,4728,9606,24702
2061567670,10717
1303960438,2455
1484964037,2453
1015444014,2114
39978975,8360
2925903846,3770,25513
1839759591,2446
177728381,2135,14668
1508853541,19079
1210625382,4621
1185664856,3750
252649117,28892
2011325107,15589
1999448935,12832,27275
2286854868,4400
1072656610,2648,6433
1261127536,2435,3401,3992,4409,4640,7444,13390,14728,22806,24690,26260,28790,29428
2898116069,21198
2555403677,13766
865568355,2431,6351,13617,14481
2605020615,257,20206
3432998022,2427,12553,21358,29297
256191968,27225
1897892805,1361,2813,13558,15577
4178966127,9521,21320
4180977964,2374,19470
584798535,5865,13101
360654267,3365
1963113318,2122,3664,6556,7798,9094,9453,10594,11310,11394,12151,13396,14997,15618,16197,17516,22086,25388,25400
4158179192,1188,1202,3621,6276,12293
4050715259,2426
1138788323,7600,26901,27112
3033559648,21083
1507073103,1270,18984
1866648631,662,4453
2052541570,2425,5211
856943451,4629
2954083607,19939
1397495336,2412
3724095484,2411,5929
213609992,7562,10592
1998737886,6663,8137,11617,14115,15465,18509,23376
2001762177,2409,5927,14365
1766363357,2407,3066,6473,13407,18848,20996
3230011385,2406,7287,13711,18294,27119
2325011261,5196
606028427,12364,27326
3281740261,28,6012,6496,10199,16759,19261
630312893,9887
1677665304,2405,13710,27118
1433072352,1147,11983,19551,27564
1158574602,2404,23306
1146612896,18325
3897296279,11188
3834933523,8523
1660123974,15909
2662657974,4976
3157530865,11,2696
212404349,13250
4181333631,139,22823,22901
3567558470,24677
2921386748,2398,2705,16645
4165591537,24901
2041324815,10579
4273788091,1892,11834,21048
1793798244,160,18884,20926
4082801867,2397
3853431204,8524
2561961604,13448
3125861273,4785
767601340,2396,17871
897313359,18595,23202
1186505859,9128
2429043928,4236
2755019123,10565
2271913254,25793
399372537,111,8346
1324653565,14845
1854904080,862
3248294485,6672,6852,9399,12090,27227
298235366,2391
1226386289,6451,10839,11265,16790,18515,21044,25874,27947,29646
4224460346,1530
2967037806,25494
1932294188,13958
548977210,2390,27874
3082984821,29721
2020684371,2386,5055,6912,7651,9698,14454,15523,16082,18582,19779,19960,20546,20601,21112,23783,24007,24107,24800,24919,25205,29466
1775794546,7388,12819
280283296,421
1260849889,26960
2928937935,15486
4225972724,11032,15555,27477
2653022584,1793,3977,11504
1677583069,804
2793804567,26675
2372161902,3896
231908554,10328
1490097083,3435,3540,4344,5127,6545,6591,6651,7019,7083,7361,7542,7575,8514,8559,8627,8799,8892,9501,9612,9762,11211,12168,12470,13332,14158,14375,14954,15404,15548,16160,16487,16550,17915,19499,19637,19769,21239,21816,21918,21930,22737,23058,23478,23507,24276,24339,29800,29844
1344786268,8278,15454
1762642290,846,2033,3494,28524
2471857977,6971,7127,9245,9569,10421,11687,19915,21662,21824,27711
1861824451,2376,5436,13970,19472,20351,25056
3951067351,27589
1529575004,1341
3602301196,2373,19469
31011984,2371,12230,18063,18530,22809
2842203762,2368,2914,5992,8324,9167,12436,13129,19809,20673,22094,24080,24333,25690,26568,28684
2102184826,11011
2334586927,14308,18466
991114249,5394,22431
3241210378,15842
1570526026,2363
314676887,13417
2331441117,13272
3509585656,2360
505874771,4933,18700,23299,24037
2739484853,1786
1192720656,12842
3131222969,347
2833123340,10886
1211331800,2355,6933,27641,29527
99324845,5764,7089,7263,7682,10452,11999,12363,15451,27325,29007
2062349987,11570
1810739659,631
1078435412,1115,1198,24415
1283389350,3382,6513,18558,26427,27309
3525837804,23515
2422266371,1782,14675,22110
2195012478,10849,16269
1805071569,2354,20380
391100189,13833
2729947746,8262
2497366284,2353,12488,18270
1597530063,2352,3405,3996,4443,6207,6898,7176,7845,8112,8202,12864,12884,14485,18269,26863,28039,28611,28778,29029,29138,29154
2161218681,11938,19015,23156
3169536531,2343,3327,4962,6579,6965,9141,10455,16440,18914,18997,19046,19910,21035,23715
2704683378,1280,5903
3979752390,1843,15168,21454
3633962277,3417,5107,26396,27602
3948656973,15160
3920586021,6674,12092
2922148561,256,11086,17337,19419
3272020074,2340,18720
4006389152,2339
1939914082,4146,21576
1470689611,5408
246050807,3428,12423,20916
1791623681,28997
4215609510,11313,13057
3775856968,1835
1379389412,2337,9423,15119
3834680183,12317,13655,19652
272484086,3063,12174,20993,22314,23790,24072
1002300448,2335,14526,23680
1052736280,871,2697,15921,22473
1583977715,2332,11679,25336,29445
1032744839,11926,17845
606140916,10782
2676607834,15395,16027,21169
535285181,2329,3727,6073,16910,22645,22813,23266
3001651959,2328,10434,16909,17972
4123471889,6399,11272
1046515101,2326,10843,11360,16482
522998732,2325,6798,9251,10304,13155,14553,16481,26357
1422125456,2589
3257811926,16044
3856941668,9532
2865641190,1929,24356
1867265584,2313
2842098914,1914,4068,11682,17895,21140,27009,29603
3553859495,7809,11954,14385
3163081903,2665
2602665397,788
2857644602,8371
2370423849,21425
3147439111,5341,8283
3529864647,7259,8665,15016,22380,24023,25700,27403
1326859658,12493,19457
76159934,2300
304183084,16643
3040471107,756
3779145870,10217,10716,12821,19235,19959,20545,29465
670630613,1061,7577,9875,18773,20104,27369
1275145898,25318
1946612324,24725
4278994822,19530
195635281,14999,25402,27253
2414217317,14582,27726
1655890317,12196,12332,19717,22008
74264402,2296,13740,15780,22510
3070816528,2295,3743,6986,7151,7169,9759,13739,14720,18056,21436
1858461736,26977
3213386437,14945
2882704453,2293,3741,7256,27400
3157201863,2291,3642,7807,10288,11952
2414462051,2281,2511,3469,4141,12856,12938,17254,17664,18622,24298,25614
3953015844,2162,3080,5327,11717,12101,19617,22032
2483635178,2322,9381,17594,20608,25768
3310442880,3837,9825,11758,13751,23865,29613
177215658,7038,15919
1973955323,24346
2833718199,2662,22565
4189147422,20558
3313755298,2261
412644553,9090,20935,27174,27584
2449369879,1679,2141,8352,20339
3740286640,2260
4138557210,16461
1282761993,9449,25022
4148274818,2016,3766,8598,8638,9654,17540,25617
2279500030,10988,25447
944641964,1540,21474
130121648,2254
1142627765,8581,23938
2083345555,2024
2485258865,8468
2266846868,16788,28740
896202948,5161,12732,12870,15128,21783,21879,26536
4231715720,15693
2552844007,11294
702757481,4235,16508
4011117549,25025
4072747684,2059
4045927167,2899
2284579504,1839,5368,5932,10991,18016,20592,22127,23731,25004,25292,28877,29697
3417986580,18181,18862,25934,26194
2532646234,8607,23816
276931881,3482,28458
2935216696,23407
2472033135,1714,2953,8671,10837,17997,19207,20006,27354,29640
567861016,28220
2014568990,3040
259528544,26633
1125897862,9301,10008
4277389197,2246,16574
2545936714,16012,26308
645055132,634,17094,25751
1231820288,2245,5949,24661
728009913,357
4032821561,2241,2853,4651,14093,26749
2074982658,2237,2252,6681,7614,8230,13140,14327,24953,25253,25888,27819
853144082,4328
1352828831,9774
1201774819,25287
618929828,527,14078,16529,27154
1884500473,2230,5728,7486,9226,12721,12898,13327,19558,21114,22562,25857,26779,27783
2064912256,1231,10176,19868
846306473,1569,3042,9268,10953,11796,13943,18374,21981,22836,23205,25044,28509
1456441311,4620
2525592410,8355,28027
1846579049,13531,18372,18399,23470
134546596,5109
442453064,2226,26715
431510735,19421
706783436,4063
4125556734,2428
3699344991,13597,17554
3722570362,9656
3098415829,1323,21584,23055,29061
2664061547,1078,1289,1689,6887,13286,13929,16905,18627,20862,23947,24466
3350260975,2223,2259,16607
4240584098,578,12479
1253650476,2735,7223,9473,22571,23333
3542333321,27606
2359921586,12161
4187463950,2560
2513044199,2864
3593903142,23505
52001932,14070,19541
2642035668,2247,16575
3253286579,2222,2876,8869,19269
2560371311,1472
3329173506,2216
3958047068,2480,7415,22365,26962
4288304760,7173,20019
812758722,2213,27315
4134877387,24530
212848702,572,978,5503,6446,7347,10249,12989,23303,23654,27846
2788538490,3799,12502,16512,21063
2104856045,2207,2423
51279178,2206,7808,9813,11953,14384
2433636361,917,20372
1518919964,2205,8556
2073194844,2856,27007
1468463107,24824
338568730,1460,2069,3560,3635,5429,8546,10898,13972,14119,19474,19675,20053,28176
838944418,2196,6317,11235,12262,15284
1058524928,9805
3006290331,1436,2151,2463,10143,21897,25226,29523
2202236804,2931,3309,13191,13493,23319
1550958002,2189
4140970753,17891
3432166362,703,19782,23104,24556,27435
4205865550,6332
699340057,29701
1910041245,12038
1770033516,4007
311195158,2188
814014694,2186
2748439462,20827,29692
4144776529,9219
2569230361,15399,20262,20829
1515361479,7571
1135071333,3280,4906,5325,6469,14856,22576,26148
3219459090,2232,10698,11461,11923,23256,26266,26781
1213054378,2185,2484
3938877609,2184,6696,11615,20254,27906
1795779494,2183,4093
2354339876,9089
2564511733,11176,11518
1289429868,2181,4684,15146,23232,27633
246894241,6390
3496678627,20371
1128976085,20087
1853216929,15394,16026,17211
2963163450,4812,12065,26974
1862571945,4207
3453848175,35
2888907413,5089,10240,25574,27302,27860
1325506612,24717
1587296516,2179
3185487612,26215
2277166102,5033,12610,19666
1358263213,2174,4484,4502,5552,11111,11498,13382,16064,18314,18869,19843,22253,24836
1599561955,4983,6561,8503,10942,14930
2271891322,2742,5133,27991
298798642,1483
2162050843,2153,26693
2051322286,24118
3849636928,1104,14064,15006
2630353238,4325,6567,6822,10290,15216,17063,18722,19134,19877,22038,23466,23735
593730085,3551,4096,6125,17614
4187193495,19828
2879246509,2143
730896292,3311,4536,13193,19318
627442495,142,2746,3599,5743,7046,10160,13165,16779,17583,24860,26055
3172997059,4022,11638,13641,20193,25804
1004168986,2142,8135,9516,18507
1530331104,4396,12805
1858400031,6504,7506,12684,15035,16535,18422,20030,20530,25756,25759,28410
1489865962,408,9222
464021318,2140
3786429976,8920,26445
3083183985,21266
670817268,1584,9099
1311166581,2139
3412495101,12095
1151459606,2138
3425737180,879,17240
2608459941,1539,17408,18446
2968022616,2137
1284647726,2403,2803
3463709981,15684
2853578071,7598,10818,12087,18035,20093,22800
1251104590,2949
1606400069,8232,13875
4151556049,311,3751,6048,9101,10356,19288,24566,25656
1843007498,2136
617711798,13072,27579
3972601858,946
3727495794,24752
3140782050,19057
3484175651,2667
3710935647,12220
4024638818,1468
3903627823,8282
2929380221,24372
1588876586,4774,15749
238926494,12188
3685676945,4771
272838716,3431,11008,18982
1323725702,4827,8276,28883
4264439869,23815
2567406867,11476
2782836000,9044
1809380295,2125
3889234430,20321
401405791,3933,10190,25331,28206
4092247357,3822,8667,14656,23486
3645987857,1787
1902073861,2104,15318,18246
913223982,11883
3587714781,3544,6369,9132,9677,9924,14469,20270
3366037622,21231
4100265247,2119,8031,9539,9571,11689,14338,15249,18251,21664,21826,21985,22606,23461,26497,27713
1662040783,2118,9538,14337,15248,22605
2848904053,16410,16567,24580,24751
676567111,2116
3342413845,1834,3928,5537,12350,19004,22780
4020062564,7919,14814
2116512167,2115
2563474675,24275
4088303183,7207,21024
4293185617,29147
3910667484,4764,7335,7653,10281,10907,12951,14145,21939,24009
2352171153,3013,5095,11734
1929256041,474
986229455,2109,7768,9299,20694
3910191291,2105
2363741444,19973
2885637509,2101,27330
374025848,2099,4199,11487,13670,17467,27328
159343052,1656,8898
3848629613,2680,3209,3334,4901,6412,7736,7892,8006,8699,9184,11369,12515,12934,13846,14443,14674,14887,15568,15988,17274,18075,18937,19171,19279,19410,19723,19987,19999,20164,20749,21821,22022,22109,23086,26182,26925,28119,28590
802821842,595,2364
1435651901,425,1121,3974,4907,6470,8252,14857,20851,22296,24674,26149
2674084718,10785,16328
2259446938,2090,27069
4010626378,2997,5430
1627671250,2082,6706,8484,8509,10321,12184,14859,14878,18608,19719,19995,20160,21516,22298,24543,24676,26151
274080077,29448
183594957,2081,2146,2194,2844,3064,3924,8820,8934,14877,20994,21367,23670,24073,24324,25083,25230,26001,27616
3504884746,409,9223
1261683806,1382,13449,23295,25413,29184
132332349,16104,17755
1828272846,2079
1407499393,531,1243,1615,1918,2350,4366,4407,4638,6302,12264,12834,14264,20526,22794,24394,25168,25558,26501,26782,29611
1794631753,6477,8177,15754,16175,22126,22449,25003,25291,26860
603118888,893,1247,2087,6033,8433,10123,11027,14258,14690,16267,16794,23107,24780,26349,26915,27066,27775,29627
4049859646,6509
3810562492,2078
521577143,2660
1845485836,6510,7690
127547286,2075,3024,4130,9581,14291,21520,25299,28192
1726269954,2064
1397796500,12426,12476,12563,20566
3023623882,2062,22411,25370
616206204,6853,27228
4039521797,2930,7725,13492,14228,21107,26604
1363450079,3238,5534,8166,12254,12459,17333,22633,23121,26531,27155,28870
2423915269,5625,9752
2720103157,1509,25235
2685084324,2060,3738,7630
2591529172,17620
1963094590,14499
2163948421,2414,4012
1394943777,3956
2223611125,2058
3388744821,25310
3697268233,10581
1429293981,8881,13950
3398119875,2503
3850982477,2957,3043,3555,10879,16407,24157,29644
3518616750,294
228446167,20465
4222066062,2054,7382,17365,25192
3964594545,24603
2245184470,3904,19585
3345551752,2748,19865,24934,29442
1783548024,743,19594,27501
4243375335,310,19287
390695408,28691
2164679321,2047,4159,6316,8267,8792,9493,9649,11234,18387,21316,25274,25951
2038621034,1071,26119
2573494804,6736,14885,27956
4291298254,6006
3450805607,29030
280703128,4552,11200,18840,27926
2034849697,2043,6543,12226,14594,20655,22531,26432
2689886076,4663,22725
1471241734,2042,14593,20654
4267413217,23594
2565688870,2041,3211,3676,4879,5332,8240,11337,14502,14592,16056,16368,18077,18747,20653,20658,23623,24201,26132,26935,28717,29495,29679
1772004408,27543
3727125650,2040,22875
2548557217,4702,18206,21459,23278
2024468776,4571,13352,18553
214446665,3581,10639
944464816,2039,3500,9682,22874,28727
409090766,684,17098,24003,29317
891001148,1884,17246
301719888,20737,24355
1329188708,828
3820935553,2037,3498,8745,14642,22872,23223,28644,28725
3068274762,2032,28523
1317902500,18806,24972
2945477890,2029,4945,25206
1283088482,26827
2298308393,20192
860931697,860
3681114428,20020
1139112353,16387,19891
1540100247,14289
512284396,12389,13445,15010,17176,19090,24422
2485297014,2028,7212,17381,20504,26613
4226195073,812
3152044157,2025
352300251,1138,10397,11204,24442,26706
1060551963,2023
204792121,9081,9171
3818877655,6305
163293723,325
2811114547,2627
1658120054,7252
3679967251,16493,29424
3676792560,2547
793893768,1767,3276,6215,11792,13593,13887,17576,23020,25845,26096
4095443878,2017
2606124966,18917,24012,27757,28949
2678178884,5189,5361,5984,9294,16405,18461,19168,22415,24155
1744986819,2015,2283,5607,10002,14395,14447,18764,20036,21533,23208,24300,25616
229791750,3823,8668,14657,22272,23487,24478
1603141958,10727
3833491386,14381
3245672284,4386,7669
2076462336,28330
1460623694,8363
2448102863,2012,2678,18205,19088
3820107008,26294,26403
2763256230,467,1490,8597,10266,12429,16247,17539,20490,23326
1533365513,1417,2778,3085,5271,9478,13423,15662,22047,22063,28686,29538
1272854316,762,5748,5916,6413,7737,7893,9735,11870,13847,14444,14771,15199,17716,19411,19724,20000,20165,21660,21822,22899,23087,28120,29100,29822
1826163113,4077,8715,16841,18548,20575,24035,28560
1411638425,6333
2378968495,10194
2078863798,2750,7626,12240,12513,13892,14015,14828,15716,16397,18851,19277,19382,24936
2548493770,27529
3616526658,14092,28580
3661345069,1095,18007,28465
3049439445,8954
422903189,2574,5736,12935,17275
1912275768,2009
2117057645,1352,4706,6647,10682,15721,16319,16855,21427
1610557014,8332,9700,13408,13890,18849
101717638,2005,8035,15717,16851,19521,28915
616642660,29866
2125559154,4318
2502071804,2001,7865,14152,22410,25676,26806,27209
3551327956,21225,22333
2084877774,1967
3403096232,1998
4213643920,2858
4282801199,18047
4051601435,11218,25722,29597
1410978291,283,21685
2378956883,1456
683864251,1997
3407555210,25739
2794492816,1995,15840,17325
2739811954,4025
2185628894,1992,16966,17180,17416
480335090,24233
2603637837,19051
3765291977,7057
2918446366,10566
3348473578,1990,2089,27068
2991050423,1987,5442,7548,17061,20057,26423
2153164586,1978,4839,7390,8411,17358,20595,21401,21954,22542,27895,28245,29303
1026676584,24204
415002314,2314,3719,21976
3145904930,837,13338
1334904377,1940
1095942785,10040,20902
1723426245,1977,4838,17357,20594,27894
3866809896,10233,11838,21849,22932,23220
1675450514,5638
176288276,1976
1336691670,1973,2863,6881,11902,12860,19076,21397,24539,24809
1887715368,6803,19600
1425518946,3087,15309
2887221159,3001
559881642,13476,25087,26213
3028364557,1961,8292
1076400604,1958,27127,28818
1788342296,1955,25110
2313836137,7310,21567,23484,25553
2651311055,4885
1126349239,1953,12913
1800362801,7059
2426455248,1950,6418,6523,20049
877860473,4155,14705
2540868969,12159,16232,23500
2864790275,1945
3563682171,15550,18832,18952
2264578049,5572,11764
3088578558,1941,4143,7014,24483
1342651269,4732,11482,25896,26005
2353951015,1863,11160,19307
1498648131,1939
3641809926,28996
2947053864,26280
1773112256,1937,26360,28070
1829168354,1932,7633,9576,14010,16145,17814,22653
2231101400,1931,28549
3194816893,8340,25423
1966519948,3808,15131,18203
872951019,5215
3577475544,14054,29693
962609812,8065,11034,15557
1304962320,1924,10813,25350
413981520,19042
698791147,14563
2059936700,6955,10494
1657956416,2272,21413
3391555470,5737,9205,12229,17276,26435
2691852574,1851,2923,9013,23218,23800,24988,26387,28064
2706980555,1923,12138
4227774826,1922
2231973034,6046,13743
3779461381,10428,10552,16999,19320,26024,28496
671974967,19940
3384189321,1988,14149,17062,17867,19133
317617757,2433,7062,9466,12325,14483,26551,28534,29793
2640737642,1919,4367,6303,11354,16201,25420,25559
1532743775,5742
1868690495,4262,7203,15182,24488,25136
2984787727,24684
163554227,2083,8485,18609,29260
158412682,895,3606,10563,23430,29833
1863498225,8052
1673787945,1916,21142,25166
1560681313,25749
3295566400,873,10291,12178
3292558460,559,1780,2572,3426,5734,5746,6655,7138,7339,7989,9262,9429,10261,11431,11578,13024,14589,14772,15197,15761,17144,18828,19412,23088,23614,24738
819988291,1908
3402279138,9956,18316
1342011394,1905
2256726348,1898
692435811,215,1163
2596710585,2393,17674
1237459881,1895,12277,28376
2407921455,27617
1410528655,13650
438816149,1894,29746
3686154538,21157
4040498895,11178
1219471043,2878
3356468595,4834
679746325,1886,13236,26422
1738773893,615
1132600707,1885,6748,26421
3039758940,6465,13674,17815,25938,28528
1804930363,25957
1001733540,4873,23644,26330
3550620121,4133
181628700,5621
1568815119,2385,2982,5054,9583,12525,15522,21386,22301,24918
3471485248,465,18150
2589182807,16781
277493639,2166,14540,14723,20390
2799231225,9636,15458,16970,17866
2574817845,5730,13329,16484
3028101919,1883,17245
1293563220,19596
2913234015,11483,14477,25897
2567912464,3259,6718,8497,14840,24617
4268567735,1882
2237522682,1880
1575073589,9807
1945115376,8483,24542
1897311031,184,22849
2400202485,28440
2014136924,417,7227
3304552418,1857
863639188,2784
849279317,36,27215,27761
2347656351,1877
2810466290,29344
56312597,1871
298267092,7572
1725214364,29577
2017851468,11743
1938278545,1438,27168
2146047290,1864,19308
3397486551,3771
280058946,1007,10438,10753,23537
1878830552,9329,22421
628854482,4145,10661,14380,17655,21575
3481571284,1055,11185,26074,29245
699290485,1080,5795,13288,16395,19275,26944,26993
958715437,1862,11315,12533,15745,19306
4286599347,660
3257098373,11187
1192263923,9001,10042,12010,15961,24136
1904320123,1858,21192,25710
2553263337,18767,24026
4231351017,5631
4224018179,19892
3181215730,3749,12100,19616,22031
765333743,3099,17902,20845,29075
3588551102,2305,19644
2614627880,1854,5827
1558812237,9137
139763919,1242,2349,2379,5193,9267,22238,25442
3454420499,1847
660150378,1878
3255269023,585,22206,24714,28467
4020964646,13220,24498,24976
72702988,7793
1529743466,7425,23632
2013308976,1176,3315,3565,5898,6315,8791,11939,15225,25273,25950
2218546940,6903,21813
3070876901,3786,7006,27562
2327502211,16798
3083399994,998,1127,10978
1994879424,7574,19498
2063808859,1339,4245,15926,16034
2545519860,22852
3315118941,5418
1610683707,21082
3103765305,1832,2996,4904,5375,7643,8702,8786,9410,9476,10487,13226,22574,22895,23336,28556
1861370022,1829,2345,3329,7337,7655,9374,18916,19912,21037,22187,23717,24011
637987895,8951,9115,17733
3433838978,8098
3564981482,1824,5833,12681,17490,17850,23864,26733,27750
2993780918,3820,5466,11612,24844
3911584553,2701,27732
3503966491,12398
2167845729,2092
1216095515,8320,10792,15846,18156,23545
2923529309,4741
1522443277,7297
2523881700,2617,5531,12456,15234
1482533456,24747
3403118687,21125
2586066330,2357
2851502004,8387,10393,12766,24190,26808
46815625,945
1515424597,23672
393421962,8923,22579
559077341,4789,10018,26595
1350537688,380,1874,24612
2635391853,12360,19367,23963
3093961187,673
515751030,8061,12648,16417,18026,20981
1427603661,7582
3240894061,6628
1300082601,1812
1867597440,15183
164125085,1810,8461
1076184872,8351
68908115,9024,21268
465719500,2832
4250507319,1891,14496,20998,27179
1354983963,25040
747564036,5476,8073,19682
1944919374,3388,7302,12348,12571,16554,17691,18855,20973,22747,23434,29536
2575885997,29,1114,6013,6497,6998,7960,9367,10012,10200,10369,11661,16760,22369,23074,24330,24414
1378525947,29305
1698398558,1806,21133
3415197715,866,14686,28649
3694146374,5645,7904,10065,18218,28569
1773912061,2727,2764,20564
824873147,17813
925165106,1794,21071,23923
3324159186,2429,4054
3835116682,1791,5458,6129,8586,9836,10086,14994,18402,22327,22360
395899077,26405
4247107732,12799
3937787434,3336,18918,24889,25342,26184,27142,28950,29328
4049072466,1785,3672,6042,11208,14294,22158
222092499,27933
3059109483,4188,11973,23274
3006120841,8734,13871,19581
2278672909,1571,2512,4127,5069,5441,7997,8210,10934,10955,11553,11798,13150,14491,17060,17386,17665,18376,24938,25046
4047283086,6640
1531637609,1470,7092,7536,22533,23691,25854
190966885,867,2643,4289,28650
2372416604,508,11514,18578
2527286586,29209
2089102110,1682
2653192293,373,5500,16224,16408,17998,26389
973870725,4252,5432,5842,12925
3408938663,1766,2204,3275,6214,8555,11791,13592,13886,17575,23019,25844,26095
1262232238,4883,6425,21808
3897041675,3582,10640,16187
3532877626,4035,14053
2966191872,10625,15687,25089
4252870378,1760,23915
3249326844,2698,27729
3919917876,25911
2897924434,10112
767577896,8043
4134469595,27000
2412990187,18520
3974783923,2388,3612,7679,8423,13596,13874,15379,17553,17562,18657,20939,27588,27872
643688347,230,6045,7266,8481,13742,18361,22266
3247713600,8361
1710445178,21331,25320
3830830294,1744
2927926413,10705
3492582732,3891,25010
891880957,10963
2320412195,4420,14489,15783,16314,17033,17312,21332,24533,29281
3571469419,1743
2021081287,19445,27801
3698320669,6440
3149626956,4168,24637
2257951589,456,17886
1728109932,3652,4843
624127319,21785,29009
3213955407,4271,13163,24858
1486430169,4107,16385,19889
651148874,14449,26839
1598427827,13925,14087,17378
2158227389,1738
1016768405,1734,9229,29707
4187621330,2231,9227,11922,12899,19559,21115,26780
3239815404,6620,13937,15266,18041,18634,19625,19748,19825,21080,22401,27745
1595204674,3826,12047,13988,16624
3166795060,2991,14068,15757,19539,23145,25497,28577
4009017504,1731,2659,13341
219295484,2377
2499121461,28072
2493003433,5861,11707,18369
1192969987,15616,16019,16830,17974,25807,26701
3737067101,567,19654,21208
771957119,2265,2400,3958,16647
2389353608,1542,9933,26201
4257967793,1723,2176,3397,4438,12257,24686
273119330,5977,8160,17765,21521
1001561621,19147
1482777941,1717,7219,11128,19338
3335651606,5583
2618696540,29453
2020273713,20930
1808944687,4549,13054,15495,15765,24787,27923
4015547021,610,7350,16984
1351127860,1698,10383,26296
3248744780,1846
1917639874,5203,5683,7959
2257080546,18272
1970895648,1704
1052456885,20830
3203894849,1185
2725004416,20624
1753240498,973,22810,26756
3069503375,1703,11126
88500825,832,4435,21949
3975402261,1702,10810
644719650,28436
318034949,163,10108,21797
3866664809,3735,4464,7179,12877,20586
688770586,10023
1231441401,535,3095,11779,16414,21623,23585,24584,26038,29514,29519
1941906180,11955
3570137073,3316,3350,4507,11269,22154,27986,29259
1402388652,1353,4707,9579,10683,14132,14738,15722,16148,16320,16856,18654,18711,20495,21428,25639
2959981990,1701
387924968,1183
3809165445,21330,24258
348276694,19456
2619941620,1411,11874
3328801116,7498,29161
2144017459,599,7696,21163,25796,28980
3882948407,5035,12069,19668
1125745323,1700
2169777097,28815
1072722135,6021
1592631458,23138,29372
1298914702,1994,3873,15839
1233503975,1373,4148,7214,14188,14333,19894,23403
980351898,11420
1382843593,2117
4213313036,414
3348550343,8812,11557
4011430965,872,26441,26619,28780
994768113,173
2539608536,4626
679943071,17531
3367376841,16599,26811
2800456717,927,4032,5937,20582,25107,29340
4199102734,494
2590639755,7676
4135127832,1999,24996
3255780413,29634
949463799,9981,19611,22502,23184,24400,24559,29201
3477145391,22547
3915625486,1783,6040,6925,9021,11019,14676,23959,26509,29814
2993419169,912,2690,4546,5452,15805,21556,24063,26572
472817339,4895
4107578493,448,7481,23440
3129590641,5800,16287
3472323374,14171,19257
982594450,1690
2944977298,3563,8789,12992,15223,21221,23951,25948,28322
2623009648,507,555,9486,15436,18577,27959
2678394663,28083
2546304382,2632
3943963434,29582
3839481397,6880,24538
2854221732,3326,16439,19045,20578,26018
1860658344,26873
2508051101,1685
2898501528,668,4711,18356,26371
687406569,8168,17887
4106188892,1453,10228
4013944273,504,1407,4230,10945,11216,11327,11430,12353,12759,15196,16802,17143,17222,18827,20342,22760,25250
4032214757,15383
3372058971,1655,4076,8897,18547,28559
3509269320,1672,2800,3052,3175,6406,7801,13683,16614,28572
3520397854,28143
1728124122,532,4589,17474,28370,29402
3214524317,1667
1404723021,1893,8827,11835,29745
693334010,1666,12592,14532
1223118812,24445
2863354407,505,6247,12412,15434,26847
2171780160,16,4636,7030,15930,19839
59685229,1663
2109452670,1661,16666,20814,24433
4200804292,1396,19874
1160028699,10055,10496,11288,23954
1230955657,18718
3105925591,3513,3855,5007,8508,12260,15282,17983
667269962,16509
2826612521,7594
4161487053,1660,24432
2399626417,25023
3973270619,1848
980016582,28429
1995056551,2034,3495,28525
1990697003,25312,28719
2435603598,1651,1768,3277,3394,4072,5301,6709,7825,8215,9415,9953,12403,13594,13888,14040,18814,21540,21937,25530,26379,28705,29168
620634056,3202,7012,9905,15419,24481
302670463,13778
3588861238,3254,4227,14835,24909,27654,29146
1431835445,1647,26375,27166
889640295,9506,17949
1302462970,20568,23284
3023698171,6132,14229,16590,21108
4285559287,19402,22018,29791
3326661222,1646,9071,10431,14823,23776,26374,27165,29802
2227291836,7071,9775,10905,14186,14847,23856,25718,27781
4039849,6516,6596,8553,10300,12582,18222,20647,20739,24320,26093
4034013553,1644,1844,15169,21455
1289289539,4993
525991756,29869,29870,29871,29872,29873,29874,29875,29876,29877,29878,29879,29880,29881,29882,29883,29884,29885,29886,29887,29888,29889,29890,29891,29892,29893
828255757,601,1419,24244
3251097669,1134,1628,21076,22486,27740
1434487612,1642,23579
1540846870,12653
1548468699,3707,6599,13108,15291
2971758383,6704,8297,24515
3512964171,12296
1293058276,106,14753
1017004518,1721
2446401080,6960
841575500,2839,21759
2841323890,710,1295,4184,27411
1834933990,609,958,16005,20283,23518,25929,27386,27886
993384888,1635,1772,3518,6388,6421,21689,23437,28047
3059208649,29832
1913659318,25311
3090582822,3545,9925
121453452,3290,10035,18114
4026487338,43
3471300681,8906
1198382259,6929,14623,14655
3714225755,17168
2401985867,1634,3953,9232,28046
3380809654,1711,23907,24426,26219,29637
3557615522,4919
1834443857,1633,2436,3402,3972,3993,4410,4641,6408,9231,9789,12057,12203,13685,14729,18266,22098,22807,24691,28574,28791,29429,29709
156476005,5830
1929153580,293,8304
531749543,13354,18555
1539450449,1626,29384
633782419,1622
4099373647,1620
2408406554,17169
795447,2745,17582,26054
3637741789,13336,19928,27992
211440461,2315,3720,11626,21873,21977,24682
1888413031,1536
1372665971,1753,12541
1167112417,4492,5835,21352
6903186,28817
3734247480,642,6060,10263,11433,11580,12384,13026,14774,16927,17606,18830,25241,26164,26586,28278
1742488650,9780,14871,27475
1388001081,22509,29655
1744029181,19531
4062941735,6661,12434
3061015316,995,18873
1888284207,5310
1677412146,468,20491,27647
3392826862,28414
1044403820,18459
2035293002,1618
3904677,16540
2224478928,1826,3776,8878,11845,22145,23169,23971,24643,28270,28969
2085918496,27213
101749474,18671,28227
464332604,744,19595,27502
1870296568,3740,9558,16301
2936535723,1617,26645
3954849613,12841
3422336970,6233,9540,14339,18252,21665,21986,22607
1097247923,1845,28411
44548527,20482
174530916,1610,7041,7722,19139,24742
1026112115,28886
2106625266,13000
4124983268,2036,3497
2143011973,7554,9080,9170,23009
1634764464,986,2066,3684,4406,11737,12025,17841,18784,23204
3137686099,2676,14253,17853,22166
2586356664,1601,8801
27420214,1600,5128,7876,8515,8800,9283,9613,10264,10657,10732,11947,12385,13333,13551,14376,14646,15807,16161,16536,17025,17916,19638,20774,20955,21456,21558,21817,21931,21967,23479
947959730,1981
841158408,11013,11053,11658,20199,25660,26032,27965
1164345312,29190
1503844454,93
318052380,1207
1764380180,29476
2550379689,15868,18429
1842269360,1598,2819,10472,20101
3883821063,2782
4256457377,3533,25220
243941212,8044,16467,19695,26273,27766
2440737413,8681
1738787272,1587
1749905437,28934
715380320,4510,6172,7945,11837,13436,14790,19383,21902,22816,24546,24719,28504,28582
2141869680,3615,28390
1147520416,3761
972219198,21373,29452
2044120839,9004
2982055572,4847
730300766,1925
1546295245,7501,8749,10022,29164
2749887601,12962
1934724635,416,7226
1443351930,3979,5881,12781
2682463668,805,4569
4082016933,1570,10954,11797,15969,18375,21982,22837,23206,25045,27197,28510
2096303472,2565,7099,7962,9369,18790
1134025068,5598,6198
2054847836,1279,4243,4608,16040,18488
1035067087,1566
3193037099,920
381790380,1565,16219,27103
2257140977,1137,2301,3961,7950,8809,8995,11203,13096,15376,17154,19113,22348,28956
3846761458,3948,7779,20879
1648055687,8733,19580
3118237136,24401
975770566,1522,2836,29782
1766658192,1611,4362,5488,5974,7042,7345,7723,9560,13638,14142,16303,19140,21177,23310,24743,25544,25729,26317
556568890,17137
983031430,1558,7471,11121,11325,16205,21964,24867,25649
3611330293,8238,23580,27652
378039611,5479,16556,17989,18345,19467,24335,26174
908776227,27996
2616528631,894
2936596726,770
129912822,3987
3206098430,1889,2882,9416,12544,13153,13889,14363,14494,15371,15724,16479,18532,19512,23769,25990,26355
602081851,1552,24269
3129895177,1550,6725
1797433846,1549,6724
294030652,8086
1119019995,3803,18562,25143
2523260789,10044
1775085869,5857
3988642146,1867,22597
624093505,9851
103444181,10436,11105
4200883332,1403
2791685725,3783
2135204443,12276,21188
2601781196,204
2913142484,4472
2514828014,2736,3723,9474,13007,13224,20610,20864,21876,22572,23334,23949,24222,24468
264033073,5004
1573814337,2342,3703,4961,18913,18996,21034
3922879455,21007
1106851420,16261
3133409636,12820
809214499,83,9252,14554,15441,20486
129483448,1547,2102
3700239695,1358,14247
2238834033,19256
2459648573,16939,18519,22195,28187
3705348480,1544
3842119171,11876,23677
3481772463,2238,24954
3866347076,1730,11357,21004,22428,29441
3419551787,14504,16058
384225866,2692,12444,14955
2034433693,7318,9448
311365891,27737
2899381706,14022
2621217080,2161,9308,11716,21146
2965985952,6176,12040,25377
918042468,1619
2273262788,969,1223,9455,10877,11396,12712,13082,15620,15866,15900,15985,16199,17909,21394,22105,27891
999074817,9798
452537172,15853
905464039,14606,19301
3176062166,4330
3335259424,1529
1104107602,1526,10893,11248,14302,24645,27249
1552578116,1555
3476773429,8721
584342423,15490
2349406354,1344,2467,20643,28287
3380118694,15573
1036746881,4114
3629404205,1559
1920867768,2768,10779,19605
1309616928,16401
3212799197,452,854,1415,11684
330161878,1263
302207434,1174
3857442059,364
4214838401,22977
1601862060,20440
1170541086,200
3450946052,3375,20856
594345259,16465
4196115743,447,25115
1150276068,1534,18009
4158480275,3484
2452922923,12013
1574304696,9336,13693,13700
1960344551,1351,4705,15720,16318,16854,21426
2004713107,1255,1259,2777,3069,5270,10611,12054,13810,15661,19630,23605,24555,27434
643513438,29175
4291991724,25195
4228330815,18197,23431,29533
2805915011,5686
2788308629,1507,24140
1484261668,1161,18301,26351
1902241228,3988,12880,13017,14406,19592,21770,25499
2017495670,1088
2383775248,27995
1348980218,9666,21877,26534
1010727817,2707,9966,18327,25354
1941891384,7068,11622
1231571434,18109
4251627991,11348,20670
1843078615,1671,3839,7463,12687,13753,15140,16295,16712,17510,26769,28571
573672983,15189
536232194,1505
3545074718,11448
4202582786,360
1765363816,3804
3092411558,396
371700080,339,17136
2823532613,28197
315436752,21153
3534085012,11539,15813
512691743,11175
127166008,6232,19742,22923,25397
2826252232,12237
2534103542,3330,28063
2265506735,13488
2826514479,1113,3168,9366,10368,16992,22368
699975594,3121,3526,11695,29158
533605961,16823
306737658,2,20063
2054553121,1496
1084357832,2275,5548,8542,10459,11352,12654,13214,15941,21416
3242743519,18391
3212886000,9022
3705657285,12666
563844259,175
3220250887,4913
3737777066,4088
3614447585,25271
3009251227,14176
1880462208,1482
1596067313,6023
2077024733,15026
2588831193,13010
4081591466,1489,8596,12428,16246,20489
163114271,18,2067,5194,8366,10699,10896,11237,11496,14117,15467,17400,18785,19789,19841,20894,23562,24228,25901,25942,26267,27082,28174,29271
1597614120,8852,15964
2585315758,1718,7220,11129,13073,19339,27580
3433804697,2807,18760
1228715362,1484
211580987,524,654,1383,2994,3714,6283,9408,10632,13167,13920,15110,17084,22041,22338,24927,26624,29185
2559451742,1469,26898
696799889,15051
3531130596,1169,7568,15819,18425,18659,18872,22742
1396697151,1466
3498080549,27879
3766232688,5481
3340191344,13923,14085
1113743272,1463,20338
46780069,3890,25009
3608793372,12483
1059387969,2567,3033,7079,17123,23147,28599
3775061033,328,4002,7862,9995,10463,14127,15448,26448
1533485787,8190,14987,20142,20945,20978,21891,23793,28335
2142285355,1421
1025706686,4691
3152952477,26679
3020283811,8501
2098762270,2284,5608,10267,12430,14396,14448,18765
4079821659,7663,9456,10558,12181,14124,18462,21513,24286,25120,29420
2504841231,15176
2772543515,1444
1341067199,10218
3526784114,7161
2319218749,5774,12498,25184,26658
947485063,14505,23395
2476105206,7886
2182691089,11050,13038,21420,25737
3193844485,1964,9282,14645
2927376869,4557
496578950,3118,3943,4968,5605,8209,11552,13149,13620,17059,17385,20676
1501378129,23,2686
3491350073,622
309808424,8839
248602438,1497,24704
678604147,7405,16974
24950460,10569,25833
3662877167,1437
662349995,796,5149,6915,8013,10090,16867,19677,24520,29215,29740
836203428,29608
2156283646,1433
4264577787,7441,8398,9332,10544,15212,16313,16448,17311,19072,19400,19735,29789
3111982603,817,19200
4065456156,1412
777268486,1409,6572,11872,16356,18445,28179
548263794,11522,21013
2194514593,2925,6173,10860,14546,16977,21448,22817
1068003478,1405,29335
2418194748,562,1240,2347,4516,9265,9376,10873,11371,12604,13921,14083,16281,22236,22339,28023,28639
699842783,1401,23517,24908,25928
3120233822,1398,18641
241018346,13359,20134
4183727508,13269
2498904856,1938,28071
1308511408,1979,5979,8412,9151,10449,17767,20596,21402,21523,22543,28596
4196528388,1394,14238,18208
952069566,11077,11628,23835,26654
1853274040,20385
3078704766,9112
2597956909,8327,16282
219085566,7713,12234,14285,28941
609643603,17205
1883440168,12585
1441605440,1389,9306,11714,12548,20232,26753,28352,28620,29135
714269967,8656
2306780703,4836,6826,28894
3050647132,1385,9364,13049,17500,19219,21363,22667
3539079185,14317
1298711314,739,1107,2538,3010,3324,6462,12487,13586,17522,18137,18298,18940,20445,21059,23589,24053,26016,26472
3383809650,20130
1647433615,104,15322,16153,22611,27822
1672522671,1384,5092,5971,6565,7342,7474,9363,12613,14008,17778,19218,21646,22666,23593
752148475,8828,11836
1827368899,16212
3642726619,15356
3630002149,1038,17795
1312304567,19701
808582644,1379
2457285914,4064
3709582042,1378,3777,7086,8132,16331,17959,19199,22740,24923,28271,28970
3624204086,19796
364850375,3100,20846
3887194246,24564
2846653925,822,5274
1795664645,2647,6432
2889902332,730
3353043320,1372,19893,22518,26529
9172281,440
3645767854,18631
517283389,1367
3053630617,7811
1256925660,1366,6785,11608,12639,21578,21912,25526,27695
1583006965,9471,12129
1697056318,25503
4156760634,3983,11893,23529
3705646858,2664
1483362105,27680
3308012544,8978,14212,16543
666286472,9043
142896287,28394
667003068,24248
2193026905,1357,9575,13994,14246,16144
982231946,12014
1351794255,1563,11664,23077,27977
2038026047,21229,27795
3983584657,12063,14031,16581
4232380178,6237,27598,29231
4130960483,1356,7539,8511,9574,10938,14155,14245,14383,20420,21915,22036,22536,23464,24444,26153
3460041203,22939
1638154159,839,4700
1187733627,1354,1573,2074,4129,5920,8212,9580,10789,10936,14205,15645,16857,17172,17829,18120,18153,18408,18903,19728,21934,25048,25298,25640,28235
3777461532,4579,13411,23290,26947,28807,29747
2560076784,2579,3221,5280,5561,17827,18334,23870
1694888830,296
658303318,501,15863,24729
1603673569,60,13667,24304,25704
3436509493,2316,3721,11627,21874,24683
555127489,25240,26585
2952211989,1521
3286281211,10373
3377483301,1499,9635,16307,18406
3770534840,3383,6514,18559,26428,27310
318650187,1350,4704,12062,14030,15719,16317,16580,16853
2863638883,4577
1305526118,16412,24582,27086,29512
884590368,288
2328727503,8958,15151,23985
3583057011,1625
1117324842,3726
280373176,1348,9269,9325,13084,13944,22417
517746133,1328,21910,23453,27430
2555088016,5622,18283,22461
2261017418,8417,8643,15038
1892888646,6934
1932936854,6191
1051696615,1345,4488,8025,14746,17197,20644,22388,24418,28288
1485394617,13672
3659055418,4233,6762
1485407164,19131,22650,27397
2682818350,16872
2959556293,13307,26616
435985420,1343,2466,28286
2049310007,9692
1223895249,5649
2018462980,375,5502,6445,7346,8148,10248,12719,14143,16358,19141,20040,25304,26777,27048,27407,27693,28181,28421
2880918205,1267,7822,20520,25470
1763786857,1623
440824446,7632,28229
4291736033,117
2881615684,29579
3843392821,16912
3497955593,1597,7135,20100,21477
776949787,1001,2169,6860,7587,7843,8465,12145,14726,15088,15775,17188,24311,24776,27334,27485,29037
1460634683,24126
707448883,1337,2928,5462,5725,5817,5902,9339,9587,12529,14549,20510,21745,22281
1784479141,27280
1740650411,953
1957339898,1336,5816,22280
2321688452,13464
3124216919,10924,12916,18110
180888308,3146,4249,22192
672306701,868,1257,3235,4290,5421,13179,20911,24553,28544,28651,28867,29549
1096456035,704,14688,16265,19609,23105,24398,24557
2463005360,377,23578
2275824266,322,13349,18781,25483
1852934860,8022,8576,10653,20438
3859490939,1333,3429,4267,7054,11006,12424,12474,18237,18980,19272,20917
735106547,1331,4156,4504,5011,5525,11500,13647,14457,14850,19845,23132,25307
2675193189,2365,3481,8321,10793,28457,28681
227009221,14310,23581
4125966771,2833
1540418690,2658,9530,27803
2657509782,1103,14063,15005
2502183163,27932
3568390925,11150
3204738163,17133
2926470713,6325,29279
3955866170,335,29097
3646913334,3884,20767,21091,21162,25795
3854069197,29675
163420218,1326,2977,27428
3072285512,556,8646,15437,27960
399391388,3796,4855,7627,8829,10324,19329,27107
4054286643,1320,3150,16954,18674,26883
3431613544,6415,14237,16741
1922671344,1319,1817,4313,13039,29273
1429041018,9461
4217925316,6790,28744
725354810,20590,23729
698145009,3363,16541
124088523,10679
1090984174,26970
2746489133,2974,8796,10796,16989,25838
2478127564,9156,10775,16601
382326006,1318,1816,2654,4218,4312,4671,9206
2013780348,313
2499212452,1991
2343422891,21790
1285363931,13063,16724
291505706,3245,9747,13612,26262,28473,29378
2583540087,455,15031,20284,23519,26065,27040,29051
2553476920,9000
3304111083,4382,6069,27548
323832051,21248
3176041281,2999,24119
3895586464,15674
3099651586,4191,6344,10557,11976,17882,19952,21260,22968,28674
262305867,15681,20197
3301783307,1316,1592,3059,3077,3179,3191,3886,4138,4498,4949,6386,7750,7910,9465,10583,10913,12324,19126,20413,21093,21445,22953,24014,24833,26550,27660,28533,29392
1623355497,7174
3414551236,1485
1829567589,9027,18059,18986,20060,29010,29034
2140187409,26593
1927932967,238
3245969558,1149,18589,20325,22696,25086
2824462546,1313,5786,9745,9821,27015,28774
2059067844,1946,26729
1606462302,3853,8506,15280,17981,28663
1841772713,266,799,1581,4282,6896,20124,21349,28678,28879,29776,29859
3886312276,5437,25057
2816294220,3,18144
2079297887,37,27762
2964928771,20368
21964508,128,5954,7366,8564,17694,18930,20146,21273,24591,27246,28061,28151,28489
1890160911,3506,14020
887227838,1899,26671
3689273180,2623,7351,16985,29704
3153416768,10969
2490420454,2815,9274
2927003507,485
334382874,3424,4225,4978,27471
3229019857,4044
3627938418,1284,8012
1063075536,8687
1211716708,24461,27684
1095487029,1029,2271,6828,12600,19129,20260
2156480227,1278,4242,14475,18487
249928853,5656,27469
3474607772,29830
149356730,1603,12757,13623
1570855510,19063,22799,28811,29408
72851213,5125
3330551984,1277
875486234,587
2357650799,25429,26700
1922268277,18777
3567079540,2019,6264,8234
3111321676,1275,4449,4491,5079,6261,16297,16515,16750
3205536407,2941
2978863277,6801,19656
4084169865,679,9832
4000531073,1059,3097,3444,5021,7700,8075,9069,9975,10429,11056,11929,13203,13907,14072,14989,15137,15542,15697,15734,17000,17362,19832,20808,21777,22247,23187,24172,27367,28497
2744566484,19312
1374205330,13065
1181358918,1269,3432,9812,13993,18893,18983,19343
3042461895,22052,28155
596368906,20286,25180,26533,27157
1961794508,1775
2687423476,1693,18716,28655
2221497517,3813,6500
4270683675,20963
2265268644,4725,4910,16784,22362,23577
377725800,2835,29781
2910773508,1268,7823,13992,18892,20521
362208428,17125,22711
2637138016,1262
1034731849,1473,9495
2400885132,29606
1277957081,8965,23443
4006798210,1187,1201,6275,12292
1096236360,273,582,924,1369,5356,7432,11425,13713,14979,15525,15795,17390,18816,20042,20171,20498,20506,21667,21988,22351,27050,27826
3246128422,2276,5549,8543,13215,15942,21417
3392630966,4982,25521
1382376391,1258,4291,5269,5422,10610,20912,24554,27514,28545,28562,29550
3049326218,7592,11131,15670
2629893758,11860
3942737737,1427,1670,5455,6593,12686,14991,15139,15406,19501,25118,25761,26768,27864
315721814,22340
1364333819,1554,6981
746736013,13604
1166412169,1254,4043,13809,24193,26522
3979284473,851
1671593755,1253,24192,26521
2693343358,25816
1634063363,786,3335,7748,18938,24831,26183,26926
1730846453,5305
2480962410,1251
4043292809,23053
1321631500,1250,10540,27978
2339889780,23679
3818768813,1501,1888,2514,2581,2881,3223,3610,3625,3967,5146,5282,6241,7459,7999,10492,11548,11800,12813,13152,13238,14133,14331,14493,14739,15370,15723,15832,16149,16524,16893,17388,17667,18336,18378,18655,18712,20169,20496,23005,23065,23401,23872,25989,26061
3404744966,1249,15923,17728,26601,27807
1311913468,4989,11784,17284,19802
3246624978,4914,20398
1218423708,13
4013933537,15574
2664831245,1691,26681
3421534561,1246,2086,6032,9980,11026,12690,13735,14257,14689,16266,19610,22501,23106,24399,24558,24616,24779,27065,27774,28882
1725868857,2638,3955
288247954,4108,16386,19890,24790
2496668383,5166
1613398873,21862
1211961124,1244,12265,24614,26502,27672
1198204761,1238,7124,10115,18067,19102,23786,24736,26385,28184
1984970844,22483
1265279962,71,1659,12650,14372,15779,16547,24431,26505
3517174679,13721,23421,27025
1137274640,3160,28918
3975135745,6027
2042468694,518,2148,2597,2846,3515,3857,3926,5323,8569,8936,10088,12199,14854,16738,17047,18295,22892,24518
3248181235,12800
1038069326,2620,8571,25433
4051824420,10677,20932
2819487660,27217
2465901630,7986,15078,25072
2992816151,13100
2706734077,4662,14471
3989569766,1849
3369238350,1236,3395,3611,6294,7460,8422,9954,13239,13595,14134,16150,17389,17561,18065,18656,18815,20170,20497,21938
1190792501,11182,16558,19193,19463,19761,20760,26071,29488
4000252653,574,2916,3562,8704,8788,8938,9475,11803,12991,13225,14043,14627,16527,17049,22573,22894,23335,23338,23950,27152,28321
3004471145,1211,17495,22961
4122708666,1778,5627,5759,6160,9317,9754,10484,16279,24409,26845
3548822216,7191,27523
1674378212,3260,6719,8498,14841,21926
3735698116,4270
562728389,4508,10322,11270,19720,19996,20161,24544,27987
1606147782,52,77,1430,25571
4063722920,752,14608
2618878631,1868,7421,22598
1882941557,1232,24898
3752124033,23559,23658,24225
2555561145,8744,28643
2637305880,244,941
327740599,22938
2081249683,21438
841590686,18101
786541287,2760
4103694097,1227,1518,2774,4862,6338,7408,7527,7719,9015,9848,12215,15410,18019,20726,22458,23541,24086,24651,26789,29753
2132650420,8761,11022,13836,20418
495642154,2187
3823852057,475,3133,3916,15357,22942
3591556066,6307,28247
4134836876,7,4161,26393
3726435654,25128,25159
4048146244,21798,28347
2286154180,7368
3150279518,1216
675530178,1965,24945
538649973,1209,26208
484619735,10132,11782,17282,19800,20756,25487
2996314436,1204,19627
2212008451,7255,16133,27399
4063535906,390,1637
889929837,1203
3915606283,8862
1407948943,592,1732,11460,13342,22357
375965823,3661,12745,15498,17745
89580769,1196,6250,12252,23804
1633842335,13217,15944,20235,22469,22529,22629,22971,25359,27019
907532158,2966
3518716714,19568
1446311847,965
750181897,9050
355659062,10570
1201399993,20922,23639
3776074394,7308,21565
3295995261,5165
92629218,1818,8858,29274
2282322195,15098
1099254957,887,10082,16804,21481,28976
1083478560,5,6639,17599,18146,21120
179226818,1274,7903,10869,15828,20790,28568,28967
3354397287,4269
2202061572,4087
1018158470,25825
2652494538,1332,4266,10407,10476,12473,18236
2683469269,726,10215,20414,29393
910655168,6673,12091
3637101662,1184,27938
872521172,20929
2097232130,1182
1140183949,21672
3078364937,4150
922263755,13956
4204817131,10535,23115
921473009,23305
11172137,2585
3135497428,24272
349056999,4794,21160
4044324981,13379
3171979018,1613,4364,4377,17747,18001,21179,22614,22863,24392,29705
2924632925,2063,3528,4709,6217,7742,8949,14882,16322,25371,25847
1497653909,15073,19144
185568257,1180
4165032628,153
3182028896,2588
636191609,1855
1645632429,11114,16442
3326765807,656,4181,6163,11804,14628,14890,19282
3803848141,12942,22756,27274
2098370718,1759,3269,23914
2116881545,1179
2706416418,10410
119342091,15365
2822700728,8459
4155578329,4020,5798,11636,23021
3441749016,7418,14758
3067064403,1178
3437903277,8350,28387
1110709987,18209
3705383656,1514
125707479,4198,5384
2237282026,911,5591,8429,15804,21507,21555,22000,26571,28382,29763
2389751589,24793
886091972,18606,20975,22749,26524,28332
1827342868,1177
3584055670,27797
2536176286,27541
2566290865,22588
2434136319,4094,4842,12189
95584380,1397,18640
1997498221,1096
2800422933,26812
4168329164,1106,29548
3655137160,1173
1922478876,27421
3587186583,3442,8777,9045,10330,15540
1834587475,1171
1267080349,1168,3778,7567,7992,15818,17960,22741,23745,24924,28272,28971
3096733255,16025
2378224849,1562,6015,7000,11663,18802,23076,27976
564324392,72,21437
1431876186,1167,29004
2155426531,23041
1199266155,13470
4255760967,5907,16349,22827
580271635,55
3401003868,1160,14150,20277
1578192814,1604,3256,7835,14837,24911
2985114580,6047
272720929,5293
93607134,2504,5236,15603,17992,20214,23702,23922
3611831659,22305
3292126137,1334
230069241,5507,8402,13976,29254
270089583,24097
1874478161,12298
3963437692,1830,2346,9375,12603,15080,18932,22188,28153
2147107903,2822,4040,4346,6547,13806,15171,22397,26284,28907,29846
774818799,6382
1461329456,560,607,761,1781,2573,5735,5747,7340,7747,9263,9734,11869,14590,15198,22898,23089,29760,29821
1529710303,1154
379531061,1197,23805
2714083578,23626
2977942815,1153
1002225127,118
429477216,1281,23213
3349144539,512,5564,5675,6485,8519,9060,9120,11309,16310,19642,21430,22695,24941,26687
2690214916,15728
1222749347,2779,5272,15663,18919,21164,22064
3273585405,1146,14185,19550
3940728673,27838
1613448816,8961,9078,10339,14222,18189,19124,21057
4125104606,17356,27893
3759616698,1144,7155,16136,18669,19488,22425
3110825957,10444
1755467415,25455
2725162000,13633,15786,20248,20345,24322
3977442643,682,1347,12932,19440,20646,20701,24420
3512414560,3122,17402,18736
2886744966,21904,23417
3883225203,4437,14556,19293
1272936003,12239
1166050455,7269,18364,22214
2959390986,1143,2799,3051,13841,17941,18668,20008,25329,26102,27356
906440878,3898
2239551899,2639
1405429842,1050,4083,8486,13541,18610,18905,21389
3911293689,1142,2798,2954,2958,2987,3556,7661,8672,8845,10916,12575,13840,15427,16114,17011,17353,17940,18667,20007,20778,22772,24158,25328,26101,26227,27355,29399,29641
3492480278,1141,2797,2986,8394,10135,13839,14829,16223,17352,18666,19068,19662,19731,22771,25327,25905,26100,26226,27540,29398
2288168427,9468
2719167984,29449
2986021970,1140,2004,2796,2985,3795,4509,5067,6336,7734,7776,7890,8034,8393,10146,10323,10932,11271,13443,13838,14441,14672,14864,17174,17261,17351,18410,19067,19328,19577,19661,19721,19730,19985,19997,20162,20513,21795,21901,24545,25326,26099,26225,26787,27539,27988
3378750606,928,18123,19239,23269
1229381975,92,8709
3639614263,12669,23283
2895939683,432,1133,16835,22485
2187605842,1139,20512
4291162430,8368,10586,18787,22985
1588574973,2874
4135360821,5925,6753,9249
2063783414,353,17808,19187,19787,21344,29126
3126926661,16586
2677919959,1136,3960,8808,19112
2095666040,8443,21306,23166,23363
225818892,21461
2034634435,1131
2461914830,13432,25079
3688759386,1102,14062
4055995302,4805,5845,11016,20650,21802,25920,27919,28001
3438372285,6683,15502
3227316442,25053
2430417589,3580,9384,10638,21223,22331
3585021722,21026
27645500,1128
2251591276,6893,26444
1118856386,1125,1439,2534,6617,8301,19745
3939759480,14560,14779,29021
223353089,26,6010
1035121409,753
3034478851,1117,10316
1558149039,29117,29150
2299163048,1583
3677214473,4278
2790563121,8604,8903,9809,10525
2447922141,3768
3615013100,6003
410685146,4891,12431,19311
2494709125,2221
2465318575,2422
467633004,1474,9496
4089689108,2331
3496899775,18858,23037
360562127,11003,11830
3109276649,1276
645356840,29600
1861096404,13184,21166
3866704230,359
2101441364,21868
2861015105,379,1873
1000450738,1467,17415
838541497,8634,16605,19763,22910
4293407986,278
1040715595,46,11683,29604
932411736,6954,19014,23155
4181626297,19538
4238899265,3539,7082,19636,21929,23506
3041086167,1100,10985
3089590526,6078,20516,22839,29472
3302408224,15024
2814649727,1365
1763469949,539,3638,18191,20299,21895
549226744,2311
3542263688,1097
1256562468,14919
3618249806,11962,14584
1640545843,603,6466,9067,9973,13675,14816,15877,17816,22073,23739,28529,28540
3364294089,67,5703,10767,12304,24888,25382,26470
2234419509,17466,25599
2014723180,709,1294,2113,4183,9220,27410
2547929885,8372
1803834035,1094,17267,17278,18006,18131,19010,22868,23666,24358,28464,28856
2729440012,17874,22941
3330587675,1737
1033948257,769
3419465866,23491
565020214,6609
216356883,1093,28463
572249673,174
2560290916,1261,6439,29096
1653498346,1090,4630,8225,21409,28460
3361905128,9163
243343179,10597,22089,28282
942757025,1665,2358,12591
2714168161,8158
3882539742,2683,9187,15571
3911680636,1087,4111,6660,12433
148086350,6789,27029
462128143,15046
2948888024,899,15012,15552
2144310439,1068,2418,5680,6158,6607,6875,7492,8129,8220,11383,11399,12715,13522,15623,16072,16277,16399,18304,20782,22702,24407,27237,27455,29218
867698704,28646
3195351298,8281
1015807058,1086,12109,12432
91437501,28476
527141348,8284
964719656,6279,13316
3779814476,1084,7391,8162,9704,13904,17359,21955,22113,23178,24476,29304
458468414,15947
1242347178,2544,14096
2182850474,1083,5978,6773,8161,9703,17766,21522,28595
2731074586,10776
2201628761,12365
2241794386,8049,12507
2825578864,3489,12321,16816,24947
1260429091,28609
2878364731,17811
4076161507,949,26367,29019
3836561892,2688,19569,20088
3303423001,14434,20811
2631995134,1531,1586,21148
2084700960,11979,12075,27513
3232885156,1081,9701
2747803566,1077,1266,1288,1688,4525,6886,7821,15870,16904,17102,17806,18626,20637,20861,21831,21961,23709,23946,24465,25469,29124,29321
870260242,2098
4218788089,16845,28636
1906867567,7293
843073524,13145
932826023,9972
739542609,526,14077,16528,19033,24929,27153
1243263371,15680
687088355,183,22848
144473254,1074,29301
3928701213,1049,1306,12233
4038295939,3230,7515
887011577,1048,1305,12232,19575,25324
3148318323,7319,19184,21341
3500131334,1808,3407,11296,11569,21061,22474,28005
3268973569,1045,1302,2756,4358,4500,6813,10992,16868,17724,19678,20210,23732,28854,29741
4246219662,13961,14113
1707970663,1040,4286
2812458610,101
3371242785,910,3859,21303,23875,26570,26793
522468944,13499
403450164,1037,5405,7314,7394,10553,13439,14464,17111,19948,22075,22964,23795,24351,28337
3903189423,19406,20090
3898523784,14314
1112404680,213,19201
1273578509,5911,8565,16468,21274,26740,29284
2228635558,8658
3847343156,26519,26892
4050870411,1541,6254,9932,27331
2544544631,972,1046,1303,3143,10824,19191,20211,20221,22130,25132,26755
255145865,11744
675747437,6612
2197401254,2687
2624770172,1036,7947,13438,21776,28520
839018846,17280
1953720977,1508,25234,26884
2100268914,28538
1696003505,1034,3005,8228,11789
494991041,13991
2095716514,13346,18778
3678704847,8990,27971
1651452569,6992
2709427897,355,3685,4256,10276,11738,12099,16183,17074,18438,19615,22030,22211,23257,29128
743009489,4323,21703
2875524851,7009,25054
3023987499,4550,13055,27924
4070096819,1532
2282645014,9880
3407449528,15175
4038351886,1033,3004,8227,11788,21411,27321
1800908842,1032,1091,4631,5210,8226,11787,21410,28461
1633331719,2674
1838034970,22445
2515953602,1030,16886,22716
1424582297,26744
4006223024,22068
1872239434,1551
1166072026,1798,3950,5963,16101,20155,21131
2563499287,1027,1480,1579,2198,2233,3141,3477,3834,4379,6362,7236,8109,10049,11048,11527,11899,12026,13197,13533,14181,14195,15482,16060,16239,17749,17842,18003,18511,19189,19817,20203,21144,21181,21346,22467,22865,24648,25443,25735,27061,27233,28798,29250
565108200,1157,28217
4114314537,1060,3098,27368
3054429867,27735
1907479559,16990
1379889615,1025
1127789955,5380,9793,29779
3101984194,925,2239,20499
2789743301,5707
4123667525,1024
912213055,13434
1703225234,10026,10772
3448170510,6082
2819683030,4157,4505,4722,7357,11501,14851
1089254891,18324
3577145836,17309,22479
854443434,17182
4164810702,1413
4202944497,10004,11068,16249,23328,23387
3060882321,15977
2990357910,5568,7410,23778
3172640307,13090
1749684677,51,1429,6540,9295,15062,25141
303066674,1023,2787,9195,9783,10929,20402,22059,22947,23100
1370976187,3246,12318,28474,29379
3322441390,182,10255,29462
2087503302,1687,16903,18625
2583076357,1019
518954637,1018,1052,7157,10342
546897718,9837,20886,24325,25231
3210962486,3554,8552,10299,12581,20738,21944,29809
504506276,4822,7602,12736
2420647618,391,1638,16339
1844055744,21095
1398210880,11110,13971,19473,20352
1286364074,780
276700350,1776,2877,4430
3324461214,3476,7235,10048,25734
1789944826,176,26963
1059393159,68,787,10379,15612,15653,16264,27758
2395925217,10337,21055
1084289420,778,18195,26930,29531
2869279567,22844,27953,29585
160933966,17,1026,1578,1614,1917,2197,3041,4365,4378,4637,6318,11047,11236,11526,11795,12263,12833,13942,15931,16238,17073,17748,18002,18437,19840,20525,21143,21180,22466,22793,22864,24393,25167,26500,28508
2322595721,1012
2969155402,262,1393,3131,3914,5226,9270,18207,19204,28355,29554
3439191865,135,6094,7534,8890,10645,11575,12691,14080,25819
3211229576,333,8309,16568,28225
1144264729,388
3120280943,9767
2725325233,5334
71175601,13160
1343326982,3862
2031028002,971,1458,2961,3142,4380,4482,5550,8544,10756,11049,12027,15902,18004,19190,19673,20220,22866,24527,25131,25736
816676562,2584,5377,17547,25692,26258,26939,29730
637036245,4000
274149157,2766
552531490,13999,15982,16799
2918087581,1004,12283,28617
1749423171,1805
117040759,1827
2715606640,1852,3867,5825,8377,14067,15756,23144,28576
264205362,4503,11499,13306,13383,15591,17295,19844,24735
2321976272,25855
1986898562,11726
3806407801,1003,2439,5064,10442,16242,25694,26784,29369,29795
1716797898,2950,11440,21886
1836944735,29601
4240340058,18341
2170467232,1000,10980,12268,24775
1449554583,372,2828,3658,3844,5499,6366,8844,12206,16700,18513,19247,27945,28896
3978420892,252,4203,23661
3146865024,716
1492838160,6289
2066881702,19404
2352308273,4578
743501039,2392
1158747109,992,10360,19921,25473
2712352562,5831
3771579985,990,2383,4758,5110,20634,29353
526942930,15882
3253629762,580
1654562326,3848,4100,4204,5601,5868,5964,6201,13608,16102,21077,27741
3072612711,1118,3127,4965,10317,28396
2822501919,2447,6630,6994
2612015880,15056
1049540935,2700,27731
1705831593,29733
3875957819,987,2380,6319,17931
88437118,11468
1242572253,1755,10366,21704,24999,28100
1412938533,8835
702656047,124
3100854600,3376,20857
3267295781,15679,17203
1540353848,5620
1313639781,8735
2970643041,1072,26120
942692591,983,13159
3539696487,11074
3422031662,977,2228,8330,15499,20937,27176,27586
664475015,1538,13789,17407
3269649585,4383
530854844,22221
706298294,84,1292,2884,9418,10747,15373,15442
2351556655,975,9687,23673
3592730045,8987,16561
1097892150,20370,20988,22316
2594765383,4478
359756545,1075
3116593813,12238
2718742051,1493
3298023566,28158
2555030195,3317,3351,12185,22155,22299
141074508,3561,7644,8703,8787,9411,13227,19475,23337,28557
1556680846,7273,18368,19368,22382
1760273209,12727
3090044589,10989,25448,27001
427250081,28129
4003314565,481
2579793403,6613
2478387068,22172
2348121913,18178
3530058087,939,4851,11529,12792,12978,13037,16062,16430,16821,18312,19819,21419,22129,22767,27464
2447771222,1375,5712,11157
2889293982,29509
2365585644,9164
201271640,1487,2612,3755,6052,14555,15726,19176,19292,20487,25992
1699578420,23700
3760351322,23230
3716843917,4048,26457
2346550125,9621
568005078,9577,14736,16146
1830011383,28501
4286553861,7049,7106,13245,22430
574246290,2775,12216,17506,18020,19053,20484,23616,24652,26790,27076
2209594686,5690
855415459,1291,2324,2611,3754,6051,9250,12052,15659,19291
775936970,11584,24176
348279101,11046,13941,16389,17072,18436,22792,28507
1839254109,961,3018,5029,20316,24577,27389,27889,27980
1731029782,960,20315,27388,27888
3232685736,959,8305,20314,25930,27387,27887
3865872807,7311,23485,25554
1071094031,3879,13579
1314975713,7899,28377
642298911,954
2672081908,913
3307527014,21635
3682063434,19123
4023477673,952
3957553588,5153,13537
3038804803,1132,22484
2560054070,11566
2651168987,10600
435448833,1252,26520,28446
1882574038,23888
854603951,18053
4168107351,948
193523008,17622
3574029097,1841,12552,15166,24609,25445
2220169042,1819,8859
1419061830,1245,12147,24615,24778,27064,28881
2260829360,5475,8072
2320158808,4306
820763570,10083,16805
1994625106,944
169849393,3474,10046
841808351,13253
3609573371,1674,1736,2802,7445,13391,26261
3875627506,1678
2438154941,21749
3324446409,21462
4002429306,942,5513,6286
1766173465,10346,28606
239589577,7782
2988072943,674
524133163,937,2489,2522,3842,3887,4139,4280,4499,4950,6525,7751,7911,9942,15185,16715,19127,22954,27661
907508790,4487,22387,24315
1451251912,935
92269912,24671
846458246,2837,29081
1569035222,4310
1671357955,8255
1682128792,29121
1723849630,449,5049,7482,23441,25632
3353968185,9165
3655716659,933,1272,1788,12852,21786,27263
2168438918,3852,24382,29436
1467428015,6575,9341,12771,13792,14638,15850,16042,16156
3854556376,26104
3293702868,17317
2954692140,2168,4356,12144,14542,14725,28852
2337528491,1696,7198
841505642,14047,20836
1759518314,932
3112031520,23830
4236052076,15416
783697717,4350,28793
3182459580,24666
2615706545,4748
4112901211,23628,29496
859961147,1811,8462
3256768853,2932,3310,4535,8953,9355,10998,13192,13494,19317,23320
2628205741,6335,8392,13837
614867392,6186
3291981343,929,18124,19240,23270
225456001,3199
1831613162,17626,23885
3266830554,94
499469448,836
1642788241,11155,29332
2733930823,2273,21414
2459484441,1208,4315,23238,26207
3413055812,1980,5980
155171048,1804,17753
1363059125,11124
1698443757,22566
2505470774,15184
1912561884,2013,3205,3523,5131,7996,9616,10000,11139,11365,12754,13896,15701,17679,19535,21531
1188043479,22537
255956772,3343,5155,11040
737054961,17452
3460811309,923,1860,2387,7652,10906,12950,14455,14848,14978,15524,15794,18583,20505,20602,23784,24008,24801,24920,25712,26614
853409546,17670
747295178,1903
1505441911,919,28628
957021886,916,18844
1052894929,11314,19305
819574420,914,2096,5172
786171938,5123
1126116020,19376
154185013,968,1222,5803,15865,21393
346795750,253,736,1629,1799,3951,20156,22487,23662
3542124565,905,11145,18878,20567
675809673,21451
4096108650,12464,28029,28998
2478841366,722,962,5099,7799,9095,9454,10211,10876,11395,12034,12152,13081,13681,15619,16198,16434,22423,25175,27890
737555485,9194
2457375388,902,25622,27723
1266353483,420,7894,17091,17223,17717
4133652135,5744,13166,26056
2958550553,29864
2576842159,901,25621
1593189395,898,15551
819679565,629,1451,26474,28041
827858239,18953
2621777155,3456,15896,27135,27381
2825265851,4806,13340,28002
2925913422,13500
639480399,120,18262
3820257634,26413
2848082420,700
2348025331,18011
1543286148,8806,12786,19110,24875,26920,28043
3332009802,3532,14521,19935,22858,25219
1045529797,24883
762134000,891,13095
2772798285,25508
2589398828,19582
1525864490,1190,2867,3838,4586,13752,14347,15060,15664,16711,18219,18571,24262,25139,28570,28943,29614
25022237,11655
2549055818,9768
1793261911,5739,8973,10994
3328102906,888,7584,21482,28977
2596625639,10344,12918,18416
1465578826,16299,22231,22409
1766274761,999,10979,24774
3777768920,5614
3782687406,884,7640
1748459851,9834,11419
3432322404,9019,10760,12910,14006,22310,24199
2284125355,881
787265201,4041,13807,15172,28908
1693466339,20346
3357081541,2220,4567,18973
1145185336,8154,24020
205845156,15393,17210
3716205104,1221,6017,9129,16334
4237772939,22708
1565222943,4046
4143149153,877,5388
2686591203,29226
1150721968,876
3819384500,8650,14709
2693853831,875,15767
2377550216,874,17020
3837385818,25605
2209669045,13337
1066227606,10921
2571270388,25802
3033258620,4,18145,21119
3983043908,8315
794998941,24726
53085222,17744
2110105048,1751,29066
2725503098,28862
2765527340,14357
2148480516,10057
1305793597,17453
707100857,2981,3352,5053,9582,20014,21385,22300,27698
1800421068,870,20732
625184258,20241,22403,26646
1789974530,2304,16311,16446,19643
2012916616,263,5061,5227,6416,9271,19205,28356,29555
3523208381,3869,27109
1771385734,25909
1734433359,869,20731
1281149323,5685
353548313,623
872578159,863,6830,8405,8582,23939
3700773355,16291
1346862082,1960,8291
1461788925,565
588523005,1606
2796772895,861
383609259,7796,17514,24755,25165,25386,25634,26238
675899600,859
1079083387,10676,20931
971542336,858
1531191007,10885
2190597372,28713
320370195,9968,13686
1629507785,197,235
3036262715,6014,6999,7098,7961,9368,10013,11662,18789,18801,23075,27975
311244390,1749,5961,6102,16099,17624,20153,21129,22005
852330066,4089,24368
3835940581,3194,4799,25944,26437
1234917093,4563,4911,12405,12815,17669,18254,23392,27316,27441
877248130,3124
1424492175,6236,27597,29230
3181431879,827,892,3648,23183
564836808,10538
3023700969,826
3690521657,23692
3616102787,3656,4481,6872,17662,20219,25028,25130,27943
3386719942,823,1962,2038,3499,5275,9681,14643,22873,28726
2718663979,857,20928
4200202866,22721,24491
3633668332,14324,28517
633765279,2518
4229987591,4023,6781,7772,25805
4253246421,20129
3736149,10884
1512091520,19870,29017
3790542830,19262
4061278422,11464,29108
1629580793,1431
3971777724,818,3614
1980318793,15520
3623484872,9403
1372526270,813,12641,16445
3570657865,5169,5880,11944,13802
4170963576,810,2450,17162,27424
4195527563,14450
3989481120,13870,23367
774650201,3186
1277703768,3762
1090235548,4940
2294957315,23069
2946630121,260
717082678,1680
802143799,6136,18431
4070561219,5287
1806208411,1206,1520,6340,16609
1008494128,28371
3748535227,1042
174749351,2717,20890
3893406005,5267,7597,10817,12086,12281,18034,20092,25501,26221
3709290232,27267,28130
3099312558,10748,12631,15106,22334
1886169300,4746,5084
4224757481,2460,2901,4858,13583,16797,19332
2353289080,23697
2140083516,2866,15059,24261,24850
66029885,346
4016328642,17209,18185
2147091146,1212,7392,8163,13905,17360,17496,21956,22962,23179,25515
892964746,1694
707744580,801
3074967902,658,2443,5406,6532,17112
4197940521,7701
1436473182,15100
180503728,4052
574499590,6028
2453553872,657,11805,19283,20667
2052101241,4182,14629
3929742903,1011
1435164939,546,8191,9147,9639,9983,11589,17502,18696,20143,20311,20946,21892,25464,25884,26013,26853,28102,29213
1190064300,8294
2481767438,394
1280139567,795,2619,29739
1203103478,18291
2250995715,794,2618
4141252621,18132,25094
387868149,1683,9524,26850
3846403726,9712
2802901332,2420,2879,7494,11306,16522,18151,21602,25987,27457
2898209681,28812
3113124694,785,17715,26310,28553
3320296082,783
1641083340,779,18196,26931,29532
3948615849,26303
373309692,1116,1199,10315
208727863,10133,25488
1579662731,777,7076,18194,24995,26929
4008354000,28749
2111713908,4033,4078,9597,14051,15714,19380,23314,26136
3765599743,8682,18638
4046345126,50,1191,1428,3758,4587,6594,9323,12566,14348,15061,15407,15967,18220,18572,19232,19502,25119,25140,25762,27865,28944,29615
3478672086,9286,13899
2916295222,2351,10441,11978,12074,22795,26783,29368
389137305,439
1485606768,16016,16773,17298,19977,21434
1237325367,12308
498110778,7286
684992655,4098,5866,17041,18987
606352599,47,5523,10113,17552,27871
1523598912,255,2416,3413,4104,5604,11085,13299,20724,26923,27394,28575
3875956388,1803,14266,17752,22624,24813
300529947,25856
1097852949,772,11457,20028,26842
998069136,19494
4050720901,1218,7816,18565,25146
2359252825,13322
2463349272,2219,3169,3286,4460,6092,8165,8173,16993,18972,23120,25817,26878
1368030338,12111
3036169796,6438
1274517251,13918
1611934207,341,25675
1082271838,10624
2747776502,755,8719,29632,29667
2551964928,9042
1154761749,8311
2553656698,16362
2385038191,6180
2691520645,22138
2457865958,1537,14617
105030645,28259
3128030539,25183
416548806,830,1933,4810,7634,9037,14011,14586,22654,24208,26459
2641968638,3872,10556,18139,18942,19951,22967,28613,28673
1123630895,8619,29723
1205081280,185,1879
3369427013,749
2777703979,28747
3332747931,1053
4270892686,12729,22983
3312740095,368,369,370,798,1065,2200,2278,2279,2491,2492,2493,3465,3466,3467,6364,11380,12550,12791,16820,20123,21348,25006,25007,28677,29775
2007085211,4200,27230
1537684262,4257,9457
1580078448,16876
283763427,15064,20950,22121
2829814197,718,11340
2961489527,747,6181,8093
3153202345,1108,2539,3325,8113,12468,12865,13587,16438,20094,20446,20577,23590,25852,26017,29139
50282497,6306
4070889038,28664
2148954242,2091,21301,29738
2411426944,903,2110,5793,10139,11641,13644,15657,20961,24220
1319794158,2018
3439665836,10510,11250,11343,14793,14982,17376
2901366681,11712
306667306,1838,5367,5931,10990,18015,18072,20591,23730,25438,28036,28876,29696
2223960653,6816,16810
3729627364,1422
1287450299,25406
2316153007,1039
3968944202,741,10820,12886,22802
3546540136,2528,3567,5009,10280,13712,17344,21369,25284
1716066664,2165
927865222,25683
2403402475,17119
3234837339,651,1728,1920,2577,4368,5559,9240,11355,15188,18332,25421,28536,28623
3208488689,338,486,17243
3471775430,1476,13221,21230,24977,26209
3419797898,7583
3297387954,1553,24270
165575134,1189,12294
2318846795,3298
282638086,25314
3425247998,10730,20953
3835260968,5710
1038793469,54
15934637,734
3576649473,4712
250931049,733,12142,28850
2513650374,13031
64973932,7232,8018
977558815,14382
2736273364,13456
4210898054,116
1871960841,314,8867
258099602,133,8274,29625
4067768796,1271,18985,20059
2945843658,9498
2909955795,1478,3139,6300
3850725097,24620
3495223970,246,13289,13852,26994
3123876744,28842
3965362654,24206
4003266151,7196
318786032,15102
612746995,575,8705,9320,13305,15071,15112,15590,17050,17294,23339,24734
428624820,3527,16588,27286
1868913856,22703
2332971421,852
712633708,5208
3908863255,11817
3222114612,727
3123192155,25426,25876
3806778960,16947,23642
2594831031,10336,15294
2362121149,1707,21837,24375
130832024,2289,2710,3391,3640,7805,25333
379391855,23828
1698585216,209
3218359580,4743,5076,6392,11841,24639,28266
3204941941,11378
2635862513,2575
2545646815,645,9819
1527480322,6139,18686
697110181,6029
3359721424,720,9518,11342,15277
2253233007,26858
2480075604,3445,5022,9976,11136,15543,15698,21739
3743932481,528,10741,12078,16634,27079,28295
1536239301,5179
2177986146,717,11339
1830893767,1624
3273630200,29008
1465354483,715,5176,21970,24973
2477835021,3748,14713
1394679315,7359,19017
4280568158,5688
233238036,21864
3646377892,4588,10440,11977,12073,15429,16200,20187,24160,24613,25419,27866,28369,28788,29367,29401
4118989294,707,4610,23454,27408,28958
2082638731,6269
671527464,11489
198999772,7476
3458530528,231,22267,26590
632146813,702,7908,29094
3361711909,478,16143,19028,21174,25092
2505703206,24477
1303973412,13515
953999075,2202,2235,2475,5934,6347,7521,7612,10547,10859,14545,15329,16717,16976,17228,17573,19738,20246,21848,22515,22776,22931,23415,24951,25104
2595057262,8756
670285460,132,8273
21909001,6895
3595544268,6428,23533
3115182419,21733
3033141720,6220,16455,25376
4247776606,1837,5366,13477,25437
3566413362,306,3094,10272,11895,21709,26037,29518
3859691812,8170,13416,17637,17889,28861
2528053464,2591
1532320620,19394,19442
3104795199,7974,14600
2879893405,696,11619
3556558770,1935,13244,16608
578954721,8813,12081,25864
127629052,618,5930
1406971312,638,701,12156,20285,25179,29504
1543493475,1746
3491780678,413,3068,12053,15660,27433
3501973107,158
4132359954,13421
1175540157,5253
2628706779,24257
3351289586,102
3725401991,27841
875814773,6733,13161,25373
3537717375,1380,24892,27590
2612709924,411,2229,5619,5727,8331,9225,9589,10745,11814,12720,12897,14551,19557,21911,25525,26778,27177,27431,27694
1701980679,4309,15980,20132
27349783,145,8418,9522
2480997333,4024,6782,7773,25806
2176024462,23405
2890008612,1214,10270,17818,21707,26035,28521,29516
1833185448,2761
2129639893,1054,29244
3971670282,3107,4514,5588,5702,7472,10099,10766,11326,11429,12982,16678,20743,22759,24887
1248930693,1681
3069750938,4272,13164,24859
3935851865,17448
888367006,2164
1855744101,5570
70673996,426,1122,2526,3975,4908,5321,6471,6528,7665,8016,8253,10278,12183,14858,16736,19994,20852,20885,21515,22297,24288,24675,26150
3147702497,15002,20394,22490,27912
2672899824,3744
3573689123,677,3519,4580,6389,6542,12225,12312,22530,22972,26431
370815815,5575
2450429228,3454
1627227567,23031
2072134162,496
282910693,13668,25705
1519652059,389,13783
3426442910,667,4710,7743,16228
3191313499,4361,5973,7344,9559,16302,21176,26316
1300928523,1972,11767
1944693945,26254
4026931357,665,6730,11940,26325
4259008300,26959
4114784787,849
557180296,15562,20364
778444691,4196,15889,29768
958425250,4221,4674,22245,24328
1583460606,544,26851
2224186448,661,1098
2137361538,550
3772917550,16964
2777735466,3091,3709,7480,8059,8992,11320
966954492,25836
1250671614,24916
2084561401,630,1452,10227,26965
1455121843,20
766946517,751,3595,5770,6178,8653,13728,14607,16047,19302,20382,29565
1635439696,16369
3938517354,1355,1574,5299,8213,10937,14038,14154,21935,25641
2364284000,10729
76561672,22117
4049552502,9873,22395
4175762489,6512,7692,21439,26426,27481
3631215462,18175
3472827943,1535
86086785,28992
405329599,8169,13415,17636,17888,26682,28860
767390526,554,9485,14913,18576,27958
383927366,647,4796,6104,8207,11966,15774,18528,20881
1266537156,26188
4034019410,23350,27717
2883174643,17727,17868
2106904855,6883,21399
1091410863,1512,8834
2729923265,4112
28430224,17556
2634761564,4661
3086349553,644,9818,21859,26516
1873415,13088
3024140688,2133,10816,14056,17823,25013
218865610,18448
2622016726,2938
2784998170,4263,5263,6150,7204,16889,22719,24489,25137
3516025398,991,29354
1768240423,517,2596,3566,4724,8568,11259,13406,14853,15226,16783,17343,18847,23576,24212,25283
2437648936,503,1406,13764,17142,20341,24731
1363162613,13953
863527944,4006
456120428,1705,3534,9934,23868
1572994275,6251,12253
2409098369,3047,15001,15857,20393,27255
1236557071,9505,17948
4081528804,641,2094,3242,10262,11432,11579,13025,14773,15762,16926,18829,26163
3705119729,27545
1168657297,10673
2015386380,17673
2857746294,8943
2545242645,8675,13216,15165,15943,22468,22970,25029,25444
821972668,21329
3150126529,4733
145184840,25687
771974238,3897
2165493839,3812
1757268272,4987,8383,12400,12522,19757,28764
4289691409,3659,8533
773447618,2734,5390,17302,22570,23332,27834
1869308298,6022
2394599038,10395,10665,12768,19554,26704
1117203633,1974,3302,6882,7896,11903,12861,17225,19077,21398,22016,24810
2214655237,9869
906068279,635
584053388,633
879891684,12,1056,3920,11772,20309,20733,25462,29246
2264046051,594
3386102525,2606,9548
451943478,17903
1051715870,1957
2379884973,5141,19448
2327650138,1904
4283896630,4612,8103,10749,11322,19544,26026
3926799136,216,7914,11907,13265,22786
1247055169,97,7290,9006
262118716,627,1110,1449,3264,4735,4738,9512,14755,19019,22318,22321,25881,26077,26439,26872,26899
4211851735,13014,21029
2947065123,1503,10669,12105,23067,28423
1502415803,13430,25077
2232466203,13157,23837
3334456717,7467,15446,26138
4285797684,23912,28809
1645817190,7452,19430
4008059380,3520
2587594001,3165,27495
963476735,18371,18398,23469
1707755406,6770,14174
125654835,29046
1369079761,1745
4129219084,23360
980349761,9670
1878371558,619,25449,27002
3570231898,9595,11404,22436,23312,28940
621445437,2157,4215,14267,22625
2794125001,12015
3033974834,2334,14525,21086
3473519321,617
3418708072,6818
2820740287,775,23199,23582,26927
3892821870,2170,7063,17189,22100,28453
2113285378,26746
4238040514,683,1193,3385,12568,20702,21945
3646233415,8866
3738926971,6776,10005,16250,25826
1686959634,59,13666,24303,25703
2714563965,24708,29220
2422813718,6334
127473164,670
3476386410,3572,7016,20905,24485,27813,28239
3074633552,18681,20605,25256
144843614,3443,5020,7699,8778,13202,15136,15541,17110,18307,20807,24350,28953
2219157927,3630
2999322174,8659
2266664621,27216
813710089,616
977107162,1315,3058,3076,3178,3190,4948,21444,22952,29391
843296129,613,29414
392572802,639,759,3240,28872,29505
972641752,3687,10560,14272,14733,19081,27665
3451094260,16213
3067547887,612,29413
4141837086,457,17794,18841
4106442173,608
1958684222,521,7066,8691,11302,12306,14969,15245,25983,26820
2834676668,1966
2006714571,19803
648538061,227,2022,6837,9396,11913,18614,21257
1913336022,25580
4085043167,523,653,3713,7784,9242,9407,10631,13022,15109,22337
119625234,4825,8888,9929,10643,12777,15364,15606
2525995266,28537
2146227675,600,1418,3086,28687
3057754581,3251,29143
1802354879,20943
4239180855,9965
2515829402,1043,1814,2472,3412,3668,4174,4848,5787,9822,11084,13865,16837,17722,25101,27016,27393,28775
2941431010,6911,12941,18581
1772898904,6862
2312911425,3586,6373,7369,22876,24625
4027525143,6978,14104
4003426098,26362
2459086736,38,27763
2353605491,3172,7839,17322,23080,26631
2665402642,3511,12826
2753076841,1488,11545,15727,16374,20488
3603807973,1662,16667
158618065,3571,4144,7015,10660,14379,17654,20904,24484
120472914,10587
198218382,7511
4103590129,15459
610221847,516,664,2046,2595,3349,4158,4506,4723,6097,6729,7230,8097,8266,8567,9492,9648,11233,11258,11268,11502,13405,14852,16782,17342,18386,18846,21315,22153,23575,24211,25282,26324,27985,29258
3526910592,10714
699355960,13919,23516
1192217098,438
1880097769,579,15924,17729,26602,27808
2070227440,14974
738990818,2972
2058185268,576,8706,18870
1924872546,3959
2896736786,1475
731558965,4972
2355237235,569,4934,7280,9592,11390,11631,12803,16086,18701,21210,23300,24038,24656
4221004539,9254
788556253,1764,2250,7185,17373,27057
2269454281,15097
1056863702,9026
508190230,29193
129001024,28921
2655013967,8617,11563,25822
1471540194,4927
3041436168,410,571,4561,5354,5398,7282,8593,9224,12988,15742,18703,23302,23653,24658,27824,27845
4192060740,28384
1385222600,7870,12780,13881,15362,15609,15884,22183,24985,27139,29071
3657375883,28930
2023014109,4176,10257
2435925842,5262,6149,16888,22718
830849209,2242,13381
567999921,57,1491,24301
2807937597,264,1063,1725,2508,2859,3463,4440,5228,5660,7579,9237,10822,13035,14962,17252,17785,20106,22527,22621,22699,23412,24296,25780,26642,28357
2083891471,566,15841,17326
2091811392,16272
3202580505,8403
2883516466,27954,29586
3385323292,18922
1830958590,3730,5938,14565,21051
823237019,7757,21750
898581305,690,14213
1337445590,28068
1124150055,402,3866,4303,5224,8208,8376,8531,9030,11967,12269,13104,14027,16766,17058,17938,20618,23143,28299,28698
2514899351,26865
127698808,11862
900652522,8959,15800,23986
1482452911,3132,3915,16742
1502517490,558,1779,5628,5760,5952,6654,7125,7364,7545,8451,8562,9428,9755,9765,9843,11059,15433,15509,18068,20033,23001,23061,23613,24342,24410,24737,25871,26846,27709,28836
2167344068,4179,5373,7641,14007,14033,16583,22311
3489667385,1148,12943,15617,17975,21406,22757,25808
4173876483,557,773,9842
104646783,748,23272
3001285425,12164,13723
3275555592,553,2809,7777,9484,12241,13365,18411,18852,22201,25153,25490,27957
3250158702,853,6001,7372,21288
1833093190,9990
38353059,2225
903181033,5936,8336,25106,27771
3847459952,549,981,10634,15991
3582169509,6068
892292000,1031,5209,11786,16887,22717
2256149536,547,2915,5478,5698,8325,9047,12660,13047,14626,17498,18344,19810,21361,24081,24334,26173,27573,28103
3394481510,766
3959139506,693,24454
3977316171,16108
536773719,472,24058
1343968929,13917
2497242913,9525
3703158980,26838,27147
2459207081,66,12303,21552,23807,25381,26469,27384,27884,28256
3627082073,606,640,760,2093,3241,3346,5756,7746,9641,9733,9985,11591,11868,16925,17504,20914,21599,22897,23742,26162,26695,28345,29683,29759,29820
1308437694,1092,2209,4632,28462
1183228585,17799
12358844,543
522811170,18453
2153407015,2263
2441606549,542,2942
3403601698,820
946775224,19981
1942085838,12390
1859492460,963,6560,12153,25176,29501
1815197636,303,5047,13716,21737,23049
2039655378,3589,6376,24628
1306835080,6703,8296,21679,24514
3610259673,1426,1669,2821,3370,3541,4039,4345,5454,6061,6454,6546,6592,8628,9921,11212,12685,13805,15170,15405,16488,19500,19698,19770,21240,21919,22396,24065,25760,26283,26767,27863,28279,29845
2823064336,534,2850,11778,16413,16619,21622,23584,24365,24583,27087,29404,29513
705182331,8019
2744235952,3674,5330
205683989,3605,23429
2214260858,6223,6271,16458,18450
531978121,151,8245,8716,11406,19932,24036,29341
3778410801,530,27081,27232,28797
1427319598,8133,16332,17862
351224208,522,652,1729,7067,8692,9241,10514,11303,11356,11621,13021,14661,16570,18907,22427,25984,28624,29002,29440
1034047258,5168,6536,29543
2989384187,897
1783749999,3493
460526660,721,7435,10210,27251
19560820,14762,15873,24149
1369781323,98
4167108898,24293
2664130490,6835,9394
3563442908,5098,12033,13080,22422
1563552331,22463
1144904415,18200
2010219787,17646
843758625,1152,9272,11109,22918,24384
1292868151,519,1416,1590,2149,2154,2790,2847,3084,3969,7073,9786,12200,17533,18296,19781,22062,23007,23103,26548,27847,28865
368792652,11854
1331006791,1322,21583
2616039232,789
3449970711,8711
1046185888,178
680048911,23990
3606150038,14801
2408648881,371,1066,1391,2201,2270,2280,2510,2827,2861,3468,4391,4952,5662,6365,7581,8843,11381,20245,21847,22930,22956,23414,24001,25782,27235,29237
2138011387,29558
2789607075,7043,13639,23212,24744
510588703,511,5563,8518,10392,11308,11555,16236,16309,19641,21429,22694,24189,24940,26686,26969
4053584053,1777,9316
1579257290,21696
4118097527,12499,25185
2106101760,7244,26652
3636584027,17080,26127
282696501,16944,18105
1798168025,16572
3563437604,829,13673,24207,26458,27497
2169203496,18412
2976384749,250
2514467578,24724,28052
2698535391,4985,27191
1011494244,17079
704410368,1809,3408,4170,5220,8460,11029,11297,21062,23139,26008,28006,29373
1277251074,510,2880,3609,3624,3966,6240,7458,7495,7878,8517,10788,11307,11547,14204,14330,15831,16523,16538,16892,18152,19640,21068,21741,21933,25988,26069,26968
1363267194,20397
2080104710,9680,27542
108598441,24992
3421639133,14110,21297
2561876257,8077,22249,26166,26575,26588
876706574,4863,9849,15411,17146,29685
1325632336,22871,23222
593743957,12893,14261
2429795007,1605,3257,7836,14838,16792,24912
3254921788,509,6239,7457
1097127240,548,980,2599
961656620,6370
1341989663,4091,5581,13663,23095,24370
328455851,17330
2967896519,14296
1022325056,6902,16080,20599,21812,22754
4234391780,180
942595499,3706,4337,13060,15797,27828
759781071,96
1868507267,26307
4111625680,4388,7671,18309,27510,28960
3890508959,4689
1353803015,3092
1831325473,921
2800865249,7209
3215503029,9611,16159,21238,22736
3223189123,1784,6041,11020,14677,26510,29815
1197883845,907,1371,11936,13715,20173
1426967997,12809
260699630,492,19549,20301,27849
2420747775,21018
3422047887,487
1351511103,20064,28399
3144029042,8101,11134,19195,23820,25630,28669
1769222568,28666
3656222910,23685
3629578641,6957
947168651,649,5150,6205,9943,15186,18330
824956350,11244
3354709516,2637,3954,9233,29296,29311
3291879426,13133,28094
4293500863,11861
1807062307,2976
2896126815,17627
2655827127,10709,27347
3914304114,15307
4169963137,9626
3470274514,15354
1720608477,5434,20349
2603289826,691,13291,14214
4287488103,3508,12022,12250
2563566878,108,2541,7026,9362,12621,12867,14082,16951,19031,19217,19346,20990,21645,22235,23151,23556,23592,25946
1066621,14602
3604482289,7023,8649,14708
2054850991,477,19027,21173,29166
3321923404,4820
2643584282,20810,25020
2282286452,2375,7010,19471,20231,25055,28619,29105
1474700334,395,5401
3559888813,646,3883,4795,6103,7858,8206,11965,12922,13279,15773,15855,17625,18527,19715,20766,20880,21090,21161,21997,22006,23884,24116
3871195521,20692,23810,29673
3665277608,856,2370,5158,20927,24195,26045,28547
1904746884,26144
4126670700,6131,13190
3124359021,462
2838884229,14896
2036407174,514,8769,13403,18978,23042,25280
2521350864,10093,25122
4293983492,461,18243
1662640746,7863,10464
1679445646,7812
1352017425,25111
2631160838,14931
1054444769,442,8741,13570
264723478,460,3732,5940,21053,29797
2578843780,25624
1933970211,24313
510256254,8175
1081905042,5945
4252081162,4860,15755,18073,19334
836539369,453,3927,5504,7348,26063
571218096,9528,22476
3334212922,406
3386785581,14236
336601592,450,5050,7483,13324,14515,16878,23442,25633
3431873542,27550
3725873064,2702,27733
1121493836,685,17099,24004,29318
2650571513,1300,2824,4348,7842,16656,20849,21844,24310,25403,27333
2960965999,25476
2313650360,589,9426
4008250125,6100,11416
3741638236,26763
2949147962,1673,1735,2801,3053,3176,6407,7802,9230,13684,16615,28573,29708
843142670,11656
1766669279,3263
4005083494,223
3901327561,21590
3637005616,11980
2593843283,433,1813,2471,16836,19883,25100,25587,29386
1030194252,27679
3848355885,4211,4946,22950,28959
2161277178,9659,22991,25665
1344148310,20249,20501
449965100,431,16834
3873014535,3151
3459923625,1248
4213045188,7326,7645,10251,20433,24469,28104
2445292520,2505,5237,12083,17993
351869374,551
1014512000,12494
2733986340,10830
1139619935,8479,22687
3064119679,23482,25551
3809657944,5012,5526,11386,19846
3600018715,1710
2442294621,228
402768981,8909,11163,11452,27934
265391686,427,1123,2195,7448,8299,8821,12261,13394,14995,15283,18403,20853,23671,24074,24166,25084
1988498819,199,237
466329451,22496
1401076729,5763,27324,28839
3667960339,1608,3919,26400
1831307294,29529
1030963837,2051,3369,5415,5540,6453,8142,8271,9920,17024,17900,21966,22998,24944,27163
3043799455,4334,14595
1820534616,8431,11573
1851302804,1414
883410328,20182
4144627724,6031,12689
2749102667,584,24761
2072894499,21103,25619
1399731477,11064,24841,25623
1722081510,12071,12558,19670,21511,27194,29365
3781890437,318
2163315740,663,6728,7400
3312861645,12031,13078,25262,25277
1736492607,1952,3639,21896,25332,28455
4002451017,13822
849327351,8929,23656,24223
1641775066,7190
2432277218,5335
2016689783,26678
783277344,8876,16325,29588
3449289386,688,2983,19236,21387,22302
1385691693,25334
1085959733,9746,13914,17043,19884,25588,29377
53600662,23043
4038197751,13465
695453776,957
426764613,8349
1522598540,3579
3792055363,63,750,3594,8652,13727,16046,20381,21549,26466,27881,28253
1436212275,28935
836581266,13924,14086,14983,15999,17377,18756
1667900453,1511,8833
4256359890,18174
3815926139,1028,1225,2234,3657,4193,6346,6873,7237,7611,10050,11900,12599,12855,14196,17096,17572,17663,18512,18574,18621,20204,21182,22107,22775,23084,24649,25975,27944
161106351,18179
587723127,254,1800,2158,2267,2415,2652,3952,4103,4216,5603,6119,6203,8840,12788,14268,20723,22626,23663,24877,26922,28045
3510408223,493
343611351,20209
534349871,18648
3235382115,167
986891148,4285
1701830972,497,10182
3921865889,8066,9541
566322965,22909
713451256,179
3071107869,225,2020,8235,11863
508378874,12032,13079,25278
3879797892,5635,12045,20091
109322482,2608,9550,10156,11279,27951
1087349939,3918,26399,29052
2383227155,9192,28748
2704977044,1017,10341
2861230566,9907,18624
1629957933,29694
3889348244,2993,6569,6792,8426,9203,15759,21526,22040,24907,24926,25340,25927,26623,28973
4246565772,955
2781247234,12480
2596639595,951
2684998925,21022
4089240587,10635
2418008391,9631
207803876,387
10913367,8645,9957,11513,12248,15040,18317,21322,26335
3899092128,159,16923,18098
2282440427,6669,11274,11970
1587893699,2224,7636,13069
2647094137,143,3600,10161
249950212,9111,27593
2822947648,4788
1445920713,12399
3702509070,3090,7479,8058,11319,12537
1809241627,9190,9281
3574984522,7183,16883,17371,21355,23705,24895,27055
2840115026,17756,22222
3634096248,6648,9177,16364,19766
386977285,6008
3770341475,6686
2444841879,9515
3674886832,723,3931,5100,5804,7800,9096,10212,12035,13682,16435,19487,22424
2190239254,5834,21351,22229,29712
2719162708,4476,9870
818257763,64,12301,21550,25379,26467,27882,28254
276175899,19975,20715
2210899430,17288
3753773550,12557,29364
3032501749,11746
2889177946,3287
930398440,8104
2846630312,1283,8011,28364
452568611,1643
706184987,376,4562,5399,8149
2445923169,8962
367228492,15077,16933
3910427855,91,8708
2542663007,203
4008701893,3604,4694,9513,11568,19020,23428,26440,26599,26618,26900,27805,28004
3039711888,6608
874723572,1915,17896,21141,28924
1467525340,5114,9451,16595
2956733564,13769
2968866796,10973
1663394023,361
3837491425,3828,16626
3310406951,19117
3780749633,5705,10576
2613884232,29412
252402542,1299,12315,16655,21843,27332
3172385641,7680
2327200316,12330,29048
543833713,451,5522,7484,13325,17551,22560,27870
3700620340,8474,18349,21725
2462375437,1524,5846,7871,21803,22184
3919485508,24113
234299054,3769
244999327,7453
2076728465,2515
3126071804,10375,12889
807247906,13859
254093345,737,1630,4013,6437,13936,15265,19624,21079,27744
458082897,16120
2648234097,1022,10928,20401,22946
57633455,16298,22230,26186,27144
2784641612,11115,16443
1855272493,350,2320,25772
3415627464,4028,26483
740672604,7360
2278752523,4163
914687525,18759
3800533056,564,12795
1347388049,11243
3386542205,187,6552
845979666,10165,28585
11493300,15116,15627,21591
679682211,13497
3508151950,8635,19764
3111492532,14244,14437
2971446244,2171,6419,6524,20050,22019,25170,29792
448640430,12349,27038
1381858201,164,9987
4030192128,10674
834558038,23162
3529189488,4458,14462
3481479152,435,16617
1822554469,3282,10462,14126,26447
4119968604,349,2319,2848,7074,7982,13508,18100,19631,23606,25771
3506422465,16179
3301609910,348,3636,9477
3487955403,2767,19604
1734921939,25395
3107082513,7683
3659584820,6330,26250
923579563,8397,17310,19071,19734,29788
1814480471,4716,6267
3257880181,205,3471,12940,20678
319838617,922,1859,4944,6783,9663,9730,10738,12210,12949,14977,15793,23390,25430,25711,27439
4263595574,277,15491,23294
4195938864,198,236
4175963133,484,11263,25519,28076
1941428092,81,11358,17585
2582768489,9552,25658
860226082,33,3646,7948,16416,19321,20980,23181,28954
38314983,22679
905506893,344,26270
3790195042,1546
509690343,282,22270
4012850324,1465
3534748805,11451
3627663142,5443,9178,18542,27459
318701611,27622
245915072,334,28226
3174083639,1649,7538,9057,21914,22535,25528,26377
960613377,28373
1805402508,4106,16165,27417
449934026,8616
3941032357,513,814,2049,5565,5587,7353,7450,7564,7953,8269,8520,9121,11541,12642,15815,16677,17898,18148,18491,21318,21431,22758,22996,24705,24757,24886,24942,26240,26688
839648665,287
1208555471,570,4779,7281,8592,9593,11391,11632,12804,12987,15341,15995,16087,18702,23301,24039,24657,27844
1264893705,298
24115153,15070
3731742945,9989,23687
1163478135,28056
3713063480,22618
1005514765,141
1540592809,201
568504265,4195,20023
4004612199,2712,5808,13757,28911
77248529,14359
818866629,6667
497287302,29198
583093930,1523
2856190149,316
3055277525,34
3021474135,9750
3503540214,162,2417,4861,7526,8219,9014,12214,13845,16276,17273,18074,20619,20725,22021,22457,24406,26924,28589,29752
1524567402,490,537,2287,3008,3322,9168,12485,13177,18697,21893,22095,23587,26014,26818,26908,28531,28542,28685,29521
1912605656,20294,20408
3710727503,2108,7767
3386808113,217,7915,11908,13266
2193086717,1058,3645,13051,14988,20979,21706,23186,23794,28336,28858,29195,29203
3641347627,308,11881
1560293852,1607
2576058230,21978
4052533752,2192
1713061665,367,1481,1580,1876,2199,2277,6363,11528,16061,19818,20122,21347,21418,21863,27234,28676
1604507419,5640
2739265065,4381
1160916349,2587
2693727987,14934,17631,21356,22784,24896
2880482077,4164,6280,13317
3059907731,305,1215,2031,3093,10271,17819,21708,26036,28522,29517
3279249842,241
2668591493,3957
3409201769,9850,10433
353216713,229
2316043846,412,2883,3067,9417,10746,11815,13154,14552,15372,15725,16480,19513,25991,26356,27432
3655311148,6928,19366,23962,27689
328725889,3832,21979
4047870121,2693,12445
2303603657,4995
1151515732,130,1599,1668,2820,4038,4424,5244,7875,8046,8358,10473,10656,10731,14900,18233,18950,19697,20102,20954,25074,26275,26282,28407
436357502,4566,14786,22632,28294,29044
2716999541,11649,23812,27832
129574964,2634,16764
2200102111,25702
736273941,7764,15936,23630,23983
4168491341,10318,28397
560017761,495
3401133212,268,3480,27487,28680
264451820,18729
3404658221,41
447207017,10362,15019
1678844711,1070,10163,11935,26118
198327548,17928,22833,23976
261590014,7860
1838055657,17423
2238323783,3108,4515,5970,6564,7473,8343,10100,12983,13625,14002,15125,16679,17292,18517,20744,24069,24732,25198
1832353142,24,8748
1100328849,5129,9284,9614,11137,12386,13552,15699,16162,20775,21457,21818,21968
4047034906,2908,8984,16253,24979
2066680863,2010
4039981900,1627,25099,25586,29385
1056702856,289,598
3283494104,7321
3403674885,6856
1859386935,210
1393975692,1156
1922681752,11560,29798
1952153681,1388,5435,8669,9305,13969,15417,17488,17848,18819,20004,20350,21618,23357,24479,28160,28351,29134
1654700967,2753
2183925043,332,18180,18861,28224
3559821324,10697,13615,26265
2595756576,15066
2127997347,529,27080
1488830510,725,936,2432,2521,3116,3841,3911,4754,5102,7061,9941,10214,13618,13843,14482,16714,18945,26110,27358
1681568242,11089
1571299981,24458
1541789493,6931,20559
3813346663,6769
2074764598,337,17242
1445423278,15335
3196207526,8612,24632
2061405017,11711
2207903511,4708,7741,8948,16321
310844745,2208,2424,3003,6603,8919,19244,27320
3323589481,114,12393,27570
204851762,25651
1692637924,16880
4272967645,10180
146520672,281,10704,11995
1104714910,10243,10447,22111
618724031,12946,17947
594149095,811
1828145502,3815,22558
613431002,16732
1346694652,6244,9189,9280,21543
3681000689,15042
3992775910,2399,2706,3485,16646,25353
4010277939,5838,9710,18795,24874,26919
1249255863,5597,18172
2520205769,15018,21102
1909161296,4742,11840
646517360,23551
2963938966,220,4565,12538,27973
1624034156,12416
1764427475,269,5026,14225,14313,15847,18157,23546,24574,27488,29410
3161437056,588
1512042368,525,655,1831,2682,2995,4180,4903,5374,5511,6162,6284,7642,8701,8785,9186,9319,9409,10486,14076,14889,15111,15222,15570,17293,19032,19173,19281,21220,24733,24928,25947,28555
4160801375,2992,9927,15758
2640653589,18248
918364442,4049
126488165,24602
1043793922,1399,18642
3496876439,259,423,5556,8199,20208,20630
3110184493,12041
496424119,4201
3064966629,5459,7666,8254,26002
1754159059,22447
536131661,13402
740070212,336
3860604729,3521
363954555,14239
2209940974,3574,11291
730974942,240
3631000799,20436
1458830946,2603
1981832143,23163
1030748702,9162
2160028503,22851
1763243540,7935,26725,28136
3688002500,6805
2719109401,27291
2710009477,1089
873509373,207,3473
4225468949,1386,1756,25000
169847910,10881,19664
3995918275,18989
1113260288,7331,7428,16593
3039617342,12030,19478
3805746113,45,4593
3821717774,24018
2513179550,224
348230509,13830,24363,28479
4094944274,11828
3910388047,5615
2356538152,62,6932,8651,20560,22886,26465
2904112163,17708,21308
346056691,515,9491,11257,11267,13404,25281,27984
221074614,19249,24345,28742,29825
4242611225,7852
813725681,5297,14361,24236
1475025384,6088
284257355,621,7861,9082,9172,18968
3266025637,44
824324594,29475
160287202,4803
2660665148,25799
385002939,407
1623988179,28389
1388778279,11054,11659,26033,27966
3225382897,29726
2850756506,443
204871547,26672
4074459992,4086,16915
949016743,6765
51038515,8174,16994
1158307860,1445
707365202,24560
2850885718,964
2539992681,14782
4075399208,1719,7221,7591,11130,13074,19340,27581
297577324,1959,12490
3682770370,211,11826,13908
2455970751,25459
505412324,22567
3900031007,22056
589972211,9487
1654696645,26384
4219859826,3529,8589,12824,14518
3579605750,1101,3250,10986,14061,24665,26157,29142
4034545270,15306
177976914,6926,23960,27687
2893180237,4279
315307786,782
3639909482,1228,12511,20727,23542
684001221,2569,3262,3538,7081,9259,9446,14843,19908,21928,23149
376876509,9154,22546
756157721,28579
2520257677,5340,5694,10812
2394825495,27787
4155583671,11446,12280,22498
2512469004,307,2851
141421277,3079,5326,22577,23897
3259355135,4882,6424
1702479848,6298,6777,7419,10006,10138,11063,14759,16251,16775,24840,25827
1155091101,20081
3669112195,16466
1768551938,5173,6936
2739454785,13086,28731,28917
605548313,1477,17204,26210
1171338056,351,2321,25767,25773
2525144546,7601,12735
2072050118,17865
3486034354,7456
2907489412,840,4701,7995,9999,17963,20876,20969,28275
4149231172,26976
2857350436,4999
4260518724,3054,3057,3072,3075,3177,3189,7803,16616,29390
1204581785,5182,16470
2141771693,12418
491176580,3851
3462423791,3583,10641,15650,16188
3703546756,3037
938460271,8439
2762351742,7153,11672
581718310,315,8868,14315,19268
3395088808,13744
3580866070,8156
1807310283,24452
437129071,191,14883,16323,25848
438190722,27842
3506253234,14316,18484
2062475744,491,520,1016,1260,17534,19548,26819,27848,29095
4207814281,4988,11783,17283,19801
2350681293,802
1305505057,154,10374,15471
2875907036,18955
909500860,4371
771618116,4062,12726
333630385,7241
268647384,16271
2432308551,2677,18204,19087
3006897924,499,24727
2894511360,469,27648
2429838560,1677,8684,17077,21027
3421370272,5463,20511
452351240,1842,1896,15167,21453
1381826089,15937,23984,29277
3838240037,8535,15738,15768
2023960803,2121,7563,10593,11691,25399
590701277,8197,15261,20628,22480
1919597198,14615
764960796,1825,8467,12682,15431,17491,20528,22144,25754
4194525832,6584,19942,23895
3604705614,2338,9694,19692
2002511737,15981,20133
2470438055,9696,24105
2076565574,15231,25910
1598639622,5766
638128653,112
1674233959,4061
3378258934,463,17418,17859,23646
3015299067,2290,3392,3641,4079,7806,11951,23315
289410544,436,541,7983,13831,17192,28480
650971590,309,11882
3316890636,1762,8969,23917
1181147477,172,1170,19690,27611
2190050757,2131,17821
933987194,28323
520878921,12482
1863181976,5078,11843,19120,24641,25189,28268
274162479,25977
613867269,636,988,2381,5986,6320,17884,19954
3425306725,119
4085550392,19905
1214048809,6910
1833743351,9565,23840
672871498,1005,7397,12284,20266
175683753,169
1671483355,6625,9439,22994,27490
3251072916,2000,9556,10223,24997,26247,27208
905803316,18477
2710248839,16968
640543102,14089,14098,20251,29474
4243431797,12089,16024,17524
587807243,1309,4444,6463,8203,24054,25936
1519344749,48,2529,6295,7461,14135,17345,18584,26774
3513714070,18750
1490330545,10728
2763963189,29783
1534895064,3232,7517
1569161162,319,1942,5119
631485149,28630
921435976,321,1944
2104824539,3577
4132455473,7182,21354
1939875838,16208
2781066129,2517
3184890187,476
1656696561,3733
4262341701,596
633420137,86,14892
3625991397,297
4083783762,9489,11214,17220,22066,24067
2480282287,20330
3763602925,11264
84585911,1936,26243,27963
3726118917,27836
1218408646,1158,4359,17725,18005,22867,23733,28855
2362877510,22587
3877372206,150,1307,8244,8763,9596,10608,10791,11405,14050,14207,15647,15845,17579,18122,18155,19238,19931,22437,23313,29261
251951600,366,381,970,1224,1875,2960,4192,6345,7610,8674,10755,12598,13120,15164,15901,17355,17571,18573,18620,19672,20121,22106,22774,22969,23083,24526,25763,25974,27892,28079,28675,29026
2333308450,458,835,7395,11523,13440,13484,28338
2142263548,1722,18679,24685
2907948707,82,10842,11359,14825,15440,15915,17421,19054,20485,24653
2687883389,146,8419,8855,9523,25891
4062030876,586
3107375642,2308
1581702088,29251
3454782631,1588,21736,23048,23243
292099265,27231
137850412,14572
2790529670,6034,16268,26350,26804
2317186392,1312,1797,3949,5785,5962,7780,9744,9820,13093,16100,19041,20154,21130,27014,28773
3058339719,1047,1304,1363,2211,2372,3144,4634,9335,10920,12231,20212,22131,23920,25323,27313
2119348435,540,17191,18192
2251798707,5885,14924
1183935039,152,10614,22797
714883431,10815
3190063353,729,1901,29722
196107677,206,3472
2601106633,611
1664099862,14166
480531357,767
2059637918,26562
1738608537,1596,20099
3866531356,6478,8178
483871504,930,18125,19241,23271
3334522765,13453
4151935006,5594,6951,7027,9684,12622,13626,13691,13698,15600,18469,19347,19573,19836,22051,22189,23152,23249,28154,29486
3289160463,2076,3025,3318,4131,12186,15344,21719,25300,28193
499149768,9072
1872608089,1641
3333602088,845
3291961911,13258
2607989516,5923,11654,16860,19227,25626,25646
1135796115,7695,11300,25981
3351317218,4411,28961,29430
2654889608,1145
2562134524,25976
160410091,1008,3102,10439,10754,11729,12072,18619,19671,21512,23538,27195,29366
3163837118,26747
2194129680,8848,27092
1306672309,14360
66537751,8620
3144501890,2841
1578455010,14761,24148
2122676736,8050
1055686324,126,3272,3425,4979,15254,19356,21281,27304,29765
1882543539,8836
3450942359,17979
466128728,3592,13725
2359842153,1181
2122960453,12137
2895053016,5393,17305,24110,29054
1564664548,2926,14547
86523103,8986,16560
201535588,28724
1147375005,19483
3667514127,18394
3405711370,74,680,1359,3356,4446,9833,12930,14248,14275,17648,18215,19351,19438,22161
2907393533,17289
1432344694,8884
2428851507,10437,10752,29631
2969868810,14813
2928726357,1381,8380,10722,21376,24783,25412,26596
1890909043,17183,18662
3408064310,386
2114744501,16729,21203
2833587085,14831
1432944263,8172,10011,23073
1521355012,2389,27873
1156594169,324,985,2065,17840,18783
4292656399,20648,21903,23416,25918
3486657622,13781
52798730,138,3273,4231,4802,5749,6679,6760,6794,7621,7786,9736,10207,10762,13138,13174,13590,13631,13848,13884,19357,20001,20179,20343,21282,21595,22822,22900,22906,23017,24411,25251,25842,26462,27769,27817,28121,29101
1576261616,21364,23667
1132100495,17097,18575,24002
3071721019,95,3096,9068,9974,11055,16415,17817,19831,20798,22074,26034,29515
3804387135,4688
1789095178,16945,18094,18106,18397,20923,23640,29265
485363976,14418
987119390,445,25113
498313807,26897
980519808,23535
2297258246,5174,6937,29156
2860007528,109,3109,8344,12984,13168,16952,17085,18518,19989,23091,27473,28186
653113996,6091,29651
2274329972,26305
994942352,1951,7064,17190,24396,28454
53045751,186
366126247,9894,12443,14821,18771,21857,26766
1674755889,107,136,418,5732,11576,12692,14081
3036820870,6322
1701792234,714,5175
186322639,18826,25197
369799214,947
1841352400,4543
2899645226,13934,15263,18963
852920653,1822,1948,6521,9903,10105,12679,17784,20047,23411,25779,26731
555564263,2294,3742,7150,7168,13738,15791,21381
598112915,1692,18715,28654
386006344,17797
1911631738,2448,6631
399828825,2107,27830
643137732,19546,25223
2188351098,105
2044053910,3213,14920
2924658471,13210
1357749241,8873,13504
4204602327,1229,2749,12512,14014,19866,24935
1529124838,12928,19038
3655152421,3029,4939,16076,21650,26814
4183021958,6357
2590569011,2755,6812
3249033528,10,2695
3720486301,134,3258,3906,4826,6717,7533,8275,8432,8889,9930,10122,10644,11574,14839,16793,21546,29626
3076125877,165,9988,15053,23686
3576326785,61
3082670994,8815,23552,28098
3327015728,1983
3490621841,28017,28089,28167
780528232,669
560961905,100
3760389776,2488
1682919771,2088,11028,16795,21213,26007,27067
4175162077,10662
2823393894,1686
4166575272,14400
1822612221,161,2889,5612,6448,7525,8193,8218,11551,11850,12213,12573,14742,15425,17009,17336,17384,17588,18885,19392,19418,20406,20675,21245,24045,29552,29751
253206682,25699
3143088055,9741,12919,20763
2579613200,9358
2073978735,29761
3642006176,4548,5278,11508,15494,15764,24786,27922
1758310188,25011
1494926512,3416,4542,5106,8550,12579,28566
647443494,7454
2636592536,14414
85349154,3030,16077,16726,21651
564725278,6581
3912223660,27030
190997394,6499,15211
3237903149,219,11865,23760
771800307,10685,14807,23348
605111147,10483,11932,23170,26844
1541973573,6535
108164783,26670,29813
2578922679,17412,22174
3453749271,6272
3167860667,32,13963,19947,27366
105010034,16078
176318478,8310
471003852,3129,4967,14066,15008,24405
628149438,1217
1609705563,301
1179151976,17121
4107103935,65,12302,21551,25380,26468,27883,28255
1408695684,405,843,1716,14619,17591,18888,19337,25907,28898
541802113,14128
1238948833,5639,9936
272157071,28261,29110
325908317,3836,5230,13199,20125,21350,26644,29860
923461765,11411
694601247,4531,6804,19601,28144
3394995494,672
2726136211,24451
3561144209,6,17600,18147,21121
4144212954,1230,13410,19867,23289,26946
1157393667,1424,17955,27861
3333377702,25481
2599111518,15292
1359812405,3940,23878
432476642,1675,4957,12419,13915,18500,19885,22489,25589
1038121246,11450
3586678351,53,78,1164,10177,18808,19869,24017,29016
4218093395,7205
536189402,11408,26031,26244,27964
2629698895,7505,15034
2007638836,5841
2233593826,883
1813609039,8743,17465,28642
1668366019,343
2802191372,12029
4087992639,10413
2803609372,7378,13312,16812,18537
3479650778,31,790,2913,5991,13128,20672,22521,24332,27365
1055826873,23596,28885
3708339042,1020,9660,10926,16827,25666
122447388,22712
456651094,754,23536
1013305550,931,17480,18126
1295497047,466,22640
1798052399,6114
3646469232,22853
3102337477,11004
3998919324,28212
3883049529,13747
3432847498,6228
3244686514,918,28627
665303423,28219
3940594854,4917,9662,16829,17973
610869726,2642,4288
2612848568,5386,22507
494664439,13983
133328050,1237,1330,5010,5524,7123,10114,14456,14849,18066,19101,21370,23785,24921,25306,26615,28183
2227293621,1105,8689,13829,28478,28994,29547
1453283287,13506
57421781,9537,11169
3929005704,3507,12021
3594625201,2111,11642
529120382,429,10394,10664,11985,12767,16832,19553,26703
2838411942,320,1943,5120
2689424847,8317
963461163,6768
2268364167,3367,4921,25248,27161,27190
2422749991,1,12331,12956,20062
1792403692,19192
678189975,791,3421,10130,22522
2378739777,20354
744892123,18392
2267240002,247
1840899700,10541,12120,23040,27979,28660
3027012705,1349,2891,4703,9326,12061,14029,15718,16316,16579,16852,17788,22418,23279,24047
915166908,28016,29032
2143335323,398,1926
2278416215,8243
3343345486,1308,16842,18863,20576,20583,25851,25935,26195
2340835973,7307
3154492251,261,2890,3130,3913,5225,5350,9031,11851,13300,14028,24046,29553
3180634660,1648,6229,7537,9056,22534,26376
2120860669,15
164407625,13968,17847,28159
290572673,2156,4214
962735035,1400,3584,4600,6282,7604,9566,11017,13882,15610,15651,15885,16189,17083,18643,20651,23034,23841,24986,26130,27140,28148
2801824389,3704,4335,10647,14596,20579,26019,26539
3085121830,11565
4023557919,9079,18190,19125
