Hash Table for reference seeds[0, 96995)
<hash>,loc1,loc2,loc3...
1911429411,96919
2480501328,96910
584942364,96906
1554734376,96846
834426927,96767
2551797484,96715
2924254702,96601
677625324,96600
143752804,96590
1772962909,96559
3793231981,96535
3271206698,96522
507766807,96502
1160927915,96478
3077805992,96477
2693963737,96450
2014939803,96439
2546625385,96431
1628023517,96429
2520771334,96403
4216952399,96401
121076229,96399
3333887285,96396
4061449028,96321
611694218,96280
1619411146,96265
2587029954,96246,96824
58696212,96209
1744048851,96188
809743778,96026
990262966,96025
776663444,96024
452479361,96008
268821256,96007
3752265237,96003
1379050248,95950
3985625876,95949
3192763261,95940
3759546812,95937
2649708003,96400
3706213797,95874
730267269,95833
159752965,95820
2302246347,95819
901473555,95816
2747659553,95803
2065561637,95796
860863650,95767
3452180297,95701
2258909191,95639
2129836250,95616
3574229618,95615
2196302844,95613
2244090003,95604
2156642874,95559
1335844582,95541
4088782430,95527
2054585028,95437
1072113473,95436
163911779,95412
798909240,95411
1646908485,95316
1205635722,95280
1500936992,95278
1197816352,95277
2047180280,95261
2142902122,95229
3290548981,95196
3104466173,95189
2672139603,95109
404318363,95033
1032447322,95002
2374669665,94943
1602038975,94926
955114699,94925
2478798579,94924
2295616403,94831
3978896759,94805
3091436390,94804
2221780413,94764
2660637012,94723
246320655,94720
3421267221,94580
3849186265,94434
1485663920,94410
3493005963,94375
1787020315,94373
3562204977,94302
2509647182,94282
3369979294,94278
794065312,94228
2381007281,94098
63519776,94089
63995051,94079
1186907875,94063
855667456,94061
3160152758,94055
3408016901,94048
324927070,94035
1770062541,94034
2871362530,94033
861764120,94032
3848110411,94008
1582069917,95387
3787096931,93962
1686171956,93961
975640415,93862
1212857553,93860
1445998378,93806
289963455,93771
3921493156,93735
2823319244,93734
4201192704,93722
2665810250,93639
664605292,93587
625955046,93586
3724236251,93558,94898
2257228339,93532
3960255110,93421
2128966229,93288
465654609,93257
2047363860,93184
3176751288,93158,95040
1744365524,93156
3827446116,93138
3563162338,93063
1994366840,93062
1936572285,93015
1955329683,93000
3445079859,92990
3654509731,92988
1789227969,92980
1271136881,92965,95188
863171997,92941
969785252,92925
869548072,92913
1517983580,92912
1395500481,92896
646346634,92886
492151572,92885
2500609867,92847
187770939,92846
3351237059,92729
1533424159,92727
2373858854,92698
2785765283,92684
1542931859,93289
2990953261,92678
2677965547,92648
4142556270,92595
373022556,92589
1016894918,92580
3779006029,92569
1143694817,92565
3428519495,92554
755788776,92485
1831553639,92468
1621755999,92458
3402693437,92380
4209889359,92162
2402122485,92156
2267584602,92128
589052069,92066,92546
2147003142,91997
3556921249,91988
3419790411,91986
4116388962,91969
98450205,91967
3480997773,91909
3815413372,91841
1748963029,91828
2184919222,91826
3497223256,91820
1524114496,91819,92540
1017339464,91734
62791895,91719
695388943,91705
997058501,91703
1008446307,91685
3616271201,91682
3715052600,91662
1774909398,91604
311142114,91602
4268468900,91555
2508215511,91546
3318149944,91545
1304501258,91518
750114066,91497,92974
4199489425,91496,92973
1741474816,91481
1012366907,91455
4140503393,91434
3507415633,91372
1175533362,91370
1188605923,91369,91539
833861376,91366
3932629878,91296,91755,93521
1489842341,91286
3254694525,91246
3351707289,91215
269341518,91207
2155311514,91185,92832
2408622088,91174
2294062543,91159
3381675580,91106
708483607,91009
1317991181,91008
3321730324,90969
1010967049,90960
190552390,90959
1784432411,90921
2634496609,90919
2687422892,90881
1305244096,90855
1778489678,90854
3788383897,90816
1717439977,90813
3218680806,90810
884090060,90806
3933646007,90794
239129992,90918,94007
1496202669,90793
3390991801,90774
2761213902,90757
3733378857,90756
1488172656,90750
2559864970,90718
1709208439,90681
1424500819,90593
1051667832,90559
432426633,90551,95108
2637638121,90519
3908296784,90457
640806722,90456
2380195543,90375
4262046627,90374
3972992892,90352
3330320705,90220
2140363873,90219
2948238797,90154
4263534940,90153
4195225013,90124
3010747822,90122
2634630935,90112
369902105,90102,93667,95309
3814019005,90095
3186407000,90051
2788188747,90028
2671170307,89992
2150418623,89977
2099123899,89976
1484552597,89801
3178934751,89744
185427699,89692,95151
965900221,89683
3020164026,89682
3389563353,89681
2912718377,89624
2355422779,89588
906075493,89587
812868842,89543,94054
3598450567,89514
2430554127,89445
1322934469,89440,91938
3985330184,89422
2528854744,89404
4024202167,89393
4253232290,89323
692303206,89258
239812869,89190
515610074,89171
3858210606,89139
1132770299,89136
3673683870,89135
2396996325,89131
3724223777,89122
744037442,89088
795809740,89065
296806134,88961
4263853552,88960
3951541379,88865
2625335694,88864
1223479209,88836
3765412624,88768
11253283,88745
2050239839,88614
4188272995,88609,94969
1448271576,88596
3321241481,88585,94825
1417881693,88577
2664485473,88573
3039915628,88521
4226354931,88482,94509
2047097780,88466
3547889176,88460
1086358539,88300
387908667,88215
1355538979,88201
4124340351,88178
2101753892,88066
1039965628,88053
367764718,87988
784995177,87976
1004933327,87935
881171877,87885
1337914054,91827
3269980830,87876
1774356512,87854
4127113852,87809
3981895765,87727,93849,94387
4109270021,87726
3614696821,87656
3257439947,87652
2336766523,87622,90169
4292718736,87620,90752
971800205,87618
3119193698,87572
1792178784,87571
796740337,87523,88015,93227
27569661,87480,91576
4246091077,87479
2471851630,87455
2609526635,87454
1186145811,87416
3450982292,87393,88543,89465
827497069,87359
887256272,87279,88991
1389443081,87168
2030337349,87136
2344183027,87134,90772
4115540733,87128
520781149,87075
930868239,87072
3860103822,87046
792073914,87006
3522142897,86983
2986507429,86885
2734384634,86876
1412933305,86875,90435
1990556238,86836,92972
2367190303,86818
3848346007,86788
3486600289,86787
887744235,86778
579052232,86771
551825888,90817
992486683,86746,87735
3426751269,86730
3262041532,86729
3552377330,86713
4117337866,86712
3035497497,86645,87125
3437134128,86644,87124
345891318,86639
992528877,86564
2985595006,86556
1238662519,86549
3492042579,86506,91894
3085747838,86470
2163421522,86466,89803
1021429938,86463
1669063041,86404,91284
1124455051,86398
2554192734,86397,91247
3251596146,86358
655306586,86355
395162774,86354
2610276106,86344
1305608343,87515
2183509572,86250
1359872730,86236
129901284,86222
2839479567,86195
2172926420,86175,92239
3201395706,86174,92238
1482464606,86130
1820517626,86110
385077780,86060
1394739099,86059
1171716883,85972
285307923,85970
4228411661,85948
1047408200,85931
3742737659,85919,93783
2489243507,85915
3885532223,85891
3818706390,85878
3788253972,85867
3089768490,85852
2916713988,85708
3303547538,85704,93395
2644298836,85700,85853
334800480,85699
369118951,85694
163729362,85679
1835302639,85630
3684178339,85594
3547398124,85593
3631819611,85568,88722
1332458573,85555,92155
4066603520,85554
917746044,85495,96533
778317087,85491
4013855908,85454
179068329,85435,90019
1604823533,85396
3393936656,85393
2728336355,85364
3711181909,85333
3865706238,85332
2250054789,85329
1467784341,85304,94616
2453299607,85260
3858673064,85259
3704213953,85248
977671781,95034
3276282958,85241
2529643633,85102
1551385341,85092
2481171057,85091
189525153,85086
434182153,88523
2006030910,84999,88402
3456210033,84986
549311109,84982
3534550833,84975
1292260757,84952
753106069,84889,86293
3878672085,84846
3445112736,84809
4271158106,84808
725037851,84780
1462639203,84649
2357760330,84617,96005
3290269330,84568,94575
1105647145,84544
71149883,84540
3386356678,84529
1254104817,84516
2146457600,84513
2770912768,84504,88727
2797443292,87985,90142,95554
850203486,84503,88726
4031585767,84502
3164404832,84495
3552002352,84494
2030706263,84352
1530559037,84349
2892608249,84307
4121628537,84295
118589622,84292
2941930452,84291,91908
2339736946,84267
2377367623,84257
2583633789,84252
3063727774,84218
2960108369,84142
2792754520,84056,93103
798226055,84008
639987439,83985,84945
2074651839,83984
1990847770,87435
3844812017,83982
3184179477,83962
139930215,83961
688761099,88730
4021375695,83960
2694452381,83930,91701
3280127882,83880,86356
1690872703,83840
3452634998,83838
4231264561,83837,96888
2160420500,83834
331416268,83824
3968991452,83823
1459751190,83773
3401029802,83753
3093602246,83752
2006994120,83740,91477,92591
1731983434,83733
2175044214,83711
4101065290,83665
3740770872,83643
408866347,83639
3752722562,83474
1188910439,83436
2397829436,83434,83650
1705993624,83358
1550351232,83325
2630941821,83324
1623311777,83317
3563457705,83290
1132834368,83227
3880762499,83206
2609739877,83185
1325216507,83182
1313316538,83164,84312
638005793,83163
4253011778,83153
2076562052,83150
526900860,83137,90173
4046695218,83136,85866,90172
2025363957,83134
1937542651,83102
984034406,83098
3124824403,83047
3978199923,83041
2770952021,83024
1188671649,83004,96453
1082387476,82925
4053121593,82876
361433164,82873
3117972769,82809
3398639642,82806
3269870568,82804,90888
809677172,82796
3169314216,82779
3368587042,82773
1916648613,82761
3474056947,82744
2769223600,82692
369345500,82684
1759487587,82612
4008909371,82608
2933766668,82605
434103720,82574
246921629,82561,82931
2993932755,82506
2388336225,82441,94371
1912944010,89132
3944509859,82412
1511394831,82404
514876707,82397
663173040,82394
3162898728,82375,88234
2965070257,82365
3354550342,82305
3808151756,82288
2979254049,82246
2140841347,82239
3821078418,82225
2662391783,82214,89987
2715556860,82182
1953142834,82165
1693397431,82147
1171395472,82068
2591581484,82058
2382992523,95795
3028283487,81946
259583645,81905,92838
2399445583,81897
47431432,81857
2951614780,81841
1281028216,81792,84657,88145
2328806412,81733
3034274357,81707
3618241684,81641,95064
1607253532,92134
2933119184,81640,95063
1168481413,81636
3279429704,81549
2827723753,81540
2662126280,81539
3181601958,81537
4225037784,81526
1980539142,81502
1610592477,81500
391491836,81499
3231082074,81498,88052
4084290678,81474
1364297253,81470
32812307,81437
1165280603,81431
773076411,81386
2405196533,81385
3021537803,81379,95774
2527987585,81369
3099017238,81366
2938982538,81330
154122310,81301
3874882309,81276
4213268474,81275
1384497545,81273
2065784358,81261,82783,87484
3189341621,81234
2266355130,81233
1693069252,81222
2310890515,81221
2125029624,81210,85216,85270
1341916609,81125
1643494551,81114
928375818,81113
3104799416,81110
2264209416,81065
1083879448,81019
3106605188,81011
3815047982,80994
3068077266,80965
2531248653,95957
1746417247,80949,85494,96532
2517187123,87722
2513586743,80932
1968063274,80871,85377,95784
1879241023,80867
818946512,93440
3079496529,80864
2119644386,80863
2643068873,80837
2241912060,80836
1557324108,80829,83904
4138774723,80820,83523,85705,93396,95551
1408035235,80766
2306901733,80751
607350882,80740
2687548308,80738
1782559504,80688
3541900102,80673
1782249411,80640
1768099461,82848
1512806802,80639
431911610,80628
169256067,80577
688704443,80547,82908
1272968880,80540,90363
1737146939,80537
647460041,80496,83253
1822255452,80444,81826,87413,95884,96662
1728577618,80413
1190755898,80403
301497547,80400
3907358457,80390
3360895169,80385
2939474767,80384
646560089,80383
2540399653,80333
3684113375,80265,91886
140692664,80262
2627005991,80248
58819357,80239
1117399845,80222,89958
2762820850,80205
2471757753,80119
1527376247,80036,89234,93956
4094108295,80016,89544
3567148708,80015,92989
2019702667,79978,85028
3860826304,79962,91955
1182567786,79957
1903184962,79863
23893440,79858
2722824463,79839
3365204669,79827,80727,91943,93408
3839532834,79825,83512
3923403727,79824
652584048,83440,85128
1891834844,79763
2523174902,79749,85582,90029,91452,92315
3811452280,79748
650966166,79688
1947607971,79687
3598024314,79681
3115553331,92717
1611134548,79675,87648
4283365136,79665
2572690009,79633
4177136095,90877
3014470525,79631,94424
738556608,79630,94423
149976111,79578
1170845788,79559
2729674013,79550,96143
1392251317,79545,89916
2227821059,79519,87569
511795039,79518
800982257,79508,85969
245016380,79507,85968
795369990,79499
3471769259,79490,81605,82019
2388440851,79476
3008612758,79414,95809
2517846438,79400,80171,81847,86166,91335
1740238766,79395,85330
605329410,79339
673874026,79291
2974396807,79290
3858740838,79273
1070494654,79234
161365158,79233,90409
1776926302,79154
3429044422,79125
3307467515,79124
4067243764,79119
229780272,78960
3735153433,78943
2807196732,78940
3594254259,78861
657607546,78840
3186290185,78834,87007
3361253179,78828
3540122854,78761
73794387,78744
2659184738,78741
3538657299,92531
316291482,78730
2225441774,78713
398142781,78637
613850214,78626
1847616773,78606
3087544394,80617
2116496191,78605
920025849,78567
4197959493,78548
4151161266,78532
109661663,78531
3391435428,78522
838059329,78477,88744
3307751978,78459
1121409088,78458
2867103273,81300
3489943296,78390
4069355821,78387
2523423870,78371
1871353796,78370
1144084164,78368
3792734418,78362
1865962857,78359
2023843299,78327
641634022,78297,89277
1859356168,78289
3639015721,78288,95758
3139974870,78287,95757
2581607743,78265
1722953734,78243
1959853641,78220
2444169022,78219
1180986276,78216
3776379566,78142,91806
1808135279,78138
1539482649,78126
2580525102,78094
2103852595,78093
504795317,78091
2939671022,78089
1339852183,78086
3851904240,78060
159090411,78050
4289676002,78044
604687308,78043
3440034841,78040,80293,86159,96074
2058333097,78000
2228590961,77994
4022132428,77966,78919
3097323394,77959,85798
121964905,77925,81214,83877
594509030,77918,82191
911592567,77898
1832075376,77897,79078,80599,95832,96191
2583737302,77881
2719721237,77845,91006
3078312993,77827,91265
1725670694,81547
595768582,77787
3618884562,77786
1362667620,77784
3257542035,77783
1007918108,77782
2092824237,77777
3551018887,77763
686173485,77748,80050
1535003886,77745
87351703,77727
2735210527,77720
3330659397,77693
910996855,77690
3126856562,77677
2087333391,77676
1907129988,77675
3446644106,77658
2230984823,77636
1458537083,77635
1420344883,77562
1650378369,77554
2893668274,89684
4023956141,77553
2881483711,77541
1629171140,77530,92083,94211
1686700229,87382
3600636520,77502,87600
3079943872,77492
3616717879,77483
601316829,77481
3843530161,77396
869144381,77395
1050955723,77373,80021,81584,82434
3451743019,77357,77823
2006942971,77344
2236577283,77341
918139408,77337
1982764072,77330
3380766393,77318,78880
4118617599,77315
3759180358,77302,79272
3106470319,91236
1866473730,77299,78264
4091866855,77238
2064520462,77236,77370,77939
3267173820,77205,92263
532747425,77199,78845,92542
2711235915,81624,83511
754069347,77193,80609,90123
2493579031,77192,94052
514902610,77187
126307784,77175,77398,77830,91268,95328
3536416870,77155,83332
3806414239,91860
638928500,77138
57843007,77119,94867
1554125035,77077
3773310445,77067,78980,84918,86512
669273981,77048
2604332695,77042
1633286543,76993,82593,88681
2691264075,76965
3488260714,77399,77831,95329
1774222664,76957
3661619835,76956,82185,88119,93614
1702966699,76766
3514850011,76762,83664,84460
1007673480,76743,93566
1544080260,76742,93565
3288083870,76734
3585473488,76621,79710
3412319192,76582,76792
376632903,76572
352352206,76548
2675991071,76547
2538079944,76539
3982900309,76529,86268,95798
2712704012,76527,94766
315363662,76526,94765
2849353057,76492
3686126492,96077
2916596701,76490
4177924945,76477,84798
1212202740,76458,91861
1184621382,76457
840680195,76441,82472,84330,92168
2090413504,76435
885846523,76390
4209636406,76342
3818580044,89221,96536
2313544053,76339
2525867718,92154
166075798,76327,92724
1746601066,76313
4211131973,76282,96983
316953807,76270
1092676423,76259
2042976136,76257,76571,83151
120916294,76256,76570
1087854101,76249
1121526433,76236
452904061,76234
2691187671,76222
1145177356,76204,78498
1434782647,76196
238258487,76194,88700
80341926,76157,79423
60351048,76131,76237
39337410,76128,77260,80931
886439451,76088,89755
2284284305,76075,83120
19733219,76004,93204
2711400158,76728
3233275239,75979
3418326477,75953
1985113945,75946
1953565655,75933
2136936649,75905
1496170979,75904
2236067344,75902,82002
2643885952,75901
4104814558,75877
2908167565,75875
4209492309,75867,87069
940028163,75834,75916,83418
3546586629,75788
798013316,75752
858902681,75751
1416972201,75692
240917905,75691
283198924,75665
3528482078,75628
736246158,75605
2173720584,75591,90489,94056
405918588,75590
3366501969,75554
2631017483,75534,76946
2863938837,81329
3805206754,75523,94737
292678483,75504
4091383993,75390
2992989070,75388
606373830,75362,96950
2629749066,75336,83620
820013500,75335,83619
3069559893,75333
2328930220,75291
532695245,75288
1922446162,75278
2892527944,75256
93851832,75255,90958
3321018960,75201
3690905936,75199
3298507022,75189
3369152373,75146
3695254094,75086
152037723,75053
2403815276,75038
3183073564,75034,86118,86587
3580120027,75009,94038
2777901874,74987
1078385996,74983
3766619333,87720
1922324678,74941
4120261184,74938
3591315755,74937
1567438652,92072
1534083703,74907,81174
1826450946,74844
2137055768,74842
2508019690,74840
2966445643,74795
2093664973,74791
2489527088,74690
3097994343,74683
96612886,74682,77353
3062751838,74662,89946
1620339498,74636
1858393345,74635
3840071298,74632,94768
1258800376,74604,84439
2179335854,74595
4090532116,74515,75644
3280567874,74501
4004437048,74484,77292
3345345179,74468
1760101285,74434
3409493386,74396
3283112452,74385
1170871619,74377,78502
2145057137,74374
4072375899,74322
142552303,74321
547563261,74305
980727297,74294
432930393,74279
5072056,74277
1131422060,79711
574571859,74235
1896458074,84106
803999914,82760
2733134952,74213
233183682,74191,81808
4263731958,74168
702007879,74158
2752993656,74136
2522305078,74099
1238020944,74083
715385864,74072
4292490601,74064
2365842716,74061
2896939843,74045
332089451,74028
3560984783,74025
3292231522,74024
4029789685,74015,95513,96852
2627202301,73963
2956861994,73886
313308008,73879
2389807709,73806
229589783,73803
3023106116,73802
492461658,73765
2602118995,73753
3253929533,73752
1990091390,73744
532329293,73734
1594984960,73731,74448
2804529837,73708
315433442,73707
529982613,73616
2258537877,73613
2913669990,73607
1113349370,73590,74059
3327423015,73570
2184783973,73477
52355644,73431
4230690619,73419
2671339980,73396
1445724093,73387
3291314501,73385
2895818137,73383
3319273759,73381
756322336,73356,74214
4041805511,73345
887712626,73331
2927223438,73330
1277678240,73328
1346524231,73302
2491590216,73270
2820995452,73267
3018036893,73250,87884
500741337,73204,91068
595678983,73202,91066
3430388885,73199
2982378801,73197
1707364842,73193
1681302637,73192,78831
427905557,73107
2402467089,73054
4059266101,73051
837068764,73034
2316005973,78738,79392,91214
1438284763,73033
1053173526,73029
3784250045,73027
1941465714,73024
946495541,73008
319530257,72986,75492
2989698573,72977
191287445,72953
3919387360,72929
2522282036,72865
1811844735,72841
2444072389,72834
3761438394,72823,85960,92808
3458035196,77789
2772342825,72782
3455066252,72781
2602303448,72774,74511
2374753175,72745
2703604917,72733,76639
714391965,72720
697617442,72719
3570987556,72678
1606652287,72676
2649914811,72674
364358474,72632,81801
2428877881,72590,74391
2764726033,72583
2629955362,72543
3334382720,72539
282715137,72355,74417
2627264390,72338
2073838178,72319,95067
709684180,72254
2102510589,72247
1658533410,72177
2464388460,72147,83948,84270,84389
3758642253,72117
2307101033,72110
1372537688,72106
1634317798,72105
718488046,72098
346245653,72080,86977
905778158,72059
1895658505,72044,86779,92267
3271781676,72042
2105751743,72025
2329607006,71978
2037818288,71969
1322920740,71958
1736322579,71944
2010961316,89396
492243881,71941
2046253880,71887
2286214105,71828
3381609601,71784
3174960038,71772,88669
3232583739,71771,88668
3077591080,71764
1051001200,71749
287487199,71736
1707142867,71735
1957163377,71724
723848847,71709
1871432827,71680
3720758198,71665
614085737,71630
3930159533,71612
447414558,71558
1267714847,71557
2574177919,71556
2757469974,71546
514639660,71545
1369276598,71543
1801784235,71539
694815674,71525
57754789,71486,83213
3074283621,71467
1813854723,71438
4279137282,71437
3805610875,71424
950959889,71382,80714
1071745030,71378,77761,78977
2922922683,71357
1292421167,71340
1444546223,71516
1291247186,71318
327219671,71317
3505511682,71316
4275101594,71291
3095487898,71283
112238386,71282
1077251981,71281
4054710607,71280
2217496635,76343
1862396299,71269
2126804418,71261
2371628207,76169
1007341357,71250,73912,96918
98313021,71240
4294850333,71232
2121338234,71225,88702
2889797054,71224,88701
1778284657,71223,91927
2286882440,71222,90410,91926
2094517852,71188
3668280768,71123
2866407434,71098,83233
1514996527,71085,72546
968394930,71030
1753472908,85455
3120562911,71010
1676687018,70967
4110643962,70966
549599272,70958,73065
4873956,70888
70618839,70886
2364713579,70873
1140879745,70841
3496204593,70838
148962153,70837
3774807034,70827,72542
1777429234,70826,72541
982345757,70825
330712335,70789
1396104723,70786,86467,89804
3284338606,91331
384875441,73198
2493900894,70785
860278428,70782
2738649846,70781,87925,93180
3920117305,70767
3454686506,70750,71904
1701873578,70749
977346318,70669,93276
3005756320,70556
1235103137,70551
128269465,70507
210765617,70506
2411913944,76735
3060599552,70505
2220863268,71048
2682560569,70484
1164707268,70483
986273437,70478
3824175903,70475
474189045,70474
3050206242,70470,72830,89151,93378
1756505267,70444,72238,77323
947195981,70440
988212974,70439
2568983082,70431
4253206326,70424
3427636443,70417
2750197522,70343,85341
2912728205,70339,78139
268111785,70338
2144187416,70337
3762998166,70335
2629175660,70332
576598121,79634
1561507787,70330
3139005181,70329
199505524,70299
3130100210,70275
3823911704,70273
1955760672,70272,86343
1821744403,70260
2653398504,70224
52587518,70173
2869051210,70157
1523667118,70149
3509146094,70139
4232657394,70093,71350
3120610322,70075
2934871993,69984
160181275,69960
2980201060,69959
1656205372,69958
2819024815,69957
2562737347,69951
2933850094,69940,77758,77950
1922611276,69927
2842621862,69905
1498100643,69855
451803847,69825
756334590,69824
436176275,69823
1448216076,69784
811205699,69782
1621475071,69724
1224459914,69700
3835711913,69687
1160541713,69685
3215237932,69684
339559684,71681
3769564559,69683
2930522727,69681
3461603610,69644
1570943814,69627
1150476565,69623,85488
2975630355,69618,93066,96028
824500567,69615
1518909725,69605
3036938256,69597
1431237695,69594,95400,96891
3536877348,69583
3563415051,69582,77041,95453
1715593908,69577,73910,75494
3819703376,69554
1872244488,69533
1602025956,69515
2389107717,69513
19506269,69512
2815605102,69502
1304716981,69479
1159144684,69471
2872632481,69459,75816,76337
721375449,69438
2508702658,69392
3905851196,69389
2193785885,69355
3648449351,69348
1680145462,69344
982396573,69301
2110069955,69299
1142128502,69236
1250895790,69227
3305064446,69225
431384084,69145
586938708,69143
2227475336,69133
3362947633,69125
993882518,69103
3682907763,69092
2471611053,69091
1179477902,69064
3238473835,69062
3514793816,88283
2895965645,69060
3343063508,69046
2728881727,69035
2369350928,69011
2609977548,69009
1063050489,68999,70288,71840
1781686685,68989
2043897317,68987
432126399,68980,96903
1478549271,68973
3418646598,68958,89662
2777454899,68942
1769713532,68902
2154528086,68893
98387742,68890,86883
2483465948,94974
1710412928,68845
4148465814,68833
1404848928,68830,90878
3153935438,68829
3871223049,68817
812290183,68816
2883202069,68802
3273054025,68759
2280109577,68706,80682
398001068,77303
2569827435,68649
2933150083,68644,87969
1492163904,68603
3600132171,68597
118611775,68556
2096258603,68528,83677
1663476559,68469
3933599941,68459,80822,83525,84989,90355,93260
2393964021,82782
3216367964,68409
3804257102,68338
2794614949,68307,76660
4147115993,78957
3582679277,68303
1031556421,76573
28104798,68299
1915027871,68283
2348052197,68282
2939023162,68281,70000
3453118674,68264
2722029500,68203,75785
117663785,68202
3520241533,68158
758309174,77617
1718993426,68155,85874
2609830058,68151
2673932117,68021
616608624,68015,89597
1650716533,67966
636408848,67965
633560499,67933
1382690232,74051
2105775121,67924,73600
254650702,67921
2752503860,67915
2026641116,67906
3165393791,67891
699061972,67890
3867081024,67869
1128080586,67814
193856073,67731
3952638174,67717
717031257,67715
4008110841,67697,87438
725413780,67695
2969596672,67692
3614961290,67646,79338
1037168638,67641
3422685700,78615
672303984,73681,91650
854457495,67640
3588730820,73203,91067
2795258502,67626
1651064724,67625
470168380,87922
2137890113,67617,71960
107962784,67615
127139949,67611
90557081,67600
869499555,67555
2099876093,67554,81063
2522413132,67527,96009
541882016,67521
1915961358,67512,68468,84187
4182653963,67506
1627042236,67478,73627,89479
97680497,67467
3524279471,67465
1947664937,67416
2247378522,67360
1985817071,67358
364864649,67343,81510
1394736736,85892
558522764,69532
436598467,67331
2920802865,67293
1253624833,67287
1798619895,69142
236903636,67285,74376,78501
3058496536,67275,70143
3129478303,67274,70142
1860234033,67252
1927055344,67250
801618067,67249,72304
105149478,67243
77468456,67210,82596
3974394374,67175
459044491,67169
562129328,67158
3144183025,67139,84728
3570263045,67108,68044
453160147,67088,67994
4225036231,67055,78030
1916750421,67046
2675279013,67033
332968945,67014,73016
2845112488,67009,74424,88739,93516
2972232294,75642
2627855947,67008,74423,93515
1847971810,66979,70223,87025
3499180405,89680
3251345676,76966
1666586985,66957
2596966046,66900
2507786105,66657
1837551190,68599
3459753833,66654
4011238793,66629
674399844,66578,71628,82562,82932
4015610549,66553,89851
1528399834,66482,68618
2762363360,77220,91897
3995236340,66476,69806
280666521,66473
1663659876,66454,84314
2420453682,66438
2547667665,66374,84878
3702256805,74841
2976805952,66338,67136,78592
533638265,66325
3135957444,66256
1260195787,66223,79021,82869
2436515401,66216,85187
1458661182,66202,93426
3578946758,66201,85525
1864959368,75080
475598443,66199
290583939,66189
559324371,66188
2551491720,66177,79106,90829
1694547578,66175,73259
2170245211,66163
2433134098,66063
306541369,66047
1966675228,66010
756480455,65994
3598403190,65936
1491594767,65898
257290551,65895,70073
1271017690,65878
1780264493,65815,93386
691412158,65806
3850201368,65805
4131675201,65792,91256
4214949350,65790
1560435098,65751
999183503,65688
3160271776,65658,82442,94372
2394707748,65592,66308
1000388078,65553,96466
1575508036,65504
527257016,65503,89330
3585507494,65494
3927778901,79511,79754
2442210679,65487,83361
305467440,65483,93176
1073758308,65482,69734,77851,78313,93175
3935093474,65431
2395151228,65430
2230316668,65427,91114
804150453,65407,81124
944256389,65365,92163
1475379659,65309
4184970798,65295
3666628793,65271
3247926799,65202,93001
2454727717,65200
1221605353,65194
1304701844,65182
1959587183,65168
2230995869,65167
229435075,65166
338443607,65164
754190508,72356,74418
301545591,65151
4291327328,65143
3560038082,65105,87977
1176263633,65099
2962884411,79092,89807,93444
2506690548,65069,92772
158820969,65068,92771
1621449817,65054,80796
3772772876,65043
3799033683,65012
356477153,87736,92007
1860201577,64935
664177744,64931,68223
3411307506,64930
852582460,64891
1856909483,64872,73390
2738638326,64844
408564308,64806
2178888538,64780
1294206012,64771
1776253291,64746,80767
26554632,64735
2102199465,87655
3839279947,64700
2820933263,64699
2769987493,64668,93436
1051886636,64641,77266
967919627,82486
4261238647,64633
3472767904,64629
1260001710,64614,79486
2146573164,64588
3720265918,64544
4054338800,64543
4010915345,64541
2328142333,64517
2707864190,64516
2962717557,64504
3550864720,64500
1015698122,64497,68375,69972
4111536772,64477,95666
4108688784,64462
3465894662,64361
3328468425,64360,70661,78132,81567,84034
2234347569,64355
4170956783,64325,96102
2246273999,64315
2455230039,64293
1763252632,64273
3145940116,64243,85538
1691638384,64242,64473
153639495,64207
1440411031,71249,73911,96917
4136607028,64206
1393820295,64203
408084025,64201
3925160302,64200
2976015466,64198,66983
1373825829,67556
3338450327,64134
3016893029,64122,87689
455653454,64042,64514,79411
2425336894,64028
1608215569,63871
2024645872,63864
1143874962,63859
858332859,63818
2963163068,63797
1089146535,73615
2666730183,63795
682729454,63789,94463
132251256,63782
564234114,63781,75127
2358637706,63780,75126,94487
2969572609,63757,68749,72520,95576
1740792124,63751
4079617502,63717
1244553701,63716
2424766726,63674
669859814,63645
3237000009,63644
3401242650,63643
3603526368,77689
1536548210,63642
3938502688,63635
1076771578,78540
2241263055,63627
3626612440,63613
3623774777,82877
2762152409,63592
2481071306,63591,71440
3126474545,63509
1405362053,63508,74664,89948
3331082119,63507
3727609740,63474,79864,84506
2186646124,63452
2563383666,63444,73254
2595071972,63421
3528191248,63407,66233
4189375710,63373
3618132372,63317
1163660473,66897,81592,94274
1365538923,63313
1826494619,63307,68073
791855885,63257,73610,77203
1789275724,63256,73609,77202
348977351,63243,72840,85943
639394613,63201,63296
1292535688,83181
337252006,63184
4054744803,63106,80399
4211120578,63011
2718974470,66656
2540575641,62950
3277301595,89625
1768665224,62934
3807025943,62901
3187220041,62892,66590
29697493,62871
897642023,66149,89658
1317523482,62811
604847876,62810
903516532,62805,63962,73405
2299080449,76777,87886
1373654204,62791
3535163203,62789,66655
28976606,62777
2196946907,62771,68509,73148
3459431775,63680
50797727,62747
79113416,62712
4178755637,62711
3263783434,62709
3666274090,62679
3690604486,62678,91003
1944124396,62676,76288,88463,91001,94432
1216974091,62644,69880,70994
4066488304,62641
2214640869,62631
3394085466,62628
822170358,62613
3427626077,62564,70819
4287340179,62526,91915
1847304953,62523
2653659802,66359
3605625991,62510
668286648,62509
4151427597,62508
3734913781,62503,93511
3331271109,95523
2349267464,62502,65370,78769,93510,94304
4263816308,62499,69026,69971
23201913,62477,83030
2568418948,62450
1750342432,62439,86748
2636326705,62434
1004199712,62431,62488
3086489774,62411,71564
456604210,62352
914000509,62348
1898317593,62330
2293737388,62329
937989412,62328
3708361079,62321,71636,96976
2030951170,62309
3970308953,62263,63310,68076
3685333356,62262,63309,68075
2188433225,62260
1536124152,62256
3295096851,62244
3221690742,62242
2411113997,63020,75553
2568013414,62241
313946778,62225,73124
1163158647,62224
4086509183,62217
3481577530,71540
764165008,62215
1475019716,62191
2635274856,62175
2580715736,62159
2496102993,73959
322116398,62154
2101097244,62152
2558748603,62150
2583118186,62101,72084
2950509289,62100,67870,72083
3735939617,62096
2449330012,62089,80910
1808138785,62014,62284,78153
3753543441,62004
2493120352,61969,69393
2713113094,61965
910460623,61964,76906
2637715012,61954
2834549917,61915
1970661232,61878
636240819,61845,66909
3515697062,61843
2269941469,61800,66508
2128574601,85256
937131708,61790
571355078,61765
1587243053,61764
805902181,61744,79689
3493112866,61743,92970
764320339,78002
4146157273,61673
616032970,61671,68623,94108
2283508084,96476
4218995221,61661,64571
222484827,61652
2937821502,61647,65807
3859345759,61614
1688251543,61607
1258122104,91389
2770307421,61606
1428620412,65148,91964
176999739,61604,89442,89697,94083
1898698465,61593,62704,68200
1169667317,61583
3918462470,76786
115458227,61580,88988
2275253493,61579
2725006015,83878
2704509566,61560,61688,65058,75918,94476
3755367983,61556
237656198,61539
2720014438,92645
3225996413,61537
2861221896,61535
2327091681,61511
917876649,61502,90231
2860995610,61492,62413,65966
4276695468,61491
1700204765,61457
2762771517,69051
1105876641,61456
2787331046,61454
2119342623,61453
2967492929,61409
217007161,61396
612606190,61392
567648227,61390,62902
754361273,61337,69335
999082205,61331
1528845595,61330,81791,84656,88144
2121133329,61302
3342506085,61301
1802907974,61295
851973739,61271,65791,67292,91255
1012352063,61265,62115
514321823,61254,69877,71019
2213866644,83683,84951,88096
2264220530,61239
1609432844,61236
3774900278,61226,72902
1106792797,61225,67288,67638,94166
1911737501,61215,61745
402898864,61206
2338974244,61204
791472183,61184
1549720804,61151
614984902,61149
897099408,61126,62059,69788,74936
1636653204,61125
1204325779,61106,94532
4249701063,61087
2856278091,61062,69620,71421,75297,81227,81338,91135
2482928340,61013
3379552562,61006
1939851487,61005
4043033866,89176,96696
2591412084,65704
2148616778,61004,70580
2305012572,60958
3975268934,60918
1376564915,60895
2124091618,60855
4109990635,60836,83548,96131
280761120,80013
373316603,60825,69536
3743259055,60824
3895570535,60821
3794684061,60813
911310134,60798,74075
3838361530,60785,79391
3918317763,61299
3102265919,60757,73573
1796108832,60719
303752923,60716
3511865075,60695,71561
1416169188,60694
2665517643,60685
534969539,60682
146636121,60681
2040079391,60665
3079820529,60663
3178502894,60662,85697
2592539243,60661
627312478,60660
2114273896,60611
1747311435,60598,93290
1111108050,81362
1457130285,60597,61534,77715,94260
3810033699,60545,92695
1494461778,69058
2340885399,60537,88814
359642009,80261
3889197391,60536
4177653227,60494
1229095801,60493
333385484,60490
2326091485,60469,60697,62410,71563,74276
2322000180,95454
406752322,77176
3186837173,60467
1648667388,60447
3910008807,62954
2705218791,60446
2604591151,76195,91928
2372469509,60403
4019865239,60402
3907662468,60378
2020439198,80708
2318010605,60376
1982221738,60373,70297
2590908118,60371,72242
602409482,95804
3354848558,60364
4025841104,60362
3145506069,60360
2646731990,60336
1511067152,60310,61613
4140153560,60309,61612
1989650384,60306,60894
1338686193,60292
1345629464,65881
625862068,60194,75819,76328,95878
3989402412,60170
4089787661,60162
2477026176,60158
1028653712,60147
3706750436,63036,72432
1154929677,60122
2834192971,60097
1159104435,60094,85295
3159841564,60080,67090,92515
4125728258,61296,86444
1324966939,60067
2853985793,60064,89483
3141805737,60062
4262017174,60056
3481212053,60050
2946805300,67824
2326639845,60046
3698596719,60041
2639991613,60038,63994,73292
2228155108,60007
1286181809,60005
1789501564,59974,64812
3260270863,59965,70412
3589370721,59962,70276
2043630065,59956,86927
3720647135,79814
2182461931,59950
3834200709,59916,87338
2737969743,59906
266565562,59899
1575478653,59864
3183119808,59863
1192206187,59856
3143594678,59855
3996762904,59822,63041
4171547417,59816
1316955889,59807
3963499110,74188
2538468706,59801,62292,77937,79321,88487,89239
2700673348,59741,64025,80476
3841993820,59740,78547
2735317590,59717,82258,89752
971961685,59692
1607767679,59679
4025821386,59678
3849262974,59671,74378,78503
130561452,59538
3194201798,59530
3731550133,59528,60006
1894305914,59527
1451691660,59450,74118
2297933383,59427
3767218523,59406
897858925,59372,82935
407858625,59356,60857
3001207019,71407,71627
4282813714,62099
672712688,59354,71544
1089758143,59353
2478639723,59273,73462,90557,95385
1684500051,59242,77728
98731312,59227
135542764,59160,95703
3122421186,59119,68432
3092552138,59106
4236395715,59090,65832
3209112643,59086
2497320033,59085
1675728080,59051,72409
200912171,59025,60148
96133403,59024
674791432,80376
1213279695,59018
1171255832,59016
2380520681,58934
2324950340,58921
685967124,88687
3695087577,58913
3663718967,58886
127669957,58885
4211123045,58875
1088059684,58874
2350392255,58873,86108
2638463745,58849,96529
1849283485,58841
3239470580,58831
2982304835,86813
922476003,58830,80750
4003018313,58828,87721
3624424678,58800,71616,77017
3661881090,58798,77015
2606805445,66062
1133041326,58774,74630
3886187281,58773
4201017720,58763
3773412705,58762
2975429799,58743
3418861893,58724
17105443,58721,78347,86594
158924487,58703
2856256319,58661,74023,75153
2284112864,58647
1992410610,58628
3941184069,58625,61033
457598033,80492
1253410598,58624
171817964,58608
3651043569,58607,85244
3775238427,58596,92730
2472031820,58593,88930
1454003798,58587
3764913406,58586
2850360093,58585
2684490974,58578
2573336878,65070,92773
2699915952,58571,60799
285208241,58529,59907,63021
2084420012,58509
336031825,58473,66826,74227
2616340238,58448
965687915,58397
2553031707,58369,82261
909398072,58355
2732232357,58348
4146770138,58333
793074721,58318
2398513716,58295,94563
2320331473,58281,78178,94400
3968948615,58280
4273979676,58272
578437393,58270
3998693737,58260
3496977172,89152,91882
1743103489,58257
3760543699,58256
1520554574,63715
2731876708,58255
3331966321,58203
3305865226,58202
1517951696,74811
1691155691,58164
4038069062,58163
2745565316,58145
1674463178,58142
536178220,58141
2972669373,58132
2527506231,58130
3943126442,58129,94582
3199582571,58122
3603461607,58059
3757987015,90753
2193981943,58058,65169,75200
4131535556,58005
2726359386,58004
2320304095,57999
2699515077,66702
3729738097,57969
3547870861,57968
2997906482,57967
778130929,57966
2580620888,57957
4011575285,57956
578854378,88533
2932242765,57945,85167,88569
1531802329,57942
1189867365,57938
1244167186,57933,57953
350078321,79575,80990,96099
1030447273,57862
2584119101,57855
733782277,57849,69596
828141518,57834
99972557,57832,77228
1404397586,57789,83685
1313847722,57783
188560479,57759
1601622938,57753,58010
1656417732,57750
4000905662,57748,71707
1602749209,57715
780369301,57711,63103,67254,78750
4052477218,57696,60863,74819,84591
2204938385,57656
199604914,57655
1422964149,57654,77938,79322
3710543959,57649
1929640134,57633,83932,90517
2878172187,57631,90515
2757131973,94944
1776259876,57530,61574
3461558020,57500,89743
816975133,57485
3312366896,57481
1781009021,57464,58909
3903761957,57443,69975
507820734,57436,58500
2876479955,92718
1928808505,57430,63607,84243,94261
462711623,57427
4054927440,71595
339978205,57424,62625
2510853977,57385
2633784828,57342,81351,94293
2915382333,57333
1305088998,57325,72835,91217
3584670283,57323
1807701783,57321
429769772,57315
3531602869,57314
4270034655,57308
3065234881,57307,91368,91538
707917898,57246
4158091377,57233
3070512827,57224,73660
1759781568,57222
3320883487,57220,81101
1850189230,57213,61399
3496125045,57157
624039620,57150,95061
1325833693,57145
270784992,57108,82102
2105329492,57089,88953
3594171933,57080
3138683597,57074,74753
4195608176,57073,74752
2564178128,57071,74750
3314004097,57028,83247
2647360268,57005
2807184834,56989
3528101730,56988
2159745132,56985
423691719,56965
3153746786,56963
1790804790,69631
939417788,56902,79062
2869877876,56882
1957272975,56881,61355,90605
240262706,56875,71746
2107413178,56874,71745
1450615005,56872
1630852239,56867
2497556150,58976,78148,82347,82825
1991574175,56857
3887711409,56842
2013351860,56840,96716
2096180086,56796
3382782995,56785
3311106426,56766,59825,65818,87857,90578,93389
3425344778,56762,87583,96447
4030782291,56752,56969
530086910,56730,66324
284665915,56726
152598849,56724,57751,68892
3300245519,56708
86448333,56681,74939
2508389486,56667
2325684266,56666
3076740810,57209
930065669,56640
2733704842,56609
422245422,56606,67310
3096435985,56594
2064200046,56558,78305
2451928590,56557,78304,85240,87395
871630794,56537,59206,72754,75977
1860095010,56517,69012
849653838,76979
2978635683,56513
2211522097,56488
1148168141,56484
2989825284,56471,76067,80336
987498877,56443
988512967,56439
2526522174,76825,93825
2732001004,61077
3707729701,56389,67579
2705234197,56297,66630
323728974,56296
3556327698,56289
268122607,56285,83692,84879
780052970,56269
58664229,56265
1913321277,56258
238804336,56257
1566157073,56233
220895297,56227
1557905826,56226
3408092552,56213,96692
1373094180,56201
2082623438,56197
2322232410,56170
401761680,56145
3613976918,56136,56722
2801375298,56135
2539935729,56088
2484739275,56074,65809,73391,74865,83949
2755872234,85257
2418979534,56071,82795
3617568234,56042
157204908,78042,96076
925963189,56041
755570862,56029
2210071748,56026
3643532069,72043
2092076893,56024
2977477090,77397
1250040483,56023
250783565,56014
161368337,56013
3337721844,56012,61067
330373417,56010
2501049999,55986
1199962378,55980
2428665751,55979
3589216880,55978
1118536053,55977
180831690,55951,69483
1776953780,55941,96865
321720342,55932
4121378410,55931,80264,85575,90180,91885
1160596264,55928
3235218864,55911
2919022752,55907
558296585,55904
1483541466,55902,69886
1346542645,55862
2457972884,58045
2172257014,55856,93258
3938291643,76268,89032,95248
2612040236,72463,87343
274724974,55855
2005444721,55845,64669,93437
1228474859,55844
64958392,55832,91547
2691236824,55830
3121323156,55829
240171878,55763,67207
852880496,60150
2518390567,55712,89678
569109796,55711
3449516678,55693
1731807894,55688,83315
3034466460,55687,83314
1790856236,55674
1170827532,90086
3607821886,55643,74037,82109
871638034,55629
963952049,55601,77429,82917,83274
2212283688,55594,60947,85828,87120,88656
4285714518,55588
119966900,55554,58307,60381,65632,90449
3425156709,95038
992971434,59969
1691625173,55514
2308887509,55512
1524290056,55482,59293,84129,88132
1434980029,55471,61501
2967991062,55451
3227565061,55450
2160249467,55444,70460,87231
1100985493,55433,59269,59428
757154573,55432,59268
3408454741,55426
4257638812,55425
1666375734,55424,83292
4198359022,55403
3545820247,55402
2775145731,55401,80687
3787923503,55359,69370
685314559,87975
1401738745,55357,88260
2576042168,55345,60240
2025746436,55341,69437
1498595107,55312
446463919,55300,57423,62624,81257
4037477028,55297,62780,76062
3717421851,55294,85680
1703734036,55293
1495731052,55258,61880,68993
2004093816,55257,59017,61879,68992
2103942803,55256
2932919703,55252
544556237,55240,72153,78223,80123,80631
3167418619,55222
1447948015,55220
2653873025,55216
3797539887,55198,81587
872450112,55196,81585
1737985041,55183
3380714808,55136
2572414041,56410,61244,70047,73282
1119660711,55135
1166063815,55118,84141,86973
575599139,92596
311897021,55110,61166
1957078344,55087,94070
2519824407,55086,94069
822896440,55083,69528,94066,94298
580738481,55061,57658,69531
2614810296,55060,57657,58128,69530,94581
854443508,55045,91718
34171395,55028
1090177150,55026,83224
4044037396,54989
1714617609,54977
2327843851,54943
1948684137,54941
1823746770,54925
2254679387,54919
733843512,54917
2032533588,54914
3205275412,54901,87875
3966694136,54892
1169958551,54890,67591,74520
3553548173,54889,67590,74519
1160184380,54861
1178578566,54858,65722,68979,96902
511440115,54844
3136945815,54810,90073
3251888789,54795
2035456892,54784
2989190704,54756
2604851603,55616,84461
3873651232,54753,60401
3750868418,54747,75589,82808
2211055384,54743,67650
109016523,54742
151596075,54741,93541
3361088552,54740
2481296679,88968
1590074044,54738,59961
3629068535,54736,61138
219811903,54735,61137,75475
1551139451,54710
298231691,54699,71499,85458
2573330216,54688
3601285047,54685
2504540316,69832
2818673471,54678,70468
3502217804,54669
1382617921,54651,67827,84083
3334536334,54636,84810
465353398,54628
206412569,54615,91840
1487941414,54614,76831,80091,85253,91839
2198318943,54583
1655521138,54582
1636542398,54581
2526806092,54617
230740898,54579
785084463,54573
329537637,54570,86616
4157326069,54564
809519002,54558
664611816,62097
4239146231,54491
3341884508,54478,64811,71234,81950
2984025926,54473
2227642019,54470,77378,94050
1321143606,54467,55678,56346,89944
3205652619,54443,63590,71439
879958158,54442,63589
353889272,54393
775436120,72978
4262352716,54392
2345314906,54390
914110654,54387
635487335,54370
4287633915,77343
1354738650,54367
2397005247,54346
211557720,54345
1710724893,54338,79126,86907,90607,92361,92848
111038584,54334
2145996137,54285,77588,88495
892556492,54526,63842,89233
2773780759,54282,55961,91646,96499
182398337,54272
3865902088,76991
2514190851,54271
1182936737,54266
3036421154,54259,87458,90891
594475048,54233
1049194682,54230,80363,95960
2536406261,54158,79406
1607965009,60808
248898710,54151
3627385301,54149,76341
273720884,54135,54427
316317222,54131,72933
2812004146,54089,75696,80170,86165,87833
4026464011,54081,81481
1465698101,54072
2725074489,54062
2774267728,54040,57994,64436,77131,88003
374066440,54029,64275,92582
1204726671,54028,91380
2920298339,54026,77560
1264708846,54024,83964
2445141519,54013,60919,85477
1982626260,72925
205452975,53995,64100
1758344714,53994,64099
1077786425,53971
1369656142,53967,82633
1406588321,53966,75037,82632
2141788219,70165,71916
901071554,53946
466779426,53944,54798
318988510,53943,54797
1547036539,53919,71111
247575642,53917,84997,88400,90622
4188869463,53904,79226
3931242856,53894
4158469256,91910
338440359,53891
231484419,53889,80118,84490
1438299735,53888,80117,84489,92038
257692634,53882
1974809655,53870,84929
595999608,53868
4235247873,53866
3287737412,53855
3860665447,53839
191908799,53831,75871
615872683,53830
1382450638,53826,93730
1626165231,53824
1714954429,53783,59847
1212099554,53779
3003120076,53778,92574
4135887692,53771
111598180,53759
1282898396,79289
149704508,53743,54859,55381
1184715683,53729
2187366981,53681,80288,84573
4175400427,53678,89565,93304
1085103200,77943
1748678951,53658,58775,60165,74631
1390557640,53616
2306021442,57161
2792612799,53611
2016279603,53607
1724222462,53564
580668668,53548
2428373095,53547
2804607073,53544
3087975087,53528
3742827555,53524,64392,82482
2790514802,53517,55989
1416683390,61086,69534
868885573,53511,80629
1997236057,53488
807725260,53484,86071,94085
3153974908,53452,55623,61198,67283,91241
2529128365,53443,55866
785671622,53434,58747,60667
2222971547,53433,62331,71319
3634170644,53432
473571850,84178
1006453807,53430
1257562652,53406
2257808759,53390,64152,81282,89292
1879042736,53389,64151,81281,89291
839487722,53386,91244
2562208625,53383,55310
137102796,75602
1378436669,53371,59866
1397076896,53332
281612193,92338
3306754337,53330
1672438261,53328
2924140026,53306,55841,58516
3316569061,95281
3016065916,53295,71324,77377,84238,94049
1693538462,53267,84742
2300757316,55407,77020,91961
4204663977,53257,69601
2567628299,53207
4294274903,53206
3203083780,53165,78743,80095,81773,91558
3440763554,53162
1040530893,53151
2392791611,71881
170997113,53148,75603,96479
1070956359,53147
3688037107,55910
3763722238,53132
3632001079,53117
3384985498,53114
4038925669,53023,65000
2984548193,53000,73822
986515038,56770,57824,82840
585792744,52955
2217209927,52941
140632542,52931,71169,92099
1873864356,52926,58627,60168
1186218767,52924,87437
1242675791,52923,87436
2696367291,52919
1698908888,52899
2232244176,52896,55387,56030
1312218631,52887
559922379,52886
647493320,52875,65724
785789487,65530
2718602056,52873,53742,55380
90507849,52867
3680580856,52859
3210518180,52856
1759771146,52852,55646,69750,70356,85356
4178427225,52833,88877
629823196,52822
156664186,52815
1799170363,52814
480047184,52785
2088617973,52764
2989320040,52763
1821430800,52737,77970,83530,94335
220906126,52721
3389643011,52715,64858
47681244,52686,92731
1630470970,52672,54441,55019
126319910,52666,79380
1233927558,52663,70388
1328835372,52641
3998697417,52622
3094542286,52618
2236396392,92081
494918303,52616,73053,96183
1150583160,91438,92087
1139010510,52615,96182
707212677,52614
3066210694,52611,54818
2400625532,52608
3303347094,52607
447559720,52593,94046
3522054784,52554,55106,62700
4211238814,52522,96445
3628619065,69983,80545,82906
4180840206,52521,79606,85233,93140
1822242942,52492
3556774964,52477
2002786256,52469,91920
905413949,52466,58306,60380
3245235834,52453
31814427,52428,57910,72425
1821381095,52423,72948
2845620995,52387,61828,95885
1092315700,52385,63942
617822114,95801
3495631565,52382,61266,62116
2956287800,83852
804726429,74629
2550679276,52372
3867723779,52371,56707,76620,79709
825663537,52363,75959,92108
2186491182,52360,64450,66381,71602
3310124859,52285
3742366556,52279
2741413786,52276
2004417433,52257
4294415699,62255
3201700369,52201
3865011100,63546
2821543825,52199
782631016,52190
1792683797,79785
2198626642,52096,79408
3989125917,52094,80516
2801655363,52090
1183766157,67608
1322329353,52067,57489,63564,92237
1968052224,52044,69701
2685430406,52019
2188772446,51995,86768
79418947,51979,53258,69039,79968,81538,85378,91419,92679,95785
3642368104,51972
2722481818,51969
3593775728,51894
2144145000,51876
2944572229,82215,89988,96523
1905168240,51860,67561,68426
1357276358,51850
4018345582,54477,57719,58598,64810,76984,79668,82607,91382,93315
2136246937,51843
817318861,51842
161280935,70704
2595034947,51829
108053318,51818
1322431814,51817,58906,67413
2226334014,51815
3888707524,66949,79673
1886716225,51808,80199,87855
1625867357,51765,70123,81487,88857
3369041092,51757
2301800301,51756
3974500194,51740
2758256477,51739
2194817382,51738
1469217946,53645,69083
667027565,51710,62276,66477,74882,78176,78396,84007
1349226680,51699
867710835,51698
3220544280,51697
728583511,51696
3282343021,73928
3387242664,51694
755825427,51692
1446140776,51691
816120704,51688
23757932,83707
654698810,51675,67987,75443
661649364,51673
3556107736,71470
2610879401,51663,82822
1939355575,51610
672764071,51584,57550,72811
4223470928,51545,64394,82484
1026289907,51526
3668999793,51518,77213,84718,85661,92755
346714247,51507,54571,65816,86617,93387
2247068702,60223,62543,64535
4017735586,51506
3292666267,51480
2010465798,51479,63631,96947
3513017054,51456,68900
3200270403,51453
2581737177,51417
1426443653,51407,64645,92405
1482077742,52444
1994128929,51396,56038
3882843701,51386
3985909588,51358,52816
2478210482,51354
1693538389,51353
1286442234,51346
217230,51319
1046788670,51270,95998
2252210866,51266,62774,85359,86211,92107,92482
513055781,93864
3208274532,76794,84501
1758195770,51237
3227353943,58594
256500386,51226,74834,87096,89487
3075866037,73386
2675838102,51215
1664171489,87048,89957
1717225660,51208,56490
686531205,51206,79007
203101511,51204
3580601983,51197
3979629269,51192
1820215819,51190,58701,62645,69881,70995,88064,90013
4187632697,51188
3156232873,51163
2778838968,51150
60611426,51144
3722967504,51099,74601,95464
2613132412,57491
670907421,51098,95463
4071102216,65623,70195
1315654251,51061
1358596523,51052
4195513528,51028
1357251437,51001,56582
2260632851,50917,58297,85312
1587371136,50837,81552
2035149883,57551,70467,72812
3569889009,50823
212172672,50822
1932013493,50821
814623540,50820
3335205086,50812,52617,53706,96184
1050975290,57437,58501,92825,95262
590332386,50790
598130686,50788
1270230220,50753
2438062078,50730,61431,77679
3071493766,50729,77678,94459
1068711589,50677
2238024412,50639
1688891264,50637
2828561550,78941
169115146,50623,69328
2309893875,50621
3261630191,50606
652581195,50604
3684563149,50598
868355553,50597,54891,62153,74521
3642475478,50596
835497982,50595
1968224012,50594
3499092975,50583,83156
206526495,50581,62957,66986,83154,92085
2715610230,50520,60277,75961,84789
1771537053,50519,60276,92870
2313138234,50508
322045620,50506,86789
102837856,50497
2875994969,50493
535529531,50492
627223628,50485,92122,94949
1598312371,50484,92121,94948
3150254182,50481
3604044899,50477
471649477,50430
3727532415,50415,60463
887666114,50411,60459
1363287803,50363,52408
3781265674,50360
494194648,50345,80622,83825
3329316092,61584,63510,83441
4023237903,50344,80621
1796045120,50322
4193488274,77528
573820524,50313
3106039404,50310,72642
3918062720,50302,69099
57204316,50274
1709572219,50271
667611550,50270
1251860197,50268
1441945774,50264
1496914782,50261
1277088753,50247,55531,59963,61440,63953,69128,70277,78493,79075,82283,88143
834783108,50231,63138,65813,69000
2571393850,50211,53282,56848
1740541704,50210
687867645,50201,61290
3573372366,50190
2969584827,50183
75845234,50140,67324,80591,86958
2216201858,50115,51399,61261,69890,73760
1203622196,50097,55692
4039849352,80391,86223
2289704634,50096
1758534028,66668
375448051,50092,58706,62745,82666
1004709207,50091,82665
2899166309,73618
4243985390,50080,82388,89068,89726
3585369937,58159,87026
2220851634,50069
897848371,50065,76399,86890
3247271868,50061,77188,84847
1363117831,50044,71559
3932640348,50039
3840918850,50028,59682,87990
3598555713,50017
1488108375,49972,57780
1395043704,49971,57779
643295455,49964
2096255843,49961,51187,62008
2436061359,49946
4136927035,49944
1403590705,49934,81094,81440,84558
2823366168,49908,75082,88764,96700
1109915707,49860
1239764589,49839
2702850881,49829
4126412777,49807,88056
585353747,49795
4109832109,49794
3455266580,50622
252445683,49787
1597598910,49786
1908776167,49771
224820092,49766,71631
846566358,49762
1768934536,49752,49797,61841,70048
2345488504,49749
3217352786,49742
4225302948,64924
2805415944,49741,54408,61749
2913791825,49724
3865772235,62522
1863960955,49723
1582543742,49720
3524043718,49714
2760392233,49693
3090377422,49690
2137719761,49669,71047
25938689,49668,71046
3620182164,49656,52424,71145,72949
3763926583,49645,75210,77724,88885
3806994342,49617,71192
2893036588,49613,71082,71137
4169067438,49567,71560
3579462236,49550
3356564386,49542,58139,63473
1756025208,49539,95226
887014143,49531,55259,61881
3553250681,49515
779213819,49467,96615
3742275630,49449,61388
3669887942,81047
342956803,49441
1629468955,49438
1352877135,49425
2700563148,49421
3391080527,49406
1293693203,49394
575555507,49369
2481644742,92987
756496948,49356,63117
3432609585,49353,51034
986682143,49352,63050,74100,81025
4234305073,49346,56887,58863
2243188780,49323,81735
3967955148,78602
764619911,49320,54379,94286
2988045346,49316,49945,58842
635685657,49315
2271643136,49308
699103121,49295,54051,67886
2943513032,95555
2107761966,49281
2764607985,49272,55715,72658
4156033415,49268
1935873233,49237,86137
194164428,49210
2064786440,49209
2080191437,49182,77747
606864278,49153
1808276737,92889
855744774,49145,51096,91931
502289398,49143,91929
3831513054,63286,71235
1437363222,55981
3928131823,49119,62193
1528926741,49113
2489795960,49111,96586
3246008029,49093
1477407368,49064
2247926991,49041,54499,96181
1264828818,49025,69875,71017
3920224401,49001,66807,93299
2672691911,48982,86886
2379009646,48981
495547235,59817
738341432,48973
1308135873,48972
4139667233,48967,56094
3430318531,48964
4024351449,81419
4086535155,48935
2798358471,48921,85509
1855737312,48891,49873,66288
3261385644,48875
293843187,48865,49155
2075950630,48864,49154,62442
138331059,80647
3842221984,48851,71721
2880118740,48843
2391408260,48834
3642252964,48832,79509
3139882262,48830
2800041018,48828,52894,84565,96531,96597
1782356137,48797
3780915168,52296
121463219,48796,57519
1842109596,48786,52234,59175,67371
1232996621,48779
2699130621,48778
1017363418,48754,69985
3382508551,48717
2433298245,48696
2034633759,48675
2052005647,48664
2636711647,48605,77172,95451
2372339275,48590,92160
3972163938,48588
1260126133,48587,91596
356973558,68703,86638
2965706038,48586,91595
3634357767,48584
1551946787,48568,67900
3809927441,70600
1267647689,48565,93768
3213461352,48564,91015,93767
4018650159,48563,53605,93766
2833672698,48554,60771,68511
2922946634,60730
4151319139,48552
1452614398,48531,95427
2612469781,53331
1390655111,48530
2740283175,48529,82169
164869554,48528,82168
4033103509,48498
1473187785,48488
3909463126,56516
466522600,48487,80402
2521964267,50468
3488023372,48486,80401
3455336201,48484,57364,66130,66833,78404,94632
818517146,48472
2941176944,66349
3418278728,48429,54676
846180364,48428
1042848639,48426
3300572814,48425,50702,55513,79897,85805,87789,88210
2448674609,92460
1112290704,48422,79090,82736,83739,90984,91476,91764
2209700055,48421,63372,79089,83738,90983,91763
3751600384,48420,63371,83737,91762
2473608397,48412,54059,56266
1949700329,48349,54799
3422276928,81716
4245298079,48348,59668,71436,72565
3590457253,59405
334787921,48321,67061,81450,87290,93292
2168698494,48281
2956309657,48271,54705,80912
162072238,48262
3663737557,48258
349498225,48244,56095
3570755122,48211
1847449137,48210,89004
2073247807,48202,88724
2959209843,48200
2774444228,48158
3228841978,48149
1688544521,48144
3759688534,48141
3261343045,48138
4093358890,75922
3241869020,71940
2640116937,48136,65319,87776
64086096,48134
3476623782,48116,79859,95640
3990889486,48115,86353,95159
3928186423,48101,48256,55798,59400
887648154,48054
2457796794,48048,49523
4192395170,48046
3150680659,48044,58720
3428964135,48038
2140145086,48036,68188,91995
242308122,48021,86864
4095715489,48004
3633164903,48003
4037357169,48000,78839,91363
552178558,47975,49322,81734
2269621902,47953
3836022260,72961
380223234,47949,73606
2088002918,47945,69640
2781378612,47943,78135
1557262281,47906,72919,74454
586900370,47859,85298,92573
1594829957,47848
4055266629,47843,69117,74320
1489991363,47842
2853396695,47820
2130527044,47813
1155422054,47804
4284720604,47801,50342
232979143,56721
3306674983,47800,50341
2923270335,47792
1693193863,84950,96818
3060823923,47791,62061
1071745713,47781
114745858,47767,86795
1136672770,47763
1598596344,47761,48908,49374,51450
189009434,56447
2915474340,47730,81517
460849061,47701
4099498573,84619
1799241508,47691,70685,88529
4158629080,47672,83456
1129613427,81373
3704528052,55470,61500
3108150822,47671,72220
242702568,65333
158787997,47659,65863,73131,84054,93101
2453581674,47656
656074302,47654,72863,95935
3271001948,63689
3050092918,47648
4242856817,47643,69943
865906698,47642
1825373925,47578
975639632,47576
3958344128,47571,48938
3483206456,47568
1769886150,47563,75072,94407
1021148201,47555,80963
3005836347,47494,54536
111478391,47481,49029
520701289,47475,83344
3813095629,47471,48946
3694518700,47464
2170513302,47407,67926,72286,73125,87027
4001432413,47406
3938489638,51032,79008
2800923860,47403
2088822637,47393
3878765452,69931
2167427687,47392,67504,71356
3025766327,61968
485415350,47387,67208
1087098827,60055
1241015072,47363
2584081593,47349
3271503257,47343
1779391578,47334,47705
4272934184,47331
875609760,47302
3922505609,47297,47493,62233
380497029,79413,83983,95808
2751064372,47287,47308
3477999826,47263,64208,71799,84813,88540
1802038398,58702,90014
3809867456,47255,73215
2428152,47244,77929
3873314794,55134
1506502133,54634
1770512855,47237
2330263357,47231,47595
901494901,47230,47594,75787
2266717211,54538
375051842,47229,47593
3464104206,47220
2084086412,47217,71943,90146
3074545686,47214
4279258909,47208,73061
3007506736,47199
970540709,47189,73656
4228641544,47170,53834,85171,89629
2517400425,47166
1915856827,47165
2637638879,47163,55452
4291323919,47152
1026456841,96014
4272508015,47130
86999454,47113
1012138744,47112,68801
879296420,47103,73266
1174479967,47085,47107
3075024672,47073,68868
3082474280,57465,58910
2688284104,47033
3444640534,46987,47487,55022,89406
2722389145,46984
4063335652,68977,69432
3083157914,50806,71841
2120879208,46981
3046531003,46979
1886959955,46977,63532
420118808,46975
556584473,46972
2496107799,46968,51342,54561,65332
1599899853,46959
2676678829,60289
261312472,46958
2852806213,46947,48872
779518766,46927
2885029439,46925
669992784,46901,73569
506192431,46892,87306
967168273,95433
1467646810,46875
3106410324,46811,58917,70727,95542
2702113447,94374
196068948,46795
4054528929,46794,61784
1695987919,46793
1576734948,63816,89030
4111531053,48285,91458
1642107562,46792
2906591996,46788,73440
1428766006,46735
1981254737,46711,53647
512224812,46705,69413
940423590,76122,88933
889761100,46696,61415,80482,90996
977160953,72405,74114
3075385266,46670
2291291541,46666
2404761394,46664
2049347243,46644,67655,68621
2442692015,46615,55709,58568,70670,83715,95702
460242627,46614
3804544847,90360
2183010846,46603
876823337,46599
2678298232,67949
2497996345,46578
4219534966,46575,65046,84953
2010785748,69318,71831
1899739742,46574
632435024,67422
1685263287,66799
1326819741,46573
3534429717,46569,84315,85132
122967074,46568
4199141028,46566,76833,80093,85255
1418547929,46565,76832,80092,85254
3431178990,46563,84979
3862930008,46535
865832104,81509
840320840,49002,64542,66808,81432
1437649599,46525,47258
1960340114,46503
368092475,46502,96013
3483810078,46496
2759107831,46494
3119184835,46492
1289593873,46491,68410
136702239,46477,57011
320026440,50259
984990909,46474
1767291485,56059,86331
584463787,46472,88610
3987980249,46469,78022
67141240,46608
1426104671,46449,49158,57095,58977,59705,63538,69830,73056
3504061989,46429
4073502033,46426,50552,51746,86032
3488972701,46423
2375128509,46422
1596092156,46421,60287
2022719343,46391
3125072955,46381,52343,70550,72760
4225432197,46373,72735
1211744254,46369
2034855769,50811,53705
991465645,46350
1425433923,46347,66347
2843203743,46343
2024248275,46323,49140,63531,66076,85076,87452
1572873467,54178
1730775847,46307,74646,77765,93188,95194,95557
3459950509,46305
2204548602,46283,84916
530515705,46281,96713
3696482490,46279,53483,54909,81776,86070
3006233098,69593
529505979,46267
1721309173,46254,47997,57441,80925,85762,96206
1315712693,87666
2912789827,61783,65896,70074
3493351102,47270
1199497570,46248,75309
1563870618,46247,70520,70931,73340,75308
2811179660,46233
2211133834,46208,90378
4201391033,46206,56298,66631,90376,93300
161759087,68673
1387148420,46204
1785269373,46188,70350
1041148687,46178,59802,62293,89240
2164403493,46174,54670,59274
4197589741,75217,84294
938011425,46173,48795,73846
597142160,46172,65187,69678
3339004852,46149
849753123,46143
1677540164,46129
3152639342,46114
2304855130,46112,48034,91993
3196189479,48562,72354,74416,80706
3221443573,46080
3698326351,46059
479241458,46039
410007478,77468
1660316584,45989,95150
2843769489,65897
4212916852,45975,83037
1250495165,45974,83036,83226
4168196112,45928,60547
2272433779,48874,62409,74275
3471077432,45926
445480455,45913,60911,85984
3524517126,45865,95606
1026892481,45864,95605
766276797,45844
2193159279,45827,77447,78982,92451
976619853,45826
1860881425,45825
1289971172,45808,49782
382329246,45745
3913950221,45721,75956
2790765817,45720,75955,77992
1386703918,45715
31096900,45664,79263
812126123,45663,69428,79262
3864163107,69948,75268
249535889,45657
2752942146,45649
2784514908,63712,84653
801888510,45640,53194
2890446196,72955
1810255045,45638
4258176771,45637,58144
3310269037,45636
1884407275,45635,64204
3177970361,45624,64775,94583
2084031305,45620,73727,74444
1374553440,45581,54787,62793,64136,84043
2171309447,45571,61928,78808
58631091,45557
1439266618,45556
1992789151,92505
2251887926,45555
235902192,45554
876672188,53518,55990
1773063940,45522
1991619778,74298
2701228959,58807
3418553240,45519
4228328581,45510
4290639642,45495
90183131,45494
945778200,45493
2177896736,70274,94568
1788875677,68954
3952241151,45492
2993313412,45491
3857261153,45484
3843476746,45483
864621692,45482,61782
2894029095,45468
2045924379,72285
708023171,45466
237659437,78877
776404870,45456
1549951793,81460
3203606327,45452
933177234,45445
4072032674,45422
50362239,45410
2839099585,45404,62491
3933832964,45402
1378787891,45401
3080070656,45393,45446,73172,94773
3526338953,45366
2177449114,45356,51916
3509519660,45355
2575607448,80393
1897167271,45342
2710892429,45303
2759119790,45288,47344
1543627770,45274
1672652520,45273
3569820272,45272
1385726283,45270,77673,88873
693622870,45268,59220,64404,69132,77671,81410
4227497719,45249,45835,89778
954072961,45177
2418936258,69330
1064781906,45175
1710475869,45167
2192646017,95202
2195912076,45166
3640546574,52640
1853395093,45162,55755,59158
730053932,45154
3136803762,45152
2650613481,45151
897715405,45150
3135469124,45146
3361760211,45141,49436,71303,72422
3632496915,47484
1907580574,45138
1942034568,45116,51911,58366
2668639780,45095
2844737792,87845
204141949,45080,70590
1719338759,45076,51636,78423
3739039111,45066,53827
259618830,45065
1874527328,45056
3080871995,45055
741877607,45051,51965,80948
1163801094,73848
1026240861,45050,51964,83184
2124782310,45049,51963,83183
3030675298,58143
2728757718,45048,58965
3065119644,45047,58964
3931532002,45045,72353
1554914419,45044,75155
1925027376,62103
2488692582,45973,55027,77989,83035,83135,83225,85865,87974,90171,92716
1592840887,45041
1710563702,80803,86162
4063000560,45004,49351
2360530909,47162
2511155378,45003,46165,57600,62355
692138660,44999
1598007572,44950,66183,80642
1810426047,95550
952095455,77102,77919,79153,88794
1445784704,44938
753898773,69349
1051418746,44937
3877731169,44936
3175967392,44903,72689,83318
2788988014,76784,89436,92656
1016520940,44902,81649
987148836,44894
1435086355,44864,53491,59835,60262,60455,60965,61464,70319,71252
634698437,87823
2723973234,70751,71905,74634,94770
171560984,44849
3876653870,44846,95143
538482928,44845,94722,95142
2264999658,64316,69050
2246586286,44838,59607
3875033878,44837,53442,57252
2381741307,44836,53441,54563,57251
3972980406,44835,57250,58094
3069870612,44811
681590609,44793,58746,59819,60666,61869,73205,91069
1901457328,44792
462251040,51732
514533701,44759
4256373751,44755,77393
577078169,87516
828153240,44744,67361
3788264860,44743,73010,74184
370194774,44707,61315
3071004151,44683
2177448119,44680
4140765320,44674,56278
3202461782,44663,46312,54109,63338,73675,75552,78227,85751,90487
3939924064,91736
2459936431,44658,62731,66160
3713919695,60130,64272,75624,96717
3696817890,54796
857841109,44651,61962
1145459806,44650
1710785565,44640,62368
2072495917,44630
682634137,44620,63732
1797739959,85331
2551968135,44592,56851,70572
3821781649,63476,92444
3015013642,44573,52421,52898,82300
1910704367,52368
1619716512,44572,48931,52897,56031,82299,90648
1399716230,44537,89052,91292
3816139667,45137
2980182865,44532,70834
4274531611,54616,80950
2055900304,44531,70833,71886
583503968,44517,93999
1477102526,44516,89540,93998
3717204624,44511,60899,89838
100961825,44502
760595554,46508,70009,78061
2156977220,44501,57650,65921
1831706971,44498
1551103160,44496,83581
2032169333,66298,68818
472150396,44495,82515,87251,95324
1886763290,44492
899555847,44488,45285,52217,79294,95409,95546
2904011644,44481,81548
3267075820,44480,46558,73962
2179059348,44478,77206,77902,82369
2568023872,51807
4236054209,44471
24941987,44468
3129433485,44452,51224,74832
3033698749,44429
3490443619,90177
118893485,44423,62799,66245
4251425101,44395,52426
1648071424,44392
3530642294,44389
1503403610,61341
60551325,44388,95517
3335629703,96404
2191866128,44387,64631
3168135032,44386,64630
4079558763,44385
3256051597,44353,47716,56914
2786854925,44340,50185,56091
3283711080,44325,78953
1950059006,44321
804037382,44312
3847672760,44273,73111
2971919729,85374
2092681216,50244
2281881185,44272
2308313030,44257
2828135406,44226
2956768418,61030,87619,90751
1347501426,44216,72033
2389650600,44205,75455
2510596988,44204,66180,75454
665253332,44203,66179,76350,78670,84230,90831
2524227653,44195,96158
717297467,44193
358754005,44180
3030666952,44178,64205,69503,73329,76090
3333183371,44177
3926886422,44176
955084384,44167,71315
145022508,44166,71314
2913408867,44152
203748232,44151,49417,69916
1502712596,44137,69517
4022358816,44131
719624812,44123,67305,67553
543001245,44105,49468
1183493695,44102
4234191236,44100
3390583581,44088,55459,75731
2754428477,44078,63690,69716,79177
3916666326,44067
2221470776,62796
1948279085,44045
196713974,44027,91934
368240964,44011,58682,68301,86951,88099
2874177684,44009
3098444205,44002
1017446708,72176
807904592,43991
601698008,77899,84356
3587261689,59240,63290
222012220,48471
1235082001,43989
3525174125,56890,77618
2559835096,43987,81843
3557693299,43985
2116307503,82038
3466681456,43972
1818865741,43965,93816
2590492486,62237
3254479709,43959
691596008,43935
3033445712,43914
4226683025,43913
1765536612,43904
3426536855,43903
2670104106,87397
3722983803,43896
2921683153,43881,64113,86253
4056580801,77068,78981,86513
28167053,43878
2749476261,43854,80209
1710615095,43849
390180674,43848
2943786016,43809,53626
3660098336,43799,50603,75664
2123690109,43777,60326,79823,86050
3490638042,43767,84862
2631145171,43759
3645390338,43758
847079718,43755,96244
2808273956,43741,64373,66741
4285312400,43733
836658467,43732,63910,65575
536115903,43701
2399574977,43660,93448
2535323816,43645,55814,59036,83864,86531,91869,93502
2803321133,43642,45981,61369,82403
1390548929,43633
3860365421,58629
2873166942,43632,61603,89441,89696,94082
4176989890,43628,83657,91850,92934
232122657,43626,65741,81687
2413856917,43611,62338
1823719267,43587
4117846669,43573
1142759645,43569,65420,92976
3078564329,43567,95003
423542837,43566
2126620210,52760
3790973016,43563,49832,52767,72587
3924666707,43562,64929
1452286207,43560,48780,64927,87466
815810293,43559,64926,87465,88493
1657423616,43558
3281993694,43557
2630650102,43536
3572747688,43522,47424,66274
3005319546,43517,84170
702060788,43501
157659792,43500
607769684,43499,96324
1014274322,43498,63572,75241,96323
1614782688,43486,60531
773878007,43471
3285447589,43449
3739335148,50798,55170,71965,75870,89604
2519243517,43411,49806,73902
1676488281,80298
639141652,49912
2230715348,43410,49805,61776,64606,89574
1285695073,43399,74032
1974834158,56684,75482,75512,77569,89723
3159462046,43397,45713,72005
2694237117,43367,48240,53184,55677
259012547,43347,50283,65154,77687
61285353,46241
1258283118,43346,50282,65153,77686
2440707623,90111
4063836078,43332
3236626132,43324
2955752910,43319,48379,56260,69895,71353,72369,78794,85962
1139863979,43307,50324,71869
3038855232,43292,50203
2923317962,47325,57399
147142095,43291,51429,51801,57676,57803,66015
4016240473,43290
3075655682,43289
1949892236,43231,68367
3393463529,49558,56238,58382,60487,87562,91859,91918
188971027,43223
2710266051,43202,88918
886198786,43201,56470
2063663409,73737
3877303400,43199,50128,56468
808828324,55423,83291
1047584952,43152
605150804,43151,72966
4192136935,43104,50787
3817988249,43103
2615219137,43102
2634655712,43066
3948593426,43065
1412424833,43048,64920
1088629558,43034
3629565563,42976,57363,66505,78403
3191563785,42969
3422434675,42968
407958727,42961
3180903886,42957,62706
1267248823,42937,68927
3017370463,42897,65925
471390268,42882,76046
696910776,42868,45391,52757,58084,59314,61288,82683
575094914,70480
855950271,42856,65940
3601433075,42843
505003090,42816
3787489524,42804
4081118536,42789
4127213520,42786
1344306829,59626
1652422206,42783,83202
1988149073,42754,78891
2149914532,92070
1771951783,42751,93983,95200
2272934351,58916
1295096860,42746,42795,77879
1700031232,42730
1909740782,42722
2460754173,42718
580905256,42717,44215,53872,66766,72032,76927,83039
24806633,42692
3564062339,42681,68601
2120870782,58195,59935,69081
2925349976,42679
2356871866,42677,77432,77805
3970833047,42675,43310,68302,88100,94757
159524504,42669,90922
583964273,42660
2439213177,42654
607300626,46339
3622850329,42625,48637,69261
2535052691,42624
3661502219,75193
3990911272,42623
2269901100,75755
2392391171,42622,63146,70519,73339
1838899701,42568,42860
1826473960,71836
3280590291,42559,64763
401849561,42558,64762,68889
2278844923,42556,53474
655536615,72900
1273413257,70889
606417145,42555,81879
1853407288,42554,81878
2146927672,42536
2726435239,42535,58151
3666876554,42525
1810207387,42523,67086
492650487,42486,69543,82690,84510
3360335324,42480
2796961531,42454
1442403924,42453
1081898000,42452
2281169455,42433
2328507684,65244
16935139,42404,56413
3874574957,42403,44001,56412,64431
521832996,42402,45267,51659,59219
1719483348,42396,53670,54329,58335,69508,73640,80287,86663,91352,93235,94468
1998679196,42378
2851205138,42377
2719229506,42360,70469
62374901,42359,77858
1353206609,66277
875024711,42342
2057332337,52698,70940
3281692990,42326,92359
2197367584,42318
1380120015,42292,63799
3998707962,42290,67024
2814104019,76907
1426723303,42220
3336373119,74719
3337247497,42216,80799,83432
3905207704,42215,63242,72839,80798,82742,83431,85942,92529
1497431310,42209,49938
1171806378,43520
2618387628,42194,48644
644774067,42193
1999248134,42184,63668
3885949357,44648,92971
2678304754,42180,49569,70792
3271462147,58794
1753001882,42178,70790
1185042659,85914
4293893638,42166,45655,67628
2627342384,42165,45654
1374565261,42156
762886785,42155
3666020899,45523
3949936579,42153
1665270764,42152
1457060243,92964,95187
4294416853,42151
173316355,42143,62972
1907638146,42133
1786234528,42132
1502862537,74084
2005012679,49401,70124
3102562805,42130
809639015,42108
1291831832,82870
1276607368,42080
3827101219,78051
1390698356,42069
4083936082,42068
2407495703,42066,93086
2722895692,42063
2209259765,42061,59677,60823,78392
3565347135,42060
2928959212,80247
743657137,42039,67865
2115438217,62615
3773721811,42025,67417,90178
3679319390,42024
1213830680,41996,82148
3233445117,41995
4112138089,46368
1017560045,41974,68903
3538113319,41943,88615
3344730844,41925,74209,95778
3217761440,41923,43907,71692
2458476381,41883,63024,66066
4156321792,80535
197369661,42356,66227
682263696,41880
3482785141,62062
1478762199,41877,72837,83429,86311,95928
181193460,41865
562743187,41805
2004847422,46542
881451711,41778
1273535059,41749,60986
2827136082,41748
1363906612,41710
685747102,41709
2599667943,41697
80176536,83209
3347367084,41681
4120638624,41674
3915642263,41673,66064,66550,90341,91023
1825673941,41672,66549,90340,91022
2295729893,41660
584522585,41637
826037312,41634,46655
153386011,41633,71423
2440865107,41631,49178,93488
1388216943,41608,55384
3841174012,41596,48729
3100512386,91666
4253945553,41592
1659233133,41581,75627
3628055238,41579
640266908,41671,66548,91021
882083859,41557,42309
2857162267,41543,52644
2384640533,41542,49831,52766
1698324519,41539,68800
2362738635,62207
600738380,41533
3767098416,41489,51806,52650,78933
1934441037,41481
2030226028,41479,55515
150225427,41478,69603,86982
3504506068,41473
1949917130,56841,85863
2526492270,41437
2288316700,41427,42871
3367020634,41409
1021694857,41407
1887614026,41406,76319
939444409,41405,76318
880616132,41388,43776,65917,79745,79822,86049,86248,90333
1315294271,41385
3426883978,41382
2002020436,76104
2250138052,41381
773454725,41380
2138919507,41368
2904863843,57149,95060
78076920,41339,56004
1355512083,41316,42527
2613273784,69255,92397
1710067027,41315,42526
1197897035,41314,60305
1908445883,41309
2753168726,41292,70375
2016209643,41255
605479669,41248
3682993956,41247
130670992,41216
3026979164,41215,65880
2417234030,41207,90635
2960442479,41197,63105
216191356,41193
764117114,41182,43316,62769,64827,68507
3952606750,41173,47299,83774,86985,94158
2931820399,41167
1479478081,41166,83537
3163285935,41165,53828,83536
50841154,41164
3347676497,41163
1504308758,41155,60285,82410,85572
750223952,46470
2291160875,41142,63801
1036145186,41123,49120,49282,51839,62194
3776644837,41095
29897705,49715
3612584409,41094
2507257138,41077,41946,44542,90529
2834265254,49975,53977,74549
1700762762,41076,41945,90528
1078969327,41075,41944
1659260568,41073,94024
1787614427,66577
136634461,41016,48058
1304660072,41012,48354
4061949721,40986,93057
1361565806,47236,75433
2112065017,40979
1485642678,40975,49198,71742
2137972461,40965
495519418,40953,47780,67901
3383520259,43133,45191,63360,95119
3884050230,40917
3890168415,40916,96337
3809854322,40902
696975024,40899,68159,72457
1959555496,75758
1982263607,40898,48749,49437
1507325677,58268,78001
776191367,40863
839498558,40862
1561983627,40826
4051659006,40808,93355
816346342,40804
3589485889,40792,47154,84375
178082099,40785
668767344,40769,41519
3149638697,60822
827830786,40758,87334
1489709936,40750,78709,79848,95122,95705
4212113686,40739
470399824,63936,76893
1694451873,40734,52484,59988,60755,63266,68698,85384,86138
66689486,40728
3958114713,47964
3139131131,40727,64632
3848358847,90436
3402786105,40724
946880593,40723,44935,59459
92067945,73859
6327467,40719
1091062051,40674,82345,86611
2619636232,40673,75587,82344,86610
1507977653,40651,40901,62320,68161,71635,96975
2516908396,40648,55903
1898992906,40643,50252,59131,71605
3931588596,40615,47267,72544,81367
3644416931,40607,58414
2770831433,40587,72916
1708101469,45069,86731
2446976596,40578,54236,62469,78575
4052466184,77319
1048746301,40556,58834
3069132241,40553
148851700,40501
615008249,40454,57468
4039053791,40425,52602,54987,68642,94751
1330390928,48045,55891
4025403943,40424,52601,68641
2768351697,40396,65850
875168998,40395,65849,77076
4031146492,40363,85392,91601
2461649453,40357,63276
2112931401,75267
1450924387,51978
2491151320,40351,40590,72260,72871
401906693,69364
3454591744,40350,40586,40589,47905,72259,72915,72918,74453
544278350,40345,45038,91371
1376295839,40319,56021
1906548822,83722
627025204,40312
1469946844,40285,41683,43610,62337,72980,78004
2994693912,42829
449456705,40284
2252585477,51579,89545
138725228,40248,58089
3320134059,40247
996133626,40245,61617,86570
4121825183,47034
1632008111,40222
1653847482,88822
3341036984,40211
219440761,40208
209393095,88488
2280665992,40178,48651
53199655,72631,81800
2506164266,40175,68822,70629
2008803139,40147
228177493,40131,45587,60983
742989617,40129
3998071444,40128,56446
542770381,40127,56445
1208579299,40119,43581,63185
1022764538,67652,91166
2574708337,40118,43580,90749
390510920,68450,76464
2930887614,62083,73460
3479739828,40084,40577,45614,49917,51868,54235,62468,64330,65272,77691,78574
2451842877,40083
142972869,40079,49277
1900912997,40054,55808,88895
1790044248,40044
2966723019,92123
2160546503,61314
2637159664,40043,43516,84169
1939874408,40039
2643523971,40037
58617075,92133
3272702018,40033,61791
743839003,63848,77591,94726
1352457525,40031,89219
563403216,39967
1783029372,45570,71203,79255,95366
2823204871,39965
3473747808,39963
2837090032,39935
1479797345,69263
3227961854,39880,77819
4274189071,70959,73066
2407752079,69226
3622803178,45656
1599826807,39878,95156
2174041871,39873,82696
2206196177,39848,43897
2414771583,47399,57846
3739274234,39836
906903905,39834,68554
2831848583,39833
1902058435,39831
2737790977,39827,89369
248421445,39812,44891,48512
1113543409,76235
687978493,39796,57331,76170,84722
3912323689,39795,57330,84721
2268128266,39777,77071
3216577180,39747
3843675771,39746
1139806896,39742,77410
1423611031,39725
1353314389,39724
3063711332,39719
598694078,39717,57211
2473168513,39696,67783,74496
3540047660,39687,81159
170687373,72326
4012189965,39661,62322,65299,96977
660047499,39657
2804622071,39647,42469
1714882955,58612
4115590622,55833
176800619,39646,42468
3905957907,39643,58001
1384330867,39608,88803
2830217781,39596
2926854094,39595,92419
3679572336,51782
2834820320,39594
3829971590,77762
3116196255,39593
859991700,39590,63713,93564
1622108393,39581,69693
2957665492,39580,40642,50251,59130,69692,71604
1685294589,39579
874029619,39575
869159502,56821
2090408398,39560,45113,58363,85540
559729615,39547,55779,72216
3372364581,39545,55777
475750816,39543,55775,71818
2694575303,39515,79646
3108755058,39502,58589
3927090581,39500
1041442924,39496,47589
668682744,39494,40102,52995
3445135705,39493,50148
2880763925,39483,72465,86955
3392826154,39479,51825,58165,59694,81837
4029957813,39478
433483508,39477,68201
1468371074,39463
261109176,39462,58354
1798749118,39460
2804734327,88074
3520644173,52818
3732577970,39458,44939
1875785341,39455
407802991,39454,74971,90988
426682348,91418
2681960380,61217,75784
2336992542,39446,76897,79211
1536406832,84350
4140355950,39444
3337496046,39443
3282987940,62223
2981816153,39442
2964488375,92670
1479177323,39426,40179,48652,55768,89089
2997204504,39424,64489,75225
2754238208,39394
2480883215,39389,55908,64880,78865,83005,83629,93680,96454
3942260715,39388,64879,78864,83628,93679
2744074559,39383
4034051085,39377,71128,78196
3867805991,39369
4101516303,39354,51394,63459,67877,69029,78527,84299
2960345587,39353,69028,84773,85157,88347
4276421122,39352
3852940651,39346
3395006190,39345,55906,62433
2863979137,67649
4219265037,39344,55905
3812561207,53485,56451,86072,94086
1773254541,39343
4740497,39342
2941208535,39309,90050,94429,95965
3764774669,39306
128452245,84177
110501779,58902,62013,87873
2063193589,39282,57922
2526798749,39281,55797,67805,86798
47186043,39272
3077440628,56151,71336,83568,86603,90478
815501893,39270
949460857,73463,73847
3535305207,39195,42591,49431,49696,70592,71248,73877,83720
848132267,75139
39692655,39180
1362698161,39179
4167412230,95483
2508074239,89331
213629216,39160,46351
939785849,39158,40812,76036,87910
3588698933,94719
4218328244,39118,39133,44457,45306,59068,68480,73479,77362,92489
1095085401,39098
1401129172,39078
3823722842,39052,88790
2539715318,39035,39102
287342617,39034,39101
2992584095,39026
2565702055,39010,49498,71867,96914
3787101016,39002
1091964438,39001
4033672901,38993,57351
422294659,38984
2619138352,62524,62558,91913
1565538579,38980,45724,58155,58206,58478,68688
1512945432,38975,41830,47094
811530381,38955
2654722874,38954,59418,60288
2619670855,38953
157179158,38952
481220127,38951
51481903,38950,68540
3708902463,38949,68539
3566382382,38931,47963,75688
1217527991,54284,57739,77587
1765068638,38929,47549,55249,57708,63100,69574,75686,77834
3341416343,38919
3983348787,38918,68205
1110966338,55892
1591257030,38917,46060,56075,69495,74866
2692668682,38915,65706,77360
2452852423,38913,43533,63125,73558
2252588983,38906,44503
4116389158,38905
3443815628,38901,69259
1882741503,38895,44642,62370,64778,68024
1821969699,38894,44641,62369
39050059,38884
4026122571,38883
3844578843,38875,42435,74092,74362
2083696847,86855
1257692524,38873,59948,74090,74360
2337853387,38854
724089562,38853
2987809341,38851,80235
3768148366,38850
2702861884,38849
4004311463,38835,59806
1364399094,38830,64294,70865
3057908104,38829,70864
3537088777,38828,70863
2767736622,38826
2991132751,38819,72085
815164170,49274
628047278,38818
152027249,38816,42271
195657555,38805,43877,83958
2437035615,38797,54320,55161
1163372728,84068
170259339,75783,77433,81835
1323281034,38785,52636
3446536635,38784,52635
1301504142,38783,45527,47790,52634,55877,72742
41972180,38732,85949
2892131981,38724
1071747100,38709,45461,51811,81401,87642,90618
1427830168,38700,66451
3233412567,38688
2823603818,38684
2035243036,38682,71088
1867796934,38667,74223
977711185,41680
4074320872,38629,45084,48767,51879
3827649694,38628,45083,48766,51878,60061
1356495030,38582,92090
1495063183,38581
1274160870,38576
3357263080,38572,51352,88028
333448474,38569,46072,96845
3422921899,38522,39402,52066,75327
1716127109,38520
3730115079,38463,51874
3452364505,38418,68247
2723663299,38412,85418
2786363953,38402,55336
3166806482,38400
2989038131,38399,79685
2745703486,38385
3530398045,38376,45324
286537367,38375,45323
1436187291,38372
2067639103,38360,53698,56504
1982040349,38357
4049985570,38353
4231950783,38348
763461458,38347
655858457,38346
1793023306,38345
3387547567,38338
125120008,38325,80285,93233
468618144,38316
3843562620,38315
2945736760,38313
2226371842,38312
1303008037,38303
1439105540,38295
737624804,92585
2631090363,38291,90287
3934051468,60684,87669
486533316,38283,67624,87745
2401739340,81858
975037331,38279,39080,88156
2392603696,38276,41490,59222
81908577,78358
1707865902,38250
537061515,38248
1857530503,38247
3240545895,51683
4282341565,38231,40369,61063,61908
3003407920,38219
3643147003,38218,38411,85417
193385434,79840
3910392029,58152
3801351949,38215
1933600257,38189,60743,92555
736956418,38187,44191,86264
1025000515,38179,63353
3604720707,72628
3196180445,38169,88654
829043653,38160,56438,60506,71420
3168870879,38153,72472
1261224656,38128,52050,65057,86314,95931
3713180711,38127
3255487907,38118,61788,83829
1190726849,38089
3509581531,38088
748699740,38085
2017737288,42560
2214189451,38084,39529
1983029209,86267
3304754424,38082
2774429180,96758
2457878627,38076
2948328139,38073
1076815508,38072,93638
4150094918,38069,40076,65894,70072,83162,87213
1999507023,38064,93055
3886678350,38045
1759381077,38036,46791
1476015770,38024
8823028,38021,77915,89324
1199815119,37997,58279
2090249995,62266
3517594929,37994,58796
548559505,70428
2823228155,37989
3848298132,37976,79661,87699
3227376911,37973,49704,52301,82701,90476
3675841310,37968,49662,69719
1545482813,60693,80137
3542927,51189,58133,58700,88063,90012
1446858118,37964,62938,65785,69303,74772,96972
844575466,37962
3687025099,37957
2331358396,60049
3869517883,37952,77991
2891605392,37951
65809719,37938,48353,59230,69793
3159417400,37912,46839,82890
577686463,37896,76291
734583930,37895
3955787382,37892,74942,86919,90513
3551341578,37889
1875777424,37888
618530874,37878,54347
259579763,48161,81099
3937676537,37877,66275
135014731,37862
2549675467,37860,37923,53655,71712
4240303994,37856,62254
224293959,37851,49260,74041
543495121,72349,91064
626098125,37847,66558,94348
2808370316,37843
598912729,37840
2536843856,37839
1099594554,37822
938655818,37814,56512,84860
351700390,94920
3996750819,88593
1076071129,37813
3035343571,37787
1054005996,37786,96691
2326119316,37783
1245941088,15042,27828,30035,83500,84539,87981,90138
1547884385,37782
1359214579,88967
2709279928,37779,45147
2418275551,94835
1404820015,37778,37939,54183,59231
2229366311,37756,82485
3690421078,2086,15254,18557,81648,95240
3944479321,37755
1945257645,23350,26377,29909,96192
3455694206,30218
407792517,37747,82143,82549
2370776771,37739
2729163619,37723,39607,88802
3975858339,37717,40687
4133878165,24031,38977,60586,66976,68685
2269164212,37716,37794,38170,42005,42693,46998,84814
1131462206,48752
1318476230,37703,56033
3770016444,48775,80065
1620075244,48602
866309974,31783,52879,56686,71304,79439,90042,92275,93865
1886786251,37662
562937112,1164
2527998799,37658,74386
1902655722,37639,49935,74300
3997065614,37634
1849587507,37628,58782
3648957997,65147,91963
1980516188,37602
31320668,37577
3448534922,8121,15647,18458,30807,31997,45067,51724,77454,89063,92982
4140605109,37573
3678555592,29918
3344928951,37558,65929,85529
657004461,16498,26900
411972885,21010,60235
1874652977,37554
2585734340,37551,51502,72842
2164496771,37542
2822904572,4066,76172
4137274725,37543,44393,51819
1538680891,37531
146231798,37523,43494,74606,78929
753995726,1737,11124,18632,28036,44618,56912,61723,63730,65548,66887,70978,72500,74120,82451,90550,95107
1326841901,37500,48693
220266635,16648
372999898,37417,89000
4015477658,37409,57546,61687,68713,78819,95340
2357128300,54111
1847571662,37406
2064477356,44482,68981,96904
1962072262,21620,33666,94868
435639727,37380
2569278125,37376,39883,77822,94834
3124436608,23955,73987,94231
1000212408,37375,39882,77821
1064061447,10776
1135683292,37374,39881,77820
2943224025,57309
1315337925,54267,61076,62444
4289046069,37294
2128297610,51027
1310677029,4510,11633,35268
2469587917,37293,55263,64837,66061,83393
3435632489,37292,55262,64836,66060,82868
3032095671,69354,86766
3090678997,42695
1635173948,37291
3657661974,37286,58926,68853,70423
2227888439,37282,82244
3599387963,37278
4068574059,37261
1177648905,80249,94264
3141141855,37260
2769497456,37258
889053417,54745
3625727972,5812,7648,8251,16022,16837,20103,58428,78282,82183,86641,86847,88117,89921,93273
2269516260,35843,40233,48601,59885
2726790237,37245
3879736640,45042
710579296,20771,63893,85690
790482015,37234
3156563284,23910,44657,80570,88126
435061759,37233,40805
2361861552,37232,67200
654057562,37228,39939,40726,95516
2880632,815,3344,4686,5002,11041,14325,16203,17501,22883,28911,29089,33834,34290,35401,35836,36256,39433,41019,42834,45538,45885,48123,48395,48599,48622,48941,51616,54039,57127,57811,58665,59745,60725,60738,63209,63358,64435,71531,72703,74282,74996,77130,80507,80791,85767,88548,89144,91053,91992,92375,94875
3719578623,37202,52172,55783,60951,74208,80097,80841,88904
2622971695,46604
3165857565,4895,12969,25825,77498,77904
448830798,37200
3820213236,603,27058,30905,57190,90088,95235
99734846,37198,84868
2042627392,37127,46897,70301
2592314485,37121,46524,95507
3130556757,37076
1046019702,410,2595,3458,4826,8726,9822,10481,10710,11118,11286,12051,12664,12780,12986,13964,14181,14522,17396,18013,18763,19101,19115,19926,20481,20553,21956,26110,30516,31891,34517,38749,39173,40960,42090,45022,45602,46485,51008,51623,52398,58751,60141,66024,66495,67774,68131,68210,68242,68919,70057,77384,79533,80082,81266,82176,85606,86541,87203,88365,89201,89768,91144,94939,96232,96495
2590814175,37074,50918,58298,69439,85313
410107407,2675,2753,6686,6831,9081,10371,12389,12432,13055,13504,14132,22372,22464,26790,27988,39262,39541,39738,40493,41526,43299,44829,59065,61895,62581,66994,69757,71793,76505,76930,90490,92351,92819
1158394956,255,35940,37591
1416696504,37066,65932,80778,85401,88758,92500,96651
1438614893,37060,54375
1266070482,26776,49309,54444,78365
1935586860,37030,61938,66278
179671573,561,1009,4446,4890,4926,30744,34708,34978,45164,57273,62875,64340,66562,76560,79012,79108,87983,90140
4067567633,36981,67482
1796302837,36976
2336552407,36975,53177
3796779291,36965,54718
2479636912,36935,46671
552406614,82810
381645734,6806,22118,25337,28123,65258,67723,68570,94690,94934
1535361788,36934
2884069389,20385,24904,27803,32336,33925,36759,58183,61286,66303,73507,74572,75984,89904
2379630434,36926,37818,37907,44553,45643,58423,63897,67179,71471,72994,87469,90343,95695
342849627,938,2656,7034,11957,13037,80434,84011
1134496038,36924,55843,56593,73619,86164,87832
3416029952,36923
1422856985,36902
2467445441,36873,78127
4028317664,36869,79998
2064810911,36868,59580
4216228685,73706
1836711826,36843,74652
1974335704,7421,24022,36850,82310,87270
2707218770,36825
3861457877,36824,42682,57100,68602
1271066534,13644,18456,30805,31683,31995,52829,77452,78356,89061
814615501,36823,57099,80246
442645778,36753,41648,48873,55283,73719
507952024,7754,13820,20295,21317,34701,37192,50634,50816,60342,63837,68059,71005,78380,81395,85746,85923,86634,86716,89889,90699,91141,91608,92524
3461883795,36728
412996615,36722,51390
3945238632,3236,4986,7087,10246,10864,51415,60897,64655,68705,90717,96108
2608391821,36719,89423
2444482708,36718
3971268247,49544,88860,90723
314670885,36711
2643135408,36707,52249
111031867,45258,45300,58622
3973673833,36696
1015420551,36690,53296,55681,71325,84239
487874034,36675
34268556,1763,69289
2393983325,36671,61911
136218947,43417,76112,76440,79597,83384,85532,87607,94556,95558
3334385067,36668
1600485324,72629
3051747068,51714
2673861470,36647,41885,45118,51761,63026,75007,89754,96331
884912761,36642,79660,87626
2845018539,10818,20779,39224,51148,51219
1339108170,36627,53322,55474,58048
2738313113,8612,30830,76524
2520592991,36616,49819,74098
1213164877,36610,74354,95535
2504985309,36609,74353
987807100,32495
2660543648,36569,83383,87980
2114883038,75878
1463882900,36537,52572
3949970508,32705,94123
1718789305,8233
1806947181,36536,52571
3189778070,36511,48203,66326
2786630529,49419
211201564,4095,6294,16914,19194,31034,64875,76740,78278,84273
2822325725,36500
186008602,24152
1194603625,36497,65669
1760966723,36445,55309,60159,84861
1096039513,37199,66453,83165,84313,84869
2760135149,36443,88352,94963
1707197328,36439,53964,61180,76656,82630,85635
3522412233,187,22666,59345,61691,62822,68725,82055,82893
2670562325,36350,90484,95347
2520071675,36349,90483
3021483413,5040,14686,17033
3617449171,19920,47699
170831114,36348,36467,48337,61001,83942,90482
3330972048,1252,17859,18587,27136,34400,47278,54813,63718,68101,70558,70603,70829,89013,92876,95643
4083374317,36318,48461
1673414009,33241
3202443961,36317,48460,73831
2181034030,36302,39038,46951,67610,74238,74438,82331
3522924405,36295
2004487556,26336,52546,58056
1185555408,36294
3133586705,2500,85307
997301232,22843,48402,60013
2673406707,36287
324915149,12421,16706,43313
1736418411,36274,45251,51016,60244,60934,61571,62782,75460,76064,85122
2730766209,36259,64772,84545
1901666167,36258
808798925,36257,48600,63359
4165691907,36250,37555,56903,56990,58804,76283,79063,89993
2696390465,22366,24876,39141,59071,59133,59134,74202
3066843850,36244,65820,80133
3313121600,20540,46375
1440178207,24096,46402,49086,63248,63260
2497224058,36238
1937512021,36232,80674
2325057933,36223
1457393201,1702,24460,52933,53288,54179,57228,57237,78719
1772837923,36222,37126
3826036529,51925,92553
4189854928,36964,54717,58579,78518
1050220700,22621,46189,55644,70351,74038,82110
427432111,36206
1277069033,36153,39136,39143,59073,59136,68483,73482,90786,92492
3988286908,22950,26386,51048,55089,57835,84620
2183879320,36138
1708199629,36126
359684241,36102
3433438703,36093,51079,60905,70659
1989001679,36084,38962,64896,78211
586613977,23782,28906
2839963234,36066,83328
560380800,1739,20267,20393,42610,46618,73875,83718,86896,90797,92929
4216695275,26131,46893,50966,57164,66265,80705,80966,87307,88539
1549662356,36056,49131,52116,54083,74671
2064245069,36023,37632
1989938374,11881,13471,13525,13727,16174,16286,17235,24180,24638,32585,43388,43484,44062,45941,65228,66282,71395,74401,75724,79371,91013,94520
822000819,36021
2224580337,42627
3710868635,21083
207596027,36895
3697211233,35992,74798,95469
3195954706,62432,62489
3527601138,1765,12249,15971,38855,51858,51935,63525,68438,69291,86862,95984
2599577476,35991,84125,88044
3903922364,49759,56043,67056,78031
111487808,35969
550080402,35959,37618,38224,45309,46376,69336,73232,73344,86692,96829
4115270716,35958,39582,45196,73343,86691
3398013449,12087,49639,85918
3242194146,35938,51299,65114,72437,73103
1280011466,72954
430681824,1134
175080561,35937,51298,65113,66739,72436,73102
1098958160,35870,62642
4125911773,3760,16708,41483,42666,59877
1186895862,35865,86672
3239579488,35861,58241,58892,64705
1091938409,35848,72342
2413868635,19423,21163,56832,59396,59649,60891,66373,68197,84877,87100,88708
4043503491,35847,72341,75046
1510153204,23918,43961,84939,87296
2855512342,11956,46606,79398,84095,87769,87826
4120660157,35846
3286874877,36978,48665
2236081733,43035
3924737104,4426,86214,93362
2287129978,35776,46769,51337,75669
487135914,52604
2454846452,17457,83186
2520527670,35746,75896
2741955473,35710,37945,38663,70718,72393
1535688953,45924,57155,61487
788481518,35692
3107990533,35679
3726156342,16790,27582,49350,54772,78909,80521,85534,87994
1022682434,35664,62002,72550
3057775201,35660,36515,44773,73921
4272614445,35636
4172069382,35589,89275
337939820,35566
1066399765,80819,83522
1149028486,4332,17264
1835209480,35548,74945
1098687442,3261,53960
352894442,35537
1821883688,57850,60840,67282
3459876569,28658,53408
4069035148,35514
1944671801,35504,50747
2080730742,35502
2490831908,35488
4182865334,35486,71781
1976962771,35483
2261075061,8760,14619,16232,21241,34484,37303,38480,64194,95631
3972309958,35482
1172054807,35481,56106,64988,93122,94734
363317676,24503,25449,29764,39125,59634
857546982,35476
3380495606,31043,50366,71011,72235
3870713060,35472,50373,76598,76724
1958007579,83419,88275
2922780834,35458,68657,91118,91264
2124773743,35456,70226
225896255,35455,70225
2515220587,2224,11900,44724,61520
3676394571,35454
1270613186,86226,90321
768797365,3819,17050,84926
4071297354,35361
535925691,91766
4196869226,35347,50036
657118326,35341
927680850,26070,35213,50262,68940,73382
338427229,35340
702428740,35323
2622378909,35293,53746,82953
4051349405,88264
855677834,35278,40722,44398,50146,52403,52575,63198,71646,82007
1510174805,49750
99288751,19017,51516,77662
150465581,35276,51824,57909,72424,77434,81836
782200848,18080,27862,32590,37774,75023
1383027119,35272,44634,85871
2222863273,35265,60193
3463642051,35261,60189
624860573,35230,67919
2914539442,44741,74182
232102040,35225,40450
3986578161,35215
3396922571,56098
1781869254,35214,68941
809252321,6227,59037
2802551274,35212
3230718846,35206
703921278,35205
3414693030,5721,56133,58694
3937236753,33096,46707
563654976,36925,37906,48782,73620,87468
89781520,74686
4017333194,35195
3572360496,58199
3181693549,6794,6883,7135,7452,7537,14197,14865,16980,50829,76671,92372,94994
654663978,26478,63249,69314,72246,73518
3861290991,27369
2464214966,35186,40426,68643,87968,94752
2463780319,35158,87041
1131276533,35117
4007821560,3108,37899,51267,55079,62775,86212,92471
2532720157,35103,38519
1380612543,53786
3254738918,52994,66952
2719208110,35102,79932
3604882478,951,8345,9626,33774,35170,36306,37443,38256,38321,38800,43414,45139,46755,49434,52436,58124,60829,63904,71194,71398,73905,75792,81323,84633,94650
4093556912,35085
4045038108,39146,48852
1850426479,35084
3350257982,40500
3906208088,35076
1504606733,2050,38861,49152,62507
3540955944,35049
2669058710,35046,42016,65006,67156
3122515470,35034
973916736,35024
109503014,36523,58723
1508302078,35014
927067243,34992,68593
1923086552,24945,62451
4153444811,34983
2517285963,47644
2306715167,34946,37158,61746
3875795737,34941,39153,40296,47920,50051,66335,73223
2374123162,34938,60392,69313
2733620412,34897,39703,88440,90446,91273
4039346085,23120,27710,74421
2449341126,34872,50142
241982395,26269,28619,32497,36086,52610,54817,70359
1463359876,34857,39036,39103,66835,73067
3819416539,87936
3447265832,34855,88354,88375,95739
742946472,34821
2080176519,41975
1518954428,25160,60930
3105307573,34817
135056790,8836,10590,24603,51908
1844260044,14958,17631,78668,79910
2634826341,34810,35262,60190,65624,70196
1807956896,34805,73588
869606934,3443,34308,53013
3704597580,34804,73587,85855
2554272488,34761,39196,49492,49501,49697,69578,73878,83721
717224629,20222
1840774642,37280,54686,56876,57044,63951,70942,82281,86871,93023
188534543,34748
1426994690,34731,66242
2213411824,34723,51598
2699280896,34722,51597
2827531289,12467,82676
1458461077,34721
2656160300,34688
4080627526,34661,37903,77785
875269557,61797
2246371412,630,5045,10567,27813,30161,30864,34258,41919,47200,48325,51326,53249,54993,55339,56753,56970,57505,77103
3919519432,34659,71228
1193023744,34656,55835
4016272447,34651,75478,84612,91512
313577422,45403,62490
3367162568,34636
3003422030,34635
3432428596,8306
3197709537,34589,61467
3013257255,34581,47155
682525609,34557,93927
255486621,34811,35263,60191,65625,70197,81021
2456560134,1588,16943,36861,42121,74575
2877958896,27517
1351140606,34555,36110,60981,67115
2027128204,76793
2554815327,34537
2545641694,52553,87112
3801325653,37073
4048877495,34500,57717,66483,68619,74469,78942,79666
1177465487,34488,49185
412397599,25110,33880,52465,60379,74167
2857081336,34474
830546683,34459,43225,52013,52254
238053170,34433,77917,81224
2378209845,69106,76316,80201,87587
333476892,13313,45558,61923
1514710136,34432,81223
2474859405,70690
2814812428,35029,46504,46726,54333,57278,68088,79139
454518221,8950,37196
1975318733,34431
3318778226,34430
3048096503,34426,90970
230109687,8866,9113,22197,22676,45806,49780
1856195597,34413,52245,57543,77741,86623,94444
304277250,14061
625996920,34404,47697
4183376134,34396
3132237497,20867,37789
734564436,37235
1707884485,20921,52153,77634
315591822,984,2281,29652,67340
3057949834,34373
2379072790,34361
3305203434,2122,3647,7640,7691,8410,8925,12262,12658,15101,15809,18311,21675,21767,22169,24089,25393,25419,25466,25718,25955,28114,28244,29639,30151,31351,32503,32545,33823,34020,34255,34504,37285,38653,38678,40300,43071,44602,45337,45593,46051,46877,49907,51591,51704,51729,58054,58984,59564,62465,63549,64146,71694,72611,75026,76275,83452,84369,87350,91150
1619556952,34357,73028
1184164307,66094
182821478,411,4377,9034,9722,11029,14682,15744,17970,22421,22848,25943,38390,38750,39174,42929,48367,49218,52415,52975,53667,54362,55126,60142,63583,64021,67403,68055,68243,70715,73184,93751
1456867375,4124,46475,85403,92872
1030633817,34353
2050414355,34352
3689653246,38401
2190557882,1159,4461,9250,16031,22031,23203,24070,24748,25809,27571,27680,30636,33745,34615,36462,36601,36847,37763,37913,41132,41712,42811,46840,52020,55347,56118,59216,62120,67507,70516,72897,82891,88937,94823
2924752515,17248
2679335184,23025,47665,56765,59824,63043,77113,87586,90577
1971809080,34325,49285,62197,94600
1673394442,37606,41194,86127
3577514980,34321
942164980,34250,52864,61605,94084,96711
2269088095,47364
2018193043,46243
902718168,34230
3325209889,34225,50840,76910,81555
3108907392,10816,39222,51217,81855
3450223416,34197,35529
2986945517,34647,38994
118644331,34187,50368
1943336347,41540,54463
2702373602,37806,37812,55934,80634,81850,86837,95048
1263428840,34166
171542630,45985,70883
3661545266,34159,55619,74256
4012050070,34156
1677650293,43754,96243
2044837619,26521,66701
536818456,25354,63845
2552722652,34146
238571023,34113,50907,62372,77227
4064553894,36562,50227
986723102,34107
604697686,34106,59426,60054
3086362247,43662
3520542358,15014,62909,68451,85021
2625179286,28081,32066
2578322912,34101
1194369476,34823,76675
3887453716,34098,51913,53688,66948
1888171384,2170,15962,23687,29486,30614,37777,44973,50588,53489,54182,59080,60260,60453,62165,62378,70233,71184,74962,87743,92532,93577
1243651930,37630
3971983946,34006,80538
3277861233,34005
3246041298,14822
1665783082,33989,34850
1497980553,10801,19997,22241,51437,69709,71483,74998,90957
2086051192,33986
1526873002,33980
2411304774,33976
1880421757,33973
3399047762,36581
1414647386,33948,41977
3932583094,60458
408762603,33937,78461
1328715310,24975,68728,85725
1549007132,33934
3961476275,33933,77880
2121327856,50130
1710884536,33932
2324478158,33930,67597
1892721655,33929,49520
3654841241,33911,65659,82443,83742,91479
3243786876,5708,11583,64783
406018794,33910
4040422359,79546,86843,89917
3599170073,1354,2955,3079,3602,3608,7207,7985,12134,13116,13704,16796,23090,25285,25781,28054,28194,29241,29965,33498,40115,40482,40821,41572,41686,42532,43577,45488,46732,53229,54457,55455,58674,60399,60550,62494,64552,65976,66387,67820,69561,70526,72292,83893,91905
3936654264,33901,36582,68046
1480027899,65857
3826575564,50824
4293622001,33885,73992
2541259757,58707
547086426,11298,93972
3199049183,33884,73991
154388293,58577,67920
1084495032,33882,58296,94564
988132370,21938,46985,58927,68854
3207638055,33818,86923
2316135504,145,27840,61107,76407
1943856212,33815
2989256597,35115,94290
2823441786,78538
1917894782,33813
282202011,44893
857877056,33811,36954
236970831,33809
981603060,33757
2578495942,5075,44505,47435,51529,72757
1387181634,33748,49508,53777,53933
1708090327,33727,44509,73754,83069
1984033368,33718,56637
1946955850,33706,64395
1349828828,39459
672700218,33705
485993029,33690,34237,44187,45394,45447,58173,70746,73173,94774
2746368918,1188,8135,19652,36941,37569,68064,81876,84144,95425
2300539006,1681,51666,86613
1374675572,33680,38305,66009
2094208576,33678,36667,60331,69790
1905184178,15759,20477,30120,71861
2335635324,33677,69368
1648610775,33676,58640
1204501626,33673,58697
1394410521,33672
369686624,33671
1301154807,1379
2139811894,26963
2649137079,33670
1496767134,32361
1279535635,25979,49691,71682,73357,74215,83326
2754302717,20429,45520,54578,55213
1370136626,33663,52258,54630
1869164536,991,1531,45896
1706067322,2102,79169,81794,96430
414611016,33638,39869,41454,89430
535246705,4471,5854,7106,7319,11852,23021,28309,28344,30018,33200,38173,47410,55162,58017,66218,68357,68894,76586,78108,88774
372200925,33629,40711,49080,74680,78937,82966,84179
2294629835,33628,74679,78936,82965
3692914260,33593
1384742120,33528,52684,83027
889249660,75549,81387
3426566031,9906,34201,57394,58232,61351,94097
3507394562,33527,83026
1890029527,33518
2639383072,33515,40067,96155
316894341,33514,96154
859991355,9116,17151,18785,36737,50120,64090,64842,66173,73257,73413,80895,85061
1724056838,33495,49115,91790
3603488532,33491
729844990,33490,34788,40686,44390,51478,63630,66092,67322,75690,83250,96946
2020631722,58540
236952036,8052,8362,80230,88940,89822,91761
2901850444,33487,74249
1326396184,33482,34323,83709,94598
2303196692,33481
4114285827,33480
4162997865,64745,87824
519619041,33474,34059,35605,58760,75608
784549629,33468,56679,90221
3888864451,35072
3904088915,33464
1447082945,76974,80430
499874401,7842,19252,44748,48826,49139,63530,64612
1911197644,33455,37288,50544
1818827414,7242,14736,21989,38042,46378,70798
1380995489,33450,60653
2421131461,33449,60652,79743,93881
2032182064,55942
692454949,17956,20789,34490,43749,49187,80190
1705987636,33448,60651,79742,93880
2731820477,47419,53735,55093
2398090968,33436,34077
38428242,33435,34076
3677666454,33408,37572,68067,84147,91235
990955095,1499,5098,7893,16638,32461,48255,95356,95448
3520324913,33378
1687055452,33377,57624
59965836,33362,45901,70086,83674,94385
1178478107,58347
2487396256,33350
1809781523,33349
4236295,60388
572119089,33348,41014,48056,49423
1634418385,33347,41013,48055,48355,69906,96920
749433580,33333,77327
1554776276,36335
3503173347,33325,33617
130249177,33310
3401136306,50290
931558513,33276
3303376091,23893,25650,30256,31882,45697,48983,61058,83881,86357,86887
549291127,34951
2149788622,28172,29384,47530
1191444617,33274,38594,66445,90009,96911
3031619148,33242
2264466695,88148
2486635858,33239
3309378428,61395,87414
1139789440,33234,37754
3184080197,2800,16304,20088,23385,34118,34440,39720,52790,62015,62285,67211,75585,92067,92547,96432
2995986059,33229,44771,53377,55343,60238,63072
1786111018,580,7787,65181
846951895,3968,13629,21265,38834,40405,41537,47068,47638,53651,53987,57733,61640,67451,68794,69007,72073,84288,84606,87914,90164,93877,95313,96754
392738241,33228,60237,63071
3354761694,33196
128280172,33192,34582,46764,69244,70601,71237
3356662468,15839,45799,67916,74375
4111507852,33161,38282,46799,67623
2950734521,33143,96984
1456169359,33142
3472925352,33127
1229856167,41806
3576043794,25686,30197,50269
3888942533,33117
1899040472,33097,46708
3248712795,56962
1245358495,33078,68651
1912350660,33076
2085704494,33060,55595,60948,77009,79579,85397,85829,87121,88657
2015962993,51711,66478,78177
666669154,33059
3061638283,33031
1546661647,27880
606242391,33030
848504727,5663
2913811280,33023,49112,76618
1274805350,33022,76617
3399350426,33019,57133,85017
1325613708,35568
2378017348,33010,76461,81596
1729266516,33007,58444,85449
2003796233,33006,58443
3932409285,23572
3135722342,32998,54420,78995,81044
1773514366,38499
1769913986,35453,73123
1213977933,20522,85474
4020808464,32997,36402,83437,85125
1374663888,32968,53004,72667,73367
1698357473,32965,36669
253042471,32964
2236942322,1522,8673,28202,29545,40570,48550,61372
3823295467,32951,41609,55385
4268805613,32934,56314,57469,63567,76818,88973,93631
1573354824,26305,37615
1058834805,32912
916202416,32902,36676,44670
342992117,10264,51926
1650778718,32888,50534,84802
3835701459,66551,90342
3558215029,6257,19297,46576,48666,49942,65047,84954
1436433944,32883,49276
2392434611,32799,54006,54841
3568755908,32881,53113
4249255631,36910,47666,51509,51810,77114
2484950027,32879,84088
599087104,32866,75221,75527
2690804644,31952,52862,76990,96709
453657097,32854,65411,79217
422899372,32846,35996,36117,46464,48660,52697,62992,65641,70939,71091,72129,73768,75579,89087,90496
1086763593,32808
1724747708,645,1129,4817,6356,7497,8991,10190,10854,13430,13693,14505,16048,16583,19863,21635,32006,32558,40888,40947,41728,48099,65545,68008,68030,77168,88173,92951,94911
3228652151,32801,54008,54476,58597,64809,67654,76983,82606,85836,93314
3226491589,32760,85715
2089467751,32754
127197118,3937,4185,29200
4176261617,32753,93822
3687145277,32752,77198,78844
184036336,13529,22972,74405
1854381203,32742
3468643563,32729,51445
1348232251,32704,33150,96252
178765823,12861,80530
3670542932,33983
3968908933,29460,47899,89623
611683168,32703
1712410886,32696,37562
2215465042,32695,37561
248209331,32693,77717,91699,93402
3342000528,32679
3010956222,32659,38122
4261645388,73397
1118745101,10146,11164,19984,80346
2290977395,32636,47918
690018739,32617,72144
2725812785,34785,83375
1330742686,32580,49067,64157,66467,82654
698142870,32577,46277,77251
1739981578,32560,74756,82670,85954,85999
1187068643,32522
4180895253,30851,71130,87165
932889587,32521,49273,67421,93821
3296572330,32512,47658,82524,84053,89003,93100
3826716268,32501,37850,43328,54108,63337,76015,80754
3350775639,78388
4041637127,32491,38019,47838
2023681433,32411,57462,57958,62929
3737289555,72540
3981498187,12927,17614,35070,83680,95502
1827802305,32398,48260,91189
1055851497,7039,8404,45093,49909,64073,75083,88765,96701
3545179946,32396
3476506568,35297
4271701925,32378,58249
62691975,32371,59905
208248337,32357
2778278122,54494,60294,78608
3240824084,47556,67629,80964
64851735,23881
367052202,32356
4091536718,32345,84228
2966546078,32344,55477,61986,86261
1656117112,32331
1391135504,32310,57434
684613140,7488,14688,80839
1552176135,32300
4067420387,32291,47525,52888,84816,85794
1594812174,32290,45253,47524,61134,85430
180285334,50587
584042234,32277
2390391415,32276
2379168255,50018,53129
2608692480,32273
51147567,32232
3678158180,44453,51225,74833,87095,89486
248410475,30403
348166718,32212,55281,85412,91287
3029898091,32211,85411
1155308901,71271
901276375,15298,90392
3001506614,32207
751137377,25153,60101,95743
3641933913,32202,62792
765489779,32201
136741954,84237
4289600265,49220,68634
2005544910,4173,7331,8788,20811,43206,80651
2143516615,32199,58853,90526
4036210030,32198,58852,71335,83567,90477
3567330396,70328
2804049836,32162
3182871753,32149
370636907,32132,41589,67584,81954
2298620963,32089,82862,83939,93664
1062147731,32064
574157065,38350
2947810448,21924
3318443852,32063
2463444112,26291,26477,27197,49197,72009
311857024,32050,34100,46546,48282,53999,54380,76173
1575465809,15335,46014,75469
2221682585,32048
4119517453,32047,77276,81754
3720643846,49510
398496069,32046,77275,81753
2560124345,60532
3754164655,21710,29554,30953,57595,80011
3707822621,32045,94798
3783446945,32062,58499,94467
313002869,53897,65142
1560225935,9679,80003,87654
115624894,32041,57721,76781
1937851099,32028,91517
3461363146,36490,47428,55285,56494,61459,72927
995668620,31999,95304
3234430013,31985,34311,40676,46699,53016,61418,80875,90858,90999
1850282867,31978,52713,80251,89691,92571,94221
2429690870,74718
371765096,21538,33387,35459,56891,68658,77619,88779,91119
1604020868,31956,88213
3116164303,31955,54157,88212
783424122,11538,17751,65965
4145484683,31953
2574857620,2502,3358,14815,31957,49761,56045,57634,78033,80953,83933,84134,88214
1123287272,31357
584387537,31905,78218
3287609601,49599
2848080354,31898,32933,56313,88972
3815965107,31893
3909621727,36539,36732,36875,43503,47795
4151695129,31864,34672,89608
1792565430,8610,82919,84905
2901456753,31838,40641,50250,58476
464314899,31834,66081,90415
395689,69237,73736,75270,77484
829383184,31830
2880519180,44455
3307164210,31827,38365,51733
2957526236,3796,4340,4775,5274,7652,10899,12917,13567,18241,18575,21248,35898,36007,43639,51569,82625,84347,87665,89140,92016,93241
2762411357,31818,38289,88608,90285
2913367585,31776,74904
710907502,49692,71835
694474339,31775,57341,74903,80866,81350,94292
50357729,58271,60712
3181633932,31757,39789
3104814982,21560,47307
55936047,30450
4198301822,31748,32976,57709,63101,69575,73908
1068052852,31725,37440,73214,80207
1226552947,31723,73212
3726288894,31690
728765320,23535
1449715698,25260
108882752,31954,88211
3319050779,84174
239928652,2770,3245,8770,11217,13607,20594,23832,29319,31785,33413,33776,35143,35523,35680,39230,41262,41930,43861,47870,56688,60282,61283,63436,63553,64174,66537,71492,74129,80320,81442,83990,87707,89827,90652,92840,94652
4158042187,6920,18474,20658,21179,24520,27536,41665,42183,43235,58839,64065,68371,79046,90870
1840220411,31688,47719,64112,86252
2913257552,31664
2183790022,31660
1706080464,95877
4160305208,7948,8322,23099,26425,92266
4142071855,24371
1877947175,31659,44753,59602,69545
3608791679,39592,52735
1335717483,31652,32708
2314939899,31585,52233,70937
3495411644,31583,55071,59648,66309,75462,89377
1889033145,31539
3433183932,1180,30370
4003664143,36194,59236,71641
1109349592,3833,5242,7761,12002,14535,16634,33152,42767,64507,91304
1297315145,31340,39624,46128
2338776494,31535,53124
4095448894,7917,16661,58545,59487,70946
375176240,24923,25323,36860,42732,45999,50870,67109,71215
4159149903,34145
402413524,10948,14046,60758,65476,74030
3716794767,6450,85135
4156298297,26833,57093,69828
185696365,31510
2487568027,43808,53625
2837936435,31504,32652,53188
135404822,31500
3554360354,31479,40692,50724,79869,82756,85081,86158
2228494901,84781
211484874,31464,42113,84108
2721421975,31461
854606673,31429,39534,41422,45660,64585,66837
1488101679,34496,38661,39573,47770,62498
3246008680,122,6948,11472,15655,15766,32984,46653,49194,72168,91044
806905532,31407,71119
967123647,3158,51773,96987
775171959,31401,75260
2571433059,51689,67163,70200
3311311149,29622,48207
2440070623,31397,31522,72474,78520
4069813209,31391
3926548342,87003
3783999011,31390
914198265,31373,33843,96639
3634201020,31365,37550
1103920738,31360,53730,56372,75516
811721006,50884,56702
3947754854,31358,72423,75514
632943164,31354,34003,56727,84987,90353
630508479,71191
1016212045,43993
2707336248,42734
693540846,20944,21844,34152,41359,41959,52188,63637
989723535,31342
1814084050,35042,38488,62661,67001,68388,71026,72483,73844
3012125033,31329,49092
4010069501,31314
892010362,14057,25197,37322,49733,62530
3315811895,31290,43333
2025129365,2199,6297,15652,30740,84119,88317,89933
184692260,31289
389380983,31264,38146,64911
3905400446,31256
4039192255,53346
2078733911,31233,37539,66041
2728022014,17744
1936118433,31217
2982900450,19592
1668736033,31216
2439161756,26525
3164535458,31214,45983,87810
3189994728,22511,31549,82610
2472336126,31208
3998422872,31200
3260070398,12749,39562,91681
3590791018,31186,35346
3400899467,31184,69521
47830493,31182
1335001550,31181
3650243604,37955
1273349879,4040,6458,64624,67137,84726,86349
929462155,31163,70345
99603054,31162
2464248440,11671,15676,27183,30180,42045,44581,51290,84322
2501820977,31146,52470,63520,68839,91099,91921
3217310155,57103
3326967443,31137,38987,42972,45514,68525
3921002227,53835,85172
479527570,31135,38985
2792710922,31123,38498,54981,55464,60154,61546,84151,85441
815309716,14111
1129468588,31119,56617
1576596077,5474,46238,54148,76244
2739956006,31117,39550,49466,68298,69360,69492,72219
3095644092,72813,82958
609864589,31093,32051,54381
963001488,44004,65683
4233586680,665,35961
1944207906,26958,29656
887856414,32070,60429,73881,78993
1646530445,31075
4256361678,49524
3487860567,31069,53963,54097,91406
3120707198,52092
637036489,41387,55685,79821,80442,83866,92114
3724593792,31046,81644
2594946968,31726,37441,80208
4284116679,31036,31588,49065,60308,62574,66465,82432,87110
467836820,31017,71001,89866
3161957052,31015,61753,62375,72728
465091404,47909
613889966,31011
3391310983,31002,31488,34281,43775,44916,52969,65916,78494,81824,83312,84456,86457,87411,90332,91426,95056,95882,96993
2063660943,30994,64364,75001
749817575,30970,50972,78231,94845,96116
715591413,23888,30069,30472,40407,54549,57697,57735,67205,74820,83895,84592,87077
217324538,30952
2211949035,39578
4110480843,30146
2044145610,30946
2451349756,30945,58570,86812,92518
2233136545,3159,3189,3453,8942,17654,20705,29346,55417,59100,63083,66780,74544,76774,91489
364410740,758,781,6683,7169,8727,15126,16457,24337,27237,31813,31887,40154,40969,41032,41280,45245,48167,51534,53072,53641,66025,67770,74622,76627,76921,77473,80083,81239,84584,88366,89703,92816,92851,93853,95511,96233
197250240,30860
1278671473,41645
342392654,6656,15558,18801,24510,58505,77734,78456,80389,92213
3939609463,30859,74627
725481466,1570,30408,53947
2096017547,1493,10077,13315,61925
2879177348,30854,37525,39792,43952,77273,81751
2043201610,33861,51047
823232426,46200,47069,68864
74301952,30831
1027930630,30796
4204569953,30785
684832009,54758
1776364357,30783,45917,46037,59258,81718,87573
730063677,1645,10551,10836,17440,22046,22312,27963,39295,40198,43359,51279,55560,60356,60707,64420,65678,73813,75674,90764,94153
918697872,3615
2344859824,36638,49100,74948,90280,90432
1077484030,11082,17967,28971,32217,40366,51116,56950,61230,66362,67839,69550,85885
1962303132,30751
3054777957,10794,40282,43164,44157,64731,73373
955550681,30741,34213
2731295751,26562,31198,36693,59853,81327
80387391,30739,35897,79102
1093396213,16972,65172,86062
1594003335,35087
2842292829,24550,33479,67639,69346
3729426461,30734,48774
3328255148,6321,76484
3823050228,30733
4045715739,30716,58654,59964,70411,95534
1540483347,30714,33904,47122,51762,93270,96332
3296845871,58605
1809580327,50182,58827
340805306,19260,61922,64365,71058,83113
2675137396,30707,51914,53689,75356,94986
1587394068,30701,85096,94772
3692594359,2708,10704,19404,20822,26485,28037,31258,42615,47674,50431,57791,60672,64945,65549,66294,66383,69868,70403,72501,73434,73526,74121,83687,83755
1484198418,30679,79004
4249771732,33814
3769255860,91936
3393736226,30664
838558347,36977
3554859955,30662,78059
4091970113,4245,9783,13834,28493,30924,32190,35306,36368,44800,47448,68276,73417,73450,79889,84031,87613
2885457058,30631,61713,76240,94417
349646945,21822,75170
486307083,30628
3736565383,58088
663486751,30621,37345
3266161255,30607,43765,56432,89787
4196813061,18602,27075,33288,34877,36171,40362,40601,40924,45313,57869,62916,67230,69649,71805,72621,73211,78680,82499,91224,96226
3551007757,30604
3625166020,62604
658812938,30602,50674,84085
650301557,30593,32825,33872,45499,53138,62737,73954
417894260,5434,7574,12864,18507,20318,40384,42442,56612,75392,80533,92608,92897,96320
2607131036,30591,32823,33561,53136,62735,66832,68633,79048,94631
564490300,75197
116525877,28958,29994,84535
1383268146,30576
3391409548,7324,17372,37336,76504,91770
333118191,30570
2023478690,30561,35267,95993
3882990858,63477,92445
807520545,30545,49564,78620
1420459297,23848,40058
1114787035,30543
3554548468,38720,58073
3150020058,20285,49635,76916
3491670403,30524,30878
956081615,30502
2337760814,1032,12959,13172,15426,16002,16629,18861,26332,28293,28520,32724,45820,49053,52102,57181,71936,81036,88151
1948456868,30499,53150,53555,81128,96481
2651613959,30497,54475,78095,85835
1448558600,30495,85833
1308566040,30486,35194,51444,72173,82977
1574589852,3329,20714,89857
2664141991,30483,37946,38664,60583,65290,69720
800385622,30470,66271,87137
441731695,34234
3741769177,61679,89815
1114649042,30438,73474
1586459413,3824,89173,89280
526276088,19287,66880
3221134801,30435,40763,58420,65428,91115
2717480607,30414
694834212,49408
2680623801,40809,54395,76640
3906321738,10556,29839,43277,64538
3499581666,7521,14414,88337
2565951698,30401,67601,71233,82243
1032683106,30384,93776
136676382,30383,52848,73171,74259,96655
3261509525,4585
4019338081,30376,40554,65188,69679,71028
4283273045,30375,48794,71027,73845
2430170566,31904
3834241615,14526,17657,19131,46337,47917,52612,60721,66376,71541
3339009346,31339
3638296512,12105
3969222868,2323,9285,10459,14229,15041,30034,32776,50078,64863,65378,76111,78073,81645,83499,84538,85775,92836
4227447265,30365,40698
1732452833,30363,40696,79777
1314029660,38216
3326410627,30348,32037,65318,84616
2842980459,30338,34204,69624
464269291,26313,28112,58026,58052,62163,74040,75551,87054,87741
2673539610,30332,32150,38462,51873,71537
3755942557,30294,42056,77403
1493864365,30258,45699,71326,84240,95238
639383164,5569,6663,9584,13017,15171,40276,44432,53220,62714,80893
4251901588,30253
2579324111,30249,31008,79213
735151458,15374,25485,28069,30250,31009,32204,32851,37917,42477,53203,72958,79214
1847334557,30248,54144,75287,79212
577554727,30224,34294,60833,96150
1035420090,10674,20084,24546,44091,55152,56936,73757,79788,82380
1312340746,30212,41575
2275578602,30196
4066198776,50343
3370193888,30188
847698681,30177,35972,62104
2216215960,44229,79292
3814681812,30173,32055
518834755,30169
4242938435,86959
3209192186,6448,15121,35616,39927
983025798,30166
4020906116,30157,32409,51334,57460,65565,75666
2093994518,52260,84509,91313
4222590608,45591,94364
2537921372,30145,44427,79826,80726,91942,93256,93407
2941402451,8138,15508
2414692574,30142,50858,79547,86844,89918,93404
777809863,40315,59798,88484
1295107318,30140,79773
3915036481,42059,90684
2967853654,30137,57021,74367
658505184,66908
3130294639,30134,53766
2814832334,46229,54397,58446,76515,77584,90967
213686369,44842,52197
1834114539,30127
4097289938,7056,48994,52337,83308,83425
3482422185,35033,47702
261650822,30108
2690234827,30104,30640,95691
92436344,30096,47159,50809,73750
248307582,3225
2601773120,30094,54371,62538
1938323841,30093,37535,38827,76242,94419
1748593369,30087,48745
2821319071,30086
995612254,30085
1557957026,30083,38403,63513,84752
58732534,30080,30474,49956,57234,71879
3719767570,30065,78638,79473,81048,83103
2676900363,43876
1711689919,30062,46642,53553,79470,81126
1950062218,30061,46641,53552,79469
122065893,30059
1517932005,30050
1797171684,8163,13259,20322,43949,75739,87497
918447511,29969,35827,36377,51759,54703,85189
2405453968,69068
2568654050,40616,72545
2017178702,13165
2147769628,23030,47551,48591,70990,74150,87267,92161,92621
2237676260,29959
3399747453,3932,47855
4129518762,29953,34848,41298,44982,62589
657322825,68204,75786
1377115938,280,3012,6520,9047,9337,11543,13009,14052,14934,15471,17922,20791,21586,29791,33081,33995,39888,42447,50308,50985,52322,60316,63985,68560,73531,77036,80626,81163,81531,88505,91347,92032,92643
2092434293,25352,46684
2452266557,17718,84355,86272,93918
3350741386,32392,47193
1256666361,29923,48307,79690,83414
2003240886,91730
102831737,23274,48120
2356798202,29901,34313,71988,74583,89998,93129
1706339893,29896,74615,75700,91339
2226485405,29892
1278067456,58663,59809,67643
794947894,29881,36666,60330,60886
3336365926,29850,55230
694517249,29825,36446,56434,60160
1608004232,29815,42828,88684
3603948223,5146,18243,29739,33890,46532,47562,57409,57981,59664,60690,71415,71432,75071,81171
2957165673,29813,55802,65937
3042879639,29808
1582268483,29798
3559661116,29797,42561,65467
837155187,29729,30139,37633,38702,74369,79772
916249635,37524,43495,74607,78930,95608
2361775133,29727
2401684558,5664,75202
1176115206,29725,36495,47083,49674,52661,62055,65667,70702,83816
2605607985,29709
2294136070,29707
29276874,76444
4028218940,29660
3302921675,29648,66238,96664
2051924433,34116,37688,50910
3620378546,24504,74301
551671804,29647,31158
532259971,29634,42324,73052
2407064040,34879,35729
1255223754,92975
443569517,29619
843056308,6763,57386,60960
2210994972,1956,2201,2911,7858,8295,8368,10925,15067,15934,19982,20363,22383,27465,36621,39683,41102,42235,43512,45025,63558,64965,68095,82660,84121,86083,87430,93699
297598738,29618,60161
334662416,57291,83980
1114967630,5730,35184,62203
3302507084,29595,44782
326911783,29592,43279,93583,95276
3833913125,29571,32200,58854,90527
1488207796,38129,68714,78181,80814,94403,95341
952085497,26787,60434,65568,75065,75337,83621,88825,90079
559386907,29568,37821,44122,52520,79605
900169574,29555,91834
2470602317,22766
1784909946,29551
3225831655,29549,67289
1143004919,27230
2173150788,6178,20932,34214,57768,60465,95540
3220141292,29547
99817084,29537
3164886780,78603
279747984,29535,49891,70552
594455844,29533
1725143303,29528
2511140286,29523,52173,63226,66234,73676
3760726173,5112,17906,78692,90791
743556299,31341,39625,56682,74940
2582333108,16684,20342,69638,80616
2970814110,29518
538044773,4755,75806
1514056357,29512,41903,43261,49442,63428
3234637442,88956
1557914759,29511,41902,43260,47418,53734,55092,63427,63858,70684
1972812382,29506,30305,37485,74174,75923,79874,80259,82285,85741
1800291381,29499
2884744684,2299,9448,17666,28463,44217,65231,82197,88733,88900,90081,92011
212876969,34556,36111,67116,72496,93926
3730126125,29497
2408677460,22894
3410354610,30947,38232,40370,61064,61909,80037,89235,93957
3818463066,29496,67500,73248,87987,88075,90144
1473075730,67732
3299291334,29474
2782346929,29465,73871,81906,94134
3171038594,29450
2228550174,29435
2413875147,29437,46239,58630
1917682921,50060
1231604795,29421
1366348043,29420,62476,83029
2667091473,29415,77942
734930274,29414,56364,67598,77941
2849699247,29408
3914793268,27751,63803,70289
2241799550,29394,59308,77082,89813,96834
1255985934,24075,24078,49088,73516
1423635057,29386
4102985088,767,79503
4017604648,29383
3411383995,7328,21996,27285,44520,56979,86193,95659
1667771395,29381,70027
2153171743,37259
1974086726,2085,90875
3906976446,29411,53513
795267344,66902
2291096649,52676
3224109409,29380,70026
2013374569,48095
1122511972,29379,29529,36547,69804,70025,72100,76311
3511853945,71016
4264384799,70842
1480288096,29377
1833824111,46595
3758947297,29366
2478200712,71323
1947941889,6508,32281,61983,62667
628248317,36742,54552,55660,70121,76970,81459,87962,89980,91463,94107
463805094,313,15011,52297,54010
768834431,29339,62492,77740,84583,93429
2812943524,29310
4105704788,31534,74685,81054,89758,89941,95700
4044575479,29307,38234,62935,96969
4275786455,27509,54412,59973
3092470134,29293
4127540604,69047,85433
2223608226,61882
2560398058,29287,85489
3132528601,29279,70770
3765937323,46015
2474558168,6757,36648,84663
1960758225,29264,47976,88897
2550485251,4645,15048,18592,20066,21441,23969,24961,32471,37482,40637,45035,47274,53718,54019,54276,56863,61211,64818,68135,77461,81822,85065,86065,86439,86832,90330,90439,91424,96991
702795952,29257
1590306081,13250,14549,18965,29927,29940,31333,93212
4263665382,29235
2864446828,27134,47276
2869307341,29230
3747650998,9024
3198464463,29226,54034,56576,57690,88256,90313
2013020628,55042,86364
3220408061,7793,11625,39852,96418
2018781236,29222,76803
3616693021,29201
2711664061,37743,95564
3167575037,29190,83231,86415,88216
1660914216,29177,58186,81770
886169358,5997,10383,14649,16511,16982,19167,19875,35578,40273,50297,56320,58741,80890,82501
2146971000,29173,31901,39095,54461,60807,72170
7649028,7292,76481
2732442329,25190
761825770,29167,35079,42343,50874,71338
1214171206,1574,19934
2555107020,6613,55041
3629280393,29166,35078,50873,71337,90479
2190888275,32603,48459,60729,71476
1720776947,29138,89713,96607
3981312938,30530,34421
3140007000,22723,29582,35494,41524,67028,71033,80625
3581053550,29109,42944,85134,85137
574340018,27999,96631
35954623,29107
2419559839,30254
2172085148,29106,81520
2600989959,65808
2754829053,29095,49407
2647577509,29093,46471
1236516103,48974
3235961419,29084
1172724261,1924,16352,16658,30811,42208,54659
3268814063,29076
4215724410,29074,50358
1687207220,29073,37373,50357
690771054,29071,46980,54635,58975,64503,80484,82346,82824
99870938,28871,34347,48905,49977,56529,57083,71971,74525,74638,85199,94353
155393941,29052,55948,90358
1774183811,29047,56242
889494637,9413,44691
1201647583,29045,37978,45298,48566,54842,64080,93769
45041987,29388
1062123202,22195
707100017,29026
1475348949,80237,93302
752572664,29020,31640,44339,60404
1169519780,84258
3847405273,26203
3396046206,29019
1346966189,61084
3092790451,29014,52268
1060292653,29006,46591,87596,90860
4014062989,29003,47140,50362,52407
1034401626,31805
4240546960,49933
2821122862,28989,36105,44751,65522,72819,84072
3489562676,76290
884790614,1648,1851,2308,3137,3178,6242,8143,9351,12017,12330,14221,15404,22441,22471,27247,27363,27981,39913,40476,40480,41567,44145,47048,52148,55563,59759,60423,60645,63393,66195,68885,69021,70216,77085,86725,90236
2150555637,28987,83565
4192288220,28968,34198,76198,85882
1719580741,28967,36277,51209,52840,58969,64356,71802,76197,85479,85881
218704772,40311
1281614099,28965,52653,75360
2122979772,28961,33643,34304,57172,58817,72021
3392863599,28952,29644,29888,31155
3721756873,48643
1639811421,36038,78451,82707,91745
3287319592,21425,32134,48710,60748,64942
4214391725,28933,46326
322769780,33385
2641697387,28902,38925,78262,94310
1871365020,4832,7511,22966,50500,82950
165710712,28882,37348
2166903154,28876
4239536735,86464
3010444154,73819
1323203218,28870,34346,48904,54575,55210,56528,57082,74524,85198,93858,94352
1536637562,28868
638768236,23073,37094,69269,69332,73456
692105294,28860,45368,56358,69589,79613,96802
2228396799,28835
1872931444,60470
3748446537,1029,2565,3342,4819,14591,20732,34288,53352,78413
1204469463,28831,73890
1161204231,28828,68170
2892186576,28825,45398,51594,68167
2284155179,22167,37283,62376,82245
3073358475,28820,47240,60839,67281,78125
1070569063,28816,74330,96809
1978259971,6767,63749,73289,80552,81704,83042,84264,93135
1008754788,10950,14048,60760,65478,72007
3997095905,28813,33224
1835095697,28803,38907,44504,51528,72756
2427882580,27720,31051
2161737347,28802
2866494072,28801,53703
439171495,9649,12799
4060073661,28799,41839
631669232,74563
736877479,7760
3198714455,28795,95386
3526528677,28793,57517
2106065216,28786,39854,55847,56716,60512,64671,82390,93439,93538
1212246061,28784
4038512119,11076,12936,57053,59764
4085291342,28783
1767437803,28773
112002162,88557,88962
1564421171,28753,28864,56035,91660
958586254,6314,6578,7906,10447,21157,22602,24109,24647,26054,26328,33182,34571,35732,40817,41227,44296,54194,54211,55010,56344,56943,57569,58289,58755,59334,60001,61047,67262,68280,68755,69851,69999,76124,79029,79308,83782,86026
3450229233,36496,40318,56020,65668,70703
580861248,33380
2580201818,8919,27878,35928,40983,44190,63684,91025
3379820499,28747,58576
2784641311,28743,31308,32463,72299
1123410834,4683,46223,78677,87568
71508383,35073,36725
3728105745,9812,11975,12299,29400,50389,55319,61627,63973,81661
1810440489,28732,73365,73602
2214072259,7472,75334,83618
2887780508,28731,47840,56009,63518,73364,73601
1312012653,28730,56008
1976354025,91844
3605191654,1401,56603,96037,96666
1269702299,7638,17189,57137,82224,84345
451773114,14085,43769,73682,91651
4239707195,28729,29263,30676,39992,40055,55809,56007,88896
3828199290,28721,67394
1728306868,28671,29236,30629,54947,61711,74851,75400,92597
1259726663,16343,23459,30114,30773,34165,50556,60157
2309546037,32791
3188138966,24041,26969
813302601,28670,74850
2193151319,47841
1360126255,28667,78927
1600690119,37352
225098098,57098
1056683010,20259,36067,49772
3239284800,24351,84057
2781959389,31442,36319
878943377,12501,51458,78103,95827
2813813306,14613
4276441964,28654
1592968079,35051,47168,53832,75872,89627
2932182034,3266
4054240461,28650,62143
3778352176,28649,33093,39961,62142,89300
2180659452,28638,37504,41833
678194426,52948,82789
437277570,156,8245,51764,70122,81486,88856,96886
1986418216,28637,33965,49584,77416
58687854,28630
2909066124,28628,35477,95068
441782268,28627,53763
2079505033,9062,12089,20951,24354,31530,49633,53956,55663,61668,63937,74779,87947,88384,94363
3628799981,840,63480
2407679670,14719
1261395829,28626,53762,59380,90964
3845398801,73030
3487341010,28609
441935389,95399
1270639997,4936,74643,93185,95191
1888670941,28608,33817,86922
1795616901,28598,32598,40793,81714
3917956467,28594,57736,58558,86628,87078,90509
2281069493,80546,82907
223040851,28583,59125
2562477380,28579,38296,63320,82270
1488568891,28577,81992
54108052,26076,51033,86957
4096306112,28570,39330
2904153676,19421,56746
1752829303,28565,43524,73950
2709950627,19809,29749,43129,67578,87582
978965074,28558,33471
1724216902,70892
3716641477,28525,28592,51816
702575791,28478
3258455593,28475,49521,78529
3769895970,75078
2745356407,6046,18837,78771
352698161,28474,67596
25519481,53325,94800
1592764895,32680,80951
2250374302,28472,67594
474440440,26630
4225213456,28469,58007,87658
2130514227,63306,71257
289408480,12427,12907,14771,19648,25117,30043,43244,65560,66390,79956,80080,89357
474673748,28456,58046
917968222,28455,72585
184683531,76320
2247932724,28453,36279
617133872,28433,62998,75407,79071
3382264667,78961
2864915778,28432,29780,34235,42948,88448,93291
2323158311,28420,95636
1729002550,77262,91726
3095141024,28417,56704,61104
3314192744,28403
1160536145,94511
1957968881,28401,38355
75358469,69350
1203640410,3717,19473,20766,27243,31919,38646,41347,47065,48338,55176,55666,57976,66125,75018,83943,96751
595947700,28390,57466,58911,70482
3242068389,28369
2158498534,28359,47773,55460
4124451600,28354,58276
2486109562,28350
3581839356,28346,40665,43373,45813,81608
1310931266,38249
885957841,28325,33773,34298,34630,35169,52123,75791,76101,81322,93619
2033321020,88268
53163454,7680,20261,36069,39942,64751,66165,78208,78376,80422,91032
1011944648,26371
1616448450,37833,40183,60831,75313,81106,95722,96148
766376736,28323,37002,59592,62636,65461,75231,76040,80525,83423
1313882952,28316,59843,71994,76545,92962,96963
4190421457,8006,17877,20908,21922,22448,49756
1357951077,28305,38515,38787,54416,56112
286293714,28302
663335610,28273
1052756734,28253
1756884154,93709
2829617375,28230,37868,40372,78290
2369345803,28226,55097,84725,86348
626242616,28222,29451,33639,39870,41455,47805,70897,82247,89431
2505187003,1182,2392,3121,3718,4359,6834,10374,11426,12327,12392,12400,16675,17162,18880,26411,26638,27244,31555,33916,34606,39411,49670,52073,55177,55667,59756,61345,61472,61823,62803,63931,69760,73784,74340,81675,88648,92691,93030
2004271277,28220,29484,44662,73835,86551,90486
2597489869,7908,21416,37819,52518,60878,81731
21778017,28212,91345
2655277522,28204,40572,48145,51430,53860,67794,71352,71770,76729,82069
204121479,4050,11012,12693,16240,18005,23320,25799,28542,29115,33657,34084,40378,40419,42303,42886,42904,43597,45831,47415,50843,51083,54589,57638,58436,66115,70609,78332,78698,81979,89731,90425,92455
3232658267,5065,9527,20383,27669,35539,35986,38026,45920,47851,51859,55113,57665,59089,60070,60121,61169,63526,65831,66301,66830,67560,68425,68439,68631,72747,74738,75982,95985
1747218630,28201,29544,35355,36859,53418,58358,68937,71214,86392,87070,90604,93393
3896346007,28189
2800338943,32831,41273,44081,52730,55727,57037,58535,73044,92764
2193332048,8628,38242
987307616,28188
2067003029,28187,31465,42114,78867,84109,90863
2751998888,28178,90155
4008373228,39893,53685,82886
3467519001,28176
2007212718,48160,81098
3314073507,27866,33832,35554,41583,46747,70161,75971,89908,90442,95851
2245377855,36450
3886037342,3200,85302
491084738,28174,29621,48206,94548
3584836457,1294,1713,2412,3929,7053,7236,7873,15770,15940,16007,20410,22309,27377,38865,39336,46634,60976,62190,65720,70619,72134,73646,76098,86760,92743
1334778976,15804,59516
646283452,28164,58140
3196048883,28162
1715860940,38048
203495604,28149,34022,54851
2680225564,35917,68790
3270147827,28144
1719622159,59820,61870,71320,91070
3527372957,2421
919309119,28132,48868,51038,63141,64446,84729,88581
2037135874,35925,85868
1604156863,28131,63140,66410
2291241723,28109,50265,50607,55138,56518,57046,69013,83806
1999240444,44794,62332
3176230383,28107
1924209489,28105,83549,96132
370893982,3889,29740,33315,33891,39283
4038292484,27925
1008778450,28088
2163609396,24797,28752,49299,57821,87900
1904073432,28079
2865250780,49976,71970,74550,74637
856135872,35298
1213192212,28072
513056619,28071
1523249566,59349
178687655,49978
1555704420,28068,32203,53551
2070745730,28065,38063,41771,54878,60740
493771645,49339
4237086731,12384,19205,70934
3360111314,28045
1548072659,13166,14465,38074,58877
3827447520,13314,61924,84067
878221960,28009,95589
1470733753,28007,92503
2242808138,18607
2270608215,27994,33191,46763,69243
1594819358,24027,37176,37358,47243,60865,85461
2017015347,31521,46738,50916,85311
664966870,54577,55212
2264229949,27952
1106784423,76340
1390442933,5705
2114247898,27951
935101203,27949,39480,58166
3935437466,27947
2064046012,4843,15436,17057,35119,48323,57048,81404,82849,87292,89591,93294,93545
1413354478,27932
1923222078,27926
1263904979,33703
4091005367,41341
1987791956,6374,12904,19795,26396,44360,51467,74429,75423,80660,85043,86815,86993
1312643555,33607,74555,87645
3042927268,27919,31024
400148546,11565,44341,64522
692422251,14551,31335,34952
4021256448,27908
1352186776,27903,66579,71629,82563,82933
3036336752,27901
1266924830,1819,8488,16367,20471,24353,37231,49632,49774,53810,53955,61667,69421,84059,88383,95708
1384065765,37290,83166,84870
2691509618,11979,15248,24769,44679,58352,72159,72225
715466772,7520
3777641396,27856,41445
2310481003,27334,61276
3168040085,27854,28024,81009,83406,86488,87668,95548
2979702169,14233
3950956108,27848,41723,67067,67432,83953,89741,95380
1699971493,27837
278949417,27833
2123265732,27830,30109,45621,73728,74445
872554574,602,27057,30904,95234
2657494393,27703
2490745365,27812,53248,63431,88804
2599251199,27811,48404,49444,58215,63430,73686
339316549,59015
1062298570,53916,78198
2932027338,50207
3410646425,3230,6045,18836,19047,54303,82248,84842
3791875233,27795,31427
44109976,20288,30503
2898568391,27787,63708,72784,76262
188571655,34063
397882318,27767,48228
863014901,16916,19325,31436,32859,34548,43444,53802,60896,68607,73095,81682,84655,90716
1669654323,27727,77699
3483706438,27722,36512,66327,69246,71239,73883
2307472435,32901
18685152,27721,60430,73882,94545
1393121566,31076,59058
1629826518,65108
352540279,36387,80325,95129
2645236546,11079,47695
899052246,27705,48351,54801,95231
2845713427,27684,34937,60391,69312
1642953319,27656,46547,59957,80134
48382695,22649,47321,67270,71376
993379577,9591,15958,19869,21893,24993,68474,68701,80365,80992,83822,88185,92387,95962
506351031,27655,31092,46688,94982
2167482413,78641
3993646583,4014,25398,26468
4111276141,27654,47973,78888,80924
2054472634,27634,28696,35654,47528
3490885696,27628
1677314011,27625,36107,41636,67112,72821,83287
1002718764,27624,41635,64736,67111,83286
84786879,27620,40801,75233,77982,82196,93095
2589516780,27606,35643,38762,39600,52308,52910,56252,70105,71807,87088
1318581355,27605,37318,39473,61921,71806
726664228,55099
1039923005,11170
2008553810,27597,31039,33611,51505,53064,54606,54974,56878,62513,66705,77024,84478,84859,86093,92217,93025
545786988,27590,27786,63707,63810,76261
1847036398,88097
1321792390,30198,31101,51891
1779400688,487,1834,9355,14389,18078,23162,26577,32186,32222,42053,47561,49382,55371,57980,60689,67708,71431,72297,74830,77605,87369,89083,91072,95373,95988
3703109439,3535,76323
1239369405,31441,58160,62226
54798366,27564,37215,40904,45254,79010,85431,87378,96706
1177116136,51196,81156
4078096604,41441
1636550341,27563,54732
1128835813,522,4092,8280,17897,32431,32805,35092,43762,43910,45353,50892,54530,76722,78275,85641,91658,94367
674750744,27561,34358,54730
631306326,27552,71949
2346768627,723,2402,7709,15062,21746,26190,28663,34696,37009,38062,41770,41828,45945,47092,48543,52185,54877,57729,58872,59659,62222,79623,86107,88079,94627,95101
711784635,27545,61867
1486651580,31388
1091730302,27544,61866,85362
326832199,5062,33309
942188575,27543,30205,69427
4118959682,27530,36115,89085
3331252082,27522,65877
3553013438,4267
3340179546,30404
98897153,27515
1625920208,30216
2744815444,16687,91499
3779204618,27498,50933
2734103094,27490
3343058367,27489
3195089207,27533,27554,43540,46075,71951
2350004457,27477,34090,52857,69519
1339141976,35770
2277992495,27476,69518
543786787,33702
854283153,35468,57078
568773019,27475
2974341698,37246,87417
870215627,27471
1370670993,48135,96004
3573717798,27468,82551
1562139030,27443,56825
1792671343,31750,32978,61834,89193
2646178417,29289,36723,37553,87779
2247102011,27437,69446
1633079796,30839,35446,74654,79367,82398,91899,93656
1506433712,33772,34297,34629,35168,35601,52122,81321,93618
2000020093,27436,55015,63044
2884485333,30436,58421,65429,72992,91116
296969378,27433
3687013298,27432
2375258112,27428
3349450152,54090,84097,87834
2528717814,51828,63524,68437
582249518,34747
2513097216,89603
2619797049,27425,74846
3621759422,27424,86803,89739
18441586,27420,58065,69200,73156,78900
2544080334,34986,45807,49781
3209582968,27415,31764,54401,54449,79757
2917959817,30663
3109598047,27399,74199
1021309554,86215,93363
476829230,3156,29337,51716,51771,84581,84930,93427,96985
1875705445,27397,48854
1363971036,1776,42690,77946
2253753519,27391,45014,63743,84183
1646269316,27371
4272601026,39896
2793667790,27346,52786
673351571,5865,46324,86577,87453,90150,92443
1963599178,27344,63705,63808,71073
2799562340,61966,70425
3784137685,27343,63704,63807,71072,73191
1555578218,7152,8372,8483,9517,14566,17447,56896,58228,65263,78239,83200,93034,93211,94394
1818354524,27341,53606,55207,64883,70393,71397
3329797757,2509,52845,58649
2273986322,4135,87280
2290805240,27336,29430,34679,45387,57902,61278,63295,66795,69844,74155,74348,95008
3944797852,12989,23931,24972,34921,34926,38176,39821,49784,60035,62689,63350,67739,69932,70644
287197527,27333,61275,72666,73366,73603
3666837682,3772,15103,18977,19084,28500,30343,31648,34127,39976,40340,44514,50885,51160,56703,61103,76349,80732,84371,85987,87002,90936,93996
2115382506,27325
2565235284,27323
3530924030,17784,20098,81360,91445
2965767238,28186,78866,90862
2729773305,27319,62072,73936,75562
3992915517,27316,31807,54712
1666225843,86117,86586
1994760518,10769,11239,37885,54749,85753
1483609426,27315,31806,54711
3017299589,4128,7166,11970,16665,20347,20689,27234,27976,28738,30392,34327,36352,36574,36883,37238,48655,50902,59297,60105,74822,76806,79812,80243,84559,84594,85263,85287,86620,93642,93830,94602,95163,96490
4111326486,27312,32189,37911,46838,49710
198402009,34454,75306,94382
2307993236,31330
2474439586,27303,37865,47567,54870,57415,72064,86347,95944
3138721882,27293,95070
3516870339,27291,96557
2369963104,89264
1799920082,23815,34340,48932,56032,90649
2895670018,27289,34577,35983
1275793940,2075,3577,8466,23736,24881,29151,30820,38971,41084,47318,47553,49304,65135,71740,71922,96779
552349013,27288,30078,34576,81093,81439,84557
3773370612,27287,30077,34575,81092,81438,84556
1011070682,48035,91994
1962959720,23443,23676,55133,78624
3551293074,27280,33306,49665,52662,70387
1831039418,39030,55546,69135
570417795,5807,16247,75156,91521
3085643263,27273,66510
1631522231,53329,57996
1749537544,27268,37842,53527
1797010238,27267,33098
1291582995,27266
1285086999,25566,96078
1972116654,27265
2479037875,50083
1344018080,5354,6060,11009,17085,18327,31458,37116,42175,44469,44717,45250,45836,51080,51555,54727,55298,55510,58433,60906,61570,62109,62781,66253,70660,76063,79337,79364,81392,81566,82037,82468,84162,89779,91172,94884,95022,95622
249914032,27264,34677,40349,40585,66793,72258,72458
49447152,33477
3481586538,27567,42320,66789,69451
2146622546,27263,63811
151153065,29416,55689,83316
2050858737,46176,57652,65923,73579
2426146918,27233,28527,34326,34335,36351,37237,54032,74821,84593,94601
2959853986,27213
2487595302,2153
2495233251,32289,61133,85429
1705352136,27208
3179924735,1426
35867183,2705,19695,40999,92686,96468
3109588740,27191,60448
1949364796,15092,41071,62172,94022
2053441495,30798
3840409157,75387
1496021720,21397,84333,92182,93482,94890
1040650801,27190,72340,75045
3742289873,28473,67595,90452
2280081181,27187,31702,34762,49493,49502,49698,52631,86432
2234481705,27173
81122706,2096,3300,3436,11552,11606,16278,26325,34568,41239,41529,42012,43697,46540,50602
2503278351,27170
3209692811,90575
3935966608,26470,54419
560481773,27166,33458,39901,40827
1282604930,27165,33457,39900
2791919903,11390,29306,76443
143763262,27157,37807,38138,51812,55935,70597,80635,81851,86838,90619,92094,95049
310998338,27153,90385
47302890,78521
1998323095,64382
600887032,53370,59865
3485357186,47919
1130117175,27152,90384
3921035936,6690,49516,49894,57148,69034,69630,70555,95059
2835829970,6212
1948130564,27150
1680589519,27138
2022534581,27135,36524,47277
1927924093,83230,86414
681935443,77561
1365673322,2647,4888,30107,45396,62271,71260
3742464179,27113,35054,55946
3233741884,77526
1657006897,27107,36099
833076429,3336,24837,30275,30418,50077,52317,58566,79437,84577,92835,96385
1775938800,13772,24201,41556,42308,50220,61021,66816,96060
2468343308,27089,44535,47284,59083,64805,69682,70414,75096,91290
3297506869,49764,67273,70141,73395
2044831799,27088
2214262534,18556
2666058790,27084
3636879473,27070,61461
3339955822,49206
2052151330,27066
3544446157,7677
2235347989,27065
3280755415,27056,41172,86984,95233
988623811,10231,16374,25681,37476,59689
2848091496,27051,50206,57601,62356,78910,85535,86960
38635763,27050,43229,66861
2643348890,38893
3561831545,31396,33227
3194266793,1249,54417,56113
3752711448,27049,43228,50289,55547,63900,66860,67636,69136,71889,72999
4283026539,27047,34460,39128,43226,52014,52255,56676,62725,67065
1719050624,27040,58780,71262,71697,72303,84541
593924653,88030
2580897224,27037,48358,96923
1608142957,27036,48357,69908,96922
2813087376,27033
1273709032,27031
2833898965,27030
178409736,42748
1914075783,1802,2927,3134,3808,4159,4408,4579,5110,5230,5331,5417,5659,6606,6778,7600,9015,9513,10828,11221,12077,12110,12308,12818,13255,13612,14218,15147,15351,15670,16731,17399,17557,18164,21390,22280,22350,22660,25692,31269,33942,35685,39045,40628,41910,41938,43873,44118,45546,45605,46917,47623,48088,50689,54483,59731,60273,60426,62833,64220,65213,65779,66803,67748,72047,73701,76567,77813,81699,82767,83127,85822,86537,87711,92057,94483,94673,95715,96414
2260278037,37823,42487,82691,84511
826683872,27017,74498
724483179,26997
2364710328,31837,44350,58475,76219
3512819732,3173,79676,87649
3867971502,26978
3323767862,26976,78807
2031110916,32932
3828833373,2940,4005,6793,6882,7451,16979,21405,94993
916280255,26968,35845,67614
1083705432,56138,67934
1570528242,26960
148228435,37972,49703
4240600362,31116,39549,68297,72218,93105
2795471165,52668
3561220557,15353,63748
3611805896,26959,29657
2149573770,82978,86018
3757452044,51968
3415621680,26957,58918,66899,70728
1571739148,26955
4108190747,37029,61937
2703653466,26953
2424749267,42683,57101
2083201790,24530
2692308935,26945,58937,70443,78947,85596,88497,89686
3501813885,26943,33026
1964013356,17460,95553
2932567010,26942,33025
819097931,56441
1402025170,13975,23412,69347
1122944286,26939
3064694091,26921,31099,54077,83285
3770986801,45867,79506,84442
3609612626,26912
3321813271,96905
1019421695,26909,73576
1579773690,34267,67391,68878,69307
3232900844,26908,73575
2654715902,26894,57375,86394
3437154967,48150
1409729555,1662,1875,1892,4540,4567,7264,9083,13506,16485,17149,17370,18297,18345,18783,20957,21139,30880,33634,37334,37798,39264,46910,48987,50135,51164,51236,56181,59545,65124,70803,75247,78445,81578,81931,84302,85059,85203,86380,89284,89650,91768,92945,93263,96270
1324323398,2517,5673,9199,13825,31230,75595,78234,78472,79601,79638,80500,83513,83767,84217,88135,90175,90291,91774,93572,95305
167984210,26871,27474,35963,62903
282062320,26869,47592
1502019996,1934,39845
2546695970,26868,38217,38410,47591,85416
3528597675,26846,42149,62597,66207,78006,82076,89461,90704
2684734503,26843
1054137242,3046,20783,32571,58538,64047,71800,87391,88541
3841242834,26840,62514,84479,88374
3897657484,13001,49121,51840
2154559224,27439
2410761915,83594
706393457,26829
542475083,21589,25440,28043,30273,55490,74503,86449,89745,92833,93601,94678
3090155405,24906,62268
706060920,26814,36058,64412,76141
38272440,6554,7198,8597,14129,19922,21025,28858,43036,50975,55101,56356,56806,59511,63164,64973,91706,92009,92348
2186927790,35032,65493
1052766217,27704
3037098056,24126
643153960,26813
1798971341,20271,38470,54874,60134,80052,95407
2877336585,26809
2205310296,26804,26984,36532,46580,52432,70638,73023,78898
23883066,491,3731,5226,7344,39419,42333,45758,46083,53036,57563,67219,72057,72373
454102759,26791,71794
2561203979,29979,61599,94062
2560218227,26777
4065372897,3086,76799,78523,94569
118919228,23878,47397
3911456652,31584,52232,66206,78373,82075,89460,90703
124415779,92592
2996027433,26773
2022945488,35829
3477761829,85186
1528953286,26756,73513
3739541883,26890,31666
2789658771,1590,2554,24929,26926,42123,43012,82879
3068945391,26755,35738,61960,67674,73512,81076
2953862794,25627,28559,30551,61050
211941971,26746,39673,43864
1780653728,37177,65860,73128
2099438092,3677,8529,15665,18463,36391,38433,49920,50645,53950,58486,83810
2690466186,26730,58938,78318,78948,88498,96166
2756841812,58134,94945
3136141845,31490,37393
3378087651,23726,27103,29353,30244,34141,37187,47178,47293,47827,50529,66894,70030,72867,74852,85149
791677527,26726,34184
1182220337,32914
4091906529,55043,64324,96101
2778359320,4889,45397,62272,69688
391333097,9040
3014004191,26713
1132039976,6936
565391598,1172,25257,27241,30574,36631,92759
1251289705,27231,72227,88294,90507
1166715005,10054,10493,16784,18966,22664,25106,29928,29941,30135,36416,38741,40737,44979,47086,47108,49505,51656,53767,55826,63170,64490,69187,71038,73274,75226,81184,86756,90500,92253,93213,93552,95137
2944196894,26709,78467
1713187016,53701,54548,63914,80394
3088300723,26707,31030,78465,85457
2396831518,26706,31029,78464,85456
1363593671,73976
402755117,26705,33856
4073560459,26697
4054224348,26695,41366
3752991908,80512
2567361057,26691,62382
802073184,26680,63817,76267,88723,89031,94818,95247
932592197,393,67010,74425,93517
516799741,26671,34236,58172
26348279,26669,36135,46448,55936,57094,63537,69829,72731,86839
2893373572,13553,68353
1393120943,34393,81138,91454
756871737,26662
2637573585,26661
3617254824,26648,26715,38339
3534260564,20945,41360,52189,55634
3197522166,33525,42936,68926,75367
2598084613,37660,39745,48751,52160,72591,74392
4212511384,30713,45518
1185903514,22089
1567852398,26647
1288246220,36239
2876450989,26643,56212
3660925270,26629
1182912514,26627,69918
3659634970,26614,35048,36963,75445
3197003665,25950,38012,62536,70861,75321,96567
3945882705,26598,50802,60525
2004217388,26592
2075736895,26584
690834551,63754
3514098245,26568,27603,35027,45382,70969
1689233344,338
3298628921,15281,18118,18222,26510,39241,39255,39526,50458,53191,60571,61493,61891,62414,64397,65967,68397,68692,69416,75662,78156,84383,86739,87340,90947,93810,95749
267571867,26527,30988,32763,34207,43761,68567
328173776,26644
2448674569,26524,54633
2205320738,26523
89791306,89113
231260523,72677
3973984118,27875
1049647916,96541
440566488,3509,5764,37545,47819,75085,75952,80987,81491,88677
197515121,33520,40172,47451,48018,70626
739655198,26515
1115422967,26123,59473,70542
629757422,26512,38083,39528,56542,61767
1897409839,721,1237,3728,10673,11903,18707,36112,67117,72497,73925,79787
570155469,9274
1272281003,26500,52696,82367,95271
1265856696,26482,59235,63253
4012441472,26467,52821
3175302779,29081,85573
3300066850,26454,27262,46367,68254,72783
2202790483,54888,67589,74518
3507593912,26452,46365,68252,70871
3022770528,26450,37943,54187,68079
85191621,1565,64476,95665
409868746,7044,27121,79042
3076387325,26445,44742,50100,58832,74183,75048
3957896702,26442
1797169834,40875,69422
530839037,26435,78406,95741
4079714608,26434
120855479,26432
1617309120,27281,49666
627436073,26430,60515,78041,80294,96075
1343774157,60741
3027980487,21561
836172011,26415,69115,96020
3518947827,7048
4145876853,26393
457415218,7931
3162149259,24396
1545090016,26392
1629817484,26385,29735,82537
3285443225,26382,51057
1580565508,57119
2210246253,32106,42411,51928,62306
435104611,29185,46432,55631,57034,72847,90406,92195
1758387065,662,49872
1964431669,26376
2417736706,87724
50049667,74717
3208020116,62084
2320706465,34655,66272,76643,79488,81603,87138
3060058262,58744
207862943,3948,55943,59540,78635,95032
2108246375,26372
2022337815,35837,74112,92376
3506353816,16936,22908,29364,35001,45169,60419,71391,72383
361087565,26368,48976,49543
1345641279,26365,56819
2940474680,26361,37186,38332
1991141889,26338,52548
1039300613,30060
2499605672,56150,86602,90525
38823093,26318
2028751246,60756
1996990751,56781
261324704,26317,35691,76103
3392807865,10131,61014,62087
781169364,26304,37614
3633765190,37092
2005026516,60043,70983
4159751078,44168
3462614642,26839,56511
755837107,26287,38465
1431517992,35487,65149,71782,91965
1312460653,26275,28343,29968,33596,35826,54702,66942,94413
819270424,434,7669,19078,22254,39327,51072,76334
1105732087,25961,54752
2164732430,16463,28006,81638,84132,88760,92502
430480818,26272,96161
12781331,26267,33330,50495,58494
3073131433,26229
3478150011,26227
3020038333,26226
3381270679,26224
446255051,745,12733,21012,21114,24247,27702,49263,50835,52284,58581,69325,71929,81550,83638
51962007,26215,51997
726835474,79876,80554
359596714,26214,51996,64922,86769
2711808356,26199,49252
584746173,4704,8515,87218
1314543199,30117
1697511187,26180,44997,52921,70779
160429040,26179
3525789035,26164,79134
2549985198,26161,47342
2403921008,34662,37904
2815982978,59581,68735
3495426118,10647,24872
314181784,26130,35277,40721,44397,66264,80704,85916,88538
954205903,26128
3593271672,53869,84928
1586368426,9395,37446,77835,79920
3217983491,36288,68016,89598
1625882381,35721
1466929330,26126,69192
3654370630,42129,48023,72035
2647215759,26125,28361,30691,69191,76609
212824625,26120,26204,28767,37159,45143,46609,48245,51847,56096,63832
1079592382,81859
3240309005,11034,17249,24171,46786,55140
2345923179,26118,36125,86835
2743631581,27839
627049490,29620,48205,94547,95876,96795
630469851,26107
3916576117,26105,37578,37641,56228
1502372118,11528
4103955272,26090,67187
3200912442,53519,57761,60095
3651808603,1840,2420,7899,13697,27357,52918,65856
1992830650,27546
774303537,9717,21488,21737,24035,39321,45568,47021,59076,64454,66743,83329,95364
328216455,24442
2363279816,26074,28422,68869
328126249,26072,29233,66620
384684774,87087
3675766415,53961,91503
1383738790,11434,71775,94347
1004927380,36160
4034068649,32448,39439,56947,66212
3404465055,26069,68939
3733947986,26062,26321,26473,36405,47566,54431,77791
3606756495,26061,26472,36404,54430,58726,60844,77790,83439,84611,85103,85127
3712534917,36549
1953066201,37133,47119,49147,58305,87261
3145306321,36197
869078580,26058,34398,57873,81042
1572110232,57138
2135826872,26052,38641,67762
3396239732,40499,59898
1416930827,34730,56788,66241
2420948224,26031,95794
121409910,26025,51612,69391
254661117,66350
3010571988,46709
3408928318,26015,75898,76737,95256
2865051736,10387,56316,67300,76820,80028,81606,88975,93633
3815474905,26011,36951,82883
1362406255,25978
3695551462,25966,66618,73614
2934260051,32887,49271,55714,56025,72657,81505,84801
201443046,25965,66617
781014224,95467
178799235,25963,31164,36874,78128
4216731776,3987,6518,9144,18403,30657,31473,33038,38143,40399,40490,41857,44049,50995,51640,51931,67831,71671,77972,83956,88781,88888,94337,94390,95920
47388868,29637
2096766284,14429,26416,27306,45898,58808,79283,91253,94512,96021
193373963,4125,85404
3575879539,25948,83938,91385,93663
1715227115,25937,68461,70504,74702
475989875,14544,14671,22875,24495,25795,30708,32208,53690,55493,60338,68959,71212,71908,73392,75357,76183,87194,89340,89663,94987,95258
2576168680,34660,37902,71229,76373
863879386,36108,67113
2399595489,83270,83295
69789591,45096
834458869,25876,44600,51589,60438,66237,92993
4241226115,69300
3797350695,53281
1357604622,32231
424925036,47844,51875
2201661132,25862,34231,37287,47834,50543,52900,68933
153714918,25850,47339,56873,94263
3930389334,51596
3928126238,25849,47338
431094782,86627
3896177645,25839,36033,49830
2942859157,64854
1133462471,25834,69920
2258090504,25832,75804,76059,89119
3443726405,36199,43535,63127,68345,73398,80212,87609
3245448335,29659
610429099,25826
2554614055,91716
854051713,25818
2984740122,15476,31896,34812,35264,60192,65626,67161,67694,70198,81022
4197373823,25817,27998,31445,33263,52375,76171,96630
231253409,28180,28571,69095,82250
3488825799,25812,72417
1301844790,25807,47965
468796816,1467,2175,21701,26437,28894,44073,59927,68173,78408
439119398,25805,78063,95478
2272400571,641,2397,5425,9219,12303,13807,18236,20856,40469,41066,41757,51477,54123,55592,60945,63629,68236,79536,85676,96945
4279921025,25788,34536,78085,83483
1872285630,66167,76048
2864498924,9442,9493,17022,18449,26283,33358,39468,39611,45840,51050,69088,73337,74358,87696,88827
3156103987,26657,34060,37132,46991,47118,72181,87092,87260
2800977934,28242,41425,50175,71298
1435192448,25785,34533,40200,40593,44254
1517745810,25765,62334
4178459107,10992
2817001127,25755,27748,30667,60482,69272
3440968437,857,966,1712,2777,2860,4155,5018,5611,6813,6951,7235,7872,8226,8588,11418,11772,11991,12072,12144,13111,13268,13280,13494,14597,15769,16870,17554,17995,18034,18908,19187,22308,22426,22459,22467,25375,25689,26187,27376,27511,30958,32130,32987,33750,33939,34539,34794,35934,39335,40307,40853,41043,42350,43401,44676,47617,47861,48815,50380,50514,53935,54480,56280,56325,60686,63133,63343,65210,65947,66575,66666,66718,66997,72222,76097,81918,81952,83844,95083,95486
1774481120,25753,47784,90880
2392635674,68936
795327087,25751,72322
1887181647,25740,26673,52128
1123638960,25738,33689,70745
657610005,25724,64888,93731
2316352587,25723
2540414244,71596
3205430147,27087,48638,69262
733390517,59454
935397552,25722,54177,55335
3764936178,25721,45256,54176,58620,67898
1951132858,57720,76780
652835830,38152,47049,47678
845121839,9498,10773,18389,19280,21256,22527,23614,28377,30513,36173,36398,45106,48419,53046,53362,58861,59751,62918,63370,64617,65120,75736,76673,76811,79303,79705,83736,86219,88832,90119,92803,92908,94257,94958,96113
1552879396,28227,37090
2398265469,56731,83835,85624,88012
2525898940,16044
4007583895,25716,34253,60184,79652
1607414626,38044
177420841,30505,71730,78246
1204789274,31467,69252,71526,72903,78869
877629012,25715
2104963841,25713
3508207434,25712
2942708757,25707,31209,44200,46456
992051543,30552
3954076805,25696,46819,67357
3684175948,25684,26022,38023,40035,61268
434846039,55615,69268,73455
954303722,3847,7247,8559,10680,13852,14932,18175,21144,33071,35307,40580,44944,61412,67676,68558,77034,77232,78577,79890,80479,83601,85858,93901
3051936544,25683,27261,59691
346049761,25675
1378516560,25673
2349758831,25672
836258095,25385,56347,72175,89945,95792
691239932,25646
1043276669,11487,12928,18917,32628,35071,62480,79479,83681,89991
981247265,25643,32615,57431,63608,83246,84244,90646
3645083426,25636,41882,47198
3656319200,62443
3263852063,25634,47196
1518371108,37653
1640852911,763,44597
1750124444,23845,28484
1627840109,25600,29567,44959,59955,69656,72832,82858,86926
2350475383,25591,38588,75776,90685
1149538074,54492,87415
2941035728,511,15864,19973,35698,41586,45707,77147
244711146,25586,40251
1791217714,96011
1148678469,25582
1943735416,25581
1406786101,7082,10763,72794,83223,83576,93716
1000457501,25580
412335250,47846,59860
3933429739,26232,46813,63010,69818,73634,73929,94514
645950630,68974
2575342838,56474,75206
1193928466,25571,48469,65826,90556,95384
3940278535,25570,48468,69042,95383
1450421121,38978,58204,66977,68394,68686,73974
284720945,32353
2605618680,2555,26927,43013
3583636190,25561,25578,37329,55288,95479
350197460,36209
955201023,25560,37328,42198,55287
3645438591,41408
2306302967,21187
619962126,25555
2214892618,25546,25905,32294,58311,77390,92579,92605
1516532671,88598
3801745291,25537,89568
3288769396,31422,42733
14427160,783,9868,12310,15128,22826,22957,31815,41351,46273,47376,47625,50112,55116,60290,63017,67750,71863,74789,83857,88665,90197,93281,95474,95654,95825
3775075504,25535,32168,41198,53679,65743,69854,81689,82405,89566,90210,91795,93305
570026964,25524,29580,59177
3970567843,12233,16103,29459,56720,58693,64739,77118,83979,94866
957486972,37673,49157,90125,93335
3666423811,25501,56017,57763,88223
1128254140,37448
1143960506,25497,87463
933039848,25488,77924,83876
1269664790,25487,42479,53205,57782,72960,77923,81536,83875
1211059706,6940,74500
3914456463,6979
2213405498,25479,70890
3834960812,25478
298495381,15563,30187
927790371,25476,55344,60239
528491575,19841,57672,77305,87276,96375
4012399282,5009,5909,19949,79348,79628
1597984454,25473,53758,69457,73917
979006876,25390,26918,31525,37864,46743,56352,86346
507177077,25468,27742,37752
4273145590,25450,39126,77032
3007480550,25445,44665,55603,63755
2110097560,39895,53181,55400,93418
4222209053,25441,28044,31756,39788,62462,87127
2628374632,25432,36298
3754662172,25430,92875
2008811103,47946,69641,74451,95005
696061121,25429,55851,81365,92874,94544
3136839144,59346,80553,82056,93136
1182398578,25414,64859,79670
4289102159,25400,48463,49400,65485
4132842628,689,1573,5697,7476,7814,13423,18685,19968,20083,22943,24545,24822,28449,30411,40087,42386,42891,43977,44090,45551,51871,53523,54293,54496,55503,60296,62220,67549,69205,75733,78610,82321,94490
980941391,25391,32543,77792,94590
758220030,25389,56351,59379,67892,90963,94853
3492362996,5063
3814134100,37574,48279,92513,93450
1119501916,427,1070,7440,8131,10125,11800,13850,14930,18173,21142,22029,22725,30058,36460,37987,40972,43600,44942,45608,54592,56674,62723,66118,69766,70116,73808,93686,93856,93899
3254707275,25388,56350,90962
3251828438,25387,56349
1608956647,59676
1565957823,23680
2231076594,25386,26030,56348,95793
3002992108,45965,66518
3331243896,28829,68171
1468489273,3669,17691,20300,84318
1456890906,26612,30285,45130,45317,45837,62300
905432546,25384,36687,95791
332995625,46736
1307541340,25369,25589,28678,31769,38586,43188,45220,56856,59561,73326,75774,91572
509115120,35228
2069206148,49638,61598
851480481,25366
2115544118,25363,38166
1678076120,25357,58846,89434
2959648533,34260
1006625949,45367,78991
6543253,25353,63844
1546614957,25342
3620647999,25340
132200651,239,2121,8924,12705,15154,25465,30921,33822,47445,55791,56080,67752
386490347,25339
3066763712,29710,41370
1017312564,2875,17205,18278,65230,67959,86319,88899,92010
165385505,16046
89854676,25334,29539,36636,42139,84760
2018298357,12792,36641,79659,87625,93719
449869961,20634,39860
4003573606,25330,61092
4023571218,25327,46003,61112
1538959974,6347,64378
3202412685,25316
788329302,50245,66703
125679363,25314,43851
3033763925,15836,20630,77999
2215011796,25308,46340,73168
3434841671,25281,67375
959170089,25274,29454,52691,92736,93513,94923
1883079623,1450,62243
4142806696,5171,11727
3137297713,37492,73489
1513832231,49895
499296581,25273,31694,32624,65691,77565,89719
424039852,25269,26198
4115560150,25262
4053572076,25259
3171424009,63254
2815783616,13531,26913,35673,37072,62926
2732820574,31387,56705,61105,94531
1098530941,3268,40653,49108,53245,64210,68163,76205,85678,88717
3926449412,33707
767231346,8871,33608,66035,84466
3487524172,5314,14122,17889,28844,32309,32482,40707,45158,45666,47662,55388,57433,61703,72390,82161,82601,84246,86425,88157,88786,91283,91947
3025775437,25250,25741,26674,52129,75556
1619308446,5132,85850
695502372,30601,85563
3144560458,49760,56044,67057,78032
659706767,29290
4209923409,179,6608,8937,10441,17401,21980,22282,22588,25694,26097,28983,30122,33123,34026,38966,43115,47186,48888,50240,55355,62053,62487,62835,68874,73703,74879,75826,78173,82731,82769,83814,95913
3235969185,8457,26129,88537
3369620434,25236,30017,33199,57494,61623
1883692979,84517,86265
1561253233,10947
462211521,35118
4231580527,76121,92831
3421186423,6084,49287,59826,72230,83897,85407,87858,90579,93390
2589627228,25234,29931,34597,36000,47433,96974
3534135913,25225,92741,96542
3449025386,85698,91108
2698989081,25204
2519382321,48753
2418263077,43923,79152
1985806005,25194
839577450,4600,17792,18671,29822,34563,38334,50698,60579,64986,66871,71985,78975,79695,81723,93120,95863
2402296672,25192,35538,35985,38025
2368364721,1479,10427,16447,36534,46582,51898,55473,57056,57537,59767
3107857056,25191
3697241889,3025,71274
1852484328,25547,33920,38595,39008,43615,49496,56377,66446,70243,71865,96912
2017047411,31801,47041,88048
4247493286,17052
430036089,29917
889984219,73077
3225576442,25187,28862,40323,45370,53725,85406
2416324074,25159
136364868,25147,55187,59846,96966
3109557201,83959
627763833,25143,26294
492630906,29220
1024693694,25133,43353,61991,66874
81230033,25126,48346
1852516692,33936,79123,91780,95327
1006930675,25120
1558439523,12083,63274,74593
1262411136,25116,49293
1160708527,25113
1489026471,87071
3611399047,25104,34637,40735,48050,48616,48697
1044103131,1751,3303,3867,14031,19105,19234,22317,32368,35863,37960,64524,67095,83395,92952
3307404867,25094
901428613,12348,31459,37117,43409,46520,77626,85155,91173
3644558135,34362
2720616069,69238,75271,77485
2589099331,56137,56723
3241179583,25093,25351,46683,49201
685800663,25079,26710,61292,96440
85028814,62259
2131176202,58528
4067254830,25078
3461014334,25074
1550827384,25063,44456,64873,65939,68479,73478,73661,84271
552587480,33440,61313
1205926137,46552
2599967556,25060,39815,51176,68476,80367,81570,84037
2498016082,38821,62757,63304,72087
204934060,25058,51174
1578085599,4933,76531
1030004895,25057,37948,51173
632493495,25056,29531,72102
4029718283,9971,52951,59256,82792
3324943898,25020,26767,33360,39470,66419,70084
3668108067,68650
2812323458,25013
1172448485,24996
947403980,22092
1749440059,35490,36127
573081321,7694,34852
1656641399,24991,32692,51283,69134
1078222431,24981,71079
1284930952,24957,30328,48969,51750,52880,54863,65281,74812,93866
3594263885,24950,48897,86142,89499,92179
291318200,490,39418,45190,46082,67218
3578413706,24948,42513,45748,51046,52703,56367,62454,65322,87299,94376
2728354082,45919,67559,75879,84260
1857447877,29344,74086
3997781455,37887,85581,92314
1953022785,24947,45747,62453
1219418147,24920,89178
1508160852,63052,87481,91577,91663
3672374987,24918
3919855673,24915,26176,57320,82237
972643911,24903,25504,26457,30590,32335,32822,33560,36557,46870,49223,53135,61760,64494,65276,68548,69382,73506,77443,82569,88226,89903
3928357485,34264,47499,70605
3832499935,67792,68192
3589242832,51403,86374
2660293358,24897
2004551945,24722,73195
175764641,24896
131908315,24893,27189,71957,72339
2112707668,56798,74612
3206708848,3270,16806,24687,36682,37069,37565,42312,46648,51068,53991,55232,55676,59210,62923,64479,75295,76207,78884,81117,83654,87918,88453,90902,95668
895599209,24892,27188
1420426763,76056
3925416865,24989
2000525132,24871,43867,65223,68994,87459,96461
841775211,92887
558553890,953,56522,78766
2203361776,3622,16078,37736
920109193,24869,57379
597085169,13537,49321
1399249833,24868,57378
3968478254,24861
476114242,34909,60042
1249480624,5421,41464,63062,65605,68517,69668
2418189689,24834,62527,91916
1233067095,4387,6989,44031,50694
2209515868,34498,34990
3609964237,84893
1780842612,24829
76652050,2135,42744,58376
2334964688,19584,55865,59606
230954050,37669,47669,52563,74411,86441,90131,91575,92942,94163
2261830874,24825,31794,46734,50340,92357
3887706876,46280,96712
1641944134,24812,70336
1767795131,50260
826141459,43894,87241
1616039114,9658
3677771004,24809,53921,67756,72772,74823,96196
4077961191,24788
3462120399,21781,23285,25019,63145,63233,70518,85277
2293308466,28836,50184,57940
952639595,54937,57070,66699,74749
715837459,13435,65672,94642
978356595,24776,28697,57445,78873
1538973325,30213
2362362211,24774,51893,77400
2833483352,60149
990294528,867,18993,46219,51768,52861,55082,87517,87564,94065,94297,95799
2111941483,24754,37463,43468,44140,54825,61024,66819,70949,73312,93888
1046883852,24552
2049949720,24724
1569263314,85696
27117692,24721,63374
258092478,24715,27834,37598
3987194631,76324
2291158481,2958,5577,7746,9715,10007,13218,14870,18438,19717,28709,33132,35411,36470,37149,46193,48706,49428,49753,49798,59638,66521,67183,68676,70397,70697,71360,79315,92860
3514310435,24705,43797,67871
2327644549,32169,65744,82406
1948601686,25156,25815,51240,95781,96628
714713686,24704,43796
1978731977,58855
4052550857,8846,13642,14456,14802,25594,26341,30006,60626,82747,89535,93231,95206
1798790128,33307
1138028966,3128,6682,8739,21350,22182,22479,25730,31713,33496,34412,42280,42928,44114,45244,51370,51558,52332,53071,53465,54190,55125,55392,56332,59831,65843,67769,70714,74621,87866,94526
2342999001,24703,43795
2040115345,24701,34015,63495,96287
3451137881,32800,37626,54007,92746
701624121,32360
2268520498,24696,65687,87638
1869953619,50311,72643,75948
1515033302,18021,21031,22996,29608,46046,59244,74775,79204
1305156865,24684
4269536581,24683,37355,66939
147866482,50489
553037817,24680,67002
3806077285,70887
3889631818,26028,61011,71187
971215224,24673,50205,95220
590430099,79342
3575222270,70005
1070180734,49911,52018
2923373471,24670,29827,36448,87924
2398383856,24669,87923
1417869042,8675,12790,14453,26830,57784,77246,84196,87346,87524,87623,88016,88574,93228
946399281,24666
287101987,94896
2245785858,24653,36546,53121,69803,76310,85000,88403
3147876138,24630,51268,55080,94613,96789
2039564899,24622,28462,51432,55882,63129,72826,82021,88732,89736
3262716191,24620,32097,43957,53877,54660,56259,58031,60826,62719,69537,72368
2260321826,96791
669673942,30160,30863
1836496332,65150,71783
2043698201,24614,26086,74955,78783
822365757,13310,32088,39206,80927,82861,85764
3173799652,24606,26006,31798,37725,41561,47038,53440,55479,58899,79041
1667182233,24599,44763,83833
4185948164,34402
3921549101,24595
1849267260,1096,1690,2491,3588,6160,7287,8297,11909,12355,12677,13228,14088,14319,16449,16495,17169,17549,17804,18321,18523,20233,20440,20548,20641,20991,21072,27011,32425,35335,46134,50423,52006,62280,64995,66185,66850,75862,76022,76887,78534,78800,79172,79641,79959,80976,87796,90542,91952,92665,93326,93953,96676
1010172984,16615
1214803153,15674,21418,25601,29288,41615,43253,44873,62698,65890,75180,85490,88883
3967627984,24594
87560809,30116,60222,64534
2914925190,24593
3767817669,37307,44417,62959,75542
3319544642,1334,52473,83096,89665
3121395157,24587
15044873,24586,25033,27672,28446,37944,45087,70717,72392
285147413,44428
1268154021,654,8191
1630712287,30400,52295,82242
1536667628,57316
182127521,2934,34374
2887144449,24578,26881,32592,38652,38677,45592,46876,48819,56172,63548,72610,75025,91149,91656,94365
2528236452,24554
3410528809,24548
1797760221,62445,65434
2883789131,29526,29631,50572,63216,69067,72888
1009700623,1290,32733,56216,64013,72934,75754,94355,96518,96571,96875
4147508944,24536
3254270872,21116
2881322938,24524
1052807981,28358
2228452804,20321,75738,90121
3715435461,24523
250115683,24512,78530
3574494287,24505
3826510975,24652,36545,69802,76309
2610701717,54972,69126,79651
9118563,24491
2456558581,2039,53532,53754,59223,91343,91756
3654507875,24489,54462
1212848633,24484,28317,35062,50198,59844,60523,71995,76546,92963,95186,96964
2026367643,24473,33099,33236,59938
3793056259,6721,25931,46006,88110
389205573,24470
3521966690,93424
749211184,68103,92878
2343793769,24456
4191321164,41183,43317,57000,62770,68508
2497985299,37871,69992
3434984194,31035,81774
3185610170,54675
1352888165,24453,26168
335096273,24450,56379
1146652047,4351,6148,7888,24799,25820,35095,44919,45373,50895,56561,56769,57823,64281,73663,81523,82535,87902,88299,95180
171154803,29164,29569,87851
3978470463,24446,61332
129852895,57366
3753378195,24445
1665628344,90950
2690450794,24440,55304
4191309548,25173,25655,53455,88880,95530
267023933,24438,47762,48909,49375,51451,55302,63053,81259,87482,91578,91664
863083129,73735
4263101982,24437
975963752,19470
1157551489,24431,39011,42457,49499,96915
1494739169,24429,25558,37326,42196,42455,43050,48646,68832
1256268725,24428,37325,47783,67166
1208248498,53683,78822
3555696258,28177
653270357,24427,37324,51994,67165
2369172857,11987,45763,77000,77505
3214439213,24426,37323,67164,93409
366092679,55305,92593
3730699223,24350,31114,61650,68295
1638595556,24425,31287,50935,72645
1141823588,24422
2238035526,24416,45687,63943
2080922816,7272,8945,16281,19426,19897,21483,21513,41848,45762
1002531855,12468,17527,21993,64050,66000
3048087752,24415,44637
544635745,23432,34136,50465,85242,96556
3613419638,24410,26327,34570,49857,66559
3754973334,939,2657,7035,56595,80435,84012
2076759065,7955,90130
3380353795,24409,26326,34110,34569,44589,49856,95751
2938787003,24596
2900773203,9735
544375927,24407,30024,43020,56540,62942,72460
780704491,26407,36679,53892,55834
2178337136,61007
3847216134,27174
1913914942,24406,56539
587905286,28668
2293382709,28157,28804,38908,52753,54502,69565
2073751867,26607,31070,54098
1019174848,26658
2578385131,24405,24738,30097,38405,47160,72869
3197730104,12968,14839,29599,44181,44479,45325,46557,53508,60351,73446,73961,77437,77497,77903,90925
3288048208,24390,75757
486804209,24378,52468
3725866382,2410,7567,13509,16394,18169,18232,27274,31704,38081,47980,53086,62848,63175,66511,69152,73071,74011
2781512425,24374
2378154696,25585,27733,40250,58091
3560581989,6691
2622734433,24367,39028
1911467023,24352,84058
917085168,36695
2746377868,2942,5889,16505,28943
1659165976,24348
2628011502,49517
60606241,38154,55328,60236,63070,72473,78519
1780867805,26127
816711758,31800,47040,59277
2357587712,66,4038,31698,48390,68945,87879,91250
3693663013,24330,31142,34611,37128,43623,70302
3979959396,24324
2940097038,24320
4093645997,24310,77465
3287149190,24309,77464,77540
3719960112,1222,2416,5070,6586,15617,25774,27140,74047
1259589005,24304,53128
1547806463,24285,51286
392997350,90682,93834
1340514498,25062,56073,65938,68478,74864
1233567024,89975
1957680593,45392,58085
4067709009,5510,75185
886233222,188,22667,61692,62823,68726,73290,81705,82894,83043,84265
1420401029,29872,86880,90266,92199
2790654223,24283,65377,96616
3264903228,77876
474763030,37062,49947,56515,82774
2831759023,28066,54879,84224
2072576925,33743,37761,42809,70514
3530833693,24278
2497233072,24263,50546
2350374818,52388,61829,88682
2465484110,5166,16298,19442,67474,74427,80448,86785,93329,94100,96658
489955604,24262,27164,33456,37289,39899,50545
457234079,59079
2808796559,27129,36054,52114,74669
1303761671,24261,27163,39898
936033916,30487,32459,34451,36771,41670,92221
1375948918,24259
2348015394,24258,25042,32931,35676,55331,69460,75817,76338
270716222,63035,72431
1000873286,24256,25040,26914,35674,73990
1339395239,62041
3767542945,24252,73150
2669311543,22937
902810813,24251,38352,60770
1778366548,24249,60768,95219
3179505134,68404
3589794152,24248
1799043198,35130
1509409708,54946,61710,75399
2487890124,1215,1329,1810,9108,9410,9619,9670,10799,13371,15609,18765,26155,32518,33767,34243,36836,38061,39622,40231,45756,46126,47232,51560,54876,59883,62214,62828,71347,71549,72055,72512,73486,74980,75844,76901,78778,80281,80827,82135,82455,94880
2540404238,24186,91392
1436668567,24185
2272599228,24183
4012300612,1986,17852,22646,22839,33794,36216,51492,63033,67564,72429,73566
1796112420,24182,47655,95936
790026131,5209,20129,50692
527789882,24167,54913,74794
1186688664,47521,51962,79894
838017578,15832
1928598397,4130,23186,52052,53682,78821
685412900,24165
994410001,1277,1313,34414,38382,52246,57544,77742,86624,94445
327208153,36208
4252154469,24164
861792231,36756,41651
563512660,24151
393820064,48413,54060,56267
2416102076,696,2234,2727,7269,12631,12754,14829,19894,21480,33807,46771,46964,52313,58286,58941,66539,67071,70033,83219,86023
3123139557,24150
2843052291,24148,63088
2352929347,26786,60433,62137,90078
3188019714,58126
4257512593,24141,26417,27307,45899,67026,83672
3948185809,40869,59913
2925292134,24138
1065252277,73206
1516379891,33439
2955581713,24130,82807
810628640,50906
766292532,24098,26989,40771,42273,50412,60394,60460,73792,74017,96854
2518398108,24097,60393,72924,73791
1896472560,37219,82624,84118
1730122323,45287
3789153928,35374,46175,54671,59275
3575228596,27674,36712,60613,67675,81077,85857
2559773713,24094,27650
2397788390,24081,31328,38974,49091,67567,71474
1966712091,52086,78119,86304
2575073443,37521,43492
3900307714,24069,41711,55346
1702722957,72627
2812720111,36644,57297,76429,80273
1578677875,24057
3377988561,84995
200138871,30467,44907
2008615451,5981,72814
1028180543,24056,38252,45002,49214,57599,77120,78024
3199374763,24054
1567151073,74545
731708611,24053,29157,57614
3612758043,24051,24401,29155,34974,35764
3742796189,24048,38281,39082,65867,70317
3530774800,9689,19479,30617,33798,36272,43407,43489,43590,44005,50103,51211,63263,63648,64358,65684,67018,68543,77517,77862,78130,85481,93580
1585258033,24044,25848,47337,59870,62056
2716234660,6509,20026
1984020236,24037,43792,57031,58637,62185,74252
239384220,19068,24708,27277,28340,28532,39244,44172,66514,69396
3054315606,24029,27760,28098,34265,43470,45451,66974,67389,68683
2282633473,77990
151877155,64998,78537
2375883315,26566,27601,35025
2948586215,35451,65874
2468417992,15857,26413,88042,92843,96018
1971256948,24024,35123,37173,54809,68911,90072
1297809453,24021,36849,69189
1505581706,70437
1332506296,24011
2161271386,44357,91983
3118329541,24006
858462392,24003,38574
1416611460,24002,38573,91735
4089871371,23998,33747,35757,48663,49507,73957
3774661150,23995,28402,29358,69945,89301
1215972220,8001,8067,51953,74853
2854119403,23986,75299
830964973,23983,25964,31165,36278,52574,71645
3581179299,22598,79619
3943094640,23980,36729
4249999440,26447,75050
3215727695,87103
1751941772,23960
567538777,23958,70003
1672196120,423,476,846,2639,4138,4216,4291,11793,11937,19684,20145,21422,21681,23213,24060,32606,34179,36163,37451,40749,48009,56811,63362,63423,64261,75634,78708,79847,82264,87283,95121,95704,96359
4272519141,23956,73988,94232
3846061819,23953,62640
2756949896,23952,44376,46181,58718,62639,69897,78110,93869
669679261,91475
4055116575,23944,23961,24506,36897,47703,56790
3005036155,31695,32625,65692,77566,89720,89792
2298236832,23940,57580
3501069483,31686,52093,80515
2600626862,23934
3157475544,28606,34633,61952
2812578142,23933
1383652625,46498
849433384,23925
1137466968,23919,43962,52701,84940,87297
3341679492,66131,66834,74159,78405,94633
2674734814,23916
2777986882,23906,26751,38159,53379,58399,63074,66330
2948126586,23903
2125688009,29632,50573,50643,63217
114364089,27706
526890486,23897,30935,32159,36020,41733,55684,77894,79820,82028,85586,89320,94846
1602242578,82735
3540712887,23889,52533,69445
777023444,10785,15136,27933,51749,52825,73870
838744244,5898,57091,91591
1909522973,23884,28919,33685,47271
819791647,62449
645276085,61832,78748
814365360,23882
1022066057,25769,44161
1774420794,23879,24012,47398,55128,63585,77338
55313240,23869,49587
1644115655,23856,65452
1336086030,61953
972319065,23850,48869,51039,53533,53755,59224,91344
3173583141,23819,62755,63302,92517
4237286685,23797
1079439321,23794
1063467993,24038,57032,58638,62186,74253
2960791102,23785,24375,50316,56634
2098133228,51318
1477247697,41835,86119,86588
1581247245,23776,71649
664610029,42062
2266856280,9930,17909,48833,92211,94126
2620979370,23774
1373788910,23773,25521,30661,43018,47904,62940,65787,69842,74153,74346
3806009267,23772,25520,28713,29229,30660,34596,37257,43017,47432,47903,69841,73704,74152,74345
2225684966,24490,82772
3078545781,23766,30861
2285298573,31012
4142657464,23763,58771,70271,86342
1283980284,29072,80485
2726215361,23760,60166,67696
418980692,79138
2681150880,23759,94767
2624732380,23758
52570069,13322
3896824380,23744,48558,71151,74433
2040618217,23732
1537253101,23730
2628063718,54405
404391879,7028,33492
303941277,23724,25264,46836
1536008279,23719,31727,37442
4174667921,41037,84219,92937
4134986590,23718,43853
3980056596,23900
3641342800,2849,8332,34866,47923,54523,55772,56084,60155,68014,76398,96733
1209183242,343,19128,26010,31062,36950,42710,53348,60472,70731,83690,88749
3397879961,23717,25315,43852
952411434,58656
1380162295,7597,11501,17303,18255,19028,21119,27092,42739,44313,82929,83645
3758444738,23715,80061
2193435546,23700
2572167195,23683,28639,36413,37505,40930,42170,58658,70240
3113185143,23682,24538,52345,70875
3449151264,27789,41210,43820,45072,46434,55633,63412,67044,72103,94915
48748731,27207
2764112070,23681
4077806756,23678,46177,57653
1124812026,9313,19454,22161,72623,72685,89505,93021,94782
2087039298,20313,94030,94967
991263645,23672,24065,74988
4047230604,7058,9563,16488,31816,46274,51457,61436,74790,78102,80018,81581,82651,95826
3724790858,23666,27492,51359
3063237,312,15010,29773,70943,86384
3675553705,8458,70333,73444,77435
2397881711,23660,27100
1943895500,34991
2625644326,23659,25424,29285,52452,55917,60794,68789
4057634576,23653,51800,57414
3814663350,37607,86128
1815083581,23649,48345,50617,58769
2658929678,80120
1104028424,33028,54287
1152047232,23641,49453,49959,60091,94716
4261814322,69529
2296906937,23638,47394
3492055792,16609
2367117061,23635,26729,26812,31045,31632,33641,41457,49810,53881,70899,71013,72237,81643
1823188426,26774
1375017169,23633,53879,75947
3523979782,63752
3725935383,24436
3989380331,23628,40784,68261,73856,74058
132975472,41369,42553,81877
3436992764,23624,31281,57008,95964,96589,96863
3554066174,23623,28419,95635
338654314,23621,61202
484300950,85590
268612471,23610,63400,72969
4177640857,23598
2971741187,23588
985060642,23584,26594
833761316,57319,95300
3990677368,14757,14952,15772,19807,20013,29747,38936,62563,67576,70818,72079,74890,92281
3812047086,23573
1494228952,23571
166507222,142,1481,15992,18141,20365,31278,50635,60127,71006,75621,76404,85470,86635,91786
765250416,23569,30452,46706,47136,65997,69414,82505
1015022100,1680,46242,49682,80874
353169388,4153
1762898177,23562,26593,41426,42870,70511
464193898,23561,30612
1426170124,66951,85131,85644,92967
4266947095,31234
3823351506,23559,31693
1549842248,23558,31692
3488434981,14699,80375
2383529793,23557,31691
415709944,82393
3930992391,23554
1393749875,1754,5655,13427,13709,14304,21294,22320,22379,25659,27451,35885,43082,44234,48685,54119,54508,64796,67098,68005,78251,81740,82726,85816,94908
2445009401,23552,26807,30732,47253
1995047226,23551,26806,30731
1836773132,76363,89170
1710039756,23548,29701,51895
2360251090,61961
4110524393,23547,29700
542070805,35984
2679923148,28431
1112704878,39843,43221,82180
1534720848,23537,27724,36514,51524,66329,69248
3976704528,69,32967,53003
3207431907,5953,9485,54488,64154,77248,83508,87526,90283,92892
1111599275,20829,34959,45612,49915
794997288,35445,74653,79366
3184197845,1901,16962,39438,53169,55120,72578,74748,88122
4157586295,23533,24668
733261570,21591,30533,66600,74505,86451,86648,89747,93147
3793095947,23531,37720,58043
3969731475,23530,34676,37251,40584,50819,61620
3408777900,23517,91776
1617972782,23508,28507,30380,63202,63297,71689,87324
3595399782,87984,90141
377791610,50638
1878867183,23495,34363,37780,45148,72248
1169640822,23494
401826809,79828,80728
2717256904,23479,47907,72920
2164055820,23478
117667179,24257,25041,32930,35675,55330
3683293058,75385
2035193396,23475
1114048278,38493
531841115,23474,73949
200511753,76322
1934146157,11195,13089,16164,19034,25383,34420,43268,57611,65406,81018,81123
2457461390,23469,25413,28880,30581,36407,56933,63028,72962,76603,87129
1393887764,5080,34435,34469,36589,37157,39053,46309,58459,68157,81848
802885387,25276
563922411,23468,28879,47808,62505
432062610,23460
3309954779,23454,37254
1987945687,8543,40880,49838,65199
4217686738,23452,49042,54500
403480304,63646
367219334,652,26841,46244,67140,84480
2220103467,23446
3932551304,69947
2763122163,31284
1780244140,33138,36607,61090,63710
881167127,46564
2717669531,29816
4179115207,23445,51345
1925588659,23431,56854,59559
2061412618,23427,52576,60777,63199,79141
3760259838,65752
2759148462,59415
1838094107,23422,94785
3387311646,8377,30337,34203,38139,41894,55412,64793,94323
1909767128,23411,24664
324834975,23410,71524,73246,74113,74982
4144853589,23403,77348
2220371984,33261,47400,52373,57847
2761920570,23402,24814,27744,49877,63762,77347,90865
4271748645,23395,40573,60827
555255011,51356
3120088572,23972,44563,70011
2221433724,23393,33476,38065,40985,50208,75030,93056
136159519,16997,28260,74860
3834135534,30398,52293,92477
3540215941,23392,27664,33475,40984,75029
3755402070,23372
2906730676,56552
3215874733,1492
2733372379,23359,50180
819907302,93312
2444141588,6145,8539,50147,71647
1594889097,33454
1346458834,2815
2928182919,3591,19276,46137
3948170573,23358
673365562,23356,35360,38496,43326,64245,64933
3079168135,23353,55794,60442
2751601885,31466,42115,78868,84110
2754544880,16876
2154361534,23349,41098
530789390,23346,31532,81052,89939
3510744094,23341,49683
283990181,36071
968594606,40234,62000
1624455257,23340,31984,34310,40675,46698,51665,53015,61417,86612,90857,90998
906697525,53166
4255359529,23326,24219,26578,27892,32187,39973,42054,47291,47825,59022,61381,64094,66868,74831,83058,87370
1303531533,23295,28074,29219,29260,30221,35364,84885
2158338526,23294,29259,30220,35363,53122,74335,83472,85001,88404,90218,90389,92587
3741563546,23979
4211207400,23288
3572974979,6800
924715470,17760
210708682,36896,56789
2188888206,23287,25365
2109998938,23286,69090
2759964989,23284
3128634924,13533,17949,28624,31398,31523,70688,72475,94235
3560834826,28776,36922,65717,72314,73678,93814
3339249106,23280
1705156184,26852,29720,45176
3448022991,23271,23439,29617,55129
2122329497,23269,23437,25837,29615,36031,57844,58933,62607
4285353167,9653,24533,69094
1781134575,10408,10877
2721759567,22533,30848,31542,57317,57741,92576
3651943457,23259,27758,66044
3814166333,22638,22845,23365,27008,29514,57990,60015,61987
3587496695,2578,10984,35976,36822,39637,78244,80245
1498247615,31353,34002
3949339086,1548,12686,80613
1879069152,23250,36116,65995,71090,73767,89086
1363327752,23249,60066,81514
3866891484,42873,72816,96739
2592228379,34405,62146
1255066524,23248,60065,81513
1063754836,23245
2332186493,31220,62044
2001761569,25814,51239,95780
3807079637,60612
4263556387,22718,25431,34584,36297,36525,48119
925772674,23243,46184
135132424,29993
2265554421,23242,23941
3530106804,23227,25545,25904,32293,36927,45644,48335,58310,58424,60999,84818,90344,92604,95696
2857739175,23220,23957,47692,60565,73153
249484114,23201
2876480052,23199,35572,47606,91649,95440
1415460951,10252,15330,25747,32874,43837,59402,81710,87179,90522,93368
3711448994,21799
3916387767,2756,38266
1843957605,23195,44435,61451
3180224656,88634,94585
343048065,54365
4119435213,23189,55573
1063394014,23188,71189
3104237952,88179
949564824,23172,54815
860151010,37619,39106,63092,68823,86693
2707224536,17584,94756
1666406112,21550
2209009095,23168,60502
1741815660,5851,14127,26938,34868,50973,85877,85979,86203,96117
1313267572,23149
2097251027,65883
1734538459,23148,24553,29231
2587602714,75950
2925652679,28832,33409,41866,68068,84148
1745772985,23147
3123126577,19364,68378,71600
1214102233,23146,37719,40348,40649,42323,62318,66792,72257
756883443,40205
3361938392,35719,69645
2572050137,1454,36529,49744
1012931295,23063
3640462902,23135
1077034750,23134
18547105,65869,69320,74137
3097977836,8000,18982,52238,87258,92260
4061799562,23121,25275,47227,87328
2628686689,65852,72664
4228104070,23110
1908794701,6602,13252,15496,81696
3740976649,23109,36755,41650,58836
3291062205,19414,60291,67798
1623494774,33225,37119,46522
2760638243,23092,43980,53583,62685,73655
1403060737,23076,33923,36757,41652,52224,70246,71520
413414879,15585,17253,32525,36344,95376
644430690,23071
2908257059,5463,35634,37950,78296,89276
3084341358,23051,24567,34681,35761,36269,36984,38329,45145,46946,47877,48053,48372,48871,48961,50048,51849,59811,72427,74135,74310,96179
952782157,2362,6187,8840,23022,24010,28345,28444,33201,33319,33653,43372,43678,47411,70774,89115,94073
1807795256,23047,73522
2510278072,83284
1497079706,23044,37940,54184,59232
2463008760,8697,13136,16442,32715,40227,90227
1597528842,23043
4283975428,39271,74395
2917682652,26196,55399,75005
2289802097,1210,5576,11617,14869,18527,27393,27956,31058,42035,43737,45016,55642,67182
3088160645,23039
1885625080,83347
132548624,53873,76928
3152187330,23036,27633,28695,37908,46880,47527,48330
168445848,15690
1134350651,9933,12594,22820,26539,33003,41386,47461,66689,67488,75332,80441,92113
2288863932,23032,50436,52514,89484
969398546,11001,14098,21232,36745,48475,63820,64386,69633,93250
606994582,24328,35182,86765
2151119201,64766
1060564099,23574
1054227404,3711,23927,69199,73155
354364966,23024,47664,56764,59823,63042,77112,87585
1251227089,25149,25490,37867,64647,95946,96687,96968
3969722502,13287,14472,40487,86703
2266408441,23023,56763,87584
4108402114,35830,85591
2090238257,4771,6731,28635,42394,48483,49582,51181,88153,91350
2103739682,26937,36019
614673948,23020,28308,28600,47409,58016,67928,71902,76585
2948339265,8299,11064,13333,18323,20442,20643,27013,38609,78702,78802,80978,81898,96678
1255363438,23013,31212,59033,84769
3662474626,23442,27137,47116,55132,68102,70604,89014,92877
4247022036,22999,42646,56491,59115
3944692771,89541
1801052236,22993,44754,59603
2590248656,82041
2172578859,26714,63664
2404160444,22991
3581374528,22982,49013
3296254826,79942,80574,85499
4212165781,25852
1576735249,22980,24120,41039,49011,92939
3581202604,60476,79131
2267938282,22976,23222,44484,47694,54720,60567,67670,69194
4190935873,81421
3793505355,25758
458087606,34383,82170
103486189,22974,67668,69197,70002
2328300365,22949,55088,94071
2362757578,12242,20436,20772,27016,32656,44527,44926,50777,50852,63894,65347,74510,74540,78012,79837,85691
2146400457,1504,28550,82387
2753758846,22948
53179008,78302
500860544,24039
2294744974,27041,29845
2766008999,22942,53522,54292,55502
1912605984,78087
915917932,22940,25500,33068,53520,53567,55500,56016,57762,60096,88222
3946388419,22933,22958,26389,33919,39007,43614,49495,56376,70242,71864,77657
3265784933,54672,59276
2793235058,10477,44371,45006,45201,74242,84625
474924659,22927,31097
3355088247,23761,25125,61034
4083456289,327,23915,28012,29325,40390,73036,73773,73805,95592
834910566,22926,30700,36322,47402,48143,70509,84723,85376,95402,95783
1730546329,14488,22541,27151,27579,30200,71976,79520,87570
1341808157,22924,30698
3363476587,22921
1625871766,6359,36168,47313,54785,67902,96086
132588444,22897,36342,63545
1894159370,22895
2726930491,53643
2246382629,32146,52441,59947,74089,80270,85238,93116
4061642580,2743,21184,30991,43585,68335
2315818318,22882,29088,58664,59810,95563
4273411484,27440,42008
3206753867,22879,24588
2789423685,22870,51254,69008,90165
156587002,22862
1969894052,67271
944737281,27472,38916,65707,69494
3851348691,75195
466477151,22861,37491,73488
1440639161,12834,41486,54821
857146148,7144,30430
2273921395,22852,27763,53756,73188
2449815599,22844,26004,27810,29513,41120,41904,43262,47131,48403,49443,58214,60014,63429,84227
903347258,22782,23609,24100,34766,38413,38832,42275,50414,60462,63399,65422,69172,70190,70867,72571,72968,73715
1538428573,22842,26293,60500
2306020015,29070,58974
152001249,1378,11339,11447,19786,24805,33504,35688,37886,38456,38619,40991,41162,48951,49996,53598,55656,59200,64423,67385,70088,86938,93993,94860,95458,96729
476344053,22831,72115
3343928680,32036,84615
1145959013,5450,8485,9597,17875,39365,39616,52034,71947,72126,75118,78205
3038267307,27516
2386958565,22830
1735545354,71241
1904223157,26793,46058,51501
1186357401,22829,53180,55182
2247335670,25645
1113289774,22813,54574,74523
86924466,22812,52253
1162301631,24393,25583,56198
3476060132,22811,36001,52252,74389
1864084682,45057,88969
2054313331,8050,9644,16623,16785,18967,24071,24742,25011,25253,29360,32010,32848,34269,34685,35945,36119,36463,37914,38010,38742,40738,42821,44739,44977,44980,45501,46841,47689,50538,53140,54221,57866,62534,62739,62994,67632,70859,71276,71287,71528,72649,73272,73275,75319,78506,78683,81032,81185,88938,89303,89820,90498,91759,94872
2728227316,22807,54290,70693,77229
1538194330,22804
3135936885,22801,57799,95253
3366038010,27228
1810725284,22795
1765019979,3664,16545,39644,58002,77551,80695
4124811899,22794,26917,37863,46742,72120,86345
935090842,30944,58153,86811
1642179757,22791
3329516510,35,74743
1530278039,35975
2579319418,22780,60098
3117829651,22778,25311
535123334,48441
1307996335,22767,28145,58764
1446255395,22754,51795
1315687167,22746
4212321602,64432
1625860044,62060
1391269570,22745
2367345970,34360
3740192755,81625
2917171604,22743,23755,23901,40497,53941,59896
3027338954,32970,49044
1225091294,22742,34809
2275112364,25789,83484
3310067312,27372,94786
3170136701,22740,23424,23994,28578,69944,81993,82269
70518387,22731
3843477828,22719
4268300308,57151,81639,88761,95062
999721042,22717
4175338842,74234
3634793219,22716,95873
2860710170,22715,22922,28561,37874,50810,73751
1891480759,22702,89026,90135
1140704310,23679
1962928234,29697,45850,49815,66442,66749,70857
2655975667,22701,37672,73571,89025,90134,93334
947310480,29826,36447
4261276588,22700,54542
1818546041,37391
2993324318,22699
1046031500,43705,61664,64574
3402865965,26986,31205,33761
1631453288,22698,45302,60767,95218
2473997332,22697,30405,34103,40864,60766,90720,95217
506216958,6132,6361,12886,35608,46899,47547,54881,55146,57706,62839,68808,68859,77957,93506,96371
25437643,12717,44990
1864203143,25313,43850
1780697202,22695,34043,60764,95215
1347557064,22692,27616,36254,37109,38469,48393,50626,54873,58931,59172,60133,80039,85119,95406
2087977622,22690,25148,25489,27304,37866,54871,57416,88061,95404,95945,96967
2754033321,22689,75008
1032033516,45866
4110255548,6303,62813,83208,83551,96134
3168447574,33529,52685,64808,83028
4076447759,22687
3738081416,37977
478425949,108,342,1746,2710,6510,7962,8157,11401,11620,13158,19127,19406,20028,20726,20824,25026,31061,31260,42617,42709,43215,46625,47676,50395,53030,57793,65551,73407,73528,83689,96838
1944629270,22686
3231843503,75524,94738
742669356,22669
3101803213,22651,36908,55013,69104,80240
2532108005,35050,47167
4094274478,27186,43181,58454,67786,86329,86431
1282590757,22634,22904,37046,37314,54831
473432408,22633,22903,54560,58120,65331
116128710,25498,64925,87464
3487093701,67495
2024439326,22631,22901
2955097812,9459,17366,31168,32774,46478,49180,55056,56214,57012,58548,58815,64011,76847,77045,79585,85773,93490,96693,96873
939579371,22612,39393,60020,70062
229853177,22607,73464
2136022573,52055,68221
1971048018,22604
1024979769,22596,44036,49748,55431,59267,79617,87080,90569
3495099283,22741,34808,38356,39962,72956
801316131,22594,23397,28326,32245,34508,43041,43186,50464,75439,84048
2790774920,22590,36204,63488,67173,74774,79203,83466
3401210418,22565
596425116,22560
583316558,14336,57426
4178578875,22558,50919,53270,69440,85314
637845239,22557,45058,53269,56311,62236,76326,80908,84744,86006,88970,92723
1417106764,35633,37949,58989
317668304,24242,36005,44639,62367,63224,79377,96663
2013730171,23122,67528,87329
4011681532,49919,53949,65755
1929118872,22938,27229,51387,90773
3506910797,53006,73369
931558983,22556,56310,62235,76325,80907,86005,92722
2726265848,22555,57955,62234
3803584269,22553,26344,34123,46032,47956,48235,48453,55168,69770
1643504349,22543,22615,35083,37131,48927,60323
736161497,54540,59669,72566
1539380558,44186,52126
4037375636,26248,70322,71255,73014,93765
2738811340,22534,30849,57742,92577
1917459100,22792
2758263801,22531
3733995163,22530,40595,40791,64002
2814807625,62057
2430698513,55571
3568855782,3445,54802
39017513,26221,33563,40025,42932,63676,69182,72985,75491,88155,90808
501361389,22510
2760393947,34967,40258,42956,62705
1814136932,29022,60406
3763968735,81051
1646508106,22509
1048469030,92467
1727423547,86469
3204813763,9405,9813,11976,12300,29401,38733,50390,55320,61628,63974,64118,73595,76541,81662
699052151,22495,49708
385252824,22455,30245,33699,35716,47179,48201,51607,67297
3476076625,69224
2033301491,22451,55279,70420,89602,96697
2471503174,77725
1545665457,4798,31703,41362,47979,50561,53175,74010,93080,93923
2664612127,22414,39220
1042963665,22404
2467414641,53372,62384
1145843728,5709
603986538,28168,52087,78120,86305,91373
1908455646,34699,37012,37190,40417,45416,51443,58534,66583,67767,70607,70712,79935
250354381,33467
462257866,54939
3901958050,45553
2110203226,38202
4047284817,22400,31312,52991,84910
1863162428,22393,75421
1636185725,47503,89336,92675
1482809537,22367,36152,36832,39142,43339,59072,59135,66135,70211,93911
1640775843,22346,26461,50107,86532,88198,91870
3261548258,4191,6875,21258,61533,77714,86389,94259
2746616767,36821,80244
2069246088,1643,8977,15614,15653,21217,88318
2831523685,22330,30981,35957,45195,59139,73342,86369
2865442905,207,1965,3109,12097,12160,20693,84836,84899,92472
674945996,13038
1568148840,22306,22465,41527,48813,65208,66995
3220330886,23498,23595,23993,50161,50593,69878,71020,72041,73763,74382,81960
4259233756,12494,29080,32793,46419,68212,71591,81152,94004
2918992301,22286,28100,41832
448648329,22285,60585
3238010230,22259,28931,40867,45802,63475,65374
78883023,67339
182085344,22257,51075
439313478,53968
2871704489,22244,39923
1274128263,27682,36603,69310,73985,94229
3936665772,22226,54833,73388,74406
2936864734,17820
2494249447,22205,84684
1768872979,22199,24300
461466590,23150,25968
2785147607,22194
1986908344,22187,33521,40173,47452,48019,59002,70627,74737
894902933,31439,63517
805639226,22186,59001,74736
2615065734,1453,23045,26448,37941,54185,62264,68077,69316,73520,90815
1635659506,8690,34033,46164,62985
826499818,316,15096,76552,83661,88695
292151992,22185,26211,42966,59000,96498
802372066,47218,90147
2696789154,22168,25392,25418,25954,28243,29638,32544,36324,37284,43908,45351,48105,50176,62464,71299,71693,78762,96814
2697343334,4708,24019,25017,29666,38939,45264,68723,74893,82705,84473,85236,91317
724077924,22164,29779,76952
3789089184,22159,43376,45816,57177
282671233,81418
4009218835,23905,27661,35659,58398
3884364793,22156
3843003502,44365
1176742093,15310
2160443060,22135,91508
2691254454,17386,91513
3604799445,22134,68734,79997,91507
732125707,9004,29367,37044,37312,51340,54829
2642204448,2811,7966,10484,12843,15384,18016,19232,19929,49234,65031,66569,68646,79951
2918919368,22123,24192,65770,75860
742460023,22106,88558,88963
145235126,42706,72050,77083,81806,96835
2395446909,26016,72122,95257
1256003790,22104,93423
687153848,22096
1702753236,22093,51565,53021,79944,83730
830250670,22088,38367
3676022917,16556
667339653,22081,81599
1488570205,533,7536,26405,53699,56505,76670
3355727273,22072,23541,23729,27180,86962
2025457619,22070,28554
596143002,22068,33493,60610
1332794186,22067,52369,78270,85258,88349
3660976299,62174
851445483,5982,11319,17624,21271,32233,41428,42872,54253,64410,72815,76139
3163198047,2903,14023,50953,67570,73901,95917
1303781796,22066,78269,88348,96714
1569672341,14333
2574872720,22061,96284
2374844680,49202
423130116,22059,34936
3637194791,133,1041,1469,2177,3138,5347,6487,8140,8144,8159,8272,8500,8700,9475,10368,12462,19408,22442,26874,27248,27495,27887,27982,38272,40477,41568,47473,48948,51631,52149,59760,62485,63064,63394,68519,71626,72635,90789,96125,96425
4019683732,22058,27206,34935,35868,61124
2128037899,22788,67888,88595
3172190270,20231,77798
3201404782,22057
2970921566,31112
438538676,90015
3925120951,294,8230,9643,10605,16622,18422,20805,25010,25299,26571,28808,32009,32666,32922,34528,38009,40926,44738,46297,47688,48538,50942,50959,54220,56419,56549,56693,58340,71574,78682,88068,91226,92395,93114
2830451129,22055
3692500280,16920,32863,41775
404478962,22030,34614,36461,41131
2811836099,19291,49540,58137,63471,74805,95227
1929382961,22023
745182773,496
2177439654,22003,24815,27745,49878,63763,90866
1256740285,7832,10848,12719,21226,24188,32082,42791,44992,69775,76007,76789,82314,90626,91394,93207
4131900885,21969,24750,33446,34617,43506,45266,45291,47082,50944,51385,51658,53769,59218,59710,62290,65644,68581,73308,81840,81894,84337,84733,89355,93348
3255177478,21965,36253,50625,58930
3390759301,11562,69429
1967554804,14202,15278,19305,44043,59452,70221,87023
1860957839,24540
3815727918,5169,24856,31561,36014,36109,48862,56866,62440,63318,67114,77594
2923913792,21963,58928
4210990765,21961
3185152316,33197,57492
1768493522,58319
509080598,21953,23234,34055,46458
2832090891,2602,3962,4808,6351,13751,38768,83256,89844
3821089560,37776,60452,71183
4237488201,21950,25261
1497974884,9879,13277,47224,50377,76602
4203917624,21949,24654,25036
4063029770,58300,94549
2490435220,7370,22099,23779,26310,33567,48924,49576,49739,54172,67483,70185,71678
2570569392,14527,52613,61552
2038458945,21944,70547,75296,87919
2547552457,25666,36967,96039,96668
1591857303,21941,28094
3095620516,66259
4143613983,45925
359125980,21940,28093,34667,52281
3574120272,21939,34666,46986,52280,89405
2114928988,21937
2927847736,21934,26725,26860,34760,36303,42458,46952,49500,74439,81546,96916
3492382440,71883
5208674,16723,20438,28259,37413,38378,65349,65793,74542,82371,84325,88996,96199
1773098122,21932,45308,88358,96828
4073325325,21928
1931908850,6340,28357,32818,40203,73032
3210172335,26660
2654395762,21914
1428861007,21912,32449,39440,66213
4040573494,21906,52287,55314,74909,81176,86176,92240
925123247,21889,54973,63535,66704
2504620667,17190
1777703945,36952
1039204222,60370,72241
2793515094,21884,43757,69124
1080523049,50555
1019059419,34610,43117,43622,55787,62837
3894307589,8617,26034,30862,33886
2527217586,21876
1963734612,5897
2793750787,15118,15841,24016,25402,28930,45801,55838,58795,59629,95806
1467267927,21875,25952,32419,45349,45444
4037938364,44541
429251773,15091
502596657,21870,22628,27080,47579
1152282761,21864,29132,51257,77322,78317,85179,85345,92789,96165
2391983078,3421,3858,5420,8275,8696,9344,10962,11252,12623,15150,15325,16734,17317,17495,18300,19606,19677,20639,21070,21752,33421,34087,37648,39519,41463,41511,41913,45907,46442,47884,50568,62852,68516,68578,69667,74590,78448,78903,80226,89352,90226,94340,96674
4193304626,26134,26778,35519,40689,47966,69747
1627743002,21863,22872,23466,25272,29131,32623,51256,53255,54957,69599,77321,85178,85344,89718,90167,92788,94284,96164
1069082976,73384
3958259341,21862,85343,89717,92787,96163
2320711268,21845,27790,41960,43821,45073,46435,63413
3563401381,1055,13122,46808,50453,57208,59683,87991,89112
3961834862,19445,25331,31003,31489,34282,43080,69628,95057
4055058987,21840,28393,34094,40574,47534,48267,49403,51951,53660,58252,58777,60171,61017,67327,70126,73002,78027,80371,86009,96798
1323315778,2099,6998,11465,20708,31065,57965,60475
2876468276,3223,11432,42150,46103,61903,62473
2770514236,23939
2137066818,1483,20367,33075,58201
3850256207,21839,48266,51950
4043506093,21838,26195,48265,51949,75945
3890206623,59419
377984499,21826,42154,75174
3387573212,21824,75172
2390478422,54428
2748381911,21823,75171
3743837902,2649,3773,10879,17633,28501,40341,44515,50886,51161,64852,79912,80733,93997,96708
566991175,24045,59871
2831090028,21816
1738179013,5025,5538,9817,13410,18872,27779,28948,31751,32979,37620,39107,39826,55652,61522,61682,61835,63093,65026,68824,81657,83918,86694,86899,89368
1683684690,4119,11535,25494,34739,42858,65942,69859,76079
2439018697,21815,31105
1761126011,19447,32816,71613
2498612420,21811,27735,31503,32651,35645,43271,44653,45995,53187,60994,62397,71760,71809,89849,91486
1901310460,81627
2071608434,7228,88522
1075409005,21805
4021100615,27139,74046
1440629443,4892,66363,79110
2222066205,21798,79722
4155406935,21797,29439,58632
324510105,4400,10072,29393,63177,66593,77081,89812,96833
646281209,21796,29438,40214,56782,58631,71980
1089296183,680,1563,1607,1733,1917,2526,3688,4170,5198,5303,5642,6783,7427,8579,8777,9149,10259,10578,11475,13762,13947,14588,15304,17814,25897,33301,34964,38659,42953,64825,66727,67803,71458,75988,85088,93942
456297945,21795,40213
1621401751,36611,43810,53627,74355,95536
897726439,21780,25018,32145,49415,52440,56456,59946,63232,69914,74088,78857,80269,85237,85276
3563595043,21775,64130
4172044671,75047
77358214,21755,66752,74862,80146,86189,87681,89385
2632889801,28887
1514045999,25038
2578086922,5629,13171,16001,21814,26331,33054,33771,34628,48992,52101,52872,53741,65339,68758,79610,81320,93093
1273540663,21740
1456278702,21730,25927,35630,68682
3445651328,72418
2432144358,21722,22714,27755,30084,37873,38404,54162,59253,72868
601478963,49030
3358007042,21712,62565,92135
345194422,6566,10282,11213,13102,14860,25446,31476,35496,44666,45009,45360,55604,77476,89210,89562,95682,95718
2499713248,21703
522979020,21697,58833
975171273,26285,32147,52442
646173692,21678,34176,38351,64258
3443677813,20786,38086,41317,41761,42528
2030631531,21673,41598,47631,50759,58982
3875617031,21665
2584795921,2261,7414,8476,12224,16596,56981,85813,86670,88191
263219463,26363,58768,75474
745536665,52717,57888
3009687062,21634,68029
1591047649,41122,51838
775818749,15290
1926063008,21626,25483,32416,35642,38761,39599,42475,46639,52307,52909,53201,53939,55395,56251,59894,65328,70104,70326,71057
3674274417,23849
1946556435,3578
2709168353,21625
606285306,91413
838895571,41212
3557568226,38502,57387
2506257266,6437,48199
1655847510,17634,18994,79913,94331
1001221275,21622,24349,44010,68294,68300
337190450,14107,91733
45842557,21617,69901
2355271124,21613,21853,26899,57026,82187
2624961253,60961,79682
2044219959,21608,21848
3889689977,50129,79577,85623
3068417582,21602,40382,56610,76676
1344861099,49874
4122091363,13942,22512,31550,82611
1768497240,26967,67613
3526307167,22599,61542,80378
923515314,21592,22141,31170,32897,62093,66841,83606,86326,88993
179985561,21575,50533
2447601773,31074,36205,63489,67174
4216393074,21569
2182811092,21568,38383,40220,52167,57258,77743,86903,94446
674664428,31052,32071,55852
2737686426,91415
604615578,21562,21714,27583,46166,46962,47014,54773,64907,66862,80522,82130,87995,94250,95221
2633405501,37197
1004352016,27085,56743
151141445,89403
3663775041,78314
3740283116,21861
1207261049,20324,87098
3771348817,21559,47306,78325
3180281087,21951
530108664,29144,30300,39227,72596
2148736644,30149,43069,50586,83450,90825
558988855,21543
2760901521,19854
572847727,22636,23363,27006,38310,40619,57988,73684
273167347,76376
3626741298,38998,47367
3679718318,23362,69195
423020306,21542,57090,88954,91590
3306612385,49465,61222,69359,93414
3297328548,30441
2153103076,29046,56241
222069794,10979,62546,94743
2712786961,21541,91589
4126839058,64701,96954
3503458978,46969,51343,54562
2987318788,22554
1519675315,31242,34369
3151830437,27902
26434058,24447,26163,52220,60478,61333,79133
1798425756,21532,81756
3155568120,21531,33210,64102,86854
3442320617,5178,7143,7504,25241,32086,52742,56403,56777,76868,92024,92367,96261
1520154886,21506,21536,32465,88777
726253885,27881,70581
3932139909,41534,49221,51905,68546,68635
2217484651,21491
1270804924,21450,31536,58542,59685,87993
1673943451,62596
1548110170,21448,69617,93065,96027
3805727431,32377,58248
1006843453,21446
3650550777,23031,32955,43453,87268
3494990229,4589,35325,39197,43182,51959,58455,69579
1272964278,21440,33687,47273
3834685337,38928,47548,55248,57707,63099,69573,72403,77833
371582683,21438
4268268366,31687
2059981583,21434,23060,34924,37488,67742
2404768986,21431,23057,63624,68032
3371116452,21430,45711,68031
3008846494,35248
2699087746,21423,87284
3754394997,21409
2652886897,24851
3889469610,27938,31133,72214,84189
3929845300,21394,29304,40125,91260,92192
3400055784,21383,42978
3743646346,21378
3657082611,48553,68510,73149
2464559604,8506,26543,37681,51907,60234,67192,83945
2521497042,14422,73894
3204283392,21370,42414,55416
2854064694,21368,25332,29883,34283,41304,52242,65336,74003,78165,88262
2065723657,79404
2980554498,21359,22208,34348,36057,43720,48906,52117,55406,71972,85200,92855
1775526499,4227,4265,5857,11507,12542,15228,23947,30585,76382,90929
3782815500,21356
643354357,633,7616,10335,10716,16889,24230,27816,30867,31247,35222,47203,53909,56973,57508,77610,80884,83695,91959
333207337,21346,28199,32437,35353,80197
687460004,35968
3669960095,21345,32436,35352,80196,88520
968730805,21341,39847
4073490907,21332
1967957994,21328,34908
3479657068,13448,15663,16107,32332,48678
3844144109,27396,43740,48853,64372
564175482,84143
4246438410,38370,50326
20260932,21323,53728
1560870218,117,642,2232,2398,4626,6023,9220,10687,12304,13808,13890,14605,14874,15716,17520,17771,18226,27520,37041,39807,40470,41067,42100,42547,43728,46333,48489,54124,62599,64484,66734,68237,71752,86275,95909,96408
2764322950,21322,25833
1139709683,28657,53407
2534985518,21312,67516,71451
2836239182,21880,82554,92136
1913695388,65316
308748852,50186
66700448,21310,71449
373287829,32458,32728,34450,36770,37351,41669,54104,86017,89781
2857117226,21283
335700893,201,1120,2449,25756,27749,39137,42575,50229,59137
1034123179,21282,45421,61074
557376160,21269,27699
2197763556,15494,16783,25105,38740,40736
3112671548,21263,41493,41535,43473,49222,51906,52906,68547,68636,74053,91299
2290512035,21251,53264,55267,57185,75483
3811137993,21245,22402,45334
1219640102,21231,63819,64385,69632,93249
4202794894,94031
1314981530,69614
4130324388,21230,93248
52231414,25999,29050,34349
3133982371,21208,49144,51095,63634,67974,73577,82080,91930
1110435003,21207,28018,55260
3641355825,21206,28017
506853719,70430
703125863,21551,29007,34154,46592,63639,79343,87597,90861,94917
3304639057,12014,24266,26236,34619,37612,48187,65979,81616,86996,89638
1801891879,16141,19752,61223,79851,87425,90269,93106,93415,96052
3180400230,21196,23787,29128,36871,38524,49251,54954
1740059394,21113,50834
593347309,91030
3936583026,21112,50833
2005370215,6205,54283,77586,91647,95525
2704641162,21111
4241243620,40765
4058164297,5405,14678,15197,21456,81761,86777
3317051791,21107
148417126,21104,61367,68413
2320317739,27480,29436
3554662448,918,2723,4412,6582,10204,13033,15881,16699,21222,23670,24270,25211,30648,36478,37701,37729,38911,39164,46487,47248,50648,51363,51604,52334,54198,59286,60970,62561,62653,70563,77979,81121,81466,81862,94141,96900
503674719,21101,23875,29328,55637,58685,60088,61323,62844,69989,71674
2628466688,21088,25652,94051
2366240632,21087,55945,59542,88867
3768173328,68249,69505,76092
2351732402,35229
4091822954,21086,53326,94801
3057970971,21065
3572549845,21063
3981310939,23892,30255,31881,45696,61057,69010
3421014660,21061,90537,92955
1968923849,21052,54755,61770,62258,73578
2301150522,21049,21990,23426,33095,38050,95761
4194748582,21038
2579249344,21037,29493,30437,63759,73473
3652947113,20893,51827,63144,68436,70517,75274,93115
1131086659,21034
3488096502,13868
2537390446,21033
1532287278,21022,55530,61439,88142,88854
4060530707,21019,71463,81827
2556169867,87774,94596
2864696716,4546,40001,75530,79130
2928989216,27659,35657
1748143730,28476
220039590,6245,10575,13714,15440,15921,21581,26288,28278,34754,35189,41972,44319,46155,56277,56795,60074,61259,67366,73758,85609
2864210096,21011,24246,58580,69324
3563675216,41246,93084
125569486,22124
3599617737,21007,32170,32313,38634,51884,61637,79051,82407
669357483,4802,56869
3930144498,21001,24759,35246,63346,65951,70112,70267,70648,81882
3721035766,15223,38807,67816
3678911320,16611,23747
866474483,20993,28853,59941,83803
2172851308,20992,28852,59940
2674907040,73633
563747076,20971,58691,73548
2726935480,20970,27203,36662,58690,63315,69625,73547,80773,81923
887176897,20969,30985,36661,43140,58689,63314,78335,80772,81922
475741320,58876
2472357766,20965,40766,66191,94462
970194655,20964,52491,66190,94461
1224480526,20963,94460
1530803656,20962,61430
1934965334,71045,78745,82677
219075660,242,6993,21975,23817,25003,33400,40746,41817,49928,52027,61588,62753,63905
2357007021,20956,25082
57063032,4573,57107,79399,81846,82101,84096,85567,87770,87827,88721,91334
3956788912,28082,38027,60071,63527,68440,95986
1374181064,10303,23651,51798,57412,61036
389914323,20949,22217,76045,77001
2879146750,40762
3828566956,26480,30753,59233,63251,63311,75051
2366966978,12869,35720,47175
2600297319,34153,63638,67045,72104,94916
3710497175,20931,21505,21535,26334,43532,51158,51678,51865,52988,56390,63124,66710,74442,75613,88776,90934,92601,95539
871558278,28089,28779,60051,95528
4224520388,20930
2505723522,31828,51734
2352365837,85870
1410763599,20928,35421,39387,40524,42716,44214,45976,53871,72031,76926,78863,83038,83627,93678
3467447476,20927,42715,76925,93677
1033286500,20912,90152
2988311190,22744
1707506127,38932
2890436693,3386,5058,12913,16184,16263,20646,32144,51574,52725,52793,53007,53496,57019,62288,62868,76068,77911,78018,81892,83008,83996,86970,92550
363741443,20905,32790,52817
1900464550,20897,77599
2727972564,20890,72988
1011216612,20889,36826,44068,61833,72987,89192
456551966,26689,37438,48771,62380
3536105060,25399,48462,49399,65484
3316158576,30252,37919,91239
1166525980,20888
3227568093,54632
4287237078,20887,30928,33970,38369,43308,50325,71870,72388
114806791,53925,66845
210036842,20886,25090,26244,33969,72387
259038520,20876,78490,83140
2431356582,20847,41410,80562
599163734,4209,6856,30374,35705,51832,59713,68217,72439
587976839,20836,25071
483453733,55422
1520851796,20832,34962,38657,42663,91996
2996992992,28097,29282,34150,41357,53843,55914,62230,73119
1165327138,34080,61088,78394
4014565002,25442,25953,45350,62463
3018430578,60361
3293448176,20817,27776
3050185552,29077
2479422454,36249,58803
141001361,20797,21632,26582,40503,62633,68027
3209962166,47252
2651286058,31538
1335772794,6956,48093,67947,72284
484720113,20796,68026
2607679668,23540,23728,27179,27448,32813,41302,52240,59902,60324,65334,68765,74001,85463
1878664504,8664,14396,17705,18978,30344,41676,84372,87380,90937
1645154144,17468,23874,25639,34763,53863,55636,62843,69988,75263,77183,80215
209605487,20959,41205,84304
3313039455,20785,41760
3282752306,42750
3773664119,20784,41759,42645,59114,71801,85880,96949
2321149853,20777,51146
2065858940,36218,49886,52015
2069149308,20763,59109
2721724778,10811,11828,71332,75520,81417,94173
2448610238,25648
4211999211,15000,34851
4194871689,20754,20860,25822,35281,73665
2331840411,59515
1652988762,20750,74577,87385
4183570503,58244,96583
154693849,20725,25025,42708,50394,53029,73406,96837
2273090955,20704,27885,30645,57893,57916,57960,59099,76773,91488
1010197723,89133,95035
1086962968,30115
3540483151,42514,62455
1080754969,20702,24909,27911,30643,34239,37057,44552,45642,53196,58175,58422,59148,62885,63896,64847,67178,72993,73175,81935,95694
753251585,40710,49079
524293134,20699
4190561009,62095
1264917938,20698,20874,21339,50924,54553,87963,89981,91561
3206534734,20687,26041,28736,40322
3810379926,20686,24752,26040,28735,40321,43466,68354,73310
2616231311,20685
716127383,20683,30520
4255001163,13690,48516,63192,88957,90688
1197352731,20676,55589
1010395046,56839
1146155089,4642,10958,14617,14949,17406,18550,20334,31670,41752,47144,49173,50085,50236,60246,60936,62077,62784,69005,70180,71912,72527,72788,74479,76038,87198,87912,89870,93167,94318
338949893,5455
511330944,20672
2830112220,71722
874617257,754,5813,16023,16838,18519,33061,58429,79580,85398,86848,88658,89922,93274,93477
3115622354,7290,32886,49270,51205,58258,65106,76479,81504,83381,84800,87978,92668
3365051537,20664
3311932405,20659,21180,59263,70247
2720985755,20654,45918,59259,67558,84259
2342298060,76634
1328302467,1816,5747,10597,11352,11430,12909,18718,40435,46101,46461,61901,66392,92901
3199239934,25233,29930,35999,47798,62939,65786,96973
2830101078,70076
1359320131,20653,67557
340400955,23523,25736,28277,37087,37383,48817,54275,61258,73538
2974610452,20651
2253714572,1113
162459566,20650,30340,30987,34206,35138,37767,43142,68566,78337,79747
3134633793,65171
2284661226,34658,63048,71227,76816,86198,91243
3302927298,20633,39859,86116,86585,94346
4188641733,20629,77998
415333728,41320,56341
3812292258,20615,61999,80049
2283843665,91163
2010626257,25055,29530,36548,66475,69805,72101,76312
663051279,40559,62595,73722
3552896286,20614,44689,64770,80048,86352,96100
501065462,27712,59562,76273,84981
600264916,20603,24215
1839473896,20602,24214
471027618,69887
940671472,11242,75964,85756,95710
1284919234,20593
3295211371,18019
3980878025,20568
1514709490,40145
2566509073,20562,51674,76035
3416568986,20561,76034
1275430096,8785,9206,16798,17296,39279,46293,47768,61642,62496,63672,64554,64558,68796,75649,76421,86796,95663
1758729677,31657
1222862401,20560,35565,76033
2041125046,11612
4156322579,36944
2569838963,10100,43839,48273,61040,67007,74422,93514
3033850794,24486,50200,55174
3800140243,28990,41644,59480,65523,84073
25077893,6575,21835,52107,57778,68022,84253
2897795378,20536
1635584420,20528,56651,66101,76468
1245816681,20526,76466
705226982,28800,77522
3048363076,2870,3169,20169,87066
624587260,20525,66481,68617,76465
99031983,20518,60608
2839803171,62542
3370010560,20486
3124968067,20470,49631,66164,88382
4057978765,62643
889438629,37920,91240
630931345,20469,88381
2099534398,20468
3293093085,5810,11768,20873,78280,91524,91560,96397
293025016,26162
3638956535,20467,20539,38696,46374,59261,59920,63666,92696
2683561712,5371,44953
3954470135,37522,43493,78928
4119785421,23781,28905,65270
296609159,20464,20665
1211062094,62307
2077519258,20454,23400,32877,39875,57135,87590,91440
1690422396,20453,23399,33020,57134,76360,84694,85018,87589
645097428,20452,23398,84693
3769918835,91556
2938976848,20432,93807
3032001347,20430,45521,55214
2098546508,1899
2021164055,20427
240868558,6317,32358,40014,81725,89274
157545478,25766,68814
2086626542,20425,27719,31050,32772,50805,55054,58546,74373,85771,96626
3813102647,20424
2910272282,21047,42831
2893021222,45380
2181714719,9543,11919,16323,27367,50672,59339,89523
1035430878,20402,50867,57371,65655
2346617224,20400,22730,34744,95586
2591806419,20390,66412,89675
2817578721,17036,30973,88692
1198976458,20389,20407,66411
836669249,27770
690157902,20384,27670,66302,66831,68632,72748,75983
3472192635,20369
1259509848,20368
3651765961,20357,82545,91402,96473
1993967139,8455
2986334735,20343
2610420813,20317,20527,21603,40383,56611,75391,76467
2100544915,23899,36098,43192,45580,53550,62446,64135
3014046772,68904
728937020,20316
1283328275,22720,44153
2029046482,20312,48424
3581197649,20310,24790
3780068904,20309
566631572,20308
2985517839,20305,46010
1754720661,29068
536757528,22821,31560,55816
2429364309,8509,36872
2032808169,20303,74793,80392,86224
2400467844,86249
2498449614,20302,48585,74792,91594
191003344,1561,1731,3686,4168,6781,8152,8503,8703,8775,9147,24624,31139,39556,44077,48184,49604,62520,63929,73380,75415,77650,80818,83521,89287,93097
2873903652,16091,44437
878701641,20301
784369261,87190
370119825,22139,58727,60207,60845,85104
3543679761,20297,45212,76759,82620
2063455791,3517,11596,14805,93473
1114112736,20290,31292,70634
3443779296,23762,50618,58770
2839944136,28126,62484,68573,79251
188715352,39577
4219777951,20289,30504,31291,48727,70633,71729
2219756259,34987
512487812,47811,72855
312563854,20284,49634
1273952978,37629
1546124020,3468,9314,37279,52699,70941,72886,93022,96575
1525627571,20277,22417,30893,88476,92626
190467729,7258,9766,12887,18642,22648,22985,23157,23989,25244,31869,32091,35369,35609,41553,47320,48507,48700,49984,50877,55582,61975,67269,68809,71375,78242,79425,92149,93380,96781
2177723187,20276,22416,30892,73138,88475,92625
2349034409,20249,21793,79356
1435839028,1458,1912,27884,31276,32778,46066,57584,57915,78115,80267,87678,88490,88603,88769,93190,93559,96138
1286423258,31982
784478852,20238,83923,88140,94793
2711379164,91262
797082835,20230,46105,61905
2828287180,20225,23003,27535,42182,63110,70962,71953,88379
1605632959,59693
2595120251,118,1556,2233,2399,4308,6024,9221,10403,11067,12305,12415,13809,13891,14606,14875,15717,16191,17521,17601,18227,18626,19309,21239,31842,38478,38714,39680,40471,41068,42101,42548,43688,46713,47350,49841,51943,53649,54125,66643,66735,71753,76472,85035,86100,86276,89451,93840,95910,96409,96681
1589894155,20224,22364,23002,27534,36830,38220,39134,42181,43337,59069,59463,63109,66133,68481,70961,71952,73480,77363,88378,92490
1743139445,20223,20370,63108,66132,70960,74160,88356,88377,89260,94634
3230792506,4258,12015,20723,70214
3927003130,24067,35535,69926
338175895,56199
1809934088,20220,37894
3055246713,20186,65754,77543
1514617215,20185,65753,78607
3669932742,20184,37244
1696840512,20177,31507,44134,45227,58269
775897059,20154,54916,78832,78841,93442
2488826761,836,52799
3414613044,20153,54915,93441
492550418,20152,63938
2771876265,20141,20740,30178,35973,37582,42794,50571,60850,62105,71747,72887,77841,78988,79333,80761,82374,88009,88233,90185,93310
2937853722,20139,53357,75748,77839,78986,79331,81200,83197,89344
2569318741,35632,58988
505679620,20131,46587,94025
2528841088,33,74741,89129
1056619989,20130,46586
390522050,26453,46366,68253,70872
1279725240,10895,75833,75915,83417
1413736527,20127
444879815,20117
379697991,52202
3865174435,40688
3751968201,9389
161772133,18782,60909,91767,93931
716127785,20116,48075
1190397139,44454
3350702290,20077,25842,47358,48435,52985,76708
3374746088,92456
2323589430,58301,80689,87161,94550
2571166989,20058,93050
1789959650,23663
2554998943,3596,9802,13549,15283,17996,18234,22294,40530,41136,53156,60943,64788,67945,69418,71507,74399,96722
2057889333,12849,24015,60052
4080428515,20057,37900,93049
3218026037,20048,21460,26850,35893,69553,70766,88409,91694
1966391241,20016,64045,87386
1758212611,20007,77078
1607948803,19996,51436,91467
1260225031,4099,80737,89502,92298
3831513559,19994,20950,74778,79207
1322434654,19993,74777,79206
3667847904,19992,21902,85395
3253221250,19959,30471,67204,87076
369432301,33704
3200491905,24423,28363,30164,30693,76611
601274715,19952
728580684,56115,58162
352855314,19951
850447064,78994
199266907,3023
1520812103,8968,9758,9880,10628,18185,22230,22928,26475,33848,41887,51398,51422,54837,59787,63206,71796
2011672482,19938,72192
1661363954,25318,47257,53182,53744,54860,55382,55912,66176,73217,73260,73964,93419
355813448,30833,47497,72178
1943122450,976
1367370254,19919,44243,64182,95880
372810064,19918
169922432,19915,27578,55994,67603,76986
3639315832,5957,9489,13657,78106,79900
1135997335,19910
3572373734,5176,32084,77713
1993169915,19907
1040353555,19906,24227,32389,35219,69190,79963,91956
68697861,19888,49637,55804,65085,81573
3629099655,78005
1417849127,19886,42826,55764,65083,93343
2062619561,19885,65082
705858240,10846,29502,31478,32401,35550,36637,45275,49081,62162,73492,74681,74947,75550,77478,78829,79868,85080,87740,89978,93341
3641093752,13148,49955,57310,71878
356029889,19876,40274,46790,51992,58742,72938,80891,82502
477584051,19871,21895
1942880418,19865,54601,86683,92224,93198
4245696603,19855
2677576041,19853,43200,56469
1481666409,2283,61227,77425,84111
2337965358,19852,79576
379741479,84195,87345
3223810226,19850,21890,53112,55411,57025,63002,63536,81990,83926,88182,92175
3840791554,19846,29412,49950,53514,53556,54471,57950,81129,90091,96482
577151287,1053,2073,3483,7389,7748,12274,14300,15241,19719,25028,25982,26257,28711,33134,34491,35800,41374,41810,41823,42160,42619,43138,46195,46627,49188,49574,50434,50451,57123,57200,59934,62325,62808,64730,65133,66416,67185,68117,70399,70699,71102,71685,71850,73360,73372,73409,74218,74767,77933,79317,81001,86753,92496,96777,96980
4024798024,19843,77307,96377
2944883702,19842,77306,96376
609862847,19827,56048,56107,64989,80947
875307126,8900,10444,13401,31753,41232,48300,48340,65162,65392,88986
2106791388,19826,80946
3735684058,2253,4049,7880,11011,12692,16239,18004,19301,23319,26701,29871,31712,32662,33656,34626,34775,40377,42279,42302,42499,42885,42927,44467,45830,47414,51082,51369,51378,51557,52331,52354,53464,54189,55391,56331,58435,66114,67021,72751,75927,77450,78697,86879,89730,90265,90424,91598,92454,93786,94525,94697
243444043,19789,21677,34175,43534,63126,68344,73559,80211,80520
3960474288,19753,34871,38318,50141,67325,87426,90270,93416
2816256221,17586,44013,46807,71873,85621
2776574890,19740,19755,76701,77123,84202,87428,90933
3315823866,27210
1007157342,19706,57970,94929
1809326917,88051
2447494272,19630,37924,53656,60163,71713
3314465776,23270,23438,29616,57845,62608
1446202877,25480,59355,60856,70891,82413
799002915,23123,86208,92479
548864590,15950,17282,20197,90785
1746428129,13925,52485,60795,63267
1765072954,19704,53614,94927
2816880387,19703,53613
2042091819,31548
1618491126,7625,28169,51321,57167,78121,87176
2259744521,22434,27772
2065972693,19701
3433900207,2877,15492,19274,27423,38738,54245,65512,86802,89738
1593797423,19682
1450480484,14824,48464
4294317778,21449
1610115271,7579,8718,9979,13574,14352,39740,48067,50536,61897,70130,70822,74379,75041,76507,76537,77408,77573,78504,88846,94870
215790965,19660,30868,63300,63874
1653525465,96325
4017354954,30876,42895,60534
2849700286,567,24455,26579,27311,32188,49688,49709,59023
1796280532,19635,27381,38452,44286,59727,75376
898795966,8009,19449,31833,42798,60518,66080,80297,90414
3887265668,3469,3757,40837
2880650854,30379
2253552984,20050,21462,88411,89515,91696
1245973701,1278
1505072476,6522,21528
2854726353,19619
2818428045,93733
1812996213,19594
2752820929,41576
1564772680,19593,47286
3706892581,19590,88590,89955
669533754,11892,27401,70523
2001340033,26561
1285006760,53997,70758,89661
917459396,19577,74707,86483
3619442662,19571,49450,67342,74984,94713
1765177248,19557,22453,34125,34561,46034,48455,51669,52411,58617,63120,64337,66399,67052,69809,70422,72974,82155,94535,96699
2862426122,54156
948618416,19552,50125,53415,64320,65588,72092,89785,91738,95754,96310
1744584571,19551,57820,64246
767182239,71634
2283636578,69584,79779,85469
2507194459,14907
1892120970,19378,26853,29721,85365
3290174241,19544,20848,24937,25637,41411,45432,50732,61433,77181,77681,80563
1568424321,27677
2867131990,49283,62195
4244740246,19541
3065936776,19499,28395,34506,46753,50439,57355,68738,75437,84028,84631
1757366000,53252
219386532,19494,92379
184708032,19450,60519
1008042249,19448,32817
2299937003,19446,32815
2388757918,58659
3994321662,19440
2278438899,42246,53812
3358758635,7165,38207,59296,63578,96146
1002104189,29596,44783
1924474028,19434,20749
3498711121,19420,20456,58283
850923008,23382,33990,42285
2919531574,2425,26719
860525686,31057,42034,67181
1728474436,19419,30975,58282,61558,78179,94401,94474
1399471950,19417,77467
829892647,27258,29067,35700,40798,70282
3190045737,1584,15681,17863,27696,36518,41208,44776,48555,51708,62274,90636
925869623,36688,54468,55679
2322082188,63616
2410934423,3624,16080,23521,28275,64747,80768
4175712114,19402,31563,58644
852621330,1193,5054,9428,10399,10658,18646,26143,28379,50773,64968,94343
119403943,12183,29158,57615
615047684,30326,36844,42177,44384,65279,67520,70725
3642317393,83133
1090985257,55044,91717
2186735193,11422,18156,39114,42713,68291
3245555517,24919,48695,89177
695584582,19401,31562,40549,58643
1383174217,78159
3481629983,25052
2274951784,19400,29356,29706,34554,40548,60980
1300389929,19398,19469,46399,59363,60972,60978,65991,70060,71663,72136
3476272215,90811
3866784860,19388
1407933877,19387,58412,82603,87637
902895035,19379,85366
2596702341,19376
707614295,965,2095,8587,12071,13267,16869,17994,27375,35933
475492653,19374,21109
3456905330,19373,21108
1754400193,50486,94950
562777281,19372
686717884,48037
2186764777,19371,25181,40047,55364
1011416204,19370,36089
1525474135,54363
1744351522,47148
4442170,32452
3190315564,19368,23355,27487,34371,35359,38495,43325,50474,64244
87913554,37377
3401953463,5617
4100838655,29487,69423
47419798,24870,41724,67068,67433,83745,90779,93493
3849523946,19366,20807,23692,32924,38880,62766,63379,68180,68504
4051170446,19342,21577,63901,71890,72515,73000
693591108,19321,24306,31188,95302
4146532825,17133
2319622862,19319
2084745150,41929,74128,81441
88437308,19317,46266,52581
1545522045,9041,31236,35151,51976,68956,86288,86598
3430912466,31199,36694
2382287608,19316,28143,46265,52580
3417227536,83710
2290822936,23017,53420,79241
3412756344,42065,93085
796977406,13109,50512
509589931,19298,21313,38630,45085,48667,49943,51880,67517,84955
2103391944,19294,29829,59670,72567
3542978612,76677
3204054269,44179
3936371561,13655,80490,81635,84156
833641228,19292,49541,58138,63472,74806,95228
1397180046,65059,88219,89689,90504
1637402543,18614
503797183,22129,27500,31185,69522,84844
3484536842,6695,7441,8132,10126,10679,11801,13851,14931,18174,21143,22623,22726,26609,35441,42495,43601,44943,46029,48223,54100,59556,59743,66119,69277,69767,70305,73809,77412,80478,83600,85894,93687,93900
3047862182,35924
4250324597,19289,22787,50482,57671,77304,87275,92119,96374
3573593858,36466,53903,53932,79225,83941
4140452898,29262,62816,75314
2236341811,4065,63740,71906,88444
3416212054,19261,21741,50094,64366,71059,78194,83114
1771631557,19256,57159
1410726184,74026
1573180473,42169,58657,67872,68228
3160690883,19255,57158,80234
2234230465,38253,77121,78025,95114
825401771,19244,69377
3800986739,1797,43478,47042
2629757408,35775,46768
3001393775,19201,26253,55070,59647,75461
4470002,19200,20332,54804
966162272,16858,34859,39105,40774,44276,50323,50445,60059
44233539,19198
1717995864,11846
2135537076,25221,40186,46017,47999,53902,64250,69475,79224,81109,86308,94358
2485467888,87783
1144866395,19191,48280,53697,55491,56503,71210,89493,94679
3352156148,19189
1766978368,19182,24713,28872,49132,56530,57084,74526,74534,84687
3401176055,19180
2675258989,19179,32342
4038139195,19142
241940588,26973,60775
3212361186,62048
3921816065,39,80699
1193628120,19137,63280
307721139,36606
3182397413,19136,28653,39642,48642,50854,63279,91257
118559040,19108,22074,55195,86446,92117
2549212971,19088,34131,84023
2200232010,8652,57947,85169
845151846,19085,31649,34128
2897057149,173,2744,3886,4749,7293,9310,10802,12585,19998,30992,34007,43586,49980,60511,69710,74999,75113,84524,84680,86793,90758
3982803172,19083,28397,40339,47030,49649,58778,84908
3238409837,47111,82771
3447617632,19082,29462,35432,49648,71983,78571
1788945150,23339
3036431624,19080,39656
3395253714,90339
1935351058,4923,19510,21724,23258,27757,33198,37541,54164,57493,59255,66043
697540414,19050
1613960655,46370,72140
584689164,3958,9671,21105,37490,39623,40096,46127,47602,57384,63403,73487,80411
1981173698,19049,54305
4024830274,3279,4700,5384,6963,9145,9231,11061,11346,11445,11763,11808,11926,13190,14458,14643,14713,16828,16925,18503,18927,19272,19784,21302,24803,26532,29011,29116,30536,31627,32326,33043,33534,33658,38617,39950,44050,45406,45872,50844,52265,58391,59198,63853,64716,66625,69112,73349,75413,76000,76230,76689,78699,79976,80816,81785,82947,83800,84670,84796,85349,85600,86232,89732,89862,89913,90589,91156,92048,92139,92247,93991,94858,95127,95208,95456,95856,96727
3803149734,29223,76804
536444107,24168
2534674311,19045,83772
100295884,19043
2161846886,19042
1565674522,26956
2341096012,19027,21118,42738,82928
1083749315,19026,42737
371091185,7179,35315
3287296117,19020,19941,36782,75781,77053,81833,84738,90401,94131,95000,95044
1418972302,19015,29053,41383,53785,55949,59849,77533,77660,90359
1763042837,24,27693
319650495,32343
3641901140,21436,33346
2908958815,19014,53784,59848,77659
2104717252,65170
2744684797,8901,10445,41233,46772,48341,58287,58942,67072,70018,83220,86024
2896517965,18996,49396,52683,76365,76392
3501222571,47268,81368
2176591335,18988,24781,26057
3551219,9651,12801,24531,82884
2216859107,18987
3703043501,46268,79454
4269640445,28315
778187260,18984,21333,30553,35104,56290
1566326517,31961,50783,59989,68699,74845,80047,85385,86139,92385
4195327831,57522,78921
295293347,18976,19600,28148,39975,76348,80731
3564903150,34112,62371,71827
3454873787,36284,56711,63049,86199
4115569234,12683
3773327398,32161,94848
1213523918,18969,34639,38744
4158470458,18938
1093474696,24907,27909,62269
4013691480,18937,72404
1080494163,18936,75685
646545891,18934,47280,50487,58400,63720,66331,94951
392328961,8375,11281,25222,26604,30939,41790,48320,58171,62997,64236,68611,86309,94119,94199
2578736867,18932,32810,47365,57937
378655598,1073,22798,36425,48110,48288,50371,66034,70187,82996,84465
3138809774,30787,87191
4047553736,13572,20955,25081,59408,61294
3570734839,18930
2359796497,18913,52110
4220241452,5311
2591712427,18906,19185,34792,83455,83842
1180119138,18905,24347,38914,65705,70128,83454
1263906886,89855
444151794,4894,9623,25824,27185,32657,39441,39698,42315,43180,44583,51151,58453,67785,68272,79112,86328,86430
1328893745,18904
2872338277,94047
2579627383,6463,14515,16209,24921,48548,53538,93755,95735
1443476040,7468,8731,22990
3722105108,18865
1549899599,18848
1841322654,18833,27054,33679,37936,41389,59904,60332,65918,69791,79746,90334
3635557258,18832,27053,37935,59903,60325,85464,85695
2457053209,18829
821081180,24925,26922,31100,46656,51890,54078
4057229947,52203
4005564494,2207,6064,8520,17269,20611,21830,57773,65453,66408,69621,73046,74579,81765,84451,85486,89360,89884,91136,92766,95166,96646
704067468,24535
1275396171,18828,29308
793504053,87150
3437083068,18827,29110,42945,83298,85138,88561,89096
3009120042,18824,89093
3855950483,49016
139226775,18812,20662,21225,27156,33600,38137,42491,44185,44596,52125,69774,70596
2837414416,24128,50243
2622162627,57524,63683,78923
104108289,18807,19792,33738
3428197726,18799,44500,57618,65920,83076
3614238476,18795,68656,91117,94776
4176691592,18792,90348
4044967212,18778,21003,25031,32957,73298,81884
3535678024,18777,65090
2833932585,91367
2185761317,23093,27858,41447,43981,47465,53584,62686
3257543009,18757,23038,23371,39417,46081,69256,92398
185528178,18749,23725,25265,29352,66490,76705
2957889852,1140,41252,43939,86873,95203
1757754613,34351
3318520109,18730,43866,44250,65222,88038
975722181,18711,51660
2389347187,75324,87160
1733049347,18699,33392,58104,59593,69434
1889018745,46545
3878280129,6430,86406
4214967093,18684,24544,43976,82320
1982151133,47947,69642
595773380,37684
3971757973,10814,56109,84777,87765
2042160029,23811,31638,32974,74147,81251,92618
690474284,18683,43975
3739605699,18679,65302,65552,73436,96465
2628269223,47950
1441146786,2478,22800,32807
4058031555,6589,67810
614885293,18673,26754,35737,38336,60581,61959,64695,67673,79311,81075
3457227493,18669,18903,18975,23033,23662,27102,28722,34140,34899,41258,46983,48332,50437,50528,52515,57353,61238,66893,67395,76347,77402
4039494822,60892
3668990003,18658,18776,35653,53853,61857,65089
835815062,26769
1267995442,2038,21260,48577,73938
4006547338,18636,66187
3825229975,18622,30789
3497856187,47742,70795
548604910,35530,51210,52841,58970,59966,64357,71803,78129,85480
709138880,18618,60925,80627
2056695333,58135,94946
3492269707,20703,28457,30644,36035,58047,59149,73621,81936
2536473759,72406,74115,87723
482508403,18586,36296,68100,70557,89012
848670201,45829,77449,77837,78984,79922,92453
1456954402,27734,58092
3635672925,32069,36892,53436,60428,67914
400808858,304,31796,59209
1141098420,18585,70778,85124
768873225,71221,91925
1561239712,18584,42880
188210636,18583,31668,41750,47142,50234,66307,69003,85428,89868
3349135050,59954,82857,84393,85562,92369,94312,96878
4144510426,27108
1002150196,18565
1795391820,10397,10707,28039,45019,69871,87954
2743037553,18563,33820,49015,58170,59168,76410,77986,80255,83409,89428
3987860180,27970,41730,55266,91493
1787927847,18549,20333,39159,40813,50084,54805,60245,60935,62783,65875,76037,87911
1456899936,18548
2340048197,6301
3268457614,33013,50676
71967926,19145,78539,83732
3221579637,9379,13688,14454,14800,25592,30004,38589,49102,53391,60624,63190,72796,74950,81283,82745,86874,89293,89533,90434,90686,93229,95204,95351
4250465373,18546,78694
1378301067,18545
4086971364,62951
2281252209,18539,25512
2375973520,89191
582315638,18515,51392,54424,70884,76801,78525,84943
4095934945,18514,60817,62814
272277423,5616
1207759015,24322
3396959093,18508,42443
3649468944,93732
1909431007,3964,11646,55534,62426,84602,92635,95812
3954549715,18495,41159,82172
3411233251,45511
3799817121,18494,19654,33407,34384,37571,41158,68066,68215,71594,82171,84146,91234
1007878583,31897,67162,70199,81023
3643810382,27204,35866,36663,43778,58887,60327,63316,69626,80774,81924,86051,86673
191287265,581,70531
4011650483,1104,31197,32384,32940,94760
1998137968,18493,22618
1293457174,34109,43798,65870
1984575832,18492,22617
1951925680,18491,22616
14258298,3228
785536845,8494,24838,29997,30419,74527,74568,96386
752104745,18487,19263,24344,40337,42772,47028,64983,82981,95175
1725742574,2534,15276,19303,19315,26703,28142,30889,35202,35466,35563,37083,38511,42759,44041,46264,56910,60628,76031,85888,87021,90548
1735643619,17306
4098984485,18476,46871,82570,93979
3253363343,42313,59054
3630297412,18473
1886721883,18459,30808,31189,89064
4128720750,18453,29687,58811,79286,88327
2798587838,18452,29552,29686,34456,38168,45098,51582,58810,62949,63235,79285,88326,88653,96023
3607454393,18451,51581,62948,63234,88325,88652
2229766707,36226,47645,74295
3628044577,23701
78478762,56006
3328078882,9846,77342
3303596298,18448,47901,65664,70174
290190078,39890
3267009979,18435,60640,61054,67313,68584
1322171946,18434,23414,42430,49098,60639,68583
113958056,78360
209213824,1682,11549,16210,24922,25830,26892,31019,33899,40569,48549,49357,50869,56880,57373,57397,61354,74079,81768,83935,93027
3297362618,23510,28509,32620,53450
2042964884,51736
2996731263,2333,87396,92344
1253144380,18426,29265,47977,88898
584863455,2598,22431,45915,53302,56391,60901,89840,92563
6385257,18425,47188
2360281540,16030,72896
4232067668,18424,29668,46852,47347,62122,77913
3972390290,66421
1113740004,44271
1235124244,18414
3335740580,6517,9143,18402,25778,29858,29884,30656,31472,32259,38142,41305,46123,48040,48365,50994,52243,61918,65337,67425,67830,71670,75885,76061,85652,94326
1197757785,18407,31410,33116,42803,72161,88094,94267
458382484,15888,32058,59161
3840605173,18374,36492,47430,66449,73826
3501478504,18370,24700,63494,66098,73551,85116
3449840264,50162,50563
725689888,18361
16493518,18337,66683,85373
4232714401,2186
3238932370,25861,47833,50542,68932
4163587105,18328,43491,68251
4035923365,13955,57528,73122,88916
3755119442,23200
404160042,5504,28885,39177
2454499301,20344,28217,75369,96487
3955472006,18307,24286,51287,77237,77371,77940,84365,86090,88679
2982711610,61245,73283
1486959456,3180,8741,57533,68218
3460121998,18269,21169,25256,26312,30573,37105,40691,42824,49678,58025,60022,70119,76968,77352,82755,90279,91461,94105,96285
2847845530,8388,11163,15220,17496,18250,22132,34643,50569,65767,74591,88554
2153795134,24609
3732117828,18242,18576,20042,52081,57408,65649,80585,92143,93895
3054176320,18239,46049
4055935460,18238,64048,66762,96395
2335999005,24253,34158,53373,73151
3884348503,21198,23789,28822,37357,38526,47242,54701,66941,67895,71501,83839,85460,94412
610123871,18220,58267,90945
1065265359,6921,81880
810307021,25649
514893669,18213,24889,82231,87471,94953
2135151188,18674,19122,20495,30482,33557,49291,60582,65289,73050,79312
1762080010,18205
455673354,3834,12003,33153,91305
2871065428,18199,29373,40733,43592,52483,53536,53674,59987,63265,64531,85425
3027968757,23423
410132459,18198,26343,34122,35156,36094,40732,47509,48234,52482,52755,53673,59300,87039,95343
2412706999,57367
3142092553,18180,33207,41091,66936,70755,82064,86851,88863
3529019399,16469,59992
3715210479,18150,22734,22822,31606,40190,46021,47721
1225284574,33441,55732,61851
2829511034,4745,22269,33139,36608,61091,63711,84652
2003661013,18145
3111430524,2198,4339,8909,12916,13566,18574,93240
2520582449,30351
3225999759,18144,33494,49114,61183,91789
4044617820,18137,31106,40538
2407830797,24952,26001,27115
276945894,18123,21936,26862,29601,60577,67295,81667
512127190,18122,21935,26861,36304,49432,50462,60576,70593,81666
617636075,15373,25484,42476,46640,53202
727936288,26805,26985,36533,46581,70639
172815218,18121,50461
4166209,51662,56665,82821
3423729982,18107,86565
898973699,18136,40537
3184417772,18095,23839,26355,34784,50321,52510,64583,83374
3628687021,69786
4165040773,64878,66765
777880420,34246,70494
4106092333,671,2381,3738,4536,4563,5582,6819,8028,9121,9426,14709,17393,17476,20070,20505,32118,35921,38092,38441,50969,72364,76301,76937,79087,80337,81901
2412396430,18091,50090,77388
3071971203,18088
1810108048,52689,53780,54286,70442,72317,77589,78946,85595,88496,92734,94724
1960449630,46497
2802347059,37581
1257176263,41807,88746
3347531174,4187,13021,39290,47056,60019,72939,82503
1818732675,18085
398193283,42994,74073
184253560,18067,19219,22147,28742,50629,53502,68327,69568,70974,90906
4196799919,18073
1182896298,18072,25525,26768,27308,33312,39471
2992810274,18045,26731,39484,56830,78949,88706
3634133118,27731
2829123032,27125,56147,86599
176050496,17998,42573,62081,63995
2759464360,5486,10655,12319,16996,20543,24433,39040,39060,60125,74859,83088,88361,90245,90800,94841
1435604634,24245,55327,63069
2983317377,9641,54218
1707471290,17997
208671585,47532,96796
3056083542,17992,24632,33047
585088519,27161
3713804338,17976,37548,59704
3931441484,68460,83526
3772536141,19202,65593
2473611961,17975,37547,59703,79574,80989,96098
4047116044,39135,59464,68482,73481,77364,92491
1283695809,17961,69063
73944228,17958
3705100855,12833,41485,54820
2834940443,23871,34770,39003,61541
2183997359,68457,70528
2935808137,36159,36231,42043
4215228887,2097,3301,3437,5891,11553,11607,16507,21428,37837,41240,41530,42013,42762,65871,81813
4204067709,17954,56339,61489
1439894250,17952,89174
899348245,17948,28623
1254233848,17939,25700,36090,38922,48494,58275,91310
217704348,26373
3331703055,3788,8255,16617,35547,40760,74944,82293,84276,87336,89163
2551423558,17938,25180,25699,38921,48493,55363,58274,87475,91309
3328089469,17910,79877
1795716307,17932,38191,40092,60745,92557
3147488397,17930,32554,40090
3291392795,32591,37775,56171,63547,75024
2295895251,11512,12961,15428,16853,18863,22837,23042,27225,29975,33160,33345,34885,36751,43321,45439,48399,51490,53586,56262,58669,70383,91640
1170365029,17908
2982460211,22678
2576620234,17885,26887,31505,50456,53189,57661,60507,60569,62423,70809,94900
518636388,23198
126677444,4017,31573,31797,40655,41560,47158,50808,53424,53439,53842,62229,79040
82264185,17884,72613,92102
3024313854,57856,67893
485968803,17872,18394,18535,19821,27644,33215,48318,57870,67231,75930,81333,91361,91881,94700
2594062272,17866
1050414199,17861,35661,36516,44774,70831,71086,72547,73081,73922
582433184,17860,54814,70830
4180423167,17857
2357170512,89005
2902165176,17854,49306
1651463778,17846,26622,31559,77667,80680,83972,89835,92806
2823614340,17839
2745536465,84915,95190
3161971846,21046,42830,62891,66589
2959604773,17838,42934,48581,50327,55780,57029,68604
2137607797,11105,44414
1252042902,17837,32910,40026,42933,45454,48580,63677,66758,69469
972962466,17836,38778,45453
2152303254,56411
3806935034,17835,38777,63451
3995225230,17834,22284,28209,68876,69305,71095,85517
4192429670,53160,62952
2403195112,43383
3840595393,1867,2603,4855,13752,16024,63955
277479326,10289,34427,49706,82520,87575,90971
2134272443,17829,67352
2820814579,17819
1294518117,10775,14901,20237,86221,88139,93738,94792
1153511806,17794,79032
3327619783,11749,36198,49349,61810
1222657616,34668
149522087,17793,29823,37059,53381,54374,79031
125094473,45988,95149
810401089,35479,42877,74676,93126
2072038716,17774,18854,19834,21156,25179,25698,40816,41265,46821,47815,48492,50550,52595,54990,56942,60000,64161,69850,80983,83781,89371,94009
1173564332,17761
3261101143,7023,7945,8058,21899,26422,32214,40143,53506
3157178746,25567,79764,96079
3155495003,24811
2585040304,22332
3899779671,17741,34423
285773339,26866
3423710245,23282,26106,37579,56229,96908
4289655414,17728,34475,52053
1915212784,27026,51043,89118
102142898,17727,78552
3964096449,17719,86273,93919
3498237378,18991,23619,51766,52835,61200,65486,83360
1994898709,23639,24979,26631,37705,40206,43902,47395,49957,61795,63700,71077,71880
1142585895,17702,17795,37816,52765,79033
945414064,26075,86956
2693347120,17701,37815
1176188994,17700
1259838561,11997,28129,28537,33712,39916,50793,62672
3854683861,22528,80231
1811506716,17692
723462513,3334,11268,14668,28265,30531,32730,34422,51446,58564,72018,84575,96383,96515
53354644,29100
359001189,17675,19059
3620658974,15275,32478,43833,46724,91359
2618647503,23587,71968
573683791,17650,21927,77156,79843,83333,86877
1582470595,17640,86113
3380241402,87926
992546537,17638,55032,76745
1578501061,17637,55031,76744,78300
828631512,38290,90286,93741
180074489,13204,14881
849693735,35946,38238,67038,72582
2546990018,17636,55030,78299
2967834023,308,5743,17713,19603,32348,45586,48603,73083,96671,96927
401071687,1017,5883,15314,18188,30996,37320,38013,47583,54146,55397,62537,70862,70913,75003,75322,78733,84171
1122382103,17635
1819100788,71882
469164024,43618,47786,63766
539911491,27747,30666,45471,60481,69271,73458
2889542274,3843
3480030311,28355,37995,58277,58797,66078,70418
826939757,21545,41438,44895
4189432872,76294,92483
747623894,17623,21270,30712,64409
715590728,17621,72266,73670,89334
303650171,4893,9622,13934,15677,20755,20861,24810,25823,26964,27184,28286,30181,32898,35611,37411,37429,44582,47987,51291,53922,62094,66842,68271,69100,72773,73666,74824,79111,83607,84323,86327,88994,91077,96197
1413364438,35129
2207443667,17578,79483,92031
3344905600,66557
3003178104,27469,82552
2284746816,17566,75676
3927665391,17561,21170,43956,53876,62718,66316,67684,68364,69343,72367
1176572072,17544
788137655,5804,45719,62618
3063912136,29179,46567,53164,58188,76834,78742,80094,81772,82000
611667601,17543,49409,91109
3637043583,17251,18756,23037,23370,61858
2509173114,17541,71272
2835356464,94223
2046796093,17540
3983922015,17535,30356,51062,55484,65071,76827,93827
3517010550,26108
3957458397,7607,9634,14440,18248,22130,45767,52539,53272,69523,80502,82089,90852
1640768169,17534
1439305397,17236,17239,38549,42544,42595,44063,50763,62861
422815255,27857,41446
1411785809,34,74742,89130
97878562,17529,58078,62149,84040
3825228031,91435
869933259,17526,21490,71044
3704505942,25667,32364,43665,96040
438793196,70331
2805194385,17472,83201
198791551,17459,52161,54389,68458,70529,72592,80821,81274,83188,83524,85706,93397,95552
780456518,17458,54388,83187
2410821701,17452,30190,66151
218275532,17450
941589839,17426
282986817,17425,21885,71779
3082375858,17385,31656
1384911124,17374,20211,24158,40110,64951
3807589276,17346,45645,57477,90345
1495230582,75957
3755317693,28766
1942555807,20399,22729,34743,86882,95585
2544642211,17321,30045,65178,96210
2777312371,17310
3723632435,93761
98615549,23707
3577755560,17309
2855201171,17294,23463,36678,49095,54547,63913
4145879456,17284,18000,19207,20199,20373,23112,25283,27402,36834,45929,60548,67377,70524
3003591818,13389,17732,30154,35817,51331,53993,64098,65825,86028,91306
1806336883,23306,32528,32908,38277,48578,69467,85617
2519332874,5301,27484,50582,83155
4258625018,21719,28324,75790,76100
3654842490,17275,19542,24333,28029,64667,77179
1548336696,4870,18939,81542,94168
151132086,17272,34638,51990,65456,75196
1143587797,31630,54302,84841
1699447102,26444,50099
1776469517,17259,22706,35591,58991
144889135,55842,56592,86163,87831
1368246825,17258,22705
360450842,8428,95867
2514481045,9404,64117,73594
1180874576,17256,24992,65066,80364,83821,95961
1195320614,23648,54734,61136
2061605381,76493
3627384926,17247
1169105178,17216
530011266,7734,8638,75064
1276190021,17215
942065835,13647,26178,50020,52832,88876
3423679184,17195,49109,77507
850044315,26233,94515
2072167589,17192,22215,80099
1777705853,62102
3997057236,5351,11670,18417,20095,20741,22681,28436,30179,31455,32279,35132,35974,44580,52193,56414,59943,62106,63229,75410,79334,82062,82944,83142,88524,93779,95619
83495610,17187,61557,82222,84343,94473
2330927183,17177,68122,73100
2077041921,4321,6970,7660,8087,17418,24728,42460,44585,45327,46954,51153,55191,56861,67588,71480,77439,79114,87842,90927,90954
2854389680,17174,28019,33541,41310,45136,54015,55261,60921,62126,64835,66059,75610,90222
2962728607,23240
1112754070,33661,54084,74672
1301671152,17173,33540,45135,51094,61980,65353,67973
3066750602,31641,36074,42971,68524
4220230234,21571,26834,37678
3469911657,10777,15560,77736
642944715,17171
3764808719,17165,22827,36615,38689,43657,44713,55180,62327,75054,88666
1903357230,76630,83922
3261497717,17161,26410,26683,39410,44859,47182,52072,65160,76646,88647
2489837517,44401,48732
1191746225,5186,14384,16159,16579,43381,83053
3291487841,3314,4984,6402,13365,16100,52778,89795
2082840275,27086,90812
3393339503,32759,60181,85714
2715079345,17158,22485,52069,63566
2116243129,17156,22483,46141,46216,48257,52813,55553,95990
306777043,7026,65193,66215
685459868,23139,47746,58932,73637,84209,85120,90695
1915504821,17143,77242,80853
2151388241,17142,22494,33756,49707,77241
3443858274,17132,72324
3403741146,17131,26213,64921
3318734923,92132
3979661823,17129,19432,72505,91645
4134996413,17116,42111
705670558,9660,46235,49363,51496,55489,56236,58380,73946,75943,86448
1719306113,17112
256021638,16857,34858,36301,39037,39104,40773,44275,46950,50444,60058,67609,74237,74437,82330
1667190579,17104
1864190657,26455,68255
1912248024,23084,38995
2272774674,17102,18912,19190,24835,31755,50075,52315,62461,65394,66598,71209
3830661861,1056,37597
2309681330,15973,22189,33523,36803,38857,61731,77703
1274829250,17080,69955
3572531240,17071,19836,26739,47933,56057,68071,73852
1285234836,17070,23289,27608,39956,43370,43676,47932,48359,50615,52912,56056,73851,82257,84045,88469,89751,91634
4085956782,34745
1878553409,17049
3482624141,82001
1430793296,334,10207,77550
2617735714,17043,77065,78978,86510
205474753,24439,55303
1688325363,20846,80561
2732447206,53612,82609
2682787679,17039,30605,39877,53751,61389,87592,95155
2011003079,17038,95154
1173379603,28765
2117560983,17026,94806
2831614680,17017,18415
1737550264,23225,60997
1593943695,16971,17648,81231,86061,91087
595005072,16935,22907,45168,56409,61243,70046,72382,73281
3250512791,16934,22040,22906,25347,26987,31206,33508,33762,37048,44554,46847,47281,56408,58401,61242,66332,69729,70045,70909,72381,73220,73280
1445733863,16933,23226,25903,56407,60998,73279
2493734486,25563
84776131,24001
4286239572,22012,25470,42116,55223
467757081,47944,78136
4067982779,16931,19506,20940,25901,27691,34957,41955,44268,51142,59030,60321,64639,65269,66785,90383
718572006,16921,32864,41776
159209331,25477
1454740319,16919,32862,41774
1965648563,25072,31859,72113
583385530,33235
657233703,32474,59039
2682601755,16918,31438,32861,34550,42727,47463,89322
585880980,11178,25324,46000,48629,50871,61109,71216
3830337700,385,2720,7782,10837,12814,14027,16752,17432,17441,19765,20578,22047,22173,22313,26301,32315,37361,39161,39296,43384,44698,45948,46168,46352,51983,54792,57815,59283,59499,60112,60175,60357,62659,64599,66864,67436,68105,68467,72481,73968,81149,82132,85779,85818,86148,89829,92880,95223,96897
4267783870,16915,22403,78279,91559
3120061502,14362,20514,33165,35790,43028,47881,48247,51854
3096118975,16912,34736,36426,38095,41515,43554,70188,87646
2836015553,50836,69326,81551
3957765376,16861,17325,23406,31174,32136,32298,38671,38864,40551,44279,46779,48712,50164,57419,60750,62189,62894,63013,67461,67760,71506,71581,72698,96721
4087757944,16860,17324,21426,32135,44278,48711,48916,60749,71580,81811,96831
1880004379,94269
4219839907,16859,40775,44277,50446,71579,96830
4260420566,26160,75124
1854710964,31639,44338
1315554059,16854,36752,41418,53469,68428,73718
1688386553,9593
1134339505,16835,90289
1615849908,16301,21806,31191,34870,38317,52564,80451,94164
1008157198,16832
928389122,11809,13854,14894,18504,65608,66626,69113,76118
3695384020,35756
1135374892,16831
868250505,13320
94863164,16829,32327
3024980728,25348
1294663817,16814,86363,93974
1203224215,16812,16846,35107
140548238,71786
876517344,16811,74692,75216,82357,84293
5995844,16809,23132,55703,57473,65768,75214,82662
1952665683,69323
3515333471,16803
895659703,91540
2633048789,31331
1364699990,52874,65723
2541072721,30442,31113,61649,61831,78747,86950,88098
2101063119,26339
2157577760,16800,23056
1365833665,2243,28352,29662,56569,80495,83252,87660
740421942,16792,20325,24675
7486370,75655
3191430989,28080,32065
3837266782,22101,71977
3961557043,16791,24674,43230,62567,89458
3657389798,16788,27580
3935446203,31446,33264,52376,63741,71907,88445
1980131259,198,43336
522646001,2291,77855
3459810288,16787,22100,23780,24744,25622,35081,46843,48925,53142,54173,72252,73277
3451817584,16776,32467,57499,79523
1667450771,2843,12874,18308,19848,24287,32576,55409,55529,76992,77022,83476,83924,84366,86091,88141,88627,88680,92215,94794,95775,96484
4017495948,5526,91812
445121761,16775,21507,21537,32466,57498,88778
1979954055,16761,45405,51718,84932,95455
2458144090,49828,55127,63584
2516753133,16748,19500,22970,28396,54313,57356,57496,58867,66944,68739,91636,94415
1504978342,16743,35936,55759,72435
3031334086,16720,21520,38226,56101,60349
2412227462,25787,34535,55278,78084,83482
1686752730,16709,41484
1684046734,16689,71732,75043,92254
2509853601,27660,35658
503927367,7420,35218
1543511375,4693,5444,7380,16057,18352,20122,34513,40334,42779,45680,47025,64980,69122,75222,76520,92439
376911104,24591
2450145542,15451,67700
2463878420,16682
1398273842,16679,48523,68199
2012460865,15995
1788234342,16652,51054,74699,83268,89468,90941
1516195472,30103,30639,95690
1975766424,35590,58990
505499817,16651,51053,83267,89467
2815817434,16624,23580,24072,26602,29361,32011,36120,36464,50152,54222,61996,62995,67633,71373,72650,78507
1202551674,16616
220937861,29824,33259,53382
982990422,77563
3106057357,17780,19073,39214,43847,53476,66933,79254
4262576564,16599,36593,42241,46061,56076,56984,69496,72491,74867
252485855,76741
3892084280,3310,25367,25587,33018,54612,67983,84432
3928756722,16598,56983
2143803902,16597,37961,56982,64525
3694921790,16592,18138,31107,40539,48151,79275
2920722770,16591,55197,79274,81586,91089
2787052912,16586
726545354,16585
1164209089,16576,24458,30081,30475,33397,48290,53286,57235,64886,74557,84017
3726384537,19089,34132,84024
1273685106,16575,17898,24457,32806,37704,64885,76597,76723,84016
93519931,27335,29429,34678,45386,57901,61277,63294,66794,69843,74154,74347,95007
4133423479,26692,62383
1821623137,12859,23930,24971,29643,31154,34920,38175,39820,51753,60034,62688,64311,72003,74838,80528,93635
133250653,15952,70936
3884486575,16574,34049,50441,64884,95177
2852494883,16568,17012,23647,36376,38172,51758,54733,58865,61135,66217,85188
3650881997,16567,17011,36375,49347,56568,56888,58864,61808,65858,85793,87377
2931832244,35183,61003,70579
2229911571,21266,22945,28195,41270,41538,41573,45823,55456,55724,68786,78612,79230,82974,96347
980682579,28091,55020
2654207633,71468
1282900042,56543,61768
3313231475,52549,69826
219784979,16552,21661
3459721967,16547,16959
2749919044,11870,21702,49729,60484,78409,82882
3575151857,3227,48430,54677
3361649323,16535,84348
4048380322,19362,71598
2655290432,27324
2876426569,2056,5586,11389,19611,24951,46430,56208,76442,82473,84331,86143,90404,92169,92180,94888
411760723,16546,77552,80696,87557,93824,94203,96253
598810432,16525,54386,84614,90821
3428833956,17960,44228
828839145,16521,33838,54069,83495
1172348394,54739
3275330352,6535
2967009239,16520,34727,78517
1595397560,47269
1154582463,40606,58413
364324770,25813,51238
912816946,15297,90391
1086278111,16499,26901,40105,45512
329895795,16490,39384,95112
2705064381,16481,45271,88874
2751794910,6126,38157
261797819,16480
3329546967,51974,86286,86596
878588282,16472,46703,60377,62817,69411,75315,79431
2143128193,26216,49718
494229676,16471
1811994140,25123,28391,46668,50189
2710547370,16470,59993
1303985348,37230,39941
2629695180,21469,86975
3337951321,67514
2383619168,37737
262583876,16468,32694,36219,37560,49887,52016,59991
2610499316,14066,29085,48733,56027,75876
2643597095,15307
2198692995,36592,42240,72490
2956741494,2515,3005,7646,8630,15531,30971,78232,79599,84215,85551,93254
4221426403,33240
1804902781,16466
743693587,62773
1310676286,32399
1456311124,52303,56387,56760,86473
3999285235,16446,55472
2020991555,89156
3896146610,168
3276598363,16444,90229
3101032088,16443,22125,90228
2824130610,2982,26119,44649
3791707018,11363,48735
1818724495,16402,16542,80335
936001496,27541,61554,69425
3039510623,16401,16541,44369,80334
3071398003,16378,20253,85634
1643959475,73268
1012632842,16625,34846,79466
1377182481,16375,27169
2955878850,23493,26446,75049
302351294,16358
2424699749,31855
3604952180,28912,33835,48124,48396,48623,57128,58666,72704,73944
153060529,16344,29004,30774,47141,50557
3675980836,28715,29635,42325,47948,69643,73605,92358
3044063091,24083,47296,47492,47501,62232
918061214,16336,45529,55879
635653841,68293
125402844,60466
3054749163,41119,58213,84226
2987139170,35013,60492
2210562921,5137,5687,10970,16249,30454,35949,38052,44400,47138,48731,52405,61176,88756,95763
1019145745,16335,45528,55878
1452987621,21970,33125,33447,40394,50945,53770,56306,65645,69698,81895,84338,84734,93349
1908292293,16334
1544775880,48470
2086453051,28607,33816,34634,86921
3261308479,16325,25047,44960,69657,82859
1061768458,5047,10569,14393,18702,21686,47036,47542,48327,51328,54995,56620,67338,68762,70036,70545,73421,75681,77696
459784922,16309,39639,77495
2520846402,32029
1758739367,10253,43838,48272,59403,80913,81711,90523,93369
379408072,27550,65983,69285,81618
2541869893,62147,90667
1349295452,16307
3464864240,16306
2288410081,16300,49519,67476,80450,93331
128000858,16299,64971,67475,80449,93330
2395615780,7145,30431
3709985933,29893,42218,80801,86160,96441
1704223871,16295,26667,31665,50329,50354,64791,83378
3195679065,16294,38286,75366,87748
607957737,16287,94919
1391892192,16406,25098,29673,30821,41085,92097
3007768453,17639,76746,81342,86112
3844626490,1105,32941,69902,75431,79691,82119,83704,94761
2914956940,16274,17620,35914,48613,72265,85292,87734,88281
4071326437,11574,37990,88530
1305617389,16266,17166,30852,33736,38690,43658,44714,46450,49159,50008,57096,58978,59706,62856,63539,69831,71131,73057,75055,75583
3006813145,5038,14684,17031,27559,28884,37400,39176,83178
2217198377,16254,24161,85073,87449
553143697,4574
474372526,28605,61951,80292
3757120597,47915,56284,57817
627567433,16250,35950,81525,85069
807906303,2992,64076
241900850,16238,75926,78696,85744
2068059274,16237,18547,78695,85971
618639303,16235,19086,31650,34129,77316,78878,79751,84021
456651002,2437,9386,11461,16328,42223
2047993245,5197,10330,11474,15657,85087
1555306959,34251,52865,81777
3955296237,19299,21314,45086,48668,67518,84956
4109107217,94567
1673321562,34061,46992
2578637113,16234,79750,84020
1605935450,19367,32925,50473,59876
1798581497,16206,24082,48545,84650
2818907199,134,388,851,1470,6488,8501,8701,8728,12463,15522,20515,27249,30900,40155,41033,48949,51302,51535,53073,63065,65016,73797,74623,84585,88367,89704,92852
1498673570,24147,28648,33092,39960,42451,58883,60680,62141,63443,67809,74293
3003181485,16205,28664,34697,37010,41829,47093,48544,52186,60727
3429210043,36442,74843,88351,94962
2972033122,56327,96580
1038860515,16200,17471,31942,39495,64527,72124,80218,91989
2894189405,16179,82313,83147,92093
4242511950,16175,25438,88671,89045
3839773255,16167,70839
2098952605,6544,50469,59872
1453147301,16165
1425258805,26265,37068,43648,46647,75294
3595886298,16158,16578,20421
1390340903,17252,32524
1336643807,25169,28926,36509,47264,49107,64209,88655,89217
3630917160,16157
2716306608,90356
992110343,508,707,2064,3682,4198,4777,6380,6944,8621,10901,12450,13068,14360,17136,17341,18600,19336,19970,21985,22550,23267,23506,24692,25294,30289,31741,32721,33545,36267,39023,39764,42020,43026,43691,48015,48450,49901,51374,55165,56427,57685,58219,59359,59503,59984,60736,60860,62297,62914,62979,65955,66606,68330,68778,69207,72532,72701,74133,74816,75104,77128,77144,77287,80789,87406,89142,92708,94149,94659
880524280,16142,16302,21807,31192,45101,52565,63238,79852,80452,80592,93107,96053
2404556196,36664,60328,65557,80077,86674
1484348924,21243,82837
1765919595,16140,19751,90268
1294074273,35075
2356109222,20236,36651,77665,88631,96217
3441879250,16136,31320
1690919932,61298
1830383223,16134,31318,89120
3708654638,16133
3519892511,27838
3117112857,16130,61815
3324465888,42979,63453,68975
2455102703,9848,27149,27442,28908,56824,70145
1028477845,29389
1900335394,16128,18945,22145,22693,29717,36255,37742,40361,42833,45312,46679,48394,50627,61304,63321,68325,69240,69821,72620,73210,74281,74309,77750,80040,82498,96225
694716173,16121,40954,48440,95315
3510776628,16115,29375,29757,33555,36697,39694,43594,43682,49239,49456,53068,53847,58237,65287,66306,73510,77063,80356,85427,87863,89101,89179,94964
111274046,16106
170045077,55034,75149
2594335233,49758
2700957915,16105
1254444959,21947,61146,90216
3595426114,16104,64740
1119325098,16092,24771,31979,44438,45990,52714,55992,64857,71122,80252,85297,89425,90775,92572,93354,94222
2466465480,6090,52384,61793
2942744320,36142,47812,69380,72856,74304
697544893,38374,40754,42818
2427424615,16090
4172450814,16089
462093462,68838
3949550115,16033,17833,23205,25606,28810,30210,32828,33221,35021,36578,36878,37965,45853,47110,48070,52449,52727,62038,69304,71094,74475,74895,77489,85516,93554,95731
110185460,16029,50193,54324
68029849,62007
3534681449,16028
3856396127,31531
800994730,70227
1039622773,64618,79304
4284568116,28956
2683547024,16020,76448,78675
3580798500,16016
3570566867,16015,85929
84002438,6180
346392989,16014,24389,24717,27836,36292,37600,75756,85928,86592
1159727386,23255,25926,26679,35604,35629,53092,59289,62656,68681
1518531734,15996
3129573293,3607,9139,9409,10109,10377,10639,13115,13703,15608,16754,17128,20680,23504,27890,31178,37363,40422,41571,42423,44317,45186,45487,48013,51634,51985,59501,60114,62827,66866,67438,69560,71346,71548,71590,73787,81151,82134,83892,91904
2512725331,29943,30596,33875,48540,50961,59697,62870
3351772244,15994,18143,31580,61182,68305,76658,91788
2633544580,15988
1476585291,23591,24610,28408,29141,30802,34191,36820,37496,37712,41327,42203,48171,53920,54596,62388,64680,67536,67846,69016,71112,81389,82112,84667,84762,85785,89213,95685,96512,96610
3851192621,63293,74452,78058,95006
2606052632,26851,29719
4235456035,15981,56858
2189222667,22001
3532952405,15980,55628
2351326974,28299,28676,36852,38505,38584,38896,50213,57132,58604,59476,85016,90567,95952
3991241244,15964,37028,45784,61936,62167,70014
507278939,679,1562,1732,1916,2525,3687,4169,5641,6782,8704,8776,9148,39557,41794,42952,93941
3954385619,15961
2597448392,15953,78374
1900499594,37757
1193758713,6986,43986,44028,81842,91935
167316092,15948,17280,18471,20195,42572,83083,90783,93908
3204920897,15930,75097
1282225793,15923,47628,61597,71797,87361
3478403647,15914,17740,21874,25792,25951,32418,38358,43194,43422,43518,45348,45443,56827,60078,62448,74966,79435,96568
2609246098,2127,39398,55605,66040,75283,75375
1542222051,15909,30910,35571,40596,47605,56050,95439
2410029951,41682
3807234561,39382
4076131513,26961,44681
979701845,15908,75693,84776,85934,87764
2335042274,30838,91898,93655
3228142250,15892
4111656999,43537
3437228674,38046,95587
3392866849,28865
1070184560,37226,39456
3406898519,15887,56810
23035193,49398,76367
1626104388,15879,41764,47099,59431,63148,67144,84484
2427203083,20648,27202,30102,30638,35136,37765,50012,95689
1284288617,15878,20788,34489,41319,41763,43748,47098,49186,49770,59430,63147,67143,80189,84483
3990066139,963,15637
2483101373,15877,38115,40243,43747,46246,47097,67142,84482
3322681517,36414
746550634,18270,29503,35551,40388,45276,49082,49627,66029,70120,73493,76969,89979,91462,94106
2468920992,22039,25544,46846,61241,72380
2718346911,649,3915,6719,23658,29187,33553,52451,68788,88177,95733
2296253790,15875
3358380694,9625,22593,36305,44183,49433,50463,68274,70594,73448,83469
3463768960,16355
535294651,75269
3548838428,68906
1335813427,15874
2910087993,61069
2095347716,25838,36032
237780744,15851
3203079473,15831
3580265475,15827,33582,39866,41361,44806,45524,45839,50560,53174,55635,63159,68082,76050,87695
1243502974,8562,11980,15249,18406,31409,33115,39461,47150,58353,72160,78955,88093
1387826778,15822,91847
2180657798,15820,22087
2075556907,13654,79403,80489,81634,84155,91105
1204547834,15818,43963,73617
3505887969,7231,85903
3542740430,218,23586,26596,29810,31862,32265,34670,46561,50800,53857,55172,55185,71967,89606
230570849,15815,29162,46687,49642,80739,84856,94981
3710555005,15814,29161,86505
4227991080,67592
2152423444,19554,24496,25101,29543,29754,30709,32209,36858,53417,54533,54567,60881,71213,72232,78286,80044,80353,84396,85409,87860,89098,90603,92005,92382,93392,95756
487471530,15813,18798,25959,29160,33827,44499,48352,57617,64643,77268,86504,94779
3943247784,6119,13428,21510,25660,41726,68006,83321,94909
1660118241,15811,25957,33825,41169,68339,81066,86502
30287656,37655
3476382604,15810,25956,33824,41168,86501
3137201994,28479
873000163,15808,19707,57971,87349,94930
2259096371,58722,86336,91940
2031680940,6874,10297,13073,20296,28726,45211,52740,61532,63560,76758,76866,79428,82619,84597,86388,92233,92630,96259
3355386364,15803
2039301251,52690,72318,89791,92735
405191637,6885,9304,18667,18901,32871,34010,50831,70471,88305
2966759139,15771
2126905663,17649
480402416,9380,14455,14801,20868,21827,25593,30005,37790,38590,49103,53392,59519,60625,72797,74951,75175,81284,82746,89294,89534,93230,95205,95352
289325106,15756,19522,80823,81869,84990,96214
21598816,5007,9369,14475,15694,17335,19052,55740,78427,86706,87401
3727212780,23307,32529,32909,38278,48579,62516,66757,69468,85618
850468922,47774,55461
251931464,4025,4362,11348,12080,12395,14460,18498,29118,30538,33536,44627,52076,68527,83676,85351,85602,90896,92060
515839318,20673
3797223071,15750,17046,18332,20156,46286,78843,82738,90986
1441585290,15749,17045,18331,20311,46285,48423,79091,82737,84251,89806,90985,91765
3297576095,15870,15975,73200
3350581867,15748,17044,18330,30426,77066,78979,84250,84920,86511
2128930619,32044,57327,85098,94797
3904170029,5077,20089,29921,53319,92075,96296
3222618095,15747,18329,30425,84249
2622875495,15746,26451,30424,37520,39773,46364,52417,70870,77445,84248,92158
2729784355,15728
3804474588,30995,32417,37319,55396,75002
2285854079,15725,56986,66965
2309214882,15709
2283522994,15706
3958994875,15691,16489,31817,53482,88607,95111
3300454630,47095
1649731834,15684,42231
1461745705,86225
3949556851,683,2031,2313,2625,6414,7499,8534,13996,19776,21637,24901,63383,64561,64708,66730,88712,88922
1847757875,15682,17864,36519,41209,46433,48556,55632,57035,90407,90637,92196
1941927491,15678,21913,26965,44528
1892259077,26782,54811,90074
324884027,15664
2183103885,741,32428,54527,63843,88021
3317892227,25632,27506,54409,61750
2328706209,84598,92631
762643777,325,23913,25908,28010,60026,95590
3905955536,15661
3956034579,15649,19323,24308,51726
4052787137,19013
631477996,78740
1070004280,15623,59460
3113333338,26906,41338,43396,51754,56003,72004,74839
3004704730,15622
2594018364,15621
329677083,40032
1959466241,15620,26039,43465
3833142037,15602,22644,36061,37694
1142874404,56440
4152277744,15576
31606352,83099
3857164404,22196,22675,47810
3139530002,15567,24237,39092,53278,88644
3723032628,52925,58626,60167
3574311217,15549,45046,58963,70800,81575,96267
2064657059,15547,18654,42782,88753
2811255045,15546,18653,39423,52032,64488,71945,81911,88752
3126844856,15534,81462
4000362311,65993
744975866,15533,68990,81461
4220546665,91843
2668577149,38406
3091416063,15532
4136450210,4289,32604,75632
908015181,22808,70694
811232091,15527
4159309920,15526,26624,37656
3047065944,15504,33404,84826,91231
358562406,15486,22544,23261,29355,29705,35929,53426,56623,58761,66046,67702
1348577617,15481,23583,27297,36929,41353,73746,83635
45821406,31826,38364
1940430724,15477,34813,65627
361841209,91005
1513397035,33944,35792,94485,96427
862422614,15475,31895,67160,67693
1669258183,2921,8208,8800,12039,12748,14833,15740,21476,29477,35198,35291,39561,45114,51836,56287,58364,64512,64685,66671,67664,68150,70362,82872,85541,88032,91680
3875519613,13672
2644626842,15467,26962,44038,44682,48275,54927,60539,61042,87082,88816,90571
2314897444,41582
2373763657,17367,24526,50132,52680,55057,57013,58511,58802,76848,77019,77046,79586,82714,85056,87141,92777
2952225775,15466,54926,60538,88815
3876067793,15465,88737
2595551815,11482,15431,27074,34876,48621,48940,51615,52842,60724,71160,71804,72426,95837
2075168320,15454,24093,27649,48132,67446,72138,91825
3456340666,12613,23981,36730,47793,71643,84377
2529448552,23890,31879,45694,92786
2490175155,22606
2568192865,21309,26499,82366,95270
3942962598,15443,27668,34757,46158,59088
105099728,30696
1271843656,23917,40354,65680
2424990003,78303
3765925817,47495,54537
2963786870,15442,27667,34756,46157,46372,72734
4059090906,26988
1162250875,15441,34755,46156,54076
2414412526,6442,29120,52981,90628
1142706876,15437,17058,41498,46179,59803,62294,76940,81405,89241,89592
3887437237,15415,16204,28064,55000,57812,58179,60726,60739,71532,80508
1101482568,15406,18484
4106374313,15383,18153,18910,42352,57566,62459,63878,65078,71207
658068027,23673,24066,35534,69925,74989
2456715007,9738
2914683343,15380
1791308607,15379,27922
3635590530,26219,32061,41532,58498,63792,68111,68391,68648,94466
810400625,78391,85864
4230581606,15377
1336413831,5139,21395,26000,27114,29183,29305,34350,35055,40126,56444,58131,92193,93480,95765
3504716969,16420
1507129415,15375,25486,28070,30251,31010,32205,32852,37918,42478,53204,65409,72959,79215
2418407406,16211,81769
1098542223,4299,10132,37075,45059,56312,58299,84745,88971
3149987313,15360,17097,83340
2093150865,15319,90160
1698909255,16813,18972,22893,23368,24276,29517,35108,38301,69941,77951,80503
1561176507,15340,34099,36421
2552355441,15336,57487,75470
997984663,15334,76551
2973525439,15331,25515,32875,87180,91876
2895631145,15328,25745,36418
2440438925,28827,68169
2822689294,2666,7457,8828,15859,16147,66628,75540,76751,83831,92845
263487756,27021,50292
2364469476,85930
1154124588,19444,20104,43079,55596,78283,80350,86247,96660
3568543119,81363
588482876,5128,64557,95662
2708026582,15312,27106,28067,28387,54057,84042
957569639,36251,52801,58805
3677579578,15309
3386847506,69735,77852
3755552135,4509,35116
2623592663,14110
1855040118,15308
2282101839,15300,90394
3786987174,79505,84441
1271710272,14972,20331,29869,41111,42300,45561,79979,85029
48275431,29766
618074627,15299,90393
676899410,23599,47164,55453
2192758853,52673
3920632649,9928,32706,92209,94124
4017225701,3659,4341,11257,11327,35899,51570
2037068135,15293,85218
2979700037,9776,17803,20280,64994,71295,80918,88479,92290,93359,93374
3723718564,25685,40036
1362825738,29075
1744814273,775,3291,4517,5944,6962,9045,9160,10081,10615,10723,10788,11056,11084,11345,11384,11807,11925,11972,12710,12897,13052,14457,14642,14803,15469,16924,17001,17842,17916,19097,19723,19783,24802,25246,26531,27978,29148,29627,30394,30535,31592,31871,31937,32321,33533,34329,36919,37240,38130,38616,38771,38803,41022,41329,41460,41555,42398,45237,49478,51103,51260,52289,52657,55316,56564,58390,59197,59391,59609,60210,60541,62390,62578,63212,63695,64284,64715,65356,66624,68715,68745,69018,69111,71114,71552,73348,73469,74911,75412,75717,75856,76229,78099,79529,79975,80815,81178,81784,82831,82946,83279,84561,84669,84795,85348,85599,86418,86909,87905,87930,89559,91155,91179,92047,92184,92242,92363,92428,92792,94245,94857,95207,95674,95679
2469133578,13793,38765,44985,87476
2442696502,26915,46740,94566
1646016150,15280,68396
628899749,15279,68395,73975
3824288983,67606
3242544726,13646,52831
510627816,15274,29962,77848,95415
2224341299,66224,79022
1163797936,3187,17355,21134,21398,24381,34710,34980,51117,56454,56951,65886,67840,76562,84334,94505
2897715227,14491
1864406167,15267,25510,66366
4211130376,15266,40359
4173431675,37631,84867
966907530,15265,92264
2232264610,29266,55102
1609819954,15115,52535,54439,55017,63046
1007836418,15258,19471,27665
2833369090,15256,18830,38109,53218
946211094,2378,11690,12215,50849,54620,89053,94112
3874091544,23594,23992,52359,67084,72040,73643
1850283870,15255
2712947755,15237,96773
1222131607,25940,75371
3414249316,15236,94668
3927095045,15235,81799,94667
1796077661,39716,42661,56631
604634768,28175
3550079382,27568,42321,66790,69452
3069942992,15224,38808,67817
562803741,3927,13296,58735,89205
4117973255,10342,27029,48139,78966
125434722,24392
1305067466,79728
3436826747,15222,16900,20160,50427
70192198,15211
2837602549,48532,95428
1700113922,10173,16156,29042,77137
822392712,15208,21609,21849
3290896717,28392
3553486360,42465,44790,64564,91301
331557732,20137,43177,91597
3583533821,15207
3054704054,77916,89325
3297241081,64103
777926610,61868
4243909568,42747
2877333905,40652,68162
2083707285,15192,31151,58600
667682543,18620,47222,60927,72357,74419
4098610951,15191,28421,95637
934833223,15187
3104404509,18998,76394
1652041215,15186,22138,26320,34650,47565,60206,75477,91511,94409
839975459,31187,95301
3344795989,40202,58346
2318019047,15182,75567
2146633672,15157,33618,34968,37300,48822,73402
418228340,15146,16362,23963,38535,41062,56792
2517284289,25647
1770383606,15143
2177132496,15129
2566432979,39921,53710,81727
2838158801,15116,18990,34657,52536,53453,54440,55018,55624,55836,61199,63047,67284,91242
2448884315,20621,29578,41138
2704864663,15111,26345,27805,34124,34560,37297,46033,47957,48454,60145,64336,69771,72768,72973,75992,77089,82154
3564438612,58118
2924831105,26941,52370
1274124449,40030,89218
723574913,15110,23696,37296,75991
570981038,31356,70530,83189
1161006169,15109,29590
2564719860,9127,36360
2323905872,15108,22342,29589,44889,48510,74650,83193,90262,90421,90574,90805
1230609198,15102,25719,28499,30342,34021,34126,38679,51592,51670,51705,58618,61102,64338,71695,84370,93995,94536
1900968955,29392,77080
2537989341,15095
3310861655,4122,75960,84788,90302
298603728,15094
2735630087,36330,45255,67897
506829916,15093,62173
3702503908,14661
3216504042,30909,35570,47153,47604,54086,95438
480781016,27429,53210
2061856482,14809,69131,77670
592669989,15085,25218,57573,85318
3278909455,4758,9952,10822,13783,21523,21595,22437,33431,35284,37272,39506,42048,44787,45672,51788,52143,59523,60412,66913,75809,94018,94516
1489597746,15072,16222,18745,24369,41257,48311,57352
2493652099,15071,16221,34646,39415,82308
3911288863,15060,19067,23522,25554,28276,28531,29402,33403,44171,55321,71055,71413,84825
1960634680,31111,65044
2148574516,27426,74847,77775
3666340422,15037
1639703273,3521
1071203271,1736,28035,57077,65547
929914073,15036,23723,25263,46835
1700934940,58379,77374,86447,92118
1639599895,15035,24501,34612,41639,46834,60021,66033,70063,70303,82995,94104
3793119209,15030,26504,30301,44595,47385,49904,60781,66122,70575,73190
2554067886,31749,32977
470235827,80691
1824493047,15025,29784,30565,33128,62555
930173818,55543,56430,78416,80042,85614
3276335728,34013,40297,62965,66336,86943
1640927528,7757,16955,37195,64027,70344
2855361419,15002,65433,68417
1932352455,5163,32020,48776,49267,53457,81449,87289,88396
3934138018,15001,65432
3807767596,14996
2858853537,40082
4246079951,7956,47700
1530339034,11613,35785
559393699,14995
4265286486,55333
2981365261,37410
1633500200,23600,44230,55454,79293
1024701659,14992
3858084488,67505
4193382734,34807
793609998,30449
1864329163,14989,89050
3426095625,39748
4070075022,1476,30728,58062,67307,78541
964027196,14988,89049
764635675,2946,19618,46390
1910199440,25277
3119112455,5729
1800704733,14985,55718,94645
3003429066,16856,21326,24099,25575,26990,39532,40772,41420,42274,42648,44274,45658,46949,50413,60057,60461,61219,74018,74236,82329
3184579248,14984,24529,55717,94644
908790344,16802,26907,51755
1044772868,43879
80591104,6274,39501,58588
603211978,8747,17455,30908,32196,36103,54924,83553,85492,94571
3003148135,14980,20115,91548
3003494347,79632
2339275671,67607,76076
4221425750,22652,36909,51508,51809,54572,55014,65817,69105,80200,80241,86618,87856,93388
2821939698,14979,20114,20762,42749,59108
1519026199,3409,52213,67400,84891,86238,86295
1886264959,14977,20112,20760
3248417469,14976,20111,20759,21709,37499,48692,57549,57594,72810,80010,93833
344670518,14968,18651,19616,21511,41107,61425,64486
2839525685,58745,59818
984249871,14955,21473
557055459,76372
3393306238,35088
1426732973,14951
3715270206,60922,90223
4151327658,10193,19822,25599,29566,30600,69655,71167,72831,89670
1193512620,37378,51823,56370,57908,61216
1988650612,14943,15710,24197,34295,80179,96151
680735578,35185,62204
3061512570,21284
3118430822,26103,58465,71514,75793
2533240487,35015,56077,72492,74868
2565463888,14925,20265,45564,48849
2424915957,14921,31423,38959,40810
1518192592,32699
1190428239,19389
3937615606,14920
4220910538,14919,23119,27709,35475,74420
3878243560,14911,30683,79818
3074715068,24917
3868156464,14910,30682,36568,65107,79817,83382,87979
2547316307,27122
1171894703,8228,29403,40271,50940,59028,61972,71056,72700
4018072244,14903,18803,20314,62353,76632,89698
3928508134,80648,84308
2834661256,38362
4037753950,14896,65610,92064
1967866717,14895,15858,65609,66627,92844
868072009,27923
2117852991,9336,31642,36075,40107,42981,63455
2282544659,14879
2449482985,35275
611746165,14847,23909,33297,43772,44656,75967,88125,89937,91654
3110882020,53896,65141
50353284,32633
3136033246,14835,47259
3914456076,25526,39472
455643892,41052,61696
760750380,11537,68998,71839,74198
2662368228,16036,25609,86678
3041313227,14820,21117,54012,85476
3341083111,10491,14271,19727,32352,39378,46787,63168,67835,71036,80504,81182,93550
2623450226,14818,43629,83658
1185536586,14814,16464,84133
4150151252,78161
1200925692,55085,94068
1601802288,34078,62626
4062993650,85147,95860
1908577692,14810,16644,40824,64470
1137508940,7132,28751,28939,33395,36242,36487,47776,49298,50124,52944,53284,53414,58107,64319,65587,72091,77295,80131,82853,91737,95753
2480733567,33526,39591,52734
293386270,62632
3872472594,62049
1490795507,14806,36237,45676,75140,75380
2432944987,831,42038,67864,71723,75132
1309214955,13273,23116,54402
2742346214,14798,83033,92714
122461370,43329,73836,78513,80755
183513528,14794,31760,35067,52711
3348686351,14789,24511,39032,39076,57951,58506
1715401799,81157
3763529396,63779,75125
481140101,14788,77535
667356467,25009,32008,46296,63369,92394
4174644548,14786,19390,27831,30110,36260,45622,50062,56487,64773,69481,70784,73729,74446,76437,77189,84546,84848
4243967597,64540
3617964383,32031,77962,79560
549041286,82507
908307776,14785
100485212,75243,81845
1158611177,42807,43364,73353,79104
2065032559,772,2155,6727,6751,7628,9307,9709,10867,14499,15039,15701,17145,17210,18284,22337,25112,34302,34522,36247,39404,39706,48080,50318,55374,57170,57344,59388,64861,68048,75329,75570,80855,81353,83586,84677,86324,86930,87263,90039,91276,93623,95726,96276,96738
798084554,10235,21857
2860767973,14784
3127472008,14783
300798587,2366,8914,25461,29760,38814,39181,42189,60229,68308,76661,88161,95625
2954587251,29611
869975371,17680,26298,28319,89249
364919208,2244,9972,59257,81717,82793,87661
1282861806,27410,86213,93361
2812870073,14780
3003396384,14779,59105,74695,80165
1750319785,14777,15885,56808,61626,76432,90633
239486455,14770,18433,43507,45292,62291,68582,77936,79320,82733,89356
3133773346,14768,49864
1924507629,14767,36980,38687,49863,60063,67481,73430,73630,74027,89482
873791044,26027,61010
1371656087,68224
1602491879,14766,38686
2896368678,18747,26580
1944375041,3522,20519,26940,60609
1488104027,14765,21311,38685,67515,71450
1237002582,4925,19512,28824,37216,38842,66051,71503,79011
2427493946,8172,27556,47741,53473,70794
3754876901,14764
411721300,84256
728349004,26360,37185,38331,39152,40295,50050
3810504245,3764,21819,22043,26676,26981,33511,35059,35531,52131,52429,53589,57911,58404,58971,59967,62312,66697,69264,69404,69732,70654,72012,73020,73915,75558
491442508,14756,19806,20012,62562,72078
2189750150,14749,20721,37432
2342295181,24449,41863,49879,56378,73553
2716746001,57312,60374
813430831,14748
4191326247,14746,15821,18120,50460,91846
4246200436,30048,48725,62898,70631,71727
3934203137,46814,69819,73635,73930
3077672735,12225,14032,16390,88192
1418437612,25739,26672,52127
1924968632,38349
15172778,19148,31647,76558
31570177,23097,40364,94095
3914991479,14745,18119,50459
1032803674,14727,62386,77351,84464
1160867014,26569,27604,35028,70970
2663344155,14726,24953,27116,77350,84463
238356498,67286
817811942,4458,21904,32698,36598,94820
2504461387,14723
3145239003,9110,11488,19668,21287,35403,49164,49777,51234,71349,72673
177780090,28966,36276,58968,75361
3066941695,14718
444021016,14716,94614
2054385391,94887
4012374903,14702,32043,56884,57326,57723,72836,76783,88740,90399,91218
1888341354,14700
2285526873,28492,35305,56526,58116
3756784077,14697,20830,34960
3361253424,96770
3542043934,7801,35160,74905
2575599074,6724,49686,90054
2780640715,14695,23254,25164,25916,26678,27003,27765,28582,31128,31946,33384,35628,44097,48226,57913,58714,59124,61154,72014,72947,75891
2736082390,16482,53130,82043
205352396,14694,23253,25163,25860,25915,26677,27002,27676,27764,28581,31945,33383,35627,47832,48225,50541,50883,56701,57912,58713,59123,61153,62313,67905,68931,71290,72013,72946,75890
1557631456,35373
713009414,16612,83021
2754297168,15251
1138963052,10001,10179,11951,25224,28576,32022,70598,81852,81991,84090,88398,90620,92740
3369449896,8434,13977,43508,45293,49294,54050,59655,67885,80311
3530695486,14693,27001
1288155330,1316,3094,34417,38559,50678,65403
3281197113,14670,25794,43196,55492,71211,89494,94680
1341563116,7317,16745,34891,40120,41283,61023,66818
641032036,26859,39058,39070,64831,81545
534634902,14669,25793,38359,43195
2027156786,65023
2287129939,14662,28171,56219
1901643102,12185,63615
2234858271,14978,20113,20761
2835273313,14659,39400,52064
1939926374,27349,34473
2603810729,22192
481626193,17108,23409,71523,73245,74981,82510
1046216727,4368,8518,12737,20015,42846,50756,64044,76717
1804919661,14656,31543,57318,84759
723963599,41879
2535931985,29877,93756
1576241499,76359,87588
3814854915,56231
3278604031,14653,84756
1729803095,14628,16815,19095,42990,44299,51089,53664,63722,65021,66545
487842072,14614,28487,33579,39995,41842,55812,72448,74494
218306283,14610,65800
614030151,81420
2998741844,9615,68522
3693692335,14609,50088,65799
4218899770,7081,7423,14150,14425,16178,17735,19884,22672,27612,28604,37849,38643,41235,42355,46774,61950,63336,65081,72793,78590,81747,82312,82417,83222,88807,92092
1079291259,14608,50087,58732
1756456675,14594,22015,23751,33800,35157,42119,43527,43694,45390,47510,47748,51042,51213,52756,55578,58083,70308,76094,77519,79239,81915,82682,85702,87040,93582,95275,95344
1867669918,14353,61262,76508
3773582505,25981,71684,73359,74217
638347742,6937,19990
2507176415,14592,22551,23268,24693,26698,40603,43692,45128,45315,48451,51375,53353,55166,59985,62298,77624
1965453158,79729,88427,92661
2534776104,72174
1645970867,11125,31565,85247
186196796,14570,14991,87049
1653631182,19397,21607,25771,27961,59362,65676,70059,71662,72166,80860,84417,87534
2988633733,14568,15929,80220
3087867438,14567,80219
3063681173,14546
1219822677,14545,43173,83899,94988
3674997768,22041,31207,33509,33763,37049,44555,46848,47282,58402,69402,69730,70910
4057952903,14539
1754298326,8232
470659988,14532,29275,45174,89513,92206
500208037,2298,2385,4836,4845,5397,9052,17665,27421,33895,48406,56058,80564,90080,93296
1126005515,14517,15989,91851,92935
1167486846,30745
3301534701,17353,20107,94503
537908979,23275,48121,50046,55575,60241,80139
897021167,14510,22920,32600,38518,65156,69737,73127,77928,96000
2281967171,14507
1420079472,14497
343695661,76089,89756
2460667667,14495,64742,77829,78460,91267
72343318,830,42037,67863,75131
1355673052,5263,11579,23720,55208,68275,73416,73449,82889,84030,87612
1233748755,14492,56134
1984459815,14490,79522
575966380,14489,64640,77265,79521
1872466845,6299,49248,76703
1492035264,14485,25513,76155,79421,90373
3835577264,49000,66472,66806,93298
280716354,14473,18446,72690,86704
1882897309,91263
4189429322,75035
3031778567,41254
1083201477,14464,38990,75864
2635177778,68490,82303,85632,88947
4162407540,14452
2205731373,67278
1890338085,4425
3973337934,14448,37557,56927,65928,76636,85528
501408733,46284,82395,84917
728361258,22969,49256
3749054361,18983
321775488,27146
2610178968,57907
677803588,14447,37556,42899,56904,56926,56991,64440,65927,76284,76635,79064,83228,85527,86412,88105,89994,92446
3313687581,14443,31950,34391,69526,74694,80164,82359
2483649761,30544,85310
3825537104,14442,69525,82213
1469286145,85465
1256657989,14431,30415
2694083027,14427,27614,37107,46776,53001,60024,77480,85117
66864579,1137,51587
1028886115,14426,27613,44730,46775,78591,90613
2717494337,29655,49769
3849265252,14407,14942,17499,24196,57809,64433,80178,82988,91222
2756558046,14399,64615,78189
724215490,16774
3474744637,14395,66178,84229,90830
3158967815,14394,18703
2367588732,14392,23472,47035,47541,56619,70544,77695
848327218,23674,74990
3755934871,8403
1647835230,14391,26124,30690,47540,70543,76608,77607,80881
1305145835,28482,61002,63245,70578
3853921441,14382,65443,71993,74481,74740,83051
3972747164,14344,16977,47972,66653,78887,93788
3483303630,60517,73031,80296
1294401175,14338,47002,77101,77767,88390,88793
2574474080,8611,11075,30829,47362,50309,57052,59763,76733
2033697004,16830,32328
244918975,6459,67138,84727
2529385802,14303,21205,24174,25658,28016,41896,48684,64795,78250
3754886706,14274,18129,23738,24883,32114,32228,36011,36122,40187,40511,46018,57605,69476,76411,80256,81206,82864,83410,83976,94359
2023736358,21444
859810270,17103,21590,24836,25997,30274,37575,50076,52316,65395,66599,67089,67995,74504,86450,86647,89746,92514,92834,93146,93451,93602
3677339073,14266,53910,56337
950480187,1061,2123,3648,4599,12659,17791,21768,22220,22890,25394,29821,30152,31908,32504,33506,34562,44603,46878,47889,48433,49342,49998,50697,52412,56919,59202,61529,64722,69810,72612,76276,78339,78974,81070,93950
3071232592,1014,47324,49358,57398,83936
1900363299,14262
1042424406,34911
3251566140,14245,36435,71857,72851,81611,87812
1192036155,14242,36432,48071,90317
1374608912,5448,15493,23447,38739,52008,54246,66355,66852,78203
4226032721,14238,31912,48997,50740,54169,54248,54638,56302,91472,93462
502506043,33376,57623,82514
2903315244,3797,7342,17090,21249,40159,43640,76144,84447,84704,89617,93242,95018
1346999555,14230,15252,36692,59852,80488,81326,81646,91104,94184,95195
1498789941,81933
1743435762,53144
3386932081,32354,80206
1577293946,14227,14265,22777,25310,34161,53737,63873,85272
2203827998,18191,58384,69980,76530
1192455539,14225,22775,25891,64870
632725799,391
2665731800,5117,16944,25516,76378,88909,92088
3221321868,14205,17785,20099,81361,88688,91446
3440222810,14204
2797506824,91724
4152741290,2680,4613,6392,7322,7738,10501,11379,12599,16951,18577,19222,31930,40563,41450,52082,55274,60137,64088,65650,66171,67241,69149,71894,76502,77875,80586,93896
2152550181,23126,30979,45193,52855,59537,73866,86367
3352974714,25122,35227,40452,41214,46667,50188,65165,65879
184383144,14200,38421,52579,56960,66797,69241
1703443058,5291,6477,10743,16478,35012,44900,65307,72653
895749239,14194,23302,32284,34735,38094,41514,42238,43553,43900,60372,69873,77216,85664
3025039026,14173,40329,45332
1442840644,14160,14207,14687,19857,67952
1719324023,14159,67951,89222,96537
4080670801,29534,34806,73589
603049804,21879,46960,82128,82553
3211808001,14158
2155990501,19953
1735323568,6985
1497492752,14157
187278612,14155,17414,38565,75749,78475,82819,89345
342027193,14149,14424,16177,20794,23809,27611,28603,28675,28750,28938,32972,33394,35122,35233,35254,38583,43858,49297,50123,50212,53283,54064,54979,56849,57131,58106,58603,61544,61949,63433,64171,64318,66403,70570,71489,72090,74145,77294,80130,82852,88796,88806,88934,89047,92091,96605
2988167406,14126
3378473077,2767,24745,24955,25976,51845,62630
1469937356,25754
894727047,14125,17973,28847,30620,30771,84958,94886
2424686915,6109,30856,37527,51520,85100,87433
3301559464,14115,28046,53982,55188,64589,72065
1759740084,14113,30611,53781,58845,77590,94725
2326180805,14112
4060258233,47228
3949906586,24725,57998
2665930445,21633,26583,60718,68028
2354480696,7216,33698,35715,37872,51606,60913,62192
1110883727,14654,84757
135803735,14103,57162,73304
472927417,11811,24542,82318
3080528349,14094,27132,31432,42641,81484
3979487040,14093,21281,28241,37369,45420,46445,50174,52043,61073,71297
1860332733,14092,22206,40850,65944,84685
3769110912,21158,27736,43272,83783,91487
2645373122,14090,85352,86258
2976553338,14086,16807,22639,26618,27009,55233,55701,60383,76208,95669
2423450469,27109
719852943,4346,38284,75364,87746,96952
141066141,14082
2316009172,41658
2620524169,2116,6667,10165,11236,17717,93917
761905145,36063,71833
3111631240,40100,61656
2138602828,14081,30434,39723,58419
2973806791,34558,57303,64334
234912959,60196,62876,66563,70486,75821
1145397627,14045,46495,65475,74029
2632854208,10746,10945,11299,79194,93973
413682844,15838,45798
2628669350,24854,68856
1358866758,14039,40703,61889,87332
4145093827,75338
3418074237,23419
2710118767,38243,52772,65103,80173,81941,82578,84716,85659
1957433611,14114,28225,53782,88060,94037
80803855,6040
2579056103,14035,58688,78786
647307650,14033,16391,41081,67713,68898
3821448460,1595,7278,11652,73104
4245856111,3746,27985,32610,42420,59933,61475,62649,68125,75764,78483,93673
2801409372,14024,49530,64607
2436442045,8070,53096
1871953895,14019,26817,51923,55036,55785,61802,63409,75151
3838418563,51956,54674,56649
797923370,50359
3992977733,14017,24207,24468,26815,79079
2486860789,41580,55098,75626
1427834729,14002,15787,40130,60982,63445,73255
324857915,29096
1302309651,13974,59241,63291,71632,78056
494430032,3477,22569
2632027072,5462,78295
1683172640,28796
1114658744,13973,19569,72329,80382,80748,94711
1050066622,32996,36401,40613,44996,52920,68099,89011
2480425580,13970,14997,24645,44261,64317,69997
3480000622,13969,63468
2513534234,54270,93760
889582835,21029,31072,39744,48842,52159
2772058921,13968,47598,63467
1731276257,13966,20627,21043,37364,38531,40423,47596,59180,63465,72188,85546
1782633831,8360,8465,13358,17684,24880,26309,26993,38970,49303,56698,59005,61347,70683,71921,73775,85421,95135
1660015175,6385,6421,8176
1578260832,13957,51019
3363190400,78363
4119013030,33982
630715976,39091,50476,51745
523861841,18555
2287844288,73247,87986,90143
2202643867,72118
1330554680,17067,22262,31007,40495,43420,44831,45346
278061069,13956,51018
469845662,31389
1163929540,1416,27159,30704,33715,56929,59386,90520
3731591971,13954,17404,36499,39303,44363,55672,70178,72786,74477,88915
307793492,26646
960661627,13951,84004
2982730427,13950,16608,84003
2158349373,29831,39117,39132,42855,43723,45305,59067,62180,72569,74435,77361,92488
1582406443,19041,41852,44247,61884
2348959363,13944,22514,30500,31552,48985,59543,64388,72852,81612,82376,88235
165290234,13940
1437192408,13939,80833
594931109,70787,78958,86468,89805,92590
2345821620,13938,38924,52205,52259,53305,55840,63533,72081,78261,84508,86978,91312,94309
2820829654,13937,14781,35614
1787648214,13936,35613
34972718,87424,96051
3919499851,3722,10354,18713,43753,80973,89347,96242
3256489874,13935,30182,35612,47988,59012,79838,83608
1088701560,24364
2332807024,78833
1012213357,23814,34339,52420
1476903186,21865,26946,29133,31633,41458,49811,51258,70900,85180,85346,85597,89687,92790
1768399508,20833,34963,38658,42664,67802
769448360,16555,60037,63993,73291,91029
3540619425,13920,18971,34641,35389,39396,42364,44667,63329,63331,75711,82091,89563
1647072089,61660,64570
3317854145,9525,20622,41139,48787,60068,67372,68423
3100159740,13919,75710
380016050,13913,22819,33002,37065,66688
702759268,13911,36956,88599
3146623519,13910
440273561,13909
3761114647,92296
4110377224,6651,12008,27939,38571,39546,43450,44066,45156,51351,55778,55872,72215,84190
1423645083,7288,92666
1361718547,30126
3755482325,5969,24000,58681,72142
2994439144,292,507,2063,3681,6379,11159,12449,12644,17079,17328,19335,22474,22549,23266,23612,25293,29061,31740,32720,36396,39022,39763,40508,40857,41787,42104,42474,42519,43025,46933,47686,51373,53938,58739,59358,59552,59893,60255,60562,60735,60859,65118,66605,68041,68777,69954,72531,76650,82209,82752,93019,93112,94148,94255,94658
1082483062,36907,55012
1318282235,30176,35971
4126938673,13906,60203
849773168,70824
1333509938,51086,74691,75859,92431
2504996439,13885,17695,43636,77539,81925,89160
1111262706,13873,52538
4161902174,24857,36015,72744,77595
3509754152,13865,92413
3605010341,1288,29971,36379,40895,48230,58368,58954,59719,62091,66068,76109,80276,80709,82260,85191,89316
2519392903,13856,38120,46070,51957,52629,76120,76296
2966545412,70726
762469927,13830,30542
3325003466,12068,13264,16418,21821,71312,74901,75169,80576
4092758784,13792,38764,40046,44984
1091121627,26431,60516,80295
2745945377,22225,27005,35671,35743,75893
767071791,13790,21642,31501,36792,44727,66367,67981,91632,93713
98756768,23698,27700
2471715792,13789,21641,36791,44726,67980,74659,91631,93712
1977068652,66296,74070
3548094465,13787,20885,24843,32133,71364,81955,83916,90692
2811461254,93813
654345011,92728
4019774499,13779,20563,28330,46131,58450,68532,79329,86632,94696
1116757695,13778,14922,28329,31424,38960,39157,40811,53342,58449,67986,75442,86399,86631
3963539241,13773,24202,31914,34890,45741,50221,54640,61022,66817,74125,88252,92783,96061
420038654,62603
3571965608,27292,28629,35478,95069
2734378831,13760,23655,24487,25895,26064,26548,35211,37137,41346,45120,47064,55175
4117637552,3917,88284
1919348392,14862,25406,29540,29558,42697,45011,50826,76416,82967,84180
2186973558,13748
307567334,13744
724225271,25748,54706
177296263,8650
1933998816,18985,21334,30554,35105,56291,80933,87162,94551
1430048484,28048,46071,76297
1248074992,13743,52603,54988,62205
3449485751,79686
3584500001,79475
827509016,631,7614,27814,30865,41920,47191,47201,51497,53250,56754,56971,57506,59595,73658,76963
3431612436,13742,87967
905435808,13740,32614,57579,83245,90645
2026200799,3496,6787,9262,61082,93534
2294711996,22069,28553,31581
3678596742,80534
1840371299,13734,14326,19353,35402,39434,48942,49163,51617
3690390461,13733,15414,19352,22859,28063,35559,46111,48033,49162,54723,54999,56225,57993,58178,61233,73466,73943,74111,88002
3903198741,13732,14343,15413,15697,16976,19351,20802,35558,44610,54932,87020,88001,88124,89936
2874035239,13719,15433,16152,29198,34273,36779,40830,59791,95926,96090
3997984030,35931,56625
1329714566,8784,9205,17295,46292,76420
1388683647,13686
3716472104,38500
2586724294,20906
3710307848,13679,79609
3138808685,12789,77245,80001
2621022607,13675,15343,81141,84469
679397189,13671,67823
969634734,6860,7969,62684
1463452568,13670,22810,37252,40650,40900,52251,61621,62319,63812,68160,74388
2254932006,36293
2733860492,13668,14582,25114,25312,47303
2736012791,27461,35909,39784,42917,43787,44612,51130,60269,69847,71162,72070,76164,77752,95839,96015
985634956,66297,74071
1767920379,20323,20575,75740,87097,89488
4242358685,13664,44760,77921,81534
347643199,21017,24240,40457
3472233205,18377,33516,40068,95596,96156
3222897858,13650
3299243648,13649,49518,50022
913570734,21032,74776,79205
628938510,54291
2492263745,28991,42488,59481,65524
2715667324,13645,52830
2019694774,13641,26340
1476307116,59381,61039,74666,84613
723133337,38776,60584,63450,70957
232607279,27651,36169,43118,47314,49607,67228,67903,69647,96087
1789632507,4606,8808,48480
4163620211,21679,24058,34177,64259
2978443096,48639
3614115902,13635,20179,25768,31509,44160,44323,73376
2257775456,75198
4084248230,13620,62210
3946464156,13618,62208
4232124068,1772,23416,29684,30131
1845689336,13617,15474,67159
2770436101,72777,91966
247135495,25960,41480
1625406422,23775
471433198,13616,15473,19840,67887,74803
3378076935,72755,80862
350285940,13571,20954,25080,59407,61293
282469609,25633
3020107197,13570,20953,26429,35546,56194,60514,74943,83649
3348201827,28620,70360
1846946235,31724,73213
2706716979,13541,16475,24741,29698,30100,32847,35997,36118,36338,45851,46465,48661,49816,57865,62533,62820,62993,65642,66443,66750,70373,70858,71092,71286,72130,72648,73769,75318,75580,90497
346718300,5119,16946,19810,29750,43130,52305,52524,76380,86475
1446145767,13540,16474,62819,75317
85169930,58641
826282436,13539,16473,46704,62818,67227,69412,75316,79432
3438866819,61955
3288396652,6528,15333,33021,76361,76550,82698,84695,85019,87182,91515
2190795092,31201,57934,57954
1281496754,13536
1043426295,13534,17950,28625,31399,31524,53761,70689,72476,94236
3719297537,67251,86423
3831397940,14611,65801
4087925015,24685,26200,43521,47423,49253
855356956,13530,22973,35672,35744,37071,62925,67667,69196,70001,75894
997387726,46303,79088,90982
773058335,2106,3740,4814,7300,10851,13577,13723,20507,21079,36175,38443,41105,42569,42861,45028,57587,78169,78382,79781,80339,82558,83887,94479
2346398678,11366,26234,42146,48704
2738608645,21704,60893
615304144,25439,30272,47190,73657,93600
3033467564,13527,22578,24640,34000,43390,60875,74403
1527337901,36140,69069,74302
1781267559,8115,50149,71822
3627979612,33674,58698,72845
4145044305,83613,94973
472090931,72593
2277192878,71899
516529907,15117,15840,25401,28929,45800,55625,55837,59424,88858,95805
325632616,13526,20671,22577,24639,27340,33999,43389,55206,60874,64882,70392,71396,74402,91014
1918131061,62160
264425093,57189
2647696634,13502,14858,20946,30827,45132,45319
2827082055,24557
2002466605,4500,61196
452837336,13501,39865,44805,45131,45318,45838,63158,68081,76049
949520211,64734,81010
819520776,26333
850832525,55858,85707,93398
1377413817,42164,45653,50027,59681,87989
606135270,20315
2069950587,13491,27576,32039,46203,47072,63284,68867,76375
938078554,20133
3303046273,12000,52454,64505,80637,87556,93823,94122,94202
2955995358,36453
621971872,13489,42509,87512
1496925828,21197,23788,38525
184740346,345,2563,2623,3191,5735,5994,8532,10517,11566,14030,14553,18059,20707,21165,22316,24899,31064,31337,34319,34954,35862,37959,41322,44342,53350,55419,56834,59398,59651,60474,60495,63085,63367,64523,64706,66782,70733,78411,83850,85997,88710,90769,91491
2371328271,13488,42508,87511
2214044377,6140,15287,20910,21711,30954,37331,80012
4165193167,13466,81190,87629,93171
673173854,89808
659852448,10392,23124,37394,40844,86209,92480
3600462813,13461
4128382755,27730
469985203,13460
1252843800,17424,71778
3686982848,74081
598011110,12166,84498
172754798,13457
3271271379,24735,28904,34053,56405,56644,65739,66971,69659,77264
1841979675,13447,48677
3501292006,41253
3472154645,17858
2518115014,13443,15511,21958,38794,40265,42604,42911,50351,51475,55565,63180,68887,69075,69489,69863,75636
3805943426,23733,23872,31361,36612,39004,41294,41439,43811,44896,48755,53731,56373,69986,74356
1404218946,21410,58303
262461297,18172
1718976110,13436,19483,32486,80359,81888,86582,90584
4164335483,24934,59413,59611,68654,68717,73471
1070207087,13404,43663,57535,64463,68220
3539887740,58655
1053671048,30067,77614,94281
1600671638,36594,46062,69497
1545647945,13403,57534,68219
3297625616,247,1950,2863,3140,4142,7283,10142,11223,12563,30968,35814,41496,51134,60555,63977,64900,68729,85726,96235,96416
3027031342,13402,33808
1732049548,13399,61674
3110974629,2527,5643,23694,34495,38660,47769,62005,62497,63673,75989
2606149919,13398
781384442,57521,78920
959011761,36827,44069
1871870380,28794,57518
3456092601,13385,37981,49005,49687,66811,75434,90055
3587372713,28960,34170,41991,56215,58549,58816,64012,83294,93491,96874
3046593637,45717
3141309348,25584,27732,40249,58090
1368250851,17750,37455
1864440916,17482,17517
2290243513,60040,63183,73294
2107961417,167,50620,51687,76455
3712933670,13350
3998152187,13347,25239,45203,69212,69408,69540,77683,79649,92079
2587608434,13340,23312,34071,37784,59925
786117342,13339,23311,23607,34070,34764,35006,35037,47738,59924,63397
127424597,3671,5901,7060,7688,21021,31037,46276,54490,61438,71465,77250,77645,81829,82592,92173
3204875119,13323,26977
3382246817,21308
780869399,13317,28466,44917,52366,78495,82533,96994
1321195718,5875,28336
4131600912,34734
1881000828,13312,50093,62746,78193
842818633,20049,21461,88410,91695
3130241337,13311,18537,25949,34847,62588,75503,78192,79467
1046200752,29572
2308375673,24362,31822,90725
1372098888,13307,39203,65736,84390
195685293,13302,26252,55069,59646,70776
1867073823,37370,46446,53334,67680,71000,74552,89865
1417309210,11112
1900454489,25203
1160511858,3195,14557,24301,40132,75249,89286,93265,96272
2291674103,13293,65798,72558
1598826592,13275,23118,29677,35474,50375,54404,54845,56463,76180,76600,76726,96354
3468704718,216,31860
2021274807,16291
188681387,28219,74705
3213223641,13251,14550,15495,31334
739520588,13246,13653,61311,69612,75430,77825,79402,81633,82118,83703,84154,91336
1286221883,13241,13309,23155,25048,39205,44961,46255,47998,53901,57442,58110,64249,80926,82856,82860,84392,85763
1425350711,13236,26589,54697,76666
1440126661,67730
4260278598,13235,26588,54696,76665
1586296152,77700,93410
2004788893,13231,63617,81628,87244
72880408,4847,33897,60985
1923218558,27852,28022,32103,42408,46955,54093,59436,61407,62303,71267,76942,79166,82139,83404
2237770027,13224,15852,90708
128375623,71962
3319160964,13223,90707
1144057289,13380
2972781604,51203
2132632931,13214,15550,30280,32834,42853,44931,47438,52138,56179,59455,70801,71816,75839,81576,89478,91800,96268,96614
875317496,9528,32067,35540,35987,55114,61170
353313830,30997,37536,70914
3391342097,7471
3804511419,16168,87887
1661709057,52433,78899
824106367,13213,30279,32833,42852,44930,47437,52137,56178,71815,75838,89477,91799,96613
3823215957,13202,17673,57144
291971847,31431,41424,42640,53333,64587,67679,70999,84194,87344,89864
1676111417,13201,17672,33155,56333,57143,87819,93645
1437875823,28221,70896
2794162942,13185,25184,40050,56395,95956
2971859348,24493,49319,54378
3127222182,84698,87185
1514457678,13184,34511,38508,38899,43044,48808,58561,69109,76518,81236,95955,96637
420715116,39658
515636563,13180,22797,23589,34189,44335,44418,46601,48287,50370,54407,76967,91460
3158011573,13167,14466,35378,38075,56750,58878
2244627508,13164
3133382688,13156
4048934413,13154
1518706904,13153
3633618100,13151,13538,62201,67226
2447680572,22056,22732
3352004799,13150,62200
3510692794,68991
3016000582,14725,22691,27615,31499,37108,38468,48392,51409,54872,55617,58313,59171,60132,74254,77349,84462,85118,95405
613080820,13139,55645,82111,85355
247834800,92530
2818686139,13137,32282,33246,36628,43953,50721,58049,87051
3402975742,17959,44227
2229946221,30068,77615
1587604693,13093,15409,20837,21743,71061
2232648391,23844,56422,74599
3030099923,13079,18738,29217
2528908456,13078,18737,29216
1241800274,77111
3047622297,53940,59895,70327
2849884284,49765
2079685851,13048,21223,31083,37702,39165,40660,57829
927503844,37832,44644,81105,83372
3647359505,45987,95148
2459954181,13031,26902,59837,68976,69431
1436380038,1319,7588,20085,23524,24547,28059,33781,37384,40429,44092,47468,55153,55438,56937,61515,62761,73147,78792,79992,82381
3240530456,14547,69144
1967749278,13029,37954,64519
2046192623,74698,90940
2552637504,12955
4151874866,13027,75954,95560
1133558787,13026
3170178363,13004,25502,49124,57764,58467,63218,75795,88224
1868295995,13002,49122,51841,96006
573381394,14444,31951,69527,76989,82360
753798955,13000
4045290782,12999
3187444049,29083,42027,67419,89155
1952347867,12998
408499078,28490,28814,32441,33323,33615,34228,64070,76187,77628
3645117762,78217
1500191377,2979,36585,91211
34708132,12996,89584,91552
4207240744,4654,20170,20569,66257,87067,91294,95958
2202780613,12992,80387,83045
1300952307,17244,27467
1070093920,65104
2736015463,12991,21439,23885,33686,47272,51191,80386,81706,83044,88065
1911980225,28503
2386413529,21384
2931946225,52863,96710
3186518808,9586,15173,16487,18579,33636,40565,41452,81580,89652
798541056,12988,29887,41337,43395,56002,61781,70643,82178
3229079347,18567
1425099312,95037
276732394,12963,14104,85414
254178494,12952,44244,51414,95881
2911605693,10518,31338,32559,40948,41729,55265,83851,85953,85998,91492
848866282,12947,22662,26876,29510,35624,46943,49074,50654,51012,61172,63355,63426,70184,96044
2580805058,12905,32340,33107,53804,64114,65558,68352,69130,77074,77669,80078,86254,86816,86994,96335
2684235949,886,3069,29879,32339,60884,84399,93758
2511825807,12896,30298,38509,43045,54965,55367,64549,68744,69110,77885,81237,96638
3520600107,11,29314,55569
2752176147,12894,25565,54963,77883,81145
1390538571,12873,88626
70354379,519,5590,59249
1535821051,61956
2099923446,185,1534,3374,20892,21967,23996,29359,35944,46816,50005,58315,62695,68178,68435,69946,70678,71367,75273,77487,81958,89302,89819
3625918792,12848,24014,53384,55311,56709,62610,63587,77340
1834019436,37891,82217,94540,96525
2223143363,36252,52802,58806
1020822331,12847,24013,62609,63586,77339
2036447277,6796,19337,36703
146124444,12832,84647
2834489097,12810,30072,33035,33250,52180,87398
676859817,12805,24780,31056,58555,58904,69442
2763919226,234,62710,75522,82040,93124,94736
3809623880,813,3846,44380
3310611212,34648
314713590,9150,85089
3120283988,1725
4181363403,5998
1733046845,12795,14400,40149,44126,77257,88546
1709339746,96255
1295681801,28163,48975
1881257891,23272,23440,47114,55130,56435,76622
425411434,12791,18566,36640,79658,87624,93718
3469807428,12787,15038,34301,49250,93622,96811
2135073605,10582,19439,31067,37745,54095,79296,82141,82547,91404
2991090647,4253,56039,70094,71351,71769
2733766345,12786
4293484966,30847,73608,92575
3916879213,28108,57024,62512
3761874205,64478,95667
150898801,12785,23357,29350
4035812543,12784,26271,29349,31717,32499,57819,60152,66225,79023,81249,95602
2586410169,81995
3919167977,58692
2627763105,17423
2761755630,12771,23500,24149,30964,35665,35872,41365,47911,63089,71022,74060,81962
2123847032,12758
1233803298,91,26765,70082,88650,92693,95982
3734241491,12751,21508,39564
1516197123,12729,26349,29254,74327,81096,96806
832200410,1101,2104,2519,2544,2592,5052,5552,5597,6004,6432,6492,10920,14519,14899,15991,16268,16987,18543,20924,21077,21092,22021,26141,31194,32381,32712,32937,38000,39170,40224,40432,41128,43551,46098,46317,46905,50277,52156,52567,56062,61376,61400,63867,64675,65205,66018,67687,74885,75597,80150,80580,82384,82421,82556,83515,86387,86408,87539,88137,88811,90978,91853,92229,92474,93004,94790,95443,96594
709364289,4063,47238,60837,63738
211644717,12716,23105,44989,91526
2318646894,92911
2023595753,12698,17723,18728,19360,19693,19815,26802,27820,28159,40699,40997,55218,65448,72717,76073,78896,79183,80073,83118,88036
299136033,26003
1695784431,26626,69917
3732442246,12689
862965695,66901
4064706478,13386,19599,22496,23327,24220,26170,27893,28441,30293,37982,39974,40891,42055,46751,47292,47826,49006,61382,63324,64095,66812,66869,70042,72866,75435,83059,85148,87371,90056,95861
1499286237,12685,16345,33613,46700,80612,96186
513236907,30427,92416
3127228635,10059,85658
1016792726,47577
3867239289,943,3441,7137,7257,9570,9891,27645,29063,29947,31326,44546,46935,49885,49983,53237,55247,61974,63098,64167,66858,67232,67268,68185,69572,79162,81334,92148,92190,93379
1976062543,12682
2853539045,31411,72162
343181056,11126
4169161065,66619
3834428593,12666
424781856,10757,12104,43282,80416,91809
797261796,12638,25175,28685,31514,41218,57450,64725,70495,71473,78648,93975
344073436,71711
847226541,12616,25350,44865,49200,53492,60263,70320,71253,73012,84380,90458
3752014604,27321,72655
1190961442,12595,17847,32160,80681,85587,89836,94847
2172386512,14846,22858,23908,25919,29124,33184,33296,35201,35726,36939,37316,37567,43771,44655,47971,54722,54950,54984,54998,56224,57992,58177,62032,62887,63057,70039,70365,70765,76162,78886,85390,88408,90904,91653
2331031091,12835,38105,38564,41487,57042,60848,86869,93308
2540015378,12579
3988046847,77230
1275443404,12669
3652800035,14350,75245
1875439259,5288,8263,8326,12369,16781,19866,22752,24478,27456,30336,33866,34274,41893,51793,51988,53958,86517,87554,94322
4181096894,9416,15390,16011,17505,19213,20350,36994,40052,40672,54647,55729,61848,70586,75586,77160,79220,82335,82343,84406,86609,88893,89621,92330,92923,96458
789524372,12522,68489,77559,82302,85631,88946
3050196253,12521,24641
1351494925,39425
1204856591,12504
2664111119,94209
1261480222,34486,69815
922401577,5645,63911,65576
2946007383,67463
3838644453,12479,14272,16405,25215,28702,29672,33353,34845,40443,46856,57879,72996,75109,76279,79465,79569,94197
2696878580,21004
1772992087,17274,24332,28028,64666,76988,77178,77314
2154911463,24295,27599,29376,33556,65288,73049,73511
391717121,55886
2797491037,8719,9980,13575,39741,61898,76538,77409,77574,88847
2210911984,12385,15951,17283,19206,20198,22368,25282,36833,43340,59465,66136,67376,70212,70935,77365,90883,93912
151644470,19796,41179,47125,70455,84400,87061,89798
1431854682,531,14542,22873,94285
1260975936,10114,25417,31971,48104,96813
1349699586,10495
1436854499,12365,14073,48844,49965,77730
3410550206,49937
1151208888,4512,4887,11635,18794,20701,21036,24908,27910,30106,30642,33691,34238,35270,37056,40081,44188,44632,45395,45448,49279,52642,58174,62270,70747,73174,78361,90350,94775,95693
1856877147,12364,14072
3495437470,37096,66162
147168416,75389,89327
3087984517,12351,14437,17214,58552,76488,82815,94078
1620133253,46278
3835729954,21619,24055,38251
523764546,33913
3321979882,12345,13359,23827,24210,26877,33286,35625,35906,36982,44808,46944,48593,48996,49075,49190,50655,50739,51013,54037,55540,56699,57125,57693,57842,59006,63356,71687,71852,73776,85422,95923
2507742606,37403
588278072,41994,51455
3226790838,12281,14878,48802
2280410492,12270,68995,87460,96462
2537988666,27809
386177965,17040,30606,53752,84569,87593,94576
1066140224,12261,15100,38845,40743,45216,51703,83364
2022653174,12260,15099,45215,51702,53487,55600,82623,83273,84117,84234,85711
497747335,4304,25166,70584,70808,73500,81226,94899
988025020,12248,15970,51857,51934,60544,86861,92694,95983
3738713939,26870
429141775,12236,15394,20781,39677,61854,82339,85683,90464,93597,93792
1149421214,50496,69485,89074
2351588096,3893,7990,9288,12940,16138,23863,27896,31131,43061,48784,63594,64481
3715738741,15315,37321,75323,78734,94420
2850181672,10175,56598
3487899711,82414
4105956372,7355
865228617,12235,15393,20780,39676,40702,61888,65451,82338,85682,90463
465466935,7220,56714,66110
1353989285,12230,15031,30302,33104,35330,36741,53289,55659,60782,61121,61328,68349,70452,78720,87058,92345,92997,94863,96106
2253781167,12229,19575,20661,21224,24618,39166,43547,44970,48933,61327,63703,65251,70451,70894,71071,71454,73317,74959
1720761919,8504,11720,12399,18879,50928,61822,63930,65616,88984,91626
59880908,12227,19573,24616,28314,37706,37870,61325,63701,69991,71069,74957,74986
2306043853,13239,32049,53998,86290
2994899415,33032
3075013559,6761,70065
3757825626,843,21419,62699
3354531632,12214
1271995608,12207,44367,89983,91563
1250755376,68141,86046
1698256893,26712,56196
1334002873,1403,2825,56605,68983
1813998158,6927,57156,62156,70066,87031
1327352614,4780,30529,36686,47929,60991,95790
17482936,12206,44366
4274734727,20142,27330,30387,55105,60851,77842,93311
282111006,30752
747717291,12197,12323,18294,66526,73625,86377,96142
4243453003,53120
3134150208,28351,29661,79009
435974002,17053
3296910419,12191,38963,58349,59857,60731,64897
3207920835,28717,31169
129177480,746,49264,71930
4153169014,12189,18204,41803,41843,85503
3367412776,8939,29669,35919,46853
3516678298,75750
3818055821,3922,9180,13199,45870,77471
3658430402,12169,76584,77927
338642390,12168,94213
2468504681,73885
2004647152,12167,84499
467209164,9295,17333,24968,31416,35430
1668298282,1250,26469,48117,54418,76368,79860,93177,95641,96792
2024272996,12152,31115,32911,38371,39548,40027,45455,61651,63678,66759,68296,69470,72217,83248,93104
975029657,12151
2424654734,32107,42412,51929
3655346060,30407,51357
2023988165,12187,18202,21342,49526,53677,89272,89332
959925029,14412,20307,22080,46012,68449,75654,76463,76976,81598
2190445543,5484,39194,42590,49430,49695,62345,73876,74857,83719,90798,92930
2573811974,12148
457606491,92008
192258485,12146,13047,20011,25540,31082,40518,53089,55611,57828,72376,76543,77419
77876930,66159
2189242630,31282,57009,88019,96864
2284846998,80163
1434694412,12127,59797
2893232987,6538,15965,45785,60717,62168,70015
1441868375,2984
3218036434,56
2258483730,12126,59796
4255630630,12116,50659,90874
2601984946,13152
3532400289,20205,54203
884965055,13777,28328,39156,53341,67985,75441,86630
1820595680,78826
3872143638,12103,78144,91808
959900929,42327,54337,92360
3854194977,12102,94210
2160495466,5999
4201384777,12101
2402556077,8766,11839,14956,17629,19549,44017,70535,77224,79908,81102,87958,90610,92615,96159
3775560990,12098,20694,28683,54900,58903,65019,87874,88286,94195
702840237,15264,44477,77901,82368
2347498933,6542,65364,74933
210107629,12090,33829,52561,61669,70409,74780,88385
2564362054,78047
1876895210,9029,67330
4113541348,829,1592,7275,11649,49592,64370
2808249296,12088,14013,40874,46685,49640,56657,87946
3603646450,25936
3444561088,3380,7063,8679,12760,12854,14371,14703,20038,41394,44331,69776,75204,76580,76748,76790,76958,82315,93200,93592
1245374229,12085
3706527148,34167
4245481473,51611
1814041991,22095,51567,84105,94740
2106547149,29683
3486976662,49181
201192723,15024,16400,16540,29783,30564,44368,62554
3198532135,48204,94546,95875,96794
1769952785,903,2452,2802,14775,17204,56163,63305,67958,69086,71256,81560,85789,86318,93078
3101929838,39304,44364,55673
1100427162,12069,13265,16419,37305,44165,64196,71313,74902,86763
4288473617,1434,9032,13467,21040,32477,34376,40967,41334,48261,51275,67909,81191,83967,87630,91190,93172
886808876,22653,23026,23209,28889,36882,80242,85262,86619
531168483,10069,12558,12942,14137,14743,23865,27898,43092,80467,92201
3060877978,67801
1586342349,1818,8487,20260,25341,28496,36068,49773,61666,78207,78375,80421
578750289,9779,56916,58923,64719
3412659515,47161
3706913429,12063,12231,12412,35331,37668,45277,47668,53290,60783,70464,77116,92346,92998,94864
3736671664,22815
2075112845,8262,22751,30335,44329,54896,57336,82218,90973,94191,94541,96526
632980636,129,203,669,18531,41053,42577,61697,65711,95745
2539913216,44844,94721,95141
4108933103,12062,70463,87961
1862837095,12041,18211,25346,29479,48329,58309,70908,73219,73423,75683,82229,88454
2591210771,12012,14769,18432,26641,29724,33124,36494,40393,42401,49673,52660,55641,56305,62054,65666,69697,70701,77935,79319,82732,83815
2348755308,12007,45155,55871
1344367208,12001,33151,39645,64506
3340939543,11602,38655,51680,80373
398066082,11999
164852920,53116
2799868174,1085,10719,17110,17462,19493,21274,30066,55250,57621,77613,78639,79474,80712,81049,82512,83104,92378,94280
26649762,6850,9271,16610,23746
3134029601,5626,68625,94110
188455775,22,26135,28414,34705,35740,45610,47967,49913,51844,62629
2653430225,11982
95317446,12578,42483,46346,66346,82687
423126383,35823,70394,73401
1333722874,11961,12120,53308,58518,73680,78967,80805
1893285350,37097,43052,56496
2947444031,88699
2394271361,11955,35513,52489,79397,84094,87768
2433035495,11932
4168305982,76534
728991553,2093,2389,16867,24326,27430,32535,66724,67791,68191,76250
1987602030,2107,4815,9002,10852,11016,14967,37310,41106,52349,65543,65572,91676,92949
440698763,11911,18525,65513,87798
171158731,56706
4259775976,4353,51060,56803,80777,85400,88757,92112
545958289,8938,43814,47187,73362
256770624,10068,12557,14136,14742,15262,18102,35407,36915,39617,39766,40166,43091,44475,53571,54239,59174,59815,66462,67370,71948,72127,72534,75119,81079,90494,93706
129420040,12397,44332,79175,89634
1384157032,87773
3166910906,22998,52839
2678802246,8693,33993,43296,43945,89861,92138,96055
3213278657,11893,12386,22369,33949,39121,41978,43341,43919,44460,45473,59466,66137,70213,77366,90884,93913,96858
2382589647,6068,31042,50041,50365,54535,72234,72267
9013284,11877,13325,19151,19514,20617,26694,28586,36970,59887,68512,69663,82567
1902485631,11876,13324,20616,27332,59886,77844
466382096,40146
1842730219,11874
1006974875,11871,17655,19129,29347,83691
1351665031,88451
3438316694,11867,11891,13555,38268,42564
126505241,73327
571615077,27855,41444,69352,95549
3854724448,11848
3413933814,3974
2313267923,70521,70932,73341
1717199297,653,46245,67141,84481
3493369619,11070,11247,12282,87225
3002612108,11847,30183,47989,59013,83609
1838711240,9674,21925,31821,40448,79841,90724
1597383312,584,10060,31966,37267,43418,48065,54944,57885,61708,75397,76113,77359,80666,83385,86123,86170
35304913,65829
4112889565,6365,26046,59532,72879,89075
348233012,11840,14957,17630,79909
1239396815,11802,30925,60614
1312472754,24813,49876
1711163405,33024,76619
1546555034,11790
1896549061,78468
882733487,8743,49846
3829670234,11788
161331986,19143
124613448,42511,48137,65320,71231,87777
3003580164,40070,95568
299103293,23,23011,25623,27118,27692,31210,34958,35741,45611,46844,47968,49654,49914,59031,73498
667303184,11748
665438875,3255,7552,7608,14317,15219,16847,18249,22131,24112,34642,35390,45768,50421,52540,75712,82092
3470413330,11740,16902,20162
2610943516,16548,16960
2711207697,72778
3033647443,11460,24331,31143,35114,41736
2625904408,2709,10395,10705,19405,20823,28038,31259,40847,42616,47675,57792,65550,66295,69869,70404,73527,74068,83688,83756,87238
533037565,7755,9122,19713,28411,29682,34702,34982,35439,36355,37193,38093,40386,41129,41513,42237,43552,43899,50817,52157,63868,72365,76302,77281,78560
3551461791,11726,11780,93082
3827223639,28774
200020808,11684,38699,65474,66450,73288,84263
2510304586,28595,34578,38164,53972,57737,58559,69107,76317,76830,79616,80090,83019,87079
2429080614,49783,63349,94491
241258273,2074,2345,7369,10052,17963,23826,29150,41901,41982,43259,47317,47417,49189,49575,50997,54171,55539,57124,57841,65134,71686,71739,71851,74180,86754,95922,96778
910286028,23675,32811,34263,74991,78623
3237209517,51336,75668
760996738,3721,17307,43752,80972,91182
3799923194,11680,47739,96826
3305182038,57420,58332,71961,96544
1041520264,11678,69169
4107515829,41367
4131869828,26784,46766,60431,90076
3036087313,20747,33519,40171,43047,64919,69511
1354993200,45743,46921
180343508,14337
3971907653,67647
2837530783,6284,7606,17808,38450,43431,44284,82088,89985
3386331563,11672,21593,22142,31171,35282,42046,42992,48702,50303,51786,59521,66364,67757
1868195394,20426,32773,55055,58547,85772
2642987087,11628
1720866902,3337,5094,17626,22339,24232,30276,31047,33957,46480,52318,71619,74535,83697,92916
2405582027,12750,39563
548686042,17461
2898642654,340,2269,5832,6736,6826,7203,8497,8980,9472,12271,18047,20326,24676,26008,38149,39662,43891,45752,57197,65300,65963,68996,70286,71177,87461,88747,96463,96932
665506959,5972,6654,24508,30445,30931,35841,63611,73741
4151124882,11627,12586,47766,53838,85175,86794,87009
2541958452,70997
713711205,11615,43735,44813
482171823,2703,23277,25472,26982,28567,29432,35532,39654,52430,53757,58972,65220,69456,69923,70636,72892,73021,73916,80180
2734438686,11604,32076,42010,68189,81479
1234463974,47533,53659,58776,61016,86008,96797
268250567,9677
899320030,1195,2444,8021,9067,20380,21174,36799,38693,40680,57662,59917,64060,66827,68628,70810
3938543738,5777,39669,42067
2578551627,11539,17752
574910310,11601,32787,38654,58574,62466,64328
3653990680,1058,15812,18797,25958,29159,33826,41170,51484,57616,60787,64642,68340,77267,81067,86503,91683,94778
3629122341,2032,3550,6638,7817,7838,8643,11190,11329,11587,12136,12840,13118,15361,15781,17098,17592,17902,19070,19459,19777,22151,22914,24902,25287,27462,28056,28534,33500,34482,35910,39246,42463,43788,44613,46869,48570,51131,60270,60552,64562,64709,70926,71163,72071,72075,72294,73691,76165,77442,77753,83341,88923,93016,95651,95840
665052056,85261
3425463402,6108,14091,51519,57328,84719,85099,86259
3913623496,3790,20990,52005,75090,89165
1684013586,11599,36048,41401
2618595622,27728
3744043305,8183,15057,15243,26048,33786,37205,37507,38946,39753,51263,57202,59534,60367,61159,66769,72876,73695,80899,89077
2841530907,11578,23396,38255,38320,58584,60828,63903,68347,73400,82888,87611,96071
4020120085,19728
1953344832,2605,26350,28269,29250,29255,34172,35303,58114,58949,62068,74264,74328,76594,96807
3789134299,33938
2778194437,27038,34976,35850,45583,70107,79450,96924
3760182441,3586,5051,14906,16143,16493,31193,42212,48945,52566,52710,58544,63239,66429,79853,80453,80593,81969,82555
1995610486,22107,51700,88559,88964
3415728943,105,35797,36564,39144,42566,69273,92493
1282516533,11573,23219,60501
2173562489,68891
3105495135,21905,91527
529381198,1219,1790,5008,5908,6560,6823,9370,11470,13518,15764,19053,19622,19756,21847,30794,43357,47005,60354,71402,76680,79347,80024,82540,89893,91723,94044,95870
1247516867,11564,51741,64521
3591283894,19455
1139296529,11561
1363769635,1679,1783,49681,51202,55988,80873,89269
417924092,12320,12865,20232,20439,80975,83089,90246
3572760626,69458,75815,76336
735404016,11559,27945
446387252,11558,16212,57306,91537
3813682446,512,15865,19974,24153,28979,35699,38482,38868,41587,67582,72709,77148,94144
1691155568,29168,35080,42344,66260
255244114,11547,25828,28130,28538,29875,39917,50794,62673,66395,67048,93385
3245158162,19377
2841663933,17331
3926878821,13328,18266,18599,21984,22113,28589,30511,39598,43690,44736,51140,52908,56250,56426,56691,58859,60415,63096,64868,67349,71165,74132,77286,85446
3574298751,29553,51583
1769093936,159,24944,32393,37685,47194
3858194850,10102,43841
842315518,4992,11260,29244,38556,49551,74062
1710833100,19472,47209,73062
3733805329,11531,31145
1803503178,32496
1433352819,58699,88062,90011
2707347282,58061
3198799152,14432,30416
576065039,37933,51207,93054
3676609427,13946,17943,45110,64824
3342300551,81232,91088
883755351,11530,55691
4051548349,11525
3114385951,16310,39640,77496
3412507202,61085
627484687,11514
3292871613,25835,50194,54325,69921
3301605792,34089
3469846406,29406
1872949291,15564
654780510,4776,6869,9889,10900,14169,14647,16929,36008,89141
4011174371,11513,23062,26359,37027,39151,45783,49611,61935,62132,70013,71080
51242365,11499
2753612723,11495,17533,80723
452089860,22923,30697
3444998512,61646
2163186081,32850,37916,79468
2368767779,169,15478,25044,50920,65628,69441,69462,85315
4212877660,11484,13362,16097,46227,77582,92711
1325748124,93261
3652442265,8141,22443,25023,27983,32608,33174,37453,40478,41565,42072,42586,48248
4190724792,23942
2442949224,30189,66150
86907828,76289
2783206693,599,1460,1511,4596,5920,7509,7530,8277,8303,8382,8452,9602,9886,10927,11254,11316,12173,13482,16532,16736,16893,17094,18888,19488,20281,22641,22887,27738,29867,30232,30778,32784,37691,41702,43274,45770,47610,47886,50913,51230,51310,52542,55235,56481,57215,57360,58823,60385,63725,66502,67131,73996,75091,76136,76210,77095,78400,78756,78971,79800,79983,80427,83337,83785,84839,84853,84902,85006,85108,85144,85579,86002,87505,89041,89148,90294,91037,91567,92312,92335,92402,93375,94978,96505
3491535523,9085,16052,31932,52084,86375
994596066,11456,22345,26460,50106,77865,88197
2935049299,11686,21801,75191
3324050922,89677
498472698,19438,37744
3581452375,11450,24581,31746,37444,47960,73906
2127032312,11440,16213,35321
3110902816,11439
3726853543,8892,11287,12005,13469,13805,15537,16172,25883,34194,42091,62989,79534,91616
3165091525,11423,20715,39115,68292
753958751,35226,40451,41213
4168692832,839,4440,63479
1403112369,11416,11770,95484
412633911,3051,30266,56154,73939,84571,88414,91690,93522,95260,96313
4059227360,34434,61309,92166
1413675404,3978,77191
3230915775,9176,58245,85966,94399,95012,96584
3621402768,11392,61742,76202
518548038,62277,74883,78397
1068197479,475,19683
276452679,794,17262,76555,88966
3957693262,11375,27525,48414,54061,79157
3418507205,11373
2389394899,8361,10053,22663,36415,49504,51655,69186,86755,92252,95136
771384127,11364,16613,83022
4110448565,2923,21478,40622,40656,41906,43264,47682,65634,73966
4131427896,11341,35140,45773,48953,63550,76213,91151
1020308528,88441
3437577943,1593,4206,7276,11650,27395,43739,49593,64371
196618735,13791,17069,22264,24052,24402,27445,27607,29156,29954,31502,32650,34849,34975,35644,35765,35849,38763,39955,40045,40413,41299,44652,44833,44983,45582,45879,45994,52309,52911,54788,56055,56253,56629,61963,64137,70106,71808,84044,87089,91633
1647229890,2383,18362,31567,69586,74007,76939
3339639943,5458,15225,31293,38809,39689,67818,80783
2379029980,58646,61538
2805443557,11318,45517,54252,76138
75530202,55587
3919604494,11301,30557,39704,49368,53854,65630,90447,91274
2408226532,14449,76637
4145617741,38200,90917,94006,95426
657955352,18208
2046699069,195,5357,38126,49459,77493
4207481164,6427,8187,14141,14577,31609,32748,37518,38887,39862,46781,60752,68695,82844,89571
1048388974,31300,42920,61806
2832351547,11296,36331,79452,93970
9098016,31520,50915
2342890049,22084,30399,41679,52294,82241
3138496878,37804,46607,72455
1994438495,17351,20105,55597,61657,84457,94501
2124047691,52278
707066708,4773,61799,66507
3417227036,3182,9652,10042,12802,24532,39892,43801,51355,69053,82885
1241199764,91269
3949174147,11295,25720,31311,52990,58619,58779,71696,72302,84909
3127063066,10176,55614,56599,64181,69267,73454
2121219762,11278,52496
2374334482,11277,52495
2018846804,47646
1064437500,9,542,3316,12064,13367,13991,18131,20068,24963,30229,32116,32422,35332,36816,43123,45223,45278,52780,63850,67657,76413,93338,94728
2019129691,25193
1539250471,11272,29291,73732,74449,81507
3703313245,657,1065,1656,2196,2787,9562,10348,10682,13564,22176,22932,25801,26855,28214,36132,43613,43656,44559,47443,56078,58438,62326,68951,75405,77656,78101,82650,92653,92794
709592485,11267,28264,58563,84574,96514
4279902073,9609,38579,87580
2805186425,16685,69639
2877060401,1158,62119
1477580586,9968,13630,24824,29427,30021,36187,42533,43099,46733,58149,65093,67821,69562,72913,92356
53398843,34324,49284,62196,94599
1132458446,11262,52168,57259,92940,94447
542340836,48209,65862,73130
3351871652,40286,41684,72981
3885422251,455
1306901847,30346
3116761439,11261
4270110409,22860
1864722248,21219,35703,37589,58407,71404
3574201770,52206,83583
2691517179,11216,35522,80319,83989
3945190802,24556,48140
1408560702,48831
2426902468,7371,29169,42345,46789,51991,65457
1191514135,74997
2655814398,11177
979097686,79196
1830176084,18700,59594,68760,69435
1845432595,11174
2256815203,11146,31392,79514,91864,95503
805638187,48497
35311169,29245
2070131581,47587,79453
1307133908,8369,14404,14563,15068,15935,19983,43513,82661
2766599375,11145,35567,89990,91863
2106160078,53100
3538519827,26565
357146908,32757,91830
1747044622,32263
2417812887,91972
3348536834,38373,40753,42817,51737
2517543413,14722,19705,53615,94427,94928
686913948,31275
3967837374,11143,51672,94538
2310504502,5809,20872,32858,46507,70008,81681,91523
3836731301,11137,19763,20457,49554,58284,63924,83420,88276
1949704940,4364,12997,14375,76785,89437,89585,91553,92657
1366649116,5750,43608,62335
652973438,11133,63920
359686505,25333,29538,36635,42138
1376948157,14224,22774,23166,25890,60563,64869,89244
288825620,84659
3157351234,16265,33735,48377,49818,50007,62855,69893,72899,73333,74097,75582
1131160238,11110,21643,36793,39601,44728,62590,62794,66368,67982,72343,80752,85913,93714
3487336268,76576
1493420107,11682,34067,46077,74162,94636
250359454,11109,17068,22263,27444,32649,39954,40412,44832,45878,45993,56054,56628,85912
3065655837,38014
3388712791,11108,15912,32537,32648,56053,56627
1586740376,10702
1911857011,11107,13877,15638,18561,18639,32647,33048,37306,44416,83351,85050,90098
3913297557,28957,84534
3155854756,26077,37796,61342,74101
3572844635,11106,44415
3899509592,70736,89245
3594223085,24305,52091
1869684663,11104,94458
1580131273,12850,55626,59425,60053,88859
772540322,24243,36006
3257203979,38114,47096
2473529838,7998,31645,44256,82424
435354720,5955,9487,17693,51459,78104,81623,83510,87751,95828
631350117,11080,34403,42144,47696
3742886405,34585
4159364925,11069,46826,54127,87224
2263697750,11065,13438,21237,38712,80979,89449,90064,96679
1820014973,59262,63667,92697
2904372278,36591
162750260,1331,11147,13062,18962,29937,39361,91865
1465710282,11063,20462,38989,78701,91158
849253216,241,2847,6992,11449,12707,13605,19709,21974,24580,24807,25879,26347,26379,26528,26883,27715,28993,30989,32764,33649,34208,40745,40993,41601,43057,47868,47959,49927,52507,53600,54521,56082,56174,57154,58464,60280,61486,62969,64580,67754,68568,70090,71301,71513,72770,75994,76018,77091,78764,78917,83366,83543,83788,84792,86554,90297,94932,96194,96731,96816
226517949,8097,12313,17528,62148,64051,66001,82797,84039,87683,90668,95887
2937784108,1391,5459,6382,30768,32455,38471,38810,39690,43710,44802,63599,77110
3729559104,11048,25869,46392,55708
18270227,40221
3180586849,12699,17724,18729,19816,21776,23278,26803,26983,39655,40700,52431,55219,65221,65449,70637,72893,73022,78897,79184,80181,88037
1761696130,6052,6370,12376,13725,15947,16284,17279,17778,18470,20194,20509,20854,30748,32583,35099,39212,41027,42571,42740,43075,45939,47872,47895,54121,54317,54515,64141,64760,64914,66644,69740,75722,79369,79929,80341,81292,83082,83992,84411,85674,87686,90782,93907
790819069,11018,49392
2760375912,11000,14097,36744,48474,88852
2231101971,27211
3512126987,58507
1669452503,11077,12937,57054,59765
1877631618,3226
3108254956,5191,8240,9632,15420,38032,41189,49365,52060,66542,77105,81446,90850
3451394946,61566,65884
2213635736,18544
4074363554,6916,9038,9280,21930,36561,48742
1978476256,10989,16087,25436,25577,34786,35981,43726,49464,61221
2627056523,4809,5814,9088,14162,33141,51122,53634,77896,79077,80598,80776,82030,82351,85068,85399,92111,92294,93478,95831
3956291102,12633,12783,31716,39089,41695,78666,81248,95601
816399704,35895,79100
2627078932,10978,42806,55326
2603122355,1121,25154,27750,50230,63802
982611053,604,8745,23702,27059,27111,30906,49848,57191,90089,95236
2436804535,10976,29908,32014,89614
619655816,4003,9140,16755,18399,19117,22762,23114,30313,30653,44231,53108,54505,57796,84486,85326,85760,93431,94905
2656159329,9780,54159,56917,57152,58924,64720,80517,88762
3814690190,10966,23576,32896,44053,48030,66840,83605,86867
2969243314,93223,96435
1362136550,1369,1599,2370,3389,4058,6368,7362,8148,8833,10587,11334,12277,12374,12639,16820,19226,19586,20852,25176,28686,30465,31515,31596,36765,41506,46859,49482,52588,57254,57451,59589,64758,67234,70496,74875,81004,82642,83488,86435,87015,89415,93905,93976,95332
3693125430,10041
3328652909,10957,14616,14948,31669,41751,47143,49172,50235,53693,62076,69004,71911,87197,88565,89869,93166,94317
1244465342,16083
4247049256,12520,21720,35602
1150115095,6969,13857,38121,55190,56860,76678,87841
3165976641,31110
1760619742,10944
1508795767,63115,66753
2089742797,26845
2557380725,21734,26254
1896852202,10943,19539,38107,53216,72687,79645,81346,88872
197073382,10937,30562,95994
1784958464,10935,13162,37304,44164,64195,86762,90016
1529876438,10929,12343,33284,35904,51653,60387,63856,74726,82146,88370,92250
3212754570,40505,45787,62170
1823779400,10914,14760,15979,66231,93589
887020241,41874,43825,53110,71462,79376,80032,81988,84857,95093,95201
2153685359,10896
1087547184,35431,71982,78570
3118777012,872,56733,77869,88704,89034,90258
129947272,6348,64379
2383055951,3317,20069,24964,30230,32117,32423,35333,52781
3723708878,272,569,4790,12609,16225,22595,31768,32246,32595,34509,36051,38848,41404,43042,43187,44035,45219,49747,56855,59266,59560,67526,73325,75773,79761,83445,84049,91571,96635
2805869148,12344,22098,24209,33285,35905,51654,63857,74727,92251
2349880841,22529,37416,58850,80232,88813,88999,91610,92476,96530,96596
3814056042,10894,24716,27835,37599,75832,75914,78739,83416,85927,86591
2143059708,1890,6141,8929,15288,17941,22260,22863,30955,37332,38292,40304,45803,46055,65375,70820,71767,77406
3697138018,2880,29781,32685,41791,42949,68612,78150
492859412,10893,42484,45632,82688
2852312204,10892,45631,63604
1009711807,989
1942107359,10913,15978,54962,66230,82517,87253,93588
1780599946,10869,15917,17681,24600,26299,28320,28423,36381,39799,43425,44764,52273,58729,58939,67997,68870,72466,72479,76498,77871,78319,83778,86856,86932,88499,89250,94239,96167,96895
3986934133,10866,25111,37134,47120,49148,85589,87262
3493777811,10865,85588
3624285249,22674
4184144339,20204,54202
60534928,34998,72922
1669801920,10842,33335,77329,86465,88203,89802
4252945384,6588,41243,63087,73253,89299
4110498921,10840
421425033,10838,14028,16677,19881,22314,37170,47914,54793,57816,67493,95224
4227616288,10819,51149
3076776236,1530,45895
1069631612,62953
3280264932,10815,28303,56110,84778,87766
2189423425,5554
4279630032,58901
1334030569,4183,8089,10675,11204,13475,16780,25737,27455,33688,33865,33974,36042,41892,44821,51792,51987,53059,67471,68360,70744,73539,79789,80315,82627,86154,86782,87553,94321
3365524337,10812,11829,71333,94174
2494163079,10809,46362,51180,53620,58521,59772,81607,83176,85963
3929418389,8051,44978,73273,80229,88939,89821,90499,91760
1116719281,10798,29079
2557184538,3583,27638,88728
2953380640,2981,15135,51748,58915
4167205107,5284
2696261282,335,10208,29519,30736
4128775333,4413,13814,15882,19173,21718,23965,36479,51364,52335,59619,70564,71446,77980,86103,96901
1930526743,10784,73869
3558252450,10779,16759,77738,85467
2071858597,6171,13546
2078570734,10067,20397,37038,44474,59173
182367644,11526
2782305896,47226
3366904740,34224,50839,52675,52902,62240,68935,76909,81554
2920018783,10767
4117844061,91579
3482145538,28563,37876
209630355,10209,29520,30737,32755
1614617491,10766,15807,17115,47803,87348,89138
1194690621,74605,79504,84440
1657776640,12243,20437,20566,20756,20862,32899,37412,44927,50778,50853,53923,59056,62974,65348,66843,68750,69101,73667,74225,74541,78013,80300,84324,88995,91078,96198
425418000,10754
3930519323,10734,42650
3858351787,1281,23921,29248,49644,51391,84942,88884
2998177615,10721
2697298185,803,897,36412,46439,75137
2554363099,35930,56624
3724474513,24125
824632065,10712,12782,14524,31715,51833,57943,67661,95600
1972763261,4747
749016278,10700
2429354607,4501,37857,57857,61197
2845187716,10699,88426,92660
2515730137,24105,40977,44745,45665,47661,65865,67362,86424,90194
3827391640,10697,12164,84496,88424,92658,95611
3489434623,31772,57338
1963704449,8339
2178621418,6966
2490525169,10667,19092,45703,71171,77630,79694,89400,92101
1568201334,3202
527537212,1769,13222,29500,39368,42200,47456,69939,77757,78160,90706
2232112644,41926,69606
1155676175,10650,24875,36151,39140,50253,59132,70078,74201
1618869959,925,8416,17873,18395,18536,36775,62587,75116,75502,78191
2636940246,56309,80906,86004
3845896416,10631,70655
3084951632,44064
4257518247,21706
2853559351,10623,23699,26825,27299,37853,66011,88635,94586
4024468789,24555
166193193,2884,27481,76245
1166198738,8575,18559,32645,81348
1272847137,10565,19498,29210,38542,48292,53815,55337,58951,84027
1052567318,18564,77987
3687278082,481,8684,11208,12359,13626,17181,26240,26743,35810,43111,46091,60641,61758,63788,65360,67314,68585,76304,77283,80328,86657,89901,92865,95132
1409713633,46476,92873
1962680567,4044
3483095324,10564,10666,19091,19497,29209,30082,38541,48291,53814,54849,63512,69220,71170,74558,84026,85629,92100
3756803380,53324,94799
3580333326,4163,27623,51889
2311827,6478,10744,16479,44901,65308
2894882836,10563,10665,14186,19090,19496,20419,29208,31765,34133,38540,42247,53813,54450,66533,78717,79758,84025
2804811996,27473,65708,65810
3825969867,15188,22805,70691
3796215298,27326
1327050422,87010
256451712,2068,20674
2560823497,11393,56036,66457,91661
453252837,16289,50192,54323,88535
1626196402,54014,60920
2096483181,387,850,2643,7281,11797,13284,15596,17443,24767,29397,30899,33418,35244,42585,46087,48886,61478,61498,62881,67856,69763,85781,89831,90428
1640332520,82125
3004542219,2200,3405,4671,6308,7549,7701,8367,14249,15165,15687,32017,41101,42031,42234,64415,67409,78645,84120,89934
4008816786,10562,16978,66532
3691033930,319,6453
3493102931,60683
2609518245,6184,17729,34476,49031,52054
978974918,90396
285258843,10561,14409,23852,27653,55542,56429,59226,66531,78415,80041,80923,85613
4104753743,4698,7666,31493,40608,44692
105503073,10535,16550,91822
3118387656,10553,31518,38455,40990,43361,51651,53597,55655,64422,67384,93892,94155
2760536987,6877,17291,57174,72023
3066080664,15876
3529727480,7030,20521,85473
2056040512,10541,13178,33110
833887176,17201,17782,18025,21707,33723,36503,40941,42850,43781,51463,53722,64457,66746,67955,79582,81082,84872,87755,94451,95900
2441656093,10513,22469,41050,46385,47046,50392,63135,66906,83846
1162465910,2004,3896,5906,7706,8882,10118,13472,13728,18691,18958,27223,32586,35880,38933,40438,45942,66283,75498,78516,79345,79372,80404,90115,92904,94521
2764480708,27131,81483
3436027110,55398,75004
3197064746,46926,86906
1755704047,1236,18706,73924
244135938,2359,22833,62928,88823
657699758,10492,55825,63169,71037,81183,93551
2527833270,12106
3638135190,23187
78144241,47586
2855683109,10454,51973,86285
2640888949,39937
1484318308,10431,16715,17005,17512,22224,23012,25624,31211,35742,46065,46845,47969,59032,70807,73499,87677,88489,92612
2298416249,10423
1404534940,4697,16258,77797,84306
2277344203,10412,14962,17797,24335,24910,34240,48783,53197,58176,62886,65582,71789,73176,78775
1135357967,12086,23976,23984,29978,31166,85917
1035352050,80138
1729685333,18460,30809
2689425872,75033
1069820646,4903,8151,22333,31430,32676,39535,41423,45661,48022,48183,49603,51887,64586,66471,66838,86697,86865
3664614512,13433,18383,28196,41271,41574,42229,45824,51172,54767,55457,55725,78613,79231,82975,83563,94914,96348
3568294130,10534,16549,16961,17048,21468,21774,39437,43971,52120,55378,64129,72577,74747,91821
3506718488,96402
2212921935,5913,6529,10752,82699,84696,87183
2779570313,19290,50483,63470,74804,92120
3276319885,34664
2282988633,10393,23125,37395,40845,86210,92481
4211502193,28360,77694
33184052,10356,38379,39041,39061,65794,74543
569766709,13976,23413
2229178980,12687
1957275314,10355,18714,80974
3188755151,93542
2269012363,10343,92688
114315167,4348,27531,71820,81515
2412470126,5310,33379,76344
1027459755,52695
939353313,16843,77386,95297
4020692974,1332,4976,11148,27062,28962,33370,33644,36959,53788,57173,58356,58818,62073,72022,73937,75563,88206,91866,92671
3553756337,5840,85650,86207,92478
2323248676,11441,16214,35322,85496,93987,96534
1769387640,21765,32802,34018,34502,66485,75012
312872827,13319,28468,76203,78497
3659564781,42736,44258,87628
1880411287,354,1651,21435,23061,23216,24398,25140,25305,26687,27514,30873,36214,37026,37436,40141,43404,50383,53468,62131,64802,65620,90191
589623623,10326,16346,48741,84772,96187
65430306,3524,58615,71009,78272,85638,94533
84992572,10323,61130,64031
2082125775,50605
1896757639,2128,13015,22582,31077,38035,47055,55606,59059,60018,70917,78162
3307772278,10321,61128,64029
4250434704,10778,15561,77737
1994371407,10306,22140,23711,35749,54359,60208,60846,78557,85105,86988,88639,88992,89950,94855
3292808262,31028
1590239994,18379
2735753874,10302,13908,51797,57411
1688674461,20961,61429,76434
1944502452,25808,27570
3100558753,10285,66077,81143
844430269,10283,52892
4083861575,57497
263164036,28886,94433
1426587204,2816,3852,9773,36997,43010,52261,59995,77163,80765,82615,91314,96444
776461444,14408,17500,30225,57810,60834,64434,82989,91223
4096070019,10269,79244
1197011604,10265
2000268805,49133,58567,83714
1974860409,24895
4019674148,5926,23790
3318577294,17796,25840,36034,37817,54465,71788
1538089763,3862,71410,79857
811059818,2484,68986
2633088245,5309
1396000599,37217,38843,44242,66052,82915
4171618802,26263,36522,43646,77866
2288101623,10263
2277010530,59414
1089708074,2255,12890,17799,43126,44445,64348,78434,88418
3809081549,10256,15910,30911,40597,53975,56051
1784848917,10243,25146,29811,31863,32266,34671,53858,55173,55186,63862,88572,89607
1675826200,10813,56049,56108
696265670,25863,34223,34232,47835,52901,68934,76908
374310873,10241,17677,19061,25144,26295,63860,70737,89246
3066909266,52930
1104727883,13492,63285
2328269218,10239,27808,48903,55209,56527
82821407,42213,52047,63240,79854
2654649992,10748,13378,79724
3420335996,44853,59724,81729
3234582105,24244,62545,79103,94742
2251597518,402,1553,3044,3700,4767,5408,6018,8348,9322,9702,10308,11089,12026,13186,13212,16188,16517,17202,17504,17783,17981,18842,20097,20110,20349,20743,21708,25185,29920,30269,33426,35177,35237,36504,36885,36993,37498,37714,37792,40051,40942,42205,42851,43782,46996,47652,49105,49387,52136,52341,53603,53723,56161,56177,56396,57548,63946,64307,64458,65491,67956,72361,74507,75837,79219,79834,80009,81083,81356,81425,84873,85787,86076,86178,86316,87756,89215,89620,89880,90837,91056,91444,91798,92922,93832,94452,94604,95901,95933,96292,96612
2753273028,1707,79558,83580
3270621917,1396,29335,35419
4269672754,10233,18554,59370
2581604023,86560
3153370084,3981,8450,14330,21091,32380,43951,46904,51228,52625,63866,80149,89388
4160396370,22790
163691755,10232,25682,37477,59690,81189
2881903847,12845,58894
3785809348,21948,61147,90217,92586
3629109951,72857
3659533162,3695,6619,20929,35422,40525,45977,47993
2201276394,474
1250893888,83348
1355022021,3393,4424,6489,7335,7466,8729,17185,17989,25988,38448,41034,41940,42338,43429,44282,46095,46359,54344,64222,65017,76569,80332,82086,84422
2573507106,101,4205,27394,42036,43738,67862,75130
902493597,10222,10455,20913,92774,95802
3078916563,14322,45876,54556,85905
763345789,6446,38923,39925,52204,53304,79412,91311
736362435,30428,92417
4113338856,10221
3437146358,10211,29522
1944814164,35840
3315072494,17622,30711,50797,53540,64408,75869
1886847134,10199,20574,21692,49227,79093,79699,80110,93445
206658788,20720,37431
1358420350,33601,33605,42492,81402,87643
1654244998,4214,9665,23211,23818,40747,41818,52853,62754,71718,73872,74763,78706,85357,87235
1699845243,3282,6749,17208,22335,75353,84675,86322,93267,96274
2636509817,10198,20573,21691,79698,80607
1985553793,86522
2483794951,52687,78944,92732
2741865046,10194,16407,19823,25099,27844,30822,65531,84394,86492,89671,94313
3740000709,58060
3302991728,14721,94426
484845717,5864,86576,90149,92442
2453250614,10184,10409,10878,40905,87379,96707
155102084,10177
561371641,47673,57790,83457,83686
194801523,3155,29336,35420,78862,83626,84580
674689293,10127,68277,73418
3114709241,15184,22136,59958,63825,91509
42030469,89072
918208659,1864,3112,3791,12030,12321,12653,16668,34712,51119,60606,61186,73623,75920,78117,79188,79443,80595,81971,82673,83090,84637,84787,86302,87760,88312,89390,90247,90301,90712,92291,93561,94498,95896,96140
1663129980,10115,31972,32268
1905245414,19905,24226,87269
2920716338,47938,59644,64267,64333
1201972077,39884
3012063122,1820,14014,19995,20472,49775,56658,75963,84060,91466,95709
1429978999,34359
459652897,5315,11454,14123,17890,24585,28845,30324,32483,40708,45159,45667,55389,61704,72391,81255,82162,82602,84247,86426,88158,88787,91948
373526664,30214
2249589103,14667,30092,37534,72017,76241,94418,96382
2768747479,901,5055,8709,9227,9429,10400,10659,11025,11967,14773,17598,18647,28380,28631,29311,32141,39236,48691,50774,65344,66640,68312,74461,84405,85284,88892,94344
845321735,10103,43842,46928
2880735598,14840,32658,39699,44584,45326,51152,60352,77438,79113,90926
3415484663,10324,61131,64032
526668938,72895
4081066942,7000,8889,20710,40003,59438,95566
4202476899,18995,94332
1891995913,10074,15544,72638
1990168327,43609,62336,78003
1757995251,10070,12559,12943,13547,14138,14744,16740,20585,23866,27899,32745,40268,43093,44881,60941,64958,73839,92202,96847
1388588704,9608,38578,82955
2313089137,3253,3406,7550,9741,13013,14477,15850,19112,21353,27379,61508,65175,75548,80162,82235,84101,86708
3629362348,11273,74450,95004
2869081293,51549,75419
3130468881,35503,50746
116185705,2997,5266,15925,17082,17474,18656,19730,30432,46728,50967,52479,65087,66250,66266,70340,80967
3596313013,25460
3481227251,10057,21615,21855,57581,65366,81471,82189,92164
2484968015,10056
4188096348,74085
416055373,53981,55096,81213
2907338314,27905,66581
956365745,40515,56771,57825,59305,65235,70280,71204,79256,82201,82841,84823,95367
3357870639,6113
1443805763,13738,65261,79644,81345,82306,88871,90643,93209
1404269935,10055,27681,36602,69309,88584,94824
3756932761,10045,15422,28516,28701,35164,40921,41191,57878,71932,77107,94196
3403799223,6771,36072
3811645126,26775,78364
637160938,3085,76798
820265978,6801,25161,25451,29613,33070,36029,53569,60931,72890,77033,77231
2737879800,6041
4125939535,5547,8489,15359,16368,76894,79208
125263343,5190,8101,15419,25195,26194,35146,41188,49557,52059,81445
1199157199,10039,37828,50548
1104736897,10028,35758,47627,50114,73958
2889133983,23553
3150516971,4886,37055,44631
1367377342,22881,23748,73584
3952398408,10025,13987,51087,55705,57475,82664,84082,92432,93609
3449290243,526,16327,40327,42222,77313,94289,96521
3026194159,10020
1155432428,3529,8409,24088,26314,28113,32502,40299,49906,58027,58053,58462,61118,62967,67523,76016,83541,86552,87055
885326777,12503
394229434,10019,84104,94739
860754549,12117,75831
3447779598,67501,88076
257585748,816
289989168,1208,5574,17025,27954
2832363980,1537
3556784766,10013
3411184752,10011,24181,43485,53234,60530,64232
79003418,49612,62133,71081,71136
1856382439,9282
3868249066,10005
2364078739,3611,4794,8755,10293,16528,21574,37420,42755,51030,51100,54627,57377,68499,71654,74602,78892,83158,84437,87035,87209
3148394379,44770,55342
403979007,10425
3779721012,6250
3714826215,9997,16524,48806,56757,59598,62549,76271,87327,90820
3586670350,83617
3860093494,4118,28893,69858
4066846852,5572,7250,9443,17023,18450,26766,33359,39469,39612,42621,51580,62947,66418,69089,70083,73338,73632,88324,88651,89546
3677169598,9996,16523,48805,54071,62548,87326,87822,90819
2218833161,36933
1656321623,33077
3879942028,30186,47992
1709269070,3264,43168
3919002295,9995,23509,28508,30381,31375,33845,63203,63298,71690,74565,87325,93225,96437,96641
3483965406,35376,56748
3791010345,3333
4032287239,3205,6990,31906,44032,48431,49340,50695,57552,73141
1009827171,9994,31374,33844,74564,93224,96436,96640
3560373953,20330,29868,33238,42299
977422220,860,1441,6954,8592,9217,10874,11995,13523,16364,18772,28690,31674,41064,41755,65638,66775,72282,78256
208620025,9981,13024,19281,19329,53047,65437,79150,89823,96114
2084030647,8561,18405,33114,47149,78954,88092
1216004746,9975,76193
2551726079,91261
1375404782,64384
3514107653,45450,57525,58532,70710,72523,78924
1222337198,29758,56994,80955,93654,95169
1807993541,39099,57931
554006904,9974,76192
2845169317,4488,47174
2226863591,49651,70832
2891545173,1168,22204,84683
632641044,9958,18101,59814
1700109790,9948,33162,46800,51851
619731454,72561
1557939048,9931,80555,92212,94127
2432843040,9929,32707,92210,94125
774002853,37402,83180
2010707666,9925,20681,30518,78184,79098,86727
1465942179,7080,13391,14986,17734,19883,29316,33410,36486,37172,38504,41867,42631,52943,58038,63335,71826,74760,84149,85439
2246777906,37,6305,14246,48477,49850
1473159112,5451,5718,6697,9598,9959,11660,12202,13836,17769,17876,20398,22728,27338,30459,36714,37039,39366,46331,52035,57288,59574,62472,64230,69279,76934,85688,88239,94661
586771273,9923,32454
490908868,34873,50143
1589076202,62,13181,31087,41640,46602
4233118244,9920,66676,90792
2927178048,4202,6246,10576,20765,28481,33299,35190,55665,65696,87949
2394446904,9918,11115,11517,12048,13008,13100,29790,32640,34834,39260,39298,54350,56588,64595,65518,66926,68128,68402,68589,75910,87494,88504
1474937746,4145,4632,36454,42655,75087,76400
1054079114,9910,87445
2009608579,90795
355285403,5437,12212,12568,14994,18252,43830,79796,96622
2199876277,81997
985210933,9907,57395,58233,61352
1024712097,2912,4823,13072,20364,41103,42236,45026,63559,64966,65959,68096,76757,86084,93700
1532986780,42673,46804,73738
3930376954,12688,75079
2283382256,7845,11849,28166,64381,87478
3532115471,9902,50003
3230765012,9901,50002,62933,84124
3672406865,37501
1920682462,48971,54865,77375
2779913149,4851,25425,79069
2556123815,23703,27060,36957,54423,75076,76800,77309,78524
2546810093,9756,26591,26708,35209,51977,78466,91162
2625684132,36979,49862,67480,73429,73629,89481
1519015126,231,9328,12646,13590,17225,22476,35587,42106,65840,94895
3345014129,7141
4008435578,9857,11764,13191,30723,66524,92049
2556896908,43793
734693156,9849,24313,44957,70146
1583204288,70429,73133,79264
2359549084,14841
2399924774,34111,37848,44590,94349,95752
1847146658,2739,25938,31876,68462,74703,79915
926563386,9847,32075,50314,56823
3794800672,12084,40356,44003,63275,65682,74594
4129710583,36243,58108,64247,77296,80132,82854
2414991853,2129,3490,3939,19039,19877,38110,41850,48297,59060,65506,70918
2628946424,9794,16671,64821,89225
2911974107,47523
953367387,9792,18623,30790,32421,42642,47404,56354,63849,74410,91164,94162,94727
3975427428,34689,35348,50037
2442784296,1431,25467,27741,37751,52545,58055,77558,88945
211130759,9789,14450,17977,36136,37549,37674,53776,55937,72732,76638,86840
3135504406,66198
4229222699,9788,73055,84453
2799923887,9786,15954,29874,53927,66394,67428,68470,93384
2417784222,6550,21888,34252,41475,52866,58696,61609,81778
748879507,9782,10238,13833,27807,30923,36367,37102,44799,47447,48107,48902,60187,75937,96508
2150385401,52211,67398
1502574171,33311
784426946,9781,13832,57153
2555988209,12580,80436
1885366000,12932,13916,18411
3440536986,33719,56638,93182
1562816510,9778,47717,56915,58922,80456,88481,94508
3223198826,7797,30933,40161,41731,59701,64437,77132,77570,82026,85977,88004,89596
3971152054,8657,11005,13437,19356,19484,19524,21236,51125,56087,57016,81889,82033,82580,83796,86583,86808,87815,89473,90063,90585,93073
4252786990,9757,18184,35210
4061898167,50789
1487549316,8659,14147,23387,30271,54208,64460,66148,67013,72088,73015,80128,89657,90839,93599
425841005,45462,83148
4196570413,1722,3649,14626,15082,19093,21415,21769,23035,27632,31909,32505,33507,44604,46879,48334,52517,53662,60877,64723,70044,75615,76277,78340,81730,90058,92603
2232023066,2738,31875
814373441,9752,31482
969611776,13182,16244,24359,25361,27920,31025,32034,35499,41641,45363,55430,73582,85252,91838
1940891432,11394,31315,39355,51395,56037,63460,66458,67878,69030,84300
1384838458,9751,18791,31481,90347
2948916981,89626
1273788752,2851
1479138997,9749,26428
364411268,29134,31249,31634,33206,66876,70754,85193,88640,89748,90260
1061185251,9747,15830,16590
3820316735,86548
1188541823,10988,16086,25435,25576,26664,26796,29833,31368,35980,43725,49463,61220,62182,81518
696684653,10017,84102
1168492577,9736
4228172195,53421,71236,79242
4245556887,7134,14196,14864,17899,28941,47778,50828,52946,76418
817734360,4867,22053,29794,49447,50864,61386,65464,67931
3787919275,1241,5257,29490,59145,70706
1952369492,9732
2416195939,11180,25326,29898,46002,48631,52762,56152,61111,71218,74617,75702,83569,86604,87853,91341
3764023449,11095,12919,19012,21761,31497,37088,38466,62730,64622,72694,74316,79280,87838,92828,96685
1966533734,9726,48237,53541,64039
621845270,9691,30619,35444,42176,44383,44718,50658,57905,79365,82469,84211,84361,94885,95623
322112823,9686,21696,23492,61736,73009
454226864,9681,17260,22707,35592,58992,80005
1098180572,19391,27832,30111,50063,55950,59850,69482,76438,84547,84849
4135281121,22733,47720
832210864,20738
2192588730,13535,72121
3559520619,78146
2231546173,1068,17191,25444,44664,54110,55602,64253,77430,77794,78228,80098,82918,83479,90488,94592
3366533101,12518
265011467,9675
1397631814,9672,21106,35569,47603,55887,63404,80412
4026010348,3020,15645,39025
1319810438,36721,51389,84532
1128440911,11724,12530,15784,18231,22738,26931,30961,60669,82267
4106135190,9666,30175,30978,33788,35970,39190,39317,41819,42157,43134,45192,45572,51265,52854,59536,60369,61929,70446,71099,71719,72240,73865,73873,74066,74764,78809,83234,85358,86366,87114,87236
2095039997,29204,29933,72669
27943419,9664,71717
2781029360,2225,22361,34904
1994310083,9662,23473,73948
2055153168,1380
3461599175,63574
1282906369,10755,80414
1325484020,9657,37079
1661572568,6210,32999,34913,54421,78996,79713,81045
2977382873,9656,37078,91391
2198020318,9654,28365,76613
1803266838,7870,13278,26323,49151,50378,62506
1760449964,38113
388782335,25642,40103,42688,77944
2691371579,9650,12800,30155,32407,43661,51332,54354,55570,57458,65563
207685185,73572
1298291721,18351,29587,34512,42778,57558,58562,64979,76519,81309,87355,88862
1512673242,50042,57935
3352827460,3183,43802,78824
2353352474,9640,54217
3327920830,10633,15773
2367852339,5232,6685,7171,8161,10370,10909,13257,14364,15161,15598,16459,21213,21600,22463,24156,43030,69756,76629,76923,80085,82802,89455,89833,92818
569089763,3576,30819,33566,47552,48592,49738,69185
3101211300,22435,27773
1892692319,948,19835,24004,26738,34882,35820,41266,44263,48343,54991,55720,56816,57503,59716,64162,68070,74487,94647
2269060614,34940,66334,73222
3860871293,2100,5306,8582,10581,31066,61645,75531
4089135385,9614,20021,41331,87932,91474
2285218519,24139,49183,83670
2857703992,9610,20278,22418,30894,88477,92627
1676488465,5704,7944,21898,52459,82005
3539299360,1430,5493,46988,47488,59251,77557
2077746445,44430,63632,96948
1504283062,4555,4675,21772,29002,35803,54215,54225,58265,76872,80937,89231,90061,92028
1307085106,11411
4149636550,9390,14970,41109,42081
3371440130,9595,21783,23434,30133,39614,53765,54708,71426,80204
3425168467,74600
383773179,4111,22433,25701,29664,36091,56571,60903,64043,68721,69223,71293,74561
3090435995,4184,10676,11205,15434,24169,24356,29199,57337,68361,73540,80316,86155,86684
432918366,37379
3103578971,19217,19819,32260,48041,50956,51221,61919,68969,75886,77621,85653
1150980351,20183,37243
2014377192,18789,31729,34632,57629,78039,81496,88509,96073
952139274,2632,20022,29795,41332,54112,65465,87933
708239246,4232,30331,38461,54281,55960
310517294,23296,29261,30222,35365,84886
2380915813,9592,19870,21894
2891664853,5509,9458,17365,22508,41632,49179,58814,64010,71422,75184,75298,76846,77044,79584,81429,93489,96872
865779208,23018,63287
1580037786,121,11471,15654,15765,17409,32983,47006,72167,80025,87535,89894
1930071873,960,10749,11953,13379,32024,52487,56121,73137,79725,81854,84092,92624
998515838,4023,10159
1470654241,9934,26540,47462,49870,66690,67489,77668,89321
1223608648,25189,26628,53727,69919,70298
3160326397,59221,64405,81411
2185009172,57486
2551862177,9565,77253,81061,81299,83264
3251441879,9547,11923,80742
1418490545,36022
2684347678,8177,17867
452009210,18225
1940172075,80618
1371569205,4619,9551,21998,30489,39631,54600,56999,66158,77642,79387,83261,86682,87358,89927,92223,93197
248147777,730,23476,49712,70006
1307010026,17134,33278,48877
1231942103,9546,11922,23731,80741
3296459320,45099,63236
2418969563,7490,51201,55987,81622,87750
3547065998,93585
4294839207,9545,11921,72833
2966062329,9754,35207,53101,91160,96866
637928036,27948,30207
766393771,20902,28745,51679,51866
938971002,14663,22756,35773,52718,56220,57889,62135
2297436385,655,22722,23418,29581,33361,35493,36130,41523,44155,45900,66420,67027,70085,71032,71737,79199,80549,80624,83673,92651,94384
2119525159,9537,13465,19025
342685982,2111,16710
586071670,9536,14187
4168952433,44497
2153022520,9532,9755,13237,26590,27124,35208,53102,54698,56146,71498,76667,91161,96867
434433890,18929,21304,30902,31629,38182,51537,54301,58393,63504,80905,94156
3246658942,46971
2261749276,9524
3721120196,9519,12949,17686,17965,26995,39380,40740,41984,50999,56580,58230,61349,67837,74729,96046
538389077,23645,54022,80493
1607514691,63605
4191224530,16537,32275,38071,40078,87215,93637
1872620448,9518,58229
158373057,64853
3180326293,5828,23870,29342,34769,49588
3223710872,2583,42294
570791893,50139,80590
2002663019,3254,7551,15218,19113,35387,38300,44130,61509,65176
2805239103,9484,54487,81788,83507
424326544,29092
1921567379,2655,4572,6048,7033,37803,38726,57106,78773,84010,86269,88720,96095
821754157,9468,13415,15167,15215,16000,17437,19743,19746,25531,32840,33053,35384,42506,44444,50717,64417,72716,75975,91095,95288
2775552619,68227
2143865948,9461,89175,96695
2653475942,9460,24784,94437,96694
824490484,2008,21638,43305,66287
744484897,9455,75835,75917,96744
1215105997,12731,23706,23924,31395,33226,71927
3615105802,27627,29880,36665,60329,60885
547570263,684,1240,2314,2626,3604,3970,4008,5256,6415,7209,7500,8813,9136,13097,13997,24764,25783,31298,31406,32674,37168,40117,40484,41502,42389,42918,43579,43931,47707,48883,54296,67453,71587,87011,90748,90910,96016
2935927576,9446,18570,39750,81303,85280,89549
2493580676,9444,85278,89547
3999881733,16747,33597,38798,54312,57495,58866,66943,94414
3847379923,3141,6395,67030,75912,86589
888953501,9418,12234,15392,17507,19215,44047,54649,65762,67825,70588,82337,90462,92332
178314822,29844,82635,93313
2859774978,30119
1887091988,9396,37447,45828,77448,77836,78983,79921,92452
225034392,9394,17109,19492,35838,57620,82511,92377,94279
4067163560,21544
2438829843,9393,19491,57619
1081488527,70982
2836108003,16691,52455,92256
3839503154,9391,29033,42082,76880,82015,87603,91892
1761600562,4375,9729,10571,14845,15742,22846,23862,24688,35200,36683,37566,43770,46649,49334,51069,51330,52099,53992,54997,55556,57991,64480,70038,70364,72412,73262,75449,78885,81118,85543,88034,90903,91652,95509
3461325612,75924,79677,85742
382820693,9026,10185,10410,14960,15104,39977,40906,81475,85988
3594315321,9383,12625,23579,24564,26601,33960,36808,51900,52794,61562,61995,67037,67532,67842,72581,80228,88527,93320,96565
1439713084,82604
3629078445,254,2249,2423,2556,9963,12724,13441,21220,23334,24177,26733,26928,29799,34838,35704,37433,37590,37727,39486,39838,40462,41221,41563,42070,42909,42923,43869,47246,49070,49822,55072,56186,58096,58408,61772,62569,65014,65225,65747,66086,66310,66612,69160,71405,72209,72279,77810,78651,79539,88247,89378,90067,90742
3654116089,10975,13880,25050,26537,27048,28704,32013,34461,39129,43227,44963,46900,46936,54224,55147,58264,65137,66859,67635,71888,72998,73568,76281,76871,77958,89230,89613,92027,92191
1244594736,3786,8253,82291,89161
4143627445,9377,30002,45971,60622,87972
776874285,59842,76544
2651720736,5114,5634,77174
3421019074,16605,39474,81436,90338
2602493235,59118,68431
57693217,45379
37531089,9366,52736,54258,77969,83529,87457,90890,94334
932490055,89392
2146049568,9364,72779
2515504742,278,406,5206,10357,11357,18723,21371,34444,35241,36865,39987,44302,63501,65414,65606,65714,67539,73371,81000,81803,93471
2818488511,3235,42725,43190,54905
2639086337,6280,11857,12535,13902,15021,51780,81896,84339,84735,86256,93350
296061555,9350,12016,27980,63392,69020,70215,74190,77084,81807
3058615473,20565,39697,43179,58452,59011,67784,68552,74224,74497,80299,86429,96366
2335701235,9329,12647,13591,22477,65841
1152263768,16844,18090,50089,77387,95298
3559849169,5482,20447,26486,39192,39319,41821,43136,45566,50432,60471,60673,61931,64946,66384,70673,72502,73435,74122,83236
2340472206,9312,10804,69712,84526,84682
3604703080,90552
3617201542,1411,13757,22803,41174,47300,57801,62253,75258,76736,82123,83775,86986,91416,93773,94159,95255
3799277902,36633,56797,94224
1505440684,62790
2378892872,9305,32872,50832,69976
2869863697,9275,23971,27801,44562,60028,70010,93284,94170
717437711,238,15480,30920,36928,73745,93575
3816591630,9270
2022896507,9264,56460
1838513454,9261,19433,42967,61081,69781
4274917427,2659,13464,19024
495577648,52381,78046
2250351426,9260,69780
3270223633,29594,44781
1343893111,19418,77345
2811435798,2538,10938,30563,95995
3293333327,4277,13858,39700,60353,74441,76679,80160
3615136327,39855,55848
1145404232,9249
2793405247,8554
1001238951,9245,21627,65329
323791416,12489,25557,43049
1127001092,9244,19259,81435,83112
1914153361,6213
3958294823,9212,24830,27883,57583,70583,78114,81225
836334712,9202,9241,10172,12836,29041,45533,53358,81201,95647
30163485,7434,55664,87948
3608041110,36839,41312
2870150380,26690,37439,48772,62381
3370425209,26228
2294477363,4635,42658,74485,77293,96604
3193642116,919,5029,10205,10417,11194,13088,16700,18953,19639,19981,25212,25382,30649,30917,31845,34842,38718,42987,49176,61507,63557,70435,72714,77548,81122,81467,81863,82659,87999,88589,89644,91129,93498
1056250812,5751
441794531,408,2713,3559,3857,4052,8472,8695,8724,10725,10790,11058,11116,11836,12049,12220,12622,12695,12899,12984,13101,16561,17494,17579,17918,18114,18725,19099,19676,19725,28544,30886,31475,31680,32323,33040,34086,35495,36076,41462,42305,45833,52396,54351,55745,57640,64286,66650,67833,68129,68747,71034,74913,79531,80225,81088,81180,82174,85209,85367,86242,88890,89058,89351,89561,89766,89776,92244,94339,95570,95574,95681,96057,96230
766871582,49808,88057
3533789329,9177,14819,20523,43630,51712,58246,66479,83659,85475,85967,95013,96585
649421451,9169,14296,15886,56809
2311301013,3778
3480987324,9168,26466,29399,52151,63972
759447246,9157,10930,16425,16588,37204,80843,83276
2041032900,9153
3508640426,12328,22439,27245,59757,60421,60643,61473,62804,63961,66193,68883,73404
3424869214,87964,90304,96540
3146868444,9152,25514,91875
4026270098,1098,2496,4703,6282,7604,9234,10692,15023,16399,17806,21074,62282,76003,84341,84964,93203
2362103152,57939
2690457808,9128,38754,43354,43529
2128963833,11300,17250,18755,18973,23369,40861,50526,62962,88622
2757907204,9118,14936,17483,17518,33997,38547,63987
2816845982,2028,2965,16387,20808,23693,34494,62767,63380,63770,68181,68505,75303
3405821854,9117,11544,14935,33996,38546,47726,63986
4173398054,230,12645,17224,22475,29404,42105,65839,67106,67350,68042
1810522761,58595
230727451,4569,37800
502436726,19295,49940
119150558,9111,49778,72853
3499005616,72990
3262152046,62129,62832,66883,72046
3524594031,805,899,40193,46441,50567,62851,92509
4130126513,9075,21698,25574
2469274111,57995
202886335,6234,19737,39816,43942,51177,53617,56845,80368,84038,84199,96068
1576945645,5587,92170,95766
2437205012,22191,77154,77705,83331
1971442937,25073,72114
764627894,50660,96351
446842925,5600,5776,6595,20987,39668,52002,54665,72806
1655490491,921,6310,11131,13861,17338,30651,40153,41969,53056,67103
1619608910,91004
1999294698,54160,56918,58925,64721,80518,88763
4134397189,9069,20623,41140,70812
4178610833,76456,76528
2874218876,10024,13986,16810,22122,24191,55704,57474,65769,75215,82356,82663,84081,93608
2484220138,1826,7330,28034,39219,43205,57076,75162,80650,89298
2198787155,9060,31528,32230,54434,55661,67198,76971,91464,94361
1592277184,36189
2520477983,1422,80167,84374
3912796363,2144,10653,20541,21933,26724,39583,45197,61338,83086,88359
1164898489,8626,9793,24885,26117,32473,36124,60784,61213,64820,79390,83412,86834,88387
211723601,9059,10998,23103,45036,47275,61670,88115
1520771997,9055,10542,11658,14323,14356,14559,33111,51305,52940,57286,64228,80567,80921,84588,85906,86699,87805,88089
3281367315,10113,12788,22688,25416,31970,33903,37135,41344,47062,47121,48103,49149,55800,56931,59785,76087,77244,79118,80000,84662,93269,96812
2994775220,30546,49565,78621
343047084,9050,19501,28394,29602,34095,43855,47535,48268,58868,66945,73003,84630,91637,96799
1607868772,4570,14715,17990,33045,37801,57104
853872049,9365,54257,77968,82805,83528,87456,90889,94333
2127235596,30064,79472
3254199489,20534,33073,69498,85860,96860
3017485788,9043,31238,33211,35153,53104,77278,96869
4113891212,9066,21173,26508,30814,36798,38692,58980,66440,73059,78154,82597
1078590853,5822,32635,44197,46890,61551,77514,87304
690521323,31218
1531107523,1884,24113,34088,41914,52570
320869043,12728,26348,26353,26380,29253,34782,52508,60830,62071,64581,73225,73935,75561
1116457390,72149,76178
2656931407,13933,28285,35610,42991,47986,48701,51785,68270
2486456449,1659,1708,9976,21878,24280,81928,82127
2589581619,498,15727,58321,66967,82812,87171
3830229375,2407,7047,8358,21098,22331,30982,59140,61248,69694,70168,71919,73286,86370
1728944739,9692,10314,13802,19771
169416842,970,5738,33758,34044,45411,67441
614220613,9031
537581602,9030
1556434839,9027
1258812178,24663
3197179619,6264,12931,13915,14503,18410,88199,91871
2468102669,26364,56818
913227132,9025,28416,44202,64851
671186212,62904
212060611,282,2909,3425,4222,6706,6822,6843,8031,8436,9019,9339,10923,11128,13011,15410,15763,16990,17359,31925,38003,43510,45295,50669,50714,52987,61403,74288,74888,79735,86774,87314,89892,91324,91710
4178823679,3269,12511,16805,29851,37564,40654,49896,53246,55231,55675,62922,68164,76206,79039,81116,83653,90901
2788103373,9007,67498
3319393552,23886
2277992080,12413,18624,42643,54021,59112,93838
632899775,9006,67497
1090089853,1021,37218,38844,49561,56600,66053,82916,83363
2563544920,9791
1791065995,5799,84223
3190765154,1821,67963,77098,78582,82025,83077,84061,85009,87605
1080916757,9005,37045,37313,46967,51341,54830,67496
3877180725,91731
524455435,29728,30138,38701,57022,74368
1284333554,79723
3727885743,1519,25130,26752,30835,32166,53380,57927,63075,70138,87442
539704933,39504,66911
2828646518,448
255609234,9001,18086,19168,32737,37309,65458,75544
2842526080,9000,37308,75543,77779
3299525743,2363,5280,6188,6572,8841,8963,10312,10810,10888,13817,15578,21548,26251,27792,28445,32660,32726,33084,33320,33654,34773,38123,40935,42000,46363,47412,49055,49059,51367,52104,53621,59773,70253,70379,70775,75519,81197,81416,83177,87636,87941,92157,94074,94523,96448
1355197744,67964
1386803937,9398,15580,26613,30286,32960,35047,42017,49057,51676,58101,60032,62301,65007,66168,67988,70381,75444,85973,95089,96547
3609935719,6237,9987,10202,18160,38389,39970,46529,49217,49230,62988,68054,73562,79096,89702,93109,94002
3947085589,8996,51971
257203553,8975,81819,94205
178612401,14206,17786,19856,20100,88689,91447
21230827,48024,72036,74611
3172437705,1299,31134
922020186,429,26757,34948,40974,49420,72245,73514
1275320332,8995,14335,15131
252331709,18526
1777504111,8967,26792,46057,51397,71795
3891843603,518,14852,17697,59248
4188283462,28008,88483,92504,94510
4209323823,1618,11856,13176,13901,15020,24710,35901,51779,60650,65848,79741,87871,93879,93946,96551
545190583,8966
3298809219,3950,30089,30192,33860,48747,53327,66153
2365976478,8953,41340,56005
1377946510,7935,65313,78268,84298
3630030,5411,6021,17237,17240,28383,38550,38823,41146,42098,42545,42596,48674,50764,55204,62862,95907
2351077790,8951
695132691,71251
590233048,2048,38859,72399
301407243,1066,2120,2197,6671,10683,13565,18573,23685,25464,33637,39868,41352,41453,47444,51920,56079,63018,67751,79082,83634,87421
1033467365,8949,46896
1351502749,30319
220083334,10714,65384,83693,84880
254701706,18360,48250
3314381781,7416,29163,67304,67552,85232,87850,93139
2226185458,67253,75493,78749
2790287853,8042,18192,58385,69981,76351,78671,80543,84231,90366,90832
2575271418,83085
2932583416,8948,11887,19900,37718,62317,72256,72589,80102
3303069626,8946,10475,17010,19898,45683
995657301,8933
3936399002,9590,15957,19868,21892,22703,68473,68700,80991,88184,92386,92769
3454850123,514,3734,6815,8394,15867,16872,29576,43440,43482,47863,65970
1776873006,87744
1728730782,8932
3604619136,66181
3486140917,15729,18825,20118,28076,60819,69636,83271,83296,85709,86523,89094,90560
3358022213,14612,65802,80692
1207747901,55264,64838,83394
1101510974,8931,9112,45805,49779,72854
2222849338,1247,5935,14652,35295,58012,84755
2554315751,8830,13878,18562,18640,85051,90099
1386080875,11311,48243
544016580,8904,13393,23489,31719,35235,40253,44020,45891,55447,62665,63882,64660,66405,69911,70538,72345,88435,89557
1636660560,12575
1674097113,5440,7408,14571
1250100934,18020,29607,46045
4194157702,11270,14064,25998,51448,65396,74968,93603
190200207,59628
537071103,13816,32725,48482,49054,51366,52103,81196,87635,88152,91533
1504477854,8895,23177,28693
1552987025,8890,33517,40004,40069,59439,95567,95597
4188019795,8888,17929,20358,32553,40089,44489,59437,61408,96474
1133700384,1099,2488,6283,7605,10693,10918,10939,12208,17807,21075,28682,29038,32687,40833,50275,54899,62283,78152,79792,88285,89984,90976,91564,91586,92227,94194,96592
1638828870,15447,70268
2407047094,8881,17238,33998,38548,42594,50765,55205,55909,64881,75497,79344,83630,88670,94918
2301708360,8877,10353,14156,17415,38566,56664,78476,80157,82820,88743,89346,96241
1610178183,8867,9114,22198,22677,24299,65496
4153513571,58259,88267,92669
3340522050,50179
3965007961,12793,19872,21896,93720
1221280999,49317,58843,58935
1395359372,29032,45559,76879,82014,87602,91891
3051661217,24698,30390,37637,53970,71702,73833,76395,77853,87028,87640,95161
4141508458,87579
78299609,8865
1774025833,8851,13683,15027,15204,18858,28290,30567,35399,39291,45883,47057,47830,49050,55522,58080,74994,85152
661317800,2474,5376,27917,31022,32078,71109
1808193132,8850,13682,15203,22611,46400,55521,70061,70371,85214,85268
1558451482,8839,12513,29853,49898,58216,70152,70773,73687
621889871,13338,14301,16197,21203,31939,43139,44871,44946,60087,62982,68669,71673,73980,74768,78334,85734,92002
2916034648,24926,26923
4109256149,69787
1974848017,23072,37093,69331
2399821200,7186,19802,94702
653251145,11173,15296,90390
3925033707,8823,17974,28848,30772,84959,90640
3157721249,65760
2454644186,5881,39953,45877,54557
1347512472,8817,9744,18430,18571,19412,39751,48922,51918,52585,80897,85510,89550,92043
1698061617,8779
706747120,160,7181,15189,19912,31013,32394,35317,35831,37686
2600083991,11312,41698,48968
2869708488,16884
881133732,11557,57305,58185,91536
2437037949,15357
4117192490,68186
3612136327,8768,31718,38497,44019,60153,64934,70537,79024,81104,81250,92617
485129280,7835,9203,9242,11187,12837,19456,35339,45534,46290,53359,79300,81202,82787,83110,95648
2660015970,4343,25962,74272
2803918158,8765,8797,17628,46888,61549,64509,70534,77223,77512,87302,92614
1187333356,44709
4252516869,8763,10411,14961,15105,16436,24334,28030,38727,65581,76151,78774,91018,92317
2101208260,49974,74548
4125753368,5615,20628,77997
2081406170,13318,15462,28467,52367,66456,78496,84914,85646,92969
641247621,577
2006563151,2160,65675,72165
3112669870,13360,16202,24211,24566,26878,27459,33287,34271,34277,34367,35907,36777,36983,40923,46945,48052,54038,55541,57126,57694,57868,63357,70624,71530,80506,85766,91991,94874,95924,96178
2113461552,8762,8986,13036,16435,39905,45430,65580,72454,76150,82100,85583,88168,91017,91333,92316
2723281794,25614,70459
2844225362,10305,89949
3950647853,8753,32510,37418,81278,87033,89001
702702901,80541,90364
3768323603,8746,30907,94570
1299517718,27370,28430
2455199220,8736,23742,33908,36315,43819,44362,45071,51469,55752,74431,75630,80662,86676
356055023,39572
3724750570,29390,43345,56591,77685,81651
3446261177,19572,49451,74985,94714
3945227490,8734,27626,83288
3255636222,24726
3524795090,15805,59517,80619
1184258200,2027,2964,16386,75302
2609700076,8682,12357,35808,36388,80326,95130
1999270503,28921
310399156,1478,6071,8669,11078,12938,23361,23550,30730,31204,33760,33985,35724,51897,57055,59766,70763,87045
1192580763,5465
4009955264,1870,12581,78070,80437
974308018,8678,75779
1321508391,27091
925648844,10043,12803,69054
2097318482,4090,19556,33647,51668,52410,61114,63119,66398,67051,73671,78036
682048946,8677,26832,39308,75778,88018,90049
2622381362,8674
2334113758,1160,10494,24985,25300,40927,41133,50160,50592,56119,64449,66380,70237,71601,72131,73762,74381,81959,86757,91227
1953340440,21871,22629,22899,27081,47580,61860
3463262661,8667,17708
1112298163,2076,3780,12372,25216,25867,28703,31868,32012,32090,33354,38972,40444,46857,47319,48699,49305,50876,54223,57880,61997,65136,67634,71374,71923,72651,72997,75110,76280,78241,78508,79570,86520,89612,93665,96780
3239114407,7843,15790,49338
1910162715,10845,50825
1094805230,924,1263,2962,7256,8415,9303,9890,18666,18900,22519,25598,28523,28590,29062,29565,29946,30599,32112,32226,36009,40509,41788,42520,44545,46934,49884,55246,60116,60256,60416,61973,62586,63097,64166,66857,67119,67267,69571,69654,71166,73789,75501,79161,81039,85447,92147,94117
457222933,90826
1981263787,8658,67012,89656
1971851955,72489
1341502568,31313,56639,93183
429990279,82934
3472517115,5939,11963,12545,16338,55881,87673
732604546,11453,24584,30323,49314,81254,86403
3330036044,48411
1781564040,911,39919,53708
1676355793,15,1631,4499,32541,51427,57674,61195,61582,75507,87278,88990,95942
3644227211,9973,42058,42723,76191,82794,87662
574532368,8653,22817,35052,47169,53833,57948,75873,85170,89628
1898462052,42521
843602146,1523,6251,52758,61289
4199619212,8632,76450,86338
1710081867,56092
3138944104,31582
1692043335,8631,46222,86337,87567
2660014279,1904,15825,29445,33580,53172
3827848966,9008,29495,29653,49767,67499,72330
1084580856,1796,5102,5399,7020,10770,11240,11711,16602,18280,20150,22201,35543,40803,41005,42244,43477,45408,45589,45791,48408,51405,51434,52559,54750,55884,56191,67961,72828,73799,76232,76691,78580,82023,85754,89968,95210,95858
2064216382,1216,1973,9299,13515,17420,19346,19564,22785,23806,30760,36837,42268,43238,43460,45810,45954,51155,51862,52526,62829,66221,69231,74142,79019,80407,81167,82136,83391,83492,84705
99118619,4726,6557,9746,10931,15829,16426,16589,40932,55957,68119,87938
3560832555,8627,13651,61214,83413,88388,89066
2996936942,6081,96704
1449347124,1978,2789,5164,12292,12549,15175,25427,30940,64237,88449,89654
4090508741,8624,9058,10997,14848,30227,33548,34279,43121,43773,75968,82991,87409
1211884179,1452,90814
2800448986,23596
2510578558,91188
3923393387,44756,77394,77846
3314234808,8615,26032,76769
2414661720,22947,36550,63692,71096,79179,85518,86734,92823
3444495492,1436,2618,3129,4827,5415,6009,6238,6581,6634,9182,9215,9511,9695,9823,9988,10203,10414,10482,11119,11132,11245,12052,12665,12743,13085,14182,14212,14257,15734,16698,17397,18014,18161,18769,19333,19927,19945,20554,21957,22183,23160,25137,28974,32220,38793,38910,40006,41056,44115,45479,45542,45603,46486,48084,48837,49231,49471,50684,50709,51009,51246,51371,51603,51624,52333,53466,54197,54341,54967,55369,55897,59441,60559,61576,63919,65844,66603,67775,67911,68132,68920,70562,76839,77978,78663,79016,79949,81120,81245,81267,81465,82749,83913,87204,87867,89769,91145,93110,95713,96496
3410487077,2052,24858,26934,36016,74384,77596
1508795756,11279,53236,64234
94555600,4772,61798,66506
1766156119,64352,82618,91785,92629
51578012,8608,10161,37883,51652,63855,88369,90591,92249
3420065685,2024,19258,81434,84492,86217
3554585183,8601,18349,29585,64977,81307
1632242547,2530,14580,29841,33204,38102,38753,43528,70309
3132958082,3657,9258,10554,11928,14645,16927,17605,32175,35782,40157,42974,43362,63067,70878,73351,92141,93893
97400553,4470,5043,5853,5958,7105,7847,8443,9490,11851,13658,28935,50861,78107,78350,79901,82364
3725236613,9503,40713,42141,50610,56521,68013,74714,79595,93746
4056497290,8596,64972
2882278032,8595
2698564369,53829
127738747,2294,32330
1586771436,2904,50954,61777,67571,89575,95918
2431214848,9753
1312263999,89589
79005264,81497
3635640647,1496,7890,11266,16056,39216,40333,45375,45679,47024,61734,66935,75159,79384,79447,83258,84429,85810,86850,89709,89846,89924,90419,92438
1286230657,2432,26225,41442,43165,64732,67716,96428
2416904279,24492,26944,30610,33027,49318,54377,58844,58936,89685,89790
979349696,8577,17812,24633,35181,86764
2496735842,44716
4162194479,5260,24936,63023,70748
906032804,53794
3497020554,4549,11468,13767,20360,44491
3386176282,1641,4604,7699,8806,15685,17088,42232,67407
2244791323,8564
3078631155,55029,78298,89278
1068461850,22005,27069,62733,73321
274446926,62734
233042556,12846,58895
976847521,1740,18870,20268,20394,21518,22360,29714,36789,42611,46619,65899,68175,70675,74192,81809,86897
1556725124,6841,28040,76081,86772
4227229838,6345,11140,15080,20901,22007,22036,35668,35714,50416,53301,57767,60464,68835
2767940979,8560,33113,88091
3821232695,5245,14484,39932,76154,79420,90372
520980738,11778,18168,19643,41375,53085,67186,70400,71640,72493
2274618352,8552,11405
2837485834,5728
3882319057,6539,15966,20798,40504,45786,62169,62634,70016
2826923471,55828,91502
2477455158,1497,4241,7412,7891,9549,16594,29588,31250,32867,39217,39629,39931,40255,44888,45376,48509,54598,54763,57559,66547,66877,75160,75528,79128,79385,81310,81383,83012,83259,84000,84554,85811,86462,87084,87356,88189,89296,89925,90261,90371,90420,90573,92391,93195,95354
957323288,8544
3900189321,30195
2526100797,24358,25360,50267,55429
4126358773,8538,27143,46505,68089,79140
2809899206,16600,42242
899246745,76460
3036972370,52837
1253446986,29192,42397,53671,54330,58336,63694,69509,73941,79181,81691,86417,88416,91692
3729942652,12853,93591
898703585,4945,4983,8094,8261,10619,14797,44328,52777,86918,87546
236259382,31913,34889,54639,92782
61252934,8537
2145208045,31183,96327
2231670176,8536,26696,27212
10036138,8508,13203,14880
726593075,28287,37430,51292,66214,69834,74825,85692,95577,96367
3216435864,8507,19057
302072856,6179
4062658995,1587
98974936,26867
777980887,9273,29456,43189,45221,54904,91573
3344191979,11043,34292,48076,85559
2437976333,8492,24783,28959,29995,30032,82713,83712,84536,85055,87140
916203061,8491,16131,26408,30031,39445,53893,54459,76644,76896,79210,82712,87139
1580086578,1371,2400,2685,3967,4060,4309,4643,4914,5144,6504,12486,15919,18265,18598,18733,19310,20064,20489,22112,27453,27585,30000,32739,34718,38636,40404,41154,43689,44735,49484,51139,52599,53650,53986,56275,56690,57453,57732,59662,60284,61639,63194,63438,64867,67236,69006,71535,71754,72607,73243,74131,74734,76500,77873,80719,81006,82400,82409,82478,83056,83490,83646,84605,85445,85571,86437,87913,90163,93876,94180,94241,94319,95104,95312,95390
2774936262,47760
1666687864,45115,58365,66672
2693567674,8461,61741,76201
621905867,70
997014029,12756,83751
507904380,25481
3448325716,5970,21623,30443,47332,72143
4225004833,8454,21305,30234,38183,51538,58825
3797941520,211,1969,5251,7118,7611,10807,12856,16850,28460,32239,33342,57681,59770,59980,68662,76699,76960,83174,83401,84972,85842,89310,92305
1650932058,8441,35516,63576,82362
1133310662,28953,29645,29889,31156,79771,96765
1621930310,6252,60602
3954533288,8420,9470,18606,58406,70164
158230715,8406,35274,74810
3509162755,8397
2118143027,8385,42084,42361,50016,50523
261255224,1355,1617,1838,2956,7897,8432,9401,11855,13175,15019,16642,18709,19177,24709,25846,26038,27278,35900,37147,40822,40914,41687,42428,43211,43242,43464,43984,47335,51778,52916,53822,54048,57116,58020,60298,60637,60649,64402,64429,64468,65847,65977,66388,67883,79740,81408,84289,87133,87870,91906,93878,96174,96550
289557530,8309,21725,34599,54165
4230145947,4629,19154,20981,42651,64910,65100,75427
1313350392,8379,14037,31471,32258,38141,42137,46122,46300,54653,55051,55414,55920,59341,61917,67424,67829,75884,89525,94325
212798922,78463
2012860337,5720,47898,57290
1540181877,8666,17707
4020723939,58044
3414779985,8376,9588,25223,32021,36134,53458,56167,88397,94120,94200
178359032,8374,12480,14273,23581,23737,24882,26603,36121,36465,53931,62996,82863,83940,94198
2972072994,81932
1149020581,8365,15163,15600,21215,36653,80583
1024951077,7965,10483,12744,18015,19928,21683,26735,33179,46171,50073,56813,66596,67335,76840,78664,79950,81246,90069
4198583179,28216
482836964,11632,35128
694594376,9903,51410,69547
410678696,14791
3035518356,8400,52235
816872076,1103,3349,9982,10430,17511,18303,31196,32383,32939,34590,36783,65438,75395,78906,79151,81288,81903,81939,82116,82386,83701,84328,84713,86086,86718,92611,95045
152447664,24731,48383
2845498195,21018,24241,51503,72843
3951132013,51877
4057523242,8353,8527,23145,36887,44084,45693,46895,67041,69591,73503,92785
3672855815,10540,13177,24711,27542,33109,63688,69426,69699
571702425,2781,19462,38198,42551,90915
1076321399,23625
90162121,4800,12532,12770,19645,23499,30963,41364,41377,47910,71021,81961
2838398068,62501
3930136152,1488,6167,12011,38781,50471,55875,59874,74151
3864840689,6255,73427
3391827908,8342,21307,21502,27419,30236,34046,51540,56968,58064,64084
2145674911,91973
2615575935,10000,59384,92739
3107379686,90397
1011984243,8952
2494056998,38417,61763,68246
1470751851,8340,56966
4141001967,24826
4138045777,11342,20933,21188,29464,34215,35141,41260,45774,45845,48954,57769,63551,76214,91152
891985093,27941,32531,57102,62518,79265,84192,86952
2896577532,8338,9874,11166,11598,36047,41400,63935,76892
3977121726,713,34354,36605,73041
4222749663,7635,10750,32025,42374,46660,52637,70850,84779
2493332847,8319,21911,92884
2585937545,8305,15632,17096,54751,76233,76881,82016,83339
2241035709,8296,9885,10926,12676,20004,27466,39684,51309,84122,89308,93325
3641103075,28254
1766977113,55767
3660056917,38246
2618466983,8285,9893,22537,31450,32157,48896,51285,59684,79572,86141,86805,87992,89498,92178
2763952417,8284,31449,32156,51284,52997,54231,68842,72095,83301,89497,91102,92273,94683
2877031215,58117,60188
3886552050,28901,36290,54152,58515,80832,83582
2924121665,60304
3846024681,46697,61416,64502,80483,90856,90997
2918849680,9659,48970,54864,55488,56235,57670,75942,79026,87274
1043361965,88851
1539417178,23052,24568,36985,96180
660795873,8269,15628,69964
1033869126,88029
2709820299,8267,12490,67167
1113390785,33651
616930807,26794,31366
3078383131,5866,86578
29980410,22939
4159101930,8265
3602079949,45224,45279
2166917047,8249,14095,27133,31527,51763,54433,67197,81485,93271
1050243577,33336,88204
1069899504,7539,85448
1752402967,8244,20697,21338,32229,50923,58426,94360
3966898630,16657
690051986,8241,15421,30998,41190,49366,66543,77106,81447
2210509219,3554,7271,11421,14420,15407,18155,18485,19896,21482,39113,39250,40310,76842
2880231333,8239,48264,49731,60486,73420,91858,93628
1741538404,2327,8032,8437,10934,15195,45296,67580,72707,81759,86775,91325
1476370417,8238,48263,48278,91857,92512,93449,93627
2129568972,60044,70984
2185914919,24205,24466,56361,65144,65257,67722,87154,94689
1692024743,4597,5921,8278,9603,22888,27739,29819,30779,32785,32947,33101,37749,45771,47611,47887,52543,67132,73997,76211,76510,78972,83786,85580,90295,91568,92313,96506
71236535,18997,49397,76366,76393
2562661806,69353
3314472584,7073,8337,9873,10147,11165,19985,36046,41399,76891,80347
1498730446,83590
2685878600,2830,6862,7971,10036,34552,43816,45960,48130,49324,59324,62124,77523,81736
3741224691,56153,91342
2753563306,5765,81492
798479815,8224,40851,65945,95081
2748216841,8219,33964,77415
2750618531,21183,30990,68334
908337350,95
3273864161,8210,90451
3576068047,8205,12745,15737,35288,39088,41694,78665,81247
2617321395,27593,73545,83817
2961526710,34995
2596319593,14175,33721,40331,82839
1676584619,1730,3280,3685,6810,9146,9762,11656,18031,18441,22234,26533,29012,30626,31138,33659,39555,39951,41549,42128,42639,42999,44051,44076,48999,50398,50742,52266,61864,67678,73379,75414,80817,83603,86233,89863,89914
3895511301,51967,55890,78346,84700,96599
144944021,8199,74731
2400457033,29980,61600,88334
3867177128,8196,19133,57391,61738,65190
1138044044,438,12978,58634,67426,80419
2705855232,8868,9115,65497
3671256915,8193,57388,59272
3841109370,19081,29461,43412,49647,73903
177194631,8190,40242,43746
3206572275,1291,15086,37834
2901767112,91024
110752536,74337
68422354,7038,64072
4026221953,79192,88515
2521391698,8189,40241,43745
994491825,86422
2906987964,24818
2323366960,25757
3835765701,1043,58490
382255488,65,3313,4037,13364,16099,22750,30334,31697,54074,54895,55970,57335,65694,68944,83032,87878,89794,90512,90972,91249,92713
3005941485,727,7131,37830,39829,54808,71050,83323,90566,95951
1376023742,8169,15904,23838,70207,79515
65988202,15286,20909,25562,25579,37211,37330,75639,78259,91833
3827932147,76358,76829
3048115556,13676,15344,25014,50754,81142,84470
3888020547,8165,19739,21758,39818,47389,51179,53619,74836,79701,80112,84201,87499
2846830994,9272,9998,27711,29455,59382,59404,62550,76272,84980,92737
1488217482,8164,58250,74835,79700,80111,87498
2253553215,12807,28526,28593,29482,58557,69444
547281699,1550,3041,9682,15122,15730,17822,18194,20119,21132,22108,22708,28077,35593,35617,39928,56452,58387,58993,80006,86073,90368,90561,90834,91176
3445174272,38414,42276,70868,71330,72572
3576253821,29505,30304,37484,74173,80258,82284,85740
482590643,80002,90170
1993310091,72141
3064937481,67602,76985,91383
687066510,8162,13258,43948,87496
4058534082,3231,34104,40865,45260,65372,90721,94306
3015684015,32683,53775,67059,80459
42643176,31662
1065614002,24176,33253,41898,43868,60890,65224,68769
1435009222,2822,6122,25663,28621,44768
1697775954,11614,35786,43734,44812
2981446549,38381
2067978709,8150,10552,10689,15856,17565,31517,38454,40989,43360,48182,51650,51886,53596,62601,64421,66470,75675,86045,88041,90894,92842,93891,94154
333501020,6360,24095,46898,55788,62838,63247
3857424379,147,25947,27842,33819,36762,49359,55580,59167,76409,83485,83937,86924
254979884,47785
4294786263,11572,23218,25142,25307,48401,60012,73167
633433950,83684,89809
241069681,8120,51723,80513,83535
786361259,9742,14478
1980163873,72967
85669634,8117,83124
3246931384,63956
2664955674,5732,15519,36210
1101902131,8116,71823,83123
768969720,26665,26797,29834,31369,62183,81519,83376
3589380628,141,250,1480,7790,10428,12661,20984,21159,23330,26619,28725,31277,34601,35435,38260,45210,45731,46482,49344,53080,56921,57057,57538,57585,61531,63980,68916,71173,75620,81937,83699,83885,85224,85729,87311,90253,93068
4052577042,8114,71821
755847577,11570,17850,19580,28450,33730,42892,48760,49039,50963,53403,53504,54497,63031,65536,67622,70651
3382833688,8113,15460
2724335698,8109,17124,44814,46269,63744,63959,66634,79455,84184,89509
70006148,8096,52623,67729
1007270132,10089,20214,39274,64954
664591107,2564,3439,4818,5995,10191,16509,20731,21166,25008,32007,34955,41323,50295,53351,60496,63368,66783,68009,70734,78412
1579480500,8091
280641938,8085,65294,71478
1673600397,3646,12657,21674,31350,37100,41599,43055,45336,46050,51728,54519,58983,64145,64578,71511
3082033512,1238,1616,1837,4989,7127,7815,7896,9134,15018,16641,18686,18708,21364,22149,22944,24762,24823,29426,33575,33877,42387,42427,43303,43929,43978,45552,46043,46199,48881,54294,60297,65092,67882,68455,68785,72912,78611,79229,82322,82973,87132,90908,92355,96346
2087197084,8075,53791,83001
4240629332,81473
1505857835,42064,62616
4292243351,3376,61393,62697,65889,75179,84475
2298387972,29137,30634,39602,85196,89712
1299251334,132,1040,1958,5422,5515,7860,23668,27494,27886,30646,38380,38395,39042,39062,40138,41465,41780,42253,42415,47472,48947,51361,51473,51630,51774,57894,57917,57961,63063,65795,68316,68518,69669,71625,72634,76564,81015,86080,87532,96424,96988
3485273485,12182
3938707271,25064,26795,29832,31367,43724,62181,72570,74436
1070824582,6648,51348
2887467602,8062,76763
2129233683,25267,34096,36645,40893,48269,58952,66946,80274,80685
1280730035,8056,95834
788267240,85197,94351
968903448,64807
1247058520,8055
1319219285,65157
2741755140,9863,89674
3212649878,8079,39347,39467,66767,83040
410130346,5676,10696,11757,12163,14288,37650,43497,46584,63571,75240,80809,88423,92285,95610,96322
2670517142,96338
971857858,8047,14691,26999,72351
3839353514,26017,31447,33265,43197,52377,56466,63742,72123,83950,88446,89495,94681
3925969881,9397
876743630,42131
2544028174,8037,10062,10951,12200,14049,14134,14732,16319,29903,30282,30457,30526,30623,32836,35405,37405,37604,39552,40164,44406,47440,47926,56534,59410,59572,60761,63462,65479,66460,66529,74103,75841,76115,76851,76932,80668,86125,88237,90033,90492,92780,93131,93704,96220
3755126280,33883,38155,46739,55329,72116,94565
2919385661,8023,9526,20382,20667,36801,40682,57664,60069,65097,66829,68424,68630,69356,75981,77701,93411
3873638837,8018,16965,20608,29693,44112,55123,67257,67782,72449,74495,74678,78753,82964,96305
1618074194,3947,59539,78634,95031
2026691607,6880,21497,32904,46009,93982,94991
3091684011,9208
3240825544,53825
1250586914,852,4024,7602,12079,15491,20461,36386,38737,44626,65511,76476,80324,92059
1060898322,1004
1243514739,8015,13597,29309,44949,79193,88516
3766634648,55831
3542485276,16042,64313,94493
1396908280,8010,42799
3234169290,18568
3202169093,68557
2301611187,1773,23433,30132,34137,50466,58606,80203,85243
879563955,9842,17101,18911,21684,38030,50074,51947,62460,66597,67336,71208
1934296678,8007,22449,31831
1826959673,34588,34733,44422,61466,62798,66244
1493462882,3212,4108,5391,9049,18488,19264,24345,40338,42773,47029,47355,64984,82921,82982,84629,84907
2026373968,6191,10327,12350,16347,94077
756837098,21614,21854,23241,82188
2527375397,7988,16371,19961,21199,26151,29028,38527,40011,58907,63916,67414,68914,80396
350496126,223,76702
2055009574,7977,65418
4294113781,7958,8354,8528,11888,18462,96120
954451753,35452,45252,51017,61572,76065
580300923,7954,11767,19324,31435,84654,90129,90715
4143818095,7949,8323,23100,26426
2655430151,1459,1510,1913,5919,7286,11908,12172,14087,16448,17548,22640,27010,27737,28458,43273,46067,50000,55234,57283,57359,59768,60384,62931,73622,73995,76135,76209,78116,83784,84852,85005,85578,91978,93560,93952,95079,96139
930952500,25706,46455
3673593399,11713
16426485,7947,8198,17966,23098,26424,28970,32216,40365,51000,51115,56581,61229,66361,67838,69549,74730,85884,92265
1077167058,26433
1055214134,7946,8059,8197,8459,9950,26423,28969,32215,34199,40144,40358,42671,46802,57392,61739,66360,76199,85883
2111746317,81506
2208750841,293,8229,10604,13329,17329,19279,22526,23613,25298,28376,30512,32921,33280,36397,38008,44737,47687,48418,48537,50941,56692,58860,65119,71573,75735,76651,79704,88067,90118,92802,92907,93020,93113,94256,94957,96112
2689453041,6593,61894
442500412,52733
1790868439,21325,61218
4177997530,7940,8750,45053,87187
1768239277,9530,71496
2345326124,7937,15464,15907,65315,84775,85159,85648,85933,88271
3089252940,46605,87825
2239074637,7936,15906,65314,84774,85158,85932,88270
3056622601,5916,7999,14624,16694,18981,31646,76428,82425,92259
849692529,7729,33314,94406
2200295125,10178,10740,34202
826210098,11930,35784,70880
1132530324,9951,11365,21522,37271,44786,52142
1567272522,6526,24927,26924
154470762,7934,65312,78267,84297
1073067491,61967,70426
2879198118,11841
1670499118,7921,29029,41285,58908
1222520815,10451,59157,77891,93693,94897,95245,95866
596565657,5605,5951,16063,19734,20866,37788,90047
1739634873,31355,33465,34004,55857,56728,84988,90354,93259
298891382,8460,17687,42941,61740,76200,84113
2797411571,36649,58847,85097,89435
2656568427,7907,12636,26055,41228,44297,54212,57570
267233400,24296,64696
2786239267,26390,33275
2067628037,7886
1171031224,32494
92588829,2782,12495,19463,32794,84827
3429703900,29597,44784,52390
4260688909,7884,13665,24597,44761,46543,49973,57781,74547,77922,81535,83874,91238,91436
1477161454,27290,63008,66898,80202
3439287581,21999
1670872979,55572,73078
549791798,18223,26511,39527,56541,78157,90948
3513485623,11786
3218434482,7883,74546,83873,91237
965707058,9865,10511,20409,22287,28101,33966,40061,49585,77417
1353453426,26337,52547
2101649152,84236
2600533235,49730,60485
2589706378,7882,75601,83872
484437234,28917,33683
3432274076,30141,79774
1408698993,9247,21629,58709
444234342,25456,26636,33087,34314,71989,74584,89999,91667
1213111575,87189
616991515,10965,19181,22207,23575,39482,43719,48029,61264,62114,84686
2281650482,32355,48773
4216700430,7881,58240,67259
3959466928,72844
535737001,28362,30163,30692,76610
1579564314,23373
3372172224,12487,70928,71536,74735
465292425,1719,1954,2596,2693,3459,3836,7668,13862,18134,19077,19396,21351,21606,21909,29745,33390,39326,40535,40961,42263,44108,45023,51071,57111,65249,67574,70058,73178,75770,76333,78439,80859,81193,83533,84416,84765,87632,87731,89953,90206,92279,92410,92960,93485,94527,94940
3816551846,7878,8174,9277,25505,26458,27558,27671,30423,36558,36768,38415,41654,41667,42277,49224,52226,60030,61761,64067,64495,65277,68373,68549,69383,70869,71331,72573,72749,77444,88083,88227,90872,93286,94172
2512605581,7877,30422,36767,58182,61285,74571,88082,93978,94630
1065147221,33277
3589039419,15679,26966,44529,61273,69365
298607154,9306,15329,25746,30705,32873,36419,39705,56930,59387,90521,91275
2738966679,56442
920929081,3775,50888,80735
3318885029,7869,22229,25894,26547,30580,33847,51421,51500,54836,63205
3305724149,4363,14374
647769331,1663,1893,4541,7265,17150,17371,18298,18346,18784,20958,21140,30881,37335,39265,46911,48988,50136,51165,56182,59546,65125,70804,78446,84303,85060,85204,91769,92946
3426171084,57626
3021668391,42939,51113
1603478709,23111,45472,73459
884971446,7846,11850
2769870890,9433,20871,21672,26888,32857,44685,47207,49063,50758,52732,58981,72348,73060,81680,87333,91063
1239772652,9737,44757
3095760170,72957
726710130,9811,11974,12298,14295,16256,42368,52820,55318,68403
3627484862,13020,39289,45134,48296,65127,67972
143499270,9687,50101,61737
434247710,3241,23486,28297,59474
2947870361,11737
3707599798,28255,46554
2641957568,7185,70147,75301,85052
3161765776,6471,9814,16081,55108,55649,59858,81663
230207795,7834,11186,16155,35338,46289,77136,79299,82786,83109
824272439,1339,21986
1582409599,7580,48068,50116,50537,51400,69891,70131,70823,73761,74380,75042,78505,93346,94871
3117318185,1464,4349,15461,27532,27553,43539,46074,47729,71950,81516,81521
2094913447,7831,12718,44991,76006,93206
3900770444,67176
3710593229,82,25129,30834,57986
1751497886,7829,56232
719605268,10088,20213,39273,50068,64953
2540690762,7820
2927452582,28337
985479959,12342,35903
247673481,35457
1523108096,4712,8574,29417,55690,67246,77186
2385845333,54541
1742380276,7813
1647630009,7229
503922595,42626
494715909,7270,12755,19895,21481
855204000,7800,57887,59374,65243
870787364,8206,10713,12746,14831,15738,29475,35289,51834,57944,66669,67662
3013604955,36139
2113252305,20592
1643521855,24068,50045,55574
3515548452,7796,89071
3037214771,7795,86559,89070
4028468202,7475,94489
932475723,4395,13780,20564,25507,43178,45669,58451,59010,68321,68551,86428,96365
1068387143,84530,93352
3523537699,7792,39851
1455189158,12809,30071,33034,52179
3978528677,7806,22536,27826,37596,48895,55707,57744,75617,88288,91132,94554,95308
2373272256,7784,19518,61164
3245603560,3931,4552,4672,5030,5161,6708,6845,9542,10206,10418,11918,15688,25213,27366,30764,30918,31846,32018,34843,39702,40441,42032,42988,47854,50671,58704,67410,70621,77549,78646,79567,81468,88394,89645,91130
2601135540,22236,39537
2149905269,7780,16750,19559,22171,43073,54315,59281,60173,70031,86011
2122653034,8780,40949
3360033709,49655,71144
1678424796,3397,5914,6530,81600
1681613704,16670
398781480,7775,28004
1078507528,28,1050,19403,20821,31564,40236,42614,42995,50448,64944,71847
1374524971,6300,7176,28817
3176664088,45863,78830
3129936299,7773,28002
3647271225,8870,16911,24977,49023,63698,70296
2738926569,60060
155268164,7771,82834,93729
4020525248,28161
237914586,7770
832301751,29494,63760
1916691280,56022
1875595514,20787,41318,41762,50346,59429,61615,80188,82527,83826,86568
3431371146,14853,17698
131363396,6540,15967
1729158385,7756,9123,19714,31071,36356,37194,39743,46190,50818,52158,61619,76303,77282,78561
1588194839,7753,34700,37013,37191,42960,45417,51471,69723,79936
3859770823,4956,12505,43106,69504,76091
126875444,60984,86801
349301777,4908,5213,19436,25703,32251,44449,70071,91879
1906003221,7733,8637,75063
3981271901,49378
1430917011,7732,8636,75062
3636742644,44419
619109864,6401,48389,94190
3363422368,7730,41706,57410,57982,59665,71433
835828204,7728,22146,22694,26122,27078,30291,46749,47059,50628,52843,60763,60835,63322,68326,70973,74105,95214
1179657612,7725,50015,55516,90336,94780
1325738322,7713,18552,59368,93169
1537100044,17422
1937856584,7703,15713,18955,19749,32843,43605,95291
3588700227,27927,67468
3123203126,12614,84378
3227045882,54668
2434602244,7697,9909,21833,34312,57776,64126,74582,77196,80357,83863,86530,89102,89997,94965,95772
2798753579,24592,29726
165660135,14787,19016,29054,36261,41384,45623,64774,73730,74447,77190,77534,77661
2274145531,4374,7513,9728,14844,18210,21943,23861,25319,25345,26518,26617,36905,38308,43366,47052,48239,49333,52098,53183,55555,55700,58308,59053,60382,70907,72411,73218,73261,75448,80603,82228,82961,95508
3060716305,1234,34977,45584,57272,66561,82914,96925
3588197692,7695,34853,49355,51036,54543,64124,78328,87691
2978253064,63796
3718774079,1309,15605,25207,29489,37697,50386,60420,67382,67853
2932633187,3008,5456,80781
1760606676,11529
1198212263,38627,45082,48765
1457079585,7693
2366109141,3663,16544,80694
230413770,61224,94165
3719824915,47663
2219109380,6609,53368,55037,71652,76052
2523173875,74333
116731317,7692,19788,21676,68343,80519,83453
3439751623,7686,12500,53481,81059,82590,88606,95110
3628615978,7678,8593,11996,16365,47864,78386
163215596,71903
783432485,15520,36211
3714656145,23283,23496,34364,37781,45149,72249,96909
1346066746,12920,31699,68946,80571,87839,92406,92829
1277068711,284,2695,5684,16009,38719,49177,58072,70436,79055,93487
3475872211,178,8936,9867,11052,12529,12946,21979,22587,22737,22825,23605,30960,33752,34025,36659,38870,38965,44884,47375,47983,48714,55354,55955,57206,62945,63345,65238,70111,74014,75825,80770,81920,93280,96043
489126665,95279
1973666207,59120,68433
2782131536,4716,6960,11099,33531,42539,63498,74471,78097,81423,82637,91169,96290,96562
3515382333,7671,64132,65555,80075
2057951348,24723,28772,73196
775444558,3104
2856255287,7670,22255,29069,39328,51073
1593278829,54754,62257
1730941930,4275,88931,90952
3362016938,7665,31492,93218
341153653,28863,45371,49835,56767,64279,65196,88297
1255117630,6344,13412,22035,26100,26745,27463,32981,34483,35667,35713,35911,37302,44968,52024,57766,59367,64193,68093,71992,72262,75230
1872331543,7647,16836,40344
460215956,14908,30680,79005,79815,88265,95434
123454503,14569,14990,44536,80221,89051,91291
1719688171,44534,47283
3868832144,7915,31758,35065,38387,39790,51802,52045,57677,57804,61374,66016,70095
1516163833,499,50509,82813,87172
3236425397,7644,10135,34144,34790,36286,36452,43565,46428,49348,50554,61809,81671,86034,86201
2604701450,7639
1884907912,2948,13881,34248,39031,39075
3073881973,368,1964,55476,61985,62905,86260,93048
2102808053,22109,90562
1499481962,23415,42431,73581
2896403685,1646,15402,44143,55561,90234,90765
1380697719,96405
3404239864,30118
527340003,4147,6597,8179,8256,16618,17869,36456,81528,82294
2600773128,23999,58680
1379416803,7636,70851
3046623006,5938,92461
4039170621,3863,71411
1888380760,36275
2903947702,7626,13076,15337,41342,48078,57168,57488,63563,69215,75568,83584,87177,91456,92236,95724
2817690013,8522,21832,28539,39918,50233,50813,53707,57775,62674,69002,73048,74581,89362,89886,91138,92521,95168,96185
438921038,7622,15548,17473,18655,19729,38239,48501,52010,63005,67039,84812
3019132923,20952,35545,56193,83762,88050
643165010,14581
1265867154,7620,23735,29951,41296,44807,48923,48995,49503,50738,53733,54036,55091,56578,57692
3570953788,16804
869985809,7617,10336,35223,56734
2976394600,7804,24779,28515,28700,31055,35163,52928,57448,57877
2661778442,7592,23714,25605,26949,29667,33445,35020,36554,36577,38879,38940,45265,49548,52448,52726,59709,62289,62765,63378,63486,63542,68503,68580,74474,74894,77912,80060,81893,84336,85515,89354,92551,95730
3148782698,11374,23796,27524,52606,79156
2869830399,24697,73832,87639
2160015482,7587,13713,15047,15364,17381,20217,24576,33780,38650,38675,40636,44820,45034,45970,54264,56794,60073,67365,67470,68134,86153,87971,91147,96684
3777694690,13952,25457,84005,92821
1365722977,23104,46646,75293,91525,96398
345901692,10863,15032,18271,25972,29504,30303,31487,31604,33105,35552,49083,61122,61329,66030,68350,70453,73494,78721,87059,95055,95849,96107
2633573905,23597
2834414883,7042
2155352334,7581,10606,16476,62247,68379,90501
1455337450,17703,79034
3787077298,2766,23010
758409231,7572,11591,11810,13855,18505,24541,76119
1148496624,9631,21837,84255,87158,87561
3497230234,7556,12624,15151,15326,21753,27294,33422,39520,41290,44951,62853,68579,75713,78449,80227,82093,89353
1467196888,11784,56800
2089354767,23299
3963257902,7542,28761,96501
279451543,23932,49785
90277291,10210,29521,30738,32756,35896,79101,91829
109443976,7531,14916,55236,76223,78757
622630445,16749,18124,18489,19265,21721,21841,26863,34001,51952,54314,60172,67296,81668,86010
4250826697,7517,14651,77781
797273909,1123,5270,16969,17646,49988,81229,81340,91085,91985
3633036065,7515,22581,44855,47054,59726,60017,66713,90739
3702008684,42481,46344,82685
1897575379,12382,22329,30980,35956,45194,60589,83459,86368
1640000361,67420
3647032192,32849,37915,38011,44740,44981,49028,62535,70860,75320,96566
2503063780,17421,19288,19565,22786,23807,46234,57129,66222,73945,74143,79020,83392
1499944102,95466
167263445,69514
3169697478,7506,8956,52744,66038,96208
2920348139,7495,48097
766371781,74908,81175
1962160847,10073
168284821,30283,62606,82680
1140541117,51293,74826
2639739349,5978,17245,87434
1551961683,7494,12484,44733,53984
1027416713,93848,94386
1648868018,7491,92894
4041073481,7489,30493,51200,54907,82431,85831,86068,87109
2046658403,18610,74639,94354
3941203456,3357,53773,80457
1475310472,95759
1789417910,6035,35995
73528236,9554,18941,25855,25910,26858,29295,39057,39069,47379,64184,64830,81544
3762999299,37996,58278,70419,89601
2531977943,28160,35533,69924
2978735370,7487,17349,31732,43169,79872,80838,86821,88512
3789597960,16465,32682,53774,67058,75194,80458,90518
1631113048,67605
1008273025,6111,19629,30858,37529,74626
596025797,5740,17710,32363
355880451,7485,9195,17539,18790,30360,31480,31730,40693,50725,57630,79870,82757,85082,88510
2380128354,4453,7159,19327,65435,79148
3786181401,38580,87581
2946881389,7484,9194,17538,30359
3269825705,2615,39997,56995,77221,80956,95170
4234727545,10720,15895,71381,78640,80713
933098685,80707
1667781941,7758,16956
1553557330,7481,67719
2379696497,7867,10980,16522,19658,26545,32619,33839,33954,37683,43905,46828,48804,50168,53449,54070,54129,56335,62547,65912,67194,70500,72146,72931,80055,83496,83947,84269,84388,87821,90818,92700,94744
3899669196,7473,8556
3734662424,60118
3358551299,10758,43283,79730,80417,88428,91810,92662
1066723508,17352,20106,29108,46570,55598,61658,84316,84458,85133,94502
4167290560,33149
2258001366,3749,5386,10360,17567,25989,45903,46360,75677,89734
2233417859,55280
2721732255,4162,4904,27622,38957,40133,51888,88907
4026355665,10897
79398192,65853,72665
1054972587,4774,60224,62544,64536
542201324,8352,8526,11968,21946,23144,25186,36886,38162,42206,44083,45459,52342,53724,61145,62019,63492,65492,69387,69745,70549,72759,73502,85285,85684,95846
3338050149,7469,8732,13749,28165
2923933707,7467,8730,41941,42339
1304369976,7458,8829,15860,16148,62958,66987,75541,76752
3703684866,60509
2040360740,793,17261,76554,88965,94087
695927414,36538,52573
3003156591,15924,34465,47262,48561,55805,58962,65086,66249,71798,74415,81574,91803
3764289918,49146
88070485,14439,31231,45766,80501,83768,91775
591111199,7455
4245083533,7446,15692,52181,53259,57245,78425,78569,79969,85379,87399,87549,91420
3257408077,7444,57243
1194395649,3716,7425,27242,31918,38645,51511,57975,66124,70577,71456,75017,92760,96750
348177764,7433,33828,41391,64644,77269
1796525792,1153,9878,13276,18621,19240,30788,47223,50376,76601,76727,78760,92677
1094996199,7432,7724,37937,41390,50014,59229,65919,69792,83075,90335
1780188266,7424,17736,22673,38644,41236,96749
2495418245,7405,44354,46721,52784,91356,91980,92153
3348118797,7404,9777,13396,39685,46720,52783,80455,88480,91355,91979,92152,94507
2388416471,23069
329378724,3993,22684,25704,37183,40293,46453,60010,71134
232248603,4713,29418,67247,76981
1724237696,7403,18887,20055,30777,45418,46133,58822,61185,61875,62112,78533,78755,79937,79982,80426,83336,85143,88086,91036,91951
4168752938,80703
652879000,7402,7683,12021,13819,17652,20033,20138,20294,21316,28331,37223,38393,46132,50633,51628,52446,53356,61874,62111,63651,63836,64754,68058,68533,70255,75747,77838,78379,78985,79330,79981,80143,80425,81199,81394,83196,83335,85745,85922,86186,86633,86715,88085,89382,90698,91035,91607,91950,95024,96422
4180876387,333,69400
3299786250,10333,16887,31245
1252258568,65804
1372151222,44669
3484957074,720,3727,10672,11902,79786
3104976443,5289,9589,10741,19851,19867,21891,37372,37808,44688,50356,74261,83927,88183,92176,95050
4113880070,5603,17268,17364,40872
2597277482,7397,45708
1861421288,32040
3587656306,27685
318701404,14428,27305,74318,79282,87881,91252
3548493215,7396,28978,38481,38867,67581,72708,94143
1519182678,81477
3145242871,55481,56608,59292,65924
3082519108,12244,52393,53924,62975,66844,68751
3473237489,7395,13034,28977,37624,40519,46488,54199,55612,64179,94142
3452512883,2456,5133,45322,85851
2819695428,10843
806279427,1930,6766,80551,81703,93134
3629954997,7384,22583,31078,55607,65128
1704465329,5064,47850
1014478219,7356,26073,58599,66621,93316
3057511979,2579
2193266477,6406,7938,9452,13195,57483,88272
2230283117,1408,13754,16026,62250,93509
3633946394,7354,45633
544070698,88932
277256823,40825,64471
1058847887,1443,3736,6054,6817,7527,9804,15513,15539,16557,18774,18924,19210,20770,22296,31676,39984,40532,41029,42093,42742,42913,55567,58374,59092,64916,65834,66646,66777,69742,77756,80343,83994,84413,91618,95124,95843,96724
1798833656,7353,14231,61312,75698,83415,87772,87829,91337,94185
4276060227,768,15301,27427,74848,77776,78048,90395
3541376971,7352
2692726721,32709
1556881405,7351,54942,74514,75643
4113491769,1475,30727,90085
234930980,25517,88910
3768631976,7350
4127399930,7667,15536,21605,28373,31494,62976,81464,92409
670212186,14816,20403,31958,50868,57372,78034,83934
3238723278,7349
2545955927,31569,69588,96801
3539582798,6976
1777642146,4189,4454,7160,7974,13023,16315,19328,31577,65436,79149,89018,93736
1119425878,28954,36024
3977098918,7540,28759
4242424549,22343,44890,48511,74651,83194,90263,90422
2375010311,25590,38587,75775
3959486115,7348
2623615541,62772
1979276106,5326,19065,19661,27256,30869,39018,58370,60081,63875,64104,67091,68287,77324
2012733923,33665,57598
953841621,24768
4134134426,2718,4969,7766,7925,10436,16282,18355,20125,86021,91815
3915273542,3902,53209
88357158,53490,60261,60454
1495308511,11483,13361,16096,46226,47450,48017,70625,77581,92710
1623612237,29097,60664
476520546,7311,34445,35242,42421,49800,61476,62650,67540,68126,81804,96935
1650991487,41881
3667178570,4022,10158,36898,40978,44746,59189,90195
326820953,37998
3557236191,23074,27746,30665,33921,38596,43616,45470,52222,60480,61335,63764,69270,69333,70244,71518,73089,73457,90867
607316272,7306,18436,19715,36147,36390,38432,46191,67860,73543,83809,86687
2285747447,7291,76480
638498215,1018,5884,18189,47584,84172
3062325465,30448,48159,81097
3119611286,3040,3667,21131,64568
1929136653,7987,11629,16370,19960,27931,28342,29967,40010,60864,63915,77616,80395
4015598359,28557,33470
1591771109,8077,39465,53793,83003,96452
2611888013,11123,18631,44617,49128,59451,61722,63729,66886,70220,70977,72499,74119,82450,95106
2035916760,21084
1099408621,8781,30447,31393,40950,42836,47234,65038,76593,95504
3875527899,26002,55618,74255
3206644926,14496
1452984384,10234,59371,89326
1476026816,4035,28327,39155,53340,75440,76513
94278123,7280,7312,14752,15595,24268,29396,30898,33951,34446,34621,35243,38487,40421,42422,42602,44462,45486,46355,48189,49801,51720,59310,61477,62651,64602,66422,69559,71547,86998,89640,90427,96936
1110897257,9104,27569,35518,43224,46328,69453
52722878,7852,18581,22178,24293,40567,88373,92796,93652
3461255758,3201,85303
3202871899,7273,19427,21484,21514,64368
910097939,7431,7723,19236,21060,32370,52327,59228,66008,68565,83074,90536,92954
2157848296,30355,86595
4005659841,13028,37953,56028,64518
3040168187,449,8916,42719,44550,64845,71258
2631866936,2806,48607,90595
4271496783,2043,25853,52967,63886,73771,86455
729571524,7246,9105,14740,46329,62021,69454,72944,85686
2292519564,78712
486466088,22978,24118,49009,68710,78816
2842575224,7245,14739,26133,34458,35259,52012,62020,69746,72943,85685
1802368381,29225,54033,54714,55487,88255,94623
3296448930,7244,14738,26132,35031,35258,46380,46894,52011,63006,67040,72942
1324892300,2879,25426,26670,32684,67060,78149,79070
3387755738,23106,47425
1075997892,38490
3550590500,26409,54460,76645
3520295874,7243,14737,38043,46379,70799
1417451916,92322
2693298003,812,44379
3710508221,36530
1412345906,46541
1592699227,6468,55350,85564,93216
2562024391,27034
2901951697,20537,41661
3521273502,15624,56492,62408,74274
2641742712,7623,48502,55806,57165,78140,91804
2521772810,9845
50255963,54709
2783175836,24522
2339747336,291,486,1650,3680,4263,6513,6635,9824,14183,18051,19334,21057,22184,22473,23161,23215,24397,26904,27404,31295,32221,32719,36165,36213,37025,37435,38397,39840,40007,40140,41057,41786,42965,43218,44308,44819,45480,47560,51372,51776,53033,53467,55370,59357,59892,60254,60647,60858,65117,65845,66424,66604,68040,68133,69953,70218,70923,71430,79017,81268,87205,87868,90914,91146,93111,95372,96497
2443312183,84660
891574120,488,13208,15583,18079,20043,20484,22627,27861,29862,32589,37773,45188,49383,55505,64303,67216,75022,91073,95374
30533694,12860,16536,39842,43220,64312,80529,82179,93636,94492
3948852965,822,14243,36433,60809,72849
3452601598,13669,22809,29633,52250,58042
4196903012,7230,53063,54605,54687,55137,56877,57045,63001,83805,85902,88181,93024
1793101810,4116,13106,22064,26354,26381,28891,34783,44645,50225,52509,64582,73226,83373
1090204766,16477,62248
2539953782,212,3750,5387,7119,10361,17568,28461,32240,45904,68663,89311,89735,92306
1194363191,35319
895339151,48049
240944369,31120
1644218191,16246
111832119,7225,48157
1834560015,7224,29082,48156,80263,85574
2301316923,14692,27000,28505,29087,62620,79236,95562
3401593051,28666,78926
3858311553,24122,41041
4063400218,6418,11826,12113,34447,39048,49802,49827,59311,61944,64603,73970,88343
1164194223,7223
523279545,7222
119602286,55991,64856,85296,89424,93353
217841226,12632,14830
379891850,7218,7643,8211,15134,16769,28247,34143,43564,46427,50553,51747,52768,66108,81670,83963,86033,96705
22987346,7215,28744,31309,32464,44512,45091,45618,45914,60900,60912,62872,72300,85985,89839
1103856817,7184,22983,24773,26290,26476,27196,33849,49014,72401,80254,89427,91384
3275106132,7177,28818
1159384232,5843,12702,14638,21779,33444,35461,50409,52965,55735,59343,67531,72039,80184,90007,94227
846558469,4347,16293,38285,75365,87747,96953
3618140830,7158,24499,36097,45579,79147,89907
2317033164,95518
4083328158,7156,36095,59301,74351,79145
3164406945,7155,14593,22014,22552,23750,29372,33799,42118,43526,43591,43693,45389,46031,47747,47955,48452,51041,51185,51212,53535,55167,55577,58082,59986,63264,64530,69769,70307,74350,76093,77518,79144,79238,81914,82681,85424,85701,93581,94397,95010,95274
2932844813,44494,87250,95323
249635901,4223,4278,7718,9020,9340,13959,18698,19005,31926,38004,51021,54885,58103,59044,61360,61404,72000,74289,75100,77124,78428,79736,79880,82194,83306,87315,87402,91531,91711
3103894100,61490
1220355303,45230
687473346,7151,8371,8482,13739,14565,15070,17122,22163,29778,32691,34645,56895,57578,58227,65262,72625,76951,78238,82307,83199,89507,90644,93210,94784
4149853548,37122
3779545802,56120
4200147337,7150,8370,8481,10942,14564,15069,17121,19538,29777,32690,34644,38106,41488,51805,52649,53215,56894,58226,76950,78237,78932,83198
3055526514,27045,36028,72889
4128727360,55313
3044498640,7147,7920,17546,23129,24116,29122,34892,36625,37458,40121,41284,45729,52983,53320,57281,59097,59153,59490,69727,87309
1612672068,92936
2263209300,87965
358222525,72602,89811
2587937859,48350,54800,95230
3022272272,5992,8530,34317,74456,89196
10351664,7140,14268,42875,53912,74674,81220,86360
1036055891,24234,24794,30632,33987,43368,47368,48241,50613,53185,56270,61714
4267017325,8078,39466
1453537576,1132,3875,15272,17300
759321340,7932,53867,65310
4051541407,7139,60959
1354750658,6164,12765,14041,17887,30816,32307,40705,43248,61701,70314,82599,91281
1881145273,7133,28940,33396,47777,52945,53285
1386635660,85245
2460937618,5473,46237,91187
392131591,7110,7634,20275,22415,30891,35511,38513,39221,70849,88474
227111731,54580
3318809471,29812,63863
2920736028,31578,79706,92909,94959
972599345,5066,45921,47852,57666,74739
4205329113,7109,7633,20274,20559,35510,70848,88473
3619525827,12367,14075,92888
2999471401,7103
2016312749,7100,85523
3505963410,4696,7005,59104,61428
1892761717,1069
2434824643,24043,26971
2381840206,78090
879993123,24187,42790,91393
3624074174,7092,41869,53397,54066,75850,79025,87273
1899837831,7088,51416,64656
3880590158,15372,16604,48410,90337
3978934158,9463
2901742934,2110,11873,54819
3590882235,8068,23677,24607,25629,53094,55480,56607,59291,61052,67311,78625
1778879402,10217,15233,81797,88555,94665
4111461756,7074,10148,19986,47477,83346
2083103475,5116,64744,91782
512685376,7072,8336,9872,36045,41398,51317,76890
505165486,7070,11184,15751,17610,18333,20157,46287,52979,68963,77051,81262,82739,82784,84165,87485,88230,89104,89583,90987,95498
2259419311,7066,10555,11929,17606,32176,35783,42975,43276,57362,66504,70879,78402
2465146725,7061,12875,19849,31038,55410,77023,81830,83925,86092,88628,92174,92216,94795
1866979429,84724,95403
1920547940,320,6454
596585346,7059,7687,9564,46275,54759,61437,80019,81060,81582,82591,82652
126605160,24753,43467,68355,73311
1701676011,1419,46218,69979,94296
1529680715,158,24943
3084016195,9876,11168
586714186,34856,63107,88355,88376,89259,95740
932311104,6088,26020
378675528,7065,9887,11255,11325,12539,14167,16533,20040,22642,37692,43275,52079,57361,57406,63726,66503,69778,78401,92336
476977294,29796,65466
3174304839,21499,27416,57798
697248973,2350,3368,4964,33063,41277,44921,58191,79417,80070,82010,90251
2601667234,62179,92487
1373140427,7041,26560,51821,68154,85873,88767
690041305,647,13432,17764,18382,42228,51171,54766,55421,57645,68799,74049,83562,88175,94913
2465182947,11931,18477,40209,43374,45814,46872,82571,93980
4050580536,48259
220907764,2342,5564,9213,9287,16137,16716,19394,24831,25918,28250,28997,31130,31993,33295,38211,39885,47970,57109,73182,75998,78585,85389,93749,96300
1040616210,30158,32410,51335,57461,65566,75667
3332129495,7032,84009
4294328920,31782,48748,63830,78224,80632
2822447641,1699,3142,19022,53049,67031,84740,93007
3622837832,4864,41740,52583
1036170538,10300,15183,28170,56218,63824,64015
2320008165,24471,53644,58196,59936,69082,73816
1003732435,4109,42774,49404,58253,67328,68740,78028
3992826115,3909,4877,4929,8847,10548,12889,13374,13643,15200,16416,16432,17617,19692,19814,20242,21658,22608,22711,25680,26801,27819,29143,30299,30804,31383,32446,33770,40996,41628,44022,51563,52828,53740,54929,64347,72595,74920,76072,76147,77886,78895,79182,80846,81134,82097,85182,85265,85289,88417,88437,89536,95183
2612453884,95529
3480582653,7025,16311,19991,20719,21901,55983,65192,77207,85394
1230598760,53704
3662964054,5525,17726,78551,79766,96081
4261578663,20176,31506,44133,45226
1529259608,72082
874453354,65812
2016853928,8192,42629,59271,82910
3864626914,2885,28370,62176
1499096529,7016,15542,15594,30897,40420,51719,64593,90426
3260778937,57,23721,30571,31085,34342,37103,37709,48108,75938,96509
1455959877,25475,26749,73919
2480062251,18089
3333360068,11858,12536,51781,84736,86257
3045307587,6982,38294,74033
1368457105,18970,34640,39395,42363,50034,66039,75282,82212
2618785591,36002
4135106109,551,10523,12485,21917,44734,51294,53985,74827,78479
3622643450,3081,53653,84608
1044138519,78348
1405513803,6978,83832
612490457,14854,17699,42900,56905,56992,64441,76285,79065,83229,86413,88106,89995,92447
4000618375,11739,16901,20161,50428
965202483,2702,5787,12335,15644,22091,25859,25914,27617,28580,34862,37110,38297,39653,47383,59122,65219,73932,82271
1000316879,6977,27172,27483,76247
888925957,3322,18512
2981836908,70760,95252
2170542709,49616
110045235,1726,23374
3400921140,3538
24047587,6974,15834,93985
769107824,30560,95992
893989576,22994,49963
3209149054,11576,58582,88532
2925276224,1532,80038
2409984695,36101,36689,54469,55680
103401248,6967,44412,50727,55255,92131
3620860551,14038,23855,61853,87331,93791
1086681654,1119,2448,48790,72309
1123110433,54959
228030248,24791,70788,78959,82396,84921
4158053499,6949,11989,12142,15767,22457,26185,32985,39333,42348,46538,56323,66716
675385709,3394,7336,17186,32374,75466,84423,86332,90472
3785728274,7613,74502,75679,76962,84974
1100541419,77529,78143,80834,91807,92082
639589911,621,13887,47632,50760
3119351636,6947,46652,49193,91043
3745528657,19114,21955,42365,46460,53273,63332,65177,66494
2237280519,7788,83190
2229017917,42753,78890
920588391,1002,66434
2348273925,6941,19343,19754,21578,47288,47309,71891,77122,87427,90271,95115
2107030218,29952,41297,70479,74181
2375494109,45897
472796147,42970,67332
3583087278,6938,66436
2628089060,42881
2282581165,6928,8748,24786,55888,62157,78344,83554,85493,94572,96741
2274052037,6924,13774,24203,28861,31601,31915,41927,43582,45369,45742,46920,50222,54641,55761,56359,63186,69590,69607,72419,74126,74324,79614,88253,92784,96062,96803
1640806967,68226
274591342,6923,7316,16744,31600,41282,46919,55760,74323
2717645036,16132
1365965194,56680
1707692690,27130,36055,49130,52115,54082,74670,81482
3113206799,6918,22365,36831,38221,43338,59070,66134,70210,73229
3036927818,24625,75416,77651
2692056122,13943,22513,31551
2892640040,735,4761,20128
2751940891,3024
1633945750,6913,68531,79328,87909,94695
3064570220,33322,37118,46521,62500,64069,73301,77627
76229103,8036,90032
257075483,11458,23898,30936,33004,41734,83973,93504
3934640108,6901,43436
4140267586,61910,89236,93958
2376364273,8355,11889,24516,36148,86688
1203318215,25271,29130,32622,53254,54956,69598
263776768,21992,65999
3950407931,46056,71768
783153645,161,1625,7182,15190,19913,27508,31014,35318,35832,46924,53610,54411,59972,61752,62374,72727
3977072733,4477,12170,38790,43349,50285,72288
2853887622,6898,24483,35061,50197,60522,95185
417664355,89288,93098
122073157,3287,24459,30476,31766,33398,34134,42248,52932,53287,54451,57227,57236,61586,66534,78718,79759,83443,96633
2432307234,21869,27079,74106
3127772065,23347,31533,74684,81053,89757,89940,95699
214987494,6896,10727,12475,12697,16271,18727,31682,40195,40544,41799,48991,55747,57068,78355,78433,79461,83117,85211,88165,89060
226527172,639,6639,8111,11879,15458,19071,20619,20768,24636,28535,33710,43789,50791,61524,62404,64955,71393,72396,75576,77754,91011,94518,95841
2117800627,83640
180821904,6890,9504,22856,26885,31124,31810,36308,38258,40714,42142,43059,50611,54644,54982,56141,61547,62971,63580,94217
4119361724,87,42179,46499,70791,73713
4168570253,88738
1919387150,6867,65647
56292431,6935,42781,62748,75224
1807071598,6855,9012,20625,26717,38341,51831,53227,67968,72334
661268248,2716,2867,3328,4694,4782,4967,5527,6893,7003,7381,7764,7923,10434,10473,11985,12472,13091,16058,16439,17008,17480,17515,18353,19036,19161,20123,20713,21883,24342,25612,34514,38730,39375,40335,41287,42770,43756,45681,47026,50058,64981,69123,76521,76998,77503,78077,82979,86019,86574,89856,91813,92320,92440,95173
3435087031,6854,9011,9070,18111,20624,26649,26716,26844,38340,43004,51830,53226,60313,72333
2056286847,29759
2384025494,27162,39897
113607688,300,2724,6583,14308,19948,39569,46398,50649,54512,60971,90657
3780569001,827,7043,27120,36785,44721,52230,53093,57195,59290
3465175713,5679,14378
1795473771,6853
1036590986,4369,8519,74578,76718
3497704091,31016,37676,55939,61754,72729
3306241026,30322,52419,86402
2367621960,6849,65139
1671204145,87737
3426569414,10490,18754,19726,32351,42192,46119,63167,67834,71035,71897,81181,88621,93549
390303249,6848,25051,28705,34462,39130,44964,50030,55148,65138,65241,73426,89648
3946380590,3503,7078,17449
571372073,41281
2536845232,6840
883994649,42674,43309,46805,71871
2286574112,12411,25971,31486,31603,37667,47667,54551,77115,81458,95848
4051181556,21713,46961,62566,82129
1620370784,9764,26535,41551,50400,58169,75251,77985,93662
3197728564,38958
3025013192,2466,4583,56475,75207,83131
3877120270,8046,26998
4192590709,5048,14834
1514559287,49918,53948,65273
583989642,658,2317,25802,26856,27799,28641,29323,44560,47377,58439,63161,64653,68952,83310,93282,95475
2400124182,6838,44159,73375
1722434069,17034,17787,20101,30143,86845,88690,89919,91448,93405,96538
497404774,27562,54731
2413735662,6824,8978,9371,21218,30795,35702,37588,70284,71403,71915
3466560305,6808,14892,17577,79482,86563,87782,92030
2580951177,6804,22854,23830,29145,34781,34864,37112,37162,39228,46612,52133,53591,55525,56900,57688,59506,61281,62024,62752,68333,72597,73779,73934,75560,93038
2658314024,23444,30203,31799,46970,47039,51344,51954,56647,58900
19426035,12965,50157
2606238286,88597
1137566133,6803,15029,22853,23430,23829,26503,30569,33592,34780,34863,37111,37161,44594,46611,47384,49903,52132,53590,55524,56853,56899,57687,59505,59558,59968,60780,61280,62023,62751,66121,68332,70574,73189,73778,73933,75559,93037
3830186421,60715
144580283,59129,69691,74074
3203694584,6802,23276,25162,27675,28566,36369,37160,43602,44593,46610,48224,50195,56852,58712,59557,62022,66120,69455,69922,70573,72891,72945,73451,73810,87614,93688
431850367,23107,47426
333521943,1612,3500,8107,8214,13039,13248,18743,29925,32386,48309,48527,55269,57429,63606,75485,82167,84242,90876
3225192857,11274
2704877711,3286,9535,28000,38361,54848,57226,61585,63511,69219,83442,85628,96632
2951648951,7715,9538,18695,37478,41964,44259
2902220877,6799,36706,52248
3711392895,6363,7583,8184,10608,11155,14574,15058,15244,26049,28617,29065,37206,37508,37845,38947,39754,44058,53444,55867,57203,61160,63655,66770,68537,72877,73696,75347,80900,89078,90991,91398,93528
2507927946,6798,19339,36705,37408,68712,78818,84221,95339
902728119,1881,19874,34429
1807598045,6991,28992,42489,44033,57627,59482
279650464,6789,93536
2395912338,54728
2023453027,23206,36879
3274562396,83121
681311550,59377,94851
1662620836,3507,24412,26558,29956,47817,56255,70021,80985,88675
33114565,6788,93535
1359325879,6772,36073
4216528208,54413,85299
1467072304,21324
1177653186,34381
373282081,72630
1736385949,6770
1751505515,5959,7848,8444,9491,13659,16569,17013,18615,20091,25237,26276,50862,61624,67929,78351,79902,90631,92077
4254527073,96177
4068078823,6768,63750
3056484353,48485,57365
1983879717,1184,9820,11428,23194,27965,39509,40958,45600,50981,68240,68515,69666,81677,92639,94014,94809
1333573938,35926,85869
562629218,13602
2927333085,6762,61488,81219
341240223,36817,76414,87738,93339
1399925625,19248,69072
1030286198,6760,50609,52851,56520,69015,80318,84666
3696428613,4801,56868,62003
3904750037,6500,11306,15209,16514,20060,24136,24867,28182,29624,35581,37179,37931,50300,50479,50532,69097,82252,85334,93052
3639856567,17881,37975,56556,57295,81720,87256
3173941678,6754,76482
3046462590,12519
173228046,16369
4049255844,6742
512705681,22622,26608,28412,34703,35440,41130,54099,63869,69276,70352,72243,77411
2393445220,68416
2939314262,3000,9332,14119,15516,17582,32479,47077,48042,51380,54985,56127,62033,62888,66586,82296,85654,87147,94749
3087829937,18306,84364,86089
3953793920,40059
2347252930,6741,21374,29992,34332,52175,52530
2753924097,9367
4216192717,6739,13637,21372,29990,32611,36866,43750,65715,72312,80191,93472
3731538318,349,1829,2390,5859,10004,10257,24327,26092,27431,30587,30912,60631,66725,67189,78848,92689
3839215397,37471,45206,51322,52207,58324,75471,85320
3212984138,4013
2959825990,35271,44633
4100144150,7866,19657,33953,56334,80054,87820
2660139983,22162,57577,72624,72686,89506,94783
609212479,383,3163,17776,46823,49789,52311,52597,54790,56273,57515,59497,60110,61717,64139,67075,90843,94011
2241106477,573,3614,28185,71750
3206302512,2231,10990,33489,34787,38600,40685,43727,66733,78064,88715
1060442750,6728,7629,29972,96277
2678529532,32500,43327,66226,87960,90612,95603
374793203,6725,93366
3038325990,6723,6879,17293,21496,22158,23343,23462,25933,32903,36677,44671,46008,49685,52620,54546,57176,83901,88112,90053,94990
4108438809,81650
3558995104,10101,22597,43840,44037,48274,61041,79618,87081,90570
1446327361,63714,75368
289036644,8947,11886,19899,45684,80101
2202147621,13666,24598,32853,44762,65410,79216
1158583903,29278,70769
2457575290,6722,21495,23342,23461,25932,46007,49684,52619,54545,88111,90052
4025468459,11144,37890,76459,82216,89989,91862,94539,96524
3749375327,5520,11134,21567,63921
4272099069,6718,32126,33137,36579,45854,52450,71105,74881,78175,78728,95732
2540909848,6713,9648,10049,12798,13417,15712,19745,19748,24199,25530,32839,32842,33052,35383,35557,40152,42505,43604,44443,44609,53055,54931,75974,88123,89911,95290,95854
2806881629,60698
308757966,49538,54794,95225
2024724791,26581
1922877619,2969,3869,6516,8478,9142,18401,23854,25777,29857,30655,48364,50407,50993,52963,71669,76863,83397,88979,90005,93790,93936
2048027280,9624,29600,42316,44182,67294,68273,73447
3067464068,78601
3737751956,6710,8312,10046,15423,28517,30766,31911,35165,40922,41192,44606,54168,70623,71933,77108,80505,93461
545773319,58508
3054286650,52700
513909956,21385,37956,60967,74187
1564655559,4920,22265,24236,24403,27352,27446,35766,40414,41300,44834,45880,52310,54789,56272,58093,60109,61716,64138,87090,88643
3109378091,23643,33927
158278874,63682,69686
1944967449,46113,62216
1302762525,8872,33609,36004,44638,52386
2169245406,6696,9784,13835,14741,22727,28494,36713,46330,53570,54238,62471,69278,81078,85687
2729944619,78054
2989146262,61150
620584845,15817,44706,50640
2795314436,43568,65419,81508
1137956654,6641,12378,22325,40267,42606,44880,47712,60940,64957,69865
4149016618,6693
1669060901,6687,21320,39116,59066
1584082275,18831,78163
2288630540,67015,73017
1030734919,11304
229907799,6675,11882,18277,30461,50766,65229,75725,83631,93921
370247163,8049,14069,50159,73271
1755699104,12066,17722,18455,19359,28158,29689,43125,66210,93092,94730
2803769722,23634,26728,26811,34186,49809,53880,88058,94921
1285682027,7578,14133,16318,17066,20716,30525,39739,40494,44830,56065,61896,66247,76506,76931,88845,90491,93703,96219
3916351108,6664,13018,40277,44433,62715,80894
532218300,59247,66763
2132535776,6662,13016,40275,53219,62713,80892
3144779615,14263,15291,30577,53978
1995284413,113,4319,7658,34183,49491,60575,67318,67586,81665,96843
4236588050,3652,4464,9253,11913,17125,20979,26763,34028,34531,34831,38968,44815,47735,56696,59144,61804,63960,65515,66923,67510,68882,69799,70681,70705,71118,72907,84185,94807
1297623573,6659,53559,89270,90094
1003949417,7239,16993,81865,84205
4265799755,89,8463,10733,21327,25065,26991,29300,34907,35008,35039,36428,39533,41421,41517,42649,45659,47731,49301,64650,66836,73068,74019,85419,96249
360596154,6647,13230,51347,87243
2462048576,5234,6495,7173,16765,38134,88943
1760043422,6645,18634,66353,66889,78201
4281522018,6640,8112,12377,15459,17779,19072,20510,20620,30749,39213,43790,47873,53475,54516,62333,62405,64142,64956,72397,75577
3818781845,24007
3940140368,183,2010,18943,21640,25857,25912,34860,38225,40176,45310,46377,47381,48649,64186,69337,70630,74307
1059230389,4834,8838,10592,22968,36932,51910,70772
3591901283,80198
2059168083,6636,9967,15779,22869,22912,27929,30029,31296,36166,36186,37146,39277,40008,40913,43098,43210,51253,51777,53581,58148,59321,60636,60648,63670,64401,65846,67150,70924,71585,73598,87206,87869,90746,96173
856091305,6633,16456,25779,29859,29885,32109,32918,33389,46124,48366,52244,61779,67573,83532,87730,88430,93852
2798365650,42680
4043068450,945,4727,49362,51495,64169,87472,96373
220004947,24104,90193
518914315,6618
1761883492,6616,50786,79775
974461139,6612,55040,61914,80064
3395687228,6610,23716,53369,55038,76053,80062
1713634749,24373,35074,36726
1494809118,29891
2567854676,27924,60853
3897471820,5287,8325
2788510497,182,663,2009,21639,43306,63091,71578,74306
3820662292,6601,81695
1600946620,6600,9642,16621,18388,18421,19453,19529,20804,26570,28807,32665,34527,36172,40925,45105,50958,52040,54219,56418,56548,58339,59750,62917,72622,72684,76810,78681,81694,91225,91622
3484457687,58799,71615,77016
3317914395,3693,16758,85466
1285988508,6598,16619,17870,30012,34041,82295
3909157760,59675
3179489319,1566,86196
4231186034,19064,68286
332562662,12667,13294,58733,72559
3769358705,33262,47401,48142,52374,57848,60045,70985
3221278001,35148
816044699,6590,38863,40550,40786,50163,50564,67811
2428205527,7008,32916
3079015705,4389,37825
4156326552,19247,69071
2432658846,62627
1719166398,5115,64743,91781
1023676210,71942
2559701186,6579,21812,24648,26329,33183,40818,44654,54195,56944,58290,59335,60002,67263,68756,71810,76125,86027
4105436596,14001,15786,72495,73764,93925
739364183,6555,6676,9441,30462,37255,47978,50767,56164,69087,75726,81561,83632,93079,93922
816110250,61015,62088,80909,86007
394480035,246,2862,12562,24155,32138,32989,38429,42382,47724,51005,56774,58611,63976,64899,89208,90994,92021
2512326419,17767,27762,28211
611239189,11934,64895
3831205122,11485,13363,16098,19957,30333,32151,46228,46231,54399,67202,77583,79477,79512,79755,92712
2400784733,66907
1390646690,30786
4287255268,6551,50246,69127
3023548047,90882
1702440040,1059,24131,26526,32762,43760,51485,60788,68341,81068,85717,91684
1756960080,1994,67874
1693027574,6548,46468,78021
2103149174,3533,42357,77856
3967143051,6547,8688,14036,14302,21204,28015,34031,42136,46162,48683,62983,68670,70171,75883,78787,90108
3096129806,6546,23310,35036,41613,42135,42685,43251,58684
274685232,29626,35583,37181,42757,51102,78894,83160,87037,87211
3209906436,71765
1780529859,6543,88784
4082988312,6541,9942,11331,11723,13120,14884,15055,15783,15968,19779,22956,24758,26096,33122,35004,36989,38944,41350,43114,46272,46715,47185,50653,55115,60668,61171,63747,64055,64711,65363,68873,70266,72874,73693,74878,74932,78172,78852,81881,83856,86859,88322,90106,95653,95891,95912
3440370567,14487,48286,91459
1441902497,7684,8011,11152,12022,13593,16412,20034,28332,31221,37014,37224,39313,52447,62045,63652,64755,68534,80144,84138,86187,89383,91743,95025
4142762512,10654,20542,24432,39012,39039,39059,39071,39584,48892,82332,83087,88360
2247295209,32669,55738,70172,78788
3413100868,14411,20306,22079,33011,46011,68448,75653,76462,76975,81597
1803148727,43311
1228039456,6523,21529,89659
2796349121,29498,59949
3103211774,12634,36088,39090,41696,51744,52277,78667
1525653843,23935
2437023141,56725,57752,68464
3154398856,15889,32059,59162
1489314194,76258
1723261743,48768,65048,69229
477504546,6502,8757,20062,37422,71656
2227248207,6501,8756,20061,37421,37932,51031,71655,93053
706890109,7889,14176,17200,24800,25821,33722,40332,45374,45678,50896,56562,64282,73664,76836,83167,84428,84784,84871,87903,95181
3683144236,2742,43584
1689066605,49689
3128961435,281,3013,4221,9018,9338,11700,13010,15762,17152,17571,17923,19009,31924,32101,33082,36901,42392,42448,44374,48217,50713,50986,52323,53819,59192,60317,64091,68561,73532,73651,75068,76859,81164,85062,87247,91348,91709,92033,92423
1239326228,6499,24135,24866,37178,50478,50531,53545,64149,65861,73129
849767725,6498,24134,24865,50530,64148
2430982242,86819
1594974006,6262,47460,59508,67487,93040
9726692,2457,42819
593871175,14525
397459904,47599
80163558,1363,77723,80762
1850521838,6494,8054,8364,36652,80582,83517,88632,88942
1454953256,47764
1325416727,6490,10169,10214,14285,19535,38449,41035,43430,44283,46096,46315,56060,60954,64223,65018,82087
1606339437,31235,35150
3869630488,54025
2167139371,53323,77274,81752
2863324278,6574,17087,52106,67406
2217687962,31658
4219337064,361,13551,39758,90239,96939
3783909646,2621,17935,18057,49537,56283,57268,59733,63365,72637
2206120262,6037,13897,64635,90676
1570526559,6479
236996607,38501
3237579016,1898,10739
3794007848,6474,37594,39013,39072,39585,40065,41622,48893,58000,62347,87287
1621208137,3665,58003,80638
2217629990,29983
1881279833,28866,53118,83986,84946
2870575243,16497
3670505325,1094,2543,6158,7115,9239,12122,13929,14898,15231,20923,22020,28613,45531,47608,52155,53213,59977,63271,65204,65612,75536,76948,78969,80579,80807,84969,93003,94789,95442
3014284636,6470,12107,37516,44170,55352
3741285938,6469,37515,44169,55351
2129782951,2518,4073,4594,5551,5674,9200,12353,13826,16986,17412,26140,32936,52647,57471,61818,63569,64212,67129,75596,76885,78235,78473,79639,82817,83514,87538,88136,90292
3775339688,6467,8378,38140,41895,55050,55413,55919,64794,67423,94324
3622811791,29184,46431,56209,90405,92194
3996474207,6466,29286,55049,55918
3484493412,27090
346205934,47588
3823247202,36491,47429
2110160681,21016,24239,40456,60659
2478105421,67201
129809000,2865,19283
2148994086,6206,10255,53974,91648,95526
2559180236,10806,33341
3150098441,55766,72884,93345
454133897,978
2019219083,6462,20405,29756,46005,53067,54569,58236,64444,77062,80355,86615,87862,88109,89100,95737
3882409016,81476
3421046036,6460,55046
996588556,69604,76575
1296063021,5700,76425,78186,92340
3582895254,83981
3870385597,3240,14390,23485,28296,30689,47539,76607,77606,80880
4097115146,206,210,1968,3055,3634,5250,7117,7610,7828,12096,12159,16075,16849,20056,20692,22988,24629,27409,28459,57680,59769,59979,68661,83173,83400,84835,84898,84971,85841,89166,89309,93360,94471,94612,96788
3760428182,6452
826779040,6449,18826,83297,88560,89095
2603186089,6410,6932,77511,77639,83558
3741588100,6447,15120,35615,39926
2294104741,6439
1333138221,3332,7327,21808,21881,91483
551598591,1852,2272,5423,28127,39914,48857,62670,66196,79252,90237
3461188939,69049
700571857,53,44850,83210
684215845,6431,14518,14793,15990,37999,62278,74884,78398,86407,91852
592144969,929,3766,7462,8315,10550,10904,12629,17439,22045,33805,39210,39294,40197,47893,51278,55559,64419,73812,78687,90763,94152
1951516808,6428,14578,16112,16940,28084,42866,46782,60753,68696,72766,72971,82845
2918571041,7714,18553,18694,27260,41963,59369,93170
870037836,45092
2204390098,28888
2105421998,27347,52787
3073291457,6424,9913,17376,48720,52957,53154,74397
3329538629,737,76787
1151617333,13606,23831,33775,39229,47869,60281,61282,66536,87706,90651,94651
3769967378,49529
744619498,6409,6931,13198,83557
1588287106,69879,70993
796023487,17188,77346,82223,84344,94167
571584401,9403,57118,64116,73593
2971426730,8879,38568
1051742575,30832,47496
2183333548,16013
4257692071,13357,15445,44711,46160,59004,69293,75881,84262
476930709,2740,20345,28218,31877,74704,79916,96488
1400627140,4318,12317,20499,41620,49490,57590,58470,60123,66823,67317,75798,88925,90243,94839
2667497994,833,16111,16939,17029,28083,42185,49792,55067,59821,61871,63155,66128,69179,70722,72970,77336,80106,86014,86660
1424286780,6912,68530,79327,94694
4235542298,7649,8252,60949,77010,82184,85830,85959,86642,87122,88118
2794926646,4110,8927,22432,28272,39924,40302,46053,53303,60902,67329,69222,71292,74560,77005,77404
2338433943,54080
3161712264,22796,46600,77778
2681961629,6408,6930,13197,83556
1174389247,700,93630
528757351,6407,6929,7939,8749,13196,24787,45052,48829,51966,55889,57484,62158,78345,83555,84699,87186,96598
1685946736,36947,44303,63965,74189
2485583278,7001,18378,20711,44194,96157
2663522030,6404,21443,70465
2416866605,65045
2069944275,27042,29846
2034237713,35180,66981,80865
1946259856,15916,43424,56829,67996
518221085,275,11832,32249,50217,64992,70069,80916,82703,87384,91613,93372,94441
2322114333,7,3234,42724,93836
3297251539,7357,17979,41626,47074,60603,66622,82465,93317
3480689327,36720,84531
3865982421,40752
2877369507,6397,14232,94186
775313183,6396,9771,50280,75913,85926,86590
3656236924,46038
442872057,36510,47265
3904437877,465,3293,6830,9080,11359,12388,12431,12712,13054,16763,17844,20182,22371,27987,28897,31873,34075,37242,38132,39261,39666,39737,40108,40380,40492,41525,43298,43947,44828,52000,60212,62580,64949,65416,68590,71792,74466,78485,79892,83970,87495,90023,90886,92539,93675,94247
518563374,6388,16253,24160,35638,40112,85072,87448
1239983044,38112,86733
374991749,6387,16252,24159,35637,40111,85071,87447
4195635549,61398
4016619512,8616,26033,76770
1837345363,39492
298440083,20904,23665,27491,32789
543546793,8563
3424928542,14327,32629,68415,83682
3903007572,6364,26045,46084,59306,59531,61161,62878,72878,82202,95368
808947613,3426,18693,41962
2768477434,10267
263240656,2858,41237,47615,50600
3586545698,3511,4941,5794,6440,8334,8824,14913,19939,28849,39453,39731,52773,57087,65729,72193,74722,77134,79324,80154,80174,81942,84717,84960,85660,85939,86914,88006,89632,90641,95042,96238,96619
3776947702,6342,20496,32820,33558,35711,70719,72394
2548046915,6339,28356,66079,90413
2080698773,4112,15843,25404,29556,30128,37493,56572,59631,73490,79866,85078,91835,93743
2159289925,6337,10912,89599,90411
3826908622,6336,44402,58513,77960,80830,83905,85799
558764945,70346,74273
3788614409,23451
2392907139,6334,15755
1401361866,6332,15753,33977
2724820894,14821
2928425267,6331
223549318,2367,7849,8445,9492,11226,12289,20849,22951,25462,25638,26387,38815,39182,39610,41412,50737,51049,51108,55090,60230,61157,61434,74009,77182,79903,87419,88826
2399541839,2785,8180,8257,36457,81529,86240
3452190083,7807,13123,50454,75618,76160,81336,88289,91133
824263102,51892
2452997863,10508,17828,67351,68972
3958428004,29176
2456722043,6329,13331,45795,76653,76695,84528,94997
4204821892,6328,7454,10805,13330,17330,19530,32945,33281,41008,45794,52041,65042,69713,76652,76694,84527,91623,94996
2305339516,6324,21252,30259,45700,53265,56523,57186,78767,84689,89397
2714467073,43472,74052
4248794727,6323,24714,84688
2595655675,14762
2422220227,33015,52051,78820,96745
63566197,1143,7086,57703,68704,81790
3033424773,38697,59921
1276927956,10625,23709,25076,26827,27301,35747,37855,66013,75897,88637,94588
1722509306,6987,44029
3979201773,16504
2148696207,81364
2372099786,42148
4118284086,4182,12918,13568,81821,82626
3781342691,6319
3100307350,894,7448,9297,16778,24970,27851,32469,32671,41952,52183,53261,57382,59020,61209,69372,72692,78790,79525,79971,82448,87551,91422
2716568182,2628,15446,19904,46079,52513,69294,72909,73296,86372
3801663681,30388,37635,71700
2040028381,4012,19540,81347
3129091897,18282
931627340,503,19901,20974,36888,73504,80103
648552868,12517,45490,63384,69398,96756
2883735073,6304,10272,66687,79247
1911772552,48750
39497801,12735,22258,37993,40866,45261,51076,65373,94307
1386273700,6302,28106,62812,83207,83550,96133
3510827257,36245,48283,76174,86928,94983
1890527672,6298,10883
3989148109,6295,21246,37201,45335,80096
3139496761,61075
3159170266,48898,65501,89328,89500
4039771780,6293,7887,19193,25819,31033,64874,66950,73662,75900,76739,79674,84272,85130,92966
2387864474,5317
3659055784,26498
3845835580,7492,48427,92895
2651876314,6287,43434,83771,86711
2157017681,18609,21358,24712,55405
4063374641,6286,43433,83770,86710
365166262,18097,22783,24101,26357,34767,38833,65423,69173,70191,73716
8179863,89443,93740,94968
3523770914,180,330,6168,7391,9939,10442,13453,20978,21981,22953,25695,25984,26098,30756,34027,35876,38967,41414,47734,48889,51643,59143,60232,61803,64191,67346,68773,71117,93465
2500029464,6281,13903,15022,84340
1272587216,37980
3552707870,4104,5630,5789,27619,33055,36371,37645,48993,65340,66991,69210,69406,79611,87616,93094
2897438710,9363,15802
1401955300,29532,35023,36710,37967,44087,49661,55458,69718,75730
2992989611,6279,6865,10539,12340,33108,63687,77075,78913,86255,86817
3986448612,32697,37563,83652
1200033889,6277,37609,69836
281274067,9630,21836,52108,84254,87157,87560
2412750685,36143,61675
533089254,38368
3388113443,6276,16312,28288,55984,69835,77208,85693,95578,96368
4003014272,12571,96625
885378324,38244
2731215999,18850
1424895267,7161,7975,8053,8363,10774,16316,45107,59752,65121,75737,76674,86220,88833,88848,88941,89019,90120,92804,93737
738008833,4478,7989,16372,19962,21200,24117,25941,26152,29123,34893,38528,38791,59491,63593,63917,72289
27422406,6275
3776790501,50079,74716,89725
741438708,16690,92255
1334064832,13446,21064,48676
4274355671,6269
2218889904,6533
3439623824,29765,49936,71515
1550027176,6268,14486,76156,79422
3688116171,49458
1211440486,27478,31285,34091,52858,61031,69520
2974291187,16445,90230,96339
1149751876,77870,88705
4165301579,12488,17130,25556,26212
1192068589,1179,4152,8035,9269,30369,51162,90031
739397955,626,21412,72182,79829,80729,87093
2401717932,22256,27822,28569,29434,39329,51074
4257919558,5135,40756,49410,91110
3400894371,6261,6805,9627,34209,55526,56901,58125,59507,68569,70091,72598,73780,78918,93039,94933,96817
997971452,6259,71453,72723
3691717771,115,4896,8880,12970,28049,42593,65296,67320,75496,76298,77499,77905
1932520669,33158
95895363,9875,11167
543773556,47421,55621
573708144,15345,49141
853921859,51452
2463806059,6253
2540496272,6248,23657,26066,29174,47211,84006
1552558015,6244,9376,10574,11094,11203,31496,34753,41891,41971,44318,51635,51986,53058,53717,55437,60621,67727,71181,74315,79279,79991,85608,86831,90329,91203,93154,95322,96990
3778490803,28754
3132711216,24946,45746,62452
4087342085,6236,10201,13261,43944,49229,52870,68053,79095,87145,93447,94001
77460125,29955,56254
548878452,11885,16566,36374,50138,56567,61807,80100,80589,84623,85792,87376
3021931813,1885,4523,7918,9191,10782,12408,12572,16662,24114,34219,36623,37461,38706,41915,45691,45727,50899,54309,54656,54823,59095,59151,59488,69725,70947,79809,88771,89528,90214,93886
1300847305,3574,14108,32953,41611
139750472,13775,38163,55967,63007,69388,79615
2812247080,75147
3237554826,13633
1041148892,87073
3884883318,6230,41434,57699,63188,79554,89531,95349,96064
2805799397,67359,90920
25071621,43101
3438566182,2827,15453,19267,24092,27354,45596,63515,63685,67445,72444,80308,95462,96002
1291797688,89938
3506057105,126,364,1211,1744,7308,7960,8155,8290,11368,11398,11618,11815,18528,18677,19125,19672,26551,27957,31059,38057,40261,43213,45017,45737,46623,61842,65757,70049,74196,87952,95318,96122
4077411694,6226,26262,36521,49868
2200382748,96162
2456961257,2591
2089339751,2845,3673,7690,18310,21766,25717,25877,31159,32803,34019,34254,34503,44601,51590,60185,60439,66486,75013,79653,84368,92994
1680247733,6225,13434,15683,17865,23743,26261,36520,39097,42230,48557,49867,65671,71150,74432,78614,79232,90408,94641
2239546028,2749,22828,48378,55181,67122,69894,73334,87166,88667
382133292,6209,34912,79712
221684259,19245,69378
525297825,6208,77788
4219917066,90480
3056865741,28268,34171,41992
3414690881,11271,52681,54255,70503,74701
898693903,6203,19955
3391073396,9063,77270
2792045991,93567
2409968522,9927,92208
609032729,4385,41072,94023
2096092537,6199
3823200180,11546,25827,64767,67047
82042611,4719,6311,8740,10711,12781,14523,18483,19102,24833,26111,31714,31892,42281,54191,57532,58752,59493,65584,67660,78587,85013,86542,88431,95599
3451250913,6197,10098,54384
3213618645,23686,60259,93576
98893051,54978,61948
508590578,46130
1016012705,307,1235,5742,17712,18705,19602,32347,38681,45585,47032,71087,73082,73923,96670,96926
1446035526,6193
2974145204,38108,53217
2989189649,25206,48212,70843
180985280,536,12588,21408
3134711315,2473
2529085889,4664,15634,24184,38836,87578
1873096653,6192,10328,13108,39408,50511,79517
3262136877,82926
3343916937,6190,6915,9037,9279,12349,21929,27794,31426,36560,69027,85156,88346,94076
1603670991,24368
2739226563,3203,73139
3657014859,6189,9036,9278,23337,27793,33321,36559,49804,61775,64068,64496,64605,68374,73300,88345,89573,93287,94075,96449
3384853037,1941,5499,24106,29473,43995,59183,86133,94827
3099574356,6186,21503,23928,30237,34478,50749,51541,58880,64085,64465,96341
899402632,74610
3480257884,51742
2335182742,6075,36281,38722,58075
226981341,45383
1851807118,6185,34477,64464
836304737,6183
3705929911,33894,39286
1537626708,31571,36893,41558,42310,53437,74211
671118110,19375
2086773236,3489,7383,19038,41849
897138115,6181,27035
2795012080,119,552,5682,7712,8317,8759,10833,11139,14381,14618,14950,15065,15079,16162,16192,16231,17407,18551,19467,19588,20900,21240,22381,28322,36619,37001,37586,38479,39340,39672,39681,43266,43863,46861,48610,52590,53300,54775,58070,59591,60704,65442,65460,65989,67100,71913,73315,74480,75546,75671,76039,79053,79626,80511,80524,83050,83422,87017,88278,93168,93697,95285,95334,95630
1663648750,45677
260014890,10086,50066,86891
3306402033,15302
696640873,15294,84883,85219
2689570744,26023
1829594264,7318,16746,20090,41917,54311,68356,88773,90630,92076
2971498483,6172,6642,12379,22326,42607,47713,69866,80468
3853091127,10016,15217,24913,33461,35386,38299,42842,44129
3882170472,6162,12763,20463
3006429956,6161,8298,12762,13332,14463,18322,20441,20642,27012,32426,38608,45796,75863,78801,80977,93327,93954,96677
1941303985,6156,22018,28611,47751,53211,59975,64813,87671
3133812296,6154,23978,42785
2972007255,38555
3114042246,12383,29102,39139,70077,70933,74200,83460
57560287,9534,70759,76669
2199535774,935,7663,10391,14346,37514,40843,80431,93433
3576295369,11948,26837,26896,43068,44175,50585,56509,81280,83449,89290,90824,95465
527827906,6152
142527986,39938
3035459033,16236
2184233030,88853
495680527,6150,29612
368951297,23480,47908
1912455214,2733,48466,54306,55295,62778,85681
3328333435,5661
3888526846,6149
3991508480,56230
363739875,6146,8540
3068101748,14650,77780
58962774,56489
152572654,1685,5861,8705,15658,20834,41795,71125,85946
2550177650,74394
1784042503,6144,19889,26080,44934,47629,59458,59673,82938,87362
1089877421,6139
990016696,14120,17583,32480,82297
3422484858,6138
1547894859,419,1384,2203,3387,4690,5441,7360,7409,7557,8856,9507,11153,12023,12827,13931,14008,14572,14639,16185,16413,16818,16998,22385,28261,28615,31222,31380,32768,32780,33423,35174,35462,36037,37015,39187,39314,39521,39710,44056,53497,56158,56953,60957,63653,64756,68535,72800,73862,74873,75345,75714,76069,78450,82094,82640,82706,83009,83063,83997,84551,84831,86298,89413,89877,91318,91744,92919,93192,93526,95026,95671,96784
3741452091,18447,47900,65663
76110949,6130,8920,12884,18126,18857,23567,26865,27105,31575,35398,35606,35768,45882,47134,47545,47829,49049,54056,65528,68806,74993,85151,89016,92125,92262
3201775968,4666,5912,7519,57756,60917,76616,79351
849458467,6129,15452,23539,27663,27726,32812,47117,59901,67701,72180,74992,89015,92124
492315641,6142,9978,15289,22261,44405,70821,77407
622851695,20875,78489,83139
3773338497,15455,48133,48442,67447
452488105,5899,52550,91592
71062477,6124,32929
2204616256,59416
3355374855,54866
487800770,6123,17947,28622,32928,44769,88821
3311276405,1386,3991,5943,9159,9509,10547,11055,11200,11383,12888,14255,14641,16415,17000,19096,19722,19782,22387,23158,25245,31382,31790,31870,32320,35464,40074,41554,42173,44839,45477,50878,53499,53665,55583,56955,59470,59608,64714,65022,66141,68085,68810,74919,75716,76071,80845,81243,81564,82096,83278,90554,91200,92046,92814,93381,95673,95678
1810458661,2755,7744,8288,9713,11396,13216,19670,28707,30371,34315,38055,38265,45735,68674,81614,91668,92858
2047672269,11952,32023,52486,81853,84091
1400382669,83379
3311952996,3831,5240,5699,9926,14533,16632,21128,42466,64565,76823,78185,91302,92207,92339
94872802,9414,16259,46106,58415,61906,93219
3521818120,6116,45000,49212
3685917818,44199
3086505982,24755,37359,37464,44141,54826,60866,61025,66820,68465,69738,70950,71442,73313,93889
835728425,20221
2298641900,1075,6085,8282,25408,29560,45013,48112,50126,64321,72093,82969,84182,85666
1852889139,1283,27873,41993
3275883328,6114
3148482416,22094,51566
1486833723,19911
4066414129,96539
2412142387,32513,82525
1787615117,16789,27581
3758860602,6105,50866,57370,57402,65654
1436147173,42041,47897,67867,78711,81294
1802074366,18947,49426
180095761,91580
517862839,38201
449969959,1760,6907,11941,21921,38438,39805,55901,66090,69286,69885,69937,85825,96392
4193285045,6398,48386,94187
3079112817,27591
1042763606,6104,56780,57401,91377
1485944292,74807
4292157615,6100,28755,51320,56641,87175
1166648344,54786,79433
2398724097,88,22781,25434,26663,36300,36427,38831,41516,49300,50443,70189,70866,73714
3171699966,6099,87174
3922721014,21802,75192
275965702,622,1023,5904,6673,10116,10685,13888,17117,27518,31973,32758,42112,50761,57139,66055,70390,78514,79084,80756,84107,85713,87423,91831,96050,96406
214296336,1931,11685,15354
3942105651,62435
2769024696,29203
3756403194,9378,13687,14799,17113,30003,60623,92890
1179488948,6095,9079,12387,18113,22370,26237,34074,39122,43006,43155,43342,43920,60315,62339,77367,82173,90885,92538,93914,96859
4032844429,63790,67153,94464
3342522998,14034,16392,23246,23777,26088,41082,46493,55639,58687,62846,67344,67714,68899,71650,71676,78785,81511
3028104931,13707,21367,29882,37392,55358,60887,69369,88261
101947520,9733,47847,49875,59861
2959338234,66964
1633626884,58793
3948619790,21601,40381,68591,74467,90024
2553396673,2118,6669,14018,14367,24208,24469,26816,60215,79080
1481589264,6094,9078,9560,30721,34073,43154,92537,93726
1393598993,11679,69170,96247,96825
2460043955,87547
508895165,5041,50859,79548,89223
2304661841,11198
3147051043,51975,68955,86287,86597
3625721564,1157
3564684908,93064
1756496921,2531,25134,33205,36361,38103,61992,66875,70310
1273673976,6091,46185
768964973,8815,21526,42391,43933,74801,90846,92422
3644005004,40770,42272,74016,96853
3315624631,3106,92469
3140433639,29111,52471,85139,88562,89097,91922
585784409,38503,42630,82911
975962733,4640,21732,57527,72525,73121,89375
2487179914,6080,96703
2551538457,31279,50636,53965,60128,75622,82631,86636
765768343,12176
1229183460,5808,21991,40757,41597,46506,47630,49713,59674,65998,70007,82939,91522
952777144,31998,95303
349135999,12042
3308426618,33029,54288
2071506376,95698
806950052,12497,20737,84829
2028119980,52328
2253555202,6067,31041,50364,50796,51667,52409,53539,63118,66397,67050,78035
2499861872,4515,10786,11313,11343,15137,20934,21189,25678,27934,34216,41699,45775,45846,48955,52826,57770,64007,71305,76215,79440,90043,91153,92276
1129687492,78827
4028482015,6066,11548,25829,29876,50795,66396,67049,74078,81767
479724888,1287,89315
1473223229,6059,11008,17084,18326,34121,52481,52754,66252,79363,82036
1545458027,4244,79888
3071864845,3945,45726,59094,79808
1878644620,14543,22874,24494,60337
3518456066,5400,8384,10771,13484,16603,18890,22202,41006,42083,45792,48409,72829,76692,87507,89150,91039,93377,95211
332274484,6050,8988,10187,11637,17277,33693,39907,39979,40908,59614,85990,88170
935588853,26911
2856267130,43988,92459
505244707,1932,15355
3126345018,96010
1171107225,6049,8987,10186,17276,39906,39978,40907,85989,88169
2135734042,4228,11508,12543,15229,23948,76383,90930
739988213,12482,92606
2077527390,6044
1026631393,26175,50035
1772538798,19320,77674
2111488858,14513,16207,25423,25929,27907,29284,48546,53845,55916,59739,60793,78546
2215422484,821,78563
3527606692,643,17772,18650,27521,37042,39808,40886,40945,43729,46334,48490,49390,61424,64485,80981,86181
1846247477,4268
1081038142,10627,13759,23654,26063,26322,26474,26919,36406
3580527609,60169,76106
1173930749,9707,10111,10250,17155,18735,21194,22482,26401,29214,34520,46140,46215,52812,55372,58294,59783,76085,79116,81708,90037,95989
1954767504,23880,58896
2752141918,6043,76765,92720
1063504293,6038,16606,39475
3399602929,6594,17373,24157,39667,40109,52001,54664,64950
143264955,6036,13896,21739,64634,90675
2629168665,16707,23354
1014286893,23987,49196,75300
3550445999,14060
1662067875,35260
1777665790,8134,20734
2066441393,5936,15636
1092590037,8017,9636,12188,13599,18203,21343,35480,35736,42878,49527,74677,77760,81074,88518,89273,93127,95243
856357624,16467,37559,50784,59990,83928
3681819761,6029,11865,21095,74246
751406601,12738,20751,42847,50757
1722129511,1432,17758,24642,67907,69994
749383986,11540,11665,17753,18028,23428,36080,43574,45779,49244,52577,60778,63200,73977,74229,74977,79142,86652,94902
1172750128,49566
2705354743,4469,5852,7104,8442,20074,28934,59038,78349,82363
2844432279,99,18675,19123,24515,49292,49663,79313
716026891,6006,19282,19330,19942,57540,60344,77054
1028679394,6002,41126
1412371092,61785
1235232396,1518,32165,40617,46551,57926,70137,71140,71419,87441
3284903013,6001,30350,41125,87514
3436598585,8613,76525
257122156,7021,31802,41011,75093,89969
2770119264,1581,54850
4262631076,12428,12908,19649,25118,30044,65561,66391,80081
1151976941,1086,2185,17111,17463,21275,33375,39776,55251,57622,77070,81050,82513,83105,86515,91582,95970
1762987144,11433,71774
2093440308,23281,96907
707101521,90110
1461201112,685,1183,3971,4465,7210,7501,8814,9819,11427,19153,20980,21525,23193,25784,31299,31556,33433,34532,36144,39508,40485,40592,40957,42390,42919,43932,45599,50387,59063,61805,68514,69665,69800,74800,75426,81659,81676,83920,85046,92421,94808
2092527745,19,6759,10677,11206,23626,24357,25359,28110,33602,33606,34674,42493,50266,50608,52850,55428,56519,58087,61756,67062,67682,68362,69014,73541,74554,80317,81451,83807,84665,86156,86685,87644
2709587422,1139,41251,43938,86872
236991547,8221,20391,24032,37897,55077,60587,66351,66413,68114,73525,76292,89676
3369938709,5990,28733,47104,59868,60772,65854
2691162104,29606,46044,68456,70527
1347959339,24430,42456,48647
2205087350,6272,9333,46681,47078,51381,56128,62034,62889,66587,87148
198825576,3198,3904,42373,42787,46659,51216,54414,85300
1092880256,5986,21186,22243,39922,44852,51439,59723,65703,68337,71485,81728,83212
3921371150,13640,88955,95818
818631244,10027,39015,41624,48336,58679,61000
3455539871,5984,6753,9309,12584,49979,59721,84679
1278597219,4429,14236,17219,25865,56300
1981442829,11575,37991,88531
1543084205,76779
243501327,39056,40389,49628,73035,73804
662431257,464,776,879,2548,3216,3292,3558,3856,4051,6519,7995,8694,8723,9046,9095,9161,9613,9810,10082,10123,10724,10789,11013,11057,11385,11835,11973,12219,12255,12297,12430,12621,12694,12711,12898,12983,13053,13419,13623,13848,14294,14470,14964,15398,15470,16241,16560,16564,16703,16762,17002,17843,17917,17921,18006,19098,19724,19964,20020,20533,24650,28543,28547,30395,30885,31474,31679,31872,32322,32993,33039,33994,34085,36458,37241,38131,38144,38772,39736,39887,40379,40400,40491,40610,40717,41023,41150,41330,41461,41858,42304,42367,42887,42905,43297,43598,43946,44694,44827,45832,45935,46321,46694,49336,50984,51104,52290,52321,52395,52819,54590,55317,55744,56204,56400,56565,57639,59392,60211,62579,63696,63984,64285,65357,66116,66649,67832,68746,70610,71791,72198,74465,74912,75718,77803,77973,78081,79530,80224,81087,81179,81530,81980,83969,84562,84933,85208,85370,86241,86910,87931,88243,88889,89057,89350,89560,89765,89775,89960,91410,92243,92364,92642,93684,94246,94338,95569,95573,95680,96056
519213284,4781,11196,13090,19035
549864915,595,5468,20208,76403,84278,96258
1668168660,6373,22394,43078,48860,70159,75422
4158450145,58541,92986
2932983661,5983,6752,9308,12583,59720,84678
2519406001,12526,20008,77079
2987448205,40868,52954,59912
1365528449,2368,5941,6556,7377,9745,15828,20850,30463,33785,39183,39752,44898,50768,52338,52586,61158,66768,68083,79493,79904,80898,81562,85511,86433,87937,89551,92044,92308,92812
4250422858,1116,65096,75980
2785493620,16041
1790492910,1012,47322,61370
344786038,5980
3255295225,29098
404769170,5971,6653,21624,23945,24047,24507,30444,30930,33972,38280,39081,47333,47704,63610,65866,70316,73740
1862051165,96486
3016821616,5968,47809
237499433,5967,25412,60601
3152053623,20401
3664571275,57632,90516
3444228019,5966
1416123603,1090,2539,9235,45464,84965,95996,96093
2424435739,5963,16573,18787,32244,35328,36739,43040,43185,73415,88507,95176
1861210113,28228,37091
1846933461,68020,77049,79895,85803,86580
2233717141,55929,89153,91883
3275667113,43751,80971,91181
1231628519,40034,61792
3655121448,13677,25015,42845,50755,84471,85077,89853
3131960517,6917,70209,73228
2995866012,50507,84351,86790
673183723,8122,15648,19322,24307,45068,51725,77455,92983
3889085553,88570
2209688302,38117,58920,82529,83828
2265159871,18914
3767611306,5954,9486,83509,92893
3878642961,48863,62441
2794182788,3996,11924,15468,44039,48276,54339,54928,60008,60540,61043,80743,86908,92362,92849
929880307,1373,1652,1985,3414,9956,11571,12962,15429,17851,18099,19477,22645,22838,23079,23217,23974,24049,24399,24982,25141,25306,26421,26688,27072,28451,29976,33731,33793,34886,34972,36215,36474,37437,40142,43405,45440,48400,48761,48770,50964,51491,52401,53404,53505,53587,56263,58670,63032,63196,64803,65537,65621,66615,66695,67563,70193,70652,71158,73166,73565,91641
3499504986,49889
1228410999,12966,28256,46555
2399668271,31359,56371,75515
2462399136,2320,10456,41989,92775
426333867,41854,44249,61886
2520031988,5934,9655,28366,37077,46144,76614,94422
1219643610,49721
80046189,27192,60449
3604030317,5933,94421
1547829855,5930
4007081644,86575,92321,92441
3124911393,13786,24842,90691
1579942234,5307,46957
1232589909,11276,22591,52494,83467
1634215421,24739,30098,36336,71284
2398107770,1572,30410,40086,45616,51870,54495,60295,62219,64332,78609
4181356141,60363
731677761,1039,3188,5205,29345,41779,42252,44301,63500,65413,67538,72633,76563,80999,81802,87531
2956570620,8651,57946,85168
1682758336,38598,73091
627615543,17016
2633798713,2115,4143,4630,5792,6666,7122,7741,10084,10164,11235,11387,16341,17716,18217,23457,30969,39451,41836,56206,59569,65499,73159,77235,77369,78230,83624,86912,88102,93916,96236
2654655200,5927,19001,23791,32475,51273,59040,83965
906110420,28914,33837,41604,54068,54716,83494
3219894627,174,40017
3139579348,1245,20775
3162338893,5918,12660,23329,28724,35434,45209,49343,49999,56920,57358,61530,71172,76134,82984,83061,93951
4037142468,30750,34196,35528,62406
1115269978,29774,56478,70944,85838,86385
1337781114,5900,52551,54489,64155,77249,80995,87527
631678781,24590
3575735224,24413,29957,37124,44394,44635,45094,49657,49910,52425,56256,70022,71146,72950
1127868521,5895,16643,18710,40823,44000,53823,64403,64430,64469,81409,84290,91907
3260540851,61108
1128910155,18221,90946
26996759,10268
2765534057,5888
4129629210,52751
3393351500,1608,1918,13948,34965,42954
3158169535,5886,55334,56240
4142259526,5876,61536,84996
3685964079,5869,83910
3092632989,78478
928881760,40618,57987
63041804,14969,41108
2428691490,4662,10290,16883,19958,34654,54783,67203,76642,82521,87576
2780808654,5868,83909
770481020,34547,43443,53801,68606,73094
4064348672,74278
2543599594,27573,95139
389852278,5867,68019,83908,85802,86579
2877013915,44690
226285574,6322,15040,17625,22338,40896,64862,76110,78072,89317,89469,90040
375984231,1214,1809,2960,6243,7206,7984,9375,9669,14222,16795,19431,26488,30312,31305,33791,36472,38060,40230,40481,45755,46797,57795,60675,61933,63149,66386,71180,72054,72504,72511,73485,82454,84485,86726,95321,96989
2388672511,23169,60503
2055405908,4861,14172,40328,41737,45331
3924800355,5850,8629,10453,15530,77893,79598,84214,85876,86284
653305882,5849,9983,42653,64256,65102,75396,78907,81940,84329
516570370,5841,67529,85651,87330
3063437602,28859,56357
2011678856,57020,59344,61690,68724,74366,82054
684270184,25198,29785,33129,62357,78911,85536
1193807816,41313
939029497,5481,10394,20446,39191,39318,40846,41820,43135,45565,48850,61930,70672,71720,74067,83235,87237
2371286873,967,8227,9318,15503,23407,23483,23868,24707,25227,25735,26188,27276,28102,28339,31706,32299,37086,37382,39243,40270,48816,49586,50939,54274,59027,59449,61257,61971,66513,67462,67618,69395,69930,70204,72699,73537,74117,77995,80653,91230
173306317,1077,1614,5294,13041,13065,29562,46209,55271,65534,69146,82971,90379
4240527018,18039,49844,71322,73076
3064119182,3258,79498
4075183037,23640,23877,26632,28232,29330,40207,40374,47396,49452,49958,60090,61796,78292,88194,94715
2468959407,86905
1079855652,5839,85649,86206
2035427523,11420,40309
4207768230,5830,49590
3268005118,12670,22769,28147,37472,45207,46690,51323,52208,54001,58325,58766,59582,65822,68736,75472,76132,76238,85321
1590600933,458
3550982126,18741
3336774028,5821,12831,32634,44196,46889,61550,77513,84646,87303
2483939280,5811,8250,16021,45037,58427,78281,86640,88116,93272
2223774897,26026,51613
1125843492,2871,3170,16356,44539
597857236,27479
209377488,67460,71505
924361522,50720,87431
594926752,8123,77456,92984
519108619,25228,77996
881914175,35187,40427,94753
1211426536,25091,26245
2578163144,5806,72352,91520,94060
3282741864,41088
1797482246,5748,10598,12941,23864,27897,27937,31132,32844,43606,43706,46462,46515,48658,48785,51550,58635,63595,64575,68812,70098,80466,92200
3134335629,5803,45718,62617
2537843292,63814
1842352744,22637,23364,27007,38311,40620,57989,73685
781260476,6118,12752,13289,14025,14827,15854,18731,20353,21509,39565,41725,44251,44905,54260,64608,67069,67434,83320,83746,84409,88039,90780,90892,93494
2022966298,5802,17532,31004
1676781885,95514
3505672057,215,1286,66174,73258,89314
57813610,69535
274325033,5801,17531,27449,32814,41303,52241,65335,68766,74002,77525,78164,81738,82724
3871726581,7149,10145,12566,16808,23131,55702,68732,82985,90183,95646
2674343061,5783,60409,63756,68748,72519,94015,95575
1785205861,3457,3556,6895,12474,19163,34516,41798,68209,72681,78079,83116,89200
2868983674,5778,39670
3898079495,5247,18541
433562406,955,71328
3609224172,14102,55861,69904,73303
3052416768,5771,12895,18315,18350,25183,29586,30297,40049,42777,49545,54964,55366,56394,57557,64548,64978,68743,77884,81308,87354,88861
3449353441,51064,74390
396359786,5768,8926,18312,30781,32949,40301,46035,46052,51730,57554,67053,72975,77004,87351
1523480320,15789,18347,55276,58344,66075
3530830928,4504,10225,20916,23514,26181,28513,31053,32072,33194,44998,52922,54137,55853,57860,57875,70780,76370,79862,93179
958822324,10163,64254,77431,78229
2125954803,5393,20903,23664,28746,32788,40576,51867,58575,62467,64329,78573
1337754470,5766,10236,13603,21858,24862,81493
1482501315,176,1799,3595,4174,4324,6903,7332,7655,8549,8789,9801,12455,13045,15502,16006,18054,18075,20812,22293,23603,25087,25734,26491,28944,36657,37085,38639,40019,40529,41048,43207,43438,43480,46633,47044,54273,58331,59049,59448,64787,67745,67944,70618,73536,75906,80652,92019
3593224090,25841,64848,66552
3256347430,10915,12852,88459,89446,92324,93590
2943757295,5761,81488
160483934,5759,25170,28927,52670,78499
2234390117,31878
1136531387,19908,84976
651534484,2094,16868,27374,35932
4046911494,2284,42940,51114,61228,77426,84112
2897270320,1449
53330158,5754,11869,13557,29712,30668,36154,38270,41372,43543,48791,49572,59074,60483,60592,63997,68484,72310,73483,90787
3218284561,1670,52499
480724091,5753,35796
405180151,21020,32578,61611,71464,77252,81298,81780,81828
739666623,5752,33947,35795,41976
1343012672,12855,32238,76698,76959,92304
1469114878,5044,28601,28936,41918
379857826,79875,80260,82286,87650
862437331,36334
1134586753,9074,25573,40555
535784966,8045,88698
1709945926,8999,9896,22540,50032,53127,71975,75280
3739778649,2,10928,19532,22213,33283,60386,74725,81945,82145,84903
3055680732,5749,43607,68813
1317675126,93742
1272258904,78301
1706027543,3072,48072,78564,90318
1891575698,5731
2726354007,93417
1159134310,8894,10407,10876,11747,21960,23176,28692,35101,38796,54319,55160,79931
2300594856,326,23914,25909,28011,60027,64183,95591
3140024286,1124,16970,17647,49989,81230,91086,96771
2105297435,35064,53859
509327572,5727,11945,30013,31241,31792,39783,42916,43786,44611,44841,50338,51129,52196,54624,60268,61814,68496,72069,76163
2102787320,19437
2001225233,46583
4099243810,3832,5241,14534,16633,42467,42766,91303
1529148685,3670,84319,92172
2976861483,5719,36157,57289
521299277,5706
2516302699,5702,52457,78188
2157845498,82941
3308115474,61012
497170223,42328,61357,80377
1250806908,7868,26546,30382,33846,43906,46829,52847,58651,63204,65913,67195,71691,74170,93226,96438
852615014,5693,15179,20172,20571,93164
790261367,67726,79990,80826
984759038,15806
1905085250,3307,23185,24418,54762,81382,82063,83143,86461
4046443485,103,27400,60590,70522
4163610137,20051,21463,88412,89516
505289736,31689
1910146007,17951,31400,72477,94237,94854
3087521701,31084,34341,37708
633588382,9663
1413743565,37661,74393
3481521352,33337,58322,66968
4193721557,8467,23449,24073,29152,29362,34999,47554,48618,50153,66357,71741,72923
1633414188,24914,82236
3359732903,77920
3268051798,49652,62385
3945334710,5692,15178,20171,20570,75866,87068,91295,91754,93163,93520
1746754826,22712,31127,44096,49117
2153656215,84225,85215,85269
2980046293,1473,4329,15525,30725,90083
3233847366,2840,32573,38603,77210
1447544546,5691,15177,32488,38991,54228,57349,75865,80361,82460,84993,91753,93162,93519
2359496527,46810,63663
2700632532,3350,21729,27119,33473,34058,34591,36784,48179,51136,58759,65439,81289,86719
2292040836,5877,12603,26484,52361,60671,64451,66382,70402,73433,78199,83754,85246
3836752935,6764
818957478,7951,23102
4253591413,5690,32487,54227,57348,80360,82459,84992,91752,93161
2161240080,5685
1827894248,37061,56514
886501969,2051
1981307656,5683,8318,13413,15066,16163,16193,19589,20800,22382,27464,35912,36620,39682,43267,47853,48611,54776,58071,67101,68094,72263,75547,79054,87018,88279,93698,95286,95335
3130122746,16942,31421,42120,48628,58524,74574
2277825418,67950
3366606047,5134,40755
3544670555,5675,10695,12162,14287,43496,63570,80808,95609
486541758,25205
2066902842,5671,79636,93570
3524674591,76714
1474078162,5670,10220,79635
1339487835,10868,36380,86931
1554902738,2575,3366,5686,9836,10969,12739,12823,18261,20752,29733,38613,40939,41275,42848,57039,60508,62424,64344,70667,78806,79925,90417,95977
3984310577,5668,10218,88556
3542130653,38817
3318881376,5667
3266254966,2098,3302,3438,3866,5892,6997,11464,11608,16331,16508,21429,22412,25007,28152,30039,32367,37838,41241,42226,42763,45710,50294,62682,67094,81814,85952,93531
3333360479,719,3726,10671,11901
2515151352,5665,75203,76747,81343
701843272,23293,29258,30219,74334,83471,90388
3378223462,5662
1142102400,336
137289581,389,1560,2774,4161,6780,8502,8702,8774,14260,16864,19700,30844,32894,38956,51303,60201,63928,66721,66805,70998,74532,75351,79260,79543,84586,87803,92853,93660
2339873480,14690,72350,73201,91065
3716275544,5648,20764,44673
2781066881,7830,76005,93205
3413000638,64923,86770
2954878000,5647,23344,44672,46874,52621,78566,88113
2510930453,11812
3258361802,76491
3310798765,27912,37058
4171152533,32761,54746,75588,85716
1497587496,5646,18478,43375,45815,46873,63912,82572,93981
1770598062,5644
1174813183,26286,32148,38464,67502,69118,88077
4110750716,55361,57247,57501
269916766,49512
3771183448,5635,53161
2189995141,1486,23308,26222,32530,33564,38779,62517,69183,85619,90809
2347640351,2321,9283,10457,28716,41990,92776
539246628,5628,20604,34377,51276,77849,91191,93173
2272411533,63679
1417835623,17451
1553687583,77043,83614
2320825693,66455,84913,85645,92968
3456719866,7017,11654,41980,64594,65981,67541,68127,73106,81805
1038044073,71190,73079
1313781747,5624,14812
700295758,72870
3281485331,5621,36235,51280,65679,74689,75378,88959,95815
260321802,32966,36670
2880752883,29018,70987
4226120865,40814,53694,54806,65876,88566
215760451,16513,35580,37930,50299
4226153511,5620,12813,14026,15855,44252,44906,51982,67435,85817,88040,90893
2881599758,26005,40621,41121,41905,43263,47132,55478,86262
3627150876,17347,45646,57478,90346,92129
2267470565,15142,34934
471679566,186,1535,8231,22665,30136,62821,82892,89973
2113967186,3444
26926506,1991,2148,4881,11408,15487,22545,22584,23262,31079,50937,53427,55608,60974,67703,70202
2949729049,5650,19578,28881,30582,36408,56934,63029,68783,72963,74708,76604,79227,86484,87130
3431742780,16288
190933642,5610,89810
2774987672,6537
705508981,35869
2575887376,27314
4145498754,5607,6233,16065,19736,43941,56844,57786,84198,86947,88576,96067
873719484,24916,82238
3987217351,23197
2887982673,55286,56495
50986101,5606,5952,16064,19735,39307,47802,78389,90048
2518229460,5604,5950,16062,19733,20865,90046
666096780,18538,82667
3076381311,7514,23366,29515,47053,59211,60016
644613439,5599,5775,20210,20986,72805
2832904103,38420
3207600793,31589,32579,49066,52552,54760,62575,64156,66466,80020,80996,81583,81781,82433,82653,84320,87111,87528
2387682217,5594,24619,26505,39167,43548,52934,58030,59484,89409
3323752492,328,28013,29326,40391,73037,73774,95593
1940194255,57322
2937525232,1337,2745,7294,9311,10803,19999,30993,34008,49981,52476,64363,69711,75000,75114,78836,84525,84681,89668,90759
374543295,6964
611139695,12381,22328,35955,44619,60588,63731,83458
2024210340,77226
3256131791,30167,75325
3215531118,46548,80135
1137571801,5589
82167451,5175,10849,11283,12720,12877,13721,21227,26606,32083,36650,36781,44823,44993,56885,57724,58848,75780,81832,82629,88630,90400,95096,96528
1964726639,5585,11388,19610,56207,65500,90403
1014014898,4522,9190,12407,27718,32771,34218,38705,45690,50804,50898,54822,74372,78632,85770,90213,93885,95029
2322819824,1466,2174,11534,21700,25152,25493,26436,34738,42857,43556,44072,46187,54683,59926,60100,65941,68172,70349,76078,78407,95742
1278606756,5573,7251,17024,21782,39613
1344144984,29915,47520,51961,79893
558376829,5570,9585,15172,53221
2507939679,5563,10461,96299
1925410468,31857
462700509,5562,35417,52706,57747,61310,68156,77824,79401,86167,86168,88791,88792
570191406,11563,59836,69430
2252210882,6914,31425
124900606,4273,20228
3968381741,50155
4040672228,5447,87104
3734691362,5561,18304,35416,58458,75429,81632,82117,83702,84714,86087,86121
3562463308,42672,46803
4032441483,6335
326921583,5555,9170,14297,57120
2138140562,16245,22880,73583,83020
1654455226,5741,17711,36968,96669
2675536105,7676,17176,62128,62831,66882,68121,72045,73099
2431393370,3934,7541,28760,47857,54903
146395046,88616
31285754,42703
4274436452,5549,36680,53840,53989,61816,66273,76883,78882,79489,81604,82018,87916,95266
2852788945,5545,15369,17788,91449
810003666,3582,26366,27637,56820
1913854457,5541,75145
3135600711,34222
3842104415,6155
96645842,712,36604,62058,73040,74935
1207028751,5531,20024
726435881,6338,15873,77014,89600,90412
1410940165,5530,20023,41333
3430242062,26711,56195
3928347224,22975,23221,47693,60566,67669,69198,73154
3707018564,5529
1982151675,41171,95232
746629844,3022
618044844,7836,9204,11188,12838,19457,46291,82788,95649
1119945289,19246,36141,69070,69379,74303
3672023218,6975,93986
2606799361,1621,5922,8279,11448,21973,24806,33102,35689,38620,40992,47612,53599,55657,67133,70089,76511,78916,83787,86939,90296,91569,94861,96507,96554,96730
3127461538,5524,25568,65052,75211,79765,80794,83954,88886,95381,96080
220198445,74522
3407229104,5519,21566
1454573002,5513,8940,24627,30678,35920,51573,63081
4079397933,20778,51147
1243177835,19531,32946,33282,41009,76509
1636402517,5512,24626,35651,41840,63080,75187,75417,77652,91998
2509649310,2057,5140,19612,21396,82474,84332,86144,92181,93481,94889
281876480,5511,75186
1923806158,5508,6063,16967,17893,18146,20610,22507,41114,61098,73045,85485,86497,87944,92765
871093244,14666,37533,57463
1550752027,11172,13080,15295,18739,28073,29218,41096,84884,85220,90755,91974
2496995778,4094,16913,24798,35094,43912,45372,50894,56560,56768,57822,64280,78277,85643,87647,87901,88298,95179
3444795813,5505,24441,39178,62042,62677,88464,91002
2470601083,6372,8594,43077,48859
3249179046,24733
3872356751,5501,12844,15385,35044,35707,36841,49235,56328,66570,68390,68647,69024,69969,72485,86135,94829,96581
387389646,5490,42898,43032,52503,65926,86411
1475989521,5489,20926,86410
713850685,36565
2231185894,24543,82319
3630106414,16845,95299
3784779869,3885,65701,86792,90361
1349740007,5487,7575,10656,18715,20319,20544,24434,37414,40385,56613,60126,65350,75393,77799,84326,88362,88997,90801,92609,92898,94842,96200
3360894834,38408
3961772539,21382,75490
2599983830,5485,16995,33256,41195,62346,74858,90799,92931
980052116,2505,3127,9330,14674,21349,22181,22478,25729,25798,28541,29114,34411,36699,42903,43596,44113,45243,45426,50842,53018,53070,54588,55124,56908,57637,58239,59830,60988,65842,67258,72450,74620,78310,78331,81978,87865,89364,89519,95422
2368332927,10315,16037,19772,24793,25610,39998,56996,77222,80957,86679,95171
4107938795,77356
1573631313,16721,28651,38227,56102,60350
1944341868,33074,58613,68304
4037152862,42935,48582,50328,55781,57030,68605
321432117,23223
1666620975,48385
3694226406,1044,58491
1773962500,5483,22359,39193,42589,49694,70674
2592594308,726,17773,18853,19833,21155,25178,40815,41264,48491,52594,54807,56941,59999,64160,80982,83322,83780,90565
520002543,5152,85434,90018
4015116840,5480,20445,90467,92106
3274662791,5477,7824,20631,68492,79360,94620
3421769214,40720,66263,73443
278045983,5476,7823,68491,79359,94619
4228338287,30735
1122704860,10756,80415
1847615656,24312,44956
1293265766,24137
4175910900,5475
4259532396,6922,9529,31599,32068,36891,53435,61028,65112,71495
1089860712,37671,49354,51035,64123,87690,89024,90133,93333
4035575517,6182
1035918746,6900,43435
982826970,5449,7077,24480,27458,33381,33868,34276,48051,53460,54247,54637,66853,78204
3490593434,450,1243,2646,5259,8917,21330,24935,27876,29492,40981,42720,44551,45641,53195,58530,59147,59612,59908,62884,63022,64846,68655,68718,70708,71259,73472,81934
2141016708,5439,12570,79798,96624
4003053552,79770,84311,96764
442149147,73604
1808801961,2821,6121,12037,25662,44767,65383,68148,85166,88568,91678
3548624101,5436,12124,12211,12567,13828,14993,15221,18251,79795
2866198330,3906,56123
1814707351,19533,37884
977273288,37649,75239
1451073427,30890,35564,38512,76032
2839480193,29382
937440581,2635,75657
999341400,268,1578,13462,65368
1631516694,5435,16724,82372
2923978591,25452,25836,26610,28768,29371,29614,32191,35442,36030,42496,43525,44381,46030,47954,54101,54326,55576,60242,60932,63833,69768,70306,73951,77413,80140,84032
3609006287,75899,76738,85129
2163479434,5722,21887,41474,58695,61608,62098
946083112,70438
1586899318,5433,7013,7573,11592,18506,42441,56650,79940,80646,96319
3240035914,50780,73669,75801,86745,91849,92933
4171788541,16833
3556179404,75032
2298438085,5432,7012,11103,20845,38119,42440,46069,52628,61789,61877,76295,79939,80560,80645,82317,92484,94457,96318
4279290330,5431,7011,9900,11102,16145,42439,46068,50001,52627,56473,61876,62932,75538,79938,80644,84123,86056,94456,96317
3077403426,22532,57740
3918042874,5429,6702,12094,12157,12825,14177,18521,26083,33271,36806,38877,42437,49413,50897,53478,57041,61982,74094,74364,75122,83168,84641,84785,86054,87794,91113,93884
866364992,916,17221,18397,21785,30767,35789,65265,66854,71428,77109
2979385339,5410,6020,28382,38822,41145,42097,48673,55203,95906
3623315480,30327,65280
586163497,15927,16404,29671,46855,55824,93460
3175978732,6732,21005,32311,38632,42395,51882,53669,57435,58334,61635,79049,86662,91351
459853834,10646,12269,24175,41897,60889,68768
3008542415,961,3199,7111,11954,28304,35512,38514,38786,52488,54415,56111,79396,84093,85301,87767
218762255,36746,93251
1469148512,5396,37247,46116,87418
3793758185,8108,63958
2121252667,2246,8602,17429,22247,81146
3329961640,5392,40575,78572,80372
3536927867,39079
1070461831,5381,12921,14116,15982,32404,64590,66100,68947,72066,80572,92407,92607
2228078320,1540
3856607345,24853,38314,68855
1763277794,5380,32403,44731,66099
2150809281,48001,91364
1961455010,5379,32402,37106,41861,60023,73087,77479,96286
2760569323,5378,32080,90624
3494030546,21817,34874,43487,50144,62310,73913
2580137332,37643
100915664,5375,32077,81480
3914930524,25158,39797,51242,70986,88839,96893
2186574761,22905,37047
1539224647,2011,10066,12334,15643,16127,18944,20270,20396,20816,22090,25858,25913,29716,34861,37037,39652,45311,46678,47382,47745,61303,64187,65218,65901,69338,73209,74308,82497,84208,90694,96224
2402261450,20538,41662
3002084758,4628,27964,40199,44253,50980,57004,64909,68239,80677,89417,90845,91817,92638,94013
4171501446,236,14270,53914,86362
3701176408,9415,16260,20502,20529,20758,21668,44929,46107,56652,57593,58416,58591,61847,63491,76469,78015,82334,88928,91080,92074,93220
2668304537,5364,6195,29015,52269,67279,80868,85093,91970
337846649,5363,6194,83205
4200736641,7854,14856,16116,29005,31986,50558,54976,66707,80876,87693,89180,90859,91720,92798
3060816979,703,4684,5716,10994,15570,22488,39447,41546,46224,64690,76898,78678,91046
3794404682,52750
3788026866,5362,83204
200180719,594,1382,4335,8569,20423,86296
3553574651,9417,15391,17506,19214,20351,44046,54648,56132,65761,70587,82336,84407,89622,90461,92331,96459
3499143834,5361,6153,23977,23985,31167,42784,54335,81996,83203
3411863003,91686
295219773,10288,17880,30784,37974,49705,56555,57294,81719,82519,87255,87574
4126412159,5360
2815335746,2852,33437,51970,57425,94270,94300
241244065,35754,61252,65783,71370,73982,74770,75265
57389880,5049,46526
1390944915,5359,41595,48728
638263050,96340
967852122,5342,18109,53224,60119
563623594,5341,18108,41520,53223,86566
1228296950,23453,29932,32969,37253,49043,72668
4118538207,10760
2415524319,75476
982084456,12725,13343,20200,24848,29800,34386,64298,73556,73724
2305889151,92726
2906946875,5340,53222,67627
1692612264,21376
705154941,80620
3469423837,9638,11183,14890,21466,64127,68962,77197,80358,89103,89582,90583,95497
3312283059,5339,7565,63173
3010684453,8989,10188,35447,51338,52057,54827,57516,65381,88171
1175160376,5337,7563,21124,23322,24225,25029,41824,46196,46628,49036,50435,62809,67543,72415,73410
286464757,332,63385,69399
2225938029,34394,81139
3189898085,42168
2181585949,317,15097,16017,76553,83662,88696
1057758188,11419,19188,38640,40308,40552,56326,66667,67761,96579
1280969585,1559,4160,4580,4829,6779,7601,12078,12194,13581,14259,14600,17988,20148,30843,35686,35780,36385,38180,38447,38736,41939,42337,44625,45789,46358,50517,54343,54484,56189,58791,60274,64108,64221,66804,76475,76568,79542,82085,83128,86936,89966,92058
2558590145,5324,31980,78045,90776
2643885505,34188,50369
3823966908,15963,62166
3232193021,11111
2047661169,67612,71884
890679056,5322,40806,55962,96500
3420453441,9319,15061,23408,26189,55322,70205,80654
3418625671,61455
314043714,34947
1923110784,912,17227
142134839,5319,6790,7221,7794,11626,28785,39853,53837,55846,56715,64670,82389,85174,86558,89069,93438,93537
771381555,1788,19109,22075,42406,45437,46152,71265,80022,82435,92749,94042
1163655115,11715,30073,33036,45078,51638,69040,92680,95786
2331002405,88422,92284
1612057953,49096
3319383866,6391,10110,10378,10640,20483,21193,22481,22626,24218,27891,29861,31306,34519,39972,40562,42424,45187,46531,48878,52811,58293,59782,60136,60676,63736,66867,67439,80785,90036
633674877,40640,50249,55817,86749
1849986109,6878,17292,20134,22157,43174,57175,64892,72024,83900,94989
3656091019,4633,42656,54666,96602
1703476360,28075
3031483508,5313,24046,32616,57432,63609,84245,88586,88785,90647,94826
1895241068,30603,33012,50675,84086
3735674991,5312,57027
863508613,3696,6620,11584,35423,40526,45978,47994,53795,64784
560310549,11687,16043,64314,94494
2954408947,5602,40871,54205,59915,72808,87337,93088
1060974823,76917
119141132,61272
109728710,5305,8581,10580,13764,61644
3588707543,5302,5860,8578,10258,17813,27485,66726
4026142523,6292
2574896820,15823,33257,41196,57712,63104,67255,67780,75800,78751,86744,91848,92932
1105220535,5297,7478,27853,28023,32104,42409,46956,54094,62304,71268,76943,79167,79295,81008,82140,82546,83405,86487,87667,91403,95547
137710490,7941,45054,87188
3223741496,6217,12013,17231,34618,59711
2802258635,1259,2679,3239,4612,10249,12598,16950,19221,23325,30688,36113,43456,46139,46211,46214,47824,55273,55504,67240,69148,76606,90531
607339903,3850,7503,10093,13348,24387,25240,30674,35310,37469,39990,43008,43344,45204,54971,56402,56590,56776,69213,69409,69541,77684,79650,80672,92023,92080,92366,94594
1506637676,5290,10742,67431,74262,89740
359639908,13684,27652,32272,33833,34680,35400,36170,40828,43119,45884,46748,47058,47876,52578,66796,67229,69648,69845,74995,96088
980112689,35650,63079,77521,95346
1143904262,12368,14076,16896,24355,24477,29035,41392,53957,79803,85111
1283070195,12228,19574,24617,37707,61326,63702,71070,74958
1910685026,46553
1979889473,12757,43700
2628191446,20372,39120,43918,44459,96857
1883218648,2361,7735,8618,8639,22835,26035,33887,62138
4137056528,5286,7950,8324,9676,9748,22193,23101,26427
3835374955,85585
1650072880,14981,25935,83903,91549
3644734834,5283,8844,28236,48514,70663
3822654597,4474,22917,27993,31180,33190,33855,46762
3564617769,5282,8843,28235,38890,39813,44892,47941,48513,64270,70662,78133,81568,84035
3182920015,5275,20417,94207
1096408526,8260,10618,12926,30469,44327,44909,87545
4106151708,37738
1102559844,5273
1429972395,11946,54625,68497
2436102605,13601
60058466,5271,81341,86111
1387203036,32362
1395917370,22561,25843,48436,52986,61512
158880385,8957,32255,40860,50525,52745,62961
1461778337,5265,35257,96266
1026856781,31096,80870,85095,94771
79680652,5264,27313,49711
3400289627,4804,5863
3898973174,5237,8412,12264,19502,22498,22771,28116,28443,29211,29603,29641,32547,37770,38459,43145,47536,51488,57298,58327,58869,63122,64426,73144,91638,92599
513527086,39936
3185420518,22765,43964
549912868,5235,5767,6496,16766,24863,29910,88944
4097189212,71242
1145854858,5223,11701,13094,13979,17153,17572,17924,19010,20838,21402,21744,22562,25844,32102,42449,44375,48218,48437,50987,52324,53820,57060,57727,59193,59657,60318,61379,61513,64092,64620,68562,71062,73533,73652,75069,76083,76860,78628,80313,81165,85063,87248,87893,92034,92424,95074,95099,96203
3520463529,30846
3261115695,29178,53163,58187,81771,81999
698458849,5217,18445
310603225,10003,11037,26091,27373,67188,78847
3673023824,10496,13927,63269,92544,94787
602200339,56462,96353
1724155898,3031,3877
3263855327,4681,5544,9197,11414,15368,78470,83765,85084
2865740316,27259
656572865,10334,10715,16888,31246,57223,65385,83694,84881
58039350,5216
2599103871,6660
1926012830,25709,26137,60657
1155591157,4456,18336,21229,23616,36400,44995,62920,65732,68098,76813,90255,90899,93247
3499436263,5208,92457
1213814462,9921,66677
561679476,4061,5145,13207,18734,26400,48446,48533,59663,63439,67237,75021,76501,77874,82479,83057
2084074442,32073
1289657531,10898,84346
2336159412,22407,27317,29224,31808,54713,55486,65073,76805,93829
1376735293,29902,48559,93130
2351146929,5207
2187419019,5204,9189,11100,23544,25603,32280,35133,38704,45689,59944,63230,63484,63499,74371,74472,80998,82052,82638,87530,87889,88525,96563
2295814089,89134,95036
3857581782,9072,73461
2183519416,36672,61912
4043810045,6743,92420
2638432933,5195,11988,12141,29171,42347,44857,54142,56322,66715,75285
1619086450,21272,80710,83587,87264
1819664972,73546
2192870076,19656,49596,73115
662848956,2687,21044,25229,31621,37365
2179168778,5194,44856,54141,66714,75284
3737448382,10087,20212,50067,64952
3465102866,11486,18916,32627,46232,62479,75481,75511,77568,79478,79513,89722,94277
1429473731,10717,77611
878783087,5193,19634,27501,31232,37538,37928,38034,38451,44285,52062,54140,70916
1905010458,5192,9633,37537,38033,52061,70915,90851
1437373596,66378
12266041,8258,10616,12924,18404,87543,87906
51247126,83122
977393447,37502
3806197364,5189,8100,15418,26193,35145,41187,49556,52058,53695,56501,81444,89491,93144
3608995829,3285,26404,69218,76177
734272418,36224,58642,72743
2600866683,39966
1328312372,5187,14385,16160,16580,18851,43382,83054
3362281622,5172
1570932684,4746,22270,27217,33140,53633,59303
2943294672,5170
3081764755,14792
4250004293,92089
3180279961,5837,9450,13193,84069,87762,88735
1050809493,4298,37733
1053895533,5168,18149,48861
881530121,9684,20121,39930,90370
1202778570,5155,8934,11741,16903,20163,42380,72407,74116
3274868748,18372,22004,24816,27068,37095,39009,49497,62732,66161,66447,71866,73320,73824,96913
4146996210,17530,27052,86961
1465269172,1016,5882,15913,17739,18187,25791,43421,45347,54145,56826,60077,78732
1824697233,79844
1031456368,27610,28602,28674,28937,35121,43857,54063,63432,66402,71488,82851,88795,88805
1097780511,37415,82422,88812,88998,91609,92475,96595
1866101603,19254,80233
576856959,6216,17230
3021584020,15185,22137,26319,34649,47564,60205,91510,94408
4077188057,5154,42379
3710365926,5353,18197,26342,31457,35155,37115,38324,40731,42174,47508,48233,51554,53672,54726,55509,58432,59299,61569,62108,79336,80284,81391,81565,82467,84161,87038,91171,93232,94883,95021,95342,95621
3207238538,24170,55139
2651879923,30316
2147361114,11728
3069530863,1367,5180,11046,13242,23156,25049,25243,35368,38927,44962,46256,48506,58111,58263,76870,92026
621735369,29202,37540,66042
3520755225,5151,83641
2067369804,70004
694133438,5977,82550
1781929504,21379,52033,62749,71946,81912
3657135993,5150
982479420,91016
1939357556,77277,81755
2481343331,5148,7802,18245,24777,28698,35161,35343,46534,57446,74906,76105,78874,81173
3382672465,68555
1887768972,11978,15247,44678,58351,72224
454639154,6792
521580603,4394,5355,6061,11010,20293,23141,26700,42498,45505,49078,51081,51377,51556,53355,53463,54103,58434,59009,62110,63650,63835,66254,67020,80142,81393,85483,89780,90697,95023
1175589630,5138,29182,92295,93479,95764
2124923519,1092,2541,9237,84967
1245299251,14658,39399,52063
2987112105,8310,8896,24887,28694,32292,40122,47526,50286,54166,67415,69728,84817,85795
1355980543,38077,52056,61503,72271,90232
1432822939,2668
2367455870,17690,46571,55599,61659,76446,84116,84317,84459
3090454627,76826,93826
3705656701,676,50925,54554,89982,91562
79759629,6475,37595,39073,48894,50855,91258
1008625902,63258,73611,77204
309509257,51388
2109802125,40317,47105,59605,59869,60773,93960
309972163,16093,24772,44439,45991,55993,80253,89426
2010971694,5122,8794,27971,31991,77099,78583,80715,81588,82575,83078,84062,87606,89724,90729,94183,95393
570268783,20052,21464,25727,34691,35350,54586,89517
706586275,892,5277,41950
834454553,15303
778029883,3813,60311,72306
3022806333,5108,18921,22348,26463,46940,48800,50109,86534,93043
328699759,22755,35772,47529
116277339,5107,18920,22347,26462,46939,48799,50108,86533,93042
1633321490,4113,15844,25405,29557,30129,32032,37494,56573,59632,73491,77963,79561,79867,85079,91836,93744
1623497596,17037,30974
435032098,13941
109337078,5104,14015,18800,20473,21286,49776,49968,51233,51313,56659,77733,79986,92300
323125460,53431
1546174546,41118,49205,58212,81209
3291973091,8456,16290,88536
1238575817,5565,12673,13125,13170,16373,17798,21813,24911,26330,28251,31126,31994,34894,35381,35696,36310,36684,37475,45705,46650,47891,52100,54004,55557,56945,59204,59336,68757,69812,71811,73263,75450,76126,80072,81319,83728,84924,88035,96301
3213052924,1189,8136,15506,19653,33406,36942,37570,41157,51194,68065,68214,71593,81154,84145,91233
2810735391,288,17984,56090,59779
328350532,3467,57576,96574
1472036956,5103,9392,11241,19490,51232,51312,51435,55885,67962,73800,77097,78581,79985,82024,85008,85755,87604
125456742,10584
3029431044,8173,18475,24521,27557,33924,36758,41653,41666,52225,58840,64066,68372,79047,90871
896573895,5092,24525,34169,52679,58510,58801,71617,77018,83293,92914,94436
1076661813,2429,2760,23004,24878,26307,50255,61320,63111,65472,65597,70080,71954,72738,83462
126349552,5091,34168,52678
954314338,5090,52677
2441905366,5074,28156,44525,47434,52752,53005,54501,69564,73368
2051186985,5089
4072889217,18652,19617,64487
1475837743,5081,34436,34470,39054,46310,58460,81849,95047
1544240030,6649,47727,51349
795368673,84919
3745648630,10156,28842,29471,31854,38532,41059,44570,59181,94755
997838614,5078,29922,34467,38241,96297
2336457220,13663,81533
2989158266,9435,16296,50330
1377420465,1008
154757134,24995,48515
2577133081,21809,27350,91484
1300892306,22452,70421,96698
13782173,5076,6056,8351,9806,9832,12239,17486,19212,36507,40883,42095,45280,45458,47436,48163,50334,51530,51940,58157,62018,62865,66146,69744,72758,72861,77908,78009,79288,81359,82342,87389,88329,89476,91059,92329,93076,93795,95845,95904,96295,96457
2280495396,18373,24817,66448,73825
2486503280,5625
1066992254,5800,37934
4231838944,5072,28154,31253,44523,57899,86546
3914445413,37576
1499880833,15196,26441,34485,46489,47102,55613,64180,67458,81760,86776,94942
987585959,5638,50273
3025245069,2411,5033,7568,9852,12044,13510,18233,23482,25226,25302,27275,28338,31705,31849,38885,41135,47981,53087,58609,61256,66512,69153,71342,72133,73072,73645,74012,86759,91229,92742,96543
45056241,22747,61038,74665
3659483426,76345
628554957,421,33787,39189,39316,48007,51264,59535,60368,73864,86365
284744384,7227
2294657965,7645,86202
283064912,2245,5770,18314,22246,25182,30296,40048,42776,55365,56393,57556,64547,68742,87353
3159877606,8954
363689997,5050,9985,11750,19790,21451,23383,31537,33991,42286,46527,52709,58543,59686,61811,73560,94558
2589294116,52347,68230,72604
2172318678,40881
248789946,2092,22017,28087,28610,47750
81700543,80810,89438,89586,91554
3542642969,6271,24212,46680,61305,69822
4139277369,12512,17313,29852,43649,49255,49897,53247,70151,95268
3422960921,25621,49676,58023
2591401726,29463
3514876923,8048,14068
3868324482,988,45153
2971649843,25651,37064,43968,48984,49949,93819
1818911035,5042,50860,89224
3101321209,18835,60334
3065345662,13405,17730,49032,57536
1904295613,5039,14685,17032
1910565184,36225
1465054498,35408,39767
3435676458,5011,5911,7518,28367,46145,53748,57755,60916,76615,79350
2319766145,9922,16877,32453,38419,66678,68248
1661852011,44411,50726,55254,92130
3544516430,22102
2713621778,32030,77961
1330458650,11031,16113,20386,24905,39692,43680,46783,49454,60092,60754,62267,64023,65285,66304,68697,73508,80474,82846,85383,93753
1962236605,37227,39457,95515
823936366,1604,2529,11556,27025,29591,59165,66572
563328938,9947
1191217342,2896,80698,87559
1068555992,13014,21354,27380,33462
990352862,23279,72894
1994781731,5032,12043,31848
2080870030,5031,13377,31847
3791604872,4305,21945,25167,30278,32653,38161,40671,44923,52722,54043,54646,55201,61144,70548,70585,71621,72614,73501,74537,79001,80126,89761,92103,96030
3731812847,5023,33168,35856,37035,42258,61680,65216,89816
1610206303,69544
2946101585,48769
1516596423,796,8402,17882,19147,36643,45843,52237,57296,76557,80272,81064,81721,87257,93118,93964
863076019,17062,37841,53526
1870005745,1824,2352,3339,5096,5125,5244,6411,7809,10316,10463,14537,15107,16038,16636,19284,19773,22341,28032,31322,34573,38999,39999,48197,56997,66156,71385,74649,76153,77640,79419,80958,82104,83192,83559,86680,91020,94379
2375655618,2630,3419,5846,24385,36543,36736,41204,48176,50119,58343,66074,67545,70114,73412,88071
2832320844,784,8447,11228,12311,60217,63114,72881,83858,90198,95655
3137170162,5015,5639
2977871696,2637
1375574011,30468,44908
3894273597,97,26564
2962366832,5013,46147,52639,94618
3332998891,2660,14188,40212
720254559,4164,9154,16422,58526
325562346,27928,67469
60471510,6524,21530,24682,53996,64101,67004,89660
117631252,5012,28368,46146
3011505112,6291,7534,54846,56464,76181,87192,89338
565386636,5010,5910,19950,79349,79629,91390
873148528,33539,51093,61979,64354,65352
3093722779,2574,3365,9432,9835,11663,11693,21671,38612,38982,39239,42579,45225,61699,68690,75660,78805,91062,95747,95976
2197694567,40104,42689,77945,94262
2725175954,37503
380123514,5006,9368,14474,16777,19051,27850,32468,57381,59019,61208,72691,79524,82447,86705
1192138841,93568
2199833769,30755
2930402305,27171,27482,76246
2273975880,773,34523,39707,48081,48231,59389,62092,66069,80277,80856,81354,85192,86325,91277,93624,95727
4059944379,5005,27849,49646,57380,61207,65662,82446,88055,89742
3351790639,17978,31150,36137,39016,41625,52380,82464,86841
2955224177,11783,56799
473417381,78023
2410241802,5004,29091,41472,65051,80793
2216421891,344,3190,10516,14552,20706,26217,31063,31336,34953,37958,41321,48522,49719,53349,55418,60473,63084,66781,70732,76775,78410,83849,85996,90768,91490
2136604761,7426,10577,13761,25896,33300,71124,71457,85945
3056699619,5003,11042,29090,34291,42835,80792
2656557370,59050,69322,72408
604520789,14541
553782540,28229
1562840469,4998,19596,27642,28062,28141,34036,38068,45103,46452,49161,55550,61813,69139,71133,87146,94560
2546606275,4997,8692,9986,10229,11751,18159,19595,21452,27641,33992,34035,39969,42287,43295,45102,46528,49216,55549,59687,61812,62987,69138,71245,73561,89701,89860,92137,93108,94559,96054
4077924826,4995,19341
1741296418,3074,18479,25934,48074,82573,83902,90320
3179288190,4994,19340
1433702297,95565
1002531075,82874
2882546643,27996,31443,36320
2152441013,5177,10298,13074,28727,32085,52741,63561,76867,79429,92234,96260
4148704708,4980,42800,55497,70256
3640491624,35894
2227757686,2180,3124,18883,22155,27096,38275,45240,77059,80193,87785,95419
2640129781,4975,60491,93399
3613051948,1741,5024,13409,18871,27778,46620,61521,61681,65025,74193,86898,89367
3302081984,26821
1212217526,65868,69319
1310765070,25364
2065790473,4974
1775838639,93863
188405380,4972,16125,26243,37275,39650,47743,59526,60747,64941,66321,67978,70796,71725,72386,73207,74657,79784,82495,91629
2687366337,4962,11644,11785,26383,51058,56801,79415,84600,92633,95810,96189
3802212368,4961,11643,84599,92632
4153694144,36528,49743,71829
760733838,55527,56362,65145
4125443250,28306,38516,38788,38839,58014
698165094,17465,23525,33782,43318,47516,55439,55972,78793
3209846942,13569,15365,20218,83648
482208988,8689,34032,46163,62984,68671,90109
1769578321,10862,39055,95054
1683785876,23795,79155
2015248291,4715,6959,30498,33530,37627,42538,58781,68406,71263,71698,78096,81422,82636,84542,91168,92747,96561
2654701496,350,1830,2391,24634,26093,30588,30913,60632,67190,78849,92690
3508226110,2218,60797,71603
1385390628,5548,8490,76882,76895,79209,82017
2186135350,24250,60769
789386987,4960,6097,11642,63457,67875
3176077195,39891,69052
1763416668,9772,42485,75699,82689,91338
3351542604,77644,83263
3946428248,4957,12506,16878,43107,66679
2644725265,5649,68782
1145361149,50745
3679540046,4955,43105
3267361215,45200,74241
261455387,1231,12180,13390,17733,29315,35818,36485,53275,57512,58037,61045,63334,67260,68753,69043,74759,80745,86029,91307
3733937544,11560,13352,27946,91842
3191820419,6688,21321,31317,45716,69032
1437924269,4954
90190407,37659
3908084793,36333
1118290329,16129,18946,27460,34368,35908,57695,60862,69846,71161,74818,77751,84590,95838
1868120898,34245,61235,70493,73743
3027307262,10223,20914
1405998543,26905,34925,39841,43219,45481,67738
4091710011,4953,30361,40694,82758
454884308,4951,44409
676748833,60218,83859,90199
2314150223,51955,54673,56648
3858301771,4947,7435,13715,15922,18895,21582,26289,27195,28279,60075,61260,67367,73759,85610,85910,87360,91050
2578356198,4943,8092,17612,52775,68529,79326,80940,83678,86916,94693,95500
1170778017,4940,8333,14912,30113,31451,34164,39730,54524,56085,57086,59702,60156,65728,74721,77133,79573,86806,88005,89471,89631,96618
1244349497,10426,13168,14467,35379,35505
2814893992,9606,60914,84753
2743265972,42217,80800,83433
737288538,23644
501875120,166,50619,51686,76454
796003172,4939
1381506240,667,65709,65811
1267451345,12954,30937,33005,49085,55145,57705,58442,68609,68858,77956,83974,93505
728148818,1580,7037,16773,28270,34173,34229,45702,58950,64071,76188,77629,79693,84751,89399
1086952402,28748,35231
2327408169,64513
1083579747,43703,61662,64572
705025507,4937,74644,89394,93186,95192
497236428,15259,72400
2167005694,22054,50865,57369,65653
2935971073,10242,17678,19062,25145,26296,63861,68284,70738,89247
2945100608,1711,3299,4154,18907,19186,22307,22466,30957,34793,40306,41528,43400,48814,65209,66996,72221,72601,83843
643080391,4370,4738,4786,14012,17894,18808,23857,26145,29806,33739,36364,40873,56656,58481,61099,61483,64289,66103,68850,70903,76719,80303,86498,87945,93782,96034
2137366676,4935,46282,74642
3336081926,42567,42859,69274,76080
1654884485,4934,76532
4287305053,10983
160898010,35224,58601
3197522084,5669,10219
3727452345,1888,6445,28353,29663,52952,56570
557163453,18659,18974,34898,37909,46881,48331,50527,61237,62349,62963,88623
571719275,4924,19511
2752765484,52688,70441,72316,78945,92733
4088866502,23133
556816571,22006,68834,73322
3793279089,4922,19509,21723,23257,27756,51527,54163,59254
3454455005,81786
1287694887,55221,77726
891473068,4921,24404
3208616497,91987
225444497,1696,2735,2906,2971,5220,17509,22303,46302,52739,55922,65764,74005,76865,78167,79732
1735956777,4919,11310,21810,24235,27351,33988,39714,43270,43369,43675,47931,48242,50614,53186,56271,57613,60108,60993,61715,62396,71759,73850,76905,79449,82256,88468,88642,89750,89848,91485
835323634,21493,34408,60220,77194,80610,83861,86528,88579,95770
1265500691,7982,26166,49717,79136
2903985787,7853,9908,18582,22179,24294,27598,31667,33612,39310,54607,54975,66706,71002,77025,86094,88461,89867,92218,92797,93653,94430,95966
3335720985,4913,5779,14386,16161,19466,39671,83055
3955681963,4899,6863,10037,38553,43817,45181,45961,48131,49325,59325
645937538,51993
3905875892,18688,53231,53798,66516,66731,70156,71200,82324,88713
4280013869,16313,28289,96369
3516163473,69909
24617817,516,15869,17525,34546,43442,43791,50353,54517,62572,64143,64790,71509,72398
531808491,4885,37054
3342235209,13092,17481,17516,19262,21742,24343,40336,42771,47027,64982,71060,76522,82980,95174
234717628,38237,49027,50151,71372
3531611311,3465,30429,64498,68376,69973
2090635775,4880,19399,40547,60973,60979
1503265261,4875,9719,12177,17781,17840,19074,19690,26799,31371,36805,36917,38876,39215,39323,40168,40729,42436,46512,47023,51552,53477,56544,61733,64456,64702,66745,66934,72107,74093,74363,75121,81081
3650272893,88413,91689
1860884033,22128,27499,40919
1889674753,4874,22190,26798,31370,36804,46511,51646,56497,61732,71202,73239,77704
2298568333,38683,71089,73766
2204649849,677,50926,54555
980607125,41184,55154,56938,57001,61516
379909439,4869
3595282912,70300
1707757980,27761,34266,67390
110107922,4230,10498,11510,23950,35574,47753,53310,58520,64815,76385,90932,92462
1724466880,233,93123,94735
3287879515,4863,11297,36332,41739,93971
1809798352,4862,41738
21675718,27791,49058,64035,81415
1935441033,21557,30123,49700,50241,78323
2140271295,44530,71885
2940250014,3383,4560,13584,14603,14706,56483,57217,60180,60872,82720,89043
2588510493,34322,44843,46201,47070,52198,68865,83708
4251320279,4860,14171,45330,64665
3860637942,62412
3240961110,40449
3063822414,18558,32644,76980
2539934134,4852,80460,82348,82826,84454,87106,90126,93336
3763058143,9533,13238,31031,68957,76668,86289
2487101081,4848,33898
188211001,28137
310802915,15311
3359084660,9734,59862
1020582160,81793,86266
1422796040,14516,14817
27396730,78326
98838556,47570,48937,59351
2041886491,13867,84176,87005,92415
2001528071,4842,89590
1188251417,11716,14637,22302,42413,79731,92663
54295492,12690,19199,48846,91605
1850191403,4840,5637,50272,83596
948199982,2898,6577
708800004,3362,3449,4533,8525,12649,14145,14975,15389,15590,20433,23143,28924,32569,32832,38475,39946,41657,42003,43685,43714,44082,45507,48671,53318,53850,55728,58536,59776,61421,66082,69386,77159,81558,85032,86097,86608
2774791224,4835,10593,17314,39609,43650,48405,49445,66673
2580323647,2907,3423,5221,5469,6704,6820,8029,10921,16988,17357,21400,35392,38001,50667,57058,61377,61401,74286,74886,79733,87312,87891,89890,91322,95072,96201
1604222937,4822,8854,9884,12675,13071,14403,14562,20003,34379,50719,51308,52357,65958,72579,76756,89307,93324
3408408404,33340
3031217165,10021
394787476,6125,38156
1575471489,79405
2800783671,75697,87771,87828
2635320493,25534,90209,91794
2730010487,10012,53235,64233
1825514785,19508,24737,28560
4096891659,33935,91779
2476669225,27904,66580
1544771205,72675
2940612814,256,578,5536,7785,12332,19519,21424,35941,45233,48709,56099,61165
2904146108,5321
230009596,11036
3827124427,4799,11725,11779,12531,12769,14000,15785,19644,22739,26932,30962,36974,41363,41376,50562,53176,70992,72494,82268,93081,93924
2947202303,299,557,3769,5028,7394,7819,14307,14312,19141,19638,19805,21717,30916,31844,33696,37623,39568,40659,42986,49175,54511,61506,63556,71445,72077,75812,77547,82658,86102,87998,90734,93497
1529861282,31981,90777
176864195,16834,20911,28932,46325,90151,90288
3263679234,9621,37428,91076
3435665719,4796
468801157,4661,75903,82003,88544
3528817691,4793,8754,16527,32511,37419,81279,83448,84052,84436,87034,89002,90823
3302525875,63090
3748150051,398,1064,2344,2786,2889,3543,3988,4055,4480,4518,5336,5945,6715,8181,10051,10793,11085,12246,13337,13563,14252,16196,19642,21202,21555,23321,23770,24224,25800,28999,29149,30658,31593,31938,40071,40281,42399,43655,44870,47416,49035,49479,50996,51261,51641,51932,52658,53084,53366,54779,57840,58194,58437,59586,60542,62391,68668,68950,71115,71553,71672,72414,74916,75404,77655,78100,78333,82584,82649,85733,88782,92001,92793,95675,95921
1634501192,70023,72951
2412774763,4792,16526,83447,84051,84435,90822
3353106446,4791,24589,32035,83446,84050,84434
3717502422,14538,27286,30076,34574,81091,84555,86194
2241445870,24719,24789
2851580892,66343
3779270233,15378,17743,48807,52692
3453525450,79340,93805
1102991650,12591,18092,22535,51088,55706,57743,80935,94553
1470973040,4770,10311,26250,28634,94522
629233238,4763,6014,80811
860488040,62261
2103416367,10287,82518,87254
2010398130,54445
99625030,32329
1088016338,71542
2600741712,2480,21501,27418,64083,70762
522938585,4757,10821,13782,21594,22436,33430,35283,39505,42047,42145,45671,48703,51787,59522,60411,66912,75808,94017
3346376455,554,1644,1791,2725,6561,7875,10835,13519,14309,19054,19623,19757,22311,27962,39338,43358,50650,52592,54513,60355,60706,65677,75673,76681,82541,84418,88319,90658,94045
1177391552,28318,60524,71996
129348205,67698,87439
2646168127,17454,94802
4090922887,2783,12496,13842,20736,30010,32795,34039,46415,84828
62475997,48943,66427,72514,81967
472327826,6362,29064,48006,61998
1568797749,64672
3860311034,29119
1123320911,4754,33442,55733,61852
3980268692,4753,69059
555574563,4751
3428437276,7769,7928,15007,17305,22153,27094,43885,50931,55469,83343
3319549958,4750,6791
284479501,4748,11787,60510
3320936934,4744,22268,45341,84651
3338575411,4743,14512,22267,23068,25422,25928,27906,29283,45340,47295,47491,47500,53844,55915,59738,60792,62231,78545
979403710,1246,9607,20776,35294,38577,51145,53747,57754,58011,60915,82954,84754
1131297820,267,1577,65367
386250613,4034,12608,20451,49746,59265,73324,75772
464956059,77064,92449,95967
3184168771,4742,21842,25421,37188,45339,47294,47490,48457,50950,51441,58986,60791,67388
2714314947,4312,66919,91468
3230943760,9281,54134,54426
1857099443,8835,10589,19056,21009,24602,70498
32431477,681,1734,2029,2966,3472,3493,3689,4171,5199,5304,6784,7428,8580,8778,8786,9207,10260,10579,11476,12423,13131,13763,14589,15305,16388,16799,17297,17815,19798,20809,23055,25898,33302,39280,40840,41181,43315,46294,47127,55796,60444,61643,62768,63381,63771,64555,64559,64826,66728,67804,68182,68506,68797,71459,75304,75650,76422,86797,93943
2587969737,25714
2162661991,4741,5494,6497,7641,7779,8066,9605,16767,19558,22170,22454,24090,24133,24864,25420,27754,28245,31352,43072,45338,45594,46989,47489,48456,50949,54161,58985,59252,59280,60790,64147,65526,66106,67387,73999,75027,80306,82156,85719,88024,95460
575756483,61148
1577716520,58040,77031
2851556681,2242,37214
1973307293,94763
3214435430,4740,7778,11600,17790,22219,27753,28498,58573,61101,61528,66105,68852,70291,77003,80305,86500,88023
2985070985,29277,70768
513109621,49310,78366
1794201976,11263,52169,57260,94448
1040090760,6278,6864,10538,12339,27355,33130,37610,44026,62358,63686,70919,78912,80309,91933
2943523394,39876,53750,87591
1874390553,4739,4787,17895,18809,26146,27752,32429,36365,54528,58482,58572,61100,61484,63804,66104,68851,70290,76720,80304,86499,88022
621269392,4737,20864,38230,61907,66102,68849,80302
2438856610,71780
4250567826,29579,59176
119150918,4735,16722,19135,28258,28652,38228,38377,39641,48641,48737,49168,52392,56103,63278,68847,82370
3384372657,43880
4198135688,17308
2508184689,11097,21763,24702,34016,43794,63496,64274,75010,83666,92581,94039,96288
3792126531,79394
3202692891,4734,11845,14838,20718,29598,33669,49167,52391,69363,73960
4094615694,46966
799316465,36158,42042,59951,60182,67868,69472,81295,89265
2703514121,24140,34487,49184,69816,83671
1896936959,3068,7157,32338,36096,45578,53632,59302,62438,74352,79146,89906
1225443918,26374,69616
2622699962,4584,21764,34017,34501,56476,57718,64202,66484,68620,75011,79667,83132,91381
3300960120,12939,13169,13406,14468,17731,22977,35380,35506,35725,44485,49033,54721,70640,70764
2307236024,1204,13149,23153,36003,40324,45686,53899,62199,65819
3410256533,69061
4037185559,4733,11844,14837,20717,33668,37269,49166,52140,69362
2200834369,27523,52605
4292629432,7981,26165,26391,49716,79135
3935060264,4731,11842,49859
3858060674,3553,14419,18154,39112,39249,42079,76841,83750
3463201856,18069,30412,51872,61080,73926
1940796150,65661,82445,83744,88054
3728693424,12226,28313,61365,71068,88193
1605904825,30523,30877,42896,84128,88131
2698851608,14909,30681,36567,55713,79006,79816,88266,89679,95435
69957000,27147,57210
1521784518,949,23290,35821,84046,91635,94648
124380652,4730,14999,23381,42284,49858
419558313,22103,58057,93422
1656839505,1170,13138,14193,23301,32283,33247,36629,40246,43954,50722,58050,61618,69275,69872,77215,85354,85663,87052,92757
3233364565,106,341,365,1745,5833,7961,8156,11399,11536,11619,13157,19126,20327,25495,31060,42295,43214,43892,45018,46624,68997,74197,87462,87953
675011688,8994,9678,45972,83034,87653,87973,92715
1529480411,88633
1644126797,8020,20175,29695,31835,32180,39491,40679,40938,41274,49062,49242,52731,53624,57038,79924,90416,93808
4259430702,10183,38425,38841,40795,66050
3050705985,32167,62541,65742,69853,80398,81688
4120512587,4725,11381,14004,19224
875470870,86842
4172853176,1704,6231,7083,10764,36639,41435,49101,57700,63189,72795,74949,79555,79657,83577,86945,89532,90281,90433,93717,95350,96065
2744530996,22085
1334129262,16484,78444,82045
3311100604,16359
3622464529,4033,12607,12726,20450,25001,29801,31744,37152,43546,48191,49247,65250,70450,70893,75771
595980267,32128,71107
366387128,32105,42410,62305
3797856758,51715
2863069525,25102,27098,29755,46004,54568,77061,80045,80354,87861,89099,92383
729535790,11875
3623885929,6615,50785,50857,77718,83929,91700,93403
2358187143,34586,81370
2782989972,974,2483,50504,68985,84866,85721,91026
593316007,360,2273,11288,12006,25764,25884,34195,34545,34799,47711,62571,62990,79253,90238,96938
1827499626,4709,5086,5872,8012,8571,13594,20647,24613,26085,28333,32563,35135,35752,50011,53008,55736,65888,74954,75178,78019,78782,84474,95688
2197667903,2259,96761
2367888726,17427,57292
3777824267,9897,47326,50033,62960,75237,75281
1105884874,26886,30277,40670,44922,50455,54042,54645,55200,57660,61061,61143,62422,69619,71620,74536,79000,80125,81337,89760,91134,96029
1977385892,4707,17802,20279,24018,25016,29665,38938,45263,64351,68722,71294,74892,84472,88421,88478,92283,92289,92628
1294707294,34825,35056,61008,81028,90455
3728105230,27600
173630075,5373,24311,44955,67800
308054369,43334,62900
1923802045,4706,8517,12736,15842,24017,25403,27771,45262,51077,59630,76716,79865
3680149748,11603,14698,20831,23783,27148,27441,28907,34961,38656,42009,42662,51681,56632,67276,70144,80374,81478,82875
1176955221,34587,34732,44421,62797,66243,81371
616513565,14664,22757,35774,36936,46672,52719,56221,57890,62136
2791279724,4701,9232,11062,11347,14459,18497,19273,29117,30537,33535,37053,38988,45873,54244,68526,76001,78700,83675,83801,84671,84797,85350,85601,91157,95128
3984190333,17086,19481,25454,44007,50105,52798,55299,55511,60907,62623,77864,84163
3696630164,15376,91437
414475231,2433,41443,64733,69351
2542616536,23642,32337,33926,45577,53631,62437,89905
545742920,4695,7004,38731,50059,50095
1383249611,4685,4949,6270,8970,9056,10560,10995,11040,13717,14324,16095,16150,28910,35760,35835,39432,40600,44407,46225,47513,57241,59789,60762,63208,66530,74104,78679,80568,80922,84589,85612,85907,91047,91052
363473578,47952
1474859450,5308
3331180324,1520,8671,23014,23179,25131,25321,27913,34564,35647,43351,43627,45997,61989,62399,63076,66872,83656
891665704,4679
1241831209,44758
3411343046,10797,24395,29078
4090390843,31653
1598299187,93762
3927127839,60456,60966,61465,71744,74186
1713305611,7253,29424,46041,94091
1062095513,4451,5167,12903,15141,18148,19443,19794,26395,33726,34933,41116,44359,44508,49203,51466,58210,74428,80659,83068,83616,85042,85958,86246,86786,86814,86992,94101,96659
3623634148,4669,7340,7547,79354,84445,84702,95016
3466708506,7217,7642,16768,28246,34142,62315,66107,66895,81669
2177197771,29094
1271933654,4668,7339,7546,46663,79353,84444,95015
1005608007,9246,21628,22632,22902,54559,58119,58708,65330
2011161029,11551,14596,16277,22425,32129,34538,34567,43696,66574,76096,81917
2525346727,6211,31780,33000,34914,54422,61140,63828,75075,78997,79714,81046
1930370446,4667,32027,46662,57757,76362,79352,85020,91516
1933517063,49208,53376
2416739493,14657
4043158113,4665
2868170722,40080,49278
2871693951,24346,70127,80210
945780922,11498,68624,85553,94109
3361350534,855,3434,5016,7233,17552,25373
1642709141,5703,7943,52458
3102574477,22981,24121,38384,41040,49012,77744,86904
2600343502,4663,87577
2852386673,31547,64197,66982
1337930536,6341,32819
2854023570,39497,47590
2462919434,4659
1854281538,289,6773,9617,17985,28837,29021,57941,59780,60405,67333,81860
1644507969,4652,6055,9805,9831,11662,17485,19211,42094,45457,48162,51939,62864,66145,69743,72860,75659,77907,78008,95844,96456
3111641602,3102,4854,11264,12092,14276,15050,18594,24661,28789,33269,39634,39779,40513,53720,55532,57261,63954,70278,73096,74782,79076,80068,80462,82350,82828,82866,84821,85067,85670,92436,94449
2316905677,90719
355238634,4839,27944,32678
1700559400,10987,35979,49462,65421
2076548209,4646,4985,7952,12091,14849,15049,18082,18593,27864,28788,30491,33549,33830,34280,37483,39633,39778,40638,43774,53719,56864,68136,70410,74781,75969,77072,77462,81823,82289,82992,85066,86066,87410,89796,89929,90331,90440,91425,96992
963374426,29051,55947,90357
1367002747,4831,22965,31519,45516,50499,54251,82949
1263851860,13741
2036418080,58660,74022,75152
2385834959,49939
4081356769,41578
3092589553,4644,15920,20065,27454,27586,27782,28058,30001,32740,35188,40428,51791,56276,72608,83647,86438,94320
3413377837,55640,67345,71651
503936476,30362,40695,82759
725059488,5929,23793,24644,44260,69996
1833388820,4785,12901,16061,26144,61482,64288,64969,76845,85040,86244,89359
3677650947,175,40018
1681163086,27320,72654
574378403,4641,17405,70179,72526,72787,74478
1212262620,26780,89715
718272191,8984,13161,13863,20201,21787,26440,44163,47101,67457,92411,94528,94941
1255011698,4634,42657,54667,96603
3738304858,6934,11197,42780,75223,89188,96245,96823
102110936,54105,54610,77028,83573,88467,89782,96307
894554574,4602,8804,9637,21690,43644,50700,55813,57714,57929,59035,71987,79697,80606,87444,89581,93128,93501
2116222264,4601,6316,8803,10449,18672,21689,26753,30836,38335,40013,50699,57928,59034,59155,60580,61958,64987,67672,71986,78976,79310,79696,80605,81724,82963,84770,87443,93121,95864
2750355842,29570
3231752104,1327,4235,24142,25021,26418,32516,34751,42530,55435,59178,71155,95544
749319516,23053,43323
4183192847,2990,5763,6079,28782,74809,75951,81490
451566231,26895,50584,51029,57376,83157,86395,89289,93099
216487134,4588,31701,35324,51958,52630
934075816,11136,19762,49553,63923,84222
825573346,34720,45286,52218,69298,95410
546594150,4586
1340744352,4320,7659,24727,42459,46953,67587,74440
2447379482,9943,15969,31271,33753,38871,44149,51856,53041,62946,86860,88323
2780470654,84274
793909555,19146
4228038360,4576,11050,15044,23173,25871,34023,35852,38427,40797,42516,43666,46394,49135,49379,54852,55757,55953,62457,70109,83502,93278,96041
563768626,91007
486617626,17757,26335,68488,69993,82301
4150454081,44413,50728
4153180083,10320,13706,21366
2245990516,56924,83625,88103
3370183454,5471,14054,21588,28042,90848,94677
690332302,4557,4677,5976,6625,8825,11323,14165,14914,20843,22211,28850,31413,32237,35805,38606,68964,72660,74723,79718,80558,81943,82717,84961,89633,92303
898465335,4554,4674,6847,12592,21771,34247,39074,40124,50288,54214,63899,73425,80936,85797,89647,90060,91259
1381075582,618,19688,27551,65984,67513,68924,72213,77152,81619,84188
367131423,22878,38337
2073762977,17064
3153954128,9919
82886455,4432,32192,44810,55225,71854
2899194335,66323
952828907,4550,11469,13768,20361
2864775550,4548,11467,13766,20359,44490,96475
2597716401,10181,36195,59237,71900
2645961493,4547,6999,11466,13765,20709,40002
2498565750,6525,67005
1951644233,4538,4565,7262,7577,16317,17065,21137,21319,22305,34603,45108,45733,45910,48812,56064,56615,59753,62800,65122,65207,66246,84283,88844,93702,96218
2367015948,3015,31419,33202,43679,48626,53630,58522,62436,64036,65284,82152,85382,85964,89116,91534
3455410822,35362
3624736244,7439,10124,13420,13624,13849,14929,16242,16704,19965,22724,24651,26238,30057,36459,38773,39123,39299,40582,40718,41859,42888,43109,43599,49022,49625,54591,59641,63697,65358,66117,69341,72199,86655,92863,93685
4037181044,17246
1374474378,52286
3883887804,4531,7401,15387,52353,56330,75746,83195,86185,90264,90423
443587845,7618,39538,75261,96278
554248096,4530,5502,7400,15386,15891,35045,35450,35708,36842,39811,42015,52352,56329,65005,65873,67155,69025,69970,72486,75745,78215,86184,94830
2781201754,28909
2678310483,64877,66764
2204551909,25676
3855365523,11958
4229040792,7102,93569
2043820665,4506,18247,20918,23516,35345,54139
1786524137,82734
242526891,3288,26352,29252,32443,33399,42249,50663,54452,61587,62070,66535,74266,77139
1852036820,71710
2569566837,14904,16491,18804,62354,89699,95113
3851579865,96558
57447987,1945,59187
2247588724,24954,27117,49653
438528974,1955,2694,3252,3460,5160,8294,11917,13560,17435,19033,21352,21910,27365,44109,45024,64964,81017,86082,87732,89954,90207,92883,93486
3430848757,4502,23512,28511,37858,37921,57851,57858,60841
511157000,1602,35449,39810,43731,52351,63791,65004,65574,67154,75744,86183,94465
381980509,15114,33326,54438
722983452,1554,3045,4306,10401,16189,17599,18648,20782,25168,28925,32570,36508,37715,37793,38476,39678,40884,40943,42004,43686,46997,49106,49388,51941,58537,61422,64046,66083,66641,76470,84874,85033,86098,86179,87390,89216
3637480582,94088
1558801189,913,17228
357708918,14529,16937,22909,24570,35002,36987,39085,44567,45170,48213,49488,63153,69177,70844,71392,72384
2812092092,682,2030,2417,5071,10261,12424,15306,15618,17298,17816,33303,63382,64556,64560,66729,68798,74048,93944
3260194419,4491
2640874405,10032,12477,13376,16322,17344,27869,31512,33351,33513,34896,36812,42023,59338,62743,65304,73438,75107,79463,88439,89522,90445,91272,96153
4077464199,46349
2035714418,818,36220,49888,52017
3639083618,2835,22574,24034,55820,64453,87116,95583
2723114573,4476,10182,14509,22919,23019,28599,32599,36196,38424,40794,43348,50284,59238,63288,65155,66049,71901,77688,81715
3527132514,9864,10510,20408,40060
721621917,90196
3623528197,75290
3573920104,18081,27863
902885687,35266,92725
1055644667,4475,14508,22918,38423
4288670517,50845,64717
4217074389,24827
2280095666,8744,27110,49847
3114147755,16577,20420
3391505600,497,1908,15726,56987,58320,66966,75340,82811,83724,87170
2865895382,4468,7163,9102,18367,20073,37338,38205,59294,80087,81398,89021
4188615497,30162,34259,55340,69436
3583299339,6072,60568
4133823158,6570,7093,10886,13141,15847,18663,24958,30329,37164,40663,41603,41870,46865,49580,51751,52881,53398,54067,54715,62026,65282,70251,71196,71400,74268,74813,75851,77141,79564,91529,93867,94624
586227079,4467,9101,12713,16460,17845,18366,31558,37337,38204,75592,78486,80086,80679,83971,89419,89834,91771
4160487167,6087,26019,77774
1150158015,4466,31557,33434,38203,59064,80678,83921,89418,91818
2916548391,58394,63505
3104951133,56011,60854
2967776655,4460,23202,33744,36600,37762,42810,56117,70515,94822
1020361120,9544,11920,12100,16324,21417,25046,37820,52519,69057,79604,81732,88882
3814085367,21030,31073,52493
1388518619,19416,61397,77466
2759008303,49,33365,55237
1405407403,1368,1988,8832,12373,24080,27646,31327,36764,38973,46858,49090,56677,67233,67566,83487,95331
2908000279,3916
138027244,34299,76102,93620
2072372582,257,5537,9816,24844,28947,39825,55651,81656,83917
2085128214,3845,62118
1321788544,4455,13576,23615,36174,36399,58862,62919,76812
2887918130,23191
1730884583,10329,39409
1959500894,5366,29017,30172,32054,52271,70752,76496
919974404,4450,12902,15140,18147,19793,33725,41115,44358,44507,51465,58209,64970,80658,83067,83615,85041,85957,86245,86991
3251095065,23749,62621,67644,73585,79237
3330046255,409,1185,1665,3560,4053,5334,5746,8725,9821,9992,10480,10504,10596,10726,10791,11059,11117,11429,12050,12696,12985,13963,16562,16826,17580,17919,18012,18726,19100,19925,20480,21300,28545,30883,30887,31681,31890,32324,32991,33041,35891,36483,39510,40194,40279,40291,40959,42306,43653,45248,45601,45834,45933,48990,50982,51007,52397,54352,55746,57838,58035,58750,60140,66651,67773,68130,68241,68666,70056,74914,76687,78354,78432,79460,79532,82175,82647,85206,85210,85368,86540,87202,87319,88164,89059,89767,89773,89777,92245,92510,92640,95571,96058,96128,96231
3192418692,2996,17081,35030,46727,52478,57279,90680
2762525473,54769,55754,76265,80664,93557
476284173,4444,22398,28415,34706,44201,44269,53143,54174,66786,69660
3217781254,7180,35316,60047
1330510999,5478,20443,20632,30942,39858,86115,86584,86809
3504327968,24740,30099,36337,71285
847458632,23936,38015
705535806,4443,22397,22613,23232,25975,33452,37129,43624,60655,73497,81685
934544637,7653,12541,36655,49853,63728,92017
633270317,10583,31068,37746,53962,54096,79297,82142,82548,91405,91504
2456230743,4505,20917,23515,28514,31054,54138,57876
95228737,19954,27413
3158125235,44420
2434860327,4428,17218,23938,25864,34233,38017,47836
4231153496,873,10982,16890,27817,31248,31377,33841,47204,50170,53738,57509,76918,80057,80885,85273,89035,90259,94746,96643
2115112007,806,2714,4543,4616,8473,8647,11837,12221,14482,19159,19547,24340,27966,39373,41744,51167,55443,57641,63620,73007,79884,81089,87230,87714,94810
2236251532,4427,17217,23937,38016,50838,52674,62239,81553
3280685120,1811,3698,4916,6506,7096,9320,9575,9620,9700,9826,10613,12057,13372,16430,17091,17914,18766,19312,19812,21656,27406,33768,34244,35425,37427,38562,43641,45980,46261,49476,50681,51561,57455,59195,61368,65425,67081,69120,70492,71550,71756,73742,75845,75854,76145,76902,78630,78779,78797,79527,79973,80282,80655,82402,84448,84709,86827,87502,87895,89618,89874,90325,92426,93243,94243,94609,94881,95019
629193743,2757,8356,11890,13554,24517,33485,36149,38267,61246,73284,86689
3052892408,6726,9708,10112,10251,15700,17144,18283,18736,21195,26402,29127,29215,34521,43836,47061,48102,54953,55373,55799,59401,59784,76086,77243,79117,80854,81709,90038,93367
556491691,4045,53836,85173,86557
4251341478,20352,84408,96460
1547077565,42007
1560090367,9360,10890,15799,45629,63602,94832
1222607525,49099
1392365442,2426,15949,17281,18472,20196,26720,90784,93909
1466790440,4416,9343,10281,10479,10595,11023,11251,11965,13233,13962,14481,14859,17015,17316,18011,18753,19158,19546,19924,21069,36482,37647,39372,39518,41743,42191,43652,45008,45359,45906,46118,54694,55442,57837,58034,61450,63166,63619,65342,68310,68665,72518,73006,76663,78353,78431,78902,79883,85282,87229,87318,88163,88620,90225,93548
1413741834,71956,96251
2690950922,60307
3307978903,10168,10213,19534,32373,46314,60953
2496456569,38116,40244,50347,58919,61616,70729,72508,82528,83827,86569
1066411350,22849,40240,42930,43744,45497,48368,49219,53668,55074,72983,73185,73971
1771057150,3151,3323,10271,18340,18513,24559,54922,60816,66686,79246
507940978,8480,21540,24193,56893,75213,91121
232373826,79341
3610456078,33857,62063
4184228065,3609,44173,87207
3472381505,8923,23582,33821,55790,60258,64251,89429
2782704311,63051
3753341042,41646,54679,77859
314155198,7516
3960942523,3859,92527
3082590094,72885
3813390083,9192,12409,12573,16663,38707,39427,40180,45692,48653,50900,54657,55769,60103,75310,79810,87152,89090,89529,90215
877777736,4399,6591,22962,40787,50565,66592,67812,92507,96832
1637012539,4114,6568,9502,11215,13104,15845,25335,25448,28407,33630,36819,37495,40712,42140,42202,47458,56574,59633,64679,77964,78938,79060,79562,81388,83988,84761,84948,89212,93745,95684,95720
1843663073,4396,13781,25508,38668,45670,68322
2999316513,4388
651697627,1315,34416,38558
78311395,5636
3087939427,742,4371,23858,29807,33740,37758,60800,64290,70904,96035
3573332866,1902,10954,14945,16273,16963,17619,20606,25533,29443,29691,41801,53170,55121,64693,77888,85291,85501,87808,89579,91793,93690,94732,96303
1690368366,2266,33144,66203
1103123180,84882
4035246935,2178,5348,17444,27496,38273,47474,61499
1012663921,4166
3299128000,22408,22654,23210,25551,26043,28528,65074,67936,78705
1200723668,29348,51743,57818
3720977691,49532
4250516438,549,10521
1439056847,4381,9639,14891,17047,21467,64128,65673,72576,94643
1986228086,33682,33742,37760,64292,66240,70513
4133180353,17907,78693
2126814200,8663,14959,17632,78669,79911
891354604,19543,45431,50731,61432,77180,77680
1053906495,4373,4833,7512,9727,15483,18209,21942,22967,23564,23860,25344,26517,28095,29280,29650,34148,36931,38307,41355,48238,50501,52097,53542,55699,60802,64040,70771,70906,73748,74043,79409,80602,82227,82951,82960,84984,90828
1461126849,3777,4041,64625,86350
2567266453,35549,74946
98674418,4367,5211,11760,14291,92288
3400940533,59520
1260900378,31526,41176,46744,54432,56353,94161
1645700536,85363
502451301,22501,54265,63416,67728,76915
3372082746,4179
774069094,4366,5210,5678,11759,14290,14377,92287
1080394670,62177
1665070665,15633
2480979105,4442,11459,15034,18084,22396,23231,24500,25974,33451,35113,41638,41735,46833,60654,66032,73496,81684,82994,94103
1870104733,1515,57923,60691,71416
2063641784,57520
609731189,32400,62161
3958451809,7933,65311,78266,84296
2330028121,4365,5677,11758,14289,14376,37651,46585,92286
527256339,4360,4902,5540,6744,12393,18874,26412,32675,49602,52074,55654,67383,68140,75144,75384,86696,96017
251234548,76077
4040660215,4357,4487,11395,12325,13215,15551,61343
3282609248,45626
2835853524,27560,37401,54729,83179
3109276668,11391,12129,25150,25491,64648,95947,96688
3809802393,18931,50043,57936
3845838226,58967
3013764691,4350,6147,44918,81522,82534
3378572720,36488,62592
1456046951,34221
1742604586,8910,13799,15796,29838,37220,60225,64537
999951804,10279,11072,11249,12284,87227,93648
762286198,74628
558787577,30049,48726,62899,70632,71728
1907855335,72488
1297462340,4342,13705,16120,21365,22564,30240,33878,36167,47312,48439,60400,74271,95314
3928320729,24391
2487405958,51564,53020,79943,83729,84925
1573552363,34759
840275860,4333,17265
471843016,3761,42667,59878,68225
1683705207,4331,8401,52236,87394
1225977219,44538,91293
3294704133,558,3770,14313,22430,24271,25541,33697,38912,44239,47249,51605,53090,59287,62654,72377,77420,90735,92562
2664624367,1677,69038,79967
271757086,144,36441,58614,71008,76406,85472,85637,94961
1440017668,4317,16124,20498,26242,37274,49489,58469,59525,64940,67316,72385,75797,88924,90242,91628
3816501352,10180,70599
3884469806,1007
3656856029,4315,66922
763852724,5212,9611,11761,13678,14292,22419,25702,30895,36092,44448,51078,60904,70658,74562,78437
1800216881,23622,28418,61203,95634
99983482,7674,73097,77457,82867,86823
2020806369,4302,15318,28248,36587,47000,48306,52769,90159
1182308536,33881
872962532,1853,28128,39915,48858,49923,53808,53953,62671,66197,95706
1698731623,2853,15132,94271
2580310383,30215
2011886458,4294,10416,11193,13087,13813,14755,18952,19172,19947,19980,22429,23964,24063,25381,28976,34841,38717,44238,46397,59618,59841,64178,70434,72713,89643,90656,91128,92561
1779285321,1623,53608,57831,59970,72725
645959193,4288,8083,26820,36316,65292,73830,75631
2292128227,3211,4107,5390,5962,9048,16572,18786,32243,35327,36738,43039,43184,47354,73414,82920,84628,84906,88506
2566637264,10301,27657,72562
47564941,4282,8816,18429,19411,29792,43934,64843,66661,77037,80896
3751634962,2503,3359,12684,56046,57635,65656,80954,84135
1487458848,2168,8408,46311,58461,67522,78226,78512,85750
2417686364,2943,5890,16506,42761,44588,49855,67992,69166
1385508852,4269,13354,43002,61728
4232371419,43031,52502,76924,93676
1408644819,25726,34690,35349,50038,54585,64890,91688
3511953206,53510
875677819,2831,34553
3380282166,2285,8060,9520,9905,12950,16614,26996,34200,39381,40741,41985,51412,55695,57393,58231,61350,62145,77427,83023,94096,96047
1275432894,19046
2019264948,9594
3258583831,6899,19044
895035614,14430
2189178478,331
3914051078,5535,11403,12331,45232,48708
183693446,53344,75521,79680,82039
3803001158,397,7994,9230,9809,12218,12254,12296,12620,12982,13189,13336,13847,15397,15541,15593,16559,18926,19271,20019,20532,21554,29010,31626,31678,39949,41149,44869,56203,56399,59577,63390,63852,66648,74464,77654,80969,81086,82583,83241,83799,88242,89056,89764,90588,92000,93683,95126,96726
4183773021,29842
4251007064,3804,4077,8391,9316,12445,15938,16727,21651,64216,65718,87489,91124,96577
1737744297,4251,16483,53131,78443,82044
908583931,5937,7113
1448834920,24792,84922
1717735396,41074
1200206488,4250,78442
3565327930,52868,76994,82594,95886
2359663536,9445,18569,39749,81302,85279,89548
3002666286,45982
2718853474,6157,12121,13928,15230,22019,28612,45530,47607,53212,59976,63270,78968,80806,92545,94788,95441
2398797121,96890
3127462599,57400
1889651955,4246,9106,22624,26205,44801,48246,56097,85895
2603527791,4242,6436,7810,40256,45377,48198,79886,81384,83013,84001,92683
3654131693,14897,65611,75535,76947,92065
758157998,2516,2652,5672,12715,13824,26264,30972,31229,37067,43647,44426,75594,78233,79600,79637,80725,84216,88134,90174,90290,91773,91941,93255,93571
1584324002,33255
1401749180,63420
2480474462,1855,28497,44797,47866,49925,61527
255105301,3335,11269,14063,14433,15915,28266,30417,30532,32731,43423,51447,56828,58565,60079,72019,74967,79436,84576,96384,96516,96569
3718094532,57097
3945767133,4311,10800,22240,66918,69708,71482,90956
375934307,2807,48608,90596
635213101,34397,57872,70148,81041,85053
4080959843,53022,79945
1249492426,10781
4294050905,32420
2306424426,1295,7054,15941,40799,46635,65721,73647,76099
2707858925,2585,22446,34741,39320,45567,47020,83237
2556631806,67787,86330
229603344,3084,76797
2528569389,39726
3095860692,4238,8146,11053,11332,13121,15056,19780,21392,36990,38945,44885,46716,47984,48715,55956,57207,60366,64056,64712,65239,72875,73694,78853,81241,95892
2605840031,48876
2837704503,4236,25022
782173800,36343
3602667235,47386
3982661627,17962,26854,29722
3770316358,24143
2586619323,6170,13545,35994,43448,45964,51645,53799,66517,68421,71042,71201,82325
1206939053,4132,46597,78554
464467766,94212
397243528,49367,65629
321352661,2939,4004,7450,10664,13272,14185,20418,21404,23115,28312,29207,38539,41080,57797,61364,67712,68897,71067
2832643428,34966,42955
2325888197,3058,42341
1361986810,1089,2881,10917,28681,29037,29782,32686,40832,45463,54898,62553,68613,78151,79791,82220,83149,90975,91585,92226,94193,96092,96591
144987652,6074,38721,58074,87921
1902121282,4553,4673,6846,10419,27870,31513,42989,65305,78647,89646,91131
557045953,16516
1312275380,3691,7430,19235,32369,35864,86671,92953
2606544102,4208,35939,39148,44622,49595,51300,63734,65115,72438
4092896064,11372
3148110124,286,17982,59777
3042413648,6861,7970,45959,48129,53702,59323,65011
2417233378,4203,26549,36468,37138,87950
2699978940,2386,2471,4837,9053,17206,24623,27621,63130,66663,67788,72034,75234,77983,80565,86320,93096,93297
4271913693,593,1381,1716,2569,4334,8568,17266,17362,20422,53713,65445,82274
2908071540,50547,58856,75142,75382
1153554932,2226,9557,16084,22362,29298,34905,36828,44070,73234
1761399008,4201,18894,27194,33298,68781,85909,91049
1828157179,87135
3300095391,63990
3283559360,18793,90349
3134978680,14501,41430,58956,75331,80440
292486318,10284,23518,42844,66554,89852,91777
3311454309,5318
780687790,4195,7855,16117,29446,31987,34693,36962,64034,66708,76912,78420,80877,81414,89181,91721,92799
3570746696,4345,75363,96951
1177908431,21262,41492,42702,52905,91298
3834109411,5793,16342,18218,23458,39452,63840,79323,80153,83794,86913,93071,96237
3987989370,21728,22223,33472,34057,58758,71143,71763
490945130,4190,21257,94258
2133243999,26270,32498,36087,60151
3502500178,62602
646935932,2892
3673250090,625,44431
3439739730,4392,34802,36081,45388,46518,57903,58081,74156,74349,79143,84359,85153,95009,95273
3663857074,1977,2788,3753,7851,9587,9869,10349,12291,12548,14369,15174,18580,22177,24292,36133,40566,55117,56166,75406,76578,83427,84077,88372,89653,92654,92795,93651
1728149314,4176,9815,16082,20814,25089,28946,33968,48723,55109,55650,62896,81655
1076239816,1879,9495,9945,16882,17141,22493,33008,33755,53043,54782,58445,85450,87877,88829
2093204217,4167,63340,77649,83520,88906
1467472407,5503
2586727681,844,20143,21420,36161,87113
1150638453,10128
1416012176,4144,4631,10085
1533124229,72644,82249
2810976242,9984,52708,54771,64257,78908,85533,87608,94557
1046723019,4136,30174,32056,63301,70445,72239,82262,87281,92516,96357
3980598249,46976
4174324410,770,91208
1726172426,28964,32288,52652,53692,61132,62075,65591,71910,75359,87196,88564,93165,94316
593471544,24282,44104,65376
2076519500,4133,18042,26014,46598,54357,54868,72062,78555
3118516430,4129,23490,40254,50903,54597,60106,64681,83368,96513
3497116296,47405,67651,69478,91165,92999
1453746344,24414,44636,62614
1220571861,45257,45299,58621,64081,93770
819078057,24318
4150497187,17456,32509,81277,87032
760522192,11032,18200,46784,53675,64024,80475,82847
2358949680,34883,39957,41267,43371,43677,44264,48360,52913,55721,64163,74488,88470
1800297947,54862
3403418576,46205
3023167014,1112,3912,10537,12338,13128,36313,44025,55750,59364,72137,74923,91194,91824
2041954741,4121,5835,82530
1820989731,3510,37546,80988
568828205,4483,12593,26538,46937,65931,71875,92499,96650
290788708,69956
2402180125,4120,15629,65943
4062873942,9596,21784,23435,39615,71427
3644917713,2330,8665,14397,14622,17706,18979,74696,80850,87702,90938,93012
1758832933,9358,18779,25032,28883,31710,32958,34988,37349,47939,50631,53315,59645,64268,73299,81885,93928
3218659272,26704,38422,69242
436339430,64932
2491899240,5129,85847
539741515,1720,2597,6177,11293,17756,24849,25924,33292,34387,40962,48062,64376,68487,68679,73179,73557,73725,84766,87000
2325415076,77643,83262
1225987609,285,2696,9423,16010,63387,71814,79056
2789504126,131,405,3452,5514,8941,11356,18722,34443,35240,39986,63082,65713,66779,68315,71624,73370,86079,93470
3355932182,9523,14763,32269,32743,43330,47633,73837
1002235191,6389,35639,40113
4007690740,4115,13105,18823,22063,95721
1580606670,5772,18316,38900,48809,49546
2900608846,36280,39605,88800
2356297149,979,59087,65140
1539494559,35179,51695,65201,66980
1226004329,5696,28448,44089,45089,75732
2586731324,576,1982,2692,4001,5414,11028,11092,13369,18133,18817,28052,38909,40534,41031,41055,45283,46730,48166,51533,51602,52809,54503,57142,57531,61575,65836,67659,84415,87818,90205,92959,95295
2653587844,25201,61684,86901
2304076215,15119,55839,84507,94308,95807
900944471,1849,2306,17748,18358,22356,27361,36178,47017,48519,52146,53027,75762,78481,85993,86723,93671
2862680270,251,2105,3739,7299,20506,21078,21093,21160,23331,32119,38442,41104,45027,49345,51092,57586,61978,64353,65351,65960,68097,71174,78168,78381,79780,80338,82557,83886,90254,90700,93246,94478
433169563,33912,91480
1965684165,19681,65851,72663
3608175507,9453,84566,88273,94573,96742
1369407789,2044,25803,25854,26857,27800,29324,44561,47378,73772,93283,95476
3578358952,29843
1374747965,523,34050
1771689860,4355,4485,34869,58958,85980,89022
3164790611,4105,4280,4415,5631,5790,9022,9342,13346,13961,15884,15943,19007,22052,33056,36372,36481,37646,61449,65341,65463,66992,69211,69407,70566,73649,76042,78430,79882,87317
4177948287,2973,5584,13025,19609,38262,46907,50971,55924,56923,61468,63839,80152,83793,90402,93070,94844,95001,96115
2304115243,66740
3585490485,428,40973,56675,62724,67064,72244
1333105059,2103,79170,81795
4219259038,986
564677562,25059,38891,39814,42109,47942,51175,64271,78134,81569,84036
592580507,8008,31832
2415452901,28758
156100487,4100,89503
2100161957,33483
2375585693,63681
1670142666,2213
1413686534,14730,33571,33632,64936,70092,72599,73781
3493546141,4097,19196
3495165937,454,48496,77007
3449160751,46048,55985,59246
1186399072,4096,19195
2856462621,7997,31644,44255,64613,79485,91412
536640132,2020
410274885,67494
2528687043,2019,14717,94615
2886359079,1516,15449,32163,46549,49614,57924,60692,70135,71083,71138,71417,78052,80136
2641790409,3508,7040,8405,26559,35273,37544,47818,51820,64074,68153,75084,80986,85872,88676,88766,96702
1556127729,4093,35093,43911,50442,50893,56034,56559,78276,85642,91659,95178
104102728,2159,4382,10275,15705,15758,20476,65674,67725,71860,72164,79989,80825
3091838966,28900,36289,58514,80831
3009900036,21355,27502,90740
638484032,4070,7372,10384,16983,29170,42346,56321
829042623,3369,13083,13124,22857,31125,31811,31885,36309,40715,41278,43060,52319,54983,56740,58192,62031,63581,76161,80071,83727,85011,88407
2204971548,20428
1261368553,4048,66113,89729,96421
57249138,88678
1074099318,27529,36114,89084
2838417775,4047,11789,50082,66112,89728,96420
3897818410,57368
1570584212,16801,45712
2824064093,92649
260747835,4042,64626,86351
3260255757,14434,28267,32732,72020,93452,96517,96570
1049311156,41259
532039418,1232,3161,3505,12181,17937,26654,28833,34881,35731,35819,38920,48966,53276,55719,56093,56343,57270,57513,58273,59735,61046,67261,68069,68279,68754,69044,72327,80746,82912,86030,91308,94646
1611145565,71408
812889885,23767,37532,73993,76771
4137868474,37270,44785,52141
827809678,27577
1564614779,459,90017
2810603429,2151,46024
108427268,4027,4813,10850,11863,12721,13722,18335,20254,21228,33538,44994,56886,65731,89106,90898
4187815257,73011,74185
156495488,3001,24213,48043,61306,85655
1448221225,76364
1359857613,11960,12119,53307,58517,80804,92687
370356571,81904,95046
1472792927,29527
494216919,8576,13876,17811,18560,18638,31546,31774,32646,42370,56295,57340,81349,83350,85049,90097,94291
4118126540,52121,55379,93617
2446855861,311,3564,15009,25875,29772,43937,51025,60437,66236,81948,83282,83592,85901,86383,92992
3440450659,44472
2981350775,1812,3346,4688,6507,17092,18139,18759,22885,27407,29865,31108,32561,35426,38563,40540,65426,67035,67082,69258,74284,78631,78780,78798,82671,84710,85769,86000,87503,88550,89146,89875,92400,93244,94610
3095405670,16739,20584,32744,73838
4196163265,209,1095,1967,2490,3111,3587,3982,4595,5249,6159,7116,8451,12354,16144,16494,17168,21279,37387,37690,47609,50912,51229,52626,52937,56480,57214,57679,59978,61819,62279,64225,65613,66430,67130,74608,75537,76886,78399,78970,79171,79640,80454,80594,81970,84838,84901,84970,85840,89389,90293,91566,96504
3621190022,58136,94947
1573499614,4019,5496,27879,48928,82158,88026
102951674,4117,28892,69857
1942093020,4016,17312,47157,53423,62228
2318324910,4015,17311,56114,58161,62227
4242463486,563,4928,11083,11806,14680,15124,15199,15732,17824,17968,18196,21458,22710,28972,32218,35595,35859,42261,45236,57275,58389,60618,61231,61568,69551,72594,73347,76331,79014,85886,87929,91178,92183,93483,94891
433326263,15456,16122,40955,48443,56423,67448
3883163137,18117,26509,31836,39240,39254,39525,44349,50457,53190,58474,60570,61890,68691,75661,76218,78155,86738,87339,93809,95748
139896713,68222
2898019246,10916,25371,28680,62552
1152297029,8207,12038,12747,14832,15739,29476,35290,51835,56286,66670,67663,68149,70361,82871,88031,91679
3876027631,14,4498,57673,61194,61581,87277,88989,95941
274758414,110,1649,1959,4262,5516,6512,6603,7861,7964,9352,11734,13253,15497,15510,15880,18050,21056,21387,22472,23669,30647,30670,32718,33178,36182,38396,39043,40139,40264,41466,41765,41781,42076,42254,42416,42964,43217,44146,44307,50350,51362,51474,51775,53032,55564,59929,60253,60424,60646,60969,63969,65796,65909,67145,68039,68317,68574,68886,69670,69862,69952,70052,70217,71362,76565,81697,82900,83125,96840
2907627116,34108
1068002917,49142
2961134155,3997,9828,27220,27936,42541,45893,46514,48657,60527,66142,68811,80465,86966,93382
3867315722,70415
423320799,3994,61540
1333270975,9042,31237,35152,53103,96868
1237523492,1571,30409,40085,45615,51869,62218,64331,77692
2466436054,5131,85849
1956441867,4433,32193,55226,71855
3514776844,18742,55268,75484,84241,95239
611958015,63490
1680833686,3985,6631,12976,14636,16454,22301,40397,68967,79721,87728,93595,93850,94388
2701793960,3980,10200,13260,14329,21090,21693,25654,32379,32631,43950,44518,46903,49228,51227,56977,68052,79094,87144,93446,94000,96820
1934186997,3975
979983133,6117,14826
1679998503,3959,40097
945111430,3957,7193,8792,9699,9825,10530,10612,12056,12438,13514,15556,15902,19563,19666,21655,23805,23836,27405,28662,37426,37489,40095,41470,41769,45953,49475,53034,62419,63402,63660,66425,66917,67080,69707,70491,74141,79018,89873
1666095642,86,73712
14114473,12576,66344,77354
3830577085,3936,31771
2009310950,31190
1935650407,4511,11634,35269
2016304971,64850,93968
3497218416,3633
1793913150,11376,27526,48415,79158
4277902684,9464
1328647490,3028,7593,26950
3383215680,22941,53521,55501
1714947692,3935,9999,25370,28679,31770,55963,59383,62551,92738
1222824428,3933,47856,54902
3605128515,33979
4154041586,705,3601,5826,6390,9107,9924,10602,12452,14358,15226,15572,17222,18398,18898,20272,22524,22625,25296,25888,33188,33766,35640,39621,40114,41890,43576,45781,49609,54875,58673,59882,60135,63464,65266,65975,66855,67819,69652,70102,74314,74979,75843,76900,80784,90035,91644,93153,94904,95408
1895147891,93155
1481644248,733,4901,9936,19879,25760,29787,37021,40352,40591,40956,42582,45183,45598,49327,59062,61443,67491,68139,68385,69838,75143,75383,75425,78724,85045,91196
4146825543,1856,4788,17896,18810,26147,32430,36049,36366,41402,44798,47867,49926,54436,54529,58483,60279,61485,63805,76721,84791,91542
3011368559,15003,54268,68418
1974002929,2130,3940,4900,10038,19040,19878,25199,29786,38554,41851,45182,45597,45962,48298,49326,59061,59326,59365,61883,65507,69837,74924,91195
1164888099,28167,64738
565504647,50580,62956,66985,92084
3793862525,596,876,1228,1814,2520,2545,2593,2913,2916,4824,5053,6433,7554,8860,9346,9427,10470,10657,12662,12778,14179,14520,14631,14710,16269,17319,17394,17477,18318,18645,18716,18761,20545,26142,32713,35436,38747,39171,40225,40433,40542,42088,46099,46318,46483,50772,52568,53081,63981,64676,64967,65765,66019,66022,67688,68060,68917,75598,77800,83170,84279,84643,85225,85338,85730,86666,87540,88363,88552,89038,90802,90979,91142,91854,92230,92525,92899,94342,95444,96493
2905414115,51915
2494996512,788,7437,9760,10346,10543,11232,14050,16069,21584,22232,22489,22930,28281,29769,29904,30624,33112,39448,39553,41547,47441,49020,49623,59411,76116,76253,76852,80669,86700,88090,92781,93132
2088565044,8084,65293,71477
2468932138,22635,54832
147201378,7232,25372,41792,42950,85904
2359254698,25474,26748,73918
1517136439,3914,33552
3672564947,40038
1295388335,23338,31460
2952958655,25317,47256,73216
678131891,3907,37080,56124
1616255273,37603
3763763418,3905,42788,56122
110279104,3707,10332,16886,17945,31244,32926,39559,45112,58362,85539
766191189,3903
4277960102,79612,87617
4131938976,18796,94777
3219234593,3528,24087,40298,44971,49259,49905,54180,61117,62966,70231,70895,73674,74960,83540
2974680562,4213,47371,71052,74762,87234
2309542518,3901,17384,31655,48002,53208,91206,91365
610129931,3900,17383,31654,91205
1005924233,28061,28140,38067,38388,43659,44094,44715,46451,49160,62857,70096,71132
288662568,761,906,17560,27240,41860,45862,49626,53875,62717,66028,66315,69342,73086,90431
4254468571,8103,15316,48304,78735
3530674188,3895,7705,10010,18957,22576,27222,27339,30460,40437,42543,60529,62860,64231,92903
3706408700,8061
3158482298,32514,82526
3522247904,25188,49514,53726,57311,71611
602187687,5323,40807,47858
225838994,1484
2110246711,52903
491387278,3891,23086,29742,35694,38997,64018,65246
3624558603,2891,23843,34609,38782,41812,43116,43621,45526,47789,51924,52633,55356,55786,55876,62836,72741,74165,88259
108587281,69367
2347329282,19192
1337205863,83741,91478
2012662868,3838,4279,4414,7055,9021,9341,13345,13960,15883,15942,19006,22051,36480,40800,51022,52336,61448,65462,70565,73648,75232,76041,77981,78429,79881,82195,83307,83424,85898,87316
762378590,2126,14441,26174,35388,39397,52891,61510,63328,63330,69524,75374,82090,90853
4023538966,68627
3574211542,4295,12147,23671,24064,37730,75813
1243756291,8095
195271201,5299,8584,75533,76945
1273811316,23847,28486,33578,39994,40057,41841,42729,55811,72447,74493
514044780,14660,30168,38521,39401,52065,75326,76130
2339198154,3694,15562
1188306658,2819,19832,32004,59998,77166,85164,93143
3118007470,3568,30792,54279,57608
1571952864,3343,4199,5001,7727,8622,14199,18601,18892,20733,27077,29196,30290,33546,34289,36268,41018,45537,48016,48960,56428,56959,58220,60737,60861,62915,68779,70972,72702,74134,74817,77129,77580,78414,80790,87407,88547,89143,92374,92709,95213
3873733681,3887
4125134079,8992,16584,19864,26114,39066,56835
358107919,4492,8234,12862,80531
2135887037,90025
23415506,82565
3358858972,21048
867523423,20660,21181,26101,39341,44969,45922,46862,52025,57667,59264,70248,73316,73323
2451694232,3883,3976,51514,65699
970278770,1524,26920,31098,47225,52759
3241699489,4571,37802,45465,55081,57105,96094
465057927,53509
1275117710,2357,24255,25039,49207,53375,70686,73989,94233
1327374654,3882,51513,65698,74082
1448772141,3881
11831425,49536,62825,69883,69935,74177
3559285839,18181,33208,37353,41092,66937,70756,82065,86852
1270719218,3873,5127,6413,10318,13899,13995,15270,17763,18381,19775,25617,31252,44522,51170,54765,57644,81312,82106,83561,88921,95661,96084
1734954622,88494
1462457290,3855,9612,11762,11834,14293,30896,50219,52264
740377629,3851,43009,69542
735734219,2238,13747
4234546474,25034
1929862191,13648,50021
2826256117,1366,5179,11045,25220,25242,28757,32087,34395,35367,38926,40185,46016,48505,58262,59953,69474,69974,76869,79223,81108,85561,86307,92025,92368,94311,94357,96877
1587404371,95413
3790168289,63573,75242,81844
2686651819,27337
187308851,10476,84624
3969744283,692,3305,5202,9187,11704,19107,32302,49643,55194,82050,86041
1368141215,94268
652642841,2638
530793591,31386,94530,95633
1604243749,25687,46657,54079
3447222566,3839,51023,85899
3157234981,27769
698846801,19048,54304
3850235312,3823,89172,89279
4072575841,656,6765,36131,44156,71738,79200,80550,92652
146801794,1244,8918,11636,20774,21331,27877,33692,40982,44189,45449,49280,52643,58531,59613,70709,72522,90351
1775038244,9725,23697,48236,55169,64038,71964
2784217264,25499,29658,33067,42802,53566,55499,56015,70258,88221,94266
2442751613,7295
2422236835,424,477,847,1273,2640,11794,11938,19685,32607,33173,37452,48010,63363,63424,64262,82265
1636376749,386,484,1311,2394,2721,3606,6417,7783,9138,10376,11915,12815,15607,16753,17127,17433,17442,19517,19766,22048,23503,24766,25209,25762,35041,37023,37362,37699,39162,42584,43385,44699,44817,45185,45949,46169,47709,48885,49329,50071,51984,59284,59500,59890,60113,60358,61445,62660,66865,67437,67455,67855,68387,69762,71025,71589,72482,73786,73969,81150,82133,85780,85819,86149,89830,90912,92881,96898
3201667540,32809
631658778,564,1387,2533,3992,5726,9577,17825,18065,18419,19314,20047,21459,21867,22388,22683,28438,28740,29193,30007,31240,31721,31791,33213,34525,35465,35562,35584,35596,37082,37182,38510,39782,40075,40170,42758,43046,44040,44840,46263,47076,48032,48153,48316,48957,50879,52195,53500,54331,55584,56126,56416,56546,56956,57276,58337,59471,59748,60009,60627,61232,64662,65893,68086,69510,69552,70540,71307,73465,73942,74110,75966,76030,76808,80887,81692,83161,83546,85887,87212,91693,93149,94404,94748,94892
3820436666,1591,24930,42124,82880
2289116855,73394
4239982758,30406,50312
2275864416,1392,2251,4378,5460,6383,6419,8425,9035,11827,12019,12114,14683,15745,17971,18002,20031,23336,30769,32456,34448,37399,38391,38472,38811,39049,39175,39488,39772,42925,43711,44803,49803,52416,52976,61774,61945,63600,64604,65749,67404,68056,68244,70716,88344,89380
1808310633,64749,69419
2379716656,3821
3976112549,1394,8427,29333,31612,39051,44719,45161,52228,57906,61706,82164,82470,84212,84362,86282,88789
474013810,31280,57007,60129,69500,75623,85862,86637,96862
1415442491,20894,49416,56457,69915,75275,78858
985355405,3817
1826682671,11545
2008801494,3816,5345,18868,23376,30054,70814
187077159,73393
79168627,1506,28552,82781
2077916770,3814,5343,18110,18866,43003,53225,60312
2496391931,35619,51002,56583,58995,60197,62877,66564,70487,75822
4246572088,14003
3566033188,4490,8511
458490658,42317
2874217053,322,6456,59348
2313149264,1909,75341,83725
2647170551,5701,16692,52456,76426,78187,92257,92341
1392994306,15076,53593,55465,85442
2044817388,34984
805891012,3803,4076,8390,9315,12444,15937,16726,21650,64215,87488,91123,96576
1857062065,23507,87323
4219528553,4211,8902,22671,38642,41234,42354,46773,53413,62663,63880,65080,65586,68910,72792,78589,81746,82416,83221,85015,88433,90071
1804495111,58838,90869
2449914660,3798,5973,6622,6655,7194,9109,10531,12439,12993,13144,13981,15557,15610,17574,19667,20840,24509,32519,47759,55323,57062,58504,66426,68414,71348,72513,72672,77709,78455,80388,80828,81966,82456,86477,91749,92752
2557810176,3464,15181,46701,66956,75566
3217631245,3498
85174555,5760,13871,14823,23618,25171,28928,52671,52834,59423,71226,76815,78500,83359,88878
357131830,3795,6296,7651,13798,15651,15795,18240,21247,29837,43638,88316,89932,92015
371855029,10344,11038,15911,32536,40598,53976,56052,56626,75165,76251
1508615273,23273,27032
2947648810,82240
786906470,8153,48185,65774,89636
3028134006,26220,63675,90807
3752787632,4326,7334,7570,15490,16863,19699,41003,44281,52557,60200,66720,75350,79259,80903,83504
1685696160,67503,69119,88078
1962565382,28986,31903,62708,83564
1569314994,10731,11532
1740852009,3789,5467,20207,20989,40761,52004,75089,76402,84277,89164,96257
1062495971,8764,15106,16437,28031,38728,54466,76152,91019,92318
2824564620,19424,73891,74457,87101,89197
2668169316,3720
3276398982,731,23477,68090
2439769120,3105
1289370529,45269,77672
3258624087,4710,5087,5873,8013,8572,13595,28334,32564,35753,53009,53529,71369,81374
2275463177,14174,21244,22401,33720,40330,45333,52992,82838,84911
1176264098,33701,46654,51609
3282314851,16027
2121849544,71614
2167085747,10240,22814
1228122629,616,4080,5157,6905,9407,9854,9916,11743,12046,13113,13282,16905,18056,19976,20678,25377,31176,34796,35854,38484,39258,43668,54854,56282,56586,60084,61496,64961,66999,68400,71344,73842,75908,77150,87492,94138
3398371041,13306,39202,65735,85626,95250
1580204858,3418,5845,24384,25811,36542,36735,41203,48175,50118,51402,58317,58342,62047,63172,66073,88070
1701987033,1668,5215,19166,32253,63059,64664,80889,82500
1533491746,26693,59867
3956804656,3787,8254,40759,82292,84275,87335,89162
1621067303,21115
1374283789,78956
3461501226,400,3990,4239,4520,5942,5947,7378,9158,10546,11054,11087,11382,12405,12775,14005,14254,16072,18178,19721,19781,28284,31789,32319,35017,36991,39184,40073,42172,43672,44014,44886,45476,46717,47650,47985,50769,52339,59469,62393,64057,64713,66140,68084,68269,74870,74918,78854,79494,79905,80844,81242,81563,82586,83277,85512,89552,91199,92045,92309,92813,95677,95893
1043507122,34663,37905
1036580608,10968,18026,20870,29732,32305,32856,37018,39524,43807,44348,44684,45777,45848,47206,49813,55449,64059,64343,66747,68382,70312,70666,70855,72347,74975,76217,86650,86737,91279
432668297,20942,41957,66973
1740795225,3122,3719,4009,18881,39412,40353,45674,63932,68826,93031
2813975481,3776,65502,89329
2465675014,84843
789338086,6258,46577,71452,72722
1506664016,4229,10497,11509,11962,12544,16337,23949,35573,47752,53309,55880,58519,64814,76384,87672,90931
552905852,77993
971089989,2952,4717,5352,5725,6961,16170,18418,20241,22682,28437,31456,31591,33532,42540,52194,52973,53639,55895,56415,62107,62577,65892,75411,78098,79335,81133,81783,82945,83870,86965,91170,95620
4224113834,2297,21067
2507118329,25471,68930,70635
100111313,25255,26311,33568,42823,49577,49677,49740,58024,66261,67484,67534,67844,70186,71679,73441
2550388037,1364,62815,63822,77310,80763,82613
11040023,21631
1725925842,8876,10352,56663,80156,88742,96240
3987073373,76321
1749334335,1102,1697,2382,2972,3348,5583,6005,7791,9769,10429,17510,18302,19608,22022,31195,32382,32938,38261,39850,46906,50278,50970,55923,56922,57539,60343,63838,69585,74006,75394,76938,78905,80151,81287,81902,81938,82115,82385,83700,83792,84327,84712,85747,85924,86085,86717,92610,93005,93069,94843
2321974774,5619,12812,40216,51981
1496321163,5956,9488,49953,78105,79899
3503188355,3762,5823,17658,19132,44198,46338,46891,59879,60722,66377,77515,87305
3222636574,80835
3707787779,6571,6730,8962,10887,21547,34772,40664,40934,41999,45812,48625,49581,53629,65283,70252,70378,75518,82151,87940
3372717438,53060,54602,82059
1762884672,3751,5940,7376,12546,17467,28206,33784,36201,53862,55974,67796,73336,79492,80214,92307,92811,93649
1770769895,23178,40012,43350,59154,80397
744059402,3748,5385,10359,14284,14714,33044,45902,75465,76255,89733,90471
1094221372,1019,49559,60488,91919
853767764,3747,10358,18440,42127,42638,42998,44075,50397,63502,65607,66523,73378,90470,93847
169739592,337
3367630257,4736,20567,20757,20863,38229,44928,58590,61846,68848,74226,78014,80301,91079,92073
1536752738,990
2694115657,75625
2684008876,28787,56717,82391
3557178177,650,6720,14514,16208,25930,29188,33554,48547,53846,95734
1842692142,35489
2266622641,16875
1874616445,17615,39627
3387041808,5609,57788
3386064980,2506,9331,18386,19302,19451,26702,32663,33588,34776,36700,42500,45125,51379,56909,66585,75928,81331,91599,93787,94698,95423
326040921,74697,90939
2386975584,12534,41379,62011,88046
745107658,3723,89348
3907521875,15630,20329,42298,70406,83759
3361749081,30112,50064,74720,84353
256669929,3783,3960,40098
1315805949,49418
1316423157,987
562246415,1196,2445,8022,9068,20381,20465,20666,21175,36800,38694,40681,57663,59918,64061,66828,68629,70811
461453189,5446,41747
4182916070,1749,2310,4720,6857,19103,20729,26112,35043,35706,38489,39064,57896,57919,57963,68389,69023,69968,72484,86543
2098390824,3221,5578,5755,8004,9716,10008,13219,14871,20258,21487,21736,36155,49754,59075,66742,95363
2669609405,3714,5964,18788,27155,27342,31728,33599,34631,35329,36740,44184,49258,49619,52124,68348,70230,70595,88508,96072
797780324,2162,4224,4607,7719,8809,13815,19174,23966,31927,37003,38005,42265,46636,48481,51365,54886,57113,59045,59434,59620,61361,61405,62637,64300,72001,74290,75101,77125,79737,80526,81195,86104,87403,87634,91532,91712
2822222564,5979
1598470688,64005
2268347104,3712,8343,34047,52434
2103885551,29894,42219,80802,86161,96442
1529562494,84533
2927461463,72325
2765470080,21447
3571980917,13573,37404,59409
3011795765,4655,32489,38992,54229,57350,66258,80362,82461,84994,95959
2177652976,55971
2067121310,54684
442038363,15313,43193,62447,79434
3068901328,31440,67925
1741645300,54336
578696843,21803
3359102782,47845
1931783565,4072,4593,16985,17411,26139,32935,45765,52646,57470,63568,64211,67128,87537
3363283433,2897,6576,64777,68023
251864560,214,3210,4106,4281,5389,5961,11074,13661,16571,17570,18428,18617,19008,19838,30828,32100,32242,35326,38545,43038,43183,44373,47361,48148,53818,57051,60924,66660,70567,73650,75067,76732,76858,84627,87246,89313,91708
3361545086,3676,40259,58485,70395
3053770331,21804,91704
4061227030,9482,54485,83505
545700747,25258
1086812047,24828
459290028,8065,64327,75081
1963813801,3675,5923,15113,15156,21860,23352,26148,31161,36326,37299,48821,54437,55793,58484,60441
1288842235,351,638,1831,8505,10139,11721,12435,13058,13205,14882,15553,18289,19474,20767,22866,24635,26094,26684,29058,30589,30914,31920,32891,33089,33120,38647,41348,44860,44967,45858,47066,47183,48339,50929,53134,56248,57977,60633,62403,64939,65161,65617,66126,67191,70264,71991,73163,74586,75019,75575,76647,77334,78850,83388,83944,84286,85024,88985,90001,91627,96752
343036710,51440
1207359363,4139,4217,4292,20146,21682,23214,24061,34180,36164,40779,56812,62560,66801,75635,96360
771912576,2581,9010,30052,72332
3571990038,2631,65652,88072
3721935111,22995
1768818937,4724,11380,12600,18578,19223,40564,41451,67242,69150
1828848866,3661,33577,47640,51572,58676,74492
2509636708,3660,6137,7986,23091,23887,27930,28341,29966,33576,40009,40406,43979,45958,47639,48128,51571,53582,57734,58675,59322,65010,67923,73599,73654,74491,83894
411260144,85478
2211450144,2017,88718
2442675614,2336,24463,25548,44659,57231,65254,77926,81215,90615
1326821392,3658,6868,9259,9888,11256,11326,12540,14168,14646,16534,16928,20041,22643,37693,40158,52080,57407,63727,65648,69779,92142,92337,93894
2824293287,17955,56340
4200967216,29646,29890,31157,57023,62511,96766
3431779431,3650,8897,26056,29480,41229,67180
3663675254,27061,33369,36958,45986,95147
547349727,3644,3793,11766,12466,12655,51199,82675,88314,88902,90714,92013,93563
1858210376,91845
1699819373,4805
1526445256,2109,46336,60720
229878410,3636,4705,8516,16077,87219
621718340,27497,50932
84655735,3983,9293,12974,14634,19679,20005,22299,24966,35428
3147368620,17878,21923
1153546995,5124,8796,10432,10462,17006,17513,31321,46887,48196,50056,70533,72016,74648,78075,82103,84064,91888,92613
2951501933,3631,83612,92567,94972
3297755085,56744,71409
3327278201,2195,7368,11777,12403,18167,21123,22175,32317,41981,43163,43670,60086,67542,74179,74343,81702
1527434052,9335,16500,31136,38986,40106,42980,45513,47647,63454
2740836106,3626,9803,12302,15284,18235,22295,23175,37209,40531,44061,49932,53157,55591,58373,60944,64120,67946,74400,96723
1775035773,28656
3790938126,2900,4638,22266,40415,59737,67765,73898,89373
3316279457,3623,16079,23520,28274,66556
3778190720,23183,37552,40458,51045,86445
2292736393,37613
3083067363,37281,51026,81949,83283,83593
53233697,22721,23417,44154,92650,95543
4130509745,8259,10617,12925,44326,87544,87907
3300990217,43766,56433
2489104527,5454
1879530523,96757
2995108266,62675,65657,76287,88462,91000,94431
1830642506,50131
1086032488,3619,44988,55292,80499,88612
3162053285,13477,76008,91395
318152721,66333,73221
1405956104,2387,2472,2775,3196,6811,16865,18032,30845,32533,50743,63131,63341,66664,66722,67789
3046859162,55084,94067
3000131373,1688,16441,41289,65604
3499684098,3618,44987,46473,55291,80498,88611,95482
3134850896,28471,58009,65859
3025235959,61766
3603714157,973,1404,2482,2826,27178,29704,38186,67444,68984
2314700966,3617,55290,61654,95481
2783007434,14062
2403226990,8099,41186,56940,75742,89490
1082941201,6527,15332,32876,39874,76549,82697,87181,91439,91514
1770485196,3621,32001,76715
767980465,28190,43570,92977
2472451791,8064,35090,48900,50890,66340,75935,78594,90027
3647740777,54843
2109992762,1156,19243,27345,27589,27785,63706,63809,63940,69376,71074
1238192459,1233,8662,57271,66560,69045,82913
939618089,23532,24667,37721
3426984809,3616,3628,49757,55289,61653,95480
2257166640,40523,44213,51770,72030
3578403232,35301,62066
2124599472,72848
1826282272,20135,43175,64893
58994772,13384,49004,66810,93365
1950982078,9009,47849,72331
3111109095,3638,5680,10634,14379,15346,15774,32003,87221
3617958715,659,3101,4658,4853,14275,23229,23739,28642,31001,31347,33268,35111,36012,39588,40188,40512,44915,46019,52748,52968,55143,58440,63887,64654,76954,77954,80067,80257,80461,81207,82349,82827,82865,83311,84455,84820,85669,85739,86456,87107,90127,92435,93612,95533
4276658054,54321
1581722190,7978,29292
84049680,71648
2044842345,23975,28452,29977,31804,50145,50965,52402,57163,63197,66616,82006
1592146832,21570,32880,84089
2450094553,20649,30339,30986,34205,35137,37766,38304,43141,50013,78336
3778994811,598,1689,2522,7508,7609,8276,8862,9899,10963,11253,14318,14633,16735,16848,18320,19678,20547,20640,21071,45769,46443,47328,47885,50422,52541,61071,66184,66501,79958,80643,83172,89040,96675
4046711789,27648,41772,51097,91932
870722636,24005,48344,50616,56817
355638661,3613,28184
3600731840,11664,18027,29696,36079,45778,45849,49243,49814,66441,66748,70856,74228,74976,86651,94901
1125718864,3853,9774,52262,79607,82616,85234,91315
1853434453,54147,76243
3010442283,4270,13355,60120,61729,65830
1347197968,75128
2790307423,3610,10292,11947,44174,47657,54626,56508,68498,82523,87208
1781635223,4123,46973,90303,92871
514627342,49796
2366585663,23027,34336,49311,79918
538670562,17564,20577,40988,46167,57003,64908,66863,68266,82131,95222
3373476830,5268,17644,19732,44506,56655,58208,58480,58813,81428,88332,89883,91083,96033
1790370509,74663,89947
2906128271,33453
1081048592,61291
1832036426,48777
3947619714,153,96883
1528556584,3597,13550,39757,41137,55870,64789,71508
3902995908,17931,32555,38190,40091,60744,92556
2785406161,33163,47557,51852,89006
1012720662,80600,94584
1637412309,67593
531324139,227,757,2953,3077,4718,7168,9510,9721,11201,11244,12742,14211,14256,14681,15125,15733,16171,16841,17671,17969,18482,18768,19076,20936,21191,21908,23159,25136,25595,25882,27236,28973,32219,34193,39325,42262,44107,45478,45541,48083,48836,49470,50683,50708,51245,52974,53106,53640,53666,54340,54361,54455,54966,55368,55896,56000,60619,64550,66602,67848,76332,76838,76920,78182,79015,79277,79948,80279,80858,81238,81244,82748,84764,85758,86622,86829,89952,90327,91201,92278,92815,92850,93484,93644,94878,95712
2844746842,95282
4287907731,72688
4020450931,7522,14415,75759,88338
2395796669,4932,8041,75453,80542,81137,90365,91453
2151948127,14923,38961
1900954743,94,9263,56459
452659667,2950,20239,33931,51288,53637,55893,77372,81131,81380
1503291087,25268,29970,34097,35828,36378,36646,40894,41884,45117,48229,48270,51760,51912,54704,58367,58953,59718,63025,66067,66947,80275,82259,85190,89753
3318371230,3584,10227,24672,27639,71243,88729
1519328277,11631,27565,35127,69449,85432
4191634119,26394,34932
1655526447,403,2379,2572,2697,3363,3450,4534,5056,6057,8349,9228,9323,9424,9430,9807,9833,11026,11090,11691,12027,12216,12237,12240,12650,13187,13845,15395,15591,16261,16305,17487,20017,20434,20503,20530,20744,21669,29312,32142,32654,33427,34119,34441,35238,36505,39237,39721,39947,43715,43783,44924,45281,45508,46108,48164,50335,50775,50850,51531,52723,52791,53851,54621,56397,56653,58417,61855,62016,62286,62866,63388,63947,65345,68313,71622,72362,72615,74462,74508,74538,77909,78010,78016,79002,79057,79835,81084,81357,81426,82277,82340,86077,87387,87757,88330,89054,89762,89881,91057,91060,91081,92548,93090,93221,93793,94453,94975,95902,96031,96293,96433
1336841383,143,1482,15993,18142,20366,31579,36440,58200,61181,71007,76405,76657,79707,85471,85636,91787,92910,94960
881433137,1305,32523,56169
102002301,27821,28568,29433,58973,64131,65554,80074
106528459,59057
790343489,33065,88291,88491,94219
3248914187,62776
2714000587,9349,27979,63391,69019
514556668,3579,24775,35771,57444
991252861,23244,61794,71076
1859021592,33900,68045
565469966,8603,17430,17745,22248,81147
2033310566,1407,1868,2604,4856,13753,16025,58948,78068,88301
2649432465,28483
1706943986,54366
3308187274,2322,5093,8493,9284,10458,29996,30033,32775,46479,71618,83713,84537,85774,92915
3530042352,71642
3418456289,28749,35232
1008942822,17453,30191,66152,88866
2389912822,1005,72775,74512
3357154909,13274,23117,29676,35473,50374,54403,76179,76599,76725
3552000291,21915
2264104110,4656,82462
1362337505,3573,32952,41610,52895,55386
3792007916,44526
1694426528,1300
1753460357,3569,5907,10119,13729,13958,18692,30793,38934,40439,51020,57609,79346
967725462,1657
1998334237,3567,6553,19921,21024,28857,30791,53291,54278,56355,57607,63163,92347
492641952,3546,17588,27872,58113,62249,71925,74263,93508
2215704482,14334,15130,77988
1833793768,59159,89123
2853318516,53115,66452
3779207667,378,2926,5109,5658,7189,7599,8203,10525,10825,10872,11192,11220,11503,12280,12307,12642,13292,13522,13610,13811,14877,15349,15777,15900,17077,18628,19171,19229,19384,20597,20882,21565,22275,22349,23801,24572,25289,27384,28689,29273,31268,31617,31672,31738,35683,38028,38716,39110,40506,40625,40911,41754,41909,41933,42051,42472,42864,43085,44237,44289,45031,45172,46916,46931,48801,51945,53577,59617,59730,60272,64177,64799,65029,65637,67078,68000,68441,68638,72529,77603,78254,81743,82764,86278,86535,87710,90655,92056,92559,94253,94482,94655,94672,96170,96411
1920749247,25967
4233518067,3541,13621,22759,23768,32412,36938,37315,46674,56223,62211
311929737,91832
2259581015,29509,70647
3311419123,6886,18668,18902,34011,70472,77401,88306
1760721941,40976
1840547509,7226
3817101280,22071
2675457158,81503
2119481335,3536
3020253846,4759,5539,9818,12772,18873,19152,19515,21524,22438,23501,33432,35873,36971,39507,45673,47912,55653,59888,68513,68825,69664,71023,74799,81658,83919,86695
4234719659,26675,26980,35058,48939,51614,52130,63647,75557
2925358843,8242,15479,20695,30999,49266,50921,53456,81448,93574,95531
2224973167,1321,5084,5596,6003,7590,7916,14153,16267,16660,17167,21278,21647,29775,30853,31759,32711,35066,37386,37689,39169,39791,40223,40431,41127,43550,47470,50009,50911,51803,52046,52936,56479,57678,57805,58224,59486,59707,61375,62763,63540,64674,66017,67686,70945,73860,75056,77272,79994,81750,82383,82420,85839,86386,88810,89411,96503
3046766216,18680
3201839726,1117,1197,2446,20466,21176,38695,48788,59919,64062,67373
4237728484,26633,28233,29331,40375,78293,88195
3164817920,2139,2404,35375,56747
1737395835,3532,78597,91544
2066142051,91778
3960919177,76168
2213783348,58121
3804328364,31566
3618420171,2937,37480,47600,54115,85556
1827123267,1639,10197,11182,14889,20572,21465,29900,68961,71220,81377,87787,88208,90582,91868,91924,94028,94578,95496
4171567310,55
46457642,14398,80851,93013
2697401745,3526,4091,15112,24085,26346,27806,30217,33648,37298,47958,60146,61115,69772,72769,73672,75993,77090,78037,78274,85640
197417469,2633,54113,87934
988652672,1753,5654,10645,12268,13426,21293,22319,22378,35884,44233,52885,54118,54507,67097,68004,85815,94907
2840872796,3525,58616,78273,85639,94534
2548423775,68521
656269783,45259,45301,58623,65371,78770,94305
398173971,693,11705,11729,29848,40459,41616,43254,44874,86042,91429
3513804737,43519
32623032,927,6711,8313,8418,9646,10047,12627,12957,15424,16627,23828,24481,28518,31944,33382,35166,35626,36810,39208,44208,44607,49191,50540,56700,56898,62741,62750,71278,71289,71934,73777,78685,80929,81034,81187,89305,91387,93036,93322
2496438552,26513
3958557273,3523,7029,20520,78271,88350
4070376972,13708,27450,43081,60888,68767,69629,81739,82725,95058
2347817912,3103
1500598917,82927
3664298712,39894,53686,96329
1051374361,8220,55076,63794,68113,68393,73524,73973
4233172491,3520,16349,53242
1428885070,31894
1904108225,11175
824171758,33368
2346386705,5925,24026,26150,26274,27438,29027,33595,35125,35825,36328,37175,68913,69447
3894525694,22713,49118,62314
4056499411,2765,22060,23009,96283
299862919,1282,14100,23704,23922,29249,35302,62067
93765064,494,5020,11774,12193,12457,14599,20165,20588,20636,22461,28981,34541,35622,38735,42336,49137,50516,53039,56671,63015,64107,65949,66961,69155,69754,72204,95823,96850
3426093894,644,1128,1601,4816,6355,7496,8990,10189,10853,11017,13429,13692,16047,16582,19862,32005,32557,35448,39809,40887,40946,41727,43730,48098,49391,52350,65003,65544,65573,68007,75743,77167,86182,88172,92950,94910
1944721379,98,24514
2077428440,79873
364110466,22964,50498,70877
3713525148,853,4702,6746,7603,9233,10691,16398,18876,45874,76002,84672
2522874640,3502,4430,7153,8216,8484,14237,16201,17220,17448,31943,35788,39364,44207,56301,56897,64528,65264,72125,75457,75487,91990,93035,94395
2578862505,3501,8215,13249,18964,29926,29939,39363,44206,75456,75486
3274045261,4264,11122,11506,15500,18052,18630,20558,22291,24146,38398,41046,44616,59446,61721,66885,67743,67942,69164,70219,70616,70847,75135
3512966802,7089,36240,64657
2932662697,32267
1214833541,11949,21611,21851,26838,26897,28574,56510
4223438451,92171
2115621697,4513
1160698053,3825,89281
1898850254,22779,23637,71015
2672597633,23765
2511171720,5805,11362,14067,28504,29086,48734,62619,79235,91519,94059,95561
3424536692,17999,62082
2471685647,739,16180,18813,20663,38710,81454
1711491127,29453,39872,82695,93512,94922,95066
3406403384,7865,33952,49330,72471
867421764,3488
2695695417,609,1793,1843,1848,2192,2305,2372,2772,3165,3353,3391,3640,5780,6025,6563,7302,7464,7768,7927,8605,8772,9480,10636,10959,11336,11639,11708,13700,14280,15054,15322,17304,17602,17747,17933,18256,18357,19029,19625,20459,21120,21211,21749,21918,22026,22250,22355,24757,27093,27360,31598,32172,33415,36177,37466,38192,39232,41508,43427,44314,46714,47016,47145,47351,48518,48687,49993,50652,53026,55468,60868,61027,63926,64054,64610,65111,68872,70952,71494,71658,72157,72468,74530,74877,74931,75761,78171,78480,80322,82560,82644,82800,82930,83855,83889,84420,85036,85992,86722,86858,87199,88321,88340,88501,90105,90660,91901,93060,93658,93670,95890,95911,96389,96958
3013395871,10033,42033,67411
1971704199,130,204,404,670,997,2380,3451,4535,5057,7826,8301,9425,12028,12651,14080,16183,16262,17475,19486,20504,20645,30433,32143,34442,35239,39722,43716,45725,50968,52724,52792,53495,57018,58418,62287,62867,63948,65712,66267,68314,71623,72363,77910,78017,79003,79807,81891,81900,82278,86078,87758,92549,94454,94976
1214271006,825,3951,30193,34916,36691,36747,37264,52704,55241,56368,57193,65323,75606,82777,88601,96136
894148717,14235,38852,46207,56299,66632,90377
3170147825,74387
279068402,3480,22572,29987,35954,86894
654692036,3478,6423,9912,17375,22570,29985,35952,48719,52956,53153,86892
3161218329,3475,8973,76824,81817
3552336092,69785
1949832671,904,2453,2673,2795,2803,7199,8598,10478,11883,14130,14776,18427,19923,21026,23455,43037,44372,45007,45202,50976,56807,59512,63165,64974,66659,74243,84626,85790,88619,91707,92349
2588573063,80250,94265
1223617571,3473,60445,76423
1092100069,68206
145843054,1025,38825,46594,57219,77501,81100,87599
1790967766,28826,45399,51595,68168
3286899939,469,77795
52491139,22979,24119,41038,49010,68711,78817,84220,92938,95338
1741285368,20304,78715,95199
481819898,3471,40839
2178283840,50748,56751,58879
965881592,3237,4987,10247,12596,17848,33728,44510,60898,61078,73755,83070,89837,96109
1770564799,3076,9576,9827,10614,10722,11243,13373,16431,17616,17915,18064,18481,18767,19313,19813,20046,21657,33769,35561,41021,45540,46262,48152,48835,49477,50682,51562,54725,55508,57456,59196,59747,63211,71551,73468,74109,74757,75855,75965,76146,79276,79528,79974,80283,85757,86828,90326,92427,94244,94877,94882,95020,95711
1469778767,25279,61317
4173985702,21572,26835
4232214529,225,1861,3289,8346,12708,13050,19710,24808,25880,26529,27716,29146,29803,32444,32765,35171,37113,38322,38801,40994,42250,48314,50664,52134,52437,53601,54453,56175,67755,72771,76019,76028,77092,79832,83367,83544,83789,84634,84793,88309,90298,96195
2033309384,3461,35913,44110,48612,72264,87733,88280,90208,93499
3408397374,2041,17831,28134,30594,32826,33873,34268,45500,53139,62738,63143,64448,67354,67392,68879,69308,73955,84731,88583,91758
4254291863,3463,21344,28488,48740,49528,84771,88519
2040809622,4991,11259,29243
1604489830,3455,8944,19425,42712,59102,68207,72111,72639,72679,73892,74458,89198
725320503,5724,42044
203064976,2053,24859,26935,36017,77597
1283847618,3454,8943,42711,46388,59101,88750
201604508,65828,71029
1276240787,6366,26047,37506,40931,42171,59533,89076
498700332,14099,63821,69634
1746829456,3540
813655734,42288,71246
3629975838,7174,10237,13604,21859,23351,26378,38135,81494,96193
1076406323,3446,52329,54803
3849743652,3440,10192,11478,16384,19800,31325,32870,36774,60497,63773,68184,71388,80961
3727241367,22851,23049,38327,43089,48370,48597,51183,73187
1048470519,22832
2849792763,3408,52212,67399
3878370674,3407,86709
1553067522,56365,67599
2954181116,53146
3501233140,5896
1092323880,3402,10880,20246,20414,21790,91328
3515630402,14065,58512
2630881294,4482,21393,29001,29303,29907,35802,48716,50029,65240,71874,92498,96982
801822276,9497,53045,64616,83735,88831
3242585652,49226,80109
2411926552,5298,7479,8583,75532,76944
2496812172,4148,32797,65447
960952097,29573
1874016364,21886
1090626014,3399
2652473111,3627,15285,37210,75638,78258
4240350829,67459
4180121615,42510,71230
2660272632,37722
4091544153,3625,12301,23174,37208,39756,44060,49931,55590,55869,58372,64119,64748
2499862883,27126,56148,67006,86600
817565926,3208,9051,11021,18751,29912,37984,38543,48293,53816,59566,61384,70293,73004,76430,83214,87373,96800
3149146471,66348
3444480499,3395,3919,7337,32375,62907,68615,75467,86333,89168,90473
300264714,3645,3794,7650,12656,13797,13886,15650,15794,31349,43637,51727,52171,60950,80840,86643,87123,88315,88903,89931,92014
430992577,3385,3737,3944,4562,5581,6818,6909,7528,8027,9120,9291,9600,11355,11755,12912,12972,14708,14938,17119,17242,17392,18721,22297,31975,33244,38091,38440,39985,59093,66778,66848,76300,76936,79086,80344,80758,83007,83995,84896,86969,90540,93469,94663,95519
1692577069,1115,25522,65095,65788
2949343409,4101,5401,7726,13485,18891,55517,87508,91040,95212
3909023033,1823,2351,3326,3338,4965,5095,6891,7808,11983,17627,22340,24233,30091,50612,61548,66155,71384,79418,82011,83191,87301,89186,89943,94378,96381
4020420313,2071,5556,9171,9667,14298,14926,20266,33789,37396,42158,45573,46617,57121,70447,71100,73874,74765,78810,83717,87115,89125,90468
2427046427,3377,27595,61394,61827,62366,63223,84476
866389432,1024,3384,4561,13585,14707,17118,17720,31974,33243,57140,57218,79085,80757,90203,90539,92957
2207665701,1152,6290,7533,9877,11169,14918,19239,27253,27708,47504,76225,78759,89337,92676
2265206793,3884,65700
2434978605,3375,27201,30101,30637,31469,32667,37764,46298,46466,55348,56550,62696,71368,78248,93214
2235528558,24173,25657,32257,46121,50673,54652,59340,61916,67828,84084,89524
1530773404,20675
3567868408,3370,9730,10669,13407,16717,34902,46675,48913,60003,60346
1106990824,2470
2887889651,2248,7560,11898,19422,26732,39485,40461,41220,43256,49069,56831,61771,65746,66372,77809,78650,88707
2049082576,20076,21726,52889,52984,75372
1423256410,92721
1914451110,1320,7589,9064,20086,21277,28060,32710,37385,40430,44093,47469,58223,62762,64673,77271,79993,82382
2446664425,3495,6786,93533
3008702484,10620
1261000881,3361,8019,8524,12648,15589,16966,20174,20609,22506,29694,32568,40678,43684,49241,53849,61097,61420,81557,86096,86496,86607
1935164773,36899,44747,59190
2169577787,3356,64110,64718
1886304984,36064,71834
2569734259,3351,3953,15320,20898,31614,34592,48180,51137,55064,62657,64865,65380,65440,77600,80717,81290,82492,83080,85569,85777,86720,90161,90731,93695,93874,94836
1894931977,23375
563639245,45744,46922
2287424038,10076
3161116666,6425,9914,17377,48721,52958,53155,74398
3902511632,42245,80429,84855,91893,94980
26496826,664,9556,29297,35960,73233
2129374175,75257
80963691,3330,18157,89858
3814032071,11033,18201,46785,49525,53676
832286617,3321,18511
2147412609,194,5356,38125
4230279818,3311,36853,67984
1835386530,15724
429632148,9685,23491,35371,61735
3966233988,1225,1882,6871,7296,8386,10467,11161,13134,32254,40859,42085,42362,50524,63060,66499,82211
2977793366,2485,8512
2476080413,2590
2930924087,23127,71565,73867
353613116,49722
4063470385,2194,2559,7367,9855,9917,11776,12047,14282,18166,21122,38485,39259,43162,43669,43875,47147,56587,60085,66963,68401,72049,74178,75909,81701,87493,88250,88503
1717373736,4252
47009667,3295,10911,28899
3183844165,2403,57651,65922
388974506,50429
2936731979,18074,37084,42760
3117149540,3294,10910,11360,28898,94057
1157446429,24655,25037
369184792,715,6680,7752,8737,18384,30485,32830,33586,34082,35193,38666,41272,42959,44080,45123,51470,52729,55726,57036,69722,72172,73043,74222,74897,77491,82976,92197,92763
3644200137,56485
3132457554,20102,86846,89920
1896543886,81,25128,57985
2094950541,4240,4692,5443,7379,7411,12829,18179,28263,32092,35370,39712,43673,44015,44887,48508,62394,66546,76011,79906,83011,83999,84553,89553,93194
837144895,38930,47962,75687
3176157479,23631,53179
966735087,49734,51690,91944
3254622275,41211
767016865,1114,40588,72917
1000491610,3117,9125,14584,36358,50575,61089,63709,78395
766279147,996,51547,51600,52807
3538494596,3320,18510,39794,57329,84720
21237387,32882,49275
1464770670,2329,14621,80849,87701,93011
1363052028,9039,48743
2717253770,1774,50467
3504396800,1155,19242
3422873910,5874,7910,16199,17470,25641,27845,28335,31941,42687,53010,65532,77817,80217,83819,85736
2082993149,86625
3307971010,38233,40371
38877404,19495
2928154686,12587,85176
3514286502,55996,77300,79270
2591046202,572,52694
3803791079,61356,90606
622829632,6549,24732,48384,57313,60375,74613,77527
2372922916,418,5871,9506,24563,26159,32779,33959,36036,51899,75344,80268,81057,83062,84550,87679,88604,92918,93191,95670
630520261,47498,59900,72179
537013249,3275,7717,9540,9739,15932,18697,19004,41966,59043,75099
1043722061,3494,6785,75305
3656350173,13638
2050316411,3265,45648,57480
4027461295,3263,43167,71270
1492747550,1348,30717
348444960,6034,8398,29105,73092,73238,74205,74250
3062549684,3260
2982966212,20155,78842,93443
1610128617,49960
1450091726,3259,92541
490629549,620,26514,29836,37099,43054,54518,55782,59078,64144,64577,71510,74207
2225294804,1347
606819101,40897,52878,79438,90041
1977303748,870,65933,77867,87520,96652
3294003627,2699,33429,72617
4049610165,58678
536256493,1057
3907292287,3244,8769,29318,33412,42633,43860,63435,64173,66370,71491
136044927,2277,80053
3737376456,273,16226,25362,32247,38165,41642,50215,59478
1494258469,3830,5698,21127
333341655,26059,60842,81043,84609
2127212271,85437
857872585,3243,4212,7091,8903,13392,23488,23810,29317,31122,32973,33411,35234,37831,41868,42632,43859,44643,54065,54980,55463,58039,61545,62664,63434,63881,64172,64659,66404,71051,71490,74146,74761,84150,85440,87272,88434
2595541357,28506
912831629,6438
769253618,10972,14731,30456,30501,34463,35404,49165,50031,50535,71974,75040,76850,88236,92779
1297590654,10212,10768,46313,52665,60952,63339,77648,79379,85752,88905
932051334,3224,4274,20229,32913,46104,48094,61904,67948,90951
3992139677,3204,73140,82957
1548042622,89189
2836644341,4762,6013
2731442536,8407
2808196331,1326,32515,34750,35492,36129,38087,41522,42529,42628,55434,59270,71031,79198,80548,80623,82909
2619330683,11246,65910
4251553023,15959,68475,68702,80366,80993,95963
3961615049,261,1358,3679,9013,9964,13442,15667,17285,18950,20374,21221,23315,26734,27403,34839,36212,36393,37141,37434,37728,38342,39839,40287,40463,41222,41690,42910,43870,44623,47247,49071,49823,50647,56187,58097,58409,60301,61940,62361,65116,65777,66311,69074,69161,70922,72280,72335,72554,77811,78652,79540,90068,90743,91671
3680067041,3378,5173,8873,27596,33610,41875,43826,51504,53111,80033,80445,81989,84477,84858,95094
1807109976,30439,73475
439023803,3197
4128164847,38363
3032312043,7747,15240,18439,19718,24932,26256,28710,28895,30055,33133,35412,41373,41809,42126,42637,44074,46194,49573,49799,56381,59639,60593,62324,63998,64729,66522,67184,70398,70698,72311,77932,78952,79316,92861,96776,96979
309897683,28400,35663,38354,62001,72549
4106564380,62134
1114031392,3565,28855,63952,78492,79074,82282
949056837,3148
3250754054,26659,35722
10088605,1944,59186
2051305242,3194,5100,14556,16051,31931,52083,86800
3152416217,28349,55228,60811
713179617,89220
3133740808,23247,81512
1720514899,3185,18839,24379,43804,60195,60489,65488,70485,75820,76329,87927
3622213955,47151
1835422512,3184,18838,43803
244921404,58809,79284,96022
553653989,27309,33313
10356647,1088,29036,40831,54897,79790,82219,90974,91584,92225,94192,96091
2364719033,1136,51586
2367612054,12615,84379
2456991861,24040
356850220,4011,7930,39514
4155565582,11404,37592,87285
2635084571,26177,50019,88875
4230193283,623,4625,10686,13889,14604,27519,66056,82721,84514,86274,96407
3042607617,26197,53687,62090,75006,76108,80911,96330
3375590288,3176,30308,34929,61694,62647,68035,82896
1702038371,3175,24974,29508,30307,34928,49535,61693,62646,62824,68034,68727,69882,69934,70646,70996,74176,82895,85724
1758300051,17688,42942,84114
2426987852,3174,16554,21663,29507,30306,37486,38038,49534,63992,74175,85723,91028
2008024635,41436
2706986978,5246,18540,39933
1277258712,46304
3195875497,3167,5333,5419,5782,6565,8274,8646,9225,9991,10961,11212,12820,15149,15324,16733,16825,17596,18258,20167,20377,20479,20638,21299,21751,24339,31889,32139,32990,33420,35890,39234,40290,41510,41912,45247,45932,47883,48689,51006,58749,60408,61480,66638,67772,68577,70055,74589,76686,77475,79459,82646,85038,86539,87201,87713,89209,89772,95717,96127
2873158100,197,10986,35978,43335,49461
2016864100,53024,65001
4243853432,2210,8328,23661,27101,46982,53337,66892,76025,76346
2930151019,3157,3632,10780,51772,79778,85468,92568,96986
193004539,1108,6795,14198,42839,43377,45536,45817,53052,57178,92373
771551871,43572
4240929473,24319
4078788878,5553
2825708197,12199,26078,30281,32835,39551,44932,45345,47439,52139,58960,59456,63461,66459,66528,69361,74102,74413,75840,91801
4185920254,417,7789,9505,11907,24562,26158,31048,33064,33958,38259,46481,56142,75343,75619,81056,83698,83884,84549,84851,85004,85223,85577,88290,90182,90252,91977,92917,93067,94218,95078,95432
1125890862,23585,26595,29809,34669,50799,55171,71966,89605
2244914683,33909,34356,62040
669500267,44322
2193824008,1854,7679,16366,44796,47865,49924,53809,53954,61526,64750,69420,91031,95707
3563237405,36200,63128,72516,80213,88731
2222836594,18376,94486,95595
1161898562,2235,46965
1913925421,392,14701,32042,56883,57722,76782,90398
1615877204,3497,15528,20896,31274,61083,77598
2169238725,2140,2405,6030,7045,10648,11866,19203,21096,24873,42563,43232,65469,65594,68368,70166,71917,74247,79043
3029771788,27547,69556
1729240983,3154,4437,64438,84579
1638282760,78145
3488852363,65163
3470413274,14413
3816255490,3152,3324,18341,24560,96135
608475886,78,35655,51796,70269,75060
36401221,2512,14228,24231,33956,34162,52877,65726,74567,83498,83696
234293536,12366,14074,49966,77731
549380001,7067,8911,13800,15797,17607,32177,37221,45627,60226
2784204861,2087,10745,66182,80641,95241
2428973647,3150,10270,18339,54921,60815,66685,79245
2037947736,3149,18338,54920,60814,66684
1905593727,56461,96352
3577301595,47569,48936,59350
1520018746,3172
349639323,11176,92594
2745275046,58396
512525106,3126,4978,11150,14673,15588,16410,18885,20053,20173,21348,25728,25797,29113,32567,33627,45242,48633,50841,54587,55495,58820,59829,60340,61096,74619,78309,78935,81556,81977,83571,85141,86495,86606,89342,89518,91741,95421
2812043942,41853,44248,61885
3698174611,26231,46812,61270,63009
97919192,5522
2385369191,3123,4010,18882,39413,51281,68827,93032
3957936400,3120,45857,62402,93029
468650778,3114
655759600,5082,34437,34471
299901359,2431,6836,18375,60709,95594
213735749,1564,64475,95664
711493880,3107,5878,6644,8222,18633,37898,44352,47715,52362,55078,56913,61724,66352,66888,75958,76221,76293,78200,92470
216641653,83408,84520,86490
462933362,7493
451979136,5398,18279,40802,48407,51433,55883,67960,72827,82022
3961200103,18041,26013,54356,54867,72061
2599476165,1761,3999,5580,6908,7992,9290,9599,9830,11354,11661,11754,11942,12911,12980,13221,13837,17391,18720,26847,38090,38439,39367,43063,52036,55822,59575,66144,66208,66847,69287,69938,76935,78007,83239,84895,85689,86968,88240,90705,94662,95293
1236343606,23820,58154,62756,63303
718406265,869,2651,40343,46221,87519,87566
542808579,3092,3861,5797,38903,52049,65056,65401,79856,86313,95930
1051968718,7130,25697,37829,39828,46820,47814,50549,69849,71049,89370
3750053655,3091,5796,41878,65400,72838,82741,83430,85941,86312,95929
1083314095,2560,29395,38486,46354,59309,61678,64601,65982,68107,89814
426120256,287,17983,56089,59778
1714747692,9860,40101,43171,61093,78284,79191,80351,81974,83093,88514
2045879784,3089,3800,4556,4676,4811,5816,5975,6624,9090,11322,12441,12995,13736,13983,14164,19018,20842,22119,22210,28124,31412,32236,35804,36437,38605,51315,51517,51619,56661,57064,61178,62482,65259,65398,68571,72659,74970,76873,77212,77380,77663,77711,79249,79717,80557,80938,81870,82353,82716,88869,91551,92302,92754,93605,94129,94691,94935,96215
1933173084,35178,58158,58592,88929,90465,92068,92104,94345
3585739907,92071
3032695822,9151,85090
1676433293,22793,72119
3116779032,5829,49589
2090397117,31778,59959,63826,75073
185119809,25035,29378
248703600,10599,15263,18103,21738,32845,39618,43707,44476,46463,46516,48659,54240,63596,70099,70938,72128,72535,90495,93707
3400914703,1862,8905,11314,13394,16666,19711,20690,23592,24611,27717,28409,32766,34217,35172,36353,36575,41700,42251,48172,50665,52438,62666,63883,67537,69912,76020,77093,79441,79813,82113,83790,84595,84635,88310,90299,95686,96491
422218491,21437
1113601724,70413
1003275794,3067
445242611,136,19628,53075,74625
39897550,226,3290,3908,4516,7167,10787,11344,11971,12709,13051,20935,21190,21907,25679,25881,26530,27235,27935,27977,28739,29142,29147,30393,30803,31720,32445,34192,34328,37081,37114,37239,38323,38802,40995,41328,44021,45892,48315,48656,48956,52288,52827,54454,55315,56125,59298,62389,64661,67847,69017,70539,71113,71306,74910,76029,76807,81177,81390,83545,84560,84668,84763,84794,85264,85288,86621,88436,89558,91154,92241,92277,93643
1553699285,1194,2443,4418,12822,18116,18260,20379,36078,39253,43246,44132,81679
2732062325,3071
2057564722,77531
2277239336,65408
1616801059,15026,30566,31288,57602,57863,58079,62531,72646,84041
1009085513,9552,26115,30490,39067,39632,56836,64828,79388,89928
4127315094,96587
208532917,39305
1697727236,27566,66788,69450
3904348704,28502
3869773841,52095,79407,85309
1316281477,2206,4449,5949,7098,9457,14011,15139,21829,29805,33724,36363,40368,49986,51464,57772,64009,66407,70902,75183,79583,80657,81764,83066,84450,85521,85956,86990,90045,93781,95165,96645,96871
2400224132,3070,8735,23741,33551,33907,44361,45070,51468,74430,75629,80661,83289,86675,86732
2839725287,1111,3911,4879,5567,8849,9582,10536,12337,13127,13681,15169,15202,16551,21660,22610,36312,40546,41308,44024,55520,55749,70370,74922,85213,85267,91193,91823
4121056761,12878,57725,95097
565859557,25631,27505
1718619421,14886,16198,17469,25640,31940,42686,44947,53864,61251,65782,67244,73981,74769,75264,77184,77816,80216,85735,92003
3460316598,9628,24206,24467,34210,87155
2714642355,2508,15699,29126,32262,43835,47060,52844,54952,55552,58648,94562
2745682774,2069
2080527171,3063,36085,41845,62680,75706,78212,85505
3623947250,37734
4101247705,46665
2168049381,13303,70777,85123
3529027845,3062,12190,41844,75705,85504
2382211856,67306
2582984475,2287,37663,41987,76355
2190928810,20884,67777,83915
699582367,2250,18001,23335,38099,39487,39771,42924,55073,61773,65748,72982,89379
1695471432,13689,63191,90687
3246042138,55332,75818,95797
2350087575,4181,7341,15601,17089,20416,36060,36654,49852,76143,80584,81820,84446,84703,89616,94206,95017
2252962398,4779,4821,6712,8853,9647,9883,10015,10031,10048,10953,12797,13070,14402,14561,14944,15711,16321,17343,20002,24198,25529,27868,30528,32838,33051,33460,33512,35556,36811,38298,40151,42022,42504,42841,43603,44128,44442,44608,47928,51307,53054,54936,62742,64692,65957,66698,75106,75973,76755,87807,89306,89910,90444,91271,93323,93689,95853,96152
2096834491,23077,27537,43236,71521
794979827,3061,75704
658205801,1461,3382,4559,12174,14705,16737,56482,57216,82719,89042
2364837355,7146,17545,34466,38240,57280,87308
3718411475,92807
100929670,17855,49307,50490
2343868103,69415
661204793,3060,11181,29899,46589,48632,71219,74618,75703,83570,86605,94027
542966583,27255,96356
3206682009,25996,39787,53696,56502,89492,93145
3328374213,1724,32507,78342,88456
1913958801,85227
157487701,4503,23513,28512,57859,57874
2702543160,3702,4769,8545,8711,9704,10310,10661,16519,18844,26249,28633,34726,46250,54045,62758,64309,67213,70323,71567,93797,94114,94606
2262268032,878,2547,3515,3557,3561,4054,5335,8722,9094,9348,10792,11060,12429,14712,16563,16827,17920,18502,21301,28546,30884,32325,32992,33042,39511,39735,40280,42307,42366,43654,44826,45934,46320,50983,53083,53365,57839,63983,68667,72197,74915,76688,77802,78080,82648,85207,85369,85732,87542,89774,91409,92246,92641,95572,96059
1808714276,3059,20132,46588,94026
3590535265,26029,74661
2365374452,4905,40134,88908
1364464995,18619,47221,60926
4239805614,4507,13874,17809,20919,34815,65882,84845,89986
4148828894,24317,30194,34945,56369,72097,92837
2862886244,8069,24608,25630,27504,30797,53095,61053,67312,73580
169000641,3056,3635,16076,22989
2975030024,24421,87717,88820
4176076622,72305
304382272,2933,13972,19568,28834,72328,80381,80747,94710
1473938385,53099
557718826,8972
1619685113,51568,94741
4023581688,3050,9862,23305,30265,32527,32907,42700,53531,53753,69466,84570,85616,89257,89673,95259,96312
2446614198,24656
4008717522,46240
1061292152,3036
583935833,51,29410,33367,53512,55239,72152,78222,80122,80630,83101
3926348606,10753,22082,52300,82700,84697,87184,90475
2451929564,3030,3876,15273,29961,77847,95414
2923928817,61152
3779507690,23394,50209,72824,85961,92809
3955799438,2396,5424,8893,11746,13470,13806,15538,16173,17234,19209,24179,40468,40751,42092,43387,48092,65227,66281,78710,79535,79849,91617,95123
3017539024,47660,65864,73132,84055,93102
3908170168,1897,1997,3668,8044,10738,12259,15098,16018,16683,20299,20341,39269,45214,51701,53486,60820,64569,69637,76353,76761,78673,80615,82622,83272,83663,84233,85710,86524,88697,90665
2990851558,3029,7594,21558,26951,30124,49701,50242,78324
65421340,315,75468,83660,88694
4256627804,80236,92040,93301
2047486070,909,22503,45423,48866,63116,63418,66754
3529942535,30440,73476
2491098810,23096,94094
2565402219,1227,2915,3256,3422,6873,7298,7553,9345,10469,17318,18301,19607,35391,35438,38746,39849,41512,42087,43898,45908,66021,78904,84281,90981,92232,94341,95071
2474749794,5798,38904,56745
1356548146,67272,70140
401393049,10286,12893,14759,25564,77882,81144
4077870737,3920,9178,28764,45868,77469,77509,77637,88336
2407114398,3010,81161,90021
2995139682,14151,21645,32096,36795,81748,82418,88808
1879726019,3007,61672,80780
1336990421,548,9412,10520
1849618753,1525,76377,93356
4211344650,3003,19937,21856,72191,85549
285425068,3073,48073,49094,78565,90319
1412454980,19507,20941,22542,22614,24736,25708,26136,30201,35082,37130,41956,48926,51143,56645,60322,60656,66972,72253
464698203,9743,14479,20078,39370,47359,76709
4044324584,24474,33100,33237
62199409,14192,77214,85353,85662,92756
1781809800,39544,55776,71819
3876922356,31541,63255,77201
1655486954,2991,64075
2945920561,96588
1459580829,3064,3865,4528,6996,7398,11435,11463,16330,22411,25006,27022,28151,30038,32366,33332,42225,45709,50293,58496,61591,62681,62702,63908,67093,77326,78213,85951,93530
1048288848,2989,5762,6078,28781,62612,81489
2816920419,85101
2995087795,27411
2893343447,2985
3427508542,43768,58897,68803,84863
1002652612,1174,4948,7436,8969,9759,9881,10029,10629,13716,15260,16094,18896,21583,22231,22929,28280,29768,35759,35834,36913,38624,39431,41888,44440,49622,54838,57240,59788,63207,67368,85611,91051
432638360,16553,21662,38037,49533,63991,85722,91027
1928958914,2977,24376,36583,56635,86173,91209,94294
1990390679,12967,28257,46556,48736
3290083414,2828,19268,41773,63516,72445
2320787272,3271,26519
2647222918,59378,94852
287250979,24366,25725,39027,54584,64889,91687
2516683426,15257
3247286505,2975,7124,7799,9796,18344,30685,31967,37346,46909,47821,54945,55774,57886,59373,61709,75246,75398,86036,86171,91968,96735
2581175062,6399,30317,48387,94188
4125483351,2967,3690,5200,7429,16389,25775,40841,71460,75651
1609558470,5734,5993,8531,21164,34318,56833,59397,59650,68198,88709
3745869668,57830,72724
284798657,39503,66910
3776755785,8959
2014467669,41244,58884
61853010,3860,38902,42214,48636,52048,63241,65055,69260,79855,80797,92528
745902523,2957,19178,37148,40915,43212,49427,82108
1853293118,34824,68592
2221890179,44549
3697274469,743,46737,96036
2480468794,1323,37225,41291,50410,80185
3562166612,68190
1123063464,588,944,2077,6133,9571,27686,29948,33355,33851,44547,46257,49361,50402,51494,54882,62726,62840,64168,68860,79163,96372
844289295,34687
3237672131,2947
1519845197,28001,84018
3544372639,5507
332078389,16393,26089,62847
3466697802,2945,11677,39422,43699,52031,69168,81910
1441753981,309
1132429905,2944,11676,16279,43698,48918,69167
178308914,3115,7957,18461,20973,37340,40347,42322,45040,66791,96119
3940535510,3651,8898,19138,41230
2151746676,7566,12601,13508,63174,69151
620247473,43269,47930,57612,60992
3022523877,3206,31907,48432,49341,50696,57553,65525,73142
3997301045,35677,71715
1632528987,4910,13841,20735,30009,34038,46414,55586
1640279654,55801
2439641165,13456,34719,81007
3461287576,2941,28942
1873961528,83025
1618514567,14161,14208,19858,31733,67953,86822
2236641724,38407
1964607298,3116,37341,44085,67042
4244743718,61957
1054987057,5903
3315623708,48845
3804246708,35603
1221025062,2935,5928,19002,23792,24643,59041,69995
3333438574,1718,3411,46417,52215,53715,67402
2282513369,32618,72145
1998398386,128,18530,37456,44138,65759
1732281971,88588
1390168720,4131,46596,78553
4060125460,2930,6521,13615,13662,14053,15472,19839,20792,21527,21587,35252,39889,50121,55007,59331,70568,74802,81532,90847,92644,94676,94707
2976120349,56553
2887242397,7022,8057,23688,30615,31803,32213,44974,50589,59081,62379,69794,70234,71185,74963,75094,77860,85413,89970,91288,93578,95835
1102967439,16512,35579,50298
3610086472,1989,27647,56678
2471751017,25674
2962917041,8965,18781,25455,26635,33086,44008,60908,93930
4131368936,2929,4220,9017,11699,13614,15761,19410,31923,35251,36900,47353,47725,48216,50712,55006,59191,59330,59762,94675,94706
1965666386,1308,15604,24569,29488,36986,37696,39084,44566,49487,50385,63152,67381,67852,69176
2216370483,75641
1780878805,2918,5820,8648,11838,19548,84645,87715,87957
4147046113,54027,91379
2082922542,3403,10881,20247,20415,21791,91329
4229979534,52109,86646,87126
989766119,420,7582,10607,11154,14573,28616,37844,39188,39315,44057,63654,68536,73863,75346,90990,91397,93527
2963490025,86109
3222203045,82959
2927357640,34382
3829825591,363,32341,33131,35410,66520,95317,96336
1810938223,14595,22016,22424,28086,43695,47749,51214,66573,76095,79240,81916
2790833074,22228,24658,25893,30579,46342,53980,54835,55095,73170,74258,74408,81212
3769865693,4175,7656,8550,20813,25088,28945,33967,40062,48722,60573,62895,81654,86741
1362217644,21492,34407,60219,83860,86527,88578,95769
1473382095,36207
4240582729,12128
2287731894,2902,50952,67569,73900
26886639,1,3381,4558,7064,11324,12538,14166,14704,14915,20039,22212,37748,52078,57405,69777,74724,81944,82144,82718
1717522219,489,13209,18062,20044,20485,29863,44345,45189,49384,55506,64304,67217,74107,91074
2124998879,2901,4639,20943,21731,21843,32602,34151,35631,37189,40416,41358,41958,45415,48458,50951,51442,57526,58533,58987,66582,67766,70606,70711,72524,73026,73120,73899,78925,79934,89374
100752727,82423
3047278002,52219,60477,79132
2970487040,6107,14191
3158915499,25977
1451085977,2188,7914,38386,50202
792074671,83598
970962123,2339,31809,38208,54643,55771,56140,63579,69609,71704,72421,76397,94216
2847586585,8752
2906607100,3491,13129,85537
790234373,35249
1643532190,3308,4918,11309,12059,29135,31635,32093,33016,39713,43674,45888,50904,53394,60107,62395,71758,73849,75847,76012,76904,79448,80289,82255,83144,83369,84430,85194,87897,88641,89554,89710,89749,89847,96746
2488729098,3662,29670,35652,46854,47641,58677,75188
1779069421,87705
2690248448,49962,62009
1560294902,17676,19060
4117567665,26891,31018,31040,40568,53065,56879,57396,58234,61353,93026
3853515063,2016,4071,4457,4592,7373,10385,12510,16984,17194,36597,45764,62921,67127,76713,77506,90900
98704478,2895,8974,80697,81818,87558,94204
3072182421,43832
2782660435,29708
3051005369,1850,2307,3136,3177,3745,6241,8142,10514,14220,22470,27362,27984,32609,39912,40475,40479,41566,42419,46386,47047,48520,52147,59932,62648,68124,75763,78482,83847,85994,86724,93672
971613376,1161,24986,25301,40928,41134,61255,67085,70238,72132,73644,86758,91228
1951765397,2894,16958,22567,35086
3745896217,3192,4722,5736,10486,10855,11567,11609,14554,16049,18060,19931,40889,44343,48100,57921,59399,64839,65033,77169
2552778102,2893,3037,7759,16957,22566
1012674315,16587,22097,24290,27272,37203,51578,51922,55035,55784,61801,63408,66509,75150,80842,83275
3030705677,31661,47215,69116,74319,87882
240922250,5320
1055096753,1842,1847,2684,3741,4970,7268,7301,7767,7901,7926,9164,9479,10437,10832,11520,11821,13578,13699,13724,15946,16283,17075,18087,18356,18469,19169,19382,19636,20193,20508,21080,22354,27359,27382,32738,36176,38444,40403,41026,41153,42570,42862,42984,43158,44287,45029,45938,46914,57588,58069,59549,59728,60703,65459,66929,68232,69675,70613,72606,74930,75545,75721,78170,78383,79782,80340,81983,82559,83218,83888,86022,89963,94480,95629
2123651541,82743
3350043837,77719,81501
277685281,57648
2790801955,13349,24388
1454958107,2890,3484,6716,7390,7749,14240,21556,23771,25983,26258,28712,29723,30659,32124,33135,34492,41811,42400,43016,51642,52659,53367,56304,64190,67171,68772,70700,71103,71116,73361,74219,74344,77934,79201,79318,93464
3789356658,39604,88799
2391611991,6756
1559868655,12892,14758
2884115906,27823
3284838200,4526,38426,40796
1350479237,2887,4494,5382,7014,8236,11443,11593,12922,14117,15535,15983,16216,21604,28372,32405,64591,68948,72067,79941,80573,81463,85498,92408,93989
222098604,3763,5824,9688,17659,30378,50102,59880,60723,67017,68542,73019,77516
3403630859,13449,16108,32333,48679
1911924532,2886,11442,16215,28371,85497,93988
3551677160,93159,95041
267513392,2147,11407,66291,95579
3711775711,29730,38703,74370
1104473843,57749,71708
1270039889,9616,68523
1715122839,20092,21149,26277,44577,45433,60435,84937,87294
4204193320,86204
245035453,4165,9155,16423,58527,84074
2408118040,2868,4783,6894,12473,16059,16440,19162,25613,34515,39376,41288,78078,78195,83115
3551875343,2859,7871,13279,13493,26324,27510,33749,41042,41238,44675,47616,47860,49509,50379,50601,53934,54479,56279,81951
3038457805,2292,66228,78598
2679422768,6256,19296,49861,49941,67479,73428,73628,89480
4241806528,19738,21757,39817,47388,51178,53618,56846,80369,84200,96069
1689391050,89542,94053
1621138132,37836
3034286923,2856
4160363649,59417
1456246816,2854,15133,94272
1896972848,1142,7085,57702,81789
3979223113,2850
3002639627,87042
676125505,82326
689601213,29981,49110,61601,77508,88335,88693,94080
2307983857,17410,47007,80026,87536,89895
1443224015,1388,1446,1667,4999,5214,6599,9326,9578,10506,12554,13588,15985,16620,17490,17826,17871,18387,18393,18420,18534,19165,19452,19528,19820,20803,22389,25920,27643,28806,29194,31722,32252,32664,33185,33214,33589,34526,34777,35585,35597,35727,36701,37317,42501,45104,45126,46725,48317,48958,50880,50957,52039,54332,54933,56417,56547,56957,57277,58338,59749,61920,63058,64663,68087,68970,69140,70366,71308,72683,75887,75929,76809,77578,77622,80888,81332,81693,85391,87321,91360,91600,91621,91880,93150,94699,94893
971695998,21102,23876,24615,29329,60089,61324,69990,74956
2641235680,54911
2282406379,4765,6016,33014,61559,70853,78180,80813,91442,94402,94475
2512335904,74603,84438
1252640093,2844,3672,5902,7689,18309,24288,77646,83477,84367,95776
1382299522,6939,27018,66437,74499
3090448379,43
1153492797,140,53079,57892,57959,62930,73994,76772
1563961834,4756,10820,75807
3325625063,7315,46918,51297,60427,66738,67913,73101
3087254190,3447,7682,12691,14973,29870,39944,41112,42301,42884,52330,64753,78378,79980,80424,85030,85921,86714,91034,91606,93785
3581095382,24228,32390,35220,51418,53907,77608,79964,80882,91957
1837346050,57324,91216
3359741016,23629,68262,73857
3663291918,70783
2369598233,26759,27199,33218,34950,46404,46849,63776
1646256174,14548,31332,35787
769863891,3620,32000,88613
1816031451,1468,1808,2176,2959,4031,5346,6486,8139,8423,9374,10367,11733,13558,15509,16794,19430,21055,23377,24999,26438,30669,31304,36471,37150,38271,43544,43742,48707,48792,59928,64374,65908,68485,68677,68907,70815,71361,73484,90788
2879372994,8218,21381,28769,33870,33963,48595,51903,54327,68544,69506,73638,73952,74157,75489,77414
833490053,56200
1025261722,164,8634,13907,51684,59375,76452,86340
1277450435,2841,32574,53635
132110934,23136
938872440,43800
618618639,15872,15977,54961,66229,77013,82516,87252
147303180,2000,4622,90200
2841009214,2839,5427,6700,12155,13321,20858,32572,38602,58539,62125,63633,66058,78066,82079
3832752450,2833,6173,6643,7386,12380,22327,31257,42608,44351,47714,55818,65130,66293,69867,76220,80469,86750,95581
1451420881,24365
3976315613,2829,34551
66815699,16771,45063,84749
3729380873,1876,13507,16486,33635,81579,89651
4223252088,2823,3709,25664,87718
3047352905,18682,43974
219627890,23467,23560,53256,54958,69600,87621,90168,94036
3752909657,46013,76977
255706261,3639,5681,10635,14380,15347,15775,16230,37000,87222,94179
362842227,36632
3740746512,40514,59304,61927,65234,70279,82200,84822
1980700749,10150,90305
1270585352,6809,14893
1574523561,2818,16229,19831,36999,59997,77165,85163,93142,94178
2960378760,2360,22834,30159,65567,88824
1346299020,12870,27629,30242,41814,47176,70028,81315
2086468822,4952,9750,15366,44410,55253,83763,90514
3384849383,56507
298655081,7856,9465,15997,21846,41961,51677,58102,66709,91722
3610613302,6614,50856
1768109855,53560
598886450,4026,11349,11862,18499,20235,20550,33537,76655,84737,85603,90544,90897,94999
4067955448,2611,5428,6701,12156,18024,20859,26910,28556,33469,36502,52655,61981,65354
1352756302,42291,55111,61167
549074335,1928,4257,7561,14750,20722,23824,32122,33147,41899,42600,43014,43257,55537,68770,69283,71638,75463,89109
1426708655,24008,33317,33893,39285
3889782313,25786,34534,40201,55277,58345,78083,83481
3074116224,6825,8421,8979,9372,9471,70285
3908404454,9859,13316,28465,52365,79190,79744,81973,82532,83092,86048,94500
3683065724,73251
2677402439,6839,44136,45229,69516
1291001772,9065,16354,20087,21172,26507,30813,33737,34117,34439,36797,38691,52789,58979,73058,75584
3618372039,42644,59113,85879
1033119180,2814,92685
2532155341,1389,5000,9579,12555,17491,18603,22390,25527,25921,27076,29195,33186,33289,33590,34778,34878,35598,35728,36702,40602,41017,42502,45127,45314,48059,48959,50881,54934,56958,69650,70367,70971,71309,75888,77579,77623,87322,93151,96227
541947805,244,492,3732,5227,5327,7584,8185,10609,11156,14575,15059,15245,15381,19066,19662,21977,22656,25538,25553,26050,27257,28530,29066,29467,30870,33402,35620,37207,37509,39019,39755,40516,42334,44059,47373,49930,51003,52555,53037,53445,55107,55648,55868,56584,56772,57204,57564,57826,58371,58996,60082,60198,63656,63876,64105,65076,65236,66565,66771,67220,67938,69752,70281,70488,71054,71205,71412,72374,73697,75348,75823,79257,80901,82842,84824,89079,89569,90992,91399,94136,95821
4157432440,2812
69361116,8311,31910,44605,54167,72995,76278
76861773,32450,68553
3939920894,3466,19363,23298,33339,57575,68377,71599,96573
696575305,1568,67917
1152669380,39131,43722
2565638511,2810,3552,7903,9841,12842,14418,17100,35287,39087,39248,49843,53411,65186,68645,69677,71321,72790,83749,91433
3264339847,72060
1738395935,4233,18070,30413,70929,72506,73927
3354712452,24785,54085,72817,94438,96740
1235304164,2326,14340,21504,47004,63123,82193,82539,83305,84099,88392,88775,92600,95869
1049503740,74660
3478242937,3306,5203,9188,15675,23184,23543,24417,25602,27182,32303,45688,52972,63483,63944,65891,75181,82051,83869,86460,86964
3032460993,79549
1920020724,18408
1624106105,9447,66662
1717663092,502
3329698780,1178,3401,4151,8034,8439,9268,20203,20245,20413,21789,30368,40521,44211,54201,72028,79663,89539,90030,91327,94330
3306670360,1907,75339,83723,87169
772825784,2808,48609,82762,90597
2468689272,33871,38326,48596,73953
3182364950,11605,42011
424581124,4286,6223,9124,36357,38775,39301,63449,70956,78562
2971402691,94398,95011
1998117109,32395,34115,37687,50909
2831724130,2799,16303,18806,19791,23384,66439
3521333826,3930,7237,16008,27378,70620
3137096129,22816
1464818005,5358,16308,39638,41594,57072,74751,77494,78245
1053002699,30184,47990,83610
1620925357,2797,7325,47012,64905,89456,94248
2528742947,18864
3642880538,8557,61410
2137059723,524,23154,34051,40325,53900,58109,64248,66036,77297,82855,84467
348629092,42574,63996
2067064749,25635,47197
4237566039,48648,71868
566129968,2790,9436,15176,31283,64238,93518
4201063941,4764,6015,80812
1454179737,27232,37236,72228,88295,90508
4236382649,298,352,505,1832,3551,5027,6377,7188,7393,7818,7839,10153,10824,11191,12436,12841,13785,14530,15362,15554,16110,16938,17028,17099,17593,17903,19140,19460,19804,20215,21597,22867,22910,24571,25288,26575,26685,28660,29059,30915,32184,33620,35286,37622,38648,39086,39109,39247,39275,39761,41716,42050,44614,45171,45968,48571,53410,57978,60271,60634,63154,65028,65618,66127,66915,68637,68775,69178,70721,70845,72076,72295,75811,76648,77335,77546,80105,86659,89511,93017,94020,95471,96942
261640280,27039,79451
2944466283,123,5196,11473,15656,17160,26682,29172,31900,35718,39094,44858,47181,52071,60806,65159,72169,88646
3410149719,3580,15448,27635,70134
2067428211,34455
3068976776,27046,39127
3412079318,4372,23859,25343,33741,37759,60801,64291,70905
2328851670,5083,5595,14152,16353,16659,21171,21646,26506,27348,30812,34438,34472,36796,39168,43549,52788,52935,59485,67685,81749,82419,88809,89410
38495650,34092,61032,96328
1640557835,22806,54289,70692
1412172081,47298
3697770456,809,43287,94813
2628286519,46978
2520763742,716,6681,8738,18385,33587,34083,40418,45124,66584,67768,70608,70713,74898,92198
1888434146,13869,54918
261675579,6569,13140,15846,49579,56575,75941,79563,90312
1567276235,2769,31784,35142,41261,56687,63552,77807,89826,92839
1243920689,94593
2303589674,1513,18281,41704,45409,85146,95859
3486597391,17653,38394,51472,51629,96423
3888020068,19631,37925,53657,60164,71714
4043453616,11738,38806,67815
3606443387,962,7112
3563033091,3730,5225,7343,9411,35842,40232,42332,43132,45757,53035,59884,72056,72372,91715,95118
1039706284,4981,6911,14795,31761,35068,65060,66269,85228,95521
928555570,22850,23048,30592,32824,43088,45498,48369,51182,53137,62736,73186
2023232727,2750,17466,23526,24621,28205,32098,33783,43958,47517,48146,51431,53861,54661,55440,55973,58032,62720,67123,67795,69538,72825,73335,76730,82070,87167,92810
1826915963,20501,21667,57592,58472,66825,82333,88927
1226449509,2746,34009,49982,75115,78837,89669
341563187,3229,82693
1701785257,17942,22864
454067429,9851,42522,71341
3730464018,92979
2480617818,7812
4056900424,1822,11906,26157,54041,55199,56739,62030,62421,71383,85010,89185,95077,95431
262434225,2737,7976
273289076,33662
440480900,2732,14825,48465
4240641070,1457,22038,24273,25165,25543,25917,27004,31129,31947,33294,35670,47251,50418,57914,61240,72015,72379,73181,75892,84768,90737
1123997840,2731
56498636,83591
1929210576,13923,23238,35915,48614,50781,85293,88282
2910794186,265,1575,13967,19935,20601,44310,44377,46182,47597,58719,63466,69898,72189,78111,85547,93870
449813210,4386
3520157803,23608,34765,35007,35038,63398,69171,96248
2835751282,3470,3758,21375,40838
2379737438,4508,13875,17810,20920,31545,34816,56294,77633
4262518727,28388,54058
3621655946,2717,4968,7382,7765,7924,10435,10474,11986,17009,18354,19037,20124,45682,64367,76999,77504,86020,91814
49888845,29044,64079,82836
3937368666,14720,94425
4249526588,2707,10703,92927
3563990159,2088,8016,13598,80238,88517,93303,95242
3641989820,16688,30506,31468,69253,71527,71731,72904,78247,78870,91500
2193531229,2706,92926
535192938,41541,54464
3454612495,6910,31976,66268,95520
1637365810,41815,79830
2677181271,35377,56749
1456853186,2700,5785,22143,25509,27774,50304,66365,68323,72618
577093907,93181
394374622,45613,49916,54234
4210108780,33249,49679
3461872665,6950,11417,11771,11990,12143,13110,15768,22458,26186,32986,39334,42349,46539,50513,56324,66717,95485
270320783,36527
2251315114,2698,12241,20435,27015,32655,33428,44925,50776,50851,65346,72616,74509,74539,78011,79836
3314721584,34365,72250
3618669328,2191,12315,21563,21715,27584,36618,46963,47015,54774,55156,59318,64053,66003,66319,69704,80523,82799,87685,87996,90670,93059,94251,95889
3918076179,1603,3066,11555,27024,37295,49236,58243,59164,66571,86136,96582
4118261654,2688,31622,46682,56129,93763
3259429668,5689,8656,11004,19355,19523,21235,51124,54226,57015,57347,58266,82032,82458,84991,87814,89232,90062,90944,91751
3825505016,8971,29718
3003835671,5181,75111,75253,84522
2648281472,38047,40314,95588
1600442307,6042,35089,48899,50889,80736,89501,90026,92297,92719
766180819,24325
3418063191,789,2013,3011,3848,4958,7438,8471,11233,11542,12507,14051,14933,16255,17493,17661,21145,21585,24162,33072,33080,35308,39449,40581,43108,49021,49624,50307,61413,65540,65903,66608,66680,68559,69340,76853,77035,77233,79891,80480,80670,81162,85074,85859,86654,86701,87450,89008,90022,91346,91473,96229
3635696625,1038,10295,16530,68501,85336
1698820770,34725,69085
1126566086,2686,44569,52600,94754
3458356347,3400,79662,87700
1834519572,1543,27414
305772507,560,1582,5988,19149,19601,28398,30743,38680,44241,47031,49650,51593,51706,62874,64339,68837,76559
1518861593,29351
2390314646,882,2037,4087,4192,6876,17290,21259,33625,48576,86390
4237463888,2793,2873,9439
3647484162,740,5165,16297,25428,55850,57010,67473,74426,80035,80447,86784,88020,88450,94099,94543,96657
1126138048,18254
2867950902,25,27694,28584,45163,59126,87982,90139
2004338188,44940
2769753259,31511,65303,73437
633006274,2674,2752,2796,9100,13503,14131,18365,26789,29914,39540,47011,47519,51960,52501,54663,59513,64904,66993,76929,92350
3725750013,2672,2794,2874,9440,66658,88618
1090057278,34399,54812
1618068908,79510,79753
3216431892,34333,52176,52531
3635465398,2798,3331,7326,18158,89859
163844392,1304,3590,19275,46136,66891,76024,79961,91954
4048470847,2671,88617
220374550,7502,10735,40486
3298442627,22960,23404,32296,46777,57417,62187,72696,96719
2700021971,74614
863185246,1755,5656,12753,13290,13710,14305,14828,18732,20354,21295,22321,22380,27452,35886,39566,40217,43083,44235,48686,54120,54261,54509,64609,64797,67070,67099,78252,81741,82727,83747,84410,90781,93495
2901360364,2670
2162238597,8687,20968,21100,28014,29327,30984,34030,34069,46161,47737,48682,59923,61250,61322,61825,63221,70170,75882
2296876403,25433,36299,49568,73887
1603971173,2653
2223239153,90778,93492
3017945887,42676,88101,94758
3213189351,3171,16357,44540,64240
752548661,2667,92086
1337351469,177,615,2861,4079,4325,5156,6904,7333,7569,8935,9853,9866,9915,10512,11742,12045,12528,12561,12945,13112,13281,15489,16742,16862,16904,18055,19698,22468,22586,22736,22824,23604,25376,30959,31175,32137,32988,33751,34795,35935,36658,39257,41002,41049,42381,44280,44677,44883,46384,47045,47723,47982,48713,56281,58610,61495,62944,63134,63344,64960,66576,66719,66905,66998,68399,71343,72223,72434,73841,74013,75907,81919,83845,87491,89207,92020
2535799003,19760,25202,40219,52166,57257,61685,86902
3702452960,947,2932,4636,4729,8661,12881,13971,14998,15565,19567,22601,23389,24646,35395,42659,44262,49046,54053,54210,55009,55362,57248,57502,59333,69998,73896,74486,76123,79028,79307,80380,87474,88673,90841,94709
1875753367,27269
3363584685,2662,3429,6106,14190,16377,20252,57403,82304,85633,88948
1318347821,53343
35532427,25368,25588,28300,28677,38506,38585,38897,50214,54613,59477,84433,90568,95953
1029647712,4401,46086,61163,62880,63178,66594,69487,82204,95370
2161604014,20006
3797238235,3082,26783,37859,37922,53654,57852,90075
4250824487,28874,84354
1528386977,27673,85856
1844467953,2648,17704,41675,79035
196357764,6163,12764
3431534982,10701
2219873019,2634,64765,75656
3627943981,27713,59563,76274
4257570855,52443
27741563,2078,18214,24890,29949,33356,44548,62841
2589730053,3774,50887,79664,80734
2091673144,38245,57760,64855
1806677350,5026,9953,10823,11878,13326,13411,13784,20618,21596,27780,28587,28949,30965,31752,32980,35285,35666,37273,37621,39108,42049,44788,51789,52144,59524,60413,61523,61683,61836,63094,65027,66914,75810,81963,82568,86900,94019,94517,95470
3801053408,9566,77239,77254,81062,83265
943242284,40498,53942,59897
3323067747,5105,7195,9932,12929,13145,18918,86478
948372115,2316,17164,27798,29322,33918,44712,55179,63113,64652
3407523355,47782,86767
2876930211,2335,18371,24462,27067,41862,45469,57230,65253,71517,73088,73319,73552,73823,90614
2146387392,678,5640,18878,41793,42951,50927
1314046613,19585,57253
2187665023,2629,5338,7564,67544,70113,72416,73411,86373
4018129054,87966
266378792,1352,12132,13342,23314,28192,38098,60397,64297,73114,73795
3958180473,380,7904,22670,26736,33180,41225,42353,44294,53412,56814,57567,63879,65079,72791,81745,90070
447246799,40579,54237,62470,78576
2337240563,12964,14105,38409,50156,85415
1530292537,29919,30268,85520,86736,91797
3974611812,2614,10450,13600,30837,39996,59156,77890,93692,95244,95865
4030570167,797,5917,14625,16695,17883,81722,93119,93965
642612587,31613,44720,52229,76266,93694,95246
865697349,64887
1958592698,3032,3878,79799,94497
199930282,42524
4224537914,3014,15577,33083,42393,91349
2672109008,12948,17685,17964,26994,41983,50998,56579,61348,74728,96045
843244553,33928,45343
3836746812,22650
2199844227,48757
86858356,2610,18023,29610,64834,77209
4065155248,2607,3145,9267,65579,72027,84019,93010
944777786,3516,3562,11595,14804,16218,29628,34330,36920,38804,39512,45238,51084,59578,63213,75857,77057,80970,82832,83242,83280,83957,86419,91180,92185,92429,94391,95417
1069853846,2601,3784,3961,4807,6350,7470,8733,13750,13795,15792,37654,38767,40099,61655,82429,83255,89843
1862321229,2599,49405,58254,67054,78029,82427,89841,92564
1741545837,613,7051,66903,72201
3841904661,9334
1500916154,30522
1326581528,1921,83016
2991901928,25247,59610,68716,73470
396413703,3147,79037,83357
1886572656,9500,28405,64677,85249,85339
866816455,4527,25668,26268,28150,30037,32365,33331,52609,53145,54816,58495
3701430147,72315,93815
712780426,771,3283,6750,14498,17209,22336,23786,25415,31969,33902,50317,57343,64860,68047,75354,79671,81352,84661,84676,86323,93268,96275,96737
3210254265,11781,29536,41245,49892,56448,70553,93083
4160952116,8864,47330
1987907553,2586,2836,3222,5579,5756,8005,10009,13220,14872,22447,22575,34742,36156,49755,55821,83238,87117,95584
656289653,3871,30075,34285,43285,79767,92682,96082
1467403924,9787,11998,15955,33713,53928,64768,67429,68471
3877806198,981
1525013136,2664,8826,20844,75205,76581,76749,76791,80559,82316,92062
3026927200,23904
2287416992,3921,9179,45869,77470,77510,77638
914223294,2137,20878,20995,21152,29269,37583,43888,88010,90186
136849818,36996,77162
2468358312,6926,62155,81218,87030
1116179185,2577,39636
1966679684,72780
2732094755,62178,92486
1037781644,2573,3364,5267,8350,9431,9834,11692,12238,17643,19731,21670,36506,38611,38981,39238,40882,42578,50333,56654,58156,58207,58479,58812,61698,62017,68689,78804,79287,81358,81427,82341,87388,88328,88331,89475,89882,91058,91061,91082,92328,93075,93794,95746,95903,95975,96032,96294
584876312,220,70740,71997
1413697341,2570,17267,17363,82275
3038001351,172,5182,75112,75254,84523
2500258881,35918
677086537,2562,2622,10839,14029,16678,18058,22315,24898,63366,68109
2734175380,48980
2253473216,2154,7627,13077,15338,36246,36870,38523,39403,41343,48079,48284,57169,69216,75328,75569,76175,79999,83585,86929,87178,91457,94984,95725
1798050863,2600,6349,13794,38766,44986,64380,80497,82428,83254,87477,89842
881525225,2557,6219,15521,18465,19250,26929,37032,38435,41564,42071,45930,51301,58488,65015,66087,67969,71406,72210,73796,83812,88248
1916945350,34996
2290804184,93861
2041940775,2549,7996,29583,30396,31643,46322,49337,52291,56383,64000,65519,78082,79484,84563,85075,87451,91411
2209285663,3706,16885,31243,34370,41482
3656274169,4859,16981
806608685,2537
765930406,36526
2817740009,9422,41630,71813
1536750522,29165,29897,74616,75701,87852,91340
1593304559,2376,7406,44355,46722,50847,91357,91981
1531249438,3017,10558,23752,25946,33801,36761,47511,55579,59166
2032427751,2536,35204,85890
1315952336,51065,52534,55016,63045,69592
1654130886,49630
1878743164,3098,17254,27390,31344,32154,36345,41720,44912,55544,64526,65064,77772,92271,95377
1858298383,63941,71075
3316195113,2535,35203,56961,60629,85889
2639809009,56486,69480
1525105644,26182,33195,36449,55854,57861,76371
2776923579,14807,64472,75141,75381
3933968691,81260,87483,91665
3957345444,1451
307753033,17765,22946,74050
1739294467,4397,11673,31172,38669,42993,67758
2008820220,93543
979728748,5079,13652,34468,36588,47001,52770,63815,88389,96298
2853014939,1081,18268,18821,21168,22115,28120,41325,48221,59554,68011,74712,79593,82754,90278
1768327820,26522,78092
839635028,73709
2701725847,2528,23695,62006,75990
1752470635,82634
3386940287,13353
681657463,3537,58395,76767
2403802655,994,30950,52805
886423198,2513,19183,24284,28873,34163,56531,57085,65727,84578,89318,89470,96617
102704467,9946,21897,82004,93721
645222125,14729,22117,25336,28122,33570,33631,47459,67486,77965,78939,79061,84949
649912652,55964,89447,92325
3407469411,2331,14623,18980,87703
264145625,14724,60131,96718
3014887379,2441,3456,3555,13918,18413,26586,39251,68208,72680,74459,75709,76843,89199
3303527200,431,1266,8469,11481,22042,22522,33510,33764,33797,37050,44556,48620,58403,63262,69403,69731,72011
4164678955,32427,45797,93328,93955
1982358633,94579
2184751423,2511,10981,19659,31376,33840,33955,49371,50169,52876,54130,56336,63299,65725,70501,72932,74566,80056,83497,92701,94745,96642
3403251590,2510,49370,52846,58650,74169
307483027,16169,87888
4051294599,48635
2723088700,2976,31968,86172,96736
1399076280,228,800,922,1983,2954,3078,3412,4002,10573,11093,11202,12987,13370,13965,17339,18764,18818,19116,20482,20937,21042,21192,22480,22761,23089,24217,24690,25596,25731,25780,26154,28053,28374,29240,29340,29860,29886,29964,30517,30652,31495,32110,32414,32792,32919,33497,34242,34518,35508,38213,38530,39971,40820,41336,41970,43394,44487,45284,46125,46418,46530,46731,51559,52216,52399,52810,53057,53107,53199,53716,54456,54504,55393,56001,58292,59832,60620,61780,62213,62493,62977,64551,65837,66496,67104,67265,67849,68211,70642,72187,72291,73563,78183,78777,79097,79278,80280,82177,85325,85545,85607,85759,86830,90328,91202,93430,94003,94879
1219263016,30320,86400
3237354514,70466
2958942272,17063,58198,61068,73818
3551079982,2290,17537,30358,37666,86550
2412701251,7129,25994,39785,59624,67152,69848,95938
3501721516,15482,23563,26516,29649,36930,41354,55698,66239,70512,73747,74042,82226,84983,90827
3594325779,23497
2615499080,112,34182,41590,67585,67778,96842
3289286163,33858,35299,62064
1649018711,25980,36065,69950,71683,73358,74216,83327
461433368,2070
1794229965,5272,55033,75148
3781295802,95614
2777587009,21800,75190
1119318655,2504,3360,8523,22180,22505,28540,30775,34410,36698,39311,39695,40677,42902,43595,43683,45425,49240,49457,50814,53017,53069,53848,54608,56907,57636,58238,60987,61419,71003,77026,78330,84136,86095,87864,89363,89887,91139,92219,92522
1789489842,46658
3697151185,1000,61726,66432,85361
363111145,2498,2883
2825621062,56234,91528
2793989152,8802,21688,25320,36906,54373,61988,62540,80604,82962,83655
1202443748,35755,37963,38236,49026,50150,61253,61391,62937,63522,65784,69302,69876,71018,71371,73983,74771,75266,96971
3390666998,2494,3431,6626,8680,11860,12761,14372,14462,28851,35806,38607,41395,44629,84962,88950,93201
1292016596,60929
89643978,4069,32736,72937
3897190717,88293,90506
1584049435,8586,76248
37262840,1676,8247,65935,69037,87522,88014,96654
1792648462,2492,6330,6627,11861,12678,14089,14373,16450,20234,20549,35336,41396,50424,76654,76696,76888,79173,79642,88951,90543,94998
3664646936,63506
2721655980,2974,7123,7742,38263,41837,46908,55925,59570,61469,73160
3740837291,24451,49728,56380
1194772404,21926,79842
146007427,17879,84071,85160
3269263309,72099
2818007110,10075,87102
3743999129,2487,8514,16539,87217
3858042529,33981,48077,56217,58323,63823,64014,85319,95723
3428328180,8767,19550,44018,70536,77225,81103,87959,90611,92616,96160
3070535620,22010,77423
2419672553,738,76788
3486612469,54308,54655,55053,89527
1309102645,18849,84890,86237,86294
1829640442,2476,35470
1451168806,59412,68653
3757572234,3018,10559,33802,47512
2517949677,27368
1990179791,24030,28099,38976,41831,66975,68684
3073104715,50934
3654771821,2475,5377,27918,31023,32079,35469,53918,57079,71110,84998,88401,90623
142340814,28734,56211
2684754406,68905
640895831,8043,18193,58386,69982,76352,78672,80544,84232,90367,90833
2871948272,76778
812222308,24681,67003
1204196580,5723
3556607721,2467,11098,63497,74470,75208,83667,94040,96289
3900959936,1033,2163,4225,4608,7720,8810,12960,13173,15427,16003,16630,18862,19175,23967,28294,28521,31928,37004,38006,42266,45821,46637,54887,57114,57182,59046,59435,59621,61362,61406,62638,64301,71937,72002,74291,75102,77126,79738,80527,81037,86105,87404,91713
3683332940,2464,4581,7571,11590,35989,83129
3807925574,26880,60451,91655
1910964157,2458,3026,42820,45289,47345,71275
1192701077,23064
1011807955,2455,20535,45321,57006,69499,75036,85861,96861
2338766692,37810,46809,52998,64628,68843,78510,92274,95052
2298356860,8105,8212,16770,45062,51482,56889,78737,84748,91213
530718081,24796,62591,87899,89784,96309
2637684665,24686,26201,33328,36681,49254,51067,53841,53990,70150,78883,87917,95267
3683803188,3097,19118,20491,27389,29752,41719,77771,82438,89255,90601,92270,93800,95493
2130223271,2454,45320
354061938,27829
2873828323,12470,21694,21995,27284,32632,44519,56978,76996,86192,95658,96821
4030379822,1490,3486,25069,38881,65601
527018012,2439,7346,9388,25669,39421,41846,45760,52030,68289,71776,75707,81909,85506
4138701420,2438,9387,11462,16329,42224,85950
4204500307,28203,29546,40571,48551,59315,61373
4057269192,2436,19916,28027,76987,77177
2939240370,1257,1260,1835,4610,8885,9132,9356,10379,10641,16948,17926,23163,31307,31708,32223,32550,37006,38758,42425,43148,43457,43927,46212,47756,48447,48534,48879,50989,53313,53401,57301,60677,63440,67238,67620,67709,71064,71570,72298,76589,80786,82480,90274,90532,92144,96344
2009365084,16350,40346,45039,50023
2740713637,5568,9583,15170,65992,71664
3223728701,795,17263,76556
3013864917,2012,50306,64188,65902,69339
1753292001,5784,60410,94016
585883540,34102
1298172975,74210,95779
2285397171,12483,44732,53983
2228644407,22925,25157,25816,27997,30699,31444,36321,51241,69595,70508,85375,88838,95401,95782,96629,96892
231090490,41973,44320
3453070552,1781,41476,54154,61610,81297,81779,86980,89267
543089134,2878,87105
3538405752,202,2450,41143,42576,60102,95744
2712536634,38020,77914
998807188,6607,10440,12309,15352,15671,17400,18230,21000,21391,22281,22661,25693,28982,31270,33943,35623,38344,44119,44148,46942,47624,49073,50111,50239,51011,53040,62052,62363,62834,63016,63354,65780,65950,67749,70183,72337,73702,74788,77814,82730,82768,88664,94484,95473,95824,96851
1537221597,27594
2301222233,25092,26246,36227,74296
263764673,2428,6919,10651,24877,26722,38222,50254,70079,73230,74203
695353050,1474,4330,4660,16649,30726,90084
547395860,11515,32638
2779612725,93351
3682896633,36100,75289
2808185281,38167
4281615079,24297,39576,64697
4274293599,66787
3932694688,597,2521,2914,7555,8861,14632,18319,20546,32714,35437,40226,52569,61070,65766,66020,83171,84280,85226,88553,89039,90980,92231,92526
2243777034,28111,33603,67683,68363,81452,86157
595559726,1987,17853,22647,24079,36217,49089,51493,67565,73567
2934345041,26842
3776203688,17542,71273
870795891,2418,5894,12425,13695,13900,15619,17817,25618,30041,33304,43999,59653,79954,82107,90771,93945
718273375,21576
2555425400,31049,36535,37460,56143,59150,88770
161695533,18190,58383,84173,87563
4110034309,985,33233,37753
2586027849,2413,7874,22310,35701,39337,60977,70283,72135
2299888179,2408,2430,2761,8359,11683,21099,23005,24879,26308,30983,34068,38698,43619,46078,47787,50256,59141,59922,61249,61321,63112,63767,65473,65598,69695,70081,70169,71920,71955,72739,73287,73295,74163,83463,86371,94637
2013755980,4314,6215,17229,66921
2089105269,35993
774831650,21705
3305873073,2395,11745,25763,34544,34798,40467,43386,47710,48091,96937
3181767743,12935,72641,76523
559507270,14811,16645
1140673289,31977,33066,42801,52712,53565,55498,70257,88220,88292,88492,89690,90505,92570,94220
2301435801,2388,16866,32534,66723,67790
798571210,10304,23652,51799,57413,61037
45628884,10730,46490,91098
2653695379,1264,11479,22520,33216,60117,60417,60498,63774,71389,73790,80962
335598466,29685,45097
119231064,14071,63487,74773
1816572538,2377,11689,44356,50848,54619,68626,91982,94111
287705381,13030,64520
559196762,54539
4020782113,3925,15707,89203
909311894,76107
868138977,16251,35951,48718,53152,85070
1930458455,10971,30455,38053
2519993753,47485,69327
3156052314,9531,71497
1898205444,17350,43170,88513
2704062838,9449,12196,13192,18293,20517,52085,52667,66525,86376,88734
3336121900,34930,41051,61695,63136
81420975,2406,7046,8357,21097,33486,61247,70167,71918,73285,74248,86690
1750724268,30927
3059818237,43001,61727
2338739274,28951
996976045,2349,3367,27145,29734,41276,62425,70668,82009
2120897692,3870,34284
1101433493,23345
4245500256,45927
2161677463,2348,5136,16248,19890,21050,26081,26975,27144,30453,35279,35948,38051,44399,47137,48730,49411,52404,61175,75157,82008,87363,88755,91111,95762
2493660457,38018,47837,66633
3604634857,2346,7621,61173
278960531,2340,28995,34944,37155,38209,43416,46757,46885,48194,50054,69610,71705,74715,75996,79596,81325,84152,93747
2095893043,3113,5836,12322,16669,60607,73624,78118,86303,87761,89391,96141
1464184111,3818
3875508210,2338,24465,25550,30391,37638,65256,67721,71703,76396,81217,87029,94215,95162
2380688421,2514,23896,30934,32158,34867,41732,55683,79819,82027,85978,89319,93253
2300528532,651,20388,20406,29189,64445,64533,88353,95738
3826060972,36283,53385,56710,58077
295945963,2337,7482,24464,25549,44660,57232,65255,67720,81216,90616,94214
3177753867,66262,73442
421431524,2334,24461,34014,48934,57229,65252,66337,67135,73318
574700225,4146,5466,5601,6596,8178,17868,20206,20988,36455,40870,52003,54204,59914,72807,75088,76401,81527,93087,96256
2953186845,258,1742,24845,46621,74194,89194
2291231265,27327
3083513345,2866,3327,4966,6892,6933,7763,7922,10433,11984,16438,17007,17514,25611,29030,38729,41286,42769,50057,78076,82012,84065,89187,91889,92319,95172
1844471113,2332,87704,92343
3449706433,55100
3935114808,1042,2644,58489,62882
4015112003,61300
344010253,2286,12951,41986,47698,51413
1344780878,779,1952,6007,19331,19943,35816,57541,60345,60557,75768,77055,77976,78661,78815
2122462958,33231,69249
1204053745,30494,38288,54908,81775,85832,86069
3347439213,45100,63237
2097232975,40453,57467,58912
1409483244,568,16224,39154,53339
2332120144,43281
2714763387,2328,8033,8438,8761,8985,13035,13864,14620,16233,20202,20412,21788,40520,54200,91326,91332,92412,94529,95632
1900452828,2324,34917,36748,46758,55242,65324,83303,95394
4028757964,16403,16543,65803,80693
3920449048,18637,31773,57339,83349,90096
1751135425,7912,22165,25410,31149,36347,52379,60599,82463,90481
2558361571,412
19425029,6069,31202,72268
2548777752,28778
173015575,14267,17953,42874,53911,56338,74673
2279087553,25397
2751266126,44370,45005
2305410497,3534,42358,57625,77857
3731959101,5147,18244,35342,46533,81172
1651926428,2318,68953
868194544,15956,20613,64769,67430,68472,82488,92768,96648
3541459819,25155,96627
2013752239,22083
164709371,50191,88534
369056653,6103,56779,91376
3226441420,9248,29369,58710
3704624432,8321,11081,56949
2754398787,28821,47241
242318496,2315,2627,6835,8686,9937,12361,12773,13451,13998,17163,19903,20967,20976,26639,26764,33917,34029,34607,35874,36972,38969,40768,41503,47736,48681,49671,55178,55668,56697,61346,61824,63220,69839,70682,72908,78725,87012,88649,91197,92692,95134
1244405869,2813,16680
2079914869,1529,1817,29873,45894,53926,61665,66393,67427,75420,80420,93383
3017965368,11142,51671,94537
4079998768,7375,47009,79491,82020,89897
3889777380,56072
59615985,2108,2820,6120,12036,25661,44766,46335,52275,65382,68147,85165,88567,91677
142759046,1200,6033,20226,29104,40645,70963,71607,74204,88380
2600496612,46702,92418
2871502358,5184,8566,53711
3545168236,1925,17562,66317,68365
3272356870,25688
3168414659,5464,35635
3400813159,2296,21066
707663884,23190
2010365668,9193,12410,12574,31485,31602,31916,38708,39428,42207,45460,54658,55762,63187,63493,81457,85115,89530,95847,96063
420515011,1538
295262440,942,2025,6884,7136,7538,14866,50830,81204,88304,92189
2084394130,29818
3417949165,22992
270258247,2149,12560,12944,13548,14139,15282,15488,16741,18151,20586,22546,22585,22735,22823,23263,23867,29574,30025,31080,31607,32746,39242,39256,40269,43021,43094,44882,46022,47722,50938,55609,60572,60942,60975,61494,62415,62943,64398,64959,65968,67704,68398,68693,69417,70203,73840,84384,86740,92203,96848
1608683217,33812,36955
1391544635,2987
2123921473,83931,91702
3068301147,34939
1759287362,5528
2262526816,2289,17536,22406,30357,37665,51063,55485,65072,76357,76828,93828
266310709,62515,66756
295705240,2288,22405,37664,76356
35628966,4361,6745,10690,12394,18875,52075,90895
751136356,16650,89466
3704593766,30354,86335,91939
3382385473,32637
743227571,3630,30185,47991,83611,92566,94971
365966291,3539
3935419362,21733,89376
2506242880,9904,21521,51411,55694,62144,69548
3656727763,2319,41988
285180371,7474,94488
1903713483,3585,10228,27640,39968,42211,43294,71244
3391596235,2279,5711,8837,10591,14843,24604,26616,36904,41606,43365,47051,47680,49332,51909,59052,72410,73117,75447,79105
3531675084,12186,89271
445949713,1805,3218,6028,6483,7201,10364,31301,34836,42907,42921,56184,59394,62341,65905,66610,69158,72207,72277,74245,82073,88245,95360,96930
1553632337,29849,55229,60812,88011
67375682,10936,13163
2378113728,736,20591
1383792795,2768,24956,77806,89825,94133
259635979,2276,3600,10601,11291,17754,20513,25887,39620,43575,43709,45780,49245,49608,63598,65974,70101,74978,94903
1356838781,2275,3599,4391,10600,11290,15722,18104,20512,23251,25886,26501,32271,34801,39619,43708,46517,47875,54241,63597,65973,69078,70100,72536,84358,93708,95272
2994430018,23946
840035864,3822
4030437202,9384,16786,18968,24743,25012,25254,34686,38743,42822,46842,53141,61563,67533,67843,72251,73276
2956422216,635,1873,3826,6254,6980,9711,17147,17368,18286,21360,43721,50133,56245,71973,75572,76849,79587,85057,85201,89282,92703,92778,92856
841750400,18253
855515963,2274,3598,11289,13895,15721,20511,25885,34800,47874,62991,65640,65972,69077,75578,90674
2834664774,729,35256,39603,88798
3016741134,63,31088,42432
2673110415,56847
42261315,2268
1471755547,11541,11666,15723,18029,18105,47315,54242,69079,72537,73978,74230,86653
3042215586,2084,75830,96350
3251687116,83435,83651
3873575610,61127,69789
985505076,2267,33145,66204
251645154,81026,90453
2015882788,7279,11653,14751,24267,26651,27549,33950,34620,41979,42601,44461,48188,65980,69284,69558,73105,81617,86997,89639
3280310527,2265,39386
483623852,2497,2882,3918,68614,82221,84342
1216972253,17428,31820
3545318909,7894,10856,11568,11610,16639,19932,32462,65034,67806
2718092637,27768,80686
2633956899,717,67022,89365
600192142,31795
3156867612,4911,19464
4219648354,1664,3420,4542,4615,5745,10489,10503,18299,19605,30882,32350,40278,44434,48989,51166,60139,71896,78447,85205,96673
3689528755,895,4226,4322,4473,5856,7108,7632,8547,16004,33854,39959,40527,42450,44586,46437,46761,58329,58882,59047,62140,64785,67990,73534,74292,76381,82449,88472,90928
4246873394,2264
2410163849,77263,91727
1086252689,2263,8715,11494,76389,80722
1995232523,4489,8510
4022611478,15627,49727,69963
1695071267,2258,14954,21472,89854,96760
3912885667,5710,14842,26615,28915,34728,36903,41605,56786,75446
307426372,2254,14675,34627,45427,49116,52355,53019,55217,60520,60989,72451,72752,74899,77451,78311,89520,91791
3050288600,6047,52860,78772,78825
160511726,8462,10732,16085,29299,34906,64649,95948
4243625533,27666,46371
3387461497,714,34355,73042
2282998363,2241,37213
1331648171,10040
2064250356,15896
3484365473,3949,30088,33859,35300,48746,55944,59541,62065,78636
710118748,39626,56683
470873497,24551,24665,63292,71633,78057
989839078,2240,3637,32002,87220
1266012108,81430
1833946336,80014
1029852897,3304,5201,7415,19106,71461
908670744,10759,30074,43284,91811,92681
767129951,7076,17271,19988,25096,47479,48499,53929,65455
2974509006,40789
2916980077,296,2460,4463,9252,13543,22033,26573,26762,30508,34530,34830,36555,38941,41714,42813,46407,46818,47088,47575,49549,52022,56695,64492,67356,67509,68881,69798,70680,71040,71576,72906,75228
2808274318,7681,20262,36070,39943,42883,64752,66166,76047,78209,78377,80423,85920,91033,93784
2911759526,1448
1280453065,2237,13746
1936660083,1627,17738,18186,40411,45992,51423,60076,85911
451552781,48978
1310269128,2228,11681,27555,34066,45307,46076,47740,53472,70793,73236,74161,88357,89261,94635,96827
215268391,8320,56948
1631784936,379,8204,15736,18038,19231,38029,39111,41224,41693,42078,44293,49233,51946,60303,61578,65030,66568,73075,81744
1526808142,21261,41491,42701,52904,91297
2757804217,3181
259316579,94435
3037446938,9673,40447
795524156,42694
2668210379,4419,11694,32181,37019,42580,68383
1044310414,23182,27027,51044
3601879761,93803
2597090854,26051
2663427525,38040,39824,62692
2297371747,2059,5142,8200,19614,22110,30746,52163,74732,82476,86146,90563
2995600684,16219,23420,32612,39513,45239,77058,80192,83243,87784,94392,95418
831361132,2223,11899,33254,44723,61519
3324594230,2486,8513,16538,87216
1770541637,4766,6017,9456,57547,70854,75836,86315,91443,95932
1777895068,16502,82833,92186,93728
417961967,58569
2601566720,2217,60796,88399,90621
1988662746,51040,51184,53534
2231482660,2215,78147
414545970,23883,28918,33684
3691568123,27588,27784,63939,69375
3366644283,4200,4950,7443,8623,9057,10996,13685,13718,15432,16151,18893,26879,27193,29197,30226,33547,34272,34278,36778,40829,43120,44408,47514,57242,58221,59790,60450,68780,80569,82990,85908,87408,91048,95925,96089
3801609377,2132,3942,4650,18275,18689,35878,42815,46409,53232,63891,66732,72858,88714,93467
2265507250,25995,39786,59625
757685740,2214,6658,53516,53558,90093
2689360141,36590
1733174059,27973,36571,81590,94686
808870843,39464,78369
400870638,4356,4486,12198,12324,18295,45344,47670,58959,66527,67477,73626,74412,85981,86378,86442,92943
2804755924,11630,28823,35126,36329,67896,69448,71502
2262894155,9724,27804,34559,60144,64037,64335,71963,72767,72972,77088,82153,91285
1124033918,34994,45400,68595
1546852880,82564
1381003947,24855
1987498458,24289,63225,77647,79378,83478,95777
80665937,8960,41293,41997,70376,82149
595431086,2212,12872,62351,88625
4293250503,93804
3772429819,468
2464260226,3053,36552,41200,56156,63376,73641,86664,88218,90212,91353,93236,93307,93524,94469,96315
2060613026,2715,10472,17479,19160,24341,39374,41745,76877,86573
1749619424,23534
3086875339,36724
4249232305,968,23484,28103,31707,67619,71414
2711539138,91414
3613537196,61205
3009239130,2208,17270,20612,25095,65454,69622,82487,84452,85487,92767,96647
3716003769,73194
2846692018,23256
396486069,1015,23753,25790,78731
132964665,37726,41562,44722,47245,52231,55536,58095
2912117443,3499,13247,15253,29924,32385,48308,57428,81647,82166
3382781637,3083,57853,76796
2374844301,24129
3381173555,14540
3159305069,2236
357517640,77895,82029
3393692377,6672,10684,70389,79083,87422
2714251545,56047
3982356815,2193,10637,13701,14281,17934,19030,21121,21919,22251,33416,38193,44315,47146,71659,72469,83890,88341,88502,91902,96390,96959
981192316,10624,23708,25075,26826,27300,37854,66012,88636,94587
2592600934,51483,60786
1084761790,8072,19553,23304,29542,30264,30479,32286,32433,42699,43764,49288,53416,54532,59827,65589,72231,77218,78307,82998,83898,85408,87859,89786,90580,91739,93391,94369,95755,96311
2368425704,30608,89788
218838572,3946,56144,78633,95030
422327846,28770,54328,69507,73639,80286,93234
452594440,73821,85749
3372554054,933,6514,9185,13271,14184,21058,27388,28427,37512,38538,41718,44703,52961,62787,66006,67223,68002,68446,81269,81986,89254,90600,95492
3354739796,2190,17563,36617,40987,41185,55155,56939,57002,59317,66318,68265,69703,93058
3629947526,1992,4882,10071,11409,27900,40191,53192,53428,61892,72461,87341,93811
3380981249,14885,15672,23606,35005,36660,44120,62364,63396,65781,77815,80771,81921,90107
3512313203,6204,76516,77585,90968,95524
377223367,2211,24370,62350,88624,89485
2937710755,2189,4254,59316,68194,69702
1254115963,23555
4168643398,88095
2680194872,21873,45442,47582,70912,74965
4273928313,3705,16797,39278,61641,62495,63671,64553,68795,75648,85846
238805369,23170,30547,34262,60504,78622
4048447422,614,7052,46383,59026,66904,69929,72202,72762
273199997,7913,9790,14451,22166,25411,37675,55938,60600
3186870009,3476,22568,96254
3028135735,2187
942230174,10130,62086
879557845,23891,31880,45695,61056
2125618060,34300,49249,93621,96810
3262747710,49156
2278300950,44791
856433737,12370,16782,24479,27457,31866,33867,34275,51813,51989,53459,63003,86518,89610,92095
2005646173,2182,17042,33372,86509
546685622,3892,23087,23907,29743,35695,64019,65247,70560,76625
2786949910,26104,37640
2589550413,86791
884050407,23070,47213
3404665090,253,2422,12723,21162,23333,32121,34837,42908,42922,56185,59395,66611,69159,72208,72278,82074,88246,89108,90702,90741
1517035154,86058
490335363,4944,4982,8093,14796,17613,31762,35069,52776,65061,66270,80941,83679,85229,86917,95501,95522
3602008104,2181,3125,18884,45241,52651,78934,80194,81412,87786,95420
1241505063,23784,50315,51682,56633,67277
1455983074,2179,7929,9515,17445,22154,27095,38274
3162887518,54923,83552
3963457728,10515,46387,48521,83848,85995,90767
1373784955,2172,16855,34064,40877,41419,46948,53470,54681,68429,92534,93723
3545751557,11436
3269951883,2171,40876,41647,54680,55282,92533
1883668361,27142,90679
2569967149,4062,28104,63737
935152243,31483
2838334512,10167,11238,83519
1139332471,24513
4158285665,65049,69230
2591065968,8961,21546,34771,41998,42329,53628,61358,70377,75517,79620,82150,95537
3499454795,24751,26642,40320,73309
1697322812,1889,8928,17940,40303,46054,52953,59911,64515,71766,77405
527366476,6769,75925,79678,85743
2162733351,86547
4230122981,2167,10861,37811,52999,55933,78225,78511,80633,91495,95053
2139839972,37070,38309,62924,67666,73683
460059560,1268,1340,10064,11803,14734,15641,20818,21987,27777,30926,38626,48764,60615,93710,96222
1923434011,26781
424981028,91107
574242496,48910,49376,63054
1233574942,2165,5121,8793,10859,11905,21250,26156,30932,31990,40160,53263,56738,57184,59700,62029,62420,63661,83046,85976,87844,89184,89595,90728,92465,94182,95076,95392,95430
3743503117,27168,81188
41787705,3379,5174,7062,8874,12876,41876,43827,81831,88629,94796,95095
3075279262,6127,38158
1223238127,4043,31962,37809,64627,80486,82489,85386,85530,86140,86804,89027,90136,92177,95051
4267252257,79896,85804
3870053192,2150,46023
1690951198,26414,35990,69114,88043,96019
1414777756,47341
575812065,877,1229,1815,2546,2594,3514,4825,8721,9093,9347,10709,11285,11351,12663,12779,14180,14521,14711,16270,17320,17395,18391,18501,18717,18762,20552,26109,30515,38748,39172,39734,40434,40543,42089,44825,45021,46100,46319,46484,51622,53082,53364,57067,61900,63982,66023,67689,68061,68918,72196,75599,77383,77576,77801,81265,81873,85605,85731,87541,88364,90546,91143,91408,91855,92900,94938,96494
374071377,2908,3424,5222,6705,6821,6842,8030,10922,11127,16989,17358,21401,38002,50668,57059,57726,61378,61402,64619,74287,74887,76082,79734,86773,87313,87892,89891,91323,95073,95098,96202
416394189,413,28347,40666,70881,81609
774183150,4452,22395,41117,49204,58211,70160,94102
1636763500,30451,65996
2780037850,11305,20059,28181,28572,29623,30147,48208,53387,69096,82251,91245,93051
1361684342,2143,10652,26723,37617,38223,73231
674890624,12481,59169,75932
1391157382,30150,43070,83451
876060554,2142,2759,6032,24519,26306,29103,37616,40644,43234,65471,65596,68370,71606,79045,83461
3640497484,57529,61573,76066,88917
428109863,941,1107,2994,4858,6326,21254,32943,42838,53051,65040,88303
3763733348,18296,31118,37797,39356,56180,67879,70802,71817,81577,84301,85982,86379,92944,96269
2136879587,9949,42670,46801,90923
700585343,1438,1439,1440,3131,3132,3133,4158,4404,4405,4406,4407,5330,5518,6605,6776,6777,7190,7191,8591,9697,10526,10527,10528,10826,10827,10873,11504,11994,12054,12075,12076,13497,13611,13812,14214,14215,14216,14217,15350,15669,16363,18037,18163,18771,19230,20556,20598,20883,21389,22276,22277,22278,22279,22659,23802,23803,24573,24574,25290,25291,26208,26209,27385,27386,31618,31673,35684,36184,37143,37144,38536,40626,40627,40633,40634,41063,41468,41692,41767,41934,41935,41936,41937,43872,44117,44290,44291,44292,45032,45544,45545,47620,47621,47622,48086,48087,49473,50686,50687,50688,53578,53579,59443,59444,59840,61631,61632,64800,66774,67147,67148,67735,67736,68442,68443,68444,72556,72557,72712,73700,78255,82207,82765,82766,86536,92560,94656,95489,95490,96171,96412,96413
1325071254,1970,5252,10808,12857,16851,25990,33343,46361,57682,59771,59981,76700,83175,83402,85843
2387406441,2138,11730,40460,43255,43889,49068
1891466414,838,4439,43033,63478
3909862975,1673,2015,4591,12140,12509,17193,20948,22216,24940,32995,33058,36596,39199,40612,59421,66682,67126,76044,76712,85372,89010
1183307324,4064,5365,6196,7178,10097,28819,29016,30171,31095,32053,35314,47239,52270,54383,60838,63739,67280,76495,78124,80869,85094,88443,91971
473044068,85938,96097
2120809409,2501,32681,80952
1086105225,86626
177600766,62202
127426899,1706,79557,83579
3118671431,4996,48944,55548,66428,69137,81968,91482
3141287858,21103,24980,61366,68412,71078
2957464252,2134,42743,58375
1281787488,41643,59479,59600
3784051588,30318
1770731962,10002,13926,63268,78846,92543
3407314678,70158
1467172764,23208,27435,36881,76315
1253394750,27318,28890,40182,50224,74326,75312,78367,81095,89092,96147,96805
2879256297,81272
1108152224,19702
4112913711,1248,35296,38838,58013
2307086095,35678,71716
2850151051,1542,6202,6400,48388,87074,94189
2860433451,3910,4878,5566,8848,9469,10549,13126,13680,15168,15201,17438,21659,22609,36311,40196,40545,41307,42507,44023,46651,47892,51277,55558,55748,59205,64418,72753,74921,75976,76127,85212,85266,91192
329967307,12471,21882,76997,96822
2660994755,20455,70852,91441
417197686,4383
4293694352,355,15603,19581,27226,27539,30874,37695,39083,42893,43322,44565,49040,49486,50384,54498,61839,63151,67380,67851,69175,70384
1115186011,2124,14315,22221,22580,22891,25395,26172,34389,44854,47357,48434,52210,59725,63326,66492,66712,67397,76707,77631,81071,82923,89401,93966
3403755713,3262,43166
2110062704,9837,18262,19891,21051,79926,87364,95978
4011967871,8266,25752,42195,48645,68831,90879
1216556048,1880,9496,9568,12794,19873,34428,40148,44125,53044,77256,83734,88545,88830
2390223659,23067,45414,73025,78544
3053853072,85308
702264875,627,21413,27630,30243,47177,68707,70029,72183,80683,80730,81316
544078697,76978
3469876070,10817,39223,51218,81856
952950749,80608
3896441418,1036
3101509252,1555,4307,10402,11066,16190,17600,18649,19308,21238,31841,38477,38713,39679,40885,40944,43687,46712,49389,49840,51942,53648,61423,66642,76471,80980,85034,86099,86180,89450,96680
3570463810,1503,5560,5848,16714,17004,20828,28549,35415,42652,43922,46064,48178,51135,58457,64255,65101,70806,75428,81631,86120,87676,94759
3436847628,9516,16220,17446,23421,24990,32613,39414,51282,68828,83244,93033,94393
2434525958,1433,17759,21039,32476,34375,40966,51274,67908,83966
3389526753,15835
1408703537,1242,5258,21329,29491,59146,70707
3713075322,2114,5791,7121,9023,12286,16340,16713,18216,23456,50734,58456,59568,73158,81630,83623,87675
2666563584,801,12453,15227,20273,23601,25732,26489,31179,33189,35509,79684
1242661887,2112,16711
3792118287,52490
3719442045,8852,15028,15205,18859,23252,23429,26502,27167,27867,28291,29431,30568,33459,35555,39292,39902,41584,47831,49051,55523,60779,61279,67904,70162,75972,89909,90443,95852
198924542,16932,21952,23233,25902,34054,43625,46457,56406,65740,73278,81686
1814050068,30695
3880662682,1526,4906,17387,36862,40135,74576,81012,91783,91877,93357
1083711407,3779,12371,23448,25097,31867,48617,48698,51814,53930,66356,86519,89611,92096
4098292586,4393,9690,12347,19480,20292,23140,24694,25453,26611,26699,30284,30618,34803,35443,36082,36273,40604,42497,43408,43490,44006,44382,45129,45316,45504,46519,49077,50104,50657,51015,51376,52797,53354,53462,54102,57904,59008,60243,60933,62299,62622,63649,63834,64359,65685,67019,67645,68250,73586,75459,77625,77863,78131,80141,84033,84210,84360,85121,85154,85482,85854,90696
1316149799,31856
4214244239,28005
1151721370,2805,48606,69581,77040,90594,95452
380439864,5296,7477,8887,17928,32552,40088,69297,86486
1482113523,377,556,931,1557,1756,2061,2809,2925,3247,3742,3768,3955,5657,7364,7524,7598,7902,8127,8202,9165,9222,9840,10105,10404,10438,10524,10871,10906,11068,11219,11502,11521,11822,12279,12306,12416,12641,13291,13521,13579,13609,13711,13810,13892,14306,14311,14387,14417,14607,14876,15348,15718,15776,15899,16822,17076,17522,18228,18627,19170,19228,19383,19561,19637,20335,20355,20596,20881,20998,21081,21296,21564,21716,22274,22322,23800,23834,24841,27383,28425,28688,29272,30841,31267,31616,31671,31737,31843,33695,33778,35525,35682,35778,35887,36383,37424,38445,38715,39567,39801,39909,39981,40093,40472,40624,40658,40910,41069,41753,41908,41932,42102,42471,42549,42863,42985,43084,43159,43844,44223,44236,44288,44877,45030,46825,46915,46930,47684,49174,49791,49842,50086,50237,51295,51944,53576,54126,54262,54510,55003,55066,55157,57265,58731,58785,59319,59550,59616,59729,60247,60937,61505,61719,62078,62785,63555,64176,64798,65185,65636,66004,66736,66930,67077,67999,68233,69676,69705,70181,70614,71444,72273,72528,72789,74786,74828,76473,76683,77602,78253,78384,78689,81742,81984,82083,82543,82657,82728,82763,83748,86013,86101,86277,86934,87223,87367,87709,87997,88662,89252,89452,89871,89964,90189,90598,90654,90671,90690,90733,91432,92055,92558,93496,93841,94252,94481,94654,94671,96169,96410,96682
1641135582,61553
584321184,24254,53374,73152
3582373405,16135,31319,89121
968860545,69555
1201522244,640,6053,11880,13726,16285,20769,20855,24637,32584,35100,41028,42040,42557,42741,45940,47896,54122,54318,59091,64761,64915,65833,66645,67866,69741,71394,75723,77755,79370,79930,80342,81293,83993,84412,85675,87687,91012,94519,95842
3350945573,2091,11550,16276,23016,27915,31020,34566,53419
2763371561,30609,54376,89789
3828616476,72991
159983558,2089,13922,23237,89333
793123979,6472,7657,8551,40063,59859,60574,81664,86742
2102933742,19087,31651,34130,77317,78879,79752,84022
469467053,2083,8821,16035,25459,25608,37343,54768,55753,75829,76264,80663,86677,90638,93556,96349
3766877557,30635,88936
1093358221,1165,16503,92187
1917228033,12871,87094
2410900197,2081,6678,6717,7750,8081,8819,14020,14241,17402,22283,26259,26818,28208,28984,32125,33136,33584,36431,39349,49865,55670,63410,68875,70176,71104,73828,74220,74880,75728,75827,78174,78727,82770,88913,90316,94639,95914
301852267,11577,34093,58583,82887
3753828624,48744
3350946102,3820,17051,84927
3787442220,435,19079,36531,39674,43865,46579
24865101,9420,29441,39226,41306,65338,89577,94327,95788
2629687409,11782,56449
817738998,6000,13490,41124,76374,87513
946100725,56871
519095657,2791,9437,64239
3791609624,9421,12476,12674,13375,13416,15216,16272,17618,19744,19747,20605,24912,25532,28252,29442,29690,32447,32841,34378,34895,35382,35385,36685,41629,41800,50718,52356,54930,56946,57069,59337,60990,66211,71812,77887,79462,85290,85500,88438,89521,89578,91792,94731,95289,95789,96302
1340445203,17856,50491
964996220,4680,5543,11413,86820
196273602,4789,32594,36050,38847,41403,44034,45218,67525,76512,91570,96555
3459696706,2855,6082,27974,36572,49833,62316,66896,72255,72588,81591,94273,94687
2744352634,23137,34157
1639714402,2067,2568,43380,77290,82273
629489601,495,6011,11523,20589,50690
1958604496,2202,8855,22384,34380,52358,72580
2302195814,127,18529,27398,39145,65758,65964,70287
2090471120,70427
683314031,2054,24860,26936,36018,75277,78860
2655649691,39718,57212
3442152702,39014,39586,41623,87288
4154847923,259,5991,24846,26235,42147,72552,89195
1942288400,51522
779699981,2049,38860
1811692249,54153,63534,86979
790830217,32508,40446,56069,78343,88457
2826616887,16922,32865,41777,55998,75220,75526,79946
2948077737,1589,24928,26925,42122,82878
2591509811,5885,47585,56239
4187031996,2113,16712,18215,39539,54693,60923,90224
3579279351,25356,28224,28878,47807,62504,63847,88059,89433
2018934,3593,9799,13043,25085,27992,30584,36410,46631,60679,63442,67808,70976,72498
2259899780,32885
958568146,2047,15974,26666,29835,33524,37098,38858,43053,53800,62184,71043,73093,74206,74251,83377
1009213665,93137
3055721091,2606,3144,9266,56597,64078,93009
4162839233,10772,22203,41007,45793,76693,89504,94781
1379591191,2499
1546564064,17651,77157,83334,86878
1371698999,2046,4873,46510
3645851302,18061,44344
768397068,42735,87627
4182637422,1135
4167953015,13843
4206656966,22916,28647,33091,38637,49127,95105
394380048,785,11229,49017,49667,72882,74863
1011401166,2587
1220025877,2042,23997,33734,33746,48376,48662,49506,49817,50006,66444,66751,69892,72898,73332,73770,73956,75581
2216454899,39964
2092704695,26202
413983949,11527
2847069702,8171,21931,93455
3841000718,18712,51661
2187228479,2040,17830,28133,63142,64447,67353,84730,88582,91757
2839354136,19257,49003,53890,57160,66809,81433,84491
2807456457,6797,19338,36704,37407
3611385901,2216
684945012,2026,2963,14867,16385,19801,28524,28591,57871,81040,94701
4101480190,2022,13382
1726623419,73984
927081889,2021,13381
2489774553,23684,28640,70241,72880
3881767306,11500,16045,83644
4089603017,26645,36894,74212
1574235738,24172,32256,38302,46120
2708201136,2058,5141,19613,82475,86145
385397730,2440,7347,16280,25670,41847,45761,48919,68290,71777,75708,85507
551435627,25396,31949,34390,77632
1441891467,7010,8381,11717,13227,48027,65771,68660,75861,79187,83399,88981,90711,92334,92664,93938
261810125,92041
1676245125,583,18305,31965,35418,37266,52707,52771,57884,77358,80172,82577,84715,85875,86088,86122,86169,92167
329844898,2006,3704,5254,6136,8431,8641,8811,9400,11585,11854,12515,13095,13174,16119,19176,22563,25845,25992,26037,29605,30020,30239,31404,32672,34480,37166,41269,41500,42461,43241,43463,43983,45822,45957,46867,47311,48127,48438,52915,53796,53821,54047,55723,57115,58019,59622,59805,64428,64467,65009,66285,67922,68863,70154,71198,73653,73689,74270,74490,75647,77440,79739,81407,82710,85845,95264,95397,96549
3940846544,13634,20178,25767,31508,44135,45228,68815
3169152424,11171
1523016144,41036
1206388440,15505,33405,38199,41156,42552,51193,68213,71592,81153,90916,91232,94005
1801520899,12934,14421,15408,18486,31858,47219,48920,72112,72640,73893,85508
695186071,4714,29419,67248,68405,76982,96560
49473712,25355,28223,28877,29452,31044,31631,33640,39871,41456,47806,50367,60335,63846,70898,71012,72236,81642,82694,89432,95065
3947737200,2003,5905,6674,10117,50762,60873,70391,78515,89044,90114,93920
1235313563,8399,68422
1289487540,885,24498,25329,27216,29878,60883,84398,86747,93757
1609317550,1999,34406,86526,95768
1026310457,607,3965,15077,24839,29998,30420,53298,53594,55466,62427,65109,65183,72155,74528,74569,74687,83048,84603,85443,90103,92636,93668,95283,95310,95388,95813,96387
1012007044,1920,83015
256158697,1998,46572,86525,90666
1855548607,3318,33245
2695041328,2131,3941,4649,18274,43447,45963,63890,68420
1074664592,4046,50081,66111,89727,96419
723048141,31102
929779678,42512,65321,87778
2122662723,6837,10795,44158,60710,73374
2458008873,466,5233,7172,14365,15162,15599,16764,21214,38133,60213
2413647048,861,1442,3735,6816,6955,7526,9218,10406,10875,13444,13524,15512,16873,18773,18923,21959,28691,31675,38795,39983,41065,41756,42912,43483,51476,55159,55566,63628,66776,68235,68888,69490,72283,75637,78257,96944
3024344490,4303,28249
1672619933,71733,75044
1560262360,1971,4231,5253,6942,8166,10388,10499,11511,12858,16852,19344,21579,21759,23951,25991,33159,33344,35575,39819,43320,47289,47310,47390,47754,48380,53311,56261,56317,57683,59982,64816,67301,69896,71354,71892,72370,74837,76386,76821,78795,79702,80029,80113,83403,85844,87500,88976,90272,92463,93634,95116
1801083821,6709,12478,25214,30765,33352,34844,40442,58705,62744,70622,73439,75108,79464,79568
1471057560,1963,93047
315155561,6611,36673,55039,61913,76054,80063
1567749067,1217,9300,13516,17911,19347,23040,28913,30761,33836,36838,43239,43461,45811,45955,48125,48397,48624,51156,51863,58667,62830,66881,69232,72705,79878,80408,81168,82137,83493,84706,86227,90322,91091
4175304913,2001,4623,90201
2897170013,470,14778,16257,20960,76433,77796,84305
896807933,14016,15611,49969,55324,78642
1368747439,67616,71959
3705445493,3213,13528,22579,22971,35433,43391,47356,53661,57357,60578,60876,61018,64985,71984,74404,82922,82983,94416
310276902,28489,32440,33614,34227,76186
2019930696,56450
2112074707,1961,3135,3744,6240,12458,14219,39911,40474,42418,59931,60249,68123,78654,93045,93843
4004452406,41922,51420,51499,65386,79966
490944432,21903,79038
4003026682,1957,7859
847650861,907,42825,93342
306102275,1947,15145,16361,23962,38534,41061,56791,67363,88587
1492175034,1946,10157,14121,28843,29472,32481,38533,41060,44571,59182,59188,82298
1942518998,27123
3346657836,13400,28659,53409,69381,91010
2751371141,184,3373,20891,35943,37277,40177,48650,62694,68177,70677,71366,72989,81957,89818
799325946,1703,55025,79656,86944
277270846,1940,4021,5498,6652,15144,16360,17888,32308,40706,45157,48930,61702,70315,82160,82600,86132,91282,91946
1373144240,1435,9033,13468,21041,24216,29963,40968,41335,67910,81192,87631
3274427767,1338,20000,90760
1289985612,1937,3938,4186,6661,17172,65505
3904373039,12556,22391,39765,72533,94660
433057096,48907,49373,51449,55058
1905252478,3801,7071,8335,11185,12442,13737,13984,20158,22120,46288,51316,56662,57088,65260,77135,80155,80175,82354,82785,84166,87486,88007,88231,88870,90642,93606,96239,96620
759553332,7510,11317,50914,76137
3155771472,31572,41559,42311,50807,53438,71842,88452
3065581971,348,1828,4266,5858,30586,60630,75164
2183634817,1936
1112442984,864,2589
4229023017,4126,31484,55966,78703,81456,85114,85405,93640,94621
3514846267,661,887,1145,4648,6375,9935,15004,18273,26397,26541,28644,43446,43882,44246,49871,54269,61442,63889,65390,66691,67490,68138,68419,75424,78723,85044,93759
1788907151,3781,7138,40445,52256,56068
2459679988,51454
2237639410,37356,54700,66940,71500,85459
626940009,3571,31825
217776569,5113,5633,77173
1968641363,24933,70981
3756827841,8448,12312,21756,27282,80147,86190,87682,89386,95656
1681510255,33681,38306
1759476553,23894,30257,31883,37263,39728,45698,61059,82776,83882,86888
2002976638,4587,28047,31700,55189,56859,87840,92830
1672969343,1927,4256,49821,61518,62568,68196,87099,89459
3354776856,1748,2309,3179,11371,15405,20728,23378,24679,26554,39063,48793,57895,57918,57962,68908,69022,69967
274735348,1926,4255,49820,61517,68195,68366
4118767065,70416
1491826949,1922,6228,7164,9103,13147,18368,35517,37339,38206,41432,46327,59295,63577,66096,71877,79552,80088,81399,83017,86480,96118,96145
1921504444,7447,9296,15693,17334,24969,31417,52182,53260,56784,78426,79970,85380,87400,87550,91421
3583849523,19633,22559,29387,34814,37927,53271
343235486,1254,18589,24009,33318
3193498123,2888,4699,5383,7015,11444,11594,12245,12923,16217,40609,44693,52394,64592,68949,89349,93990
1466283225,1001,30206,66433
3637341976,24084,69808
848857920,12768,36193,70991,73135,92622
969270933,1911,2341,5123,8795,9286,19393,28996,31992,32777,38210,46886,48195,50055,70532,74647,75997,78074,78584,80266,84063,85388,88602,91887,93189,93748,96137
3047647995,19808,29748,43128,67577
4069544862,21962
4075971362,12502
318166273,28179,31286,90156
2146839701,1910,19392,55062,59851,76439
2405214103,29679,47506,72359,76227
3847531167,1903,3462,10955,14946,16964,20607,29444,29692,41802,44111,53171,55122,64694,77889,85502,89580,93500,93691,94733,96304
4032230049,3319,18509,30855,37526,39793,55475,61984,87432
2027706168,1900,53168,55119,86974,88121,93616
3884415078,23470,53905
3571650176,1619,6866,12341,21971,35902,50946,56307,65646,78914,88047,93947,96552
908894460,20036,84140,86972
1459986732,69817,91254,94513
4176293423,56928
211503533,2384,4844,9098,11225,12288,17664,18009,18363,19156,21148,31568,50736,51107,57049,64902,69587,74008,76856,84936,87293,93295,93546
424930580,14528
3436299680,29365
1342611777,78600,79122,95326
2205365693,55301,81258
3150208273,44752,59601
2480897631,28078
3491796074,698,21685,38031,48302,51948,62528,66541,67337,70035,91917
3177482968,13639,95817
2708482039,23152,30473,49286,62198,64278,72229,83896,88296
3151468332,9003,37043,37311,51339,54828
308968322,372,17198,84426,84782,91557
726216383,811,44378,46183
2067539194,70341,77949,79058
86584401,43413,73904
3087964037,10585,13478,51783,74972,76009,90989,91396
2082667198,426,479,611,760,6221,7304,8130,11799,12419,16910,17179,17559,22028,24976,27239,29024,38430,40782,40971,42383,45548,45607,45861,46089,48169,48840,56673,63786,64264,66027,66314,67858,68259,69765,70954,74056,76308,85783,90310,90430,93855
48826543,75949
36019477,21573,26836,43067,71653
244122400,1871,12582,29048,56243,78071,80438
3074458650,2580,30051
1454770554,34261
2042628215,1306,61859
3262218314,1863,3054,5430,11101,11315,12095,12158,13395,13481,16074,16531,16667,16892,17093,18522,20691,22886,22987,27408,28239,29866,31109,32783,34711,35427,41701,42438,46719,50172,51118,60605,63724,75919,76021,77094,78799,79442,82672,84636,84786,84834,85107,86001,86055,86301,87504,87795,88311,89147,90300,91354,92151,92311,92401,94470,94506,94611,95895,96316,96787
2204889173,7798,8286,9894,18343,19184,22538,28797,30684,40162,47172,47924,53125,55773,56532,70261,77571,96734
3400596932,91603
131503326,1272,33172,40778,62525,62559,66800,91914
632134310,83802
65511649,4248,8119,51722,78440,83534
2064211172,1860,6888,8330,15074,18661,34942,41816,46883,47921,48313,50052,73224,76027,79831,88308
3083140859,84618
3314748161,83266
3831737012,11805,35858,42260,45235,60617,73346
448062642,1175,3019,7460,8038,9882,10030,10630,10952,14560,15862,16320,30527,31103,32837,33050,33803,44441,47927,51306,54839,56535,64691,65480,66989,75167,76754,83353,87806,88149,91270
1944047499,2922,8209,21477,30095,35292,47037,47543,51837,56288,56621,64686,68763,77697
3058196951,1858,18748,66489,74331,76704,86941
1936457983,4912,19465
1539798975,11813
3314965299,35618,58994
3430896155,72456
2957600487,5838,6405,9451,13194,57482,84070,86205,87763,88736
3115340551,3232,34105,90722
3645950950,5542,6965,11412
1933022873,4287,6224,27788,30484,34081,36709,37342,37947,38665,39302,42958,44086,49660,62707,65291,67043,69721,71149,72785,76263
347518389,432,5825,22523,33164,33765,36476,47558,47880,51853,58672,59881,74313,91643
734110923,1046,58493
1996196844,13898,15269,57075,64636,74754,82668,90677
1559778851,26481,30754,32702,59234,63252,63312,70477,75052
4196182823,13831
685308755,3899,17382,27587,27783,69374,91204
431577682,1976,3752,7057,7850,8446,11227,12290,12547,18572,19413,25463,26388,31363,36614,39006,39867,49494,51109,51919,55975,56165,56375,61435,63160,67797,83309,83426,83633,87420,93650
439249932,243,6994,21976,22409,22655,25004,25552,26044,28529,29466,33401,47372,49929,52028,55647,61589,63906,65075,67937,69751,70357,71053,81907,94135
3393295092,81027,90454
2367572547,3708,17946,32927
3229501100,91697
390421451,5550,61817,76884
2986914146,76,3417,23082,25744,25810,29699,29942,30595,33874,36417,36541,36734,36848,48539,50117,50960,51401,58316,58341,59696,63171,67393,69188,69254,70132,78871,88069,92396
4132169307,3427,7821,20250,21794,79357
3251573666,45178
3550970980,13244,24316,27827,31963,54232,57745,57882,72096,80487,82490,83302,85387,85531,89028,90137,91103,94555,94684
1973033876,2119,6670,14368,24291,60216,76577,79081,80017,84076,88371
3589285074,57997
1065778732,37031,61939,66279
1598407052,1223,11477,13132,14590,19799,25899,27141,46295,47128,63772,68183
1841298269,7249,12247,16880,17139,22491,42161,42620,51933,54780,60543,66417,71554
367706800,71538
2404621785,49967,77732,92299
505987109,1289,16653,17211,34303,39405,50319,51055,57171,76485,83269
2316503637,1841,7900,13698,27358
547964356,25518,88911
3749325331,18182,33209,37354,41093,66938,70757,82066,86853
1033318382,5106,6263,12930,13914,14502,18409,18919,46938,48798,93041
678218610,85022
136850043,28771
4062490421,23292,83470,90387
938067504,445,1546,1638,8073,10196,14672,14888,15587,16409,17041,19120,19825,20493,22876,25796,29112,30480,30824,32287,32434,32566,49289,52472,53691,55494,59828,60339,61095,65590,66954,68960,71909,75358,76184,77219,78308,78418,80945,81376,81976,82440,82999,83095,85140,86494,86508,87195,87594,88563,89341,89664,90581,91740,91896,91923,93802,94315,94370,94577,95495
3123398829,442,3047,77524,81737,82723
4269160070,29916
3007663069,12333,13788,16126,20815,35942,37276,38041,39651,47744,48724,56100,62693,62897,67979,70797,71365,71726,73208,74658,81956,82496,90693,91630
2930921672,27548,69557
845500476,1839,2419,7898,8433,9402,12426,13696,17818,30042,42429,43243,49097,52917,54049,57117,59654,60638,66389,67884,79955
1017603570,6536
1319958339,14446
3044051736,25711
2998321736,1342,4178,19521,81868,96213
8331504,7979,22002
1121659045,1630,32540,51426,75506
1666679426,37724,58898,68804,84864
3834908757,9359,10889,15798,38416,45628,61762,63601,68245
1662366167,441,624,2838,4898,5426,6699,12154,18237,20857,28385,38552,38601,39391,41758,45180,63641,63989,66057,66761,78065,82078,82722,84515,89463,96394
1919114669,54618
863869008,12953,15033,18083,19326,23230,25973,27865,33831,35112,35553,43191,46746,46832,49084,53549,55144,57704,58441,66031,68608,73495,75970,77955,81208,81683,82993,90441,95850
754923901,3840,20093,21150,26278,29267,43936,43960,44578,45434,51024,52191,52529,55103,60436,84938,85900,87295
4122312571,73801
3545274525,25536,83232,89567
2069242925,780,799,1953,2617,3835,3923,4376,6008,6580,9181,9214,9694,10413,10572,12004,13084,13200,13804,15743,16697,19332,19395,19944,22760,22847,23088,24336,24689,24832,25942,26153,29239,29744,31812,31886,32413,33154,34241,35507,38212,38529,38792,40819,41279,43393,44486,51070,52414,53198,54196,57110,57542,58291,59492,60558,62212,63582,63918,64020,65248,65583,67264,70561,70641,72186,72290,73177,73183,75769,76626,77472,77977,78586,78662,78776,81119,83912,85012,85324,85544,93750,95510
3109760419,1078,1615,3592,5295,7254,13042,13066,19277,21126,23324,24761,29425,29563,29944,30597,33876,41826,43455,46042,46138,46198,46210,46630,48541,48759,49038,50962,55272,59698,63348,65091,65535,65953,69147,69296,70650,72911,82972,90380,94092
244518745,14772,43245,89358
2114210077,31763,44910,65062,80942,85230
115825637,1804,1845,6027,9477,10830,12139,18467,20191,22352,59420,67971,69157,69673,72206,72276,74928,91674
2823641679,6143,26079,34464,44933,47261,48560,58961,59457,59672,66248,74414,82937,91802
3503681838,37901
4148818500,15529
949500922,51085,75858,92430
2212102754,1803,1949,2928,4084,4141,4219,5111,5231,5332,5418,7841,8129,9016,9167,9224,9990,10829,10908,11222,12418,12819,13256,13613,15148,16732,16824,16909,17178,17287,17558,17595,17905,20166,20337,20376,20637,21298,21599,22351,22462,26465,30672,33622,35250,35889,40289,40781,41911,44225,45547,45606,48573,48839,49138,50711,54969,55005,56672,63529,63971,66313,68576,69156,69672,69755,70054,72205,72275,76685,78691,82902,86538,87712,89454,89771,91673,94674,95716,96415
2126970459,5374,36727
2706710921,53167,88120,93615
1497086109,9385,17273,61564
3326441870,1507,68306,76659
3948999006,1687,8707,41797,65603,70458,71127,84403,87064
3991946396,4445,34707,44270,69661
2770523170,17123,89508
3177320620,14345,14410,23853,93789
3490931004,13459
2184007061,77729
4149351635,1780,60183,81296,89266
2455908442,86884
2821784201,1785
1062426399,5707,11582,64782
3786073337,4300,10133,45060,81024,84746
1296215680,8691,14905,16492,18805,34034,49215,62986,89700
1574206454,1784
3463795646,1624,27507,34114,46923,50908,53609,54410,59971,61751,62373,72726
360911011,28728,30675,39991,69410,79430,94595
1123514827,9054,9763,11657,14261,14558,18442,24302,26534,39952,41550,50399,51304,75235,75250,77984,79267,80566,84587,86234,86698,87804,93661
2270092535,2719,15401,20126,38453,44697,50979,64598,75377,91816
1625367345,6629,16452,31414,68965,72661,79719,93593
1000142011,58302,80690
1820565745,1770,28867,29501,36818,42201,42696,47457,53119,70342,76415,79059,83987,84947,87739,93340
869799664,10885,18662,37163,40662,41602,46864,57669,57689,62025,70250,71195,71399,74267,77140
26253631,1502,5847,6394,6665,7740,17715,48177,65498,70805
1402585934,1764,69290
4070923252,24025,26273,35124,37174,68912
2158731030,550,10522,21916,48096
217161637,3016,10557,14579,16941,22423,25945,28085,29840,31420,33203,36760,38101,38752,42867,43278,48627,57304,58184,58523,59313,61287,64539,74573,75985,89117,91535,94717
1576326662,47,1377,3656,7019,9257,11446,11927,14644,16601,16926,18928,19785,20581,21303,24804,31628,33363,37882,38618,41161,42243,42973,45407,45515,54250,54300,58392,59199,60178,63503,63854,70087,73350,76231,76690,78579,79977,82948,90590,92140,92248,93992,94859,95209,95457,95857,96728
1963617011,25232,47081,51384,62037
3693613185,10023,13985,22121,24190,82355,84080,93607
3566169241,24443
2553687019,5372,19415,44954,67799
3048411842,1758,2620,3249,4409,5021,7366,7863,10107,11775,11824,12111,18165,34542,39046,39803,40465,40629,41783,42256,43161,43874,48089,49825,51248,55899,57267,58787,59732,61942,65214,66962,68922,72048,81700,85823
3850284563,50701,57930,81378,87788,88209,94029,94966,95773
847619077,17226,35588,42107
3319937984,694,11706,20879,20996,21153,29270,32581,36233,37584,41617,44875,58783,64158,66468,80675,82655,86043,90187,91430
3710940465,1201,2230,20227,33488,38599,40646,70964,71608,89263,93457
3386918234,17768,43090
2837134807,3506,24411,26557,47816,70020,80984,88674
1542407868,11933,20136,43176,64894
1407173623,50166,53447,84386
253740456,23632,53878
3552527607,24852
2222072440,57092,69827,94428
2873484050,12363,22589,36203,67172,79202,83465
1755790836,40,80700
2493380113,3566,6552,21023,28856,67656
3097916745,47690,88528
1054983982,11791,11935,14924,20264,37449,45563,48848,79845
2949377387,25248,73108
2529983997,510,1176,5403,8039,15863,19972,21820,39903,41585,44209,54840,65481,69265,69733,71311,73452,75168,77146,83354
2359133872,982
323143633,68018,83907,85801
3723805411,4884,16397
3102194864,53772
718048945,2295
2761180616,84567,94574
246958111,1729,18496,30722,41160,75464
2062682891,11581,64781
3167091340,13082,81055,85003,85222,88406,89759,89942,91976
2999851336,70930,72507,75307
2120869993,5188,16581,18852
3022282078,1728,18112,26650,43005,60314
4146665525,70017
707248228,1385,2204,4691,5442,7410,8857,9508,12024,12828,13479,13932,14009,14640,16186,16414,16999,22386,28262,31223,31381,32769,32781,33424,35175,35463,37016,39522,39711,51784,53498,56159,56954,68380,72801,74973,75715,76010,76070,82095,83010,83064,83998,84552,84832,86299,89878,90502,90553,91319,92920,93193,95027,95672,96785
2009942863,6266,91873
2978429266,3415,23080,23689,24983,33732,34683,44975,48374,50590,52460,69795,70235,73305,89971
39918004,20869,21828,37791,49104,70665
3280133878,70828
2317906606,1723,12637,14627,15083,18212,18935,19094,21770,24888,32506,40123,44298,50287,50488,53663,54213,57571,63721,63898,64724,71472,73424,75616,75684,78341,82230,85796,87470,88455,90059,94952
3561346016,3963,33062,55533,80069,90250,92985,93275
234809509,347,1827,75163
3013759032,28215,51110,55976
3008244096,21618,33386,69613,77826
3382793369,4196,9399,15581,16118,29447,30287,31988,32961,34694,42018,43822,45074,46436,60033,62302,63414,65008,66169,67989,70382,76913,78421,80878,85974,89182,92800,95090,96548
3951328256,15752
1098977643,1714
3860354967,24549,29548,33478,69345,72901,95153
3343522984,24372
3794868932,4089,19555,30710,32210,33646,50040,54534,61113,64407,72233,75868,85410,92673
4082733472,36106,72820
2157456896,3006,11497,16462,80779,84131,85552,88759,92501
2347454418,3284,15339,26403,30706,36420,69217,75355,76176,79672,94985
1391884429,35091,48901,50891,66341,75936,78595,96104
2356500603,72226
1819066737,31452
83664130,50579,62955,64199,66984
2103863065,436,12700,17725,19817,21777,39675,40701,41855,61887,65450,79185,80182
1259326708,3572
760802663,936,7664,14347,31491,80432,85565,93217,93434
4106919109,1692
4246929944,4752,15816,44705
2066281111,67932
442149693,18834,27055,60333
2190134447,42163
1102613951,6151
3120213626,4942,17611,52774,79325,80939,86915,94692,95499
2724636845,6112
781072740,47156,53422
1173668462,19000,51272,59239,63289
1477918885,91184
3333837624,14435,16654,17212,18611,39406,50320,51056,54132,58550,74640,76486,93453
1973382607,14511,24028,27759,32601,43469,79933
2406323059,5060
4113450239,42369,52152,85048
478249421,16114,20387,29374,39693,43593,43681,49238,49455,53537,64532,65286,66305,73509,85426,93754
673357961,8555,38188,44192,60742
1520257567,35967
1882075139,3563,6740,11668,21373,29629,29771,29991,34331,36867,36921,59579,63214,65716,69065,72313,74232,83281,86420
951351192,15708,46025
1513767813,72864
1375101749,12414,18625,93839
1611754125,1398,1428,5491,52504,77555,78617
2718199695,24123
2950047930,72721
3961317521,0,2493,6628,11859,12396,12537,14461,16451,44628,52077,76697,79174,92061
4138404783,373,17199,29180,58189,76835,84427,84783
1906909036,36674,76055
1195276985,1239,2007,3603,3969,4990,5255,6637,7128,7208,7816,8642,8812,9135,11258,11328,11586,12135,12516,13096,13117,15780,18687,19069,22150,22913,24763,25286,25782,25993,28055,28533,29242,31297,31405,32673,33499,34481,37167,39245,40116,40483,41501,42388,42462,43304,43578,43930,45489,46868,47706,48882,53230,53797,54295,59623,60551,66286,66515,67151,67452,69397,70155,70925,71199,71586,72074,72293,73690,77441,82323,90747,90909,96755
1448339609,1686,3487,4803,5130,5862,8706,15659,20835,25070,41796,65602,70457,71126,84402,85848,85947,87063
2769324739,35709,38662,39574,47771,72487
329838192,3756,3802,12082,12443,42793,80176,84167,87487,88008,88232,91220,91506
4252901419,2857,31917,36911,39429,40409,50599,51510,69888,74706,86482
286410346,26872
440530669,902,2801,3701,4768,5409,6019,8710,9703,10309,10660,14146,14774,16518,17203,18843,23386,28381,28632,30270,42096,47653,48672,53604,54044,54207,55202,56162,64308,64459,66147,67212,67957,72862,80127,81559,85788,86317,90838,93077,93598,93796,94113,94605,95905,95934
1624962492,32372,54748
1701774115,1874,3827,11489,17148,17369,21288,21361,22515,33572,33633,36263,48986,50134,51235,55149,59544,64389,65242,79588,82377,84803,85058,85202,89283,89649,92704,93262
1973182064,24894
3442639848,1678,69602,80872
1015409517,75209
433150920,7219,56713,66109
4169826492,547,10519,57562
409451025,4039,6457,37089,64623
1480487056,30613,62377
4243984442,359,2424,17233,19208,24178,26718,49922,53807,53952,62570,65226,66280
409142553,1671,4283,4866,6481,13232,14480,20079,29793,39371,39517,41742,45358,47360,52500,63618,76710,77038,79648,81304,81629,85281,87245
3028900860,34139
1848897125,69501
2206929199,17257,22704,65067,92770
1424502824,1661,1891,37333,81930
1511022313,95939
1819420577,27975,36573,94688
1388228133,5243,7762,14536,16635,42768,64508
519936585,67364
1204677427,4210,6312,23379,26555,42282,54192,58753,59494,59714,62662,65585,68909,72440,78588,82415,85014,88432
3566643296,559,3771,11141,11294,30742,31310,44240,44513,45619,51159,52989,62873,68836,72301,73726,74443,85986,87001,90935
4021018907,6131,8921,12885,18127,35607,35769,46401,47546,54880,57603,63259,65529,68807,92126,96370
2089761895,260,358,1357,3678,6218,15666,17232,18464,18949,19249,24847,30373,36392,37140,38434,39770,41689,49921,50646,53806,53951,58487,59712,60300,62360,65776,69073,70921,72553,83811,91670
1208236359,28636,49583,55075,73523,73972
2567937996,27503
602444383,21386,60968
1622712413,3512,4812,5817,9091,18334,19019,19940,36438,39732,51620,57065,61179,65730,72194,76874,77052,77381,77664,77712,81263,81871,89105,94130,94936,95043,96216
3320214432,3715,5965,19576,38622,47614,49620,57238,57974,61595,66123,70576,71455,75016
659578143,26668,44687,50355,64792,82186
1205663554,1798,6902,43437,43479,47043
819181854,28092,47486,55021
797149040,63469,88594
2786873330,509,1030,1109,2065,2566,4102,4778,4820,5402,6945,9580,10014,10902,12796,13069,13486,14401,17342,18604,19971,20001,25528,32722,33591,34779,35599,39024,40150,42021,42503,42840,43378,44127,45818,49902,50882,53053,54935,55518,57179,57686,59504,65956,68331,69208,70368,71310,75105,75889,77145,77258,77288,87509,90761,91041,94150
3572723128,27575,30349,32038,46202,47071,63283,68866
1077881501,5546,9061,15358,15370,31529,50521,55662,67199,75962,76972,91465,94362
2236664355,90754
1883081322,3207,5236,8411,12263,28115,29640,29911,32546,34256,34505,37769,38458,43144,51487,59565,63121,64425,66400,70292,73143
1440734939,1276,1312
3466752873,8170,10422,29221,50226,54133,54425,70208,73227,76802,93454
3744686145,1635,31090,32152,33009,36855,54400,54448,79756,81595,85451
238400050,1632,75508
3020652544,12523,71979
1319690196,1629,32539,51425,75505
4268309295,3986,6632,12977,16455,29440,32108,33037,40398,45079,51639,51930,58633,68968,69041,80418,87729,88429,93851,94389,95787
2250097419,88442
2607435134,6451,17689,42943,76445,84115,85136
3582649491,2035,4085,10092,11641,13286,17288,20338,30673,33623,37468,48574,54970,56775,82903,90662,90995,92022
4080853244,674,12714,13823,16461,31228,44425,75593,78487,84130,88133,88835,88850,89420,91772
664323410,47483,53684,69093,78823
3842018798,4871,18940,29294,81543,94169
516057350,5880,14355,44333,52939,57285,58168,64227,80920,88088
3397779067,71688
708655245,1628,23754,32538,40496,51424
3130177572,1771,30130,32033,35498,45362,85251,91837
876866031,27766,44575,48227,58715,61155
2942934369,7483,24699,44661,73834,77854,87641,90617
2645056411,90961
3516785560,1613,5293,13040,13064,18744,32387,48310,55270
567164268,40890
3610848369,6092,34737,38096,43555,46186,46500,49836,60099,64295,65197,73888
2670897668,14406,14941,17498,24195,40042,43515,57808,80177,82987,84168,91221
2748604124,3,8609,10162,22214,84904,90592
2744083740,1606,1684,14587,35357,58360,75987
2743458350,1605,75986,77520,85703,94718,95345
174432721,52528
2669444627,27097,64406,77060
4138406519,66048
4035692821,21285
1794579476,6065,8521,21831,50232,57774,63139,65814,66409,69001,73047,74077,74580,81766,89361,89885,91137,92520,95167
2732570374,15987,27214,29405,67107,68043
4265007858,1596,1929,7562,9561,11894,23825,32123,33148,41900,43015,43258,43612,45474,55538,59467,66138,67170,68771,71639,89110
1280158360,57596,78260
1372688126,9558,11533,12130,25151,25492,44071,96689
4194294082,19759,40218,52165,57256
302669057,34401,47279,56437,63719,70559,76624,95644
4069015503,55360
1680754864,1203,30079,49513,71610
3331682076,34993,68594
3653479693,48356,54368,69907,96921
872160426,753,16647,18518,80349,93476
560960692,45650,50024,80089,83018
868227408,3504,7079,34880,35730,48965,52942,68278,85438
3321297113,56040
1971386066,1076,21110,29561,41256,65533,82970
3872712391,1462,12175,16738,20583
2382206505,5844,15327,23546,24020,24383,28720,41202,48174,62046,62869,66072,75058
4235615313,44,11113,37879,54348
1580702512,31685,80514
2470465593,25705,34682,35762,36270,46454,47878,48373,48962,59812,60011,72428,74311
2099823010,1035,20682,30519,67464,71939,79099
1232618162,37530
1347922425,828,8002,8496,11648,26007,36786,38148,45751,57196,74854,77930
1974435876,600,8453,30233,58824,84840,86003
2116342282,14655,84758
4116301938,32900,48738,49169,50779,56104,69102,73668
1882322008,12774,29302,31788,35010,41504,68268,87013,91198
943918108,81637
3332693087,10796,60711
2637627831,80636,87555,94121,94201
3714835810,61648
3429274242,8106,8213
1992887227,535,21407,23464
306574512,28125,62483,68572,79250
133255306,30315,53887,80116,84488,92037
3094013163,4313,6214,66920,91469
1134087854,1717,3410,52214,53714,65446,67401,84892,86239
3409740432,4197,6943,8414,8620,9302,18665,18846,19504,22773,23095,27689,28118,28522,30288,33544,35576,38007,41953,42019,44266,45328,46638,48219,48417,49900,50751,52306,55164,55245,56318,57684,58218,59983,60319,62296,64165,65327,70325,74815,75103,75500,77127,77143,79160,79703,81038,87405,89243,90117,92801,92906,94116,94956
4052662607,917,26206,31294,36477,47559,71429
2114658630,1569,67918
116669076,2609,52838
3651616813,2434,28025,83407,84519,86489,88147
6138691,7252,7419,29423,34138,35217,46040,94090
1584137967,111,34181,71363,96841
3875962931,7637,23401,32878,57136
4262018473,32074,56822
30569010,28916,34729,42808,49598,56787,73354
1236488882,2256,10632,12891,17800,21470,43127,44446,64349,70656,78435,86976,88419
1523982469,24924,58525,67110
243489491,24485,35063,50199,59845,96965
3755841654,9361,10891,15800,45630,63603,94833
3490525934,3087,13912,19845,27112,33001,49849,79715,90090
2847055012,9618,59781
2407219269,13776,45651,50025,54446,54893,55968,81593,86629,90510,94275
358283980,2141,2758,6031,10649,19204,24518,24874,36150,43233,65470,65595,68369,79044
256303992,24472,58197,59937,69949,73817
4124375783,9553,23970,39068,64829
3053944878,54910
3964095225,30929,33971,43994,72389,73739
2712604410,40210,65577
235671555,32197,36104,70067,72818,94439
1588630242,53760
2063083175,4018,15485,23566,31574,47133,47544,50503,53425,56622,68764,68805,77698,84865,86263
2426135804,53898
1121255224,2741,20346,56139,67935,79917,96489
584562360,648,21267,57646,68787,88176
165111159,55112,61168,66300,68820,72746
2034197002,29746,67575,70817,92280
448175361,7486,9196,15367,17348,31731,45647,57479,78469,79871,83764,85083,88511
2303560634,43222
229870339,1552,3043,4448,5407,18841,20109,40367,43806,64342,65490,80008,81763,86075,90836
607047254,1487,3575,6166,6545,12010,12767,14043,17585,23309,26223,30818,32954,33565,35035,36192,38780,41612,42134,42684,43250,43452,44012,46806,49737,50470,55874,58683,59873,69184,71872,73134,85620
1430341453,2435,28026,54406
932017550,51512,65697
78470320,10094,10299,13075,35311,37470,45205,63562,69214,92235
3773636578,19591,54938,66700,88591,89956
4202791905,14583,36708,50574
3314655310,18869,21517,29713,36788,49429,62344,68174,74856
671822088,6265,14504,88200,91872
1133974543,29055,36262,75039,77331
4038418365,6102,7505,8955,13674,24734,28903,32735,42221,52089,52743,56404,56643,56778,64499,66970,72936,77312,78263,81140,84888,91375,96262,96520
1265106603,8194,9073,25572,57389,60714,65827
3035233430,1551,3042,9683,15123,15731,17354,17823,18195,20108,20120,21133,22709,35594,39929,56453,58388,80007,86074,90369,90835,91177,94504
1522798224,33810,36953
3583317105,2616,9693,13803,48912,63056,83911,84923
407991343,1006,72776,74513
191938444,91248
3370996833,27412
4094993470,1549,80614,91175
3695308264,8660,14148,16176,23388,32971,49045,54209,72089,80129,88672,89046,90840
1915450037,47480
3118568448,9381,28238,38591,72798,74952,75176,81285
201769513,45043,58662,59808,67642,68598,73269,75154
668610214,1545,1637,15586,19119,20492,29753,32526,32906,36857,56431,78417,80043,80944,82439,85615,86507,89256,90602,91895,92381,93801,95494
2255924923,8720,9499,18390,28378,28404,30514,53363,61899,77575
3021890269,16686,42938,51112,68928,78137,91498
1300058671,76129,77261,91725
1904922511,6358,10262,10319,16333,81313,96085
2634282348,2654,88719,94064
4122486096,1541,6201
645801060,12602,26483,60670,70401,73432
4218111906,49129
1599272645,32492
2308258001,50505
983703916,1011
1832785446,55483
3600803479,42210,43293,50204
1984207142,8930,45804
1036732304,23260,66045,85462,96001
4269943013,23171,73080
4177894646,87908
1792745764,8891,40005,59440,95598
942508423,69928
2133925599,1220,2414,5068,6584,15615,25772,39570
2685399605,1536,89974
2121189360,1962,12459,17749,18359,22357,22444,25024,30309,33175,36179,37454,42073,42587,47018,48249,50393,53028,60250,68036,78655,82897,93046,93844
2734436942,18989
3497995113,4290,11792,11936,32605,37450,63422,75633,79846
3293633196,384,7781,16751,22172,34593,37360,38078,44142,48181,53595,54791,59282,59498,60111,60174,62428,62658,68104,68466,73967,74688,85778,90233,90844,92637,92879,93890,94012,95814
2299902599,1406,58947,78067
414966681,1533,21966,50004,58314
1485547236,31544,56293,74693,82358
3937199099,471,7006,34392
3065549390,8599,64975,81305
2540527155,53098
394212052,8308,9970,25235,26772,30016,34598,52950,61622,63813,82791
320928445,1471,3642,4327,12195,12464,15523,18292,20516,50518,60275,89705,92869
531293505,1528,17389
3752628095,1586,3118,6249,9126,14585,26067,29175,32127,36359,36580,44778,45855,50576,71106,78729
2103472518,543,13992
539192212,708,3683,17137,17492,62980,66607,96228
3042793596,34910
3565023839,1642,3404,4605,4670,6307,7548,7700,8366,8807,8976,10882,14248,15164,15613,15686,20248,21216,21792,32016,34212,41100,42030,42233,48479,64414,67408,78644,79355,91330
1644031966,62795
4153008203,14201,15277,19304,35467,44042,56911,66798,87022,90549
1708623975,95197
2070822203,1350,2173,9076,21699,30719,40878,54682,59117,60395,68430,70348,73112,73793,92535,93724
2916346724,4495,8237,32406,68752
1284103732,19144,83731
1970794921,722,3729,10858,11904,37008,39359,41827,43459,45809,47758,48542,59699,62221,65036,76591,82509
1834674840,13532,70687,94234
4194177168,3272,26520,87047
453007417,11959,12118,50281,65152,79393,87830
2591103812,10698,12165,84497,88425,92659,95612
1262184618,44779,50577
3224854624,1296,71447
1359421616,575,1444,4000,5413,7993,11943,12253,12981,13586,13838,15514,15540,16558,17721,18925,21553,26848,28051,29009,31677,40533,41030,41148,42914,46411,52037,55568,57141,59576,64917,65835,66209,66647,83240,84414,88241,90204,91619,92958,93682,95125,95294,96725
1482497707,1060,24132,30341,35139,37768,43143,51486,60789,68342,78338,81069,85718
3366782427,20263,45562,48847,78210
3033334710,39385,76633
3729931089,1205
487155513,189,21433,22668,23059,34923,37487,38178,63352,63626,67741,84266
3899647111,2636,34155,71773
2982449161,1501,2681,4614,6393,7323,7739,10488,10502,16952,55275,60138,64089,64841,65651,66172,71895,76503,77171,80587,93897,95358,95450
2614088684,1500,3193,4723,5099,10487,14555,16050,64840,77170,86799,95357,95449
3168720529,79914
372536836,24260,62238
2279082178,940,1106,2993,6325,21253,32942,53050,67032,69903,75432,83705
288120346,10035,43815,47348,62123
2594487208,24448,52221,60479,61334
3543501316,802,896,3594,4323,7654,8548,9800,12454,13044,15501,16005,18053,22292,23602,25086,25733,26490,36411,36656,38638,40528,41047,44587,46438,46632,49854,58330,59048,59447,64786,67744,67943,67991,69165,70617,73535,75136,92018
477045429,1512,8304,8383,13483,15631,16894,17095,18889,19489,20282,24475,41010,41703,51231,51311,70407,75092,77096,79801,79984,80428,83338,83760,84854,85007,85109,85145,87506,89149,91038,92403,93376,94979
2839629767,26367,84505
2858904258,48,1150,27251,33364
3087777629,5292,13063,18963,29938,34305,39362,63957,93400
1955225783,49600
1746326592,47522,58966
2855706538,4883,11410,16396,22963,24539,70876,72462,87342,87725
72682748,95337
799702338,263,2780,7192,9184,9354,9698,9966,10529,11121,11505,12055,12643,13513,15499,15778,15901,17078,17380,18629,19665,20557,20599,22290,23804,24145,24575,25139,25292,26210,27387,28840,29274,30028,31619,31739,31852,36185,36395,37145,38197,38537,38674,40507,40635,40856,40912,41469,41768,42052,42473,43024,43097,44702,45033,45173,45952,46932,49474,51252,53580,56793,58999,59445,60561,60734,62130,62418,63659,64801,66884,67079,67149,67707,67737,67941,68001,68445,68639,69163,71584,72530,77604,82208,82751,86152,89082,90745,94147,94254,94657,95491,96172
3973941677,50348,53347,70730,72509
3628768103,1494,1866,2301,9087,10078,12032,16054,17668,31934,34714,44219,51121,61188,61926,65233,68143,79382,79445,80597,82199,84639,89707,90249,92051,92110,92293,93882,95898
3766187444,57710,63102,69576,73909
517153098,1491
422463966,58792
1046872726,5073,8307,9969,26771,28155,30015,42534,43100,44524,52949,58150,67822,69563,82790
294721170,78876
2746657101,290,6774,13032,17986,26903,28838,59838,67334,81861
4175516451,81020
3353369678,11308,82254
1454476143,37824,84512
1684236371,33466,52162,56729
2915579477,1224,5996,10466,13133,16510,21167,25900,34956,41324,50296,64638,66784,68010
170916606,1485
1231029229,3926,13295,58734,89204
2667096928,6734,65745
1461942407,93727
1994258590,447,1905,14857,15826,30826,33581,50559,53173,87694
3188256207,64082
563167715,13288,15853,44904,83319
458671834,5153
2087206080,29154,70836,70911
1079865058,2608,3146,83356,85185
1683372211,76776
3877598085,36634,48025,48039,72037,75805,76060,94225
3292863502,72307
2812547093,532
144022356,7777,17789,54435,60278,84790,91450,91541
3933760766,279,407,2712,5558,6829,11358,11622,11818,14928,17957,18724,19675,20181,20790,20826,27986,28896,30056,31262,35413,39665,39988,42446,51999,56382,59640,60594,60700,63999,64948,65415,73530,75765,78484,78658,78812,92862,93674
3613587760,64876
1543060656,22024,31265,64912
2748606821,52682,54256,77967,83527
1072758516,10276
3529580677,5367,51243,70753,88840
3862692978,16760,29338,30364,40697,43704,51717,61663,64573,77739,84582,84931,93428
1559435378,155,46645,68622,75292,88855,96768,96885
266158255,6371,28536,33711,43076,44795,50792,61525
4225434934,8558,29370,58711,61411
2782706865,1974,42269,52527
3970323960,6073,87920
4053076210,28231,37869,40373,68411,78291
3866575329,14696
257414370,2356,23167,60564
4030375408,1425,85937
1019551774,9483,54486,81787,83506
83890075,2101,79168
3880146532,217,31861,46560,55184
3855657682,9850
188457527,480,3973,4285,6222,7305,12420,13625,16705,16954,17180,21028,23529,26239,26742,29025,36146,37250,38431,38774,39300,40583,43110,43312,46090,48841,63448,63787,65359,67859,70955,86656,89900,92864
2640890579,2748,67121
1272694745,1420
2582246287,954,71327
2449523458,73574
2450114949,1418,24377,30559,33717,46217,52467,56636,69978,94295,95991
1545632593,883,4088,28200,33645,35354,58357,86391,92672
3620893508,10747,11035,53915,69942,71898,78197
4047954124,4993,38557,49552,74063
1904611482,1399,78618
2400823830,3372,7241,10065,14735,15642,16719,20269,20395,21519,21988,29715,30047,36790,37036,44725,46677,60348,65217,65900,68176,70676,84207,89817,93711,96223
555431302,47013,64906,89457,94249
524390883,3309,10761,12060,24795,29136,30633,31636,32094,33017,45889,47369,50905,53395,54106,54611,55445,70461,75848,76013,77029,80290,83145,83370,83574,84431,85195,87232,87898,89555,89711,89783,96308,96747
1392738226,28555,36501,52654
2686714001,1445,2999,9325,11944,12553,13587,13839,15515,17489,18533,19527,20746,26849,28805,42915,43785,46110,46412,50337,51128,52038,54623,60267,64918,68495,69566,91620
4045683857,3785,13796,15793,72822,82430
1519674627,28920
2317533928,87664
4010844076,14493
1903530461,1133,30125,37971,49702
3985881517,38022
1292617258,4243,7811,39476,40257,45378,79887
243701981,42668
870991045,25108,28136,36340,52463,56421,63543,74598,92552
2887009801,1395,10452,29334,54770,61707,77892,80665,82471,84213,84363,86283
1447801971,14234,92039
410979775,157,871,8246,65934,77868,87521,96653,96887
3377410008,1393,2364,5316,8426,8912,10313,12115,13801,14124,17972,19770,26496,28846,29332,30325,30770,31611,38812,39050,42187,45160,52227,60227,61705,65278,67519,70724,82163,84957,86281,88159,88788,90873
2962857069,672,2736,3257,4537,4564,5488,5598,5774,6493,7261,7576,13821,14900,20071,20209,20320,20925,20985,21136,21318,22304,24435,26620,31226,34602,34822,35922,45732,45909,48811,56063,56614,65206,72804,79497,80581,81396,83516,84282,86409,88138,88843,93701,94791
1475229708,46026
1341552742,1778,36229,56131,90460
987843437,17060,51543,69234
3619276686,1390,6381,12451,14361,25295,25922,31742,33187,33290,43027,48060,59360,69651,93152
2234817648,2282,22011,25469,58829,69251,77424,80749
741131027,41593
97511668,6887,8329,15073,16223,18660,18746,34012,37910,46882,48312,53338,62964,70473,76026,88307
833087463,75753
194174315,45485
2780481571,2220,19307,23821,31840
483669102,51664,82823
2888722942,16166
2546227490,863,2588,53159
1498156872,10129,30156,32408,51333,57459,62085,65564
3677061697,4067,13240,13308,15341,36422,39204,65737,84391,86291,94287
615373312,22789,67889
4128342419,2066,2567,24482,35060,43379,50196,77289,82272
1076274173,1743,11367,46622,48705,74036,74195
233482335,5185,8567,53712
1181789012,94299
3798673781,34453,94381
4168102184,77008
3422283467,3396,52299,90474
865904986,37123,68152
3617426857,23075,33922,38597,43617,52223,61336,63765,69334,70245,71519,73090
2253746762,46559
629075287,1317,3095,6135,7094,7631,9130,9301,9573,10338,13142,16428,17106,17912,18664,22076,22238,23041,24959,27688,28021,29974,30330,31153,31403,33543,33853,36040,37165,38560,38756,41871,42330,42407,43240,43462,45438,45956,46153,46259,46866,48126,48398,50404,50679,51752,52882,53399,53884,54017,55959,56736,57438,58502,58668,62027,62728,68862,69233,70742,71197,71266,74269,74814,75852,77142,77459,77707,78453,79165,79621,80409,81169,82138,82436,82709,84707,86063,86780,86825,90323,90437,90726,91747,92268,92750,92826,93868,94625,94955,95263
333926479,91090
337989765,1376,3684,9761,13853,18030,22233,30625,37052,39554,41548,48998,50741,54243,54249,61863,67677,76117,76254,78578,83602
3218175514,55731,61850
3840089725,12422,43314,55795,60443
3181718911,3519,16646,80348,93475
3178264417,23536,27723,36513,51523,66328,69247,73884
1958896946,190
3649506809,7776,56964
3419043764,46643
3709954468,1375,1654,8470,17660,27083,33079,34888,37051,44557,61862,65539,68652,89007
2623580861,2645,40980,62883
3926924876,25619,25847,27279,33305,47336,58021,96175
1143569877,31605,36013,40189,40639,46020,50248,56865,77593
3631650682,45634
3704738396,37827,39759,45966,47635,90240,96940
2457573247,24782,85054
758503220,13632
3316995694,10,12065,13368,18132,43124,63851,67658,94729
3460830919,49893,70554
342027461,1361,3810,5349,15008,25874,43886
1688223044,35927,72586
3520161134,8633,76451,86339
1682336370,1356,18948,41688,60299,65978
268303965,93539
4168981374,62308
53592732,5022,33167,35855,37034,42257,65215
2559451344,46827,48803,50167,53448,54128,65911,84268,84387
2806231676,675,17054,78488,83138,85402,89421
546373568,1344,6657,13882,15559,49951,53515,53557,77536,77735,89157,90092
1415748245,3759
2501091201,1341,11804,35857,42259,60616,65180,81867,96212
2680704495,6333,15754,33978,80536
1271147355,57225,72148,85627,95251
3036542254,32493
1574037943,31777,60204
1993126978,17936,19882,26653,37171,57269,59734
3631288297,1383,4336,8570,12498,84830,86297
3864479310,83538
3504544178,1336,40016,47765,52475,64362,78835,87008,89667
2149706276,94849
1871396902,1400,52282,78619
710905160,1335,6318,32359,39920,40015,52474,53709,81726,83097,89666
1265170911,48500,52009,63004,84811
2557861633,2729,9843
2762275312,25231,25851,47080,47340,51383,60457,62036,81372
570201235,55827,63778,91501
107603839,1138,28854,41250,44599,51588,53062,54604,63000,78491,79073,83804,88180
644165177,5879,8223,61725,85360
786435736,1020,49560,83362,95879
2880879650,1886,4524,6443,7919,10783,23128,24115,29121,34220,36624,37457,37462,41916,44139,45728,52982,54310,54824,59096,59152,59489,69726,70948,73868,88772,90629,93887
3871684603,1328,26419,32517,34752,42531,55436,59179,60962,71156,79683,95545
669468490,31462
3018745369,3090,5795,65399,82740,85940
2645205944,1509,5870
2986688484,20431,55215
3103926540,30977,74065
837585980,24298,34985,64698,65495
1462447428,12179,35860,48277,57457,57511,58891,61044,61191,64704,72109,74758,80744,83871,90555,93626
85119954,2023,13383,86216,93364
422089088,8716,31005,68672
4049780542,1325,41521,79197,80187,86567
2722839983,41577,67648
3705435119,5987
3789845585,804,898,1993,6592,18171,40192,40788,41834,46440,50566,52346,53429,61893,62850,67873,68229,72603,92508
1372984730,42372
2188650819,37969
1300128469,950,3713,5262,8344,23291,27154,33598,34048,34507,35822,38799,46754,49257,49618,50440,52435,58123,70229,71193,75438,84029,84047,84632,90386,94649
2542271326,782,4237,8145,15127,26875,26930,30121,31814,35245,35791,48887,51855,53642,60365,62486,63395,63425,71862,81240,82266,83813,95512,96426
2575446256,1318,3898,8088,13474,15439,16779,18591,19011,21580,21760,22500,23968,24960,29448,32470,33864,36041,37481,44493,45075,46154,47467,54018,56862,61210,61514,62729,62760,63415,64621,64817,68359,69373,70743,72693,73146,76914,77460,78422,78791,80314,85064,86064,86781,87249,87552,87837,90438,91423,92827
4076624791,884,24497,25328,60882,84397,92006
3106300409,8869,16953,21141,36544,62716,63447,67546,70115,73085,93898
2895102691,34147,80601
3519177130,1767,4272,8025,12251,20669,40684,47454,51937,69358,93413
3345217789,44941
734119345,8801,10570,12040,15741,21687,29478,35199,48328,51329,54372,54996,62539,67665,70037,70363,70546,73422,75682,85542,88033
401291747,15015,62910,68452
379972354,15626,40558,49726,62594,69962,73721
3379184740,20748
1022291571,1307
3061048857,45199,61340,74240
2980734666,4971,12316,39649,41619,57589,60746,66320,66822,67977,74656,79783,82494,94838
1915867937,1353,12133,12493,20626,23113,25284,28193,36835,39149,40561,41685,49882,53228,60398,60549,63735,66613,67378,70525
2788580509,1084,11451,23028,23812,24582,31747,32975,34337,37445,47961,49312,73907,74148,79919,81252,92619
801097338,24695,36083,40605,44470,65686
1118641349,15890,26218,32060,58242,58893,59163,68110
1741600553,2479,21500,27417,70761
997315876,12205,36717
3039987075,1301,29817,37367
3128319821,11361,94058
663978547,854,3433,6747,13904,14321,17551,18877,45875,84673
620853355,1298,6650,38570,44065,51350
686005819,1293,3805,3928,4078,8392,9317,12446,12527,13297,15088,15939,16728,19697,20009,21652,41001,56669,58736,64217,65719,66959,81653,87490,89206,91125,96470,96578
4048031614,26979
2848576801,849,1275,2642,3250,4081,4410,5158,7864,9408,10108,10638,11744,11796,11825,12112,13114,13283,13702,16906,19031,19977,20679,22252,25378,27889,31177,33417,34543,34797,38194,39047,40466,40630,41570,41784,44316,48012,48090,49826,51249,51633,54855,58788,61497,61943,62826,64962,67000,71345,71660,72470,73843,83891,88342,91903,94139,96960
1864913608,55940,96656
1277974517,1169,23300
978691707,1292,15087,19696,29391,37835,41000,56668,66958,81652,96469
356325071,2582,3815,5344,18867,30053,41141,42293,63800,70813
2811088802,36062,71832
1462715776,55306
2462181264,28447,45088,47772
3616110751,2919,8649,8798,21474,24420,35196,57221,64510,64683,87716,88819
2710646134,473
3886100455,77050,86581
931140004,76391
1431284220,9993
3077413684,20,6694,10678,42494,59742,67063,80477,83599,85893
333255482,22000
2696064005,21872,22630,22900,24050,24400,34973,35763,45441,47581,56264,65622,70194,71186,74964
796014894,2166,10860,56685,63662,75513,91494,92466
3953418609,1284
2394435842,16501
3940613543,60818,69635,75077
1073990987,5618,40215
3411395512,1514,41705
3813074557,440,2837,5452,5757,6698,9960,12203,14873,15715,17770,36715,37040,39806,45179,46332,62598,64483,66091,69280,82077,85826,87118,89462,96393
3965211000,47482
3792624213,28477
671429074,25873
3606874332,900,3168,4417,9226,11024,11966,12821,12900,13234,17597,18115,18259,20168,20378,32140,36077,39235,48690,54695,61481,64287,65343,66639,68311,76664,81678,85039,85283,86243,88891
4279665045,11981,15250,70259
128738193,971,5739,23065,23360,23549,27176,29702,33759,33984,34045,35723,45412,50181,51896,67442,87044
2414736192,2842,2949,19847,29413,32575,53636,55408,55528,56363,77021,81130,83475,92214,96483
2183120195,1149,1795,4830,8607,10160,11338,11710,13582,14601,17604,20149,27250,30901,32174,33503,35542,35687,35781,38181,40156,41004,43476,45790,48950,49995,51536,52558,56190,60870,63066,73798,80904,85027,86937,88368,89967
1153119334,1279,29246
2975781853,25349,49199,71743
3311913453,31091,85231,85452
680737264,15635,38837
2954088578,4682,11415,85085
3359751489,23627
917001245,60713
1193124674,58041,58466,59635,75794
2747743041,7407,34820,94496
2680547557,1269,17323,20819,33169,42612,48915,81810
3675823474,24107
4114547776,2704,19361,19694,40998,71597,72718,76074,83119,96467
74129196,18183,82067
1154076815,17464,21276
4286417180,17061,51544,53525,64393,69235,82411,82483
296050916,48347,59667,71435,72564
4168131021,4352,29181,51059,56802,81524,96190
2204775299,4296,26747,37731,75814,76335
3268096986,54629
1747167889,19318,52582
1139902198,6086,8283,17255,26018,27846,31448,32155,39879,41721,43198,48113,50127,52996,53011,55545,56467,64322,65065,68841,72094,77773,77818,83300,83820,83951,89496,91101,92272,94682,95157,95378
1234786550,44576,61156
4084075848,787,11231,16068,49019,62605,82679
1360506380,26303,88251
2697844363,2920,8799,21475,35197,64511,64684
1404189957,86271
2395708892,171
1891033056,26727,34185
3128053328,75031
3738060568,529,65689,78315,96326
3735076965,32621,53253
786932943,6733,21006,32312,38633,51883,61636,79050
44626817,1256,4609,7321,7737,8884,9131,9706,10500,11378,15582,16947,17154,17925,27528,27860,28295,29213,29738,31929,32549,32588,33889,37005,37772,38757,41449,43147,43926,47290,47538,47755,50988,53312,53400,57300,59021,61380,64087,64093,64302,66170,67215,71063,71569,71893,75070,76084,76588,79115,80879,81170,90273,96343
273005550,12610,28301,28596,31026,32596,34579,35500,36052,53973,57738
3903464634,5046,5472,5931,9661,10568,14055,18701,46236,48326,49364,51327,54994,56237,58381,68761,73947,75680,75944,77104,90849,91186
2494535313,1360,3809,5660,9514,11736
2052580942,3065,4529,7399,11554,27023,41531,42014,58497,63909,65872,78214
1656515747,2014,3217,9162,11014,11518,11819,12508,14965,15399,16565,19380,32994,34835,36595,40401,40611,41024,41151,42906,42982,43156,44695,45936,56566,59393,60701,62340,64596,65541,65904,66609,66681,66927,70611,75719,81981,85371,88244,89009,89961
1622723447,79298,91505
2743753194,41015,48057,49424
812329343,35851,70108
1618906505,2280,29651,93420
847816282,7027
2101777202,6083,45685,49834,65195
1577110871,3080,30030,53652,53988,54458,82711,84607,87915,95265,95398
1944722196,5453,5758,10991,12204,36716,40029,55593,60946,85677,85827,87119,88716
906348404,701,17159,21015,22486,26184,31899,39332,40455,46537,52070
3968885889,45639,53193
2602233075,8993
3421627614,37229,39940
1864688946,42562,65468
1718796405,38862
2203098949,12491,67168
2453117609,29814,42827,61830,78746,86949,88683
898277346,11438
3985717146,73705
38800571,23556,62151
2127644425,1610,48525
4001224814,31779,54737,59960,61139,63827,75074
3563554458,5300,8585
924610256,86381
3118733262,4678
3514437870,56308
425183245,54940
2943803357,54757
2944729169,48114,64323,95158
1139421486,2682,7266,13019,46912,50137,56183,59547,65126,80588,92947,95359,96929
989468066,61055,85342,89716
2705589193,357
2287769254,1141,1705,6232,7084,8676,10765,17114,26831,43940,56843,57701,57785,64153,75777,77247,79556,83578,84197,86946,87347,87525,88017,88575,89137,90282,92891,96066
2143916352,46815,68434,75272,77486
15397413,977,10949,14047,43398,45714,60759,65477,72006,74031
1998006644,14902,76631,93739
2406923883,26230,61269
4015296891,3448,4532,6062,14144,14974,15388,17892,23142,28923,32179,38474,39490,39945,40937,41113,41656,42002,43713,45506,48670,49061,53317,53623,59775,66255,69385,77158,79923,85031,85484,87943
3955507385,33260
3981393327,9569,78190
1666898930,2876,4846,27422,33896,89737
1464646768,10762,12061,21644,32095,36794,44729,54107,70462,76014,80291,80753,83146,83575,93715,96748
3567166147,63281
2019825691,1212,2270,2584,6737,6827,7204,7309,8270,8291,8498,8981,9473,11369,11816,12272,18048,18678,19673,24677,26009,26552,27958,34740,35798,36945,38058,38150,39663,40262,45738,45753,48855,57198,65301,69860,69965,70050,71178,88748,92494,95319,96123,96464,96933
2345976411,76574
3554906864,15871,15976,77012,81927
196148051,2677,3828,7125,9797,11490,15016,21289,21362,22374,22516,25083,27990,30686,33573,36264,37347,39357,43301,45912,47822,55150,60910,62583,62911,64390,67880,68453,79589,82046,82378,84804,85983,86037,92353,92705,93932
3332357169,1209,5575,27955
3155080338,2045,4872,25804,46509,49629,78062,95477
960299915,10034,12806,29481,58556,58905,67412,69443
1086690879,1207,7418,29422,35216
1283437820,24746,42678,51846,59214
348960455,9718,19689,36916,39322,40167,45569,47022,51551,53572,64455,65985,66744,75120,77153,81080,83330,95365
3056790689,49402,58251,70125,80370,96070
1025636312,13081,18740,53123,85002,85221,88405,91975
1979907297,1230,25119,36484,53274,54353,58036,63333,65562,67690,75600,91856,92511
519701516,32643
4099403399,24444
395734331,3549,4007,7837,11189,12839,17591,17901,19458,48569,95650
1060453204,18044,58728,72478,83777,94238
3950701241,72979
1380672846,2678,3829,5651,7126,9798,11491,15017,19579,21290,21363,22375,22517,25084,27991,30583,30687,33574,36265,36409,39358,43302,47823,55151,56935,62584,62912,63030,64391,67881,68454,68784,72964,74709,76605,79228,79590,82047,82379,84805,86038,86485,87131,92354,92706,93933
63487011,63386
634661581,162
1933158316,1206,7417
3678725793,3119,14586,26068,45856
74034182,1199,20657,21178,41664,61319,64064,72737
2792241734,40066
2321286313,28429
2987585833,4188,7973,13022,16314,31576,57864,62532,70372,72647,89017
1649650624,85294
2405961877,2970,5842,8380,8479,21369,33443,46301,48026,50408,52964,54654,55052,55415,55734,55921,59342,67530,72038,74004,76864,78166,83398,88263,88980,89526,90006,93937,94226
1608951582,2552,11831,19829,52302,56386,64991,70068,82702,85161,86472,87383,91612,94176,94440
2137148788,56756,59597
16010628,1192
2865742944,1190,8137,15507,22619,36943,51195,81155
1436371110,747,10044,12804,27824,40920,49265,69055,71931
3219120769,10844
357549205,102,29101,39138,59138
4170700127,10331,17944,27486,35358,38494,39558,42665,45111,58361
2592278913,70840
1650908128,10999,14096,36743,48473
2885899923,29550,29654,49768,67290
52366102,23778,41083,71677
2012859898,42,21630
1989968316,12153,40028,66760,75689,83249
79676250,6320,6755,76483
3319068212,1187,4909,13840,19651,30008,34037,36940,37568,46413,48154,55585,68063,81875,95424
2289607266,483,1310,2393,3605,3653,6416,9137,9254,10375,11914,12401,13006,13098,15606,16676,17126,19516,19880,23502,24765,25208,25761,29788,34832,37022,37169,37698,42583,42704,44816,45184,47708,47913,48884,49328,50070,54297,59889,61444,61676,65516,66924,67454,67492,67511,67854,68386,68587,69761,71024,71588,73785,74341,84186,90911
1350505948,46616,55710,70671,83716,89124
4121255528,30496,54474,85834
511297683,992,30948,61065
532283363,11020
2702909763,27019
1148776415,1186,1666,10505,17581,18392,19164,19650,30888,35892,40292,66652,68062,72682,77577,81874,87320,90547,96129
3831061372,41206,90634
1824029541,6532,79487,81602,93014
681500665,1727,67967
666875641,6288
2227485910,20291,22013,42117,55224
2897589918,456,22218,77002
600721639,841,52970,55686,63481,80443,81825,83313,83867,86458,87412,91427,92115,95883,96661
4135758377,53749
3454566481,8424,9173,12018,20030,37398,40239,43743,45496,45575,77086,80472
514748629,29407,89335,92674
3462312345,54576,55211,74551,93859
3556950905,1622
3654793360,23570
2500658225,2754,6832,10372,11424,12390,12433,13056,34604,45109,45734,59754,62801,69758,84284,92820
4131908087,2355,47129,70735
3206922954,5101,22200,45588,51404
1534634947,51904,68545
1135481390,5608,16066,25061,57787,68477,81571,86948
558099980,125,4204,7745,8154,8289,9714,10006,11397,13217,19671,26550,28708,36469,38056,45736,68675,87951,92859
2107346238,1177,4150,4931,8040,16434,18681,20244,30367,31385,39904,43973,44210,45429,72453,75452,76149,80848,81136,82099,83355,85184,88167,89538,94329
4152749162,27942,32532,62519,79266,84193,86953
3506016456,69317,71830
881107983,1865,3792,12031,12654,34713,51120,51198,52364,61187,75921,79189,79444,80596,81972,82531,82674,83091,84638,88313,90248,90713,92109,92292,93562,94499,95897
679880758,28138
2738363727,69546
1855859155,792,1896,1996,10737,12258,17821,20298,20340,39268,45213,76760,82621,82905,90664
4275777421,1173,17737,29767,30575,36912,38623,39430,40410,49621,57239,61596,69889
3249384393,39934
2649329632,7803,18246,24778,28699,35162,35344,52927,57447
3213189580,6973,15833,93984
1253451312,20096,20742,29731,32304,63945,75182,81424,93780,96291
1492399642,1634,18915,22749,31696,32626,34653,54073,54396,57334,65693,75480,75510,76641,77567,89721,89793,90966
2450152156,15662
1805117891,90087
3322678061,666,35962,38235,62936,63521,96970
1694717343,107,366,10396,10706,11400,20027,25496,40848,42296,61786,69870,71837,71838,74069,83757,87239
1022989303,28090,63588
1048721009,72
3948060652,73355
1048211732,1463
1409317387,1167,6327,7453,21255,22160,32944,53361,65041,76672,79302,84493,86218,94995
2546544081,33327,51066
2564782488,30976
1410030409,1397,1427,4438,56925,64439,88104
3699444380,1166,9243,45535,53360,79301,81203,83111,92188
2089945548,1162,16395,18170,24987,40929,62849,63176,70239
229783504,12811,33251,51980
2879163574,23108,36489,47427,62593
3728811139,2183,33373,71379,92450,95968
3042043411,1547,8074,10325,15180,32435,32439,34226,35351,53790,66955,75565,76185,80195,83000
1287505111,64049
2696025201,41804
1263768320,12830,24419,44016,64682,79907,88818,90609
659085323,19583,55864,70386
504366530,40204
3260868892,416,3325,24561,30090,31884,40669,61060,61142,66154,78999,80124,83883,87300,94377,96380
3145395115,76489
2984200959,22227,54834,73389,74407
22651761,64241
201770666,4354,4484,7196,13146,41431,56804,58957,59509,71876,86479
316759229,8347,15138,20348,29804,35236,36884,37497,37713,42204,45776,45847,52135,53602,55448,56176,57771,64008,66406,72346,76216,79833,85786,86177,89214,90044,93831,94603,95164,96611
1822870920,24558
3220236227,433,4247,11292,17755,21786,25923,31743,33291,48061,49246,59361,85896
3436036123,34499,57716
2381781651,20684,24042,26970,30521
2268790928,1003,7024,19134,21900,48640,53507,55982,63277,65191,66435,70334,73445,77436,90924
1314961817,8997
3323613819,19647,59800,65855,73592,84127,88130,88486,89238
967851714,2239,37735
2655320659,36551,63693,79180,85519,86735
2590747187,22105
1201348396,5248,18542
2258548549,16292
1093809689,1698,9770,19021,50279,53048,84739,85925,93006
64613877,1148,1794,2373,2463,2773,3354,3392,3641,4423,7465,8606,8773,9481,11337,11589,11709,17184,17603,18291,19626,20460,25987,32173,32893,33502,35541,35988,43428,43475,46094,49994,60869,63927,65510,74531,76167,80323,80331,84421,85026,87802,92868,93659
1154921975,1147,2033,2462,4422,8644,9941,10090,10140,11210,11330,11588,11697,11722,12137,13119,14883,15006,15159,15782,17183,18290,19778,20189,22152,22955,25986,26095,30966,31921,32892,33121,33501,35003,35812,36890,36988,38943,41349,41494,43113,43474,43884,45859,46093,46271,47184,48214,48824,50930,51132,52145,59328,60553,63746,63784,64710,65362,65509,66636,68257,70265,72873,73692,74054,74587,74926,76166,76306,78851,79457,80330,83342,85025,87801,90308,92867,94704,95652
1889306892,31453,41249,79500
2431642570,1346,13884,17694,43635,50704,51460,77538,85807,87752,87791,89159,95829
1307346764,1359,1960,2619,4083,4140,4218,4828,6010,6239,7314,7862,9989,11735,14258,16908,17286,17987,20147,20375,30671,38343,40288,40464,40780,41782,42255,42417,44147,44624,46357,48838,49072,49824,50710,51010,51247,54342,54968,55898,56188,58790,59930,61941,62051,62362,63970,66312,67912,68575,68921,69671,70053,72336,78653,79541,82901,89770,91672
2763036306,26375
1457235771,23471,53906,56618
2020052232,49269,83380
1214364339,6957,62474
1878120109,1735,4172,6587,8787,20810
4052610251,9276,27802,60029,93285,94171
1385707848,22696,60765,95216
1240636037,1456,6346,22008,22037,24272,24850,25542,25925,33293,35669,40963,44574,47250,48063,50417,52422,53091,59288,62655,64377,68680,72378,73180,77421,84767,90736
2208684722,31147,42946,68840,83299,91100
3685790006,1660,1709,3297,9977,24281,27470,44103,44404,81929
4179792183,76436
2103555905,56070,63405,88458
3821914411,4598,9604,11340,19787,22889,27740,29820,30780,32786,32948,33505,37750,38457,45772,47888,48952,49997,50948,52544,59201,59279,64424,67386,73998,76212,78973,93949,93994,95459
31426362,1067,27271,51577,51921,52664,63019,64252
1500748161,1126,49991,94669
2096897272,82042
1162161473,57854
3150754215,51186
2027538523,1777,2689,12617,26247,31623,36228,42691,44866,51693,53493,56130,60264,70321,71254,73013,74297,77947,88686,90459,93764
4006039016,4568,9084,37799,75248,89285,93264,96271
1713713745,86359,94803
2842072837,23425,33094,81994
1873535022,1125,49990,96772
274284220,33562,40024,42931,42977,69181,72984,88154
2206309520,33258
60738292,51269,95997,96790
3773347280,114,42592,67319,75495,96844
1598660099,15268,25511
1208443019,2002,4624,90113,90202
2127715766,54391
604755026,15673,41614,43252,44121,44872,61826,62365,63222
1543906580,80852
2996325589,329,9938,12362,13452,20977,23842,25067,26640,34595,34608,35875,36430,36493,40392,43620,47431,47733,47788,49672,55669,59142,62430,63768,65599,69696,69840,72740,73827,74021,74164,78322,78726,83464,94638
3767702246,28875
2488623098,8281,30263,30478,32432,43763,45354,54531,78306,94368
2422166267,39416
433856412,27209
3372458190,52893
3024301444,769,28669,74849,78049
3285507083,1063,2343,3215,3542,4479,13622,14469,14963,19963,21201,23769,24223,24649,28998,39886,40716,45871,46693,49034,49335,52320,56741,58193,59585,61020,66815,71790,72413,75403,75999,77056
2077559146,94970
3974933689,63523
1812802631,8614,76768
2743707100,35739
364513976,3755,5666,7833,8875,9871,10022,10351,16154,16898,24189,36044,42792,43828,59793,81344,83108,84079,88741,91219,93208
581403304,26138,52645,53279,67298,81115,94819
2706994555,2229,73237,89262,93456
3721041582,9555,18942,25856,25911,29296,47380,64185
265272224,888,1146,4421,6376,11696,15005,15457,16123,25200,26398,26542,28645,32183,33709,39760,43883,45967,47636,48299,48444,56424,58857,59327,59366,65391,65508,66692,67449,68092,72261,72872,74925,90241,96941
3057178745,1585,27697,29186,44777,51709,62275
3177075779,2561,15543,26652,68108
3605279467,1221,2415,5069,6585,15616,25773,39571
3514353621,37740
3474201256,55997,64999,75219,75525,77301,79271
2151087323,1297,71448
2214344667,274,16227,32248,50216,56759,80915,93371
3387949363,2832,7385,14059,62557,65129,66292,91912,95580
1783040870,17683,29321,31787,34594,38079,60708,62429,68267,73814,78321,95981
3988505073,32451
2215382311,369,62906,89167,94472
1622865931,11096,21762
4004954490,10307,10967,17980,32855,36362,47205,49812,70311,70901,72360,74506,79218,81355,86649,86989,91278,96644,96870
1922318558,3388,7361,7558,10586,16819,64757,74874,82641,89414
959253330,1097,2495,3432,14320,17550,17805,21073,62281,84963,93202
2957089046,77532
361369368,27322,72656
687187326,84235
610113477,19441
2114145831,1093,2542,7114,9238,20922,52154,65203,80578,84968,93002
1509603862,18992,23620,38725,51767,52836,61201
842198984,11830,19828,28988,64990,71334,83566,86471,94175
1662104707,270,1701,26351,28491,28815,29251,29256,30261,32442,33324,33616,35304,50662,56525,58115,62069,74265,74329,76595,84014,84691,96808
2651182746,54565,83818
2510870794,23481
1880567061,69783
1256878377,22685,37184,38330,40294,50049,71135
2624913093,837,52800,78616
3620553353,3864,6995,7345,22410,25005,28618,37846,38948,39420,45759,52029,61590,62701,63907,67092,68288,68538,70358,72058,77325,81908,93529
96298237,1082,14728,18822,22062,22116,23590,24502,28121,29140,30801,33569,34190,35521,37711,41326,44336,49578,54595,62387,67485,67535,67845,68012,69749,70064,70355,74713,75940,79594,96511,96609
3877221460,56838
2828070728,9462,42797
4070621650,1163,24988,67813,75138,93812
1869738458,1079,1262,7255,10381,13067,19278,19969,22518,23165,29564,29945,30598,32225,36266,38760,44544,48449,48536,62585,62913,65954,67118,68329,69206,69570,71572,74710,75734,79591,80788,90276,90381,92146,92707,94093,96111
3317143495,9680,80004
3991303548,2219,14203,19306,31839,38820,38979,44044,45723,58205,58477,59453,66978,68687,70222,72086,87024
1104107319,52
3518475384,1933,15356,39844,68988,82181
324682826,1806,3219,4029,6484,7202,7274,10365,19428,20256,21485,21515,31302,62342,64369,65906,65962,71176,95361,96931
4028665404,1074,8071,23303,25407,29541,29559,32285,42239,42698,45012,48111,49024,69874,77217,82968,82997,84181,85665
1259135040,2184,15894,33374,39775,71380,77069,86514,91581,95969
1180981077,6852
3331437025,12577,42482,46345,66345,77355,81112,82686,93157,95039
1452994805,13866,84175,87004,92414
1893235761,1691,6646,8681,12356,13229,17170,18635,35807,43895,64996,66186,78535,87242
3452689503,5470,12879,28041,35393,79305
1198809346,538,12590,18986,21335,30555,80934,87163,94552
1485199351,26370
687222618,69401
2684224819,27205,35867
3248740837,51585
2979689583,4689,5369,7359,8906,9382,12826,14007,16817,23545,23578,23593,23713,23991,24382,24612,25604,26084,26600,26948,28719,31379,32562,32767,33272,35019,35134,35173,35751,36553,36576,36807,38592,38878,39186,39709,41201,44055,48173,49414,49547,52439,53479,56157,56455,56952,59945,61561,61689,61994,63231,63377,63485,63884,65887,66071,67036,67083,67841,68502,69913,72799,73642,74087,74095,74365,74473,74872,74953,75123,75177,78781,78856,80059,82053,82588,82639,84335,85275,85514,86453,88526,89876,93237,93319,93525,95687,95729,96564,96783
2686962508,11712,16895,20151,20283,24476,29034,35544,45590,51406,52560,56192,70408,79802,83761,85110,88049,92404
623317318,362,13552,35409,39768,66519
2732477850,28665,34698,37011,52187,60728,63636,67568,71475
3567789850,751,13107,14436,17213,18516,39407,50510,53240,58551,76487,79516,82814
2165930463,2325,8429,14339,34918,36749,43924,46759,47003,54091,55243,58716,65325,74516,75645,77768,82192,83304,84098,87835,88391,95395,95868
318950891,25671,90148
4292160222,18207,26823
3920400050,5438,12213,12569,43831,79797,96623
4025598520,646,1130,2312,2624,5893,6357,6859,7498,7968,8533,13431,13694,16332,18018,21636,24900,28153,30040,34320,42227,43998,55420,57898,59652,62683,64707,79953,86545,88174,88711,90770,94912
2744360084,637,1181,4358,6833,10138,10373,11425,12326,12391,12434,13057,15552,16674,18288,22865,26637,29057,31554,32890,33088,33119,33915,34605,44966,53133,56247,59755,61344,61471,62802,64938,69759,70263,71990,73162,73783,74339,74585,75574,77333,81674,83387,84285,85023,90000
3502217079,40725
2340863076,15837
3531270532,37805
278034849,1052,2072,3482,5557,7388,14299,14927,29989,42159,42997,50450,51998,57122,60699,65132,66415,68116,70980,71101,71849,74766,78811,86752,90469
2847157925,150,29675,96880
973078623,76540
1189255725,1045,14084,58492
2889977345,26916,46741
2365266473,1942,5500,43996,59184,86134,94828
2674516678,24124,47951
1591014905,3888
3144754172,25278,44708,61316
283704049,394,1979,12293,12550,14078,16181,17641,18814,30941,38711,39857,50331,55965,67011,79805,81455,85113,86114,89448,89655,92326,95973
4260741524,80702
301249336,33069,53568
2803779848,7002,20712
4272394950,29593,43280,44780,50578,93584
2865685512,12352,14438,58553,82816
3034306155,1034,5239,16631,71938,76822
1372732570,36845
3351130595,15680,61274,69366
2204617289,1028,2354,3341,10465,16383,31324,32869,34287,36773,64637,71387,80960,87086,90678,92393
2723018493,2613,43643,71377
1435585373,85576,90181
979520095,63519
2387654430,1402,23926,36966,44483,54719,56604,68982,96038,96667
686786889,13179,18443,24303,44334,75236,79268,86235
742144760,3924,16842,77385,89202,95296
415862199,29357,63319
795051405,12680,16899,20159,30540,43829,50426,59794,96621
554700799,61029
789677028,8742,18040,49845
2257561057,7612,75678,76961,84973
1734917341,460,34818,69048,83642
506558519,6983,74034
2980149458,77200
2233147759,13636,20180,44324,73377
2926323777,5149,78875
3991594391,89439,91937
3057450083,3570,31824,38935,74889
191250087,264,5614,10155,20600,28841,29470,31620,31853,41058,44309,68640
1581369483,31663,38874,42434,74091,74361
1035335484,2465,4582,83130
470907009,19570,67341,94712
816010059,1013,1521,2090,8672,16275,23015,23180,25132,25322,27914,34565,35648,42731,43352,45998,47323,61371,61990,62400,63077,66873,75802,76057
612907882,1517,15450,32164,46550,49615,57925,67699,70136,71084,71139,71418,78053,87440
1150985571,81469
819107686,235,14269,42876,53913,74675,86361,93125
1670532148,34931,63137
1202201020,60513
3410674112,19956,46230,54398,58447
3129154853,6851,34425,56149,56758,59599,80914,86601,90524,93370
1493626373,12808,25970,29483,30070,33033,40408,52178,54550,57698,67206,90485,95348
3735351791,6531,7942,81601
552036428,11452,23813,24583,34338,35839,49313,81253
2725603190,52497
1000198226,920,3277,6309,7238,7702,9467,10121,11130,13414,13561,13731,13770,13860,14250,14342,15166,15214,15412,15696,15999,16194,16701,16975,16992,17337,17436,18954,19350,19640,19742,20801,30650,41968,50716,54777,55742,64416,67102,72715,81864,84204,86230,87019,88000,89935,91094,95287,95336
1122936572,10424
2974986952,47515,58222
3992531491,21445,75640
2883716034,999,1914,2523,3033,3879,8863,10964,11718,12866,21280,28240,37388,43718,45419,46444,47329,48028,50173,52938,57284,61072,61820,62113,64226,65614,65772,66431,71296,74609,80919,88087,88982,93939,95080
2664046907,53345
3614778680,14868
3467516579,69228
1439499676,31540
3470427912,601,30903,94157
3734240309,15819,22086
3810073009,4627,10688,62600,68238
1013080267,995,30951,34724,46710,51546,51599,52806,53646,69084
733080578,9156,16424,84075
349964311,993,30949,52804,61066,77482
2005508454,14109
1691478711,20795,68025
3418767675,14349,75244,85584,86270,96096
944218144,346,14506,22413,41242,63086,65546,73252
827020253,790,880,3849,4959,6096,12256,14471,24163,32641,35309,39989,43007,43343,46695,56401,56589,60595,61414,63456,80481,80671,86702,92365
2195308560,83879
865662509,33438,94301
2003807072,7543,28762,89693,95152
2214690598,10224,20915,54136
4051226411,3995,29343
4026560311,37826,47634
627772271,84648
404034371,983
1626072733,10226,24671,29828
2095729861,13155,29099
381606936,1598,2369,4057,6367,8147,11333,11896,12276,19225,20851,30464,31595,41505,49481,52587,59588,81003,85622,86434,87014,93904
4067318818,28428,62788
1947126497,13745
4211143888,13500,15579,21549,32959,39864,44804,49056,58100,60031,61946,63157,68080,70380,95088,96546
1810691902,697,2728,31754,48301,52314,65393,66540,70034
3890714200,975
2156797258,23756,23902
3429694113,7774,28003,42319
3287058019,1721,14314,15081,34388,66711,75614,92602
1971230630,1345,13883,43634,49952,50703,77537,79898,85806,87790,89158
2491200527,1611,48526
1502712302,5533,8698,32716,40228,42444,42962,62668
1569715437,1258,1261,1836,4611,7895,8886,9133,10380,10642,10857,11569,16640,16949,17927,18068,19220,19933,22148,23164,32224,32551,37007,38759,42426,43149,43458,43928,46213,47757,48448,48535,48880,50990,53402,53503,60678,63441,65035,67239,67621,67710,67807,68328,69569,70975,71065,71571,76590,80787,82481,90275,90533,90907,92145,96345
4070031675,4149,4930,10728,12067,13263,14676,16417,16433,20243,21454,30366,31384,32798,35697,45428,45706,54005,69813,72452,73264,74900,75451,76148,77850,78312,80575,80847,81135,82098,85183,88166,89537,91096,93174,94328
857765719,28955,36025
1103669315,1037
821999367,21610,21850,28573,30148,53388,53546,64150
514889785,2365,8913,26497,38813,42188,60228,88160,95624
1266100250,2730,9844,59627
3280883879,24537,46382,52344,72761
223411994,80764,82614
1395901458,22871,23465,51255,77320,85177,90166,94283
3976860527,1171,33248,36630,40387,43955,50723,58051,72366,74039,87053,92758
2191560670,964,12070,13266,17993,42371,43990
1109930280,4620
3350255057,24408,75663,95750
207285261,3099,7911,25409,31148,31345,33266,36346,42947,44913,52378,85667,85737,88447
1280056277,3979,14328,21089,25653,32630,46902,56976,68051,87143,96819
2068780324,35159
1498351331,566,19598,24454,26169,27310,28440,30292,44451,46750,51223,63323,70041
1721929266,5733
2379384191,29276,86728
2718750990,219,17679,19063,26297,26597,50801,68285,70739,89248
3587878746,22592,83468
589651494,30347,65317
1930381572,3844,6089,26021,52383,61267,62117
3889294449,11457,49869,55815,83865,93503
1061581928,31316,42854,69031,69493,86443
1849869271,5695
3541228678,33252
2238834188,959,73136,92623
2062423492,958,2409,13999,36973,38080,73070
291706978,9892,11047,13243,24315,25868,57881,76159,78509,79571,81335,90101,93666
2923883331,18276,18690,20670,25437,35879,53233
2478629705,9454,88274,96743
1372796607,2347,26974,35947,60776,61174,88754
3048917488,22344,34497
38436416,952,2848,6889,8331,15075,22855,26884,28994,33650,34865,34943,36307,37154,38257,43058,43415,45140,46613,46756,46884,47922,48193,49435,50053,53592,54522,56083,62970,71302,75995,78765,81324,86555,96732
3686448131,89067
475346360,2995
2762782567,33393,58105
1915522407,21014,39331
106216070,60093
2563372552,35871
4142556397,15584,95375
548434965,37063,37262,39727,43967,44848,49948,82775,93818,95145
2014923706,1658,24279
1148066018,58837
1809044352,148,27843,44958,86491,86925
3360610696,4344
2472254477,53268,84743
3371938005,22235,32895,33660,39536,44052,66839,72464,74533,79544,83604,86866,86954,89915,92854
1842688065,6128,23538,27662,27725,51525
3908128370,20773,63758,63895,67177,72521
1919930233,90864
1543613372,6285,43432,83769
2481426106,3075,18480,41089,67034
3404145108,48064
2684480580,2005,3703,3897,7707,8546,8712,8883,9705,10662,13473,18845,18959,23094,27224,27859,29205,29934,32587,35881,41448,43982,45943,46251,47466,53585,54046,54280,62687,62759,64310,66284,67214,70324,71568,72670,75499,79373,80405,90116,92905,93798,94115,94607
41293254,15893,30321,39774,48589,52418,77446,86401,92159
1048711394,395,1980,7825,8300,11006,12294,12551,13334,14079,16182,17642,18324,18815,19357,19485,19525,20644,27014,38610,50332,51126,57017,68493,78803,79361,79806,81890,81899,82034,82581,83797,87816,89474,90586,92327,93074,95974
2532887239,15545,46389,88751
3095678067,3242,7090,7422,23487,24023,28298,31121,36241,36851,47775,55462,59475,64658,82311,87271
2002844824,54030,64276,92583
2139453528,3479,22571,29986,35953,86893
1450083626,12232,16102,29458,54744,56719,77117,83978,94865
2848063746,1558,1757,3248,3743,7365,7840,8128,9166,9223,10106,10439,10907,11522,11823,12417,13580,16823,17594,17904,18229,20336,20999,21082,21297,21598,26464,30842,33621,35779,35888,36384,38446,39802,39910,40473,43160,44224,45788,46941,48572,50110,50238,51296,55004,57266,58786,60248,63528,66737,70182,72274,74787,76474,76684,78690,82084,82729,86935,88663,89453,89965,93044,93842,95472
926846845,46420,60286
1465772297,14790,48047,49522,57932,57952
1062683162,6070,8341,21306,30235,31203,38184,51539,56967,58826,72269
2134383379,7909,60879,69464
2994450645,2824,3710,25665,69193,87719
473720157,26933,74383
1581943302,47304
1013520451,10294,11307,16515,16529,29625,35582,37180,42756,50301,51101,68500,69098,78893,82253,83159,85335,87036,87210
3099614635,71787
271490428,7445,11714,45077,51637,57244,78424,78568,87548
43431541,87392,88542,89464
373200632,30023,31255,43019,62941,72459
311351996,1894,24386,39266
3576985328,5325,39017,77746,95638
3643201107,1694,5218,13225,40488,53562,78550,90709
1542405094,28389,70481
1970024404,21494,54544
3659666931,1417,11302,27160,30558,33716,65631,69977,90448
2143449687,8683,11207,12358,34675,35809,36389,61757,64026,73542,80327,83808,86686,95131
2697459988,1938
1314109912,937,14348,80433,85566,93435
739074827,527
2817492749,1343
2517963394,11756
1319203045,928,1110,3765,6946,7461,8314,8419,9581,10903,12336,12628,13487,15206,18605,22044,33804,39209,39293,49192,55519,56536,58405,70163,70369,71279,73811,77259,78686,80930,87510,90762,91042,91388,94151
845510649,9211,10058,21616,27882,57582,61308,69900,70582,78113,81472,82190,85657,92165,93872,94816
4223099139,10278,11071,11248,12283,33157,87226,93647
4050554027,165,7731,8635,27658,35656,51685,59376,70270,75061,76453,86341,94850
3282441406,688,7213,13422,19967,20082,24821,42385,42890,45550,47937,59643,64266,67548,69204
649399365,20187,65274,77544
2423122597,83152
3543406551,4865,6480,39516,41741,45357,51917,52584,79647,92042
2334783803,1779,7624,16012,36230,36995,40053,48503,55730,55807,57166,61849,77161,78141,79221,88894,91805,92924
975216403,68600
3129889531,1505,28551,82780
744131681,42869
1059704988,6473,12318,20500,21666,37593,40064,41591,41621,57591,58471,60124,66824,67779,75799,86743,87286,88926,90244,94840
3455437981,915,91471
2085189711,29830,45304,72568
2915403540,1674,23617,24941,39200,59422,65733,76814,90256
3676950548,22840,24076,33795,63034,72430,73517
3042140878,19844,77308,96378
3143158511,96769
1896321200,504,6343,11209,13627,15158,16109,17182,20188,20497,25503,26241,26456,26744,32334,32821,33559,33619,34969,35712,35811,36889,37301,43112,46092,48823,49125,57765,58468,61759,63783,65275,65361,67315,68256,70720,72395,73505,75796,76305,77284,77545,80104,80329,86658,88225,89902,92866
2351493048,500,15905,16655,18612,22065,44646,51393,74641,78526,84944,87173,88269
2027911262,15824,48739,49170,56105,57713,67256,67781,78752
1915359571,54609,77027,83572,92220,96306
558402066,8878,17416,38567,80158,91183
1127418244,5613,7586,8791,10611,11158,12448,13270,15046,17327,18077,21654,22548,23265,25304,27513,29469,30872,37511,39021,41045,42518,43209,43403,49381,50382,52960,53937,58147,58738,60688,64400,67222,70490,73597,74140,91401,92205,96472
1238842358,69833
509482521,3057,41942,42340
942956971,26824
1693753335,910,7696,22504,34409,45424,63419,64125,77195,78329,80611,83862,86529,87692,95771
613159782,19269,23846,28485,42728,72446
746393980,14022,28197,28812,33223,39351,95916
344891966,1935,17055,21340,39846,46974,81626
338736326,4711,8014,8573,13596,44948,53865,67245,77185
3908603024,31819,89444
2837519120,78881
3518942469,810,9209,94814
606749389,1669,15575,52498
4161348946,90683,93835
677646975,37670,89023,90132,93332
2369024657,24720
4202158076,752,16348,18517,53241
353423667,905,4284,20080,21027,23528,26741,29762,37249,37986,47935,53874,62722,69202,70295,73854,89899
1145614994,3315,6403,8625,13366,16101,20067,21442,24962,26116,30228,32472,43122,52562,52779,54020,54277,56718,56837,59111,61212,64819,79389,82392,86440,86833,88386
3995537318,196,10985,35977,49460
3346154801,53945
2113719010,2257,14953,17801,20014,21471,38937,44447,64350,70657,74891,78436,88420,92282,96759
1588175394,1775
1201264781,82956
2979749633,2158,6807,10274,10533,14983,15704,15757,17576,20475,21773,24528,25338,39436,43970,52119,54216,55377,55716,67724,71859,72163,74746,79481,79988,80824,86562,87781,92029
1110751505,6617,79776
1085886096,4260,12460,22358,22445,30310,33176,36180,36949,42074,42588,44305,47019,60251,62806,63963,63967,68037,72052,78656,82898,93845
1998685294,718,3371,3725,7240,10670,13408,16718,17322,30046,34903,42289,45081,46676,48914,60004,60347,65024,65179,67023,81866,84206,89366,96211
1534242139,462,5627,46723,91358
3770973227,53266,57187,65369,78768,82120,84741,94303,94762
2160343234,890,20490,80720,90003
355635023,7675,17175,28020,33542,41311,54016,62127,73098,75611,77458,77706,86824
3563830773,8076,53792,83002,96451
3297983700,1302
264917675,35106,56292
888866560,7672,64133,65556,80076,84157
4291027696,11179,25325,35077,46001,48630,50872,52761,61110,71217
398386340,5394
3660907700,73815
4230950722,31587,38287,48583,62573,66464,81621,87749
65397367,49745
3176537159,22127,40918
2863047058,52824
1703827566,2209,33714
3285061022,43702,81111
2279449171,3890,23085,29741,33316,33892,35693,38996,39284,64017,65245
1913384331,64501
1495894553,35745,75895
1683098616,1414,30702,31865,37371,37677,46447,53335,72730,74260,89609
1986391922,35320,83595
2658526704,6968
4206837600,56742
646704705,874,5368,7358,16891,23577,23712,26599,26947,28718,29680,31378,35750,38104,39708,44054,50171,50803,60604,60847,61993,65412,66070,77279,78558,80058,85106,85274,86452,86868,88841,89036,89688,93318,95728
685388346,6200
3818462389,6881,21498,78716,94992
2317727006,4514,25677,64006
3523624476,868,2650,8440,35515,40342,46220,63575,82361,87518,87565,95800
1883865937,2152,12668,72560
4185285255,30199
2959353262,866
1372022361,6897,60521,95184
1564308370,2468,71264,92748,94041
1986367648,27874
2710261461,1122
2758524476,865
2591058754,137,53076
3684550678,42796
4104920760,1154,19241
2183757992,324,23912,25907,60025
363571289,23636,71014
1429290637,6429,9175,85965,86405
2325258551,1405,58946,75609
2601170206,39798,52272,76497,96894
1618189315,862,13445,16874,53158
378400363,461,34819
1545387789,1151,7532,14917,27252,76224,78758
2169120285,1255,4472,5238,5855,7107,7320,7736,8413,8430,8619,8640,11377,11853,12265,12514,15438,17059,18590,19503,22499,22772,22836,23929,26036,27527,28117,28310,29212,29604,29642,29737,29854,30019,30238,32548,33863,33888,34479,34884,34919,36750,37771,38174,38460,39958,41268,41499,43146,43925,44265,46180,46760,47537,48361,48416,49899,50750,51489,51542,52914,54092,55163,55244,55722,57299,58018,58217,58328,58717,58870,58881,59804,62139,62295,64086,64164,64427,64466,65326,66219,68358,68895,70153,73145,73688,74489,74517,75646,76587,76941,77769,78109,78962,79159,81406,87836,87847,88471,89242,89593,91639,95396,96342
3342683903,79727
3088677094,17674,19058
2766021469,40502
3172478654,859,1801,2779,3807,4157,4578,5035,5229,5329,6953,8590,11993,12074,12109,13299,13496,13512,15090,16730,17379,17556,18036,19664,22289,22428,22658,25691,26493,30027,31851,33941,38673,40021,40855,43023,43096,46396,47619,54482,58998,60733,61630,62417,63039,63658,64219,65212,66567,66773,67706,67734,67747,67940,71583,72711,72764,73074,73699,89081,91127,94146,95085,95488
2633680401,71734
1074561559,41087,92371
3290132543,27609,54992,57504
1919133556,24452
2269866220,858,1800,2778,3806,4156,5019,5034,5612,6426,6814,6952,8393,8589,8790,11773,11992,12073,12145,12447,12456,13046,13269,13298,13495,13511,14140,14598,15089,16729,16871,17326,17378,17555,18035,18076,18152,18909,20010,20164,20587,21653,22288,22427,22460,22547,23264,25303,25690,26492,27512,29575,30026,31081,31608,31850,32131,32747,33940,34540,38672,38886,40020,40854,41044,42351,43022,43095,43208,43402,43439,43481,46780,47618,47862,50165,50381,50515,52959,53088,53936,54481,55610,56670,58146,58737,60687,60751,62416,63014,63038,64218,64399,65211,65948,65969,66960,67705,67746,68694,69154,71582,72203,72763,73073,74139,77418,81953,84385,91126,92204,95084,95487,96471,96849
215786162,92646
3451627687,25053
1986334275,2469,17020,26281,54692,78990
3937905193,1415,8327,22753,27158,30703,51794,53336,56168,59385
2055298632,49751
2048663646,875,1813,3347,5773,6703,7260,8859,9768,10296,12777,14178,14630,17356,18140,18317,18644,18760,19712,21135,21399,28410,29681,31225,34981,36354,40541,48810,50666,50771,51091,61977,72803,74285,77280,78559,79427,79496,81286,82114,83169,83791,84596,84642,84711,85337,86665,87890,88551,88842,89037,91321,93245,94477,96492
2652673769,18219,54525,56086,63841,82579,83795,86807,89472,93072,93160
463358014,472,7007,32915
4068642002,856,2776,3435,5017,6812,7234,8225,17553,18033,25374,40852,63132,63342,65946,66665,95082
457075881,63753
2775797752,9961,39660,42598,65298,69281,79537
3537798162,8542,37785,40879,43571,49837,65198,96690
45088791,1412,10626,13758,25077,26828,27302,41175,54869,57802,66014,72063,82124,91417,93774,94160,94589
1432776310,3209,5960,9099,10594,11022,13660,16570,17014,17072,17315,18010,18364,18616,18752,19157,19545,19837,21068,24938,25238,26740,26788,29761,29913,37248,37985,38544,39287,42190,43651,46117,47934,48294,49446,50733,50863,53817,57050,57836,58066,59567,61385,61625,64903,65569,66674,67930,68309,69201,70294,73005,73157,73853,75066,76431,76662,76857,77682,78352,78901,83215,83622,84621,87374,88162,90632,92078,93547,95626
614266459,22936,40316,56210,59604,59799,62010,84126,88045,88129,88485,89237,93959
4027149255,3296,44403,68017,83906,85800
294177672,848,1274,2558,2641,11795,11939,19686,27888,33166,37033,38436,41569,48011,51632,63364,66088,72211,72636,88249
721577930,3278,6714,10050,10122,13418,13562,13771,14251,16195,16702,19641,24200,54778,55743,86231,89912,95855
863784834,47718,64111
334348955,7885,32206,46544
3370086330,29763,39124,48170,85784,90311
3620886919,27331,60852,68408,77843,83669
3746422170,7535,54847
2276096826,13351
537210048,63665
2019923683,9198,17035,30144,78471,83766,88691,93406
1164826446,5744,15788,17714,19604,32349,48604,63446,73084,73256,96672,96928
1503351485,21268,27698,57647,69807
3397433830,634,49372,56974,70502,91960,92702
1323117986,1877,5571
3382721265,1253,18588
2997160634,5737
2754829343,842,22073,23542,27181,52971,63482,83868,86459,86963,91428,92116
3277550262,35964
2235878877,6958,42537,62475,67653,91167
969283392,1314,5521,11135,19761,34415,52247,57545,61686,63922
1160394214,6235,8449,12469,21994,27283,43943,52624,52869,63865,67209,76995,80148,82595,86191,89387,95657
2706813206,19917,31144,61565
3109335660,90576
2857129041,12883,18856,23391,26656,27353,27447,35397,35767,41301,45881,49048,54055,58945,72443,87091
1073196906,3782
4099896949,3581,27636
270944332,64997,78536
2875870696,52993,84912
650012912,75,3416,23081,23690,24984,25252,25743,26760,27200,30208,33219,33733,34684,34828,36540,36733,36876,43504,44976,46405,46850,47573,47796,48375,50591,51826,52461,59695,62246,63777,66379,67631,69796,70236,73306,74596,81031,81838,89972
3317325892,2055
2237673892,6247,23656,24488,26065,35191,45121,47210,73063,92761
3624024573,31408,71120
4025950736,25121,50187
3447630001,371,17197,84425
1291077355,91911
3868255076,28869,34345,37988,57081,63870,93857
1182650938,39033,39077,39100
2182810785,826,3952,27972,36570,55063,57194,64864,65379,75607,80716,81589,82491,83079,85776,90730,94685
3045954210,27847,34307,41722,53012,83952,95379
4087329976,266,1576,3002,9210,19936,61307,69899,72190,78112,85548,85656,93871,94815
1773788245,25270,29129,54955
3928077743,2247
2284557586,819,29958,36221,37125,49658,71147
53344095,50744
2295557891,37644
1248321157,457,91451
1943115808,321,6455,59347,82057,82287,87651
4136107521,814,7442,8133,26121,45144,47449,48122,50047,51848,59744
4236785626,2169,29485,44972,54181,62164,70232,74961,87742
3716356936,12125,12681,13829,30541,59795
1937137998,30556
1071051446,13872,25172,52537,53454,88879
3824716725,6289
3015607522,6198,10099,54385
2716958389,51647,53573,56498,61769,65986,73240,96955
3562199028,14782,33664,35484,54631,57597
3786991325,10622,27298,37852,49261,49563,56602,83636,96665
473064809,41678
4046261940,1609
2039092074,95146
779293395,35491,36128
1174998706,4249,78441
2210249104,64442,79066,88107
1888323698,19369,27488,34372,50475
2994568555,807,4544,4617,6435,8474,12222,14483,16381,25615,27967,48253,51168,57642,63621,79885,81090,86668,90804,94811,95446
2267923584,24577,29449,32741,38651,38676,48818,71182,72609,91148
3831195415,1807,3220,4030,6485,8003,8422,9373,10366,11732,15239,16793,19429,20257,21054,21486,21516,21735,24931,24998,26255,31303,36787,41808,42125,42636,62323,62343,64728,65907,74855,77931,78951,82881,95362,96775,96978
1516810223,38254,38319,63902,67326,68346,73001,73399,78026,87610
4157097462,1271,33171,40777,58645
558683972,26024,69390
2079968852,14118,15984,72068
3506589233,41070,62171,94021
107187588,9097,11224,12287,17663,18008,19155,21147,41497,50735,51106,64901,76855,84935
1881458205,84701
853884036,71
749781501,49763
2504941034,9357,11611,31709,50630,53314,57302
2197330187,632,7615,24229,27815,30866,32391,35221,41921,47192,47202,51419,51498,53251,53908,56755,56972,57507,59596,73659,76964,77609,79965,80883,91958
2525215840,199,20371,39119,43541,43917,44458,49570,96856
3988892876,4338,8908,12704,12915,15153,27270,27296,51576,93239
4100412804,798,1062,3214,10668,12672,13388,16696,24222,27895,29238,30153,34901,37474,43392,45704,46692,47890,49008,52413,54003,54949,59203,59584,61019,64097,65824,66814,68709,69811,72185,75402,81318,85323
1829584482,71441
2948711171,27020,50291
857656601,4459,28564,36599,43523,56116,94821
1067289031,9731,16994,70591,71247
2048672474,34746
2773016142,10398,10708,45020,48251,86571,87955
1141269481,71153
4200898122,687,7212,13421,19966,20081,24820,42384,42889,45549,47936,59642,64265,67547,69203
2445504783,571,24361,45365,52693
3857975784,170,748,7805,25174,27825,28684,41217,57449,65020,66544,85316,88287,95307
3107341621,786,11230,16067,19887,20286,49018,49636,52389,55765,55803,65084,72883,81572,82678,93344
429588495,7559,11897,41219,64726,78649
1128263926,193,2252,7879,12020,13818,14143,17891,18003,19300,20032,21315,23318,25506,28922,31711,32178,32457,32661,32727,33655,34449,34625,34774,36769,37222,37350,38124,38392,38473,39489,40376,40709,40936,41655,41668,42001,42278,42926,43712,44466,45668,47413,48669,49060,50632,51368,51627,52445,53316,53622,54188,55390,59774,61873,68057,68320,68550,69384,70254,72750,81198,86016,86427,87942,88084,89381,91949,94524,96364
2682824845,3692,16757
2001983108,19909,84977,88571
2302643083,16019,76354,76447,78674
541974878,777,5559,9096,10083,11234,11386,11623,17003,17662,18007,20827,21146,28548,31263,35414,38145,39450,43921,46063,51105,56205,67029,75766,75911,76854,77234,77368,77804,77974,78659,78813,84934,86911,93915
252052962,22420,78438,91615,94443
3724085264,370,84424
3782810997,9362,15801
912277263,528
1638228413,946,4728,19566,22600,23808,57130,58602,61543,64170,74144,79027,80379,87473
2756683826,25628,30202,38147,56646,61051
1811977299,71466,96485
4121492484,14808,24264
1013739908,3038
3110535813,589,6134,6558,9572,10932,16427,19620,27687,33852,36039,40933,46258,50403,54883,55958,62727,68120,68861,78452,79164,82232,82708,87939,91746,94954
2345486320,22126
61902164,3492,13130,19797,41180,47126,64474,89799
1738110267,64764
3189166275,765,1786,20877,20994,27329,28435,30386,31454,32278,35131,46150,54690,59942,75409,77722,79501,82061,82943,83141,93778,95618
1267799388,8268
2298546787,46689,54000,65821
1029592856,30677,39993,40056,55810
349275338,764,27328,28434,30385,44598,53061,54603,54689,62999,75408,79072,82060,82942,93777
3627753608,18802,34249,54472,65146,78457,91962
423714675,42028
2207214342,4098,8063,19197,66339,75934,76764,78593
490736431,24166,54912,78714,95198
3079253513,2701,5786,22144,27775,37741,40360,42832,50305,59121,68324,69239,69820,72619,73636,73931,74280
1669094939,8188,40023,43087,49793,61634,66129,69180,86661
1758480836,10946
3352808241,44099
996693852,14855,42901,56906,56993,76286,89996,92448
679391841,1303,3589,11910,16496,18524,46135,52007,66354,66851,66890,76023,78202,79960,87797,91953
3729884574,8535
2919934637,3977,51515
1339981009,26952
935588942,54009,56477,85837
4116421804,724,7710,15063,15416,15897,20487,21747,26191,45946,55001,57730,57813,58180,59660,71533,79624,80509,83853,88080,94628,95102
2963620927,19632,25043,37926,69461
130961110,1544,1636,31343,32153,36856,44911,65063,80943
2999856994,67291
4250320402,562,1010,3186,4447,4891,4927,5406,14679,15198,18840,21457,24380,34709,34979,43805,45165,57274,61567,64341,65489,65885,76330,76561,79013,79109,81762,87928
3960127991,16923,55999,79947
769214065,750,10421,18094,53239
1748715542,22961,23405,32297,46778,57418,62188,72697,92506,96720
30743768,980
2897752268,8195,30377,57390,65189,67016,68541,69680,73018
2332218807,61592,62703
426357654,823,14244,36434,60810,72850
574074339,3442,25217,53238,58112,67066,71924,72652,86521,93507
269241626,2125,14316,21954,22892,23235,23367,24111,24275,26173,29516,35734,46459,50420,52890,63327,66493,75373,81072
1370643579,1527,3854,4907,11833,17388,19435,32250,50218,52263,70070,79608,91614,91878,94442
576697566,23441,47115,55131,56436,76623
1312827435,3088,8655,10273,11003,21234,36436,43969,71858,74745,77379,79248,79716,87780,87813,88868,93820
661058053,52200
342295838,399,1054,1597,3544,3989,4056,4481,4519,5946,8182,10545,11086,11895,12275,12404,14253,15242,16071,18177,19720,28283,29000,29906,31594,32318,35016,35801,40072,43671,45475,47649,49480,50452,51262,57201,59468,59587,62392,66139,68118,74869,74917,81002,82585,89111,92497,93903,95676,96981
1037846363,84382
233161433,21377,38882,56870
3980893401,66276
7822637,2931,12880,14423,20793,35253,35394,49296,50122,54052,55008,59332,70569,73895,79306,94708
1880921804,711,2763,23007,60389,73039,74934,96281
2324453128,521,5592,52506,55023,89407
4203637758,14077,39856,55849,67472,79804,85112,86783,94542,95972
1686217648,95607
3983568692,1647,12329,15403,22440,27246,44144,55562,59758,60422,60644,61474,66194,68884,90235,90766
3178114254,2764,23008,27683,60390,69311,73986,94230,96282
2902126213,67793,68193
3005559987,15926,18657,45509,53852,61856,65088
4168011013,734,4760
496407420,586,10973,55927,56066,72008,89228
495948098,37929
3913634530,1322,5085,7591,13930,14331,28614,50010,59708,60956,62764,63541,73861,75057,89412
3480993971,4398,11674,31173,38670,62893,63012,66591,67759
3684581494,22605,35372
1736966404,271,31767,34135,79760,83444,84692,96634
347057354,72158
2509985639,59529
2386852643,229,706,923,2961,10603,14223,14359,15573,17135,17223,17340,18819,18899,20938,22525,23505,24691,25297,25482,25597,25889,28375,32111,32415,32920,33279,35641,38214,48014,49883,53200,55394,59502,60115,62978,65267,65838,66497,66856,67105,67266,69653,70103,73788
2192411921,3093,65402
217874529,17742,34424,52111
1587862946,16693,76427,92258,92342
2713348744,16243
7869362,15928,28655
4263075645,22502,63417
2527200877,5014
2961500138,84381
4290914736,59,34344,34613,46028,48222,59555,70304,91729,96264
4076902806,4380,7069,17609,19482,32485,32751,52978,72575,81887,84164,88229
3810174550,39832,68846
281056357,24103,44863,59834,60964,61463,70318,90192
870456378,686,3972,7049,7211,24819,36145,69801,73807
1291424965,7673,43779,50705,51461,58888,80775,84158,85808,86052,87753,87792,95830
2584698025,20652
2379327881,70024,72952
2630325801,18206,26822
2300659578,13356,15444,44710,46159,48020,59003,65098,69292,75880,84261,86863
67772153,96,26563,46348,59854,81328
1026963612,49422
1486654987,32700
3998839428,1626,7183,19914,35833
1233840077,2978,11303,17157,22484,36584,46142,52068,57490,63565,91210
2623664396,37861
3784864097,891,934,5276,5653,6515,7662,8714,9141,10390,10644,11493,12267,13425,18400,21292,22078,22377,24730,29856,30654,35883,37513,41949,44232,48363,48382,50406,50992,52884,52962,54117,54506,68003,68447,71668,76388,76862,80721,88978,90004,93432,93935,94906
1562451867,5717,11659,12201,14135,15261,30458,35406,36914,40165,57287,59573,64229,66461,67369,76933,88238,90493,93705
3902337832,90868
2308809644,1489,3485,25068,34493,50472,59875,63769,65600
2268883501,23943
444245472,21621
2047425868,3699,7097,9321,9701,13211,17503,44347,46995,49386,64306,80656,84449,85955,89619,91055
670614300,25750,72321
476251234,8373,25866,50875,71339,78240
3977654201,53293,64461
2039081024,415,824,4435,40668
2622152169,66065
2672660357,744,27701,49262,52283,83637
2552658946,90284
1051686241,6981,72600
1750112299,59110,88114
3887503603,710,88783
964876344,11019,48524
3970731842,76517,81235
3470973381,248,778,1951,2864,7284,10143,12564,20982,35815,60556,63978,68730,75767,77975,78660,78814,85727
1151320308,36,8654,22818,35053,57949,74744,75874
3404254338,80034,80446
573944186,12184
448187292,25443,41924,77793,94591
1652731893,13,4497,61193
3107070790,14689,77011,81926
1282861112,704,14357,15571,18897,41889,63463,75842,76899,90034
2966253920,28173,29385,47531
3430548638,1455
1772639150,3474,42765,76424,81816
963788898,7980
3991141180,42314,59055,62973
2571228459,691,6972,9186,10340,11703,22763,30314,32301,41873,43824,44704,46253,47996,53109,53886,55193,57440,67224,67303,67551,78964,79375,80031,80115,81270,81987,82049,84487,85327,85761,86040,87849,92036,94208,95092,96205
1677488629,39530,62407,82327
3524200682,7743,8287,10137,16673,28798,38264,41838,47173,61470,64823,70262,73161,81673,83386
3224775507,27916,31021,71108
1443529649,14226,14264,15292,22776,24657,25309,25892,30578,34160,46341,47420,53736,53979,55094,55620,63872,64871,73169,74257,81211,85217,85271
3563683411,139,14665,22758,36937,46673,52720,53078,56222,57891
2886343533,18613,44647,76533
2289678310,23046,26449,37942,54186,62265,68078,73521
1349947092,8248,24659,46830,58652,65387,65914,67196,74171,74409
107040543,5588
2187997768,26087,55638,58686,62845,71675,78784
1515856301,1330,8168,13061,15903,18961,23837,29936,30446,39360,41471,47233,63612,65037,65050,70206,76592,85558
718217829,7374,10386,47008,53280,56315,67299,76819,80027,88974,89896,93632
1419830508,1447,9327,10507,13589,15986,17827,35586,68971,69141,94894
4079938800,3100,4657,31346,33267,44914,76953,85668,85738
1941490111,21411,58304
1421432248,27,1049,40235,59128,69690,71846
3731810979,35965,36566
700412004,74633,94769
2036770192,7772,10174,29043,82835
2834479987,91593
2149893447,10095,35312,78122
374826913,76817
440148093,2227,22363,36829,73235
1496951580,79036
1360728631,37136,41345,41886,45119,47063,49150,56932,59786,63027
623531963,85,59213,73711
3811940650,493,513,3733,4577,5228,5328,7585,8186,10610,11157,12108,12192,14576,15045,15382,15866,19663,20635,22657,25539,28980,29468,30871,35621,37510,37517,38734,39020,39861,40517,41588,42335,42517,46395,49136,49380,53038,53446,57565,57827,58997,60732,61629,62458,63657,63877,64106,65077,66566,66772,67221,67583,67733,67939,69753,70489,71206,72375,72710,73596,73698,76542,82843,89080,89570,91400,94145,95822
2857857385,7596,17302
2977788728,213,2751,5388,7120,10280,10362,11073,11250,11964,12285,16339,17569,23527,32099,32241,45905,47010,47518,48147,54662,55441,58033,62721,67124,68664,69539,72517,76731,82071,87228,87674,89312,89898
2365128890,88837
2362634341,61123
1415914420,39835
2357028035,37601,86593
3699648323,39499
914240053,3274,15931,75098
3412485671,13583,14602,20582,60179,60871
2488219654,57758
3165168245,1675,13305,24942,39201,56732,65734,69036,76269,83836,85625,88013,88703,89033,90257,95249
1816527266,25644
439220929,463,80223,83968,89959,95416
2366193985,15660
348596474,20287
1286030029,13397,39686,81158
1828645130,8822,37344,90639
2583665502,43288
917178185,18608,21357,30204,55404
841653957,8090,13476,13720,16153,16897,33975,36043,36780,41393,44330,44822,59792,82628,83107,93199,95927,96527
3034233622,25523,65789
1952923585,7148,12171,17547,23130,34600,36626,37459,45730,53321,57282,59098,68915,87310
849992205,44101,54150
3292181393,33463
57929591,30063,53149,53554,75604,79471,81127,96480
3043985622,67466
1491578917,2711,6738,6828,7310,11621,11817,12273,19674,20825,25027,31261,35799,36946,39664,41822,42445,42618,43137,45739,46626,50396,50433,57199,62807,63964,64947,73408,73529,74123,78657,92495,93846,96934
1226949279,3984,6630,9294,12975,14635,16453,17332,19680,22300,24967,31415,35429,68966,72662,79720,93594
218382399,181,48890,71577
2812985362,1372,9955,18098,19476,23078,23973,24102,26358,27071,27538,34768,34971,41417,44564,44862,49485,61462,61838,63195,66694,67562,68427,69174,70012,70192,73165,73717
2439206525,65930,96649
1641619487,3548,8783,17590,40952,83706
1656778995,34174
4211955395,12732,71928
4177423257,2804,5632,66675,69580,77039
2239897711,8495,11647,45750,55535
1807125625,89800
4128496347,27574,63282,95140
2126603038,27175,87043
1440394975,63375
86420642,25620,26972,34997,47084,47106,49440,49675,58022,60774,72921,96176
1984217504,636,9712,13945,18287,19669,28706,29056,31553,32889,33118,33914,38054,44965,56246,64937,73782,74338,75573,77332,81613,92857
1224603327,50361
2634717871,1594,4207,7277,11651,39147,44621,49594,63733
349879794,95697
3746761173,27215
2767722457,4575,15043,30036,55756,83501
4280690178,11872,17656,19130,47916,66375
1056237965,23050,23851,38328,48371,48598,48870,59225
1888296446,60535
1639407320,35485
4247664522,6267,11437,24323,38491,91874
249263913,71785
634967479,13619,62209
2246219559,1752,2262,2968,3868,8477,22318,25776,40842,67096,75652,83396,85814
1117235775,57332
3044287736,4810,5688,5815,9089,14163,38604,47139,51123,52406,61177,77211,82031,82352
3603441637,5622,36236,45675,63933,75379
3007681615,3913,36314,38111,43818,55751
784646260,6076,36282,38723,58076
458536512,832,75133
593235176,7972,28386,39392
2821687237,54369
2534865536,35149
1954453017,84518,84658,88146
1015319611,1869,12730,23705,23923,31394,71926,78069,95505
412284876,30241,33879,81314
1365026354,310,22679,77877,86382
1087169085,8845,28237,70664,88187,92389
1114739903,4074,9201,9240,10171,10216,10941,12123,12210,13827,14154,15232,17413,19537,21648,29040,29776,32689,40040,40835,45532,51804,52648,53214,57472,57806,58225,63272,64213,76949,78236,78474,78931,79794,79995,81796,82818,91588
2241253941,262,1437,3130,4293,4403,5416,5517,6604,6775,9014,9183,9216,9353,9512,9696,9965,10415,11120,12053,12817,13086,13254,14213,14754,15498,15668,15735,17398,18162,18770,18951,19946,19979,20555,21388,24062,24144,25138,25380,26207,28839,28975,34840,36183,36394,37142,38196,39044,40632,41223,41467,41691,41766,42077,43871,44116,44701,45543,45604,45951,48085,49232,49472,50685,51251,59442,59839,60302,60425,60560,61577,65778,65797,66802,67146,67776,69162,70433,72281,72555,76566,77812,81698,82206,82750,83126,83914,85821,86151,89642,90744,95714,96361
1285272252,78528
2934400594,71097
1743086286,26625,27729,37657
1866912088,24127,29960,37970,47305
3170733261,23920,27043,29847,36026,50641,52702,56366,84941,87298
3122404877,33146,39837,66205,78372
1214396813,67894,94411
3639664215,6165,12009,12766,14042,27940,30817,36191,43249,43451,49736,55873,84191
1110500133,10322,61129,64030
687352615,6101,13673,28756,48504,52088,56642,59952,69473,79222,86306,91374
3097969382,628,18750,22497,22770,25266,26362,28442,28672,37983,40892,46752,50438,51324,57354,58326,58767,61383,68737,75436,75473,80684,87372,92598
2571230781,138,26785,46767,53077,60432,90077
1665815665,33946,35794
1526316081,79726
1660481670,3629
1676235562,21680,24059,34178,64260
3877478901,2293,78599,79121,95325
160608799,1080,6870,10382,11160,14170,14648,15574,16930,18267,18820,18847,19505,20939,22114,27690,28119,35577,40272,40858,41954,44267,45329,48220,50752,51141,56319,58740,59029,59553,60320,65268,66498,74711,79592,82210,82753,90277,90382
3461183411,755,1495,10079,11265,12093,14209,16055,16839,17669,18520,27218,31935,33270,38769,39635,39780,43780,50706,51462,53721,58430,58889,61189,67954,79383,79446,79581,80463,82829,83257,84159,84640,85809,86053,86849,87754,87793,89708,89845,89923,92437,93883,94450,95899
50263633,926,8417,12956,16626,17874,18396,36776,39207,75117,80928,85765,91386
2154173132,2986
3133682562,617,1759,6906,11940,19687,21920,38437,39804,55900,66089,68923,69884,69936,72212,77151,85824,96391
1345901916,26544,37682,67193,70499,72930,83946,92699
2476091912,1423,54087,64003,75694,80168,85935
2778288691,21085
2218167804,2661,3428,7822,14189,16376,20251,79358
1354164307,7142
1471179755,725,1127,1600,6354,12035,13691,15417,19615,19861,21154,25177,26192,28792,35144,41263,44765,49555,52274,56500,64159,65002,68146,81443,83779,90564
1851361353,29234,30402,79669
50347581,23798
3107621881,59939
1585741255,5269,7099,16968,17645,49987,81228,81339,85522,91084,91984
4128335836,74808
2608461136,61460,72928
830310605,1975,2079,4797,7619,17021,23734,23873,24891,26282,29227,29950,31362,33357,36613,39005,41295,41440,42270,43812,44897,48756,53732,54035,56374,56577,57691,62842,69987,74357,75262,88257,90314,96279
1814614926,1567,86197
627302037,29736,33652,33862,82538,87846,89114,94072
3512899656,73631
3333163543,33945,35793,40283
653901869,3398,5915
4049452195,49680
193136611,2817,36998,43011,59996,77164,93141
1452138988,42634,66371,77808
4097363891,339,5831,6735,11731,15238,18046,21053,24997,42635,43890,49591,64727,78950,96774
3328974004,31983,34309,53014,63614
824027144,93425
3828904292,13458
179710381,53405,59082,64804,75095,91289
1402039391,612,7050,40783,68260,72200,73855,74057
2078664666,608,2924,3164,3352,3954,3966,6051,7523,11638,14416,15078,15321,17278,17777,19560,20899,21479,22025,23799,24756,24840,29999,30421,30840,31266,31615,33694,35777,37465,39648,39908,39980,40623,40657,40909,41907,42470,43074,43265,46770,46824,47683,49790,51138,52312,52598,53299,54316,55065,55467,56274,59615,60867,61026,61504,61718,64140,64866,64913,65110,65184,65441,65635,66821,67076,69739,70032,70951,71443,72156,72272,73314,74529,74570,74655,75670,75760,77601,79368,80718,81291,82399,82493,83049,83081,84604,85444,85570,85991,86012,86721,88339,90104,90162,90732,91900,93657,93669,93696,93875,94837,95284,95311,95389,96388
1552565579,14813
2845643555,28139,38066
377145876,11950,21612,21852,26898,28575
1597874291,1421,30345,41677,80166,84373,87381
2328310151,606,45749,53297,72154
2162913809,56538,75978
1089203342,35536
3200424269,7214,45090,45617
3999694524,58006,87657
78957855,6207
2891011080,53294,77376
4224077492,35120,48324,82850
2275562692,605,31781,34915,57192,61141,63829,78998,88600,95237,96379
670613520,7075,10149,19987,47478
4131522923,2018
175867389,87151
3609421210,46,3655,7018,9256,9856,11655,14283,20580,37881,54299,60177
3889304827,11496,80724
2609431102,26808,47254
772342707,39029,91698
2266037501,2951,20240,31590,51289,53638,54761,55894,62576,80997,81132,81381,81782,84321,87529
3207181691,2145,45198,61339,64832,66289,74239
448186922,10751,32026,46661
1353581430,19238,27707
99000100,592,1715,14383,17361,65444,74482,83052
1031718547,356,19582,27227,27540,30875,42894,55863,60533,61840,69424,70385
3185671599,6273,21045,62890,66588
2551798416,68187
3888362340,2784,30011,32796,34040,46416
2336049653,81541,84087
876275582,56268
1529461665,587,8831,9765,10974,13879,18641,22984,23988,24314,26536,33850,36763,41552,48005,49360,50401,55581,56067,72402,75252,76158,77832,79424,83486,84521,89229,90100,95330
1605309223,425,478,759,3139,6220,6684,7170,7282,8160,8273,9476,10369,11798,13285,14363,15597,15760,16458,18466,19251,19409,20478,24338,27238,29023,29398,31888,33419,40970,43029,45246,45931,46088,47882,48168,52150,59761,60407,61479,64263,66026,67771,67857,67970,68520,69764,76628,76922,77474,80084,85782,89832,90429,90790,92817,93854,96126,96234
724456623,53895
2331743406,26012,54355
3217641623,582,10460,13245,31964,37156,37265,46308,52705,57746,57883,69611,71706,77100,77766,82576,82778,84153,89029
4050593065,53292
2133647885,5523
752671103,396,1981,2691,2998,6058,9229,9324,9808,11007,11027,11091,12217,12295,12552,12619,13188,13335,13846,15396,15592,17083,17488,18325,18454,18532,18816,19358,19526,20018,20531,20745,29313,29688,31625,34120,39948,41054,43784,44868,45282,46109,46729,48165,50336,51127,51532,51548,51601,52480,52808,54622,56202,56398,60266,63389,66251,68494,74463,79362,80968,81085,82035,82582,83798,87817,89055,89763,90587,93091,93222,96434
3408343221,5506,31219,62043,88465
3984222795,79679
967464393,11275,59243
4127631924,1465,8541
1805051085,5285
1580573440,9548,79127,87083,88817,90572,90608
2340010794,5713,60804,64687
3620645110,574,5412,9119,12971,14937,17241,17484,21552,28050,29008,38824,41147,46593,62863,75658,76299,77500,77906,83006,87598,93681,96455
4032048855,8,29457,45222,91574,93837
3815633572,40764
940395821,39379,67836
2227248784,8958,79195
887419949,23196,44436,61452
1767314185,74076,92519
557020731,756,4876,9720,10080,12178,12741,14210,16840,17670,17841,19075,19691,24801,26800,27219,31372,31936,36918,38615,38770,39324,39781,40169,40730,46513,50707,51553,52656,56545,56563,58431,58890,61190,64283,64346,64703,65355,72108,76837,80464,82830,84160,87904,95182
2354921452,62206
1847396457,2146,8553,11406,37608,64833,66290,86129
2640808041,25124,46669
687921787,54394
226970279,565,2507,15698,18066,19218,19597,21868,28439,28741,29125,32261,34042,43834,44450,51222,53501,54951,55551,59472,69567,70040,70541,83547,90905,94405,94561,96130
753694019,45740,74124
3112354391,1919,13949
526043533,85526
4007919597,154,96884
810945671,30105,30641,95692
961312918,4946,28480,54075,65695
2906842473,10018,75218,84103
2728179700,12612,84376
889105596,24994,88186,92388
1391580778,12492,40560,49881,73555,73723
2696072283,74,62245
1854181600,67630
1631729550,1948
3784152451,23954
2408387029,7101,66200,85524
950415506,732,4420,11695,25759,32182,33708,37020,42581,68091,68384
2387108384,544,1026,13993,43203,88919
4103510683,10621
940474864,70374
3187111984,3513,5818,9092,11284,11350,16379,18500,20551,39733,44824,51621,57066,72195,76875,77382,81264,81872,85604,90545,91407,94937
1679226065,762,10847,32081,33604,81453,90625
536068959,541,13990,18130,24884,32115,36123,36815,57606,63162,69477,76412,83411,83977,93337
100217049,534,4006,17900,21406,26406,47779,52947,53700,56506,76419
3744780200,453,48495,77006
74594005,15960,38892,42110
307233305,7459,10345,11039,15639,15861,16149,33049,40599,66988,75166,76252,76753,83352
999924092,540,8243,13989,20696,21337,23228,31000,35110,36814,39587,50922,52747,55142,58425,77953,80066,84819,92434,93611,95532
1128406841,14044
412211975,249,7285,10144,12565,20983,63979,68731,85728
2498394875,525,4068,15342,16326,34052,36423,40326,65738,66037,69658,77298,84468,86292,94288,96207
231220272,1939,4020,5497,48929,49735,82159,86131,88027,91945
3661212858,4259,20724,36948,42707,44304,63966,72051,96836
3490833346,9174,9723,11030,22422,25944,38100,38751,39691,45576,59312,60143,64022,77087,80473,93752
1272975324,1984,3413,5827,26420,29341,33792,36473,39150,45782,46798,49610,52400,59833,60963,61934,63150,66614,67379,67850,71157,73564
3079131668,530,65690,77564,78316
2067579286,2442,2869,4784,8708,16060,26587,39252,74460,76844,84404,87065
3218095066,10244
3583317514,24329,31141,49606,63246,69646,78088
2933300146,2747,11280,32113,32227,36010,40510,41789,48319,60257,64235,67120,75931,78838,81205,91362,94118
3990154694,18933,30548,47366,60505
170417713,539,10026,13988,21336,30850,57476,77389,87164,92433,92578,93610
2020750269,29711,41371
505460304,51822
3146004713,610,1844,2034,3166,5781,6026,6564,7303,8645,10091,10141,10960,11211,11640,11698,12138,15160,15323,18257,20190,21212,21750,22027,30967,31922,35813,37467,39233,41495,41509,45860,47352,48215,48688,48825,51133,58748,59329,60554,63785,64611,66637,68258,70953,74055,74588,74927,76307,79458,82645,82801,85037,87200,90309,90661,93061,94705
1984401120,21664,38039,39823,62691
111618204,66095,79551,96144
3712821148,619,21489,24036,31586,58636,59077,64576,66463,68925,81620
3018251876,26770,30014,31793,45384,50339
2010139674,18444,67604
3954414504,668,65710
2959648295,76583
1464513349,283,2910,3276,4551,6707,6844,7857,9466,9541,9740,10120,10924,11129,13012,13730,13769,13859,14341,14476,15213,15411,15695,15849,15933,15998,16974,16991,17336,19111,19349,19741,20362,30763,34419,39701,40440,41967,43511,50670,50715,55741,57610,65174,65405,79566,80161,82234,84100,84203,86229,86707,87429,88393,91093
116094384,517
4069624119,26060,26471,36403,54429,58725,60843,83438,84610,85126
1795658805,57833
683141385,21964,50624,58929,69329
1510837121,956,23840,27796,31428,52511,64584
2939952139,45,11114,11516,32639,37880,54349
2682653554,629,10566,28673,34257,43856,51325,55338,66401,71487
4271535924,39715,56630
226380409,20799,62635
152038657,11769,76449,78676
1146860890,46686,49641,53811,76973
2479567264,2080,6677,8080,8818,18431,22952,25519,28207,29228,33583,36202,37256,39348,41413,43813,45525,47902,49699,52632,60231,65665,70175,75727,76051,88258,88912,90315
3593144996,6315,10448,35646,45996,55011,62398,69852,79030,79309
3348947945,515,13894,15720,15868,17524,22324,29577,35527,40266,42605,43441,43846,44879,50352,60939,65639,65971,66932,69076,69864,90673
3560522783,23959
4274416962,673,7162,13822,20072,26621,31227,35923,44424,77666,81397,88834,88849,89020,92805
2001031558,10341,22764,78965,85328,85453
2840729455,26954
1786344137,87775,94597
2482889082,1333,4193,4977,11149,21347,27063,28963,32438,33371,33626,36960,53789,58819,62074,75564,88207,91867
4111966869,54,5183,5985,8565,21185,22242,44851,51438,59722,65702,68336,71484,80539,83211,90362
4260874534,749,6476,10420,15084,18093,27871,57572,65306,85317
3713275840,38,9629,49970,64776,87156
2294933943,29524,52174,63227,66235,73677,81947,92991
786259986,43992
1331048914,13953,25458,31902,35192,39096,44079,45122,69717,72171,92762
91102137,73249,90145
1209663052,2669
3029014084,485,2722,4082,4402,4411,7313,12816,14753,16907,19767,19978,24269,25210,25379,34622,37024,37700,38195,39163,40631,41785,42603,44463,44700,44818,45950,46170,46356,50072,51250,58789,59285,59891,62050,62652,63179,66423,66595,69488,70432,82205,85820,86150,89641,90913,94140,95371,96899
861662079,69856
738349064,3547,4857,8782,14101,17589,40951,42837,47235,55860,65039,88302
1547367970,5694,19121,20494,22877,27064,30481,49290
803131697,14040,17886,30815,32306,38983,40704,43247,61700,70313,82598,91280
965182321,482,8685,12360,13005,13450,19902,20966,20975,23192,40767,48680,49601,60642,63219,66192,68586,73403,95133
3223731778,33484
1196993620,1410,13756,22802,57800,62252,82122,93772,95254
4021439997,5061,33308,51111
3526989049,8395,62080,63181
3126485595,4134,18043,23710,35748,47301,54358,75259,78556,83776,86987,88638
215124156,467,14366,60214,83518
2760105819,4337,5059,5370,7685,8907,12499,12703,12914,14332,15152,16264,20035,21754,27295,33273,38593,44952,51575,52966,53480,62854,63885,74096,74861,80145,81058,82589,84139,86188,86454,86971,87680,88605,89384,90008,93238
1123986756,23764,58772
743380282,64737
2891161254,422,845,4137,4215,20144,21421,23212,32057,36162,40748,48008,63361,78707,82263,87282,95120,96358
1773088962,3518,5623,11597,47476,63934,83345,93474
1856128589,26623
3213932779,57421,96545
3283162943,23001,34065,43916,53471,59462,96855
1741507462,77047
3910042053,2427,26721,93910
3084757818,4075,8389,14405,14940,15936,16725,17497,20140,20739,21649,22133,24194,40041,40836,43514,50570,57043,57807,60849,63273,63950,64214,68733,74592,77840,78987,79332,79996,80760,82280,82373,82986,86870,90184,91122,93309
1338312184,15625,36754,40557,41649,49725,55284,56493,58835,61458,69961,72926,73720
28231600,699,5932,8102,14056,25196,35147,48303,49732,62529,87159,93629
1184868636,10151,11912,37679,65514,68791,87799,90306
1155036670,6169,13544,35877,42814,46408,51644,71041,93466
1789151875,5281,5461,8842,28234,38889,47940,64269,78294
3778591853,1693,53561,78549
1982205161,11624,96417
597683178,19655,34385,68216
1123782174,58,61,1072,23722,26779,29139,30572,30800,31086,34343,35520,37104,37710,40690,48109,54594,61748,69748,70118,70354,75939,89714,96510,96608
1986661335,252,4028,11864,12722,20255,21094,21161,23332,32120,65961,71175,89107,90701
3539024343,7197,14128,50974,56805,59510
700601973,24534,90157
3990790031,18224,31829,49511,51735,78158,90949
544883102,42714
15164336,12671,13387,18670,21414,23034,23328,24221,26171,27631,27894,28723,29237,30630,34900,37473,38333,45208,46691,48333,49007,52209,52516,54002,54948,59583,61712,63325,64096,65823,66491,66813,66870,67396,68708,70043,72184,75401,76133,76239,76706,81317,83060,85322,90057,95862
2138723819,1683,26893,35356,35649,57374,58359,62401,63078,68938,74080,86393,93028,93394
3232416363,4850,6465,13924,23239,25103,27099,31960,35916,48615,50782,55048,79068,80046,92384
2194966866,4979,11151,13592,16411,18886,20054,30776,39312,48634,50815,55496,58821,60341,71004,78754,84137,85142,89343,89888,91140,91742,92523
1671121684,22934,22959,25906,32295,58312,59170,77391,90010
296691429,302,59207,95872
971715575,452,9028,59910,68720
1571495583,11580
293376270,4653
3321179557,4525
909689534,2082,6679,7751,8082,8820,14021,16034,17403,25607,26260,26819,28811,28985,30211,32829,33222,33585,35022,36498,37966,39350,49866,52728,55671,62039,63411,65670,70177,73829,74221,74476,74896,75729,75828,77490,88914,93555,94640,95915
3952226752,22450,48694
3005808950,13304,13870
237876841,4938,46306,74645,77764,89395,93187,95193,95556
1226330775,11049,25870,42515,46393,49134,55952,62456,69484,89073,93277
3507895575,2665,7456,8827,16146,75539,76750,83830,86057,92063
1936340268,28271,64545,69221,74559,76189
745965441,63798,66299,68819
4128033828,6534,13631,29428,30022,31254,36188,45385,57900,65094,72914
2327553580,124
2616216821,24265,37611,39769,53805,62359,70920,74455,86995
233511054,3754,9870,10350,11282,12759,14370,20037,26605,76579,83428,84078,86310,92655
872775403,297,2461,4316,7187,7392,8110,8899,9940,10152,10443,13454,17027,19139,19803,21982,22034,22954,25985,26099,26574,30509,30757,36556,37680,38942,41231,41415,41715,46270,47089,52023,60233,63745,64192,64493,66635,67347,68774,68792,75229,79456,87800,89510,90307,94703
39023850,8670,67671
1779612448,88685
3011096710,439,3894,3998,7704,7991,9289,9829,11353,11431,11753,12910,12979,15714,16139,17390,18719,18956,19750,20907,27221,40436,42542,43062,46102,60528,61902,62859,64482,66143,66846,84894,86881,86967,90267,92902,95292
1532229041,24274,25625,31948,50419,90738
2539634328,1251,34583,48118,70602,95642
2774801057,57146
2339386530,32264,53856
1342070848,5712,15484,23565,24605,28096,29281,34149,41356,47681,50502,53543,53745,55913,60803,65633,73118,73749,73965,74044,82952,84985,90450
3587873074,92824
1046133379,120,553,5067,10834,17408,19468,32982,37587,52591,60705,65990,71914,75672,79627
166379738,17766,28210,68877,69306
265422370,68596
331566494,29,1051,1738,2834,3481,6174,7387,12604,20392,22573,24033,29988,40237,42609,42996,50449,55819,64452,65131,66414,68115,70979,71848,80470,82452,86751,86895,90796,92928,95582
3625926788,301,80861,95871
3522151666,1633,22748,34652,75479,75509,90965
4069829601,11199
158040823,546,19286,27969,57561,66879,74755,82669
532652131,1672,4590,6482,7200,10363,11884,15944,17073,20947,24939,33057,36373,39198,39288,45133,48295,50977,58067,65570,67125,74244,76043,76711,82072,83216,84622,85791,87375,95627
1599802665,444,3049,9861,43172,61094,66953,78285,80352,81975,83094
3459938728,20075,24886
1793046011,11616,27392,43736,45015
173369450,443,3048
1101315752,4441,68857
4293774099,73733
3609470446,163,52716
2172137218,382,2899,3162,4637,12882,15566,17775,18855,23390,26655,35396,38575,46425,46822,49047,49788,50551,52596,53277,54054,57249,57514,58944,59496,59736,67074,67764,72442,73897,86031,89372,90842,94010
869358607,817
4268875573,54493,60293,77542
108353596,1640,4603,7698,8805,21834,57777
2468588363,67637
3172179766,205,998,7529,7827,8302,9292,9601,12029,12652,12973,17243,19487,22298,24628,24965,30231,32424,35334,43717,52782,56472,66849,84897,87759,90541,94455,94977
3463441599,5924,26149,33594,35824,36327
2114198505,9795,10136,16672,34791,64822,76535,81672,83841,86035,89226
30256534,7953,14850,30492,31348,31434,39589,52170,54906,76955,77463,82290,86067,87108,89930,90128,93613
1403529328,27743,63761
2428813138,16681
2073556218,14851,17696
3934004569,23519,66555
631901780,4180,6306,10977,14247,15612,32015,34211,36059,41099,42029,42805,45625,48478,49851,55325,64413,76142,78643,89615
3856817879,29984
2309152826,1091,2540,9236,17991,24631,33046,84966
1297509685,51927
3588097158,401,2205,5948,11088,12025,14010,16187,33425,35176,36992,37017,39523,47651,49985,52340,56160,64058,68381,74974,83065,89879,92921
2250399684,690,5652,10643,11492,13424,21291,22376,41079,41948,43150,50991,67550,67711,71066,71667,72965,82048,83072,84806,86039,90534,93934
4011304926,46085,59307,61162,62879,69486,82203,95369
357407849,3238,4988,10248,12597,17849,33729,41078,41947,44543,61079,71666,73756,82508,83071,90530,96110
557345317,1118,2447,48789,60546,72308
336273522,28777,73679
773301228,4806,7844,15791
3890251342,23207,27434,36880,76314
2417243518,92588
2941793167,56783,71981
1732219789,191,5036,13300,13498,19385,26494,40022,42865,43086,61633,63040,72765,86279,95086,96362
2974928899,23745,71152
633857773,18022,22997,29609,46047,59245
1512578824,14106,39498,91732
600494064,2374,3355,64109
2924129632,1365,11044,23297,25219,30223,32734,33338,34293,35366,40184,57574,58261,60832,66969,72935,77311,81107,84887,85560,94356,96149,96519,96572,96876
3995071749,1267,48763
1840825579,95269
2370390043,5479,20444,30943,86810,90466,92069,92105
3074034915,19293
1051576806,1087,83106,86516,91583,95971
1194990089,21825,75173
580132842,437,9419,19216,19818,25569,32917,33388,39225,40489,41856,44048,48467,50955,51220,55296,61778,62779,67572,70589,77620,77971,83531,83955,88780,88887,89576,94336,95382,95919
469309987,35040
2708872518,45722
1767064544,14494,64741,77828,91266
59954790,709,1655,7248,10347,10544,10681,14239,16070,16879,17138,18106,18176,22490,22931,28213,28282,29905,44558,44945,47316,47442,54170,56303,62981,64189,69080,72538,73979,93133,93463,93902
3144491816,12933,13917,18412,21512,26585,61426
3956774064,27028
2135683906,430,1265,8468,11480,22521,22841,24074,24077,26292,26758,27198,29153,33217,33796,34949,44533,46403,48619,49087,50154,60499,63261,63775,66358,70835,72010,73515
450638347,3273,88592
1920443695,374,35096
3728117003,774,2532,9044,21866,25135,27818,30534,31239,33212,33842,34524,35154,41459,41627,44106,47075,47507,48031,48082,48232,49469,51244,51259,53105,53739,54360,57510,59390,60209,60526,66601,66623,76228,76919,80278,80857,80886,82466,85181,85347,85598,89951,92791,93148,93625,94747,94856
74189656,72626
3510778083,1972,2164,3697,5120,5224,6621,7095,7708,8167,9298,9574,13143,13980,16429,17107,17419,17573,17913,18960,19345,19811,20839,21745,22239,29935,31989,34695,35424,38561,42267,42331,43131,45944,45979,46260,47391,47601,50680,51154,52184,52525,53262,56737,57061,57183,57383,57728,58503,58871,59194,59658,62028,66220,71355,71481,72371,72671,75853,77708,78454,78629,78796,79526,79622,79972,80406,80410,81166,84708,85557,85975,86106,86476,86826,87501,87843,87894,89183,89594,90324,90727,90955,91714,91748,92425,92464,92751,94608,94626,95075,95100,95117
786062662,42752,47974,67225,78889,81271
798818294,914,91470
2447341042,53787,88205
3536198822,545,808,1027,1498,1825,2260,2353,3340,3872,4545,4618,5097,5126,6412,7329,7413,7892,8475,9550,10317,10464,12223,13994,16039,16382,16595,16637,17762,18380,19285,19774,21997,25616,27968,28033,30488,31251,31323,32460,32868,34286,34452,36772,39000,39218,39630,40000,43204,43286,44521,48254,51169,54599,54764,56980,56998,57560,57643,63622,66157,66878,71386,75161,75529,77641,79129,79386,79768,80649,80959,81311,82105,83260,83560,84309,85812,86669,86681,87085,87357,88190,88920,89297,89926,92222,92392,93196,94380,94812,95355,95447,95660,96083,96762
3045383225,87670
1869447683,6748,13905,84674
1244760527,5261,70228
3579923389,22898,34062
3655807501,2917,5819,6434,10471,16380,17478,48252,76876,84644,86572,86667,87956,90803,95445
1662583804,555,930,1792,2726,3767,6562,7463,7876,8316,10905,12630,13520,14310,19055,19624,19758,33806,39211,39339,47894,50651,54514,76682,78688,82542,84419,88320,90659
3905077725,4276,8086,71479,90953
1156048789,25251,25742,34827,47572,81030
1373855727,2161,3837,13344,18135,22050,33391,40536,42264,54857,57112,59433,61447,64299,68978,69433,75789,81194,85897,87633
3405336497,73110
2560507330,61297
752550796,2551,44750,56385,58851,65521,91611
385491081,70885
1202082982,43664
2073940716,25249,63308,68074,73109,75555
3921096758,1198,20656,21177,25280,41663,61318,64063,67374,72736
3961257257,10254,27127,52112,74667,81712
173279695,61947,67157
1383753168,32195
2982666368,27128,36053,52113,74668
1821914898,3035,12868,31140,37390,49605,62521
258456578,93596
1309587519,26167,79137
2946481334,6689,57147,69033
3879760078,353,506,932,1833,2062,3956,6378,10154,12437,13712,14388,14531,15363,15555,19461,19562,20216,20356,22868,22911,23611,23835,26576,26686,28426,28661,29060,32185,33779,37425,38649,39276,39762,40094,41717,42103,42550,44615,45969,47685,54263,57979,59320,59551,60072,60635,61720,62786,63401,63669,65619,66005,66916,68776,69706,70615,70846,72296,74829,75134,76649,81985,82544,87368,87970,89253,89512,89872,90190,90599,91071,93018,95987,96683
81138959,21129,64566
9522043,13210,18063,18758,20045,29864,44346,46994,49385,55507,64305,69257,74108,91075,92399
2853672442,7722,16756,21059,32963,52326,66007,68564,83073,84807,90535
2749165381,21062,31463,90538,92956
1537865331,59352
2474632773,55995,79269
954706639,2375,50846,75386
2178301916,49393
3441238069,34826,35057,61009,81029
1905703012,31570,73880,78992
3490490765,14354,27950,39481,52042,58167,61263,69714,91624
143681713,45842,80271,85239,87698,93117,93963
3337141622,591,17360
3114191660,1990
3061744387,68407,71699,83668,84543
3783106237,32884
2779158407,10230,13262,21453,44095,52871,59688
1947470642,3612,4795,15210,28183,50480
1655002585,43538,46073,47728
2116339848,18999,28307,38517,38789,38840,47408,51271,52823,58015,67927,69736,72287,73126,95999
2869307891,19237
2926415198,314,7544,15012,28763,30352,32397,52298,54011,89694
1779488433,12906,27356,64115,65559,80079,80310
2995296028,47212
32260439,10718,21273,70988,77612,80711,83588,87265
532823590,451,42721,59909,68719
3646427611,47839,73363
869891706,31874,59514,65417,82803,90887
592848060,38631,51881
1427750465,2983,24747,27679,36846,59215
4004531297,33642
3343862927,90627
3014016685,34457
3810374069,60468,60696,71562
1079743009,3004,85550
2187525239,889,9954,13059,13206,13327,13455,13628,19475,21264,21983,22915,26399,27781,28057,28588,28646,28950,30510,30758,33090,34970,39597,41416,41536,42464,44568,44789,44861,47067,47090,47637,48445,49126,51790,52907,56249,56425,58858,60414,61837,63095,64563,66693,67348,67450,68793,70927,71164,72072,73164,75020,77285,81964,83389,84287,90002,91300,96753
2240572876,41097,74336,83473
1036708672,1031,4103,5788,12958,15425,16628,18860,27618,28292,28519,31104,32723,34296,35167,35600,36370,45819,49052,57180,66990,69209,69405,71935,81035,87615,88150
1762143594,1374,1653,9957,15430,18100,19478,21818,27073,27082,30616,34875,34887,36271,36475,43406,43488,43589,47879,48762,48963,53588,58671,59813,61861,62311,65538,66696,70653,71159,73914,74312,77861,91642,93579,95836
2309260984,585,4732,8998,9895,10061,11843,14351,14836,22539,30622,37268,40163,43419,47260,47925,48066,53126,55926,56533,59571,70129,75279,76114,76536,77572,80667,82936,86124,89227
2549845197,31364,47626,50113,68901
3133967920,893,5278,32670,41951,55739,69371,78789
3262090014,3052,29191,30267,41199,53680,56155,73940,81690,84572,86416,88217,88415,90211,91691,91796,93306,93523,96314
1950214410,22896,25109,36341,41813,52464,63544,74166
698360327,15463,85647
2745097753,9071
2083452229,68,22935,33675,53002,55630,57033,58639,72846,74797,77392,88128,95468
1093325312,3812
4140463444,36291
567014564,9645,12626,24565,33961,34270,34366,36809,45502,50539,51901,52795,57867,62740,71277,71288,71529,78684,81033,81186,89304,93321,94873
3718062331,32274,38070,40077,87214
3845834004,3545,17587,35011,44899
485362435,9635,13921,23236,35735,44668,77759,81073,89564
876854293,93873,94817
3661311034,5714,15568,22456,24238,25710,26681,30246,33700,35717,39093,41544,47180,51608,60658,60805,64688,65158,88645
747978637,36190
451177161,73
4137437955,1768,2133,3943,4651,8026,12252,16088,42199,46410,47455,51938,63892,72859,93458,93468
1912718615,8435,13978,43509,45294,59656,78627,80312
3252614369,1351,6093,9077,9559,12131,13341,23313,28191,28830,30720,34072,38097,43153,46501,60396,64296,73113,73794,73889,92536,92978,93725,96012
262137742,50,29409,33366,55238,78221
1120515923,1859,46837,74332,86942
1313721574,11688,94495
449320778,277,36864,40137,81014
1460052989,1762,18775,43064,55823,69288,93459
2156709117,76260
3895666940,73820,75782,81834,85748,89824,94132
1111390218,32388,82309
4292598495,8098,12314,20576,64052,66002,75741,82798,87684,89489,90669,95888
2209327212,5088,10195,14887,16408,19824,25100,30823,32565,53530,54566,60880,69465,81375,84395,86493,89672,92004,94314
836161617,52803
15557864,32490
3415266753,41864,49880,73554
439424098,276,9775,36863,40136,64993,80917,81013,82617,82704,85235,91316,91784,93358,93373
2456183699,8264
381003839,1409,13755,57188,62251,82121
1733152037,2553,16228,19830,85162,94177
3235951053,56975,68050,87142
687010598,1782,41477,54155,86981,89268
1719761470,8922,18128,30938,55789,57604,68610,83975,92127
3483727554,90558
1978923016,72941
3307437519,15435,48322,57047,81403,87291,93293,93544
3402139159,48979
2537276449,24718
4047863833,4431,7154,8217,12346,21380,23436,33869,33962,44809,45503,48594,49076,50656,51014,51902,52796,53461,57843,59007,64529,71853,75458,75488,81913,85423,94396
2064420682,46562,84978
2910998605,15371,50522
2425502236,109,1213,1747,2271,4261,5534,6511,7205,7963,8158,8271,8292,8499,8699,8982,9474,11370,11402,12461,13159,18049,19407,20029,20448,20727,24678,26487,26553,26873,27959,30311,32717,33177,36181,38059,38151,40229,40263,42075,42963,43216,44306,45231,45754,46796,47677,48856,50349,53031,57794,60252,60674,61932,62669,63968,66385,68038,69861,69966,70051,71179,72053,72503,72510,82899,95320,96124,96839
3870151313,24110,35733,58756,60995,61048,71761,89850
3173136199,23348
2813676348,2477,14195,14863,22799,24978,35471,43901,48289,50372,50827,63699,74556,76417
2519679384,84,21727,22222,23224,25626,30550,34056,58757,59212,60996,61049,64849,71142,71762,73710,82924,89402,93967
2942458246,10956,14615,14947,42879,49171
4261220661,37212
527038571,1424,43561,48781,54088,64004,64928,75695,80169,85936,87467
3761209413,8915,68072
3561190237,29636
4247321936,64,3312,4036,31089,36854,54447,54894,55969,76514,81594,90511,94276
1065041487,1906
2284051479,67025
598044959,11675,21427,48917,81812
658784620,24662
294659130,835,4379,6384,6420,6573,7068,8175,8964,11455,17608,18780,26459,26634,32484,32750,33085,34989,49225,52105,52977,57422,65750,67405,72574,80108,81256,81886,88196,88228,93929
3275949764,2762,23006,50257,73038
3032401620,9567,44124,62478,68943,77240,77255,83031
3841622780,200,36563,43542,49571,50228
2691496025,17417,80159
3801077043,20411,38866,86761,92744
642015291,5532,20025,87050
3532320846,79708
2054750611,47502
396261281,20700,21035
2620640020,6,92323
3374586181,42026,55930,67418,89154,90179,91884
3790404354,2938,3096,6971,7449,7661,7721,8713,10339,10389,10663,11702,12266,21403,22077,24729,28311,29206,29751,29855,32962,35882,41872,43823,46252,47995,48362,48381,50405,52325,52883,53885,54116,55192,57439,61363,67302,68563,68896,76387,76861,77770,78963,79374,80030,80114,82437,87848,88977,92035,92269,93799,95091,96204
3492250605,22603,34572,56345
634664221,1787,17019,26280,42405,45436,46151,54691,58378,71748,78989
3777399034,23982,36731,43502,47794,71644
3206574974,88987
4250402287,1324,80186
1919036020,4841,83597
235534818,19270,75418,77653,91999
2589163325,2358,62927
3356743057,30,6175,7983,9172,9668,12605,33790,37397,40238,45574,70448,80471,82453,89126
2126852951,23650,61035
4257173436,1191,22620
3740759652,71154
2938286384,1750,1943,2311,4721,6858,7967,10485,18017,19104,19233,19930,20730,26113,39065,43997,57897,57920,57964,59185,65032,79952,86544
3488848651,21013,24424,28364,30165,30694,76612
278657665,1923,6229,16351,18369,30810,41433,66097,73550,79553,81400,86481
3377614462,80,25127,41708,57984
2686159775,376,695,1370,2060,2304,2371,2771,3246,3390,4059,5143,6369,6503,7363,7711,8126,8201,8604,8758,8771,8834,9839,10104,10588,10870,11138,11218,11335,11707,12278,12375,12640,13608,14279,15053,15064,15898,15918,16821,17746,18264,18597,19227,19587,19893,20063,20458,20488,20595,20853,20880,20997,21008,21210,21748,22111,22249,22273,23833,24601,28321,28424,28687,29271,30747,31597,31736,32171,32582,33414,33777,34717,35098,35524,35681,36382,36766,37423,37585,38635,39231,39800,41507,41618,41931,43426,43843,43862,44222,44876,46860,46929,47871,48517,49483,49992,52164,52589,53025,53575,55002,56689,57255,57264,57452,57731,58181,58285,58730,58784,58940,59590,59661,60283,61284,61638,63193,63437,63554,63925,64175,64759,65988,66538,67235,67976,67998,68871,70497,71493,71534,71657,72467,73242,74130,74733,74785,74876,76499,77872,79052,79625,79928,80321,80510,81005,82082,82408,82477,82643,82656,83421,83489,83854,83991,85673,86436,86857,86933,87016,87366,87708,88081,88277,88500,88661,89251,90188,90653,90689,91431,92054,93906,93977,94240,94629,94653,94670,95103,95333,96168,96957
1080079208,45001,49213
1269793517,15517,54986,94750
3104790621,2690,12618,31624,44867,53494,60265,77948
3244223157,9434,26889,44686,82940
3008503053,23630,53178,68263,73858
4251117579,16,32542,51428,57675,95943
586453324,83100
3334674812,1285
3152465097,1270,20820,33170,40776,42613,50447,64943
736590890,192,834,5037,13301,13499,14142,17030,19386,19769,23317,26495,31610,32749,34624,37519,38888,39863,42186,44465,51626,55068,58099,58411,61872,63156,68319,70723,80107,86015,86280,89572,95087,96363
3039861327,5404,10729,14677,21455,69266,69814,73265,73453,91097
3533128968,3160,56342,71825
2506831475,237,24277,35109,52746,55141,71129,77952
2263314488,50388,81660,85047
515715753,25054,66474
21542066,2221,13439,23822,66084,84875,90065
917061841,28198
2849137654,135,19627,53074,74624
1519387599,7595,17301
2199377601,27592,49439,49664,56019,73544
827191321,1083,44337
3900868422,3267,52669,53244,64383
2157838577,50258
2898873932,2571,13844,54206,72809,82276,93089
4015358664,5887,37979,48567,67899
3700388212,11667,29770,74231
2458854063,4,83480
1975094681,49890
1495421197,34079,78393
3179922524,31215,45984,87811
2729180667,27254,29678,47505,60928,72358,76226,96355
2890370140,26443,50098
3909079031,95645
379729385,2302,6352,8124,12033,14277,15051,18595,19859,22271,28790,31734,34715,44220,57262,68144,74783,85671,88659,92052
2164434726,3811,40355,65681,74233,86421
217886347,16421
1066203875,45652,50026,59680
1248074499,33232,69250,78055
3815119722,146,27841,76408
3733985973,1539
3652420464,26071,50263
283430663,21877,54960,79120,82126
4061554944,7525,10405,13893,15719,17523,18922,22323,35526,39982,43845,44878,55158,60938,62079,66931,68234,78385,90672,96943
623384488,15234,81798,94666
1829229791,6984,12533,19646,41378,72551,73591,74035
630599081,10291,82522
3738642338,2612
420361649,48155
721919191,14445,40522,44212,51769,72029
1434296716,5395,46115
4106713677,88333
951572098,50158
3970027822,47195,60048,85592
1753633894,8149,17431,17682,19764,26300,29320,30466,31516,31786,32314,36234,45947,51649,51885,57814,66469,72480,78320,80676,81148,86044,86147,88958,89416,89828,92841,95980,96896
3990247982,222,590,1218,1789,6559,10933,13517,15194,15212,15848,16973,19110,19348,19621,21534,24363,30762,31823,34418,43356,43531,51157,51864,54884,61359,65173,65404,71401,71999,72706,75612,79565,79879,80023,81758,82233,86228,91092,91530,94043,95538
665057544,56465,76182,87193,89339
4023672027,5445,29031,41746,76878,82013,84066,87601,91890
649699788,2222,9962,13440,23823,42599,65013,66085,69282,71637,79538,84876,90066
1233226343,1362,3841,5350,11669,20094,21151,22680,26279,29268,29525,29630,43887,44579,45435,52192,55104,63215,63228,69066,77878
1485302010,35966
1730999958,1915,2524,3034,3880,11719,12398,12867,37389,61821,65615,65773,69715,79176,88983,89635,91625,93940
2673743757,3345,4687,17502,22884,35560,41020,45539,45886,54724,59746,61234,63210,73467,74283,85768,88549,89145,91054,94876
2914360497,54322
4224950251,660,1144,4647,16917,18272,23740,28643,31437,32860,33106,33550,33906,34549,41178,42726,43445,44245,47124,52749,53803,61441,63888,65389,68137,68351,69129,70454,77073,78722,87060,89797,96334
896607491,23646,28470,34789,38171,40903,42006,44391,46999,51481,54023,58008,80494,83251,84815,87659
2089944276,240,2846,3530,3674,12706,15155,19708,24579,25878,26315,26882,27714,30922,31160,32593,32804,36325,37101,38846,40744,41600,43056,43909,45217,45352,47446,48106,48820,50177,54520,55792,56081,56173,57972,58028,58463,60186,60440,61119,62968,64579,66487,67524,67753,71300,71512,75014,76017,78763,79654,83365,83542,86553,87056,91657,92995,94366,94931,96815
2846070131,47216,87883
4288973850,26750,33230,44772,53378,63073,73920
750530097,18,6758,25358,34673,52849,55427,58086,61755,67681,74553,84664
959086667,579,4177,4973,7786,19520,45234,66322
1603845763,43363,63068,73352
913009992,37580
3299977094,59103,61427
480236629,34854,48867,51037,60221,66755,88580
756678953,375,2303,6353,8125,9838,12034,14278,15052,18263,18596,19860,19892,21209,22272,28791,31735,34716,35097,44221,51648,53574,56499,57263,65987,67975,68145,73241,74784,79927,82081,85672,87365,88660,92053,95979,96956
1246668525,12149
3795118478,2136,17018,18416,42745,58377
1985201589,6110,30857,37528,51521
90179293,25115,50644,56018,59636,70695,71358
966805305,5162,15689,17345,30919,32019,36813,88395
1169945965,5118,16945,52304,52523,56388,56761,76379,86474,96446
3232048237,1620,21972,50947,59278,78915,93948,96553
3841634677,25749,27953,53764,54707,71425,72320
2704491208,4917,12058,16593,39628,41090,45887,69121,71757,75846,76903,87896
4203518605,3281,17207,22334,29013,30627,52267,60202,75352,86321,93266,96273
3622413487,6386,6422,9911,87446
1714001719,86396
1884659731,4868,49448,61387,88073
2999873272,21242,37625,45297,92745
522130984,30262,30477,76596,84015
3043979555,2576,12740,12824,20753,26082,35280,38614,40940,42849,49412,57040,64345,75158,90418,91112
3266639303,295,2459,3027,4462,9251,13542,14070,16032,17832,18423,19365,20806,21968,22032,23204,23691,24749,25107,26572,26761,27572,28135,28809,29929,30209,30507,32827,32923,33220,34529,34616,34829,35998,36339,36877,41713,42812,43505,45290,45852,46406,46817,46851,47087,47109,47346,47574,47797,48069,50943,51657,52021,52462,53768,56420,56694,59217,62121,64491,65643,67355,67508,68179,68880,69797,70679,71039,71093,71575,72905,73307,74597,75227,77488,81839,84732,93347,93553,95138
846445636,64396
1792496915,3039,3666,21130,64567
1594373980,46148
3313041090,100,7307,7959,11814,18437,18676,19124,19716,40260,46192,59637,65756,67861,70396,70696,71359,75129,79314,96121
2736554978,208,1100,1966,2489,3110,6491,10170,10215,10694,10919,10940,12161,12209,14286,19536,21076,29039,32688,40834,46097,46316,50276,56061,60955,64224,79793,84837,84900,90977,91565,91587,92228,92473,96593
2884560924,32905
1531319966,3009,5457,39688,68929,80782,81160,85436,90020
452517425,14747
2127461136,65578,72026
132490578,67,323,23911,31498,38467,48391,51408,64646,72695,74317,74796,79281,87880,88127,91251,96686
2836234695,53393,88188,89295,92390,95353
4211271251,23151,25969,34334,52177,52532,54031,64277,92584
795445118,4127,6925,11969,16664,20688,24204,26042,28737,40181,41928,43583,48654,50223,50901,54642,55770,56360,60104,69608,72420,74127,74299,74325,75311,78704,79811,85286,87153,88254,89091,93641,94622,96804
2313670546,42376,85306
592663189,33126,61555,62012,87872
393351718,537,12589
3787466001,414,4434,28348,32194,40667,55227,70882,71856,81610
2395891557,31213
2920779353,59014
2507147125,23667,27493,51360
132992377,2792,2872,9438
1304975931,23181,25831,75803,76058
3748546317,22768,28146,58765
4190679703,57659,75342,83726,84548,84850
3342198722,766,3842,79502
2644735051,63244,85944
1801448904,152,72151,80121,96882
2480102119,19989
1292942260,1583,5989,17862,19150,19513,27695,28585,36517,36969,44775,51707,62273,69662,82566
1890191031,27678
881307649,12081,12679,30539,35337,41397,50425,76889,79643,88952
319936346,35844
3054416218,44311
1572371225,6039,16607,83014,84002
2199216810,61844
3892321222,11752,62858,70097
2366251074,27044,36027,50642
4141456022,1477,8668,17709,30729,58063,67308,78542
1212201921,31470,32668,46299,46467,55349,55737,56551,78020,78249,93215
2686751408,8486,9785,22392,28495,78206
552026906,10841,33334,77328,88202
1939937542,2936,7716,9539,18696,19003,37479,41965,54114,59042
2184836467,37368
3169575978,71824
1884548922,10245,24660,30715,31433,33905,41177,46745,46831,47123,58653,65388,65915,74172,77592,96333
3913026701,23029,47550,70989,74149,83589,87266,92620
3327456874,12150
4027910922,2401,4310,4915,6505,13060,19311,22784,30759,43237,47091,51861,57454,65424,71522,71755,73244,81965,82401,83390,83491,94181,94242,95391,95429
2377331260,4521,7259,8858,9767,12406,12776,13480,14006,14629,16073,16816,18643,22986,23990,31224,32770,32782,35018,39185,44300,46718,50770,51090,61976,63723,72802,74871,78855,79426,79495,82587,84833,85513,86300,90503,91320,92150,92310,95028,95894,96782,96786
74773167,26810
1074980582,32701,70476
2650085548,46993
2313887207,32,89128,92961,96962
3639485766,30372,34316,37139,48186,65775,81615,89637,91669
4251275713,13656,80491
911127981,36840
2780108417,10063,14733,15640,37605,38625,86126,96221
3475791662,3724
2835649691,79,41707,57983,59666,71434,72563
2053619178,23568,47135,72940,73612,82504
588929857,6441,52980
3869743458,64016
1691179237,54364
2620925938,4838,27943,32677
1378860540,221,6729,7630,9129,10337,15193,17105,21533,22237,29973,31152,31402,38755,43355,43530,53883,56735,70741,71998,81757
3731855187,12524
3746782473,28775
4121938023,40614,47266,88725
3636041025,1472,2300,3643,4328,9086,9858,11765,12465,15524,16053,17667,28464,30724,31933,44218,65232,68142,79381,82198,86047,88901,89706,90082,92012,92050
932471301,64326,96103
2457052212,24770,71121
2743391346,20219,37893,86920
680661079,54650,67826
478988365,14971,41110,45560
3517013416,1766,4271,8024,12250,15972,20668,22188,33522,36802,38856,40683,47453,51936,61730,69357,77702,93412
1888657954,104,11868,13556,38269,42565,60591
112843701,30389,37636,53969,71701,95160
277156453,151,72150,96881
61316836,24394,26567,27602,35026,37642,45381,70968
1038860611,224,6260,10884,12727,13049,21182,23816,25002,26102,29802,31745,37153,40661,45923,46863,48192,52026,57668,70249,90650
2014794576,43966,44847,93817,95144
3153723355,318
2241760979,7480,10266,67718
3867410159,41607,55383,64041,79410
4259054352,37795,66093,67323
300365737,67087,67993
3643241416,12990,21432,23058,24973,34922,34927,38177,39822,60036,62690,63351,63625,67740,68033,69933,70645
3821589644,501,16656
1918698805,59518
337283324,31032
3565517333,93,20895,31273,56458,75276,78859
1814336200,63793,68112,68392
45392355,3251,5159,11916,17434,19032,22049,22253,48190,51721,54856,60359,61446,64963,67456,71661,86999,92882,96961
8717991,55307
4034200001,5279,31418,85381
2263116499,63691,73064,79178,92822
1307395628,26183,46536
1341842807,4384
3217706379,17056
2516814597,36323,70510
64115166,9521,40742,55696,77428,96048
3462794325,34665
3801843612,28714,47799
2145950975,49377
3523353495,42167
2361176548,1131,3874,15271,17299
132995867,25559,37327,42197,43051
3415563093,1226,1883,6872,7297,7507,8387,9898,10468,11162,13135,38745,42086,47327,63061,66500,75238
3105200414,15518
3097771380,6692
1328885479,82426
2728327468,32556
520978954,23757
2039712688,14761,63406,66232,87663
1720855464,881,2036,4086,17289,32642,33624,48575,60596
2279678676,49562,55697,56601
757695182,728,14987,35255,39830,44591,56850,64779,70571,88797,88935,89048,94350,96606
1918971852,2980,4301,8104,10134,15317,36285,36451,36586,45061,48305,56712,58914,78736,84747,86200,90158,91212
593300044,41659
242931636,969,67440
1049651873,53097
190189733,2988,6077,28780,62611
2223707170,2676,4539,4566,7263,9082,13505,21138,22373,27989,30879,39263,39542,43300,45911,56616,62582,65123,92352
1109825953,8396,60039,63182,73293,83084
2889309788,2278,10277,33156,47050,47679,49331,49597,73116,93646
3008973654,367,5834,20328,40849,42297,43893,61787,70405,83758,87240
3671422695,972,2481,23066,27177,29703,38185,45413,67309,67443,72270,78543
2536837773,7289,76478,84799,92667
877660306,29895,59994,96443
1579973932,5769,18313,22245,30295,30782,32950,42057,42775,45916,46036,51731,56392,57555,64546,68741,72976,76190,87352
3489560069,305,26266,33329,50494,68165,71843
4213447212,70874
2903320364,25230,37366,47079,51382,62035,87149
569496802,90,957,8464,23841,25066,26992,27797,29301,35009,36429,41518,47732,49302,52512,64651,73069,74020,85420,96250
2385634296,8751
2812971109,4390,32270,43331,77900,84357
4286048649,36622
1899233696,14058,50936,62556,70201
3267751605,39606,88801
701066420,3654,9255,12402,13007,13099,20579,22174,26302,29789,32316,34833,39297,42705,46353,54298,60176,61677,64600,65517,66925,68106,68588,74342
1690555271,25939,68463,75370
1439883212,1872,2156,9710,11320,14500,15702,17146,18285,29049,32234,36248,41429,54254,55375,56244,57345,58955,64411,68049,74700,75330,75571,76140,80439,90942
2445588336,18096,26356,71329
1522523514,53959
532444731,34306,77716,93401
2710212586,56554,57293
1607184739,33193,76369,79861,93178
4137580555,12099,25045,25656,52929,69056,69463,79603,88881
4283465675,303,28562,37875,59208
912251668,74483,77291
4169695473,92,31272,44150
222495789,64121,69491,79850,87688
1989022236,6988,37652,44030,50693
2307670782,1349,23000,30718,39531,42647,43915,59116,59461,70347,82328
251103234,31637,40252,45890,47370,53396,55446,66369,69910,72344,75849,77030,83371,87233,89556
1958700461,6012,11524,20590,50691
1437363884,47285,59084
3832876717,28454,72584
2240055839,570,13183,24360,27921,34510,38507,38898,43043,45364,58560,69108,79762,95954,96636
541995334,116,4897,6022,17519,28384,38551,39390,39659,42099,42546,42597,63640,63988,65297,67321,71751,95908
1661783506,42375,52638,85305,94617
2509775864,34749
1725073186,49395
2178901085,1022,9522,66054,85712,96049
3684720784,1280,29247
4259245692,3799,5974,6623,10532,12440,12994,13735,13982,14982,17575,19354,20474,20841,32520,39435,51314,51618,56660,57063,62481,77710,79480,79987,80556,82457,86561,91550,91750,92301,92753,94128
3929038813,232
937882152,14083
4207621087,10096,30170,31094,32052,35313,54382,76494,78123
963424357,81998
3775526873,59107
93546832,14939,17120,63949,80345,80759,82279,94664
765939029,45142,63831,68844
2194878417,17,1413,93775
3713017046,2451,41144,46249,71566
3199114983,24321
2427356598,6567,9501,11214,13103,14861,25447,28406,31477,35497,45010,45361,64678,77477,85250,85340,89211,95683,95719
1195585097,22399,54175,93969
2653302644,21,60,1071,28413,30799,34704,45609,54593,70117,70353
1414219939,29232
2426427860,3153,4436,18342,23895,24949,39729,47171,55682,86889,89630,93252
1309972095,4493,8235,12863,80532
2300060859,23054
3574027564,55859
3218027133,45467
2004339035,791,1895,1995,10736,12257,20339,39267,82904,90663
1781802807,3021,15646,18457,30806,31684,31996,77453,78357,89062,92981
1443835979,446,4194,30825,34692,36961,46590,64033,76911,78419,81413,87595
1238697871,2117,6668,10166,11237
3737028262,31,4032,6176,8118,8293,8983,12606,13160,13559,20449,25000,25770,26439,27364,27960,37151,43545,44162,47100,59432,64375,68486,68678,70449,70816,81016,86081,87533,89127
4227193558,4297,37732
2956768450,5,2550,8600,18348,19253,29584,30397,40594,40790,44749,48827,52292,56384,64001,64976,65520,81306,84564
769264744,1710,3298,30956,38293,40305
1413099488,44396,52427
3584025760,22009,40964,44098,77422
4230734914,12525
1545452235,36444,55308
2139582160,2663,3430,57404,88949
999524680,77721,95617
972701849,21002,21125,23323,24760,25030,32956,35247,41825,43454,46197,46629,48758,49037,63347,65952,69295,70649,72910,73297,81883
2706729580,820,49659,71148
2509308900,26,1048,28399,35662,59127,69689,71504,71845,72548
3024255764,1202,25806,35982,40647,70965,71609
649463956,72323
1627147145,38049,95760
807109166,4963,11645,26384,44920,58190,79416,82536,84601,92634,95811
1138056119,381,6313,7905,10446,23380,24108,26053,26556,26737,33181,41226,42283,44295,46424,48342,54193,56815,57568,58288,58754,58943,59495,59715,67073,67763,70019,72441,86025
1701046812,57523,71469,78922
2413767750,10509
1678717354,1857,7175,26316,35690,50178,66488,86940
113673724,306,1047,18704,32346,68166,71844,79107
2816248324,86251
102873371,5495,18125,18490,19266,23727,24091,26864,27104,29354,45595,46990,47828,52239,63514,65527,74000,75028,80307,82157,85150,85720,87259,88025,92261,95461
2056350869,36424,46027,91728,96263
4068631640,78462
41220855,53243
3432367343,4621
1526885788,149,29674,41086,71168,92098,92370,96879
372593548,23511,28510,47422,53451,55622,96889
2876662627,245,9406,11051,11977,15246,19975,20677,21978,24154,25872,34024,35853,38428,38483,38869,38964,43667,47374,50391,51004,52556,54853,55353,55758,55954,56585,56773,57205,58350,60083,60199,63975,64898,65237,70110,75349,75824,77149,79258,80769,80902,83503,90993,93279,94137,96042
4160914491,41,29368,80701,92647
1030637579,77,23083,70133,75059,78872
3511071512,21695
3701046133,84500
951538795,46765,69245,71238,76795,96793
1099797300,8717,31006,33667,94869
3274955463,19768,23316,34623,44464,51625,58098,58410,68318
3037783252,26479,63250,69315,73519
1430914045,11002,21233,48476,64387
616175338,16040,63623,79769,84310,96763
3494013450,269,1579,1700,2658,3143,7036,9265,13463,16772,19023,30260,45064,45701,50661,56524,56596,64077,79692,84013,84690,84750,89398,93008
4211689211,3527,3531,5593,18811,24086,33103,38136,38621,42490,47613,55024,55658,57628,57973,58029,59483,61116,61120,63806,66342,67134,69773,73673,75015,78038,78596,79655,81495,83539,87057,89408,91543,92996,94862,96105
4179707510,13003,49123
2048795787,12611,28597,31027,32597,34580,35501,81713
289694126,42764,81815
3350634334,23450,29363,35000,60418,71390
724637904,12,4496,61192,67691
1726172799,72139
1069694940,43588
969141470,17196
3422919653,70456,84401,87062
3635367790,13667
4010315506,83,30549,71141
666326107,55059,58127
2583116985,34758,40174,68821,70628
889968837,3233,12851,26369,48977,55627
2149270338,7031
1860852588,1508,48911,63055
2007580853,93540
9549972,390,43000,45662,61865,79261
1322357915,4849,6461,6464,20404,31959,53066,55047,58235,64443,79067,86614,88108,95736
4102519682,23138,44473,77749,80051
3942504403,1695,2734,2905,5219,7009,12701,13226,17508,21539,21778,35460,52738,53563,54307,56892,65053,65763,68659,75212,79186,80183,80795,90710,91120,92333
2505711736,24706,37381,61970,63037,69321,69394,72433,74138
278196865,20972,49954,73549
3712145728,12635
705668335,1878,9494,9944,16881,17140,22492,26284,33754,38872,42162,45841,51051,53042,54781,71555,74359,87697,88828
689664472,520,1429,5492,5591,52505,59250,77556
2531407076,908
3145473538,7338,7545,15013,20524,29982,30353,32376,43631,51713,58247,61602,62908,66480,68616,78604,84443,86334,89169,89695,94081,95014
3168079315,58554,79602,90176,93573,95306
1784941904,4234,18071,94383
2763625184,38492
3010431233,20655,59260
3676442451,61747
3869679989,12734,37992
1652223857,65660,82444,83743
929961912,37120,46523,95506
4043989961,40313,91378
1241917075,27995,79243
713066853,61594
1573197635,38366
1922357344,2157,11321,15703,22209,24527,32235,52118,55376,57014,57346,65397,74969,82715,90943,93604
3878376152,702,5715,10993,15569,22487,30247,41545,49195,54143,64689,75286,91045
3166082917,6115,49211
342223432,1887,6444
2868476937,6098,63458,67876
1379902928,1846,2683,7267,9163,9478,10831,11015,11519,11820,14966,15400,15945,17074,18468,19381,20192,22353,40402,41025,41152,42983,43157,44696,45937,46913,50978,52348,58068,59548,60702,64597,65542,65571,66928,68231,69674,70612,72605,74929,75720,81982,83217,89962,91675,92948,95628
