1134,105
1097,439
230,440
567,459
847,543
541,692
419,756
956,786
474,802
867,879
1098,1004
604,1071
169,1262
394,1300
395,1301
270,1302
56,1333
57,1334
270,1683
567,2190
568,2191
905,2285
61,2338
197,2354
198,2355
324,2532
168,2739
342,2742
692,3007
558,3135
175,3139
829,3143
192,3432
690,3621
396,3877
1089,3877
722,4064
58,4455
1047,4693
191,4803
192,4804
479,4807
169,5186
170,5187
196,5317
197,5318
479,5322
905,5580
692,5592
604,5721
87,5769
542,5789
191,5860
1081,6003
489,6234
1106,6404
996,6556
400,6883
904,7086
56,7091
57,7092
178,7416
722,7707
479,7971
480,7972
753,8520
479,8705
638,8839
865,9118
866,9119
867,9120
692,9168
197,9336
541,9427
905,9545
92,9617
722,10047
973,10137
262,10515
209,10582
199,10810
200,10811
201,10812
1072,10851
447,11010
383,11242
209,11381
967,11391
865,11420
965,11695
674,11958
905,12066
96,12169
373,12484
374,12485
943,12581
944,12582
1097,12628
261,12886
195,12897
1050,13230
169,13632
541,13675
394,13707
567,13727
194,13968
25,14156
474,14204
955,14701
564,14801
57,14830
92,14893
830,14959
690,15074
905,15080
191,15629
192,15630
474,15654
170,15755
447,15993
448,15994
849,16396
286,16581
828,16655
829,16656
198,17183
194,17236
57,17272
489,17411
383,17558
977,17562
1113,17588
209,17659
348,17749
122,18484
1050,18648
383,18695
965,18760
1104,18762
904,18794
564,18936
955,19325
422,19406
1072,19502
1073,19503
1072,19514
191,19561
382,19821
60,20012
270,20020
87,20088
25,20308
638,20833
231,21077
232,21078
192,21086
420,21511
368,21556
324,21813
110,21891
1134,21942
1113,22224
1114,22225
542,22615
692,22641
905,22725
952,22859
539,22895
973,22991
973,23283
967,23378
191,23485
544,23513
198,23595
298,23715
904,23781
673,23960
604,23986
191,24010
870,24037
500,24160
865,24237
866,24238
541,24327
445,24358
480,25090
1107,25197
447,25344
448,25345
456,25804
904,25809
541,25953
570,26087
541,26187
56,26296
111,27228
973,27259
197,27730
830,27773
1134,27826
169,27840
111,27894
177,28021
444,28164
57,28323
953,28408
394,28448
395,28449
88,28452
89,28453
90,28454
175,28478
1103,28529
541,28989
758,29100
1097,29287
539,29430
447,29477
1048,29499
208,29796
1072,29915
829,30149
444,30363
722,31030
274,31069
88,31151
89,31152
690,31154
956,31195
400,31420
1099,31438
953,31455
830,31458
175,31462
693,31523
209,31569
758,31639
652,31857
713,32146
714,32147
715,32148
753,32425
994,32441
520,32558
479,32675
274,32694
209,32861
274,33099
520,33115
521,33116
56,33132
60,33323
722,33336
192,33481
830,33667
956,33800
520,33817
274,33902
56,33998
57,33999
177,34060
178,34061
169,34145
1131,34288
274,34364
61,34613
722,35338
539,35342
521,35345
478,35346
122,35466
541,35554
63,35558
994,36087
566,36108
567,36109
479,36292
62,36727
411,36727
412,36728
541,37225
542,37226
521,37227
693,37476
1048,37914
199,37947
829,37996
445,38072
955,38099
445,38210
262,38295
383,38625
191,38789
830,38889
528,39189
570,39241
693,39482
942,39930
866,40259
867,40260
868,40261
370,40563
111,40670
434,40803
370,40806
956,40918
25,40922
26,40923
523,41102
524,41103
976,41353
977,41354
449,41554
450,41555
674,41577
528,41634
261,41657
111,41675
57,41785
676,41831
711,41904
194,42328
220,42458
1134,42717
1131,42847
61,42868
420,43251
447,43520
973,43831
372,43857
201,43865
1131,43888
370,44029
576,44105
479,44116
541,44124
447,44180
539,44391
830,44522
1009,44536
1010,44537
830,44782
996,44828
830,45062
175,45180
399,45383
400,45384
479,45770
177,45786
200,45972
201,45973
828,46000
474,46072
403,46113
479,46496
818,46598
865,46623
866,46624
867,46625
589,47032
382,47099
539,47304
520,47392
589,47476
590,47477
368,47478
399,47810
952,47859
558,48271
697,48310
698,48311
1134,48983
370,49225
753,49236
270,49393
274,49397
25,49458
604,49628
688,49695
196,49702
905,49962
274,50026
275,50027
474,50121
270,50758
517,51031
697,51102
698,51103
1134,51110
361,51119
370,51250
878,51355
847,51555
690,51771
952,52077
674,52099
520,52147
542,52199
952,52326
692,52334
539,52762
995,52780
996,52781
197,53122
1134,53303
382,53635
1081,53641
478,53737
849,53800
382,53898
383,53899
412,53964
122,53980
955,54202
541,54468
383,54517
1072,54847
152,55127
87,55301
954,55335
690,55572
692,55574
690,55769
474,55821
940,56340
866,56546
274,56629
954,56929
722,57096
87,57186
447,57187
269,57377
168,57419
342,57422
419,57708
1134,57790
1107,58039
994,58076
697,58154
698,58155
1041,58330
255,58647
1047,58665
520,58818
170,58941
944,59300
688,59340
334,59478
369,59936
370,59937
371,59938
372,59939
474,60093
698,60219
566,60887
567,60888
348,61049
386,62119
445,62197
699,62330
141,62979
964,62992
965,63017
170,63036
171,63037
753,63114
1047,63146
523,63230
866,63372
867,63373
275,63883
169,64349
170,64350
194,64601
1081,64620
169,64763
980,64916
973,65089
194,65210
201,65334
866,65366
867,65367
692,65422
444,65530
1134,65564
638,66712
369,66767
370,66768
177,66935
447,67030
940,67053
141,67181
361,67318
570,67336
361,67354
445,67373
191,67528
1097,67759
230,67760
567,67779
847,67863
541,68012
419,68076
956,68106
474,68122
867,68199
1098,68324
209,68610
1106,68816
1107,68817
755,68920
965,69373
956,69618
957,69619
722,69801
325,70243
722,70362
977,70591
403,70653
383,70687
170,70718
866,70783
867,70784
1134,71198
692,71288
25,71347
965,71497
690,71777
866,71795
372,71867
474,72016
866,72239
192,72280
1082,72281
196,72380
194,72621
1121,72826
56,73083
981,73126
753,73303
270,73346
63,73579
866,73712
867,73713
568,73747
996,73778
711,74053
967,74241
1099,74247
1100,74248
1101,74249
1097,74601
559,75110
368,75232
905,75255
964,75464
965,75465
819,75485
524,75680
697,75766
61,75872
480,75895
342,76152
781,76308
288,76339
275,76855
260,76966
372,77170
688,77269
829,77319
707,77324
622,77793
445,78024
198,78065
196,78075
690,78092
973,78441
541,78455
980,78551
191,78636
864,78738
829,78816
828,78830
829,78831
195,78903
517,79047
192,79070
178,79186
191,79275
692,79279
673,79401
674,79402
386,79405
270,79545
447,79572
965,79644
274,79775
952,79848
847,79853
849,79855
994,79880
952,79938
1081,80042
270,80110
445,80160
964,80334
965,80335
192,80463
193,80464
445,80922
1072,80977
693,81027
942,81191
479,81195
445,81413
944,81419
166,81457
167,81458
168,81459
456,81613
973,81618
1097,82062
230,82063
567,82082
847,82166
541,82315
419,82379
474,82425
867,82502
1098,82627
25,82664
980,83084
1047,83321
524,83461
525,83462
526,83463
444,83494
370,83602
447,83708
864,83830
479,84543
171,84589
56,84879
286,84881
1134,85103
191,85232
192,85233
956,85247
559,85384
122,85427
965,85432
941,85452
1041,85771
168,85841
1098,85893
370,85994
348,86120
201,86174
622,86188
711,86588
952,86590
835,86629
622,86691
168,87221
737,87250
269,87440
716,87541
717,87542
956,87551
558,87588
559,87589
1097,87764
1098,87765
829,87878
373,88128
1097,88161
230,88162
231,88163
122,88557
81,88622
1115,88732
604,89092
528,89172
1106,89277
111,89282
982,89311
96,89479
1047,89484
697,89652
698,89653
865,89749
866,89750
867,89751
669,89831
96,89906
539,89936
88,89978
89,89979
566,90129
567,90130
567,90560
1047,90629
864,90734
558,91187
559,91188
994,91225
382,91249
141,91280
361,91334
952,91668
447,91695
448,91696
953,92351
690,92415
590,92490
368,92491
370,92666
1100,92754
1101,92755
58,93287
952,93536
520,94054
638,94055
847,94058
270,94069
520,94107
818,94251
368,94265
692,94387
1106,94440
1108,94490
688,94608
542,94787
638,94788
400,95239
274,95335
638,95398
692,95402
566,95519
567,95520
274,95569
570,95867
559,96031
269,96050
270,96051
566,96104
567,96105
917,96585
479,96945
286,96960
1095,97054
479,97149
193,97331
56,97580
528,97673
830,97699
201,97784
197,97860
693,97870
828,97880
274,97931
394,97961
395,97962
270,97963
192,98116
370,98137
1047,98432
193,98656
559,98686
25,98889
191,99056
659,99243
56,99253
1072,99316
400,99572
87,99837
88,99838
89,99839
368,99978
369,99979
559,100232
528,100352
111,100442
178,100744
698,100745
87,100820
25,100993
690,101052
288,101229
965,101393
865,101701
866,101702
867,101703
274,101735
274,101741
25,101842
26,101843
479,102121
230,102213
954,102332
690,102670
270,102849
953,102875
369,102995
370,102996
270,103164
1081,103442
475,103454
86,103532
953,103631
191,103852
270,103964
56,104190
1134,104194
558,104228
89,104420
59,104627
952,104628
953,104629
420,105064
952,105207
87,105694
88,105695
275,105858
980,106102
566,106180
567,106181
754,106187
755,106188
756,106189
722,106755
722,106863
542,107011
638,107012
559,107248
399,107312
400,107313
977,107612
693,107616
523,107786
479,107812
829,108082
1041,108495
370,108542
692,108622
904,108749
399,108755
196,109036
566,109053
567,109054
274,109333
62,109374
411,109374
63,109375
274,109699
973,109758
56,110290
57,110291
383,110363
479,110414
286,111081
956,111103
973,111679
722,111723
940,111830
541,111927
269,112016
692,112082
830,112112
541,112230
953,112401
445,112549
1047,113149
566,113177
567,113178
568,113179
396,113214
1089,113214
1106,113450
1107,113451
1108,113452
980,113834
382,114082
559,114103
255,114326
944,114362
967,114611
722,114640
539,115126
270,115311
818,115316
753,115403
973,115525
688,115602
382,115628
1104,115630
570,115919
86,116262
847,116349
567,116552
568,116553
651,116956
56,117089
190,117092
194,117174
200,117260
199,117499
200,117500
1041,117584
955,117607
956,117804
169,117863
403,117882
953,118415
57,118453
288,118464
528,118617
1047,118657
651,118678
524,118750
589,119140
370,119271
541,119323
967,119345
57,119363
994,119657
994,119799
604,120087
401,120432
781,120644
474,120774
479,121232
829,121276
62,121871
411,121871
973,122020
1131,122070
953,122105
276,122219
659,122286
275,122294
220,122300
1131,122322
1104,122325
1106,122327
1107,122328
994,122347
92,122460
965,122508
692,122816
168,123139
169,123140
1041,123358
652,123360
865,123626
674,124267
524,124381
1112,124421
1113,124422
904,124599
994,124695
995,124696
996,124697
191,125024
870,125247
944,125263
202,125465
383,125474
122,125753
659,125790
706,125892
539,126044
141,126149
474,126288
964,126315
965,126395
542,126507
521,126508
478,126509
479,126510
422,127058
1134,127145
175,127464
788,127627
789,127628
56,127644
865,127963
197,128006
973,128154
866,128381
867,128382
421,128711
274,128742
195,128765
196,128766
197,128767
577,129051
1036,129056
967,129057
1097,129171
1098,129172
195,129277
370,129436
489,129791
175,129828
254,129832
1098,129884
195,129959
370,130124
905,130300
56,130352
197,130466
254,130527
1097,130578
1098,130579
904,130728
1121,131483
25,131560
26,131561
141,131700
479,131710
941,131829
255,131932
722,131993
722,132278
199,132326
829,132386
169,132404
170,132405
1047,132468
1048,132469
192,132546
692,132591
829,133193
521,133323
688,133793
419,133862
59,133899
1047,133953
955,134013
141,134250
954,134273
169,134764
169,134800
170,134801
1047,135244
169,135636
170,135637
673,135911
204,136059
541,136508
567,136651
479,136759
57,136989
676,137083
520,137107
567,137128
89,137199
90,137200
944,137223
576,137237
275,137472
25,137521
541,137580
542,137581
953,137656
954,137657
955,137658
1107,137776
448,137938
274,138335
542,138402
567,138646
566,138861
567,138862
568,138863
1106,139083
994,139170
542,139236
400,139541
542,139546
623,139819
197,139826
479,140046
715,140231
944,140409
1041,140460
956,140514
957,140515
97,140664
447,140801
448,140802
255,141062
191,141117
904,141412
559,141432
967,141691
419,141978
542,142056
638,142057
274,142416
361,142533
754,142820
755,142821
269,142955
270,142956
676,142961
866,143132
956,143249
954,143614
952,143629
828,143673
955,143681
110,143710
195,143795
818,143899
394,144012
542,144183
638,144184
63,144228
673,144373
169,144468
566,144802
361,144955
1098,144970
372,145015
373,145016
374,145017
673,145036
275,145185
194,145236
704,145247
943,145255
944,145256
1041,145450
865,145540
976,145605
977,145606
447,145719
830,145869
958,145883
959,145884
952,146046
955,146223
196,146477
175,146653
176,146654
158,146976
57,147073
194,147159
692,147286
1134,147302
674,147483
370,147576
828,147751
829,147907
940,148075
197,148131
1106,148361
1107,148362
980,148600
1106,148658
673,148667
1081,148800
193,148801
194,148802
955,148920
865,148985
866,148986
370,149522
952,150350
419,150352
1134,150358
676,150374
474,150492
270,150693
58,150865
480,151085
542,151122
638,151123
444,151169
480,151260
177,151341
651,151437
652,151438
754,151809
196,151933
197,151934
57,152051
558,152177
710,152255
737,152262
528,152715
878,152885
976,153097
977,153098
867,153150
528,153670
539,153686
419,153885
1098,153886
541,153939
965,154159
191,154361
368,154501
518,154543
370,154584
288,154607
942,154860
789,154893
692,154948
370,155151
286,155197
1109,155788
1110,155789
479,156052
517,156277
110,156319
386,156324
61,156498
62,156499
411,156499
177,156841
967,156939
996,156989
692,157028
56,157060
993,157063
192,157269
542,157322
260,157377
386,157672
1072,157724
386,157832
828,157917
828,157929
828,157941
64,158086
64,158346
1134,158478
63,158642
370,158764
866,159111
867,159112
868,159113
386,159263
558,159394
688,159431
690,159433
56,159478
57,159479
25,159907
697,159948
526,160161
420,160320
421,160321
368,160340
369,160341
1072,160830
1113,161225
1114,161226
1110,161625
942,161721
865,161942
370,162004
710,162276
953,162583
92,162695
1134,162784
255,162878
1110,162886
1111,162887
697,162954
421,162998
980,163016
201,163072
26,163180
479,163294
995,163373
199,163473
200,163474
1041,163482
818,163640
209,163804
604,163934
956,164090
178,164148
722,164180
939,164299
940,164300
382,164381
967,164383
370,165076
994,165346
1041,165482
97,165599
818,165689
758,165767
198,166276
866,166285
479,166288
953,166315
25,166433
829,166746
1072,167025
1073,167041
690,167144
604,167226
169,167295
403,167359
652,167806
659,168033
674,168127
722,168232
170,168438
177,168458
178,168459
865,168989
865,169070
199,169080
865,169319
866,169320
177,169451
479,169591
480,169592
196,169652
197,169653
952,169740
196,169766
197,169767
523,169771
1131,169786
445,169961
154,170335
965,170428
169,170464
942,170513
980,170936
530,171202
169,171412
474,171486
517,171806
518,171807
298,171830
368,172231
204,172463
445,172499
976,172734
977,172735
90,172917
973,173034
954,173075
940,173211
953,173259
169,173340
399,173409
270,173451
1072,173461
942,173604
942,173613
630,173947
590,174018
693,174194
44,174284
940,174329
361,174475
1073,174689
176,174720
722,174779
944,174892
692,174996
994,175002
88,175018
57,175086
58,175087
59,175088
952,175089
191,175153
977,175171
1047,175218
62,175288
411,175288
89,175489
270,175854
198,175905
829,176188
944,176215
541,176229
830,176319
953,176438
324,176711
26,176956
539,176962
202,176978
445,177052
995,177169
996,177170
192,177297
193,177298
177,177331
178,177332
698,177333
1134,177793
566,178031
567,178032
568,178033
1113,178099
447,178204
566,178217
567,178218
788,178269
789,178270
790,178271
566,178502
567,178503
975,178520
976,178521
539,178762
638,178765
1098,178769
450,178888
419,179086
230,179087
231,179088
637,179094
543,179095
539,179581
697,179600
698,179601
1047,180252
96,180402
981,180427
541,180606
168,180751
169,180752
170,180753
1134,181022
1134,181122
288,181140
444,181666
571,181794
1047,181938
270,181950
558,182046
559,182047
370,182310
86,182592
604,182641
269,182954
270,182955
274,183007
275,183008
692,183052
373,183063
374,183064
274,183081
192,183111
1082,183112
722,183161
942,183239
370,183252
804,183337
973,183405
270,183516
270,183542
711,183875
1134,183972
168,184267
169,184268
445,184466
474,184532
191,184625
722,184656
87,184727
447,184728
942,184867
61,185164
374,185368
270,185700
828,185767
370,185832
630,186406
830,186711
830,186887
57,186904
944,187074
479,187110
564,187242
699,187610
541,187978
847,188078
780,188093
56,188129
1047,188137
722,188422
196,188813
194,188824
288,188993
386,188997
176,189167
706,190121
1114,190247
111,190619
1134,190621
955,190686
368,190811
369,190812
175,190881
141,190994
169,191143
539,191347
541,191349
964,191426
830,192509
270,192584
122,192609
1097,192813
230,192814
567,192833
847,192917
541,193066
419,193130
474,193176
867,193253
1098,193378
169,193402
25,193719
194,194150
270,194433
270,194481
478,194527
170,194820
125,195080
169,195198
122,196043
693,196128
153,196302
342,196314
905,196417
692,196475
693,196476
58,196557
286,196721
674,196746
175,196947
965,197111
870,197181
269,197273
818,197350
819,197351
576,197360
368,197383
369,197384
370,197385
361,197411
274,197470
421,197709
178,198680
994,198831
63,199014
956,199664
1108,199680
698,199737
111,199981
818,200026
517,200320
255,200488
994,200758
399,200866
374,201011
193,201074
231,201245
542,201368
638,201369
479,201439
956,201628
566,201645
1018,201794
541,201880
399,201956
652,201984
653,201985
196,202456
953,202482
702,202507
998,202579
324,202580
1098,202792
692,202947
334,202992
382,202994
383,202995
194,203167
520,203342
659,203392
274,203415
956,203441
957,203442
197,203476
1036,203815
372,203816
89,204402
361,204506
122,204541
993,204625
62,204741
411,204741
711,204774
673,205094
692,205114
954,205220
674,205350
952,205383
541,205405
692,205618
692,205644
697,205693
1108,205774
944,205983
1113,205998
26,206616
517,206712
169,206892
944,206962
361,207091
566,207803
567,207804
690,207932
361,207956
653,208037
674,208072
370,208165
371,208166
372,208167
169,208367
479,208612
942,208783
829,208800
829,208932
953,209053
818,209358
96,209411
97,209412
169,209657
177,209841
178,209842
169,209903
559,210280
421,210497
651,211003
652,211004
177,211102
422,212509
953,212690
169,213027
255,213056
692,213210
693,213211
941,213492
942,213493
955,213504
941,213959
942,213960
953,213985
692,214157
693,214158
904,214354
444,214417
942,214635
904,214742
940,214847
521,214885
478,214886
479,214887
270,215406
480,215557
520,215874
638,215875
1098,215879
342,215976
692,216051
56,216184
56,216295
169,216349
1134,216512
1108,216683
168,216810
169,216811
541,216929
835,217058
61,217082
62,217083
411,217083
177,217213
178,217214
361,217369
269,217558
1047,217600
1048,217601
1047,217680
692,217687
693,217688
361,217856
1012,217887
269,217925
89,217979
866,218215
570,218279
559,218362
865,218558
866,218559
867,218560
868,218561
177,218645
1106,218672
1107,218673
96,218971
122,219095
499,219371
270,219378
541,219618
697,219767
698,219768
559,219968
122,220547
542,220557
559,220667
904,220763
754,220788
994,220906
419,221010
230,221011
104,221327
192,221520
193,221521
942,221538
866,221858
867,221859
674,222118
690,222756
270,223131
274,223199
942,223291
394,224095
395,224096
270,224097
539,224296
1097,224300
692,225013
523,225072
274,225113
520,225167
1081,225203
193,225204
92,225452
1097,225628
1098,225629
201,225706
690,225737
288,225805
781,226079
334,226454
904,226632
688,226693
90,226737
864,226931
520,227065
288,227221
967,227275
200,227335
201,227336
372,227346
412,227349
201,227373
201,227722
170,228095
1036,228188
967,228189
1134,228240
177,228322
399,228366
905,228440
1073,228539
668,228580
168,228949
964,229033
699,229181
864,229240
445,229302
447,229613
576,229697
866,229908
867,229909
722,230073
707,230295
90,230408
956,230586
957,230587
198,230698
204,230781
445,230787
541,230818
692,231112
169,231195
63,231204
447,231508
954,231679
870,231744
348,231863
288,232471
1106,232475
200,232758
201,232759
399,233198
400,233199
973,233277
445,233339
942,233527
198,233794
57,234324
1134,234339
386,234739
176,234745
401,234788
474,234892
543,234938
544,234939
847,234974
955,235072
652,235134
270,235208
1099,235373
688,235783
421,236002
690,236028
977,236309
697,236661
1006,236809
693,237187
964,237255
722,237267
194,237503
195,237504
489,237568
324,237727
403,237740
722,237762
92,237767
789,237829
288,237909
199,237929
539,237959
1097,238021
230,238022
1110,238096
698,238253
26,238357
754,238484
92,238559
88,238585
89,238586
90,238587
479,238590
25,238964
688,239034
676,239047
905,239076
690,239142
196,239146
197,239147
829,239155
955,239173
204,239447
980,239456
192,239715
63,239804
56,240135
576,240238
57,240262
325,240630
964,240933
965,240934
1041,241202
520,241273
870,241519
518,241727
541,241920
1047,242109
940,242195
781,242297
941,242537
904,242730
697,242908
698,242909
399,243415
558,243787
175,243791
866,243833
867,243834
445,243909
576,244008
1112,244037
980,244169
61,244204
965,244279
400,244331
370,244420
944,244474
474,244537
755,244573
370,244635
952,244837
722,244994
254,245770
169,245868
706,245924
25,246065
693,246469
692,246593
865,247222
122,247279
1104,247339
169,247414
370,247858
1106,247918
520,248028
421,248189
178,248812
382,248914
1104,248916
737,248984
956,249168
957,249169
170,249200
818,249259
122,249275
818,249285
191,249326
944,249569
590,249599
368,249600
1106,249623
1107,249624
1108,249625
419,249667
230,249668
231,249669
973,249693
199,249740
200,249741
973,249864
818,249921
176,249996
542,250631
542,250710
638,250711
192,251590
692,251857
1009,251972
870,252125
518,252176
1047,252429
542,252589
275,252918
61,252997
722,253169
818,253541
1064,253562
489,253661
370,253690
371,253691
967,253692
967,253971
370,254071
1048,254291
722,254552
688,254721
964,254788
965,254789
196,255446
541,255457
96,255513
697,255760
1095,255794
788,256164
541,256168
542,256169
690,256198
660,256437
818,256463
289,256647
521,256829
478,256830
528,257218
456,257327
904,257332
1098,257832
1041,259219
196,259248
474,259316
1106,259647
169,259670
81,259862
866,259985
867,259986
255,260326
520,260338
61,260416
456,260438
595,260455
61,260595
62,260596
411,260596
1047,260647
274,260842
193,261399
518,261531
171,261591
474,261980
87,261982
905,262203
828,262318
541,262324
169,262690
541,262983
62,263082
411,263082
63,263083
1081,263106
447,263285
448,263286
1041,263421
722,263652
804,263664
956,264101
867,264288
125,264339
955,264833
956,264834
604,264912
1134,264998
692,265016
977,265069
122,265117
87,265350
847,265389
382,265493
445,265911
382,266585
383,266586
870,266851
975,266869
976,266870
977,266871
194,266899
196,266915
197,266916
865,266977
382,267008
383,267009
1041,267177
622,267236
194,267274
275,267498
1134,267749
976,267930
977,267931
942,268569
698,268603
699,268604
693,268624
688,268783
202,268873
560,268969
274,269088
275,269089
374,269147
981,269350
829,269379
255,269452
1041,269514
337,269675
697,269692
520,270124
177,270342
445,270429
169,270483
170,270484
638,271837
847,271840
171,272004
692,272022
62,272082
411,272082
688,272321
230,272505
830,272547
528,272744
175,272774
444,272824
965,272920
523,272945
524,272946
525,272947
526,272948
456,273261
261,273379
444,273809
1071,273968
1072,273969
1073,273970
171,274052
559,274316
1098,274338
577,274416
542,274765
521,274766
86,274941
693,275224
956,275300
1073,275742
955,275782
122,275999
576,276128
63,276342
270,276521
781,276528
690,276529
539,276966
541,276968
122,277034
370,277103
977,277449
445,277488
370,277526
274,277536
270,277823
386,278280
89,278383
520,278774
96,278797
638,278855
171,279488
847,279669
829,279810
168,279927
194,279946
61,280130
286,280272
1047,280304
847,280758
994,280923
804,280942
956,281232
1001,281322
200,281366
692,281452
867,281480
976,281790
977,281791
1047,282007
348,282039
781,282043
690,282044
847,282077
526,282123
1106,282248
1107,282249
942,282371
1100,282500
89,282612
847,282872
830,283003
660,283182
56,283231
57,283232
1131,283265
334,283496
994,283567
944,283642
660,284121
1098,285031
980,285274
198,285384
26,285520
847,285579
526,285633
325,285950
61,286029
525,286094
526,286095
1108,286175
445,286216
830,286652
79,287121
953,287148
175,287511
830,287717
847,288243
261,288260
474,288506
697,288898
541,288953
62,289954
411,289954
781,289998
829,290147
830,290148
847,290197
943,290673
944,290674
954,290893
955,290894
1097,291004
175,291158
176,291623
177,291624
170,291650
944,291702
208,291741
541,292079
447,292259
448,292260
1097,292296
1072,292639
517,292790
96,292963
97,292964
374,293131
199,293138
1131,293332
943,293443
111,293566
373,293614
374,293615
996,293705
96,293821
97,293822
421,293902
57,294200
58,294201
125,294339
904,294392
789,294692
1106,294819
953,295013
954,295014
955,295015
194,295190
169,295289
722,295409
828,295525
199,296276
1073,296590
171,296691
781,296739
788,296799
177,296907
994,296973
568,297069
576,297089
830,297121
544,297323
943,297514
523,297687
62,297758
411,297758
208,297894
177,298016
61,298054
62,298055
411,298055
542,298151
638,298265
542,298328
177,298653
204,298705
955,298988
576,299055
944,299072
870,299118
998,299218
324,299219
1114,299386
570,300045
710,300436
175,300532
176,300533
973,300805
444,300848
445,300849
570,301022
199,301367
1072,301663
558,301815
1110,301830
1111,301831
828,301941
829,301942
952,301960
994,302254
111,302471
570,302532
571,302533
904,302562
570,303084
539,303193
288,303430
590,303441
368,303442
169,303531
1134,303811
61,303840
62,303841
411,303841
141,303984
286,304005
287,304006
288,304007
445,304212
447,304214
176,304556
197,304637
849,304676
829,304992
370,305160
371,305161
372,305162
141,305301
830,305647
828,305868
829,305869
444,305996
125,306537
525,306545
526,306546
952,306623
1048,306634
690,306901
693,307112
194,307437
829,307494
711,307718
866,307732
198,308041
697,308260
1008,308342
835,308576
1134,308674
274,309778
90,310111
368,310698
994,310884
444,311067
152,311101
153,311102
867,311399
904,311607
125,311737
86,311857
194,311886
399,312123
865,312329
976,312743
977,312744
976,312803
690,313199
170,313250
171,313251
996,313396
943,313431
818,313575
25,314141
400,314446
849,314565
204,314652
270,314814
270,314848
61,314899
62,314900
411,314900
400,315048
420,315258
692,315372
693,315373
194,315416
474,315427
197,315467
704,315486
904,315680
942,316406
604,316551
175,316764
981,316821
982,316822
523,316977
56,317331
57,317332
58,317333
977,317368
1107,317582
942,317642
420,317646
604,317676
941,317806
707,317988
59,318200
191,318274
192,318275
818,318399
523,318858
956,318900
479,318983
445,319179
604,319374
558,319469
541,319568
976,319646
274,319968
275,319969
955,320027
956,320028
722,320194
196,320960
197,320961
904,321164
92,321193
342,321216
86,321362
88,321391
89,321392
690,321394
86,321656
576,321718
952,321727
370,322058
447,322184
1134,322297
275,322310
57,322376
830,322679
711,322728
952,322730
688,322902
194,323004
788,323383
952,323657
818,323671
567,323683
541,323746
980,323801
566,323879
567,323880
568,323881
197,324093
26,324616
479,325019
698,325088
199,325114
200,325115
829,325207
478,325293
175,325323
176,325324
199,325856
652,325984
56,326207
368,326285
369,326286
334,326352
576,326650
199,326726
847,327243
61,327253
194,327295
956,327590
722,327608
964,327699
25,327784
567,327841
568,327842
1131,327927
692,328181
276,328407
1048,328486
818,328501
194,328555
25,328648
26,328649
1097,328668
1098,328669
688,328832
994,328853
865,328878
866,328879
394,328901
395,328902
526,329086
527,329087
955,329146
956,329147
944,329421
737,329597
847,329625
570,330078
1072,330279
994,330612
167,330679
168,330680
169,330681
874,330766
169,330839
652,331079
828,331244
829,331245
688,331364
1047,331420
383,331469
973,331916
688,331985
994,332171
965,332382
688,332435
419,332631
420,332632
421,332633
1072,333092
542,333191
830,333310
874,333398
941,333516
942,333517
270,333827
61,334393
62,334394
411,334394
169,334452
170,334453
169,334463
170,334464
111,334530
604,334902
81,334962
917,335347
444,335737
445,335738
530,335743
567,335868
737,336101
1103,336194
209,336252
722,336352
604,336511
690,336554
175,336697
176,336698
830,336701
952,336770
197,337038
1098,337176
622,337187
59,337217
952,337218
622,337226
197,337688
994,337938
995,337939
996,337940
419,338080
420,338081
421,338082
528,338130
604,338143
995,338686
996,338687
539,338767
558,338827
422,338903
558,339033
980,339141
334,339187
688,339190
975,339749
690,339840
325,339918
371,339963
967,339964
692,340093
693,340094
828,340363
62,340437
411,340437
977,340545
995,340612
996,340613
830,340872
474,341029
87,341031
448,341071
690,341090
110,341351
944,341354
447,341438
868,341702
973,341829
523,341853
177,342113
539,342205
169,342424
868,342707
973,342834
523,342858
177,343118
539,343210
169,343429
868,343712
690,344138
758,344230
956,344425
957,344426
980,344792
943,344842
789,344866
88,345083
830,345959
944,346277
61,346626
62,346627
411,346627
559,346630
261,346642
1109,347184
965,347340
1104,347342
478,347432
479,347433
722,347639
965,347704
489,348164
659,348282
125,348648
141,348779
445,348975
524,349373
25,349377
698,350283
1047,350452
980,350501
178,350579
698,350580
699,350581
399,350723
197,350743
445,351239
421,351606
62,352327
411,352327
1107,352857
558,353198
175,353202
202,353277
110,353350
90,353421
692,354019
288,354288
660,354365
1073,354429
1106,354566
1073,354765
588,354838
829,354971
57,355128
1048,355257
788,355467
944,355610
288,355836
980,355860
870,356041
87,356393
270,356967
274,356971
275,356972
690,357184
141,357229
191,357441
192,357442
374,357669
818,357762
941,357949
942,357950
830,358458
956,358480
847,358562
976,358566
977,358567
1047,358693
952,358854
500,358991
61,359043
62,359044
411,359044
905,359128
383,359519
830,359650
25,359848
973,360478
399,360851
1097,361074
445,361208
711,361284
976,361729
977,361730
399,361757
90,362051
196,362079
61,362287
62,362288
411,362288
403,362353
957,362504
590,362661
368,362662
1134,362760
444,363223
697,363552
673,363578
559,363659
1134,363835
952,363919
994,363933
590,364018
964,364262
965,364263
1134,364340
96,364435
1047,364531
81,364663
698,364740
956,364892
630,364908
710,365031
788,365049
1097,365055
1098,365056
89,365068
847,365106
523,365128
524,365129
539,365195
521,365198
478,365199
1047,365624
1048,365625
1072,365704
830,365787
63,365795
25,365811
818,365849
57,365880
1099,365926
1100,365927
520,366019
61,366122
348,366148
479,366172
480,366173
944,366803
1047,366966
1134,367007
105,367250
325,367808
204,367883
754,367960
122,368054
973,368373
539,368608
87,368780
973,368985
706,369245
707,369246
564,369566
474,369839
1047,369855
956,369858
348,369962
447,370016
448,370017
570,370127
1097,370394
982,370396
847,370691
1008,370693
111,370852
965,370889
781,371307
1100,371484
197,371557
651,371560
652,371561
521,371721
965,371787
955,371910
447,371931
260,371968
571,372079
1050,372281
63,372784
419,372946
230,372947
231,372948
804,373092
369,373312
194,373455
195,373456
195,373501
835,373729
674,373841
973,373873
334,373901
422,374102
917,374504
917,374505
917,374506
917,374507
688,374509
447,374515
818,374618
604,374838
195,375094
918,375129
369,375172
370,375173
261,375258
191,375618
445,375747
1103,375945
998,376219
324,376220
325,376894
828,377021
954,377231
399,377253
953,377358
386,377702
26,378063
270,378165
175,378280
176,378281
944,378400
370,378480
175,378630
711,378765
847,378851
58,378979
699,379208
964,379394
965,379395
1047,379580
1048,379581
92,379604
1047,379808
994,379980
1072,380280
444,380335
191,380524
1047,380625
382,380891
372,380893
88,381047
89,381048
690,381050
942,381308
456,381411
419,381581
1098,381582
1104,381605
570,381636
589,381806
942,381813
394,382553
395,382554
288,382901
288,382919
262,383149
445,383345
1134,383384
688,383468
478,383564
198,383779
1134,384047
980,384056
1103,384088
965,384151
274,384347
111,384644
558,384967
559,384968
874,385034
178,385674
818,385687
780,385866
781,385867
651,385931
261,386097
64,386239
904,386251
368,386322
370,386476
57,386564
1072,386628
1073,386629
690,386762
262,386981
175,386991
176,386992
232,387004
781,387200
830,387428
576,388078
177,388515
828,388640
829,388641
788,388738
56,388746
444,388830
994,388872
169,388930
445,388974
25,389032
420,389192
421,389193
62,390075
411,390075
829,390141
178,390188
690,390234
382,390353
383,390354
622,390571
1059,390624
716,391044
60,391047
967,391328
952,391489
1115,391723
829,391759
1036,391996
372,391997
373,391998
1134,392078
543,392330
88,392648
89,392649
690,392651
59,392681
952,392682
170,393196
368,393219
369,393220
965,393374
1104,393376
1106,393378
1107,393379
61,393400
62,393401
411,393401
704,393657
542,394082
638,394083
673,394274
158,394308
944,394453
955,394679
692,394837
967,395218
56,395257
1047,395267
1048,395268
994,395308
1114,395434
25,395541
26,395542
994,396245
372,396357
373,396358
942,396565
231,396617
122,396665
818,396777
944,397130
818,397430
722,397532
524,397685
525,397686
941,397713
942,397714
527,397735
194,397890
403,397994
1107,398081
1108,398082
692,398183
942,398329
194,398349
274,399069
275,399070
96,399076
973,399113
61,399533
526,399829
1072,400089
1041,400178
996,400409
63,400578
722,400706
522,400763
523,400764
198,400866
1097,401036
1099,401147
1100,401148
660,401268
967,401364
232,401621
274,401677
560,401694
952,401851
865,402104
141,402506
874,402606
830,402821
829,402947
828,403074
829,403075
523,403476
524,403477
334,403513
690,403875
1041,404044
334,404121
1048,404130
830,404150
444,404432
758,404492
693,405062
528,405195
964,405614
1134,405738
604,405762
62,405812
411,405812
566,405887
111,405938
1134,405996
62,406184
411,406184
60,406237
61,406238
62,406239
411,406239
539,406370
541,406372
737,406423
25,406463
288,406479
566,406637
254,406664
604,406714
62,406787
411,406787
651,407268
976,407328
977,407329
1134,407676
191,407740
394,407927
479,408000
710,408247
828,408503
1081,408778
571,408781
604,408816
25,408886
830,408896
1018,409475
758,409538
1134,409695
199,409788
980,409987
944,410067
197,410810
847,411133
952,411161
967,411241
969,411338
1134,411705
994,412572
952,412583
382,412604
952,412835
286,412992
56,413336
1134,413340
197,413509
874,413580
722,413655
275,413728
92,413890
194,414059
58,414272
489,414277
829,414337
781,414366
122,414423
995,414442
996,414443
62,414548
411,414548
1101,415264
57,415318
57,415363
753,415416
324,415727
57,415909
1101,415921
1081,416205
1041,416839
692,416897
1104,416992
386,417237
874,417488
866,417594
867,417595
56,417735
57,417736
58,417737
965,417888
370,418163
270,418494
707,418636
169,418653
170,418654
192,418984
88,419102
89,419103
1097,419257
197,419281
605,419309
905,419369
965,419734
1134,419837
196,420163
197,420164
361,420213
1121,420277
274,420450
1134,420639
690,421095
818,421494
942,421744
690,421746
175,422093
1111,422166
1134,422273
62,422366
411,422366
1072,422598
58,422657
61,422773
111,422883
952,423021
1048,423327
445,423351
722,423560
1047,423722
1072,423740
980,423945
334,423966
651,424170
445,424248
737,424298
1090,424315
693,424362
830,424461
122,424739
1104,424929
96,425003
170,425010
478,425358
566,425608
567,425609
558,425928
996,426251
25,426379
298,426381
1134,426537
348,426591
177,426641
1106,426915
995,426925
996,426926
964,426956
110,427338
288,427341
56,427381
829,427847
169,428426
692,428579
693,428580
401,428860
942,429053
818,429188
980,429205
61,429415
62,429416
411,429416
63,429417
386,429880
847,429938
445,429979
1113,430090
370,430175
977,430258
956,430721
1100,430811
544,430934
905,431293
220,431348
445,431459
197,431983
198,431984
973,432175
447,432827
942,433513
61,433813
87,433848
88,433849
89,433850
90,433851
88,433911
870,434540
125,435020
125,435030
541,435402
542,435403
1072,435483
804,435693
722,435801
63,435830
209,435871
829,436156
56,436174
57,436175
58,436176
541,436180
955,436245
566,436250
567,436251
568,436252
1073,436346
1041,436362
905,436423
57,436426
177,436901
1107,437138
804,437313
191,437433
1047,437534
855,437689
197,437980
1107,438609
566,438688
567,438689
568,438690
1081,438811
953,438836
693,438853
541,439137
152,439221
153,439222
324,439232
208,439477
57,439510
847,439713
342,439856
521,439901
478,439902
191,439975
192,439976
975,440034
474,440042
56,440574
904,440620
1090,440918
590,440924
445,440940
953,441095
965,441348
690,441852
90,442180
274,442236
847,442269
982,442453
474,442466
956,442572
523,442585
86,442628
559,442659
274,442812
528,443501
370,443750
386,444204
722,444272
698,444286
370,444677
828,445386
1047,445394
781,445448
90,445762
374,445968
847,446006
781,446053
697,446080
64,446147
973,446525
865,446672
195,446908
196,446909
994,446942
651,447148
710,447188
56,447254
674,447270
980,447310
169,447582
975,447616
976,447617
977,447618
828,447643
1115,447823
956,447972
692,448009
1041,448019
965,448185
830,448331
175,448407
953,448415
520,448544
175,448730
198,448971
651,449121
382,449197
383,449198
674,449245
90,449256
25,449322
967,449736
191,449928
192,449929
474,450747
25,451001
539,451129
270,451146
649,451231
386,451617
944,451647
348,451682
967,451687
1097,451689
692,451811
693,451812
192,451822
541,451853
1097,451856
1098,451857
711,452478
623,452644
1081,452740
526,453158
866,453186
196,453472
197,453473
542,453490
522,453500
523,453501
96,453704
168,453868
201,454371
270,454471
653,454876
444,455042
445,455043
168,455948
964,456113
965,456114
1114,456196
169,456247
590,456472
368,456473
917,456533
993,456566
847,456596
171,456796
169,457018
1072,457035
1073,457036
667,457073
110,457178
231,457364
940,457579
1018,457757
1131,458098
1110,458173
489,458385
201,458433
197,458777
1072,459148
178,459235
953,459259
122,459267
866,459286
544,459347
56,459425
56,459539
447,459772
448,459773
412,459811
192,460670
274,460675
479,460686
480,460687
690,460790
1101,460931
169,461534
61,461647
62,461648
411,461648
63,461649
955,461756
274,462263
942,462410
270,462479
1047,462512
274,462696
158,462953
753,463508
274,463753
196,463795
386,463833
175,463953
622,464153
1131,464365
692,464415
693,464416
255,464613
361,464700
1081,464871
692,464882
194,464952
1134,465151
1041,465791
231,465851
275,466149
704,466169
604,466197
697,466684
197,467189
208,467205
209,467206
996,467238
274,467355
1050,467627
122,468122
520,468175
542,468433
56,468531
692,468649
383,469349
447,469351
955,469722
964,469788
965,469789
1103,469807
943,470016
1107,470721
1108,470722
866,470760
867,470761
158,471077
394,471128
395,471129
92,471188
1001,471308
942,471325
690,471327
523,471345
524,471346
525,471347
526,471348
444,471450
192,471531
605,471657
275,471895
62,472181
411,472181
63,472182
64,472183
526,472209
197,472370
198,472371
122,472423
905,472742
967,472783
274,472794
447,473098
447,473220
1072,473257
690,473452
199,473879
944,473951
191,474202
171,474867
541,475159
274,475546
475,475552
87,475681
88,475682
89,475683
690,475685
192,476011
196,476111
570,476219
209,476314
1001,476351
63,476617
539,476621
702,476624
866,476959
867,476960
520,477025
638,477026
275,477184
479,477394
541,477413
59,477640
952,477641
56,477993
288,478503
445,478600
421,478700
152,478707
177,478725
954,478826
57,479035
474,479069
676,479081
1047,479303
194,479382
370,479991
1098,480128
690,480173
1073,480252
62,480270
411,480270
953,480318
541,480550
171,480669
517,480902
194,481086
419,481472
231,481539
520,481587
967,481838
1097,481840
847,482823
1036,482931
967,482932
829,483003
274,483587
965,483763
980,483791
981,483792
982,483793
383,483882
57,484043
58,484044
175,484259
523,484708
399,484787
260,485187
917,485189
1047,485200
270,485360
447,485448
864,485521
370,485546
941,486133
942,486134
1050,486154
444,486204
541,486238
61,486389
905,486396
676,486449
198,486531
723,486581
220,486686
170,486984
56,487091
57,487092
622,487296
623,487297
965,487424
361,487733
788,487964
789,487965
368,488131
369,488132
965,488291
690,488792
275,488863
659,489005
275,489104
192,489181
400,489313
401,489314
965,489371
572,489661
566,489810
567,489811
604,490030
965,490090
500,490127
1131,490356
274,490649
541,490889
542,490890
88,490934
89,490935
650,491197
651,491198
1106,491243
847,491488
818,491669
56,492051
286,492053
697,492220
977,492312
197,492399
198,492400
944,492673
194,492781
195,492782
386,493066
994,493166
1134,493221
1106,493236
1064,493696
973,493714
274,493793
178,493845
152,493944
153,493945
867,494027
152,494064
86,494300
370,494431
528,494755
88,494823
89,494824
944,495600
953,495649
1108,495669
275,495885
944,495912
622,495927
25,496038
170,496085
25,496107
942,496197
1109,496559
520,496620
541,496666
542,496667
193,497037
788,497099
382,497151
373,497175
56,497468
57,497469
566,497618
567,497619
526,497724
111,497971
541,498101
111,498165
518,498309
208,498331
209,498332
474,498723
1134,498777
904,499097
955,499629
220,499705
192,499779
193,499780
1104,499791
1106,499793
1107,499794
638,500142
956,500170
1041,500223
56,500284
63,500529
969,500855
539,500938
1012,500940
967,501038
196,501263
208,501666
539,501737
196,502155
541,502268
444,502505
1107,502525
541,502597
479,502687
445,502800
541,502920
447,503113
448,503114
1134,503259
25,503542
1134,503571
175,503820
198,504012
199,504013
866,504053
781,504141
421,504162
63,504228
64,504229
288,504244
904,504349
944,505391
220,505453
676,505598
1134,505691
737,505841
191,505856
1001,505903
541,505973
847,506095
57,506489
1090,506621
703,507166
704,507167
638,507196
1047,507248
56,507422
383,507425
63,507434
1099,507449
953,507565
659,507753
178,507777
474,507939
977,508249
539,508574
541,508576
690,508622
91,508640
92,508641
542,508648
175,508662
710,508672
270,508835
704,508944
905,508976
269,509036
829,509123
977,509299
572,509569
1047,510053
1048,510054
479,510122
847,510541
697,510715
394,511058
395,511059
382,511276
967,511278
1097,511280
420,511281
529,511385
286,511393
445,511498
1050,511535
692,511657
965,511722
193,511802
286,511828
57,511982
829,512429
197,512703
904,512870
56,512982
1048,513304
952,513523
383,513895
754,514013
690,514191
1048,514336
368,514380
369,514381
270,514536
905,514563
169,514669
178,514682
56,515038
286,515040
383,515069
965,515126
965,515168
849,515202
275,515552
444,515601
520,515666
521,515667
478,515668
570,515917
1047,516351
520,516428
543,516429
1097,516522
168,516530
92,516707
445,517344
865,517566
25,517631
604,518053
62,518480
411,518480
847,518555
1008,518557
707,518612
192,518626
710,518664
693,518941
200,519464
201,519465
847,519582
521,519748
522,519749
478,519766
866,519837
867,519838
447,520056
288,520215
400,520334
419,520685
420,520686
421,520687
478,520940
953,520978
152,521103
199,521171
386,521264
369,521493
690,521496
254,521789
87,521794
88,521795
89,521796
500,522063
122,522395
956,522428
953,522569
444,522713
420,522891
421,522892
422,522893
348,523178
122,523192
520,523232
447,523672
1106,524015
967,524098
638,524185
722,524244
692,524352
576,524409
169,524833
170,524834
171,524835
220,524997
175,525234
175,525345
176,525346
604,525361
368,525390
692,525658
541,525671
489,525932
201,525982
692,526014
168,526030
1081,526043
965,526802
1104,526912
56,527158
255,527215
604,527220
444,527275
288,527599
288,527683
973,527775
382,528443
1104,528445
434,528536
191,528962
445,529040
866,529288
867,529289
169,529313
994,529342
1009,529462
169,529508
361,529571
697,529582
690,529595
905,529701
528,529945
566,530151
567,530152
61,530477
1059,530582
475,530627
288,530723
905,531000
255,531393
269,531562
528,531644
865,531668
520,531767
711,531773
690,531899
254,532131
96,532218
399,532382
981,532612
982,532613
828,532741
818,532772
1097,533041
559,533319
952,533390
539,533554
1047,533610
255,533864
953,534468
539,534784
566,534920
86,535153
847,535315
567,535435
568,535436
692,535486
866,536014
674,536904
570,536926
704,536977
517,536993
758,537151
56,537364
383,537367
1047,537394
638,537983
1081,538064
651,538143
722,539518
444,539541
445,539542
444,539969
1100,540114
539,540282
541,540394
692,540479
693,540480
361,540482
269,540557
520,540642
975,540738
976,540739
977,540740
87,540776
88,540777
89,540778
90,540779
479,540813
673,541135
198,541261
220,541332
1134,541336
370,541379
558,541554
456,541654
110,541664
111,541665
956,541933
386,541972
1097,542291
230,542292
567,542311
847,542395
541,542544
419,542608
956,542638
474,542654
867,542731
1098,542856
543,542954
544,542955
953,543245
204,543375
830,543752
275,543907
122,544020
698,544125
270,544240
274,544346
88,544413
89,544414
690,544416
1134,544431
191,544570
192,544571
62,544789
411,544789
722,545075
829,545085
673,545335
361,546150
1134,546390
96,546438
944,546705
59,546925
60,546926
191,546961
192,546962
1019,547098
342,547099
342,547358
361,547604
61,547940
274,547982
396,548086
1089,548086
523,548290
110,548319
111,548320
445,548449
25,548575
25,548644
828,549140
274,549382
570,549630
878,549653
697,549698
1047,549831
269,550228
1106,550384
1107,550385
965,550528
1047,550680
208,550846
209,550847
1115,551356
341,551490
419,551497
230,551498
969,551875
589,552022
62,552154
411,552154
542,552225
1106,552393
878,552478
865,552554
905,552845
59,553182
196,553810
197,553811
198,553812
952,553879
199,554102
200,554103
201,554104
544,554290
56,554370
57,554371
194,554432
715,554668
716,554669
651,554747
1041,554803
1104,555201
835,555217
847,555258
711,555392
874,555532
674,555897
638,555941
412,556052
199,556118
370,556152
444,556194
941,556391
942,556392
996,556610
191,556992
192,556993
196,557180
847,557315
177,557365
444,557456
324,557701
1048,557795
177,557932
194,558264
818,558364
56,558415
194,558714
372,558917
445,558926
818,559046
819,559047
370,559489
998,559657
324,559658
944,559695
847,559942
372,560006
830,560679
474,561220
177,561349
589,561537
956,561642
382,561725
63,561774
64,561775
570,562626
942,562682
394,562741
26,562820
275,562838
220,562977
865,563297
866,563298
638,563433
122,563595
517,563607
847,564428
693,564431
478,564466
445,564482
447,564693
348,564834
904,564993
660,565285
275,565743
1041,565787
399,565848
604,566296
973,566591
92,566866
270,567149
870,567182
559,567225
577,567541
270,567926
479,568126
1121,568340
110,568374
479,568501
1081,568525
193,568526
474,568629
955,568742
63,568753
444,569009
445,569010
275,569046
697,569070
698,569071
260,569435
722,569501
942,569581
348,570080
141,570205
520,570266
542,570358
1081,570406
274,570411
275,570412
567,570863
568,570864
568,570987
541,571072
542,571073
566,571219
567,571220
560,571291
674,571454
690,571697
866,571796
866,571899
564,572351
1107,572372
153,572770
274,572804
169,572886
977,573261
690,573347
192,573418
152,573637
169,573715
956,574150
954,574238
955,574516
956,574517
175,574538
444,574708
175,574754
175,574976
448,575057
942,575170
690,575172
542,575267
692,575393
520,575506
975,575654
976,575655
977,575656
942,575877
690,575879
141,576255
526,576286
198,576389
334,576427
965,576521
965,576536
192,576686
829,576838
196,576928
194,576937
956,577134
630,577218
474,577402
977,577767
847,577904
370,577950
539,578106
994,578322
201,578409
368,578558
59,578697
952,578698
830,579237
829,579408
419,579607
420,579608
421,579609
673,579613
542,580023
942,580213
400,580390
444,580502
96,580509
1134,580963
539,581031
479,581105
178,581143
1064,581268
202,581361
993,581867
994,581868
673,581954
456,581987
660,582107
447,582170
965,582311
447,582535
419,582687
1098,582688
692,583358
274,583763
973,583820
170,583834
994,583918
864,584342
445,584488
447,584490
382,585168
270,585422
1121,585893
191,586117
1110,586122
1097,586191
230,586192
231,586193
1113,586564
622,586792
623,586793
270,586839
638,587060
849,587268
177,587280
288,587305
261,587705
1081,587938
192,588072
209,588329
122,588833
274,588877
96,588984
818,589508
87,589678
88,589679
89,589680
399,589692
941,589749
539,590173
541,590175
668,590458
572,590638
274,590786
275,590787
170,591011
372,591086
373,591087
374,591088
1018,591115
716,591366
717,591367
169,591379
559,591478
944,591566
864,591606
917,591767
412,591784
269,591919
447,591997
448,591998
445,592004
559,592034
1104,592166
170,592194
941,592202
953,592423
955,592473
994,592844
956,593270
474,593678
25,593795
673,593898
674,593899
269,594079
270,594080
122,594106
697,594190
1134,594203
1047,594391
1134,594463
394,594517
693,594812
177,595051
288,595150
973,595265
445,595442
153,595465
197,595561
270,595797
274,596107
479,596184
270,596411
479,596480
942,596783
693,597024
270,597218
25,597578
192,597892
193,597893
86,598058
448,598171
722,598613
673,598673
905,598811
342,598906
382,599094
1104,599096
445,599461
44,599704
940,599719
524,599940
325,600034
194,600158
195,600159
196,600160
192,600358
274,600363
275,600364
445,600432
111,600582
176,600602
517,600760
445,600785
421,600853
175,601139
698,601157
994,601441
862,601509
111,601734
231,601766
386,601957
44,601960
690,602220
394,602246
395,602247
529,602276
865,602464
866,602465
867,602466
474,602544
690,602596
57,602618
58,602619
59,602620
952,602621
568,602710
474,602781
526,602797
1047,602890
523,602901
175,603019
941,603290
942,603291
177,603706
370,603810
169,604000
168,604005
528,604323
56,604378
57,604379
1072,604458
57,604556
568,604861
659,604968
58,604973
196,605037
197,605038
1112,605243
905,605313
419,605323
944,605555
175,605872
1107,605911
829,606184
399,606272
400,606273
528,606541
1072,606750
866,607027
867,607028
868,607029
288,607188
942,607231
690,607233
828,607474
829,607475
577,607527
673,607767
674,607768
419,607885
953,608163
605,608206
1134,608321
158,608359
1106,608438
1107,608439
1108,608440
939,608514
940,608515
576,608554
967,608642
542,608787
168,609054
993,609234
288,609280
197,609490
90,609531
445,609571
209,610080
1041,610198
1072,610438
1073,610439
711,610617
194,610655
92,610770
25,611082
26,611083
270,611115
58,611135
956,611168
175,611197
829,611348
558,611424
1101,611444
445,611701
828,611767
202,612037
638,612141
444,612255
953,612617
178,612834
698,612835
1041,612895
940,613302
590,613467
368,613468
369,613469
370,613470
445,613508
447,613510
479,613745
1104,613830
847,613889
374,613974
828,614015
176,614229
383,614347
953,614605
444,614911
528,614970
904,615060
870,615488
1081,615561
847,615585
396,615880
1089,615880
604,616040
399,616082
400,616083
269,616092
702,616153
386,616315
158,616755
270,616788
604,617013
1081,617231
169,617266
710,617573
711,617574
588,617687
1081,617748
56,618029
192,618197
193,618198
967,618261
1047,618842
59,618976
1072,619168
420,619448
421,619449
324,619499
847,619609
25,619641
26,619642
90,619860
788,620005
956,620014
270,620146
965,620182
275,620211
87,620242
178,620312
198,620320
199,620321
420,620706
421,620707
958,621010
711,621053
541,621057
542,621058
1131,621081
87,621139
447,621140
940,621147
382,621156
372,621158
56,621278
286,621280
110,621357
197,621390
829,621779
517,621832
622,621871
693,622072
361,622351
370,622551
676,622764
177,622819
191,622850
192,622851
1050,623307
697,623679
953,623896
953,623971
830,623974
539,624173
638,624176
525,624229
526,624230
904,624318
141,624600
692,624620
175,624641
1012,624721
1081,624831
521,624902
1113,625005
604,625064
996,625195
383,625303
1131,625322
170,625566
976,625652
977,625653
25,625683
474,625834
166,626561
167,626562
168,626563
422,626613
92,626777
275,626813
196,626960
818,627396
1081,627401
193,627402
325,627637
195,627888
994,627921
62,627969
411,627969
939,628046
940,628047
528,628202
953,628208
566,628260
567,628261
1134,628538
737,628962
1114,629033
26,629052
780,629252
1106,629424
1107,629425
847,629450
967,629573
722,629577
447,629733
125,629822
275,630120
781,630350
274,630855
444,631887
445,631888
274,631947
965,632043
1131,632294
828,632330
965,632600
576,632745
382,632789
383,632790
942,633122
125,633656
939,633819
940,633820
517,634009
167,634050
168,634051
169,634052
697,634072
698,634073
704,634209
447,634403
781,634563
818,634824
710,634841
697,635314
994,635329
568,635419
569,635420
194,635700
110,635713
541,635782
370,635864
722,635928
194,635952
177,636112
178,636113
953,636263
698,636317
699,636318
710,636680
996,636932
399,637182
168,637309
965,637442
692,637473
693,637474
965,637610
524,637623
753,637788
445,637860
976,637945
977,637946
965,638105
1134,638398
275,638450
692,638479
673,638587
373,638858
175,638920
692,639369
905,640229
474,640403
88,640766
89,640767
953,640816
196,641176
197,641177
194,641531
25,641646
254,641672
255,641673
541,642041
1047,642280
830,642294
444,642303
445,642304
753,642329
324,642347
1134,642373
520,642389
521,642390
445,642850
399,643087
61,643303
692,643354
693,643355
994,643535
270,643584
399,643687
400,643688
197,643701
198,643702
479,643853
86,644123
818,644296
570,644346
692,644409
693,644410
403,644531
444,644594
866,644727
867,644728
868,644729
692,644838
90,645012
269,645903
270,645904
275,646308
25,646314
26,646315
690,646440
1104,647065
722,647124
270,647260
400,647845
254,648289
175,648415
1131,648465
419,648494
386,648754
944,648821
544,649012
122,649280
866,649322
590,649413
368,649414
847,649661
61,649754
62,649755
411,649755
325,649783
447,649822
448,649823
57,650060
692,650414
254,650804
386,650828
288,651375
847,651827
1131,652120
197,652620
1047,652660
270,652672
994,652930
209,653395
994,653704
1104,653709
382,653881
141,654193
445,654296
1047,654460
698,654588
1113,654819
192,655244
953,655339
169,655552
170,655553
944,655752
489,655879
916,655986
904,656142
194,656216
87,656357
941,656473
170,656985
56,657015
288,657099
693,657108
755,657157
622,657737
274,657744
274,657801
674,657914
25,658276
26,658277
956,658689
953,658937
558,658967
559,658968
944,659040
141,659202
539,659241
830,659447
122,659466
87,659713
269,659884
818,660106
688,660154
286,660291
422,660326
952,660350
1036,660804
967,660805
847,661000
88,661018
89,661019
605,661174
828,661302
829,661332
866,661616
867,661617
973,661629
500,661800
122,661902
445,662053
209,662317
570,662909
539,662953
153,663160
475,663414
693,663881
500,663907
939,663955
940,663956
668,664070
698,664235
517,664243
942,664253
523,664350
829,664411
447,664456
655,664576
25,664717
690,664817
975,664938
976,664939
977,664940
693,664944
25,665020
445,665165
981,665181
1134,665204
274,665243
201,665803
382,665825
386,665874
862,666016
693,666292
270,666503
698,666628
818,666638
692,666681
692,667126
722,667477
713,667520
714,667521
196,667635
197,667636
361,667642
370,667778
941,667976
942,667977
690,667979
977,668109
122,668197
1108,668383
270,668388
1113,668478
456,668510
964,668643
965,668644
111,668734
178,669002
698,669003
92,669195
754,669772
755,669773
539,669947
830,670147
88,670287
1047,670394
1048,670395
274,670457
690,670642
692,670935
693,670936
953,671428
274,671492
904,671752
711,671977
275,672009
445,672115
673,672186
674,672187
942,672196
572,672219
61,672252
62,672253
411,672253
269,672438
270,672439
141,672492
394,672509
395,672510
270,672511
1134,672846
944,672863
518,672923
208,672999
209,673000
558,673126
192,673237
528,673276
866,673426
867,673427
274,673475
269,673485
342,673501
61,673584
62,673585
411,673585
698,673729
699,673730
566,673941
567,673942
1097,673979
1098,673980
818,674037
110,674104
111,674105
1073,674156
521,674301
830,674462
673,674931
372,674941
604,675329
878,675469
1113,675666
444,675710
692,675749
693,675750
558,675793
382,675895
383,675896
56,675992
523,676109
973,676143
269,676182
604,676314
996,676320
698,676454
394,676580
973,676741
58,676752
275,676777
382,676787
361,676905
541,677194
956,677243
372,677618
373,677619
374,677620
1047,677628
866,677759
88,677972
191,678139
111,678353
420,678754
421,678755
1019,678782
110,678924
874,678989
604,679005
400,679157
386,679208
62,679247
411,679247
692,679448
456,679821
520,680150
722,680192
419,680451
420,680452
904,680476
954,680964
401,681342
737,681647
61,681838
62,681839
411,681839
566,681923
567,681924
781,681973
939,682009
940,682010
558,682017
520,682403
56,682771
521,682870
478,682871
479,682872
177,682892
63,683023
953,683039
954,683040
955,683041
61,683264
62,683265
411,683265
866,683274
867,683275
325,683290
386,683337
197,683347
692,683351
192,683393
973,683523
688,683608
197,683683
57,683819
169,683936
170,683937
447,684198
941,684263
526,684634
692,684812
169,685123
973,685264
64,685780
25,685907
26,685908
141,685973
944,685982
169,686193
445,686414
688,686621
169,686757
444,686819
370,686879
141,686945
61,687038
62,687039
411,687039
57,687142
178,687198
698,687199
420,687275
1081,687330
604,687384
830,687559
965,687875
445,687964
966,688215
622,688324
673,688349
674,688350
275,688406
419,688441
158,688613
706,688618
942,688758
158,688902
964,688985
965,688986
197,688995
697,689200
698,689201
973,689337
1081,689731
722,689815
421,690295
61,690379
711,690396
692,690539
693,690540
870,690571
383,690596
571,690623
572,690624
456,691000
956,691095
288,691147
693,691250
361,691252
194,691274
737,691279
230,691337
61,691411
62,691412
411,691412
63,691413
197,691504
1106,691812
177,691859
905,691968
753,692291
693,692480
372,692892
1114,692899
170,692908
171,692909
604,692969
361,693191
541,693512
818,693647
269,693861
270,693862
1134,693903
692,693920
688,694006
520,694327
372,694414
526,694461
445,694989
1047,695725
231,696148
1073,696944
1107,697399
254,697503
111,697779
200,697916
201,697917
690,698087
952,698216
474,698720
61,698909
274,699017
904,699034
342,699056
369,699201
370,699202
939,699291
940,699292
1019,699721
170,699866
964,700056
191,700252
479,700415
254,700592
158,700695
400,700853
63,701108
368,701165
870,701252
830,701283
1073,701331
192,701482
1098,701487
96,701635
372,701830
704,701933
722,702275
274,702452
254,702646
445,702757
651,702840
1090,702865
260,702921
261,702922
194,702971
194,703176
994,703183
630,703482
967,703522
941,703711
942,703712
973,703860
996,703955
447,704220
270,704248
1082,704336
325,704490
399,704579
400,704580
399,704810
1072,705269
1073,705270
517,705343
520,705439
199,705681
445,705691
976,705724
977,705725
373,705739
539,705957
383,706012
56,706036
270,706118
994,706197
520,706485
1073,706540
693,706928
980,707155
444,707278
1131,707829
952,707894
478,708065
479,708066
566,708116
567,708117
622,708201
623,708202
1081,708237
576,708257
965,708362
965,708370
977,708518
197,708534
698,708729
693,709016
196,709329
195,709365
196,709366
197,709367
61,709597
62,709598
411,709598
865,709894
1104,710043
445,710186
1047,710198
154,710203
199,710402
967,710589
622,711096
419,711233
954,711461
942,711562
191,711715
370,711744
87,711769
977,711772
1097,712140
420,712141
138,712327
1134,712354
722,712945
866,713185
867,713186
269,713256
270,713257
96,713360
697,713369
965,713391
1081,713452
170,713827
866,713953
867,713954
710,713998
202,714034
202,714075
175,714456
176,714457
382,714466
1104,714468
1106,714470
866,714682
867,714683
868,714684
231,715061
192,715069
192,715093
567,715148
568,715149
399,715189
288,715194
59,715373
197,715792
676,715840
403,716002
865,716120
177,716369
177,716454
122,716766
953,716986
690,717363
953,717622
198,717817
261,717924
941,717934
942,717935
692,718099
693,718100
89,718107
447,718299
905,718887
370,719181
1041,719192
518,719269
178,719285
944,719943
348,720071
25,720111
26,720112
710,720341
711,720342
944,720518
564,720550
192,720642
444,720661
445,720662
191,720764
401,720976
122,721138
566,721202
541,721206
178,721252
168,721292
169,721293
570,721408
568,721627
982,721719
967,721796
58,721823
830,721887
523,722137
524,722138
25,722237
944,722349
867,722476
1110,722616
175,722768
967,722838
419,723159
230,723160
231,723161
175,723485
170,723718
676,723778
196,723961
1098,724360
1081,725010
275,725267
276,725268
518,725444
1090,725445
168,725510
197,725528
198,725529
955,725593
81,726174
828,726234
638,726290
254,726329
1047,726393
953,726766
956,726938
955,726966
88,727155
89,727156
1072,727276
1073,727277
698,727313
673,727439
674,727440
996,727716
447,727722
660,727980
383,728011
204,728043
288,728253
122,728502
394,728784
395,728785
692,728868
692,729023
269,729029
710,729085
475,729240
373,729242
475,729352
373,729354
56,729461
208,729471
208,729865
191,729966
122,730056
605,730077
828,730167
829,730168
198,730392
697,730508
698,730509
973,730654
171,730865
399,731278
400,731279
401,731280
715,731444
199,731572
275,731594
1097,731793
420,731794
421,731795
866,731881
867,731882
197,731912
401,732044
1134,732139
122,732286
1131,732484
737,733566
177,733689
445,733722
965,733880
191,734004
63,734157
479,734181
955,734326
956,734327
864,734351
63,734708
220,734908
964,735171
965,735172
722,735452
61,735462
62,735463
411,735463
975,735478
652,735502
957,735579
722,735811
952,735952
980,736258
386,736307
158,736660
539,736799
26,736895
270,737035
865,737125
274,737339
539,737363
692,737368
1047,737377
25,737428
421,737636
348,737670
847,737742
198,737771
196,737870
956,737888
1012,737965
956,737984
288,738132
25,738187
288,738513
61,738608
980,738726
448,738838
478,738940
1107,739017
1108,739018
1109,739019
479,739160
692,739249
63,739458
64,739459
1134,739657
710,739687
434,739959
570,739967
382,740251
866,740330
952,740543
828,740547
692,740667
673,740692
673,740982
324,741204
192,741481
111,741603
576,741713
1134,741805
122,741957
1072,742432
829,742484
975,742615
867,742740
274,742817
275,742818
175,742840
975,742896
976,742897
525,743391
526,743392
874,743398
847,743436
523,744286
524,744287
197,744445
722,744698
158,744770
361,744833
193,744968
25,745039
688,745083
973,745123
111,745170
269,745341
542,745495
521,745496
478,745497
479,745498
403,745535
177,745578
1134,745606
1107,745808
1108,745809
152,746233
736,746349
63,746544
208,746959
25,747021
955,747071
541,747391
967,747827
529,748010
570,748190
630,748238
576,749065
1097,749725
230,749726
567,749745
847,749829
541,749978
419,750042
956,750072
474,750088
867,750165
1098,750290
993,750339
63,750521
64,750522
1041,750528
125,750572
270,750688
274,750692
175,751070
722,751181
361,751206
122,751369
61,751619
62,751620
411,751620
342,751627
522,751926
523,751927
524,751928
81,751936
967,752101
56,752106
57,752107
1107,752394
673,752623
56,753022
57,753023
286,753190
287,753191
177,753240
175,753815
386,754141
370,754214
943,754227
177,754301
1112,754658
1041,754936
652,754938
828,755077
829,755078
1097,755451
420,755452
590,755517
676,755770
1047,756015
197,756075
866,756153
867,756154
653,756164
269,756184
878,756359
86,756524
865,756596
170,757033
973,757226
523,757409
967,757750
524,757758
944,758172
525,758230
604,758258
541,758289
542,758290
917,758431
589,758546
539,758658
1101,758779
167,758787
168,758788
169,758789
170,758790
1098,759110
171,759342
419,759524
230,759525
190,759796
191,759797
192,759798
193,759799
444,760017
445,760018
874,760122
403,760395
973,760655
1113,760723
520,760848
867,761055
196,761282
197,761283
419,761365
369,761389
804,761852
474,761911
25,761936
660,762265
399,762349
1047,762470
994,762629
965,762853
835,762873
693,762982
122,763031
737,763151
558,763388
1050,763843
192,763938
693,763986
361,763988
1106,764000
479,764045
63,764068
63,764318
693,764427
523,764578
524,764579
153,764611
1081,764982
193,764983
191,765239
269,765304
479,765438
141,765456
542,765606
638,765607
980,765800
955,765866
942,766086
904,766387
198,767131
169,767263
953,767457
61,767761
62,767762
411,767762
942,767842
690,767844
711,768001
975,768258
976,768259
474,768596
447,768743
96,768779
270,768968
530,769041
500,769167
447,769175
445,769314
994,769491
975,769973
541,769978
542,769979
525,770240
526,770241
527,770242
528,770243
61,770402
62,770403
411,770403
152,770496
153,770497
370,770570
269,770702
270,770703
368,770823
369,770824
26,770880
576,771111
942,771267
275,771482
570,771553
1134,771587
969,771671
993,771853
175,772121
401,772290
604,772414
447,772746
1081,772878
847,773244
373,773360
1047,774038
690,774132
953,774188
1134,774541
270,774657
175,774850
394,775108
690,775168
192,775256
193,775257
976,775774
977,775775
847,776095
1072,776239
780,776355
86,776574
274,776719
973,776853
1015,776904
1001,777119
558,777251
191,777441
170,777730
864,777840
688,778426
722,778706
541,778897
92,778952
63,778956
692,779077
169,779745
474,780102
419,780127
373,780256
445,780490
967,780691
638,780828
201,780917
830,780923
168,781014
169,781015
122,781410
57,781642
517,781669
298,782154
56,782179
956,782185
957,782186
270,782203
141,782321
532,782374
975,782434
976,782435
977,782436
169,782533
170,782534
269,782756
270,782757
595,782900
192,782904
193,782905
122,782969
570,783002
325,783101
1008,783116
194,783153
994,783206
944,783317
692,783472
956,783592
168,783789
692,783866
196,783947
197,783948
542,784070
382,784080
383,784081
298,784115
711,784466
394,784554
91,784591
92,784592
955,784744
955,784839
955,784934
955,785029
576,785175
288,785549
542,785802
543,785803
544,785804
96,785993
479,786085
480,786086
274,786152
195,786227
722,786311
539,786326
141,786495
1047,786781
1048,786782
956,786916
1106,786964
1107,786965
1108,786966
1047,787061
690,787388
277,787485
394,787562
395,787563
62,788015
411,788015
1106,788070
444,788283
523,788424
96,788440
622,788499
1047,789087
1048,789088
274,789136
275,789137
209,789144
1019,789439
828,789730
192,789817
693,789954
361,790141
692,790234
529,790730
526,790923
754,791017
539,791220
79,791272
1134,791801
324,791862
1098,791994
1099,791995
422,792116
199,792243
200,792244
110,792513
57,792652
1072,792952
1073,792953
993,793120
904,793218
1047,793227
996,793383
830,793418
560,793543
57,793825
673,793861
171,794031
866,794570
480,794792
544,795308
674,795491
675,795492
81,795535
447,795553
269,795918
1047,795940
965,796124
520,797029
374,797135
57,797220
692,797899
194,797931
704,798234
576,798438
952,798488
325,798820
444,798933
479,798978
692,799162
847,799344
690,799386
541,799628
542,799629
401,799683
541,799706
542,799707
399,799726
400,799727
401,799776
570,799790
541,799882
59,800140
528,800291
1047,800435
995,800889
996,800890
153,800938
539,800994
274,801039
558,801349
559,801350
57,801369
965,801824
169,801912
170,801913
342,801944
944,802243
520,802310
445,802527
25,802544
1108,802602
955,802848
956,802849
178,802862
698,802863
905,803065
141,803110
539,803135
702,803138
703,803139
697,803308
698,803309
697,803513
698,803514
865,803639
125,804020
59,804288
952,804289
905,804290
1134,804619
475,805089
197,805136
198,805137
673,805156
524,805300
423,805313
370,805362
1073,805457
830,805782
558,805883
1097,805908
420,805909
275,805922
1041,806235
652,806237
152,806313
758,806356
1134,806499
867,806509
1097,806948
399,807247
651,807312
567,807874
568,807875
541,808004
542,808005
698,808314
699,808315
444,808454
445,808455
202,808874
152,809062
194,809328
673,809370
674,809371
698,809435
25,809463
26,809464
942,809483
370,809582
419,809684
956,809874
957,809875
722,809928
866,810019
867,810020
944,810053
255,810245
870,810527
192,810661
194,810733
864,811114
525,811120
192,811288
87,811316
199,811386
175,811436
176,811437
1100,811456
1101,811457
194,811475
847,811713
420,811726
421,811727
973,811978
870,812141
698,812638
699,812639
976,812666
977,812667
25,813125
26,813126
758,813479
954,813606
955,813607
56,813656
57,813657
58,813658
788,813726
88,813771
196,813818
692,814101
270,814162
753,814341
61,815325
62,815326
411,815326
473,815363
474,815364
154,815418
697,815432
447,815634
194,815808
953,816081
698,816095
944,816363
342,816470
325,816612
370,816787
566,817051
567,817052
423,817256
865,817488
866,817489
96,817546
192,817685
193,817686
90,817750
274,817755
828,817801
829,817802
192,817892
940,818111
604,818181
192,818544
1047,818591
370,818678
539,818730
1047,818883
191,818937
192,818938
697,818995
698,818996
61,819038
62,819039
411,819039
659,819423
193,819670
445,820105
1106,820199
96,820801
965,820891
722,820903
904,820988
953,820989
722,821046
517,821145
673,821250
674,821251
286,821612
1041,822058
865,822376
475,822683
994,822996
542,823030
964,823110
177,823356
192,823828
528,824014
942,824064
270,824221
710,824475
711,824476
1047,824677
370,824686
110,824949
111,824950
788,825012
996,825566
274,825610
444,825887
528,825960
829,825977
1106,826181
193,826234
942,826472
541,826530
692,826534
153,826548
818,826772
1100,827167
63,827209
177,827280
1106,827735
1107,827736
1134,827955
973,828061
1041,828279
690,828289
1081,828452
61,828500
62,828501
411,828501
905,828526
125,829179
973,829546
941,829696
274,829882
690,830247
194,830275
325,830287
90,830322
86,830495
368,830704
1081,831001
386,831009
175,831197
955,831232
370,831562
254,831621
544,831629
673,831650
168,831743
176,831967
567,831974
829,832078
722,832249
697,832285
698,832286
521,832720
195,832850
196,832851
197,832852
269,832988
479,832995
722,833160
1047,833301
88,833353
89,833354
638,833439
374,833782
386,833828
659,833841
651,833844
197,833886
193,833894
942,833984
110,834251
692,834399
993,834570
688,834609
61,834643
197,834798
539,835037
521,835040
522,835041
523,835042
566,835086
567,835087
568,835088
569,835089
539,835096
270,835306
1081,835433
905,835560
63,835661
1047,835672
1098,835770
520,836282
638,836283
270,836414
1081,836965
361,836983
1047,837148
158,837262
56,837340
57,837341
847,838040
651,838496
274,838531
194,838586
191,838660
170,838734
171,838735
966,838886
372,838887
690,838974
956,839481
92,839529
1112,839845
61,840009
690,840027
952,840039
944,840399
993,840605
994,840606
196,840686
1134,840714
1098,840832
690,840846
944,840888
63,840920
270,841218
830,841227
478,841250
479,841251
90,841366
177,841623
274,841703
818,841891
1041,842064
89,842089
90,842090
361,842095
479,842219
197,842323
260,842447
688,842449
399,842896
400,842897
1134,843277
86,843430
953,843454
659,844172
604,844511
260,844597
178,844820
1097,844984
1134,845078
722,845129
867,845846
1041,845877
445,846254
274,846348
342,846880
847,847152
447,847192
153,847563
194,847625
92,847891
56,847897
198,847916
479,848047
111,848122
690,848389
274,848421
334,848644
201,848651
542,848879
447,848943
382,849068
63,849187
269,849241
954,849301
955,849302
26,849884
270,849892
1097,850030
1098,850031
204,850043
445,850103
693,850149
1072,850559
372,850703
864,850749
604,850883
62,851129
411,851129
954,851156
448,851390
445,851396
1050,851494
479,851592
698,851654
956,851683
957,851684
993,851999
154,852095
870,852170
202,852275
196,852333
261,852343
262,852344
1104,852598
953,852635
1106,852702
57,852812
944,853233
61,853267
62,853268
411,853268
141,853445
445,853598
479,854280
63,854500
97,854687
57,855165
58,855166
88,855424
89,855425
692,855778
693,855779
781,855857
520,856174
270,856190
781,856208
528,856259
517,856519
542,856732
479,856742
944,856911
693,856991
521,857100
478,857101
781,857211
697,857469
1134,858510
231,858571
953,858669
711,859003
44,859807
177,859815
941,859855
286,859923
904,860227
523,860360
526,860568
479,861391
480,861392
1050,861702
1134,861719
692,861728
348,861801
122,862330
167,862407
141,862628
1071,862674
1072,862675
1073,862676
944,862805
692,863225
480,863227
1131,863334
1059,863670
288,863764
955,864174
956,864175
957,864176
944,864187
829,864245
178,864304
177,864498
1074,864675
1075,864676
818,864813
651,864824
394,864875
395,864876
90,864975
88,865011
89,865012
993,865080
1081,865158
604,865169
693,865227
690,865701
630,866011
520,866041
688,866067
445,866688
194,866770
622,866888
737,867017
478,867191
952,867197
1107,867511
690,867536
230,867991
231,867992
692,868000
274,868026
177,868545
168,868631
737,868809
383,868920
1121,868941
122,869031
753,869121
26,869178
63,869292
199,869325
688,869427
690,869429
944,869748
201,870067
169,870252
690,870578
56,870693
559,870834
541,871035
275,871094
191,871111
58,871151
444,871291
847,871410
383,872062
542,872083
652,872099
334,872359
711,872429
804,872443
25,872583
1115,872664
518,872745
1090,872746
168,872777
169,872778
209,873012
209,873099
865,873298
544,873423
88,873445
89,873446
90,873447
1047,873736
361,873909
370,874837
371,874838
967,874839
92,875029
1113,875126
122,875188
338,875304
847,875529
847,875735
878,875900
692,876135
690,876281
274,876286
941,876371
576,876492
288,876587
324,877379
994,877469
698,877540
412,877918
952,878037
370,878123
867,878919
196,878951
197,878952
1050,879207
722,879584
500,880040
830,880074
382,880217
604,880451
973,880500
270,880696
541,880784
400,880907
419,880966
158,881071
288,881951
870,882149
690,882180
706,882243
479,882276
63,882294
44,882418
1047,882953
171,883039
169,883163
170,883164
692,883802
622,884060
197,884109
198,884110
595,884121
192,884190
193,884191
865,884203
372,884429
274,884483
275,884484
394,884501
395,884502
421,884558
692,884582
693,884583
361,884585
86,884716
274,884801
528,885109
394,885267
395,885268
444,885479
445,885480
489,886039
96,886069
955,886306
944,886379
169,886648
170,886649
955,886875
374,886922
818,887219
274,887245
177,887300
651,887386
692,887454
274,887578
275,887579
1107,887646
92,887738
973,887955
386,888120
92,888242
141,888316
325,888335
274,888862
275,888863
559,888969
1100,889018
943,889141
953,889455
170,889552
829,889949
1047,890019
1097,890102
420,890103
421,890104
975,890134
976,890135
977,890136
169,890318
269,890430
1047,890453
168,890515
1098,890736
445,891133
96,891264
659,891299
699,891436
577,891764
277,891848
942,891879
690,891887
980,891986
981,891987
982,891988
944,892100
88,892144
541,892395
56,892615
1114,892695
1134,892833
559,893068
62,893593
411,893593
828,893641
829,893642
570,893708
566,893791
567,893792
568,893793
111,893842
711,894339
88,894370
270,894742
541,894805
63,894809
829,894855
830,894928
276,894992
964,895281
690,895484
830,895564
370,895834
829,895872
201,895877
520,896008
1134,896257
964,896428
419,896454
544,896463
969,897064
944,897207
653,897309
87,897691
56,897723
57,897724
722,897910
866,897944
867,897945
952,898016
604,898082
722,898207
576,898458
964,898536
275,898659
286,898897
287,898898
576,899246
952,899416
171,899457
274,899654
168,899929
26,900146
829,900258
541,900346
690,900686
692,900688
255,900978
994,901164
87,901177
56,901188
57,901189
1047,901321
704,901349
445,901666
269,901679
722,901961
111,901974
447,902173
177,902340
830,902351
196,902418
964,902589
965,902590
604,902699
866,902826
867,902827
374,903185
175,903550
571,903558
973,903649
419,903909
722,904214
952,904235
830,904447
274,904838
61,904861
274,905143
711,905160
692,905266
191,905276
830,905331
673,905864
941,906093
942,906094
175,906180
275,906305
175,906480
967,906583
866,906628
383,906716
270,906798
572,907138
447,907247
448,907248
1131,907335
198,907475
141,907630
653,907730
692,907828
693,907829
62,907895
411,907895
56,908124
544,908249
197,908619
1097,908671
1098,908672
1097,908719
1098,908720
372,908728
325,909006
141,909074
622,909184
386,909270
958,909287
374,909353
1041,909594
1063,910275
1064,910276
982,910361
111,911635
604,911668
201,911752
176,912008
198,912022
577,912133
111,912752
361,912944
274,913012
383,913500
369,913669
175,913706
692,914355
371,914385
967,914386
421,914429
270,914651
1098,914669
62,914739
411,914739
475,914994
177,915009
201,915317
288,915631
275,915883
401,916225
829,916863
129,916945
419,917135
541,917169
403,917189
980,917391
604,917497
830,917505
955,917574
288,917634
1041,917883
26,917978
737,918005
692,918070
781,918206
690,918207
62,918422
411,918422
96,918453
447,918655
829,918845
604,918988
954,919007
122,919028
195,919074
196,919075
952,919130
372,919243
788,919381
829,919480
56,919862
847,920035
570,920044
943,920293
944,920328
829,920566
830,920567
830,920588
288,920719
829,920727
369,920972
370,920973
191,920993
420,920997
421,920998
674,921081
737,921296
692,921299
255,921525
1041,921555
1072,921690
386,921705
25,921863
710,921937
255,922088
382,922273
977,922479
722,922483
194,922584
192,922724
193,922725
370,922805
965,923031
698,923120
699,923121
674,923250
479,923360
25,923693
394,923806
395,923807
818,924226
818,924275
523,924296
704,924461
25,924493
973,924995
980,925323
372,925410
168,925456
722,925478
737,925629
692,925632
269,925866
955,925885
274,926013
275,926014
521,926185
400,926234
401,926235
275,926387
722,926620
288,926635
87,926821
269,926962
111,926980
980,927100
1099,927102
269,927149
270,927150
604,927251
904,927606
982,927700
865,927708
1041,927761
517,927803
231,927811
956,927874
270,928020
86,928046
444,928173
373,928275
374,928276
722,928632
374,928683
818,928949
63,929292
230,929298
690,929345
941,929549
942,929550
755,929732
521,930006
230,930024
528,930115
178,930216
88,930321
89,930322
90,930323
25,930340
26,930341
56,930468
286,930470
287,930471
288,930472
539,930486
176,930544
1081,930607
693,930638
847,930778
690,930824
479,930908
967,931174
270,931208
1047,931398
674,931535
955,931653
444,931737
445,931738
1134,931859
558,931913
559,931914
25,931952
26,931953
944,932138
939,932196
940,932197
445,932471
518,932729
904,932754
864,932775
286,933302
447,933440
175,933722
61,933873
62,933874
411,933874
175,933918
1134,934372
175,934893
576,935052
818,935463
88,935580
952,935875
905,936298
702,936577
703,936578
704,936579
567,936801
568,936802
953,936854
847,937195
1081,937285
975,937354
976,937355
977,937356
57,937443
818,937582
122,937625
939,937628
940,937629
942,937781
690,937783
539,938244
541,938246
25,938285
421,938361
445,938782
288,938893
274,938934
1047,939208
269,939310
394,939324
395,939325
270,939326
361,939330
604,939507
274,939567
754,939607
196,939739
955,939815
975,939939
976,939940
977,939941
828,939945
370,940063
270,940486
604,940822
61,940836
62,940837
411,940837
177,940871
270,940980
445,941353
693,941553
955,941639
57,941929
692,942030
399,942325
400,942326
994,942413
995,942674
996,942675
197,942722
194,942757
447,942917
448,942918
956,942986
153,943022
866,943431
867,943432
604,943484
659,943544
447,943944
566,944131
521,944452
370,944978
56,945234
57,945235
542,945449
543,945450
544,945451
288,945486
690,945530
692,945544
693,945545
830,945549
1131,945572
175,945868
269,946700
394,946809
638,946861
692,946865
693,946866
1048,947202
420,947219
421,947220
254,947420
270,947445
386,947451
975,947941
976,947942
977,947943
576,948056
209,948234
445,948332
942,948377
576,948381
690,948400
57,948443
758,948769
92,948824
692,948874
693,948875
993,949064
651,949216
175,949343
209,949351
89,949483
90,949484
111,949512
864,949534
539,949631
25,949864
847,949899
693,949902
56,949946
57,950010
26,950039
692,950050
434,950072
25,950256
394,950756
395,950757
25,950884
153,950929
994,951147
386,951383
197,951461
25,951476
674,951564
675,951565
674,951606
660,951699
865,952005
866,952006
867,952007
975,952009
976,952010
977,952011
994,952604
698,952719
275,952813
967,952907
673,953078
528,953157
25,953511
905,953568
942,953684
690,953686
570,953915
994,954036
667,954332
1100,954417
527,954488
286,954776
56,954833
57,954834
194,955520
952,955613
447,955855
539,956049
1095,956070
445,956204
220,956437
202,956536
964,956580
169,956603
1098,956924
994,957027
673,957072
870,957225
955,957343
944,957559
200,957694
201,957695
953,957941
337,957956
855,958031
274,958193
275,958194
917,958381
539,958526
419,958613
1098,958614
1099,958799
1100,958800
370,958808
371,958809
967,958810
196,958816
638,959021
394,959384
395,959385
942,959557
692,959744
674,959949
177,960167
576,960449
711,960800
382,961065
383,961066
1047,961152
866,961174
255,961211
1047,961357
445,961364
818,961380
445,961622
81,961655
711,962036
952,962038
976,962130
977,962131
168,962358
692,962381
692,962417
1072,962766
191,962855
192,962940
673,963025
676,963261
370,963450
81,963459
370,963495
191,964003
192,964053
1082,964054
965,964072
1047,964523
445,964909
996,965127
175,965225
342,965544
56,965842
500,966264
400,966337
81,966370
1073,966539
956,966893
957,966894
1081,967016
967,967398
419,967936
1098,967937
64,967940
478,968003
812,968118
813,968119
59,968164
60,968165
1104,968640
980,968855
953,968917
692,969078
975,969092
976,969093
977,969094
61,969136
62,969137
411,969137
62,969172
411,969172
412,969173
383,969478
444,969871
605,970086
111,970255
969,970286
62,970474
411,970474
412,970475
152,970774
372,970922
878,971022
61,971122
522,971333
523,971334
524,971335
525,971336
1059,971398
526,971602
92,971721
57,971774
722,971878
1047,971950
539,972016
288,972183
692,972468
847,972614
693,972856
56,973008
830,973181
780,973196
1073,973260
692,973289
269,973414
270,973415
1134,973537
977,973836
570,973989
1081,974265
1101,974311
62,974399
411,974399
1073,974466
865,974509
1048,974718
1041,974870
90,975005
905,975019
953,975034
274,975167
480,975254
177,975407
178,975408
866,975755
867,975756
566,975804
567,975805
568,975806
566,975919
567,975920
568,975921
953,976278
1106,976345
370,976583
722,976755
57,976782
1047,977058
1134,977072
191,977160
570,977257
199,977300
847,977515
847,977872
191,977963
693,977994
1134,978143
558,978567
539,978820
956,979174
87,979363
88,979364
1047,979401
1048,979402
543,979506
544,979507
998,979519
324,979520
539,979608
1097,979612
420,979613
421,979614
981,979927
176,980002
178,980291
1072,980455
370,980466
525,980580
479,981282
261,981372
254,981620
479,981769
966,982109
967,982110
204,982425
122,982470
965,982523
1104,982525
1041,982870
847,982910
324,982974
260,983075
154,983300
847,983398
994,983670
63,984074
1098,984245
1081,984366
456,984671
973,984676
829,985020
1072,985036
479,985060
61,985242
62,985243
411,985243
965,985309
965,985456
177,985588
152,985776
25,986022
56,986125
870,986152
286,986168
1106,986250
558,986886
722,987022
25,988103
196,988274
197,988275
722,988361
576,988785
674,988823
394,988941
395,988942
141,988993
956,989223
955,989321
781,989433
781,989985
177,990109
1107,990233
865,990290
955,990311
956,990312
474,990342
26,990519
722,990599
194,990882
90,990932
419,990982
400,991060
269,991273
830,991389
576,991408
967,991444
693,991627
196,991672
905,992013
57,992148
473,992153
141,992196
541,992342
692,992355
693,992356
89,992741
478,992830
830,992918
965,992975
674,993023
1048,993151
1131,993165
953,993208
973,993232
855,993410
1072,993421
967,993610
1103,993684
122,994069
905,994144
57,994147
270,994152
606,994282
195,994409
196,994410
541,995209
192,995777
324,995798
942,995877
1071,995992
1072,995993
208,996005
63,996075
61,996193
62,996194
411,996194
781,996724
818,996857
274,997009
660,997134
400,997192
1097,997442
1098,997443
973,997459
541,997477
944,997507
1134,997521
955,997728
1134,997776
474,997981
141,998006
518,998195
478,998215
479,998216
197,998342
198,998343
445,998382
361,998655
386,998803
828,998915
829,998916
1112,999255
994,999366
64,999453
444,999574
445,999575
56,999771
56,999928
169,999935
1134,1000120
445,1000218
711,1000298
952,1000300
576,1000303
61,1000465
61,1000591
396,1000848
1089,1000848
828,1001198
111,1001315
478,1001391
944,1001523
197,1001991
865,1002245
122,1002267
576,1003635
818,1003659
996,1003717
559,1003947
955,1005183
956,1005184
370,1005278
698,1005349
973,1005974
524,1006333
194,1006427
942,1006445
944,1006577
965,1006782
952,1007252
722,1007284
849,1007392
444,1007411
445,1007679
25,1007753
56,1008012
942,1008184
697,1008189
698,1008190
722,1008669
153,1009029
1047,1009061
400,1009284
25,1009295
169,1009569
905,1009608
270,1009764
576,1009855
1106,1009875
953,1009893
394,1009975
395,1009976
270,1009977
955,1010229
956,1010230
866,1010373
693,1010541
630,1010632
1047,1010698
520,1010751
638,1010752
847,1010755
56,1010797
57,1010798
479,1010968
525,1011008
270,1011148
559,1011183
399,1011572
25,1011622
382,1011632
753,1011891
288,1011999
289,1012000
92,1012310
905,1012331
847,1012557
88,1012588
89,1012589
1106,1012652
834,1012795
231,1013438
994,1013677
542,1013747
638,1013748
722,1013933
692,1013946
973,1014059
478,1014090
541,1014204
542,1014205
521,1014206
818,1014341
1041,1014529
542,1014713
543,1014714
955,1014760
201,1014878
520,1014882
521,1014883
1072,1014962
1073,1014963
698,1015196
110,1015300
994,1015303
673,1015882
577,1016056
604,1016203
370,1016473
710,1016524
91,1016770
92,1016771
781,1016843
1072,1016885
692,1016961
175,1017093
386,1017367
604,1017412
177,1017658
178,1017659
177,1017882
178,1017883
692,1018040
604,1018056
274,1018266
965,1018404
445,1018638
447,1018640
448,1018641
956,1018773
957,1018774
710,1018789
197,1018956
541,1019109
542,1019110
956,1019213
957,1019214
1134,1019713
191,1019929
558,1020035
559,1020036
517,1020471
828,1020484
829,1020485
572,1020657
1106,1020670
403,1020991
753,1020996
176,1021022
370,1021031
62,1021864
411,1021864
697,1021886
692,1022113
1019,1022240
342,1022241
943,1022254
420,1022391
953,1022445
400,1022581
576,1022807
753,1022957
197,1023084
198,1023085
1041,1023320
386,1023647
341,1023659
342,1023660
394,1023843
1134,1023950
196,1023966
698,1024080
269,1024505
89,1024581
90,1024582
527,1025518
288,1025569
520,1025606
638,1025607
964,1025779
965,1025780
479,1025852
208,1026004
192,1026324
220,1026357
1134,1026379
1106,1026445
274,1026529
325,1026671
419,1026814
982,1026816
1048,1026863
904,1026933
1018,1027036
269,1027056
270,1027057
474,1027078
444,1027146
847,1027174
994,1027336
722,1027377
954,1027408
25,1027490
26,1027491
941,1027510
195,1027597
197,1027652
692,1027656
693,1027657
1131,1028405
348,1028603
92,1028693
966,1028911
967,1028912
692,1029218
1107,1029366
92,1029395
781,1029672
348,1029776
638,1029792
692,1029796
955,1030027
196,1030104
396,1030244
1089,1030244
527,1030431
528,1030432
558,1030699
559,1030700
829,1030857
421,1030964
122,1031068
274,1031115
1047,1031244
1048,1031245
692,1031289
693,1031290
373,1031577
374,1031578
122,1031603
525,1031711
96,1031927
1081,1031988
1048,1031994
956,1032368
1047,1032406
175,1032776
1106,1032795
269,1032970
1134,1033107
194,1033539
693,1033579
255,1034178
559,1034424
474,1034468
1047,1034526
334,1034540
199,1035028
342,1035126
953,1035138
704,1035201
474,1035230
382,1035259
383,1035260
473,1035554
965,1035821
445,1035881
194,1035899
175,1036172
198,1036295
372,1036302
254,1036426
194,1036485
944,1036774
660,1036898
541,1037217
348,1037371
337,1037738
286,1038059
274,1038248
690,1038517
122,1038576
342,1038695
90,1038983
956,1039041
169,1039301
1106,1039459
1107,1039460
829,1039503
830,1039504
1098,1039561
169,1039613
170,1039614
275,1039618
715,1039826
122,1039896
444,1040111
382,1040138
956,1040264
965,1040306
544,1040500
754,1040575
169,1040690
973,1040701
589,1040773
541,1040806
542,1040807
474,1040965
25,1041180
567,1041223
194,1041278
195,1041279
196,1041311
520,1041476
604,1041555
942,1041565
690,1041567
692,1041569
847,1041628
104,1041753
342,1041767
59,1041848
517,1041920
170,1042027
567,1042262
568,1042263
445,1042377
904,1042450
870,1042563
445,1042715
542,1042808
1104,1042886
1106,1042888
1107,1042889
274,1043139
944,1043377
192,1043675
577,1043737
965,1044182
1131,1044391
368,1044744
202,1044791
447,1045417
829,1045425
692,1045515
722,1045586
996,1046286
1098,1046311
455,1046726
456,1046727
194,1046820
195,1046821
202,1047157
348,1047159
63,1047230
208,1047411
688,1047532
520,1047710
445,1048036
788,1048445
542,1048455
1106,1048771
954,1049019
1108,1049027
96,1049390
1018,1049397
953,1049416
830,1049461
567,1049504
835,1049605
955,1049771
993,1049976
539,1050049
191,1050212
956,1050225
957,1050226
480,1050235
62,1050462
411,1050462
904,1050519
953,1050520
141,1050623
88,1050929
288,1051018
288,1051044
954,1051315
955,1051316
956,1051317
758,1051341
692,1051631
275,1051791
269,1052019
1113,1052056
956,1052064
570,1052264
715,1052281
191,1052348
539,1052413
539,1052657
829,1052759
969,1053437
541,1053626
520,1053716
288,1053838
967,1053874
544,1053978
269,1054063
275,1054096
175,1054203
954,1054554
955,1054555
1134,1055019
447,1055433
25,1055778
254,1055917
445,1055964
334,1056197
445,1056295
994,1056578
158,1056761
980,1056788
993,1056805
96,1056839
61,1057054
62,1057055
411,1057055
63,1057056
954,1057232
955,1057973
445,1058011
965,1058404
520,1058555
638,1058556
87,1058607
88,1058608
953,1058627
499,1058678
500,1058679
178,1058719
382,1058884
383,1058885
1072,1058917
269,1059068
692,1059174
571,1059432
191,1059577
255,1060021
944,1060039
191,1060052
192,1060053
175,1060157
336,1060328
539,1060896
692,1060901
904,1061058
1098,1061085
530,1061276
421,1061469
129,1061643
977,1061677
194,1061763
702,1062032
703,1062033
704,1062034
447,1062096
92,1062217
231,1062223
56,1062437
57,1062438
638,1062535
192,1062544
690,1062741
87,1062996
422,1063032
942,1063099
690,1063101
298,1063202
520,1063287
62,1063322
411,1063322
690,1063593
444,1063689
361,1063862
25,1064299
196,1064374
201,1064601
447,1064907
542,1065137
399,1065142
969,1065173
973,1065454
523,1065726
190,1065757
191,1065758
944,1065886
198,1066440
270,1066702
175,1066950
874,1067035
692,1067269
690,1067326
692,1067328
1104,1067455
570,1067562
199,1068266
905,1068435
269,1068788
194,1068836
270,1068885
940,1069048
1081,1069106
955,1069142
711,1069493
944,1069616
570,1069719
88,1069897
89,1069898
847,1070027
372,1070048
373,1070049
374,1070050
110,1070150
111,1070151
828,1070535
980,1070790
904,1070817
444,1070855
400,1070928
604,1071367
382,1071703
383,1071704
651,1072168
479,1072288
57,1072382
528,1072725
169,1072736
170,1072737
202,1072840
1131,1073446
369,1073618
370,1073619
980,1073990
231,1073992
780,1074051
941,1074066
1098,1074580
198,1074653
81,1074812
829,1074817
698,1074875
539,1074991
541,1074993
542,1074994
1110,1075046
386,1075207
194,1075322
692,1075805
690,1076262
940,1076576
62,1076918
411,1076918
412,1076919
61,1076953
62,1076954
411,1076954
952,1077397
722,1077520
964,1077564
965,1077565
370,1077870
168,1077918
994,1077996
270,1078167
478,1078196
361,1078199
692,1078459
445,1078537
399,1078753
1134,1078766
692,1078888
1048,1079497
372,1079554
1100,1079565
1101,1079566
1134,1079569
539,1079611
542,1079719
269,1079755
270,1079756
274,1079760
122,1079866
939,1079869
940,1079870
275,1079946
62,1080028
411,1080028
445,1080614
220,1080676
693,1080758
270,1080843
288,1080850
196,1080996
197,1080997
976,1081049
977,1081050
270,1081513
270,1081702
56,1081964
286,1081966
977,1082239
942,1082328
56,1082341
479,1082461
361,1082540
90,1082917
369,1083478
944,1084183
1134,1084398
25,1084411
26,1084412
955,1084708
995,1084713
737,1084953
690,1085048
421,1085144
422,1085145
953,1085513
57,1085897
122,1085951
539,1086061
394,1086334
830,1086584
904,1086781
1008,1086785
541,1087103
690,1087116
566,1087400
544,1087495
847,1087533
176,1088020
194,1088201
195,1088202
196,1088203
197,1088204
122,1088209
1134,1088397
199,1088532
942,1088568
1041,1088718
447,1088918
604,1089041
479,1089189
372,1089318
25,1089434
445,1089656
169,1089896
170,1089897
965,1090139
447,1090142
1106,1090233
177,1090299
178,1090300
420,1090313
421,1090314
940,1090420
274,1090629
220,1090816
994,1091039
383,1091043
804,1091297
175,1091514
275,1091854
980,1091864
981,1091865
982,1091866
1047,1091876
965,1092305
447,1092308
448,1092309
199,1092324
25,1092879
57,1093053
956,1093145
122,1093164
1106,1093347
521,1093364
478,1093365
479,1093366
692,1093376
141,1093575
542,1093630
521,1093631
478,1093632
539,1094029
638,1094032
382,1094239
521,1094322
1100,1094447
1108,1094663
829,1094669
274,1094782
169,1094824
539,1094896
361,1095061
781,1095153
956,1095250
169,1095721
169,1095983
274,1096231
479,1096295
828,1096324
399,1096560
400,1096561
673,1096661
674,1096662
675,1096663
62,1096733
411,1096733
690,1096753
61,1096759
62,1096760
411,1096760
1098,1096852
177,1097808
526,1098123
478,1098163
692,1098270
191,1098517
192,1098518
175,1098715
1114,1098838
153,1098930
976,1098981
977,1098982
61,1099174
62,1099175
411,1099175
754,1099306
755,1099307
865,1099805
866,1099806
867,1099807
1047,1099871
1048,1099872
710,1100083
697,1100412
168,1100556
191,1101075
865,1101144
175,1101469
559,1101509
474,1101719
198,1102162
977,1102175
445,1102349
1047,1102399
382,1102564
383,1102565
904,1102622
447,1102669
448,1102670
690,1102716
199,1102808
200,1102809
201,1102810
444,1102858
445,1102859
570,1102955
1015,1102999
447,1103056
980,1103238
191,1103412
192,1103413
193,1103414
274,1103626
571,1103906
572,1103907
447,1103917
193,1104286
1110,1104304
967,1104593
692,1104596
754,1104605
698,1104693
201,1104849
197,1104909
198,1104910
864,1104917
956,1104936
957,1104937
500,1105043
952,1105089
722,1105494
382,1106024
1104,1106026
1047,1106222
419,1106271
1098,1106272
604,1106293
168,1106384
576,1106455
996,1106470
231,1106724
673,1107032
674,1107033
942,1107054
90,1107574
270,1107895
589,1108084
199,1108206
386,1108230
1097,1108244
421,1108276
422,1108277
88,1108320
474,1108636
651,1108799
865,1108922
866,1108923
1059,1109009
90,1109067
170,1109376
479,1109412
523,1109493
818,1109645
980,1109925
198,1110089
1090,1110107
473,1110120
201,1110468
202,1110469
191,1110891
965,1111077
192,1111447
193,1111448
865,1111958
866,1111959
399,1112094
400,1112095
710,1112302
370,1112733
169,1112779
88,1112966
89,1112967
90,1112968
288,1113122
370,1113153
969,1113752
953,1114047
904,1114185
348,1114472
1048,1114513
288,1114638
943,1114946
86,1114999
374,1115119
480,1115224
403,1115245
153,1115381
541,1115632
479,1115794
1107,1115857
818,1115865
604,1116053
710,1116186
25,1116412
541,1116492
274,1116511
980,1116519
1047,1116528
61,1116623
196,1116720
208,1116812
57,1117123
866,1117513
867,1117514
191,1117699
191,1118111
25,1118197
26,1118198
722,1118253
737,1118322
576,1118550
973,1118573
1047,1118743
589,1118778
590,1118779
368,1118780
955,1118863
956,1118864
542,1119032
638,1119033
697,1119426
698,1119427
699,1119428
194,1119685
195,1119686
196,1119687
399,1119728
1072,1119853
967,1119998
1081,1120031
474,1120081
965,1120130
953,1120202
444,1120269
373,1120334
56,1120527
286,1120529
334,1120724
1098,1120860
956,1120900
542,1121056
111,1121116
1106,1121177
197,1121444
1107,1121487
401,1121551
847,1121619
286,1121646
1072,1121918
528,1122261
394,1122481
395,1122482
865,1122608
993,1122927
382,1123004
382,1123136
383,1123137
847,1123469
867,1123758
652,1123985
92,1124198
1072,1124406
541,1125418
1047,1125634
129,1125685
529,1125826
944,1125932
828,1125963
829,1125964
967,1126045
830,1126235
110,1126685
944,1126688
175,1126707
1072,1126739
1073,1126740
541,1127240
917,1127353
1099,1127427
997,1127446
828,1127580
994,1127880
952,1127976
1072,1128281
197,1128327
590,1128429
368,1128430
369,1128431
994,1128434
399,1128507
400,1128508
401,1128509
61,1128619
690,1128696
541,1129114
1072,1129263
944,1129571
1134,1129627
286,1129824
479,1130461
558,1130717
334,1131016
715,1131198
325,1131312
1074,1131546
1075,1131547
572,1132054
58,1132259
421,1132268
964,1132290
288,1132330
56,1132560
1072,1132579
1073,1132580
1008,1132607
288,1132796
370,1132948
56,1133027
541,1133079
61,1133126
62,1133127
411,1133127
952,1133164
828,1133448
829,1133449
830,1133450
829,1133509
847,1133520
722,1133522
723,1133523
62,1133663
411,1133663
1134,1133731
981,1133838
847,1134072
125,1134083
368,1134262
191,1134325
637,1134367
559,1135474
941,1135631
942,1135632
324,1135703
61,1135828
62,1135829
411,1135829
698,1136023
830,1136086
270,1136143
576,1136217
980,1136250
1099,1136252
941,1136277
942,1136278
444,1136530
199,1136598
200,1136599
201,1136600
275,1136761
260,1137286
917,1137288
917,1137289
382,1137405
25,1137502
517,1137662
209,1138077
1072,1138238
944,1138255
274,1138626
274,1139007
622,1139227
980,1139296
1047,1139462
849,1139813
570,1139930
178,1140098
698,1140225
421,1140305
422,1140306
386,1140348
122,1140388
191,1140544
542,1140646
521,1140647
478,1140648
403,1140782
944,1141001
956,1141009
942,1141347
270,1141413
444,1141513
445,1141514
690,1141619
141,1141958
197,1142063
90,1142071
754,1142389
944,1142508
965,1142558
220,1142582
690,1142594
980,1142601
1134,1142643
370,1142659
688,1142771
692,1142893
255,1143076
269,1143255
56,1143484
57,1143485
58,1143486
559,1143594
201,1143720
194,1143796
1097,1143860
571,1144502
572,1144503
191,1144649
622,1144661
444,1145151
818,1145451
698,1145615
444,1145868
419,1145876
1098,1145877
1099,1145878
1100,1145879
275,1145947
92,1146081
829,1146086
204,1146102
1047,1146262
944,1146275
517,1146720
90,1146758
864,1146957
445,1147089
270,1147319
692,1147357
1131,1147361
191,1147438
192,1147439
177,1147497
445,1147817
382,1147909
231,1147958
25,1147966
566,1148041
474,1148076
498,1148100
445,1148373
1097,1148531
122,1149389
688,1149645
973,1149708
386,1149820
692,1150066
1131,1150265
995,1150511
996,1150512
194,1150833
541,1151046
480,1151162
269,1151294
193,1151372
87,1151377
191,1151422
865,1151503
866,1151504
867,1151505
955,1151666
288,1151755
659,1151861
698,1152172
564,1152297
904,1152327
25,1152800
445,1152941
197,1153100
566,1153531
567,1153532
568,1153533
569,1153534
570,1153535
973,1153540
559,1153594
96,1154104
965,1154147
383,1154153
542,1154446
638,1154447
474,1154660
193,1154897
703,1154910
704,1154911
194,1154943
722,1155337
1134,1155677
1106,1155777
374,1155993
208,1156085
201,1156140
400,1156272
401,1156273
191,1156569
539,1156688
152,1156835
1072,1157064
830,1157109
288,1157551
444,1157720
445,1157721
789,1158068
1081,1158086
394,1158130
710,1158253
973,1158401
622,1158516
59,1158721
61,1158769
62,1158770
411,1158770
993,1158860
994,1159195
994,1159289
175,1159502
866,1159588
867,1159589
528,1159837
86,1159890
722,1160012
865,1160028
688,1160117
275,1160292
941,1160442
25,1160502
191,1160910
604,1161116
394,1161191
395,1161192
692,1161666
758,1161695
722,1161749
1098,1161835
558,1161886
541,1161986
274,1162386
275,1162387
904,1162608
722,1162612
196,1163376
197,1163377
904,1163580
92,1163609
342,1163632
86,1163778
88,1163807
89,1163808
690,1163810
86,1164072
576,1164134
952,1164143
269,1164162
370,1164474
447,1164600
1134,1164713
275,1164726
57,1164792
830,1165095
711,1165144
952,1165146
688,1165318
194,1165419
788,1165798
952,1166071
818,1166085
567,1166097
541,1166160
980,1166215
566,1166293
567,1166294
568,1166295
368,1166542
1106,1166566
1107,1166567
622,1166605
862,1167004
863,1167005
588,1167056
829,1167236
830,1167237
847,1167359
668,1167375
993,1167607
89,1167797
604,1167886
690,1167905
559,1168088
1112,1168218
1113,1168219
474,1168370
87,1168372
88,1168373
89,1168374
90,1168375
652,1168752
722,1168890
56,1168936
190,1169457
191,1169458
191,1169574
175,1169592
981,1169675
324,1169796
447,1169843
382,1169933
1041,1169967
905,1170425
422,1170995
423,1170996
964,1171249
87,1171292
977,1171295
1097,1171310
447,1171356
542,1171438
638,1171439
92,1171570
697,1171713
828,1172161
541,1172284
1008,1172563
952,1172702
829,1173169
403,1173246
829,1173488
1036,1173957
967,1173958
688,1174055
63,1174333
865,1174631
866,1174632
445,1174759
270,1174817
904,1175418
905,1175419
177,1175477
952,1175491
955,1175613
138,1175990
830,1176055
652,1176067
56,1176300
57,1176301
1110,1176430
92,1176577
194,1176672
231,1176687
476,1176713
604,1177217
559,1177303
541,1177639
542,1177640
110,1177646
1097,1177882
64,1177948
169,1178149
967,1178177
543,1178193
125,1178197
56,1178251
542,1178575
952,1178588
847,1178811
1008,1178813
690,1179003
61,1179031
539,1179121
1134,1179129
566,1179191
518,1179318
847,1179380
604,1179682
444,1179739
847,1179874
194,1180063
195,1180064
196,1180065
197,1180066
660,1180117
830,1180273
57,1180370
61,1180857
943,1180925
944,1180926
847,1181028
722,1181117
1098,1181278
370,1181502
371,1181503
967,1181504
956,1181807
110,1181958
828,1182095
952,1182722
1115,1182748
254,1182797
829,1183074
231,1183279
232,1183280
1072,1183677
542,1183764
542,1183946
955,1184043
399,1184087
400,1184088
177,1184272
204,1184324
955,1184607
576,1184674
944,1184691
870,1184748
998,1184848
324,1184849
500,1185375
1098,1185536
445,1185808
829,1185815
559,1185849
334,1186457
129,1186704
198,1187229
722,1187330
275,1187465
528,1187541
559,1188034
956,1188062
25,1188066
26,1188067
201,1188318
202,1188319
1072,1188738
977,1188769
952,1188816
422,1189371
1008,1189544
1009,1189545
1010,1189546
829,1189566
830,1189567
560,1189626
61,1189721
995,1189814
996,1189815
975,1189836
976,1189837
977,1189838
904,1189876
197,1190041
993,1190307
942,1190433
980,1190862
980,1190891
981,1190892
56,1191012
1073,1191057
993,1191060
977,1191068
324,1191082
942,1191193
194,1191273
25,1191282
855,1191310
542,1191540
177,1191584
980,1191667
525,1191972
818,1192271
92,1192638
59,1192848
570,1193180
571,1193181
572,1193182
847,1193241
904,1193339
1072,1193501
830,1193540
498,1193776
382,1193826
125,1193874
828,1194236
829,1194237
572,1194406
25,1194530
955,1194716
956,1194717
957,1194718
288,1194724
1047,1194817
818,1194897
964,1195006
994,1195202
542,1195279
788,1195324
977,1195352
194,1195597
61,1195695
62,1195696
411,1195696
788,1195805
56,1195813
394,1195825
788,1196358
994,1196377
995,1196378
996,1196379
711,1196477
400,1196482
542,1196499
559,1196827
866,1196921
57,1197391
368,1197612
722,1197703
288,1197908
110,1198032
111,1198033
737,1198038
829,1198055
604,1198113
976,1198352
977,1198353
864,1198501
275,1198586
520,1198620
638,1198621
1047,1198743
828,1198815
444,1199034
368,1199154
369,1199155
447,1199415
421,1199470
422,1199471
201,1199507
539,1199533
977,1199707
710,1199717
692,1199823
59,1199904
722,1200010
122,1200448
122,1200459
541,1200855
595,1200992
541,1201170
445,1201407
818,1201606
523,1201842
524,1201843
967,1201936
981,1202204
982,1202205
964,1202210
191,1202240
559,1202360
196,1202440
1081,1202500
193,1202501
559,1202565
270,1202676
361,1202680
864,1203042
61,1203342
955,1203413
520,1203442
638,1203443
63,1203447
966,1203451
372,1203452
542,1203582
849,1203659
659,1203719
660,1203720
964,1203846
965,1203847
89,1204122
690,1204124
517,1204167
520,1204176
865,1204435
994,1204469
288,1204526
275,1204557
604,1204571
865,1204617
141,1204962
61,1205123
62,1205233
411,1205233
520,1205739
1107,1206278
26,1206281
88,1206339
1047,1206372
967,1206555
520,1206664
274,1206694
275,1206695
967,1206747
336,1206972
141,1206987
447,1207090
288,1207101
89,1207162
690,1207164
419,1207314
1047,1207334
394,1207352
394,1207455
395,1207456
270,1207457
953,1207488
754,1207599
125,1207633
704,1207762
361,1207950
690,1208187
605,1208405
1097,1208565
230,1208566
567,1208585
847,1208669
541,1208818
419,1208882
956,1208912
474,1208928
867,1209005
1098,1209130
1134,1209206
711,1209608
566,1209874
567,1209875
63,1209975
64,1209976
1100,1210045
828,1210379
1041,1210474
525,1210485
232,1210933
88,1210938
383,1210961
651,1211006
177,1211161
56,1211342
994,1211724
169,1211962
170,1211963
867,1211986
942,1212078
965,1212091
1104,1212093
274,1212127
275,1212128
690,1212237
688,1212358
1047,1212414
383,1212463
973,1212910
688,1212979
994,1213165
965,1213376
688,1213429
419,1213625
420,1213626
421,1213627
274,1213675
275,1213676
191,1213869
542,1213948
994,1214041
542,1214084
917,1214175
980,1214212
981,1214213
982,1214214
917,1214901
688,1214903
722,1215467
942,1215614
866,1215712
61,1215740
62,1215741
411,1215741
478,1216204
194,1216218
781,1216278
690,1216279
26,1216335
374,1216569
994,1216979
995,1216980
996,1216981
758,1216985
874,1217028
62,1217061
411,1217061
541,1217125
334,1217185
59,1217188
952,1217189
953,1217190
715,1217318
1072,1217636
194,1217807
1134,1217847
56,1217944
447,1218198
175,1218770
372,1218838
61,1219174
111,1219457
539,1219520
944,1219812
570,1219822
1081,1219850
25,1219863
542,1219928
521,1219929
980,1219972
576,1219996
542,1220144
400,1220254
401,1220255
943,1220293
570,1220362
111,1220410
521,1220455
944,1220568
542,1220576
1081,1220600
193,1220601
541,1220708
560,1220749
1073,1220757
373,1221038
374,1221039
336,1221426
202,1221694
828,1221813
829,1221814
830,1221815
669,1221898
818,1221983
737,1222049
1134,1222215
474,1222847
475,1222848
944,1222879
956,1223121
957,1223122
980,1223249
847,1223392
63,1223490
517,1223554
518,1223555
758,1223982
89,1224165
90,1224166
572,1224433
61,1224592
62,1224593
411,1224593
835,1224849
1113,1225283
1114,1225284
111,1225448
274,1225646
957,1225890
56,1225918
981,1226121
659,1226227
86,1226319
559,1226603
690,1226692
87,1227104
690,1227483
975,1227543
976,1227544
977,1227545
676,1227748
288,1228023
976,1228088
977,1228089
944,1228293
1041,1228618
474,1228818
170,1228965
171,1228966
828,1229129
829,1229130
567,1229311
568,1229312
569,1229313
56,1229477
57,1229615
870,1229636
528,1229855
1047,1229876
804,1230195
274,1230216
275,1230217
276,1230218
996,1230309
997,1230310
998,1230311
324,1230312
89,1230403
64,1230633
61,1230772
942,1230934
690,1230936
916,1231234
688,1231236
866,1231398
523,1231401
177,1231437
1081,1231611
576,1231639
423,1231919
690,1232316
277,1232444
274,1232740
998,1232758
324,1232759
980,1232825
981,1232826
1047,1232896
688,1233067
688,1233431
541,1233753
254,1234023
255,1234024
270,1234081
196,1234423
541,1234434
96,1234490
697,1234737
1095,1234771
788,1235139
541,1235143
542,1235144
690,1235173
660,1235412
818,1235438
289,1235622
521,1235803
478,1235804
528,1236192
456,1236301
904,1236306
270,1236813
122,1236968
386,1237190
980,1237206
274,1237231
122,1238228
866,1238363
867,1238364
940,1238643
275,1238710
96,1238852
829,1238968
830,1238969
62,1239061
411,1239061
445,1239193
1097,1239355
230,1239356
567,1239375
847,1239459
541,1239608
419,1239672
474,1239718
867,1239795
1098,1239920
275,1240165
270,1240175
64,1240506
722,1240731
981,1240962
176,1241037
199,1241138
193,1241702
941,1241805
754,1242187
445,1242236
828,1242243
829,1242244
141,1242294
445,1242629
57,1242867
781,1242922
169,1242950
56,1242986
973,1242992
967,1243274
1106,1243344
525,1243358
865,1243724
941,1244026
942,1244027
197,1244069
571,1244134
403,1244150
523,1244381
169,1244470
710,1244627
711,1244628
942,1244869
274,1244940
289,1244964
197,1245031
286,1245280
692,1245320
818,1245378
1113,1245384
1114,1245385
447,1245458
448,1245459
348,1245613
781,1245617
864,1245877
201,1245906
566,1245999
567,1246000
1134,1246603
789,1246740
944,1247169
517,1247885
1073,1247972
474,1248051
196,1248111
198,1248450
568,1248525
569,1248526
904,1248866
175,1248906
176,1248907
956,1249147
693,1249379
56,1249635
419,1249729
1098,1249730
198,1250116
559,1250332
541,1250508
1041,1250828
722,1250836
270,1250961
231,1251431
403,1251664
63,1252257
994,1252361
57,1252506
202,1252907
178,1253445
421,1253459
90,1253494
541,1253740
942,1253838
690,1253840
445,1253979
412,1254045
520,1254316
980,1254376
944,1254543
588,1254728
368,1254792
474,1254979
570,1255140
674,1255320
722,1255341
539,1255377
980,1255633
394,1255824
342,1255895
944,1255920
818,1255942
944,1256263
964,1256350
965,1256351
1001,1256520
847,1256622
688,1256704
1134,1256849
25,1257071
804,1257265
526,1257474
369,1257580
445,1257724
692,1258085
693,1258086
479,1258107
1015,1258348
698,1258641
692,1258667
693,1258668
447,1258811
568,1258922
166,1258947
167,1258948
168,1258949
980,1258993
981,1258994
982,1258995
866,1259072
204,1259273
1047,1259299
447,1259465
905,1259721
286,1260039
905,1260059
890,1260212
220,1260687
955,1260716
523,1260760
541,1260813
542,1260814
829,1260874
830,1260875
175,1261364
25,1261609
526,1261646
220,1261652
231,1261751
1081,1261988
63,1262043
444,1262061
559,1262152
192,1262236
447,1262246
111,1262420
780,1262540
781,1262541
1097,1262654
1098,1262655
830,1262852
571,1262969
572,1262970
1106,1263072
56,1263268
87,1263481
274,1263653
288,1263740
1098,1263777
604,1264177
342,1264215
973,1264301
177,1264310
169,1264321
967,1264543
651,1264867
939,1265162
940,1265163
270,1265274
944,1265301
372,1265317
653,1265417
274,1265493
941,1265675
622,1266006
941,1266028
419,1266406
830,1266539
325,1266652
178,1267037
521,1267103
652,1267361
975,1267382
781,1267402
690,1267403
110,1267454
517,1267615
456,1267819
973,1267824
1104,1267877
479,1267923
980,1268143
544,1268303
1098,1268360
400,1268391
288,1268439
383,1268586
1073,1268677
1074,1268678
1075,1268679
386,1269043
722,1269085
370,1269181
56,1269810
754,1269946
270,1270260
286,1270327
500,1270408
209,1270580
275,1270712
953,1270776
722,1270850
269,1271069
956,1271104
370,1271323
61,1271331
62,1271332
411,1271332
138,1271352
92,1271398
110,1271418
57,1271598
270,1271788
274,1271792
698,1271812
275,1272099
539,1272104
1047,1272215
269,1272684
56,1272743
57,1272744
965,1272896
201,1273060
474,1273180
153,1273635
270,1273737
1081,1273828
348,1273904
965,1273923
334,1273933
828,1274052
829,1274053
474,1274085
274,1274105
973,1274124
261,1274260
197,1274455
198,1274456
269,1274484
828,1274820
829,1274821
698,1274862
939,1274872
940,1274873
382,1274882
394,1275077
395,1275078
199,1275392
200,1275393
201,1275394
964,1275485
688,1275552
518,1276054
523,1276068
559,1276693
370,1277016
1131,1277048
847,1277331
973,1277690
572,1277760
420,1277800
444,1278166
524,1278277
444,1278382
595,1278711
904,1278837
965,1278986
944,1278996
692,1279050
1106,1279120
177,1279455
208,1279585
588,1279627
818,1279719
849,1280102
348,1280194
980,1280493
965,1280632
445,1280639
197,1280665
847,1281076
942,1281194
25,1281261
26,1281262
197,1281286
274,1281913
445,1282296
274,1282671
361,1282729
542,1283079
638,1283080
703,1283135
711,1283221
368,1284096
697,1284194
965,1284359
864,1284632
942,1284712
690,1284714
864,1284975
61,1285131
722,1285241
944,1286133
270,1286138
194,1286202
170,1286244
169,1286908
448,1287012
445,1287241
194,1287598
195,1287599
940,1287690
865,1287813
62,1288100
411,1288100
847,1288561
274,1288596
170,1288687
192,1288708
692,1288894
529,1288923
288,1289027
523,1289147
64,1289206
995,1289436
996,1289437
944,1289671
396,1289697
1089,1289697
973,1289714
1100,1289819
526,1289906
830,1290106
622,1290320
197,1290391
690,1290615
169,1290850
630,1290900
374,1290956
981,1291044
982,1291045
566,1291289
567,1291290
568,1291291
830,1291355
981,1291376
692,1291842
539,1292126
830,1292158
1106,1292509
96,1292551
1047,1292561
1048,1292562
996,1292757
270,1292827
370,1293055
111,1293130
141,1293159
209,1293238
722,1293265
523,1293496
269,1293649
270,1293650
444,1293826
697,1293936
698,1293937
197,1294033
847,1294048
197,1294181
56,1294283
944,1294287
576,1294360
175,1294610
175,1294875
400,1294976
447,1295433
448,1295434
57,1295474
590,1295517
571,1295579
996,1295765
361,1295870
699,1296103
944,1296110
193,1296160
517,1296170
1081,1296275
904,1296331
674,1296360
194,1296409
191,1296603
192,1296604
61,1296714
169,1296861
62,1296884
411,1296884
674,1297214
270,1297313
847,1297360
973,1297370
1073,1297465
1134,1297513
403,1297593
1073,1297622
1074,1297623
1075,1297624
61,1297638
62,1297639
411,1297639
63,1297640
204,1297644
1081,1297938
141,1298160
1048,1298424
198,1298453
788,1298490
539,1298653
1001,1298918
688,1298938
975,1299207
976,1299208
977,1299209
559,1299342
539,1299441
154,1299576
1134,1299625
274,1299806
479,1299829
480,1299830
288,1300355
692,1300426
288,1300432
697,1300497
44,1300677
122,1300723
1008,1300812
1009,1300813
1010,1300814
528,1301339
981,1301617
200,1301791
201,1301792
1134,1302846
419,1302867
1134,1303134
818,1303366
673,1303385
177,1303416
448,1303875
168,1303942
604,1304090
288,1304226
1104,1304236
44,1304281
965,1304337
539,1304932
954,1305624
517,1305665
604,1305766
542,1305775
177,1306038
178,1306039
942,1306078
298,1306084
444,1306125
1106,1306281
953,1306403
87,1306603
953,1306627
559,1307154
56,1307168
25,1307251
969,1307313
270,1307398
559,1307503
973,1307516
559,1307818
1134,1307930
194,1308002
195,1308003
334,1308163
870,1308226
1134,1308603
111,1308722
175,1308747
1101,1308987
325,1309321
780,1309338
944,1309340
528,1309367
419,1309463
230,1309464
965,1309708
197,1310464
275,1310573
964,1310909
965,1310910
1104,1310912
270,1311242
25,1311396
383,1311563
197,1311578
1097,1311732
230,1311733
567,1311752
847,1311836
541,1311985
419,1312049
474,1312095
867,1312172
1098,1312297
1047,1312800
697,1312829
673,1313251
220,1313778
1134,1314068
56,1314354
544,1314467
56,1314584
57,1314585
1072,1314593
274,1314983
61,1315026
62,1315027
411,1315027
168,1315068
500,1316117
191,1316851
195,1316941
196,1316942
177,1317151
274,1317638
275,1317639
192,1317722
1081,1317999
693,1318198
177,1318256
178,1318257
956,1318424
194,1318475
25,1318730
953,1318741
690,1319323
220,1319415
445,1319719
368,1319819
158,1320013
754,1320234
194,1320442
195,1320443
865,1320868
44,1321033
122,1321277
828,1321300
829,1321301
1134,1321453
192,1321591
829,1321634
942,1321697
692,1321781
818,1321810
980,1321835
403,1321869
693,1321920
1048,1322060
830,1322475
1134,1322534
660,1322714
818,1322981
368,1323232
59,1323332
952,1323333
953,1323334
96,1323451
674,1323592
421,1323626
422,1323627
447,1323947
1081,1324045
953,1324207
56,1324230
1134,1324244
711,1324429
190,1324520
191,1324521
198,1324639
177,1324803
939,1324810
940,1324811
604,1325348
559,1325528
275,1325567
539,1325631
566,1325812
419,1326112
1012,1326243
232,1326313
1134,1326643
122,1327014
722,1327352
758,1327419
419,1327647
754,1327722
781,1327780
692,1328028
994,1328219
788,1328310
288,1328696
125,1328966
1082,1329383
973,1329505
1047,1329765
737,1330311
197,1330579
154,1330653
26,1330738
940,1330874
659,1330921
737,1331142
269,1331428
1099,1331636
1100,1331637
692,1332470
450,1332614
125,1332674
517,1332901
518,1332902
944,1333501
412,1333515
956,1334030
541,1334208
542,1334209
956,1334584
957,1334585
288,1334792
286,1334841
287,1334842
973,1335101
1008,1335239
1009,1335240
1010,1335241
177,1335328
274,1335478
558,1335620
177,1335633
692,1335749
56,1335795
952,1335841
544,1336013
1090,1336366
692,1336608
566,1336676
564,1336776
57,1336825
58,1336826
981,1336859
982,1336860
175,1336936
1107,1336951
1108,1336952
847,1337077
1047,1337227
693,1337254
478,1337347
90,1337426
564,1337523
175,1337698
176,1337699
690,1338025
539,1338163
478,1338200
1095,1338276
697,1338306
275,1338310
973,1338327
993,1338641
994,1338675
445,1338757
176,1338815
1041,1338934
570,1338973
539,1339196
445,1339242
710,1339265
270,1339434
569,1339792
169,1340028
170,1340029
171,1340030
394,1340042
395,1340043
270,1340044
498,1340366
499,1340367
372,1340825
373,1340826
1097,1341576
230,1341577
567,1341596
847,1341680
541,1341829
419,1341893
956,1341923
474,1341939
867,1342016
1098,1342141
829,1342158
178,1342234
528,1342358
711,1342368
1072,1342596
1073,1342597
829,1342821
269,1342992
270,1342993
25,1343002
111,1343436
830,1343601
829,1343765
829,1343919
638,1344023
86,1344030
558,1344216
559,1344217
604,1344383
1041,1344656
541,1344690
952,1344707
828,1345137
690,1345190
956,1345202
976,1345294
865,1345486
92,1345560
274,1345604
688,1345693
692,1345760
230,1346090
194,1346235
528,1346262
168,1346721
474,1346919
955,1347059
818,1347197
422,1347460
171,1347468
489,1347811
690,1348166
422,1348222
942,1348685
788,1348757
520,1348797
1134,1348898
369,1348972
788,1349024
92,1349042
1098,1349070
352,1349136
830,1349204
122,1349279
59,1349388
558,1349650
559,1349651
698,1349781
56,1349843
447,1349890
539,1349895
847,1350192
994,1350277
995,1350278
996,1350279
980,1350494
1107,1350586
692,1350621
829,1351102
87,1351340
274,1351483
92,1351558
56,1351607
993,1351610
1106,1351662
1107,1351915
1108,1351916
698,1352010
325,1352055
539,1352064
541,1352066
542,1352067
286,1352404
847,1352451
737,1352571
61,1352582
373,1352647
1081,1352733
193,1352734
975,1352768
976,1352769
977,1352770
197,1352882
89,1352978
866,1353176
867,1353177
386,1353490
86,1353614
604,1353648
722,1353733
1106,1353868
1107,1353869
270,1353950
394,1354601
395,1354602
158,1354935
955,1355122
1081,1355614
953,1355783
847,1355937
688,1355953
980,1356314
697,1356334
479,1356752
122,1356847
977,1356937
122,1357138
994,1357217
995,1357218
996,1357219
955,1357259
997,1357460
998,1357461
324,1357462
325,1357463
847,1357765
866,1357811
867,1357812
566,1357895
567,1357896
693,1358081
942,1358231
25,1358295
818,1358315
847,1358372
865,1358837
942,1358987
558,1359050
382,1359118
1104,1359120
1134,1359140
274,1359268
419,1359536
865,1359579
26,1359697
361,1359902
96,1360060
541,1360195
542,1360196
566,1360225
567,1360226
568,1360227
195,1360244
196,1360245
692,1360285
690,1360580
394,1360927
395,1360928
270,1360929
570,1360963
982,1361321
447,1361550
25,1361588
942,1361930
977,1362210
191,1362357
192,1362358
270,1362454
980,1362534
25,1362745
298,1362747
1099,1362888
1100,1362889
1101,1362890
288,1362893
394,1363014
996,1363028
942,1363489
690,1363491
25,1363564
88,1363627
89,1363628
690,1363630
87,1363725
722,1363776
25,1363796
447,1363813
980,1363903
688,1364241
956,1364452
25,1364556
781,1364611
690,1364621
692,1364750
96,1364966
474,1365011
558,1365252
528,1365381
558,1365465
1050,1365508
942,1365708
197,1365765
758,1365799
25,1366038
298,1366040
394,1366083
994,1366214
26,1366312
192,1366439
25,1366571
781,1366594
474,1366628
722,1366691
692,1366733
722,1366768
62,1367008
411,1367008
63,1367009
818,1367073
688,1367384
980,1367423
804,1367681
61,1367717
62,1367718
411,1367718
1073,1367822
56,1367867
1134,1367915
542,1368032
399,1368114
400,1368115
141,1368295
62,1368353
411,1368353
517,1368600
865,1368670
967,1368806
690,1368855
152,1369154
1098,1369163
690,1369231
692,1369233
955,1369319
444,1369400
828,1369830
829,1369831
975,1369907
576,1369916
690,1370290
208,1370295
104,1370793
517,1370895
421,1370931
722,1371094
371,1371155
372,1371156
373,1371157
171,1371248
386,1371399
270,1371565
939,1371616
940,1371617
528,1371772
953,1371778
566,1371830
567,1371831
1134,1372108
175,1372462
722,1372494
167,1372687
168,1372688
169,1372689
61,1372717
62,1372718
411,1372718
812,1373109
954,1373219
63,1373242
704,1373261
944,1373423
382,1373817
866,1374033
201,1374385
400,1374880
1041,1374993
870,1375188
158,1375466
523,1375843
275,1375872
521,1375970
361,1376186
965,1376513
1098,1376586
192,1377102
698,1377290
754,1377411
755,1377412
168,1377421
169,1377422
170,1377423
830,1377478
965,1377731
288,1377748
818,1377913
445,1377931
976,1377966
977,1377967
818,1378341
953,1378608
659,1378721
61,1378907
62,1378908
411,1378908
26,1379171
528,1379277
177,1379422
178,1379423
571,1379468
334,1379668
953,1379727
444,1379769
942,1379915
690,1379917
994,1380069
737,1380196
274,1380384
973,1380492
1134,1381217
542,1381263
904,1381772
89,1382256
1047,1382670
92,1383243
828,1383286
829,1383287
541,1383523
542,1383524
521,1383525
522,1383526
523,1383527
455,1383883
122,1384205
564,1384290
1099,1384365
1100,1384366
270,1384505
110,1384582
167,1384597
168,1384598
478,1384621
479,1384622
693,1384799
697,1384919
955,1385040
543,1385357
544,1385358
25,1385377
394,1385463
395,1385464
270,1385465
194,1386149
943,1386314
973,1386649
56,1386712
994,1386786
995,1386787
996,1386788
1072,1386856
692,1386881
956,1387114
1131,1387237
87,1387292
693,1387341
1072,1387516
711,1387694
690,1387724
523,1387883
1106,1387962
63,1388219
722,1388266
673,1388530
674,1388531
905,1388556
445,1388564
444,1388585
445,1388586
447,1388588
753,1389042
1072,1389377
1073,1389378
1101,1389517
500,1389699
288,1389826
444,1389972
713,1390000
714,1390001
370,1390040
941,1390057
942,1390058
342,1390120
1018,1390184
194,1390222
1134,1390317
954,1390535
955,1390536
348,1390776
445,1391028
370,1391124
444,1391300
445,1391301
202,1391630
194,1392067
158,1392280
1134,1392384
169,1392599
1041,1392757
56,1392796
980,1392947
973,1393063
1131,1393578
559,1393603
56,1393936
818,1394078
520,1394302
25,1394338
969,1394713
275,1394769
673,1394878
275,1395484
197,1395885
56,1396101
75,1396215
56,1396655
383,1396658
520,1397058
956,1397129
1072,1397168
193,1397177
973,1397483
952,1397509
370,1397813
569,1398036
818,1398150
1121,1398983
25,1399060
26,1399061
141,1399200
479,1399210
941,1399329
255,1399432
722,1399493
722,1399778
944,1399875
111,1399934
955,1400047
57,1400060
904,1400258
1073,1400353
289,1400641
474,1400690
942,1400949
474,1401068
274,1401073
952,1401156
386,1401308
194,1401878
952,1401948
830,1401963
965,1402031
874,1402482
122,1402576
788,1402582
275,1402778
1106,1402836
274,1402974
275,1402975
202,1403027
517,1403065
518,1403066
697,1403280
667,1403300
368,1403591
1106,1403615
1107,1403616
622,1403654
862,1404053
863,1404054
588,1404119
122,1404340
847,1404479
668,1404495
993,1404742
336,1404818
89,1404931
529,1405404
716,1405578
717,1405579
1036,1405804
967,1405805
955,1405813
994,1405996
518,1406013
692,1406059
965,1406206
541,1406219
542,1406419
975,1406422
976,1406423
977,1406424
383,1406435
558,1406483
559,1406484
1106,1406722
169,1406756
736,1406794
690,1406967
690,1407041
169,1407070
286,1407102
61,1407213
693,1407329
528,1407400
558,1408024
953,1408303
1097,1408334
197,1408687
1041,1408747
830,1408949
964,1409112
965,1409113
698,1409130
973,1409149
570,1409230
781,1409396
372,1409472
194,1409486
829,1409901
994,1410129
57,1410246
370,1410543
754,1410647
110,1410682
965,1410690
361,1410826
275,1411068
541,1411266
542,1411267
125,1411326
63,1411520
169,1411585
1041,1411643
736,1411649
737,1411650
334,1411761
1041,1411797
1112,1411851
819,1411900
943,1411919
1073,1412017
288,1412139
434,1412216
829,1412519
382,1412681
383,1412682
1048,1412735
789,1412939
904,1413155
96,1413183
399,1413345
400,1413346
520,1413562
1047,1413635
444,1413960
403,1414066
980,1414194
659,1414308
518,1414875
1090,1414876
274,1415305
558,1415620
559,1415621
1121,1416186
25,1416263
26,1416264
141,1416403
479,1416413
941,1416532
255,1416635
722,1416696
722,1416981
1112,1417085
190,1417362
191,1417363
197,1417636
651,1417639
570,1417712
829,1418206
830,1418372
448,1418442
722,1418502
638,1418706
847,1418813
570,1418951
1107,1419169
96,1419381
191,1419469
111,1419516
830,1419527
1036,1419816
967,1419817
605,1419959
941,1420274
942,1420275
57,1420289
723,1420778
828,1421240
829,1421241
830,1421242
111,1421279
1095,1421541
942,1421610
1095,1421755
604,1421831
447,1421846
230,1422471
96,1422527
97,1422528
847,1422656
965,1422780
59,1422916
541,1422924
542,1422925
368,1422946
369,1422947
175,1423155
994,1423362
956,1423427
568,1423533
25,1423621
1047,1424031
1048,1424032
373,1424400
374,1424401
1072,1424711
905,1424834
61,1424880
855,1425062
1081,1425082
529,1425156
1106,1425360
1107,1425361
693,1425472
62,1425697
411,1425697
570,1426000
698,1426013
171,1426023
56,1426075
847,1426424
994,1426509
995,1426510
996,1426511
865,1426777
1107,1426818
692,1426853
829,1427334
274,1427715
92,1427790
56,1427839
993,1427842
1106,1427894
1107,1428147
1108,1428148
698,1428242
325,1428287
539,1428296
541,1428298
542,1428299
818,1428456
286,1428636
674,1428642
847,1428683
373,1428879
1081,1428965
193,1428966
697,1428993
976,1429001
977,1429002
197,1429114
89,1429210
866,1429408
867,1429409
386,1429722
86,1429846
604,1429880
722,1429965
1106,1430100
1107,1430101
270,1430182
955,1431354
153,1431946
941,1431959
953,1432015
956,1432174
980,1432327
604,1432491
595,1432510
697,1432557
957,1432627
541,1432771
1097,1432774
1098,1432775
698,1432899
541,1432966
980,1433013
981,1433014
982,1433015
194,1433032
977,1433201
1047,1433239
1048,1433240
62,1433341
411,1433341
175,1433548
1106,1433718
997,1433724
998,1433725
324,1433726
541,1433791
976,1433797
570,1433888
92,1434154
818,1434565
866,1434885
867,1434886
865,1435078
994,1435254
1098,1435288
63,1435322
865,1435433
274,1435497
973,1435593
96,1436289
541,1436424
542,1436425
566,1436454
567,1436455
568,1436456
570,1437192
361,1437345
982,1437550
25,1437817
382,1437989
96,1438167
698,1438280
158,1438762
168,1438817
370,1438890
589,1438899
445,1438982
964,1439072
1098,1439087
1101,1439119
288,1439122
394,1439243
1113,1439499
942,1439767
867,1440275
868,1440276
818,1440377
1108,1440458
866,1440510
867,1440511
981,1440542
982,1440543
1097,1440687
254,1440708
96,1440903
474,1440948
370,1441612
847,1441713
269,1441791
980,1441887
394,1442020
474,1442313
87,1442315
866,1442382
867,1442383
868,1442384
693,1442410
386,1442559
274,1442612
830,1442657
110,1442703
111,1442704
1103,1442717
1050,1442813
122,1442969
955,1442997
952,1443042
693,1443148
192,1443292
1082,1443293
917,1443487
558,1443616
559,1443617
604,1443776
559,1444002
566,1444166
567,1444167
955,1444286
90,1444500
541,1444545
542,1444546
521,1444547
191,1444660
828,1444797
829,1444798
59,1444914
169,1444985
170,1444986
479,1445039
125,1445136
361,1445146
829,1445176
254,1445206
576,1445377
111,1445399
697,1445899
969,1445910
829,1446015
171,1446215
722,1446537
275,1446704
994,1447049
864,1447123
542,1447337
542,1447702
200,1447784
201,1447785
473,1447793
447,1447976
692,1448335
866,1448366
1101,1448513
542,1448661
111,1448699
1134,1448701
965,1448734
382,1449130
61,1449212
419,1449471
420,1449472
944,1449546
956,1449961
262,1449988
690,1450125
980,1450296
981,1450297
982,1450298
722,1450382
904,1450419
956,1450544
957,1450545
828,1450753
829,1450754
520,1450888
638,1450889
56,1450913
541,1450930
542,1450931
521,1450932
567,1450939
1114,1451365
1011,1451630
1073,1451895
520,1452012
175,1452125
604,1452455
59,1452505
368,1452847
369,1452848
370,1452849
541,1452875
1097,1452878
334,1452895
866,1453111
965,1453182
1104,1453184
539,1453258
758,1453456
275,1453624
58,1453970
194,1454174
576,1454291
169,1454298
394,1454489
940,1454516
61,1454705
208,1455114
194,1455823
444,1455937
419,1456023
479,1456165
521,1456328
576,1456773
191,1457157
528,1457498
338,1457788
57,1458116
61,1458187
829,1458277
1072,1458468
1114,1458486
201,1458575
995,1458938
1041,1459016
955,1459142
81,1459165
690,1459538
952,1459717
722,1459774
166,1459823
167,1459824
828,1459990
370,1460271
1100,1460289
275,1460364
1072,1460434
606,1460908
275,1461354
878,1461423
828,1461539
829,1461540
56,1461575
1134,1461579
1110,1461823
191,1461912
286,1462251
967,1462440
370,1462921
421,1463178
447,1463668
870,1463842
965,1463854
965,1464001
520,1464004
690,1464230
570,1464655
208,1464686
209,1464687
576,1464785
737,1465159
369,1465226
818,1465267
81,1465374
980,1465477
981,1465478
288,1465540
870,1465666
541,1465774
969,1465835
542,1466302
865,1466357
818,1466415
589,1466613
539,1467052
651,1467651
830,1467951
953,1467987
1113,1468005
382,1468098
324,1468106
1134,1468175
604,1468312
386,1468994
111,1469175
940,1469187
169,1469206
1072,1469224
1134,1469228
61,1469333
62,1469334
411,1469334
982,1469418
941,1469548
942,1469549
177,1469702
692,1470027
693,1470028
651,1470262
652,1470263
541,1470325
542,1470326
199,1470937
168,1470947
673,1471042
1134,1471351
847,1471397
604,1471609
1098,1471854
447,1471861
447,1471888
829,1472243
1134,1472418
812,1472467
813,1472468
96,1472654
177,1472983
1099,1473002
953,1473421
954,1473422
955,1473423
111,1473472
966,1473530
967,1473531
170,1473877
690,1473941
192,1473972
660,1474236
870,1474253
154,1474271
692,1474706
419,1474753
1098,1474754
830,1474831
722,1474965
26,1475047
965,1475077
444,1475247
939,1475444
940,1475445
521,1475689
828,1475815
479,1475912
1047,1476040
1047,1476189
523,1476298
197,1476327
847,1476365
500,1476458
965,1476577
191,1476613
192,1476614
964,1476686
965,1476687
1103,1476744
651,1476750
1047,1476832
1098,1477154
198,1477341
274,1477531
692,1477560
204,1477844
370,1477871
904,1477892
383,1478030
539,1478093
638,1478096
905,1478231
693,1478393
956,1478397
690,1478452
175,1478457
542,1478543
964,1478579
965,1478580
568,1478630
569,1478631
570,1478632
199,1478683
92,1478864
260,1478904
542,1478964
62,1478997
411,1478997
542,1479016
288,1479032
572,1479258
25,1479493
110,1479636
1134,1479950
651,1480056
154,1480060
26,1480102
564,1480236
1107,1480288
201,1480354
690,1480480
478,1480639
865,1480791
348,1481101
473,1481304
474,1481305
994,1481352
44,1481463
828,1481704
829,1481705
1134,1482090
952,1482249
781,1482427
1104,1482810
25,1482918
125,1483106
169,1483296
1106,1483322
178,1483434
965,1483520
699,1483533
939,1483616
940,1483617
176,1483624
973,1484021
722,1484152
542,1484347
479,1484474
1072,1484769
528,1485001
1041,1485121
177,1485189
178,1485190
456,1485515
954,1485632
722,1486122
269,1486674
445,1486782
692,1486994
1081,1487109
193,1487110
88,1487493
169,1487895
63,1487919
111,1488025
175,1488094
382,1488159
383,1488160
829,1488197
56,1488342
758,1488960
334,1488986
138,1489178
125,1489278
178,1489285
373,1489415
374,1489416
194,1489440
952,1489660
994,1489933
954,1490401
955,1490402
194,1490407
829,1490414
192,1490431
982,1490449
370,1490471
527,1490551
528,1490552
828,1490584
944,1490691
604,1490722
1131,1490810
955,1490936
202,1490958
980,1490976
59,1491424
444,1491666
965,1491810
673,1491923
722,1491937
995,1492125
996,1492126
334,1492153
698,1492159
651,1492200
673,1492215
674,1492216
386,1492345
419,1492390
1098,1492391
965,1492528
952,1492643
419,1492678
711,1492837
1075,1492852
976,1492868
977,1492869
423,1493570
1108,1493598
197,1493808
474,1493966
175,1494076
62,1494135
411,1494135
399,1494297
197,1494312
828,1494478
829,1494479
830,1494480
274,1494631
56,1494705
1134,1494989
605,1495092
651,1495247
400,1495259
274,1495318
56,1495330
698,1495375
566,1495413
567,1495414
980,1495472
1072,1496339
567,1496383
568,1496384
965,1496778
447,1496781
955,1496908
370,1497107
401,1497244
324,1497676
1047,1497857
202,1497974
56,1498130
57,1498131
58,1498132
673,1498311
674,1498312
422,1498430
804,1499264
754,1499360
975,1499918
976,1499919
977,1499920
88,1499929
89,1499930
967,1500131
198,1500168
479,1500175
447,1500192
403,1500221
855,1500310
917,1500324
918,1500325
445,1500415
994,1500443
559,1500628
170,1500731
973,1501312
286,1501496
523,1501621
192,1501679
194,1501872
570,1501895
499,1501951
447,1502221
812,1502358
813,1502359
521,1502376
171,1502439
941,1502601
942,1502602
1047,1502871
288,1503138
475,1503198
1134,1503393
1095,1503515
1106,1503577
445,1503798
673,1503964
209,1504006
722,1504446
57,1504456
474,1505164
25,1505269
697,1505341
690,1505628
692,1505630
528,1505958
944,1505969
693,1506206
274,1506220
1131,1506235
953,1506246
528,1506330
529,1506331
571,1506448
110,1506590
865,1506878
866,1506879
867,1506880
523,1506886
270,1507001
92,1507204
489,1507244
1047,1507314
905,1507472
87,1508221
158,1508417
1110,1508420
1041,1508490
110,1508541
175,1508627
194,1508849
864,1508861
673,1509058
61,1509165
62,1509166
411,1509166
722,1509754
175,1510137
445,1510181
334,1510328
361,1510336
288,1510499
57,1510559
667,1510745
399,1510821
692,1510884
110,1511225
64,1511314
638,1511476
87,1511859
288,1512096
828,1512294
270,1512503
1050,1512675
254,1512765
693,1513622
952,1514011
197,1514054
204,1514515
348,1514697
967,1514759
692,1514762
201,1514844
175,1514863
274,1514873
997,1514994
171,1515064
864,1515243
604,1515418
638,1515547
604,1515950
61,1515957
702,1516230
703,1516231
704,1516232
177,1516633
539,1516651
96,1516932
169,1517067
995,1517563
996,1517564
169,1517670
1012,1517786
1097,1517795
420,1517796
994,1517890
698,1517936
56,1518280
722,1518629
690,1518813
87,1518957
274,1519334
152,1519409
500,1519814
445,1519898
270,1520191
638,1520480
570,1520640
399,1520876
521,1521017
122,1521108
1106,1521243
444,1521301
523,1521417
566,1521627
567,1521628
61,1521885
62,1521886
411,1521886
830,1522450
1106,1522517
1107,1522518
90,1522578
169,1522633
361,1523386
62,1523759
411,1523759
690,1523767
692,1523769
693,1523770
474,1523990
980,1524080
818,1524117
973,1524489
996,1525038
847,1525176
270,1525338
90,1525373
286,1525448
942,1525531
692,1525725
693,1525726
361,1525728
953,1526233
953,1526287
1104,1526603
270,1526647
197,1526870
541,1527247
956,1527470
57,1527677
781,1527701
953,1527736
445,1527841
1095,1527862
981,1527982
982,1527983
994,1528134
995,1528135
996,1528136
711,1528344
56,1528712
57,1528713
526,1528789
275,1529178
394,1529419
993,1529468
87,1529499
1097,1529704
476,1529848
651,1529935
1047,1529989
953,1530159
361,1530283
125,1530489
942,1530507
975,1530511
976,1530512
977,1530513
208,1530701
528,1530915
711,1531230
275,1531635
324,1531692
830,1531741
92,1531761
690,1532018
722,1532056
952,1532238
622,1532321
369,1532326
370,1532327
1041,1532355
622,1532439
369,1532444
370,1532445
622,1532493
270,1532620
711,1533485
952,1533487
61,1533566
208,1534055
209,1534056
980,1534071
199,1534359
542,1534684
541,1534732
674,1534927
967,1535485
847,1535493
953,1535548
830,1535551
605,1535615
175,1535819
220,1535993
704,1536003
956,1536031
994,1536337
541,1536392
1134,1536409
86,1536632
478,1536853
105,1536906
941,1537483
403,1537527
965,1537688
81,1537742
175,1537789
576,1537846
568,1537917
569,1537918
904,1538054
61,1538107
651,1538610
652,1538611
420,1538674
421,1538675
692,1538933
697,1538943
698,1538944
447,1539246
1134,1539360
26,1539903
692,1540067
693,1540068
420,1540116
386,1540450
197,1540563
706,1540580
1104,1540716
197,1540768
956,1540835
539,1541174
61,1541185
542,1541581
638,1541582
604,1541692
722,1541921
192,1541979
473,1542085
847,1542191
81,1542375
177,1542423
604,1542578
1106,1542618
660,1542729
834,1543138
904,1543173
208,1543440
975,1543606
944,1543813
412,1543900
693,1543993
660,1544122
57,1544197
847,1544486
865,1544709
866,1544710
867,1544711
866,1544903
867,1544904
1097,1545001
420,1545002
421,1545003
564,1545265
954,1545294
955,1545295
570,1545566
176,1545646
177,1545647
178,1545648
564,1545700
324,1545789
63,1545836
904,1545885
953,1545886
196,1546042
194,1546302
170,1546331
944,1546529
622,1546642
523,1546677
275,1546722
1112,1546744
1113,1546745
255,1546926
269,1547042
270,1547043
994,1547119
111,1547417
1134,1547575
288,1547708
674,1547746
1047,1547873
25,1548241
969,1548623
942,1548696
539,1549441
965,1549456
1104,1549458
56,1549484
92,1549580
220,1549623
1098,1549734
1107,1550135
576,1550492
1097,1550522
1101,1550864
544,1550884
905,1551154
57,1551157
58,1551158
943,1551230
1104,1551311
122,1551549
758,1551563
158,1551635
197,1551865
996,1552064
288,1552082
517,1552231
274,1552616
1036,1552662
967,1552663
589,1552945
61,1553746
62,1553747
411,1553747
874,1554406
447,1554442
818,1554452
478,1554614
288,1554958
1106,1555018
1107,1555088
1107,1555193
1108,1555194
956,1555509
905,1555595
830,1555642
676,1555845
110,1555932
445,1556123
447,1556125
956,1556274
520,1556506
400,1556558
445,1556658
737,1556784
847,1556835
401,1556845
1041,1557005
455,1557234
688,1557521
1115,1557647
1131,1557927
1131,1557952
479,1558084
403,1558159
559,1558353
698,1558596
169,1559165
170,1559166
788,1559521
829,1559595
967,1559642
830,1559698
829,1559892
89,1559994
90,1559995
706,1560129
403,1560170
1048,1560409
541,1560636
981,1560839
171,1560865
1131,1560933
192,1560960
198,1561133
479,1561227
480,1561464
370,1561483
274,1561524
110,1561710
965,1561808
288,1561838
1134,1562234
260,1562419
528,1562486
818,1562591
690,1562932
692,1562934
693,1562935
1047,1563459
445,1563693
977,1564431
1097,1564643
420,1564644
699,1564927
944,1565252
194,1565682
710,1565985
711,1565986
539,1566051
541,1566053
804,1566326
1134,1566553
141,1566643
1047,1566745
1048,1566746
539,1567034
543,1567037
558,1567164
1110,1567272
567,1567317
177,1567484
178,1567485
111,1567725
111,1567805
1134,1567807
904,1567904
1081,1567954
1134,1568119
61,1568221
62,1568222
411,1568222
479,1568591
981,1568645
56,1568698
191,1568737
692,1568782
829,1568824
58,1568967
865,1568974
1081,1569018
541,1569158
954,1569300
849,1569317
177,1569484
588,1569524
589,1569525
57,1569912
1100,1569975
528,1569997
191,1570022
269,1570341
175,1570388
92,1570849
955,1570984
444,1571065
178,1571076
169,1571501
176,1571685
87,1571842
274,1571966
1131,1572113
204,1572350
1131,1572395
87,1572448
447,1572449
568,1572961
660,1573249
542,1573519
638,1573520
975,1573716
976,1573717
977,1573718
1097,1574017
230,1574018
567,1574037
847,1574121
541,1574270
419,1574334
474,1574380
867,1574457
1098,1574582
97,1575499
92,1575567
1047,1575966
780,1576251
521,1576300
192,1576473
167,1577023
539,1577101
692,1577106
59,1577211
952,1577212
953,1577213
520,1577307
638,1577308
566,1577477
567,1577478
568,1577479
59,1577583
952,1577584
478,1577764
479,1577765
480,1577766
170,1578047
690,1578182
697,1578970
595,1579083
198,1579285
90,1579816
904,1580009
722,1580013
520,1580171
638,1580172
994,1580603
1072,1580702
994,1580728
604,1581247
274,1581268
275,1581269
957,1581488
478,1581556
828,1581858
829,1581859
980,1581895
981,1581896
697,1582570
175,1582791
1097,1582905
1072,1583037
835,1583251
543,1583910
544,1583911
1047,1583974
286,1584190
905,1584228
57,1584276
58,1584277
434,1584338
1073,1584412
288,1584583
444,1584653
92,1584705
1019,1584852
342,1584853
905,1585252
651,1585866
1109,1586053
722,1586480
479,1586901
829,1587056
830,1587057
175,1587061
541,1587111
952,1587653
177,1587805
178,1587806
169,1588111
254,1588194
523,1588584
524,1588585
63,1588673
62,1588709
411,1588709
1073,1589406
994,1589436
447,1589484
275,1589750
275,1589791
541,1589866
697,1589873
965,1589909
955,1590087
818,1590212
286,1590292
168,1590346
169,1590347
1134,1590645
194,1590698
194,1590710
324,1590956
829,1590967
201,1591013
202,1591014
1097,1591128
1098,1591129
1099,1591130
1100,1591131
286,1591235
541,1591290
479,1591308
63,1591621
956,1591906
957,1591907
286,1592042
170,1592139
604,1592197
445,1592425
541,1592431
270,1592458
168,1592955
956,1593021
957,1593022
125,1593508
419,1593599
690,1593711
444,1593760
61,1594087
62,1594088
411,1594088
63,1594089
673,1594165
1072,1594389
1073,1594390
710,1594725
444,1594918
1009,1595184
1010,1595185
847,1595336
275,1595486
1072,1595517
138,1595743
829,1596247
1098,1596262
905,1596291
653,1596295
697,1596481
698,1596482
197,1596554
1107,1596726
570,1596846
111,1597030
177,1597157
1112,1597265
370,1598044
175,1598132
973,1598233
422,1598376
423,1598377
61,1598468
62,1598469
411,1598469
524,1598645
525,1598646
526,1598647
270,1598710
422,1598783
977,1599236
940,1599248
781,1599542
1134,1599780
958,1600126
959,1600127
274,1600232
56,1600334
57,1600335
191,1600440
270,1600456
196,1600856
500,1601108
521,1601180
692,1601246
693,1601247
517,1601954
941,1602091
942,1602092
1072,1602283
1073,1602284
63,1602319
56,1602709
58,1602732
61,1602991
177,1603094
904,1603412
953,1603413
1110,1603564
447,1603605
448,1603606
56,1603691
736,1603921
737,1603922
209,1603940
444,1603957
1106,1603961
692,1604191
969,1604423
61,1604664
62,1604665
411,1604665
965,1605135
92,1605477
177,1605535
197,1605627
444,1605760
445,1605761
445,1606975
1041,1606991
447,1607379
941,1607411
288,1607760
382,1608235
479,1608262
981,1608420
697,1608573
722,1608707
122,1608761
867,1608771
25,1608963
26,1608964
170,1609476
589,1609616
651,1609773
1106,1609954
539,1609974
198,1610085
199,1610523
829,1610827
754,1611828
1047,1611889
90,1611960
152,1612288
952,1612497
209,1612798
952,1612848
111,1613016
955,1613123
1113,1613190
270,1613386
830,1613533
710,1613598
370,1613608
690,1613694
420,1613799
421,1613800
25,1613963
26,1613964
528,1613977
25,1614010
26,1614011
956,1614245
652,1614254
175,1614391
176,1614392
542,1614524
57,1614550
444,1614725
209,1614821
334,1615060
544,1615320
370,1615586
197,1615903
198,1615904
1047,1615961
275,1615983
86,1616041
867,1616243
940,1616404
275,1616599
693,1616758
25,1616983
419,1617498
965,1617744
865,1617842
444,1618205
445,1618206
401,1618714
692,1618793
274,1618839
542,1619136
638,1619137
867,1619309
370,1619344
274,1619526
571,1619572
383,1620045
61,1620360
62,1620361
411,1620361
1100,1620653
994,1620683
674,1621381
542,1621592
56,1621607
1081,1621659
1131,1621903
1106,1622049
1107,1622050
1097,1622330
1098,1622331
1099,1622332
943,1622348
944,1622349
982,1622642
864,1622850
692,1622882
693,1622883
865,1623007
866,1623008
867,1623009
1081,1623212
445,1623238
1100,1623443
942,1623517
1036,1623524
967,1623525
1097,1623527
1098,1623528
965,1623579
941,1624059
542,1624155
638,1624156
847,1624247
829,1624283
56,1624298
57,1624299
334,1624468
967,1624556
86,1624641
572,1624715
690,1624762
870,1624927
781,1625323
111,1626023
956,1626391
690,1626747
370,1626823
905,1626913
1100,1626992
1101,1626993
1114,1627048
220,1627229
342,1627429
973,1627548
92,1627705
479,1627746
829,1627761
830,1627762
196,1627809
781,1627901
690,1627902
692,1627904
847,1628143
274,1628336
559,1628750
941,1628801
942,1628802
690,1628804
566,1629017
567,1629018
64,1629302
952,1629350
1100,1629685
559,1629802
275,1629828
953,1630133
520,1630179
197,1630299
198,1630300
977,1630443
941,1630531
955,1630569
956,1630570
576,1630743
904,1630954
1134,1631070
904,1631208
371,1631436
967,1631437
953,1631851
651,1631905
474,1631911
274,1632186
274,1632192
539,1632500
275,1632579
25,1632647
26,1632648
976,1632985
977,1632986
866,1633039
867,1633040
1072,1633242
1134,1633453
576,1633528
849,1633600
169,1633686
804,1633786
270,1633906
830,1634029
382,1634244
383,1634245
526,1634539
622,1634647
1134,1635023
847,1635192
192,1635298
980,1635588
286,1635724
287,1635725
659,1635844
589,1636284
866,1636454
867,1636455
1099,1636607
1100,1636608
1101,1636609
196,1636628
197,1636629
830,1636814
399,1636962
400,1636963
61,1637124
1098,1637156
559,1637160
1081,1637464
994,1637930
1072,1638068
89,1638275
444,1638349
780,1638460
1041,1638465
652,1639146
541,1639345
394,1639448
56,1639545
576,1639736
61,1639811
197,1639932
539,1640284
270,1640375
198,1640481
96,1640525
659,1641410
448,1641842
169,1641912
559,1642058
905,1642116
905,1642411
194,1642565
780,1642836
692,1642863
1097,1643059
673,1643155
674,1643156
382,1643233
110,1643311
175,1643638
478,1643822
479,1643823
576,1644060
169,1644102
176,1644175
830,1644178
1106,1644774
1107,1644775
1072,1644890
965,1645564
1097,1645871
230,1645872
753,1646044
63,1646167
64,1646168
1112,1646402
1113,1646403
1114,1646404
87,1646792
447,1646793
269,1646938
270,1646939
1107,1646988
191,1646993
1098,1646997
57,1647046
473,1647302
57,1647351
58,1647352
177,1647752
178,1647753
698,1647754
699,1647755
904,1648016
977,1648589
196,1648650
474,1649076
194,1649319
942,1649379
528,1649722
994,1649769
62,1650068
411,1650068
916,1650320
688,1650322
956,1650341
175,1650365
125,1650987
652,1651162
81,1651359
1072,1651458
781,1651480
61,1651523
122,1651723
830,1652121
1134,1652222
382,1652545
383,1652546
192,1652778
1041,1653052
847,1653079
874,1653221
980,1653359
981,1653360
982,1653361
175,1653490
275,1653690
455,1654408
170,1654430
528,1654716
445,1655056
198,1655508
1041,1655654
175,1655742
209,1656004
967,1656025
169,1656129
690,1656164
955,1656223
382,1656373
1095,1656652
473,1656793
474,1656794
342,1656806
1081,1656983
697,1657021
194,1657241
195,1657242
196,1657243
866,1657270
175,1657275
500,1657423
1134,1657858
905,1658425
847,1658652
954,1658661
955,1658662
26,1658686
479,1658734
480,1658735
652,1658929
369,1659096
370,1659097
277,1659151
386,1659195
668,1659238
288,1659584
847,1659842
965,1659900
230,1660052
175,1660209
479,1660229
559,1660642
1099,1660854
1100,1660855
1101,1660856
445,1660884
382,1660898
383,1660899
325,1660933
905,1660954
445,1660979
56,1661235
270,1661369
479,1661544
60,1661564
92,1661764
394,1661804
395,1661805
973,1661858
86,1661918
1097,1661975
542,1662102
275,1662175
447,1662366
673,1662798
200,1662842
110,1662871
828,1663041
412,1663282
697,1663356
412,1663779
286,1663919
286,1664011
287,1664012
195,1664196
576,1664685
479,1664730
370,1664744
194,1664833
559,1665252
559,1665546
604,1665696
1072,1666281
399,1666295
865,1666535
368,1666733
828,1666782
829,1666783
62,1666812
411,1666812
61,1667377
62,1667378
411,1667378
944,1667581
274,1667850
855,1667874
521,1669428
478,1669429
479,1669430
479,1669571
153,1669725
1008,1669954
722,1670047
262,1670530
62,1670537
411,1670537
274,1670573
199,1670631
383,1670842
269,1670877
570,1670898
710,1670997
197,1671073
1047,1671110
274,1671152
521,1671403
478,1671404
197,1671800
693,1671856
110,1672033
86,1672076
542,1672294
521,1672295
478,1672296
370,1672536
692,1672700
830,1672867
673,1672945
96,1673255
967,1673320
269,1673523
270,1673563
692,1673632
994,1673638
995,1673639
996,1673640
659,1673693
804,1673775
193,1673923
521,1674094
478,1674095
361,1674098
905,1674415
62,1674463
411,1674463
693,1674511
361,1674513
270,1674562
517,1674574
288,1675097
370,1675308
1134,1675414
86,1675433
1103,1675609
1107,1675778
692,1675812
361,1675965
386,1676180
209,1676206
866,1676295
867,1676296
630,1676414
288,1676704
541,1677192
63,1677196
64,1677197
1100,1677247
528,1677294
865,1677348
196,1677360
177,1677389
383,1677422
1050,1677535
830,1677711
1047,1677787
474,1678053
479,1678060
570,1678229
520,1678278
870,1678282
692,1678588
693,1678589
1047,1678638
1048,1678639
996,1678659
110,1678709
111,1678710
386,1678887
905,1678899
444,1679064
445,1679065
973,1679355
576,1679362
566,1679529
567,1679530
169,1679587
25,1679655
967,1679696
692,1679815
520,1679910
521,1679911
521,1680016
199,1680280
419,1680298
1131,1680756
1097,1680824
230,1680825
361,1680919
191,1681112
169,1681138
412,1681199
973,1681341
994,1681748
692,1681986
693,1681987
169,1682056
372,1682339
542,1682485
566,1682913
567,1682914
370,1683363
847,1683404
944,1683506
878,1683882
168,1684184
169,1684185
59,1684194
781,1684546
754,1684651
1072,1684815
541,1684834
542,1684835
722,1685252
1115,1685418
444,1685603
539,1685739
541,1685741
197,1686072
541,1686083
977,1686153
847,1686316
849,1686318
209,1686448
91,1686735
92,1686736
97,1687028
965,1687574
122,1687642
122,1687959
847,1688125
996,1688306
559,1688326
829,1688363
944,1688498
829,1688504
539,1688533
692,1688538
690,1688565
176,1688601
865,1688677
980,1688901
965,1688923
275,1688962
1071,1689103
1072,1689104
870,1689214
111,1689218
209,1689351
370,1689418
517,1689477
710,1689487
711,1689488
952,1689490
1107,1690622
905,1690661
348,1690700
604,1690798
669,1690903
178,1691713
199,1692040
169,1692234
170,1692235
286,1692286
286,1692337
287,1692338
177,1692444
878,1692778
1073,1692786
324,1692814
955,1692919
111,1693094
269,1693129
25,1693234
26,1693235
818,1693566
382,1693668
1104,1693670
25,1693706
288,1694304
699,1694342
254,1694372
804,1694531
92,1694584
829,1694596
322,1694658
780,1695083
651,1695214
570,1695371
1134,1695422
994,1695831
539,1695900
541,1695902
201,1695927
722,1695957
197,1696043
447,1696525
111,1696718
941,1696756
942,1696757
288,1697337
944,1697493
325,1697694
692,1698106
178,1698211
479,1698295
905,1698321
57,1698324
447,1698497
448,1698498
59,1699120
479,1699155
480,1699156
541,1699332
196,1699431
275,1699529
175,1699870
1099,1699977
1100,1699978
61,1700314
62,1700315
411,1700315
539,1700377
269,1700884
270,1700885
828,1701393
90,1701711
26,1701717
692,1701907
480,1701909
559,1701917
1047,1702034
1097,1702063
1106,1702131
479,1702189
480,1702190
90,1702243
604,1702427
870,1702538
693,1702744
421,1703344
692,1703560
847,1703710
169,1703734
967,1703972
870,1704163
518,1704294
693,1704818
474,1705082
274,1705133
690,1705407
92,1705775
1100,1705827
955,1705877
542,1705958
1134,1706044
274,1706217
204,1706368
943,1706472
558,1706510
175,1706514
847,1706740
220,1707103
444,1707262
175,1707267
261,1707371
325,1707477
1048,1707677
692,1707853
830,1707877
1113,1707954
576,1708468
864,1708570
955,1708614
698,1708972
699,1708973
192,1708981
829,1709080
1098,1709099
605,1709325
973,1709354
829,1709362
711,1709412
1072,1709501
1073,1709502
866,1709528
564,1709896
944,1710093
980,1710098
288,1710480
571,1710519
572,1710520
197,1710716
152,1710941
177,1710964
178,1710965
1047,1711110
175,1711305
1047,1711377
57,1711639
622,1711708
196,1712124
197,1712125
604,1712296
673,1712633
564,1712727
274,1712785
275,1712786
57,1712968
967,1713393
194,1713545
874,1713578
1081,1713836
288,1714755
169,1714881
111,1714892
996,1715122
953,1715346
1113,1715478
1134,1716015
980,1716042
804,1716079
1134,1716123
722,1716274
62,1716641
411,1716641
673,1716744
674,1716745
352,1716797
977,1716940
1041,1717104
977,1717123
1098,1717365
976,1717479
977,1717480
956,1717636
520,1717644
372,1717683
403,1717752
61,1717901
521,1717916
478,1717917
111,1718020
1113,1718212
169,1718401
916,1718537
521,1718713
522,1718714
523,1718715
955,1718761
994,1719015
847,1719276
1072,1719330
973,1719478
973,1719575
693,1719619
231,1720146
944,1720297
722,1720448
286,1720525
830,1720593
539,1720800
122,1721080
566,1721101
1134,1721138
541,1721175
192,1721243
399,1721347
87,1721463
693,1721478
998,1721557
324,1721558
994,1721639
559,1721680
1134,1721855
419,1721882
1098,1721883
804,1721919
1134,1721963
722,1722114
62,1722481
411,1722481
981,1722560
982,1722561
673,1722584
674,1722585
352,1722637
977,1722780
62,1722862
411,1722862
1041,1722944
977,1722963
204,1723125
976,1723319
630,1723344
1099,1723444
956,1723476
520,1723484
372,1723523
177,1723546
541,1723845
474,1723902
1097,1723919
1098,1723920
1099,1723921
975,1724059
542,1724178
977,1724209
62,1724242
411,1724242
370,1724328
371,1724329
372,1724330
830,1724434
690,1724712
981,1724799
62,1724859
411,1724859
870,1724927
57,1725117
58,1725118
874,1725173
199,1725218
952,1725788
325,1725828
62,1725925
411,1725925
1103,1726000
260,1726046
917,1726048
917,1726049
560,1726204
993,1726403
558,1726464
559,1726465
1097,1726594
1098,1726595
956,1726608
829,1726687
178,1726727
956,1727188
61,1727435
56,1727591
710,1727871
1072,1728370
652,1728452
192,1728892
941,1729509
198,1729833
275,1730318
399,1730340
479,1730369
952,1730445
89,1730529
829,1730563
965,1731174
966,1731175
372,1731176
336,1731376
342,1731460
201,1731641
370,1731923
371,1731924
372,1731925
57,1732011
866,1732020
141,1732059
197,1732175
255,1732477
698,1732651
196,1732728
197,1732729
110,1732836
178,1732900
1104,1733285
1047,1733387
1106,1733428
692,1733889
419,1733954
230,1733955
231,1733956
479,1734032
829,1734120
400,1734232
942,1734403
944,1734419
904,1734468
141,1734485
697,1734653
541,1734719
941,1735055
942,1735056
722,1735063
722,1735254
192,1735463
193,1735464
965,1735756
255,1736123
383,1736350
867,1736670
713,1736721
714,1736722
289,1736772
275,1736829
1036,1736839
967,1736840
270,1737105
447,1737638
956,1737660
57,1737765
368,1738273
866,1738349
368,1738619
369,1738620
56,1738908
1072,1738921
56,1738931
993,1738934
1041,1739297
194,1739542
622,1739802
1081,1739974
590,1740016
847,1740079
830,1740204
541,1740217
541,1740367
57,1740624
1134,1740858
445,1741010
520,1741042
208,1741062
275,1741160
168,1741243
269,1741266
202,1741370
994,1741486
995,1741487
996,1741488
539,1741547
270,1741558
576,1741675
1047,1741973
905,1742038
967,1742085
270,1742863
967,1743021
576,1743298
1134,1743522
1098,1743717
539,1743869
941,1743954
942,1743955
1134,1744060
274,1744110
275,1744111
1059,1744191
541,1744273
558,1744337
559,1744338
92,1744577
1099,1744806
1100,1744807
674,1744996
1047,1745058
589,1745111
1081,1745116
688,1745160
604,1745188
201,1745206
122,1745341
541,1745488
44,1745685
559,1745857
370,1746099
270,1746421
944,1746729
847,1746757
169,1746866
170,1746867
25,1747214
199,1747332
275,1747387
348,1747429
1134,1747464
870,1747598
445,1747855
288,1748094
62,1748453
411,1748453
1081,1748605
692,1748663
62,1748950
411,1748950
541,1749463
479,1749485
942,1749766
56,1750063
57,1750064
847,1750682
969,1750774
104,1750840
737,1750991
1072,1751070
758,1751079
475,1751097
399,1751160
477,1751208
965,1751380
622,1751446
952,1751612
386,1751706
396,1751941
1089,1751941
1072,1752301
737,1752416
673,1752651
737,1752893
421,1753033
939,1753040
940,1753041
57,1753338
201,1753355
168,1753490
196,1753633
197,1753634
61,1753727
62,1753728
411,1753728
202,1754070
865,1754368
994,1754401
122,1754626
1041,1754679
61,1754805
62,1754806
411,1754806
63,1755088
693,1755105
1081,1755150
422,1755335
274,1755657
261,1755686
444,1755717
447,1755769
520,1755795
521,1755796
382,1755812
59,1756135
975,1756355
976,1756356
348,1756433
866,1756465
479,1756468
87,1756493
447,1756494
348,1756499
383,1756732
57,1756750
270,1756842
56,1756890
177,1756942
698,1756956
138,1756978
57,1757074
202,1757326
169,1757515
1072,1757677
830,1757874
855,1758115
369,1758187
370,1758188
370,1758284
864,1758526
194,1758981
286,1759099
287,1759100
288,1759101
44,1759125
480,1759505
479,1759870
711,1759979
456,1760322
177,1760826
289,1760925
190,1761280
191,1761281
275,1761400
659,1761491
576,1761938
25,1762087
57,1762320
528,1762552
866,1762878
867,1762879
980,1763274
386,1763303
204,1763360
693,1763387
444,1763893
196,1764124
170,1764193
521,1764413
818,1764418
558,1764609
828,1764828
56,1764931
286,1764933
56,1765097
57,1765098
374,1765271
275,1765406
111,1765444
1072,1765835
521,1766009
170,1766382
576,1767081
525,1767481
604,1767593
975,1767657
976,1767658
977,1767659
1097,1767836
368,1767890
369,1767891
698,1767908
702,1767927
403,1767978
169,1768050
541,1768102
542,1768103
638,1768104
57,1768152
58,1768153
1134,1768616
170,1768782
171,1768783
169,1768988
383,1769363
421,1769623
828,1769737
829,1769738
474,1770259
955,1770280
956,1770281
261,1770629
1072,1770845
111,1770978
829,1771026
864,1771107
197,1771132
335,1771309
541,1771536
542,1771537
399,1771629
541,1771762
830,1772043
518,1772245
847,1772526
111,1772938
421,1773152
1072,1773627
830,1773847
175,1773851
444,1774349
1072,1774362
753,1775150
781,1775177
697,1775304
370,1775378
566,1775712
542,1775718
722,1775927
1099,1777217
1100,1777218
61,1777430
62,1777431
411,1777431
941,1777664
1072,1777859
1134,1777994
26,1778089
967,1778216
57,1778329
175,1778470
489,1778958
870,1778970
955,1779312
444,1779831
571,1779935
693,1779967
1041,1780293
543,1780437
401,1780495
829,1780624
88,1780755
89,1780756
59,1780788
952,1780789
191,1781119
177,1781345
178,1781346
489,1781351
274,1781454
57,1781938
348,1781987
63,1782025
169,1782151
197,1782314
518,1782672
804,1782893
26,1782969
953,1783174
993,1783329
559,1783345
981,1783449
982,1783450
57,1783565
500,1783749
193,1783791
269,1783990
753,1784488
92,1784507
201,1784537
1106,1784731
690,1784740
231,1784832
939,1785028
940,1785029
193,1785060
576,1785115
527,1785343
528,1785344
965,1785685
25,1786071
26,1786072
372,1786085
373,1786086
956,1786297
941,1786509
57,1786541
419,1786862
698,1787674
692,1787768
864,1787887
523,1788062
524,1788063
952,1788082
994,1788249
479,1788268
175,1788293
444,1788317
445,1788318
191,1788606
954,1788684
955,1788685
177,1788849
400,1789025
905,1789035
780,1789040
605,1789113
866,1789389
168,1789587
829,1789712
196,1789794
567,1790035
568,1790036
569,1790037
1048,1790080
559,1790101
478,1790171
479,1790172
90,1790287
965,1790311
59,1790373
692,1790543
1047,1790827
87,1790959
122,1791019
905,1791430
942,1791445
177,1791479
692,1791798
499,1791853
994,1791904
110,1791987
111,1791988
1134,1791990
539,1792155
197,1792269
690,1792386
196,1792418
1047,1792492
1072,1792582
956,1792690
178,1792928
517,1793153
977,1793176
192,1793550
193,1793551
1113,1793628
864,1793659
269,1793750
270,1793751
274,1793755
944,1793833
61,1794064
194,1794217
195,1794218
90,1794239
965,1794328
651,1794429
953,1794448
447,1794628
62,1794719
411,1794719
651,1794800
652,1794801
998,1794812
324,1794813
177,1794915
178,1794916
559,1794983
1134,1795064
829,1795238
965,1796086
260,1796181
518,1796224
422,1796435
175,1796444
201,1796466
202,1796467
1041,1796605
604,1796647
829,1796882
830,1796922
539,1797205
1104,1797391
444,1797713
445,1797714
447,1797716
448,1797717
1048,1797762
1134,1797869
788,1797970
829,1798001
830,1798002
1073,1798153
829,1798220
996,1798232
421,1798395
56,1798975
57,1798976
652,1799033
707,1799351
1134,1799570
866,1799692
981,1800044
622,1800505
479,1800700
400,1801114
196,1801429
651,1801545
92,1801650
56,1801786
57,1801787
559,1801914
269,1802213
542,1802915
403,1802957
977,1803001
57,1803083
58,1803084
994,1803341
368,1803604
369,1803605
57,1803871
518,1803974
1090,1803975
518,1803982
711,1803994
539,1804059
541,1804061
944,1804365
111,1804866
965,1805053
1131,1805267
702,1805521
953,1805545
1041,1805647
87,1805701
57,1806195
58,1806196
830,1806203
270,1806242
659,1806299
1134,1806421
864,1806575
674,1806826
558,1806872
175,1806988
973,1807066
445,1807181
336,1807211
1131,1807663
88,1807891
122,1808050
706,1808190
1041,1808202
479,1808318
722,1808354
1134,1808509
967,1808528
231,1808656
58,1809010
88,1809549
325,1809778
169,1809885
904,1809998
1041,1810061
652,1810063
653,1810064
209,1810249
1113,1810567
275,1810627
394,1810810
1047,1811533
192,1811673
865,1812003
374,1812023
169,1812034
965,1812089
209,1812409
804,1812827
286,1813059
829,1813225
202,1813496
56,1813607
865,1813651
1041,1813656
154,1813661
722,1813725
178,1813783
698,1813784
334,1814597
953,1814688
412,1814752
1041,1814816
169,1814905
325,1815092
368,1815175
369,1815176
781,1815268
956,1815511
25,1815515
953,1815648
171,1815694
1134,1815880
175,1816009
1134,1816241
904,1816352
576,1816575
1134,1816712
576,1816724
967,1816842
194,1816867
828,1816967
829,1816968
688,1817013
176,1817052
604,1817241
194,1817273
383,1817552
1041,1817661
1041,1817778
576,1818028
400,1818253
274,1818699
558,1819277
944,1819621
944,1819683
1113,1819794
953,1820107
954,1820108
955,1820109
528,1820168
56,1820554
92,1821004
722,1821010
866,1821241
867,1821242
604,1821537
940,1822058
1113,1822278
192,1822341
559,1822494
1097,1822917
1098,1822918
905,1823036
828,1823078
965,1823110
722,1823494
541,1823526
954,1823776
955,1823777
474,1824030
169,1824403
386,1824455
396,1824616
1089,1824616
1090,1824617
942,1824742
517,1824771
690,1825059
673,1825098
673,1825777
674,1825914
942,1825929
86,1826081
1107,1826119
348,1826151
269,1826798
1112,1826846
1113,1826847
1134,1827040
818,1827307
753,1827407
445,1827426
1015,1827757
780,1827878
637,1827986
688,1828171
177,1828196
445,1828442
964,1828930
965,1828931
780,1828975
722,1828992
479,1829052
967,1829519
870,1829740
455,1830018
952,1830089
953,1830090
954,1830091
955,1830092
1115,1830150
110,1830592
324,1830693
166,1830910
167,1830911
168,1830912
169,1830913
170,1830914
874,1830985
788,1831607
111,1831665
59,1831853
60,1831854
61,1831855
62,1831856
411,1831856
1081,1832091
1081,1832154
1110,1832277
1134,1832761
560,1832812
370,1832827
141,1832983
371,1832995
967,1832996
196,1833051
197,1833052
604,1833146
942,1833161
81,1833329
940,1833337
199,1833412
200,1833413
201,1833414
864,1833457
500,1833559
964,1833638
542,1833900
638,1833901
829,1834066
829,1834348
528,1834569
394,1834623
395,1834624
1134,1834876
170,1835120
917,1835196
64,1835377
396,1835545
1089,1835545
688,1835965
394,1836006
541,1836139
660,1836236
973,1836348
539,1836831
25,1837094
539,1837209
541,1837211
523,1837261
524,1837262
373,1837478
170,1837654
370,1837765
940,1837784
325,1837838
866,1837854
867,1837855
254,1838100
255,1838101
1081,1838162
1112,1838263
122,1838301
660,1838404
943,1838430
651,1838440
1134,1838470
89,1838707
539,1839303
194,1839312
401,1839397
558,1839527
517,1839565
122,1839759
1110,1839837
1073,1840063
274,1840242
325,1840299
288,1840572
270,1840618
81,1840633
169,1840658
673,1840981
25,1841710
201,1842253
198,1842523
447,1842568
604,1842607
111,1842719
111,1842891
828,1843217
1081,1843526
917,1843598
541,1843625
953,1843721
269,1843783
956,1843826
1047,1843880
361,1843951
1134,1844071
818,1844145
324,1844215
288,1844277
444,1844447
445,1844448
372,1844488
59,1844501
60,1844502
382,1844558
196,1844830
941,1844925
942,1844926
403,1845064
254,1845358
570,1845379
1106,1845514
1107,1845515
1097,1845538
1098,1845539
153,1845575
260,1845733
383,1845775
904,1846024
722,1846236
370,1846719
1041,1846783
942,1846837
690,1846839
953,1847027
590,1847330
368,1847331
62,1847346
411,1847346
412,1847347
88,1847648
348,1847723
558,1848029
58,1848170
370,1848368
56,1848384
286,1848386
158,1848591
673,1849044
1106,1849213
89,1849220
383,1849393
1047,1849472
1048,1849473
865,1849574
1101,1849579
445,1849674
334,1849813
829,1849839
1104,1850030
1106,1850032
1107,1850033
1108,1850034
1081,1850510
944,1850611
698,1851291
175,1851296
176,1851297
521,1851448
478,1851449
1041,1851903
1041,1851996
191,1852197
232,1852202
175,1853016
652,1853095
829,1853485
651,1853551
944,1853599
956,1853640
722,1853685
973,1853965
528,1854007
158,1854221
698,1854326
542,1854690
168,1854700
905,1854783
25,1854882
571,1854899
956,1854945
957,1854946
958,1854947
959,1854948
523,1855043
25,1855077
1097,1855358
447,1855467
518,1855659
1074,1856136
1075,1856137
1121,1856177
169,1856218
722,1856523
638,1856535
105,1856574
1073,1856718
1047,1856735
542,1856813
638,1856814
1018,1856901
56,1857683
1072,1857835
697,1857941
955,1858171
669,1858407
670,1858408
638,1858516
576,1858566
269,1858640
175,1858917
780,1858923
382,1858986
866,1859059
867,1859060
651,1859307
444,1859348
954,1860691
141,1861045
1072,1861116
570,1861704
269,1861798
1047,1861926
818,1862260
209,1862393
196,1862422
197,1862423
804,1862736
955,1862859
87,1862863
1107,1863109
141,1863479
994,1863502
544,1863584
1111,1863619
386,1863672
1041,1863786
196,1863979
368,1864020
866,1864068
867,1864069
1110,1864147
1103,1864537
1100,1864576
62,1864766
411,1864766
489,1864819
1071,1864822
1072,1864823
558,1865106
56,1865120
61,1865156
62,1865157
411,1865157
944,1865257
209,1865388
261,1865576
111,1865590
270,1865707
975,1866131
444,1866422
445,1866423
274,1866540
517,1866682
944,1866708
994,1866880
261,1866894
141,1866937
1134,1867053
830,1867616
520,1867634
521,1867635
941,1867723
942,1867724
178,1867867
905,1867913
194,1867978
1110,1868031
1134,1868149
1107,1868162
111,1868251
559,1868340
288,1868429
954,1868761
955,1868762
956,1868763
517,1868779
715,1869540
88,1869688
89,1869689
690,1869691
711,1869736
917,1869789
399,1870232
270,1870274
96,1870416
676,1870654
478,1870710
197,1871154
342,1871184
953,1871213
421,1871237
274,1871449
370,1871480
953,1871654
361,1871763
111,1871783
197,1872020
479,1872024
479,1872048
177,1872252
178,1872253
754,1872418
755,1872419
905,1872692
830,1873002
590,1873340
368,1873341
369,1873342
944,1873345
1113,1873431
270,1873439
288,1873831
419,1873873
905,1874260
400,1874634
1097,1874745
374,1874823
275,1875337
286,1875737
287,1875738
288,1875739
964,1875816
965,1875817
964,1876331
1041,1876349
254,1876584
286,1876837
44,1877290
196,1877353
197,1877354
199,1877364
288,1877403
176,1877455
177,1877456
125,1877647
541,1877663
564,1877841
56,1877908
630,1877926
944,1878137
138,1878158
158,1878232
348,1878246
659,1878364
1112,1878417
1113,1878418
44,1878456
348,1878637
1106,1878724
1107,1878725
1108,1878726
520,1878780
543,1878781
660,1878874
386,1879078
325,1879137
260,1879200
1106,1879697
125,1880029
1134,1880299
1106,1880546
370,1880774
953,1880973
1073,1881355
758,1881557
288,1881680
829,1881720
830,1881721
1098,1881846
97,1881962
1047,1882901
197,1882944
1047,1883019
57,1883160
254,1883487
383,1883781
275,1883927
400,1884124
818,1884225
966,1884424
967,1884425
500,1884482
396,1884500
1089,1884500
171,1884728
274,1884781
590,1884818
368,1884819
369,1884820
370,1884821
197,1885210
456,1885409
870,1885769
255,1885933
866,1885974
867,1885975
274,1886095
830,1886318
175,1886331
539,1886522
692,1886558
659,1886624
604,1886708
788,1887043
830,1887199
270,1887302
445,1887368
981,1887501
1112,1887620
1047,1887925
201,1888134
372,1888202
87,1888352
444,1888362
111,1888548
542,1888589
521,1888594
993,1888703
111,1888917
905,1889016
88,1889186
89,1889187
122,1889251
58,1889774
698,1889883
288,1890134
197,1890422
399,1890568
539,1890752
944,1890976
1106,1891101
170,1891996
383,1892218
383,1892223
382,1892256
804,1892376
191,1892413
192,1892414
198,1892538
25,1892571
122,1892665
1106,1892807
674,1892922
194,1892964
523,1893074
524,1893075
692,1893092
1098,1893406
444,1893482
254,1893955
270,1894023
952,1894133
270,1894221
361,1894225
169,1894288
89,1894335
90,1894336
994,1894379
445,1895251
517,1895472
952,1895587
965,1895664
673,1895861
674,1895862
1008,1895909
830,1896259
690,1896760
697,1897085
171,1897799
61,1897900
62,1897901
411,1897901
559,1897917
348,1898081
622,1898191
122,1898422
517,1898493
693,1898576
828,1899333
829,1899334
1047,1899676
372,1900487
270,1900521
954,1900589
955,1900590
169,1900731
170,1900732
529,1900795
194,1900864
604,1901084
396,1901606
1089,1901606
956,1902261
1107,1902836
967,1902921
944,1903015
1050,1903079
942,1903143
528,1903169
1107,1903231
382,1903650
383,1903651
489,1903824
690,1903862
973,1903892
520,1903947
638,1903948
57,1903997
637,1904034
828,1904203
828,1904374
829,1904375
177,1904382
1134,1904435
61,1904629
693,1904660
479,1904767
194,1904824
967,1904872
754,1904885
651,1904960
1106,1905254
194,1905399
1047,1905507
520,1905632
804,1905847
1104,1905899
955,1905917
956,1905918
169,1905999
170,1906000
171,1906001
973,1906179
447,1906200
866,1906485
867,1906486
1106,1906624
169,1906898
622,1907346
383,1907546
965,1907762
447,1907765
382,1907814
383,1907815
954,1908003
56,1908068
688,1908093
1103,1908129
196,1908511
939,1908672
940,1908673
967,1908854
804,1909002
590,1909558
368,1909559
369,1909560
202,1909618
572,1909630
64,1909779
373,1909924
374,1909925
1072,1910434
905,1910821
668,1911062
125,1911274
286,1911377
30,1912258
589,1912260
590,1912261
368,1912262
1107,1912571
622,1912798
169,1912970
1072,1913100
286,1913120
194,1913514
195,1913515
855,1913524
528,1913929
444,1914340
994,1914570
754,1914612
755,1914613
942,1914733
369,1914856
953,1914980
275,1915061
994,1915293
973,1915319
201,1915865
818,1915905
386,1915966
1072,1916133
996,1916152
274,1916425
275,1916426
498,1916468
954,1916506
964,1916731
965,1916732
996,1916793
965,1916915
1108,1917183
197,1917488
964,1917632
191,1917698
576,1917880
500,1918018
870,1918116
904,1918205
1097,1918542
973,1918652
943,1918920
952,1919104
478,1919647
1041,1919745
1104,1919795
905,1919859
994,1919885
56,1920062
81,1920163
558,1920292
368,1920304
830,1920562
1114,1920622
692,1920754
111,1920808
638,1920979
576,1920983
192,1921295
964,1921371
1041,1921757
170,1921795
171,1921796
967,1922122
110,1922195
965,1922352
1097,1922401
1098,1922402
904,1922585
1113,1922721
192,1922732
781,1922787
141,1922932
755,1923306
756,1923307
905,1923358
370,1923437
1106,1923521
539,1923740
1134,1923985
261,1924116
262,1924117
1134,1924543
59,1924908
60,1924909
61,1924910
62,1924911
411,1924911
288,1924960
528,1924991
572,1925009
141,1925661
1072,1926386
122,1926576
171,1926614
1134,1926717
818,1927353
368,1927373
1001,1927406
622,1927678
702,1927886
703,1927887
704,1927888
269,1927909
59,1928233
952,1928234
370,1928440
693,1928505
96,1928553
690,1929250
57,1929553
669,1929569
419,1929593
230,1929594
231,1929595
952,1929672
953,1929673
954,1929674
955,1929675
177,1930448
198,1930799
722,1930949
956,1930981
178,1931159
698,1931160
829,1931397
274,1931509
830,1931597
394,1931646
395,1931647
818,1931713
26,1931760
111,1931834
1134,1931836
169,1932219
953,1932296
1047,1932410
370,1932443
754,1932545
1134,1932610
361,1932966
56,1933189
176,1933221
539,1933534
542,1933690
576,1933696
274,1933960
956,1934008
957,1934009
953,1934109
178,1934130
967,1934230
270,1934494
905,1934501
177,1935233
274,1935733
566,1935750
567,1935751
944,1935779
965,1935944
788,1936178
605,1936225
818,1936272
539,1936422
517,1936497
1134,1936563
270,1936639
973,1936860
697,1936887
698,1936888
865,1936999
866,1937000
867,1937001
192,1937248
559,1937300
994,1937586
976,1937647
977,1937648
419,1937769
1072,1937813
386,1937879
942,1938054
57,1938137
444,1938407
399,1938625
653,1938670
693,1938911
361,1938913
571,1938943
830,1939834
939,1940054
940,1940055
541,1940146
447,1941017
722,1941110
847,1941192
528,1941583
956,1941824
473,1941839
474,1941840
955,1941870
479,1941984
286,1942005
177,1942113
178,1942114
698,1942115
955,1942325
62,1942409
411,1942409
904,1942458
967,1942485
692,1942515
194,1942624
386,1942654
952,1942837
952,1942961
382,1943062
26,1943452
941,1943485
942,1943486
62,1943568
411,1943568
275,1943740
589,1944312
122,1945067
92,1945167
830,1945414
521,1945450
374,1945703
194,1945956
195,1945957
196,1945958
652,1946017
447,1946304
1134,1946323
111,1946420
1115,1946984
445,1947035
56,1947271
847,1947306
566,1947361
567,1947362
568,1947363
1041,1947485
953,1947538
288,1947572
110,1948474
58,1948585
154,1948828
447,1949323
698,1949577
690,1949822
692,1949824
673,1949983
674,1949984
1106,1950249
539,1950546
980,1950631
155,1950641
630,1950656
737,1950686
692,1951086
370,1951297
202,1951740
444,1951781
1047,1951874
288,1952346
202,1952519
170,1952554
170,1952872
87,1952975
445,1953198
698,1953256
382,1953384
847,1953397
122,1953468
967,1953789
1104,1953958
956,1954412
87,1954441
995,1954699
996,1954700
1110,1955046
541,1955129
542,1955130
521,1955131
567,1955175
568,1955176
57,1955331
192,1955557
690,1955927
400,1956105
56,1956237
194,1956339
195,1956340
956,1956411
957,1956412
456,1956498
197,1956906
965,1957050
980,1957125
571,1957270
286,1957369
688,1957380
255,1957487
138,1957900
289,1957922
170,1957957
171,1957958
255,1958060
370,1958198
199,1958233
788,1958472
789,1958473
1097,1958573
1098,1958574
1099,1958575
1100,1958576
1101,1958577
973,1958692
56,1959084
544,1959344
1113,1959943
194,1960323
710,1960352
57,1960460
58,1960461
1134,1960469
688,1960494
383,1960508
1134,1960532
539,1960898
274,1960913
993,1961379
994,1961380
91,1961385
92,1961386
56,1961587
828,1961693
829,1961694
692,1961822
88,1962107
980,1962266
62,1962393
411,1962393
829,1962409
138,1962865
383,1963104
447,1963143
448,1963144
830,1963585
372,1963608
674,1963629
544,1963712
196,1963757
197,1963758
370,1963791
479,1964251
474,1964279
421,1964316
422,1964317
659,1964350
26,1964610
141,1964623
86,1964660
269,1965230
270,1965231
204,1965289
270,1965548
202,1965706
110,1965783
818,1966144
25,1966245
818,1966360
368,1966384
369,1966385
994,1966388
199,1966424
539,1966507
209,1966958
270,1967185
520,1967241
523,1967375
690,1967673
528,1968087
964,1968174
965,1968175
1104,1968177
386,1968210
274,1968278
158,1968541
92,1968609
204,1968695
973,1968764
168,1968810
994,1968839
829,1968850
944,1969031
1047,1969056
964,1969089
965,1969090
255,1969255
122,1969319
1134,1969331
736,1969621
478,1969640
956,1969750
1072,1969774
904,1970269
965,1970537
194,1970663
195,1970664
755,1970730
756,1970731
956,1970867
383,1970883
447,1971050
953,1971070
939,1971507
940,1971508
690,1971591
275,1971622
171,1971659
201,1972254
324,1972294
62,1972344
411,1972344
197,1972379
965,1972709
956,1973020
818,1973226
194,1973244
195,1973245
965,1973445
474,1973937
383,1974202
829,1974334
690,1974694
1072,1974937
169,1975217
520,1975529
177,1975739
286,1975799
286,1976382
870,1976539
191,1976597
177,1976887
788,1976915
57,1977240
1108,1977465
122,1977891
196,1977907
567,1977961
865,1978039
325,1978062
570,1978130
26,1978140
651,1978268
952,1978741
965,1979074
1106,1979224
1107,1979225
1108,1979226
605,1979406
702,1979607
855,1979690
737,1979704
122,1979785
965,1979988
1104,1980089
59,1980113
952,1980114
980,1980351
981,1980352
382,1980359
372,1980361
1131,1980425
919,1980620
158,1980744
169,1981087
955,1981311
864,1981452
56,1981546
286,1981548
674,1981760
953,1981929
191,1981994
192,1981995
693,1982071
197,1982195
953,1982261
447,1982292
674,1982448
270,1982519
737,1982701
87,1982999
447,1983000
192,1983025
1134,1983118
382,1983151
201,1983217
178,1983422
110,1983483
371,1983485
967,1983486
674,1983503
975,1983592
976,1983593
977,1983594
1081,1983611
692,1983911
403,1984039
61,1984203
447,1984214
448,1984215
539,1984348
1047,1984510
1081,1984543
193,1984544
199,1984658
169,1984681
386,1984817
288,1985027
944,1985438
141,1985447
942,1985614
690,1985616
1072,1985897
905,1985943
758,1986017
905,1986070
56,1986125
196,1986267
542,1986298
386,1986387
559,1986599
274,1986628
58,1986928
828,1986962
829,1986963
528,1987706
412,1987799
539,1988092
122,1988658
274,1988831
542,1989171
1110,1989285
197,1989637
722,1990090
595,1990159
92,1990485
374,1990492
445,1990594
1097,1990639
1098,1990640
693,1990770
674,1991093
692,1991103
288,1991131
274,1991136
361,1991481
275,1991506
480,1991592
445,1991625
25,1991783
288,1991940
270,1991999
692,1992272
528,1992332
88,1992591
692,1992812
905,1992973
1047,1993343
704,1993425
274,1993457
419,1993632
152,1993820
56,1994111
57,1994112
976,1994581
977,1994582
595,1994781
674,1994785
412,1994792
542,1994962
834,1995000
558,1995141
559,1995142
1097,1995397
171,1995423
167,1995442
168,1995443
847,1995502
394,1995519
395,1995520
386,1995581
904,1995827
58,1995936
526,1995973
539,1996466
541,1996468
400,1996476
697,1996587
698,1996588
699,1996589
208,1996698
209,1996699
56,1996820
944,1996824
386,1996877
566,1996887
56,1996958
92,1997095
870,1997443
199,1997554
200,1997555
421,1997562
780,1997615
944,1997617
261,1997671
177,1997745
111,1998085
830,1998557
175,1998561
956,1998819
660,1998864
977,1998932
955,1998949
420,1999047
421,1999048
422,1999049
474,1999082
804,1999102
874,1999268
866,1999312
973,1999408
63,1999559
570,1999581
522,1999908
523,1999909
994,2000520
944,2000566
905,2000850
169,2001248
169,2001329
324,2001435
1047,2001593
169,2001830
1041,2001865
254,2002074
973,2002218
1047,2002333
849,2002419
539,2002544
400,2002547
445,2002700
867,2002790
197,2003115
539,2003153
170,2003305
674,2003483
967,2003488
660,2003504
175,2003583
520,2003590
1109,2003670
1110,2003671
1111,2003672
595,2003967
194,2004006
195,2004007
260,2004304
63,2004770
201,2005178
382,2005438
141,2005481
904,2005795
370,2005924
566,2006063
567,2006064
169,2006278
422,2006692
1036,2006698
967,2006699
288,2007176
956,2007342
957,2007343
401,2007518
866,2007617
867,2007618
804,2007883
270,2008297
674,2008351
870,2008582
158,2008724
325,2008884
1050,2009337
521,2009354
559,2009546
604,2009658
969,2009694
1103,2009916
722,2010298
196,2010459
566,2010708
567,2010709
568,2010710
828,2010887
829,2010888
588,2011469
1134,2011656
965,2011802
57,2011861
1001,2012072
1134,2012943
399,2013359
690,2013519
818,2013653
864,2013799
917,2013881
917,2013882
63,2013996
674,2014138
444,2014237
445,2014238
177,2014342
383,2014469
288,2014809
169,2015058
967,2015074
444,2015369
866,2015581
1073,2015647
1074,2015648
1075,2015649
1072,2015890
781,2015913
1103,2016158
1072,2016740
61,2016747
62,2016748
411,2016748
722,2016851
866,2016883
382,2016931
383,2016932
447,2016934
448,2016935
498,2016989
412,2017031
447,2017148
448,2017149
57,2017689
1073,2017807
952,2018008
90,2018122
232,2018242
866,2018332
867,2018333
288,2018368
996,2018854
111,2018862
973,2018927
604,2019125
1047,2020230
394,2020318
395,2020319
521,2020654
478,2020655
1047,2020952
954,2021197
955,2021198
57,2021395
564,2021498
565,2021499
566,2021500
567,2021501
568,2021502
1072,2021822
942,2021831
474,2021953
198,2022191
386,2022307
528,2022496
56,2022811
288,2022938
716,2022954
717,2022955
944,2023103
952,2023470
57,2023699
58,2023700
57,2023744
692,2023899
849,2023926
529,2024596
56,2024767
965,2024994
255,2025318
59,2025417
201,2025700
542,2025746
847,2025982
1134,2026047
865,2026138
867,2026265
539,2026394
445,2026464
169,2026596
170,2026597
171,2026598
56,2026615
383,2026618
697,2026899
566,2026929
567,2026930
692,2027023
1073,2027049
447,2027058
953,2027161
993,2027265
736,2027630
737,2027631
288,2027747
542,2028041
270,2028060
1072,2028469
1073,2028470
604,2028814
399,2028901
400,2028902
622,2029142
955,2029384
542,2029574
638,2029575
520,2029959
324,2029995
956,2030161
981,2030313
982,2030314
1134,2030414
1047,2030563
1048,2030564
1110,2030719
1103,2030931
342,2031373
667,2031416
651,2031513
445,2031632
698,2031703
698,2031826
710,2031929
288,2032218
97,2032288
288,2032464
939,2032531
57,2032667
1134,2032911
396,2033228
1089,2033228
830,2033441
541,2033972
275,2034453
198,2034519
111,2034613
1134,2034615
559,2034929
480,2035082
651,2035134
96,2035544
97,2035545
1095,2035612
830,2035970
688,2036918
590,2036929
368,2036930
542,2036984
521,2036985
478,2036986
111,2037117
981,2037159
965,2037360
1041,2037813
61,2038248
698,2038846
199,2039208
1041,2039224
382,2039335
522,2039448
523,2039449
1041,2039504
197,2039580
61,2039924
368,2040035
348,2040094
528,2040237
529,2040238
955,2040282
904,2040634
152,2040904
447,2041055
64,2041196
1050,2041201
976,2041504
447,2041518
334,2041782
382,2041784
394,2041803
673,2041940
444,2042249
445,2042250
1108,2042580
274,2042905
1106,2042955
952,2043024
1134,2043141
804,2043267
711,2043367
92,2043476
993,2043615
781,2043714
190,2043845
973,2043902
944,2044261
63,2044549
722,2044582
168,2044826
169,2044827
288,2044836
169,2045099
288,2045214
652,2045334
92,2045740
1072,2045755
1115,2045757
192,2045803
158,2046344
361,2046414
969,2046616
208,2046655
209,2046656
200,2046876
201,2046877
1134,2047240
722,2047761
196,2047832
697,2047948
260,2048024
570,2048623
275,2049010
269,2049337
595,2049448
855,2049757
790,2049812
818,2050036
828,2050110
342,2050324
343,2050325
324,2050452
445,2050504
274,2050648
558,2050893
169,2051197
170,2051198
1106,2051444
704,2051543
965,2052031
754,2052382
755,2052383
722,2052445
194,2052505
195,2052506
196,2052507
197,2052508
1131,2052848
447,2052922
668,2053035
1097,2053082
230,2053083
231,2053290
232,2053291
62,2053358
411,2053358
274,2053912
570,2053972
444,2054027
444,2054121
692,2054431
1100,2054604
517,2054824
518,2054825
1050,2054985
956,2055114
957,2055115
269,2055206
270,2055207
59,2055326
1106,2055344
1107,2055345
544,2055441
572,2055818
674,2056245
209,2056379
651,2056426
965,2056585
57,2056785
58,2056786
1106,2056995
564,2057118
693,2057164
905,2057298
153,2057356
830,2057458
520,2057912
500,2058311
275,2058426
570,2058601
520,2058656
847,2059049
952,2059135
653,2060062
847,2060110
401,2060229
177,2060378
178,2060379
420,2060434
421,2060435
422,2060436
1072,2060660
1098,2060937
56,2061129
158,2061181
386,2061194
341,2061425
342,2061426
758,2061488
994,2061516
194,2061588
590,2061673
368,2061674
956,2061835
141,2062326
870,2063290
168,2063298
847,2063747
110,2063929
403,2063972
542,2064196
518,2064317
274,2064835
275,2065045
220,2065211
964,2065381
1050,2065553
286,2065747
287,2065748
288,2065749
288,2066088
590,2066225
56,2066239
673,2066608
204,2066624
197,2066853
175,2066926
1081,2067089
193,2067090
520,2067260
191,2067400
192,2067401
866,2067474
690,2067897
275,2067932
693,2068111
956,2068115
697,2068338
698,2068339
870,2068419
604,2069724
955,2069822
382,2070011
952,2070063
953,2070064
944,2070123
478,2070364
479,2070365
755,2070396
756,2070397
479,2070482
781,2070581
57,2070637
944,2070646
651,2070982
976,2071197
977,2071198
604,2071407
904,2071607
539,2071620
622,2071669
692,2071689
448,2071743
722,2072041
604,2072239
622,2072329
541,2072523
520,2072598
944,2072842
1106,2073083
525,2073212
526,2073213
154,2073384
804,2073580
1047,2073770
374,2073777
334,2073856
122,2073867
673,2074308
674,2074309
193,2074474
194,2074475
92,2074592
518,2074605
952,2074655
194,2074918
62,2075025
411,2075025
111,2075115
447,2075435
996,2075884
722,2076014
865,2076189
1097,2076329
420,2076330
421,2076331
690,2076351
419,2076611
1098,2076612
973,2076835
261,2076917
342,2077125
61,2077273
722,2077406
96,2077518
479,2077589
904,2077672
61,2077959
204,2078130
122,2078243
690,2078255
1072,2078490
1072,2078592
866,2078717
169,2079070
479,2079087
1041,2079115
200,2079264
1072,2079409
829,2079426
673,2079551
674,2079552
1131,2079597
169,2079610
274,2079626
1008,2079910
1009,2079911
1010,2079912
590,2080165
955,2080173
956,2080174
456,2080231
63,2080595
982,2080628
964,2080717
965,2080718
370,2080858
1100,2081194
62,2081270
411,2081270
559,2081273
209,2081472
153,2081555
1081,2081858
56,2082130
589,2082191
829,2082374
589,2082433
942,2082635
847,2082682
1099,2083140
1100,2083141
270,2083161
965,2083694
56,2083871
194,2083876
847,2083942
370,2084086
473,2084096
571,2084740
1090,2084759
270,2084778
171,2085016
88,2085094
692,2085113
170,2085828
171,2085829
964,2085853
874,2085865
867,2086043
829,2086132
62,2086338
411,2086338
956,2086432
957,2086433
973,2086702
528,2086720
168,2086786
56,2087101
996,2087136
1095,2087362
994,2087667
904,2087740
518,2088242
722,2088294
1072,2088300
956,2088600
1047,2088645
87,2088893
270,2088914
673,2088933
704,2089129
175,2089432
1131,2089563
758,2089876
521,2090293
478,2090294
220,2090443
480,2090548
1041,2090658
275,2091059
447,2091284
448,2091285
382,2091555
370,2091585
1104,2091626
374,2091658
956,2092012
288,2092183
274,2092553
576,2092823
965,2092987
158,2093022
830,2093109
558,2093284
559,2093285
818,2093321
194,2093514
690,2093541
954,2093668
526,2093770
122,2093837
865,2093848
866,2093849
692,2094078
560,2094137
90,2094505
288,2094690
830,2094937
830,2095499
944,2095584
111,2095731
199,2095852
25,2095928
260,2096676
688,2096678
1098,2096682
864,2096764
870,2096938
86,2097034
178,2097056
698,2097057
419,2097376
420,2097449
421,2097450
955,2097478
542,2097570
542,2097671
829,2097796
828,2098190
194,2098710
697,2098933
342,2098975
343,2098976
275,2099083
1098,2099245
1131,2099536
605,2099929
528,2100147
479,2100255
1134,2100275
255,2100306
674,2100332
722,2100367
169,2100803
170,2100804
660,2100921
1104,2101143
204,2101301
604,2101310
904,2101372
866,2101517
479,2101520
722,2101733
524,2102195
941,2102291
942,2102292
230,2102296
445,2102359
919,2102438
966,2102916
372,2102917
254,2103175
828,2103416
829,2103417
122,2103548
1097,2103647
955,2103731
706,2103801
707,2103802
96,2103907
394,2103948
395,2103949
270,2103950
944,2104014
480,2104139
866,2104514
57,2104540
722,2104727
940,2104899
539,2105027
400,2105030
348,2105310
1134,2105516
942,2105546
517,2105711
865,2105950
866,2105951
122,2106270
25,2106361
26,2106362
26,2106443
942,2106447
175,2106465
1041,2106746
191,2106795
25,2107257
270,2107325
780,2107733
955,2108012
956,2108013
382,2108053
1106,2108328
370,2108444
368,2108517
369,2108518
1097,2108909
525,2109319
526,2109320
667,2109711
61,2109826
62,2109827
411,2109827
192,2109979
622,2110128
830,2110250
964,2110643
688,2110932
81,2111055
153,2111297
192,2111412
274,2111748
541,2111828
400,2111975
401,2111976
1108,2111995
209,2112179
967,2112808
789,2113028
518,2113044
973,2113054
576,2113089
520,2113129
1106,2113205
829,2113287
652,2113385
1101,2113399
122,2113693
917,2113855
917,2113856
965,2113890
25,2113896
855,2113967
269,2114255
25,2114270
199,2114311
200,2114312
175,2114331
176,2114332
956,2114451
87,2114553
447,2114554
448,2114555
447,2114742
197,2114841
199,2115181
698,2115200
905,2115341
192,2115675
274,2115775
275,2115776
445,2115899
138,2116010
855,2116026
1134,2116049
1135,2116050
674,2116099
996,2116115
196,2116322
169,2116481
170,2116482
372,2116616
87,2116659
964,2117302
447,2117594
445,2117660
692,2117977
324,2118165
1048,2118398
1041,2118440
1134,2118733
169,2118893
445,2119050
737,2119223
25,2119374
26,2119375
171,2119452
518,2119540
866,2119594
847,2119719
382,2119846
322,2119935
323,2119936
324,2119937
171,2120100
835,2120108
953,2120177
905,2120253
370,2120306
965,2120484
343,2120511
965,2121081
692,2121204
704,2121334
177,2121676
370,2121725
957,2121970
57,2122284
527,2122612
559,2123171
722,2123240
939,2123688
940,2123689
692,2123931
1072,2124021
1098,2124033
168,2124100
1041,2124129
518,2124386
518,2124704
1090,2124705
966,2124967
967,2124968
198,2125167
828,2125297
955,2125319
956,2125320
178,2125450
198,2125976
711,2126210
191,2126812
192,2126813
952,2126955
952,2127197
57,2127219
688,2127558
1097,2127649
230,2127650
197,2127772
541,2128015
542,2128016
209,2128521
566,2128631
567,2128632
690,2128710
1090,2128738
1131,2128824
604,2129087
447,2129135
448,2129136
542,2129528
200,2129534
722,2129569
56,2129884
1072,2129941
864,2130017
1104,2130262
288,2130431
171,2130478
690,2130487
288,2131011
855,2131039
1047,2131230
780,2131388
110,2131661
499,2131950
690,2131996
500,2132223
866,2132568
867,2132569
1134,2133039
478,2133081
479,2133082
88,2133261
89,2133262
576,2133266
957,2133305
944,2134047
382,2134179
1104,2134181
780,2134234
370,2134282
286,2134630
57,2134828
58,2134829
1008,2134837
400,2134853
653,2135044
529,2135363
952,2135978
56,2136194
158,2136471
1072,2136582
262,2136612
169,2136737
122,2137604
830,2137635
254,2137995
255,2137996
193,2138247
169,2138606
170,2138607
445,2138901
373,2139183
374,2139184
96,2139309
175,2139426
829,2139437
197,2139669
622,2139845
191,2139997
1104,2140089
828,2140191
690,2140333
196,2140568
197,2140569
541,2140857
204,2140893
904,2141105
270,2141460
952,2141543
383,2141703
994,2141755
1072,2141928
541,2142217
812,2142507
818,2142648
87,2142686
447,2142687
973,2142716
192,2142727
975,2142826
370,2142842
651,2143406
940,2143504
168,2143537
342,2143540
690,2143546
276,2143650
361,2144063
1073,2144175
520,2144484
692,2144568
64,2144725
1041,2145386
445,2145754
447,2145924
448,2145925
201,2146397
383,2146931
690,2146999
1081,2147032
193,2147033
865,2147124
965,2147371
447,2147374
448,2147375
939,2147440
940,2147441
964,2147466
965,2147467
286,2147838
87,2148165
26,2148588
447,2148734
63,2149025
944,2149133
224,2149423
1074,2149608
1075,2149609
194,2149717
982,2149724
944,2149799
373,2149827
374,2149828
288,2150500
604,2150527
419,2151097
191,2151125
192,2151126
941,2151188
61,2151545
62,2151546
411,2151546
56,2151557
1134,2151561
447,2151670
1074,2151690
1075,2151691
864,2151864
604,2152001
956,2152089
1104,2152305
419,2152377
956,2152482
178,2152548
447,2152610
781,2153074
260,2153340
688,2153342
539,2153363
261,2153475
630,2153640
193,2153693
87,2154059
1041,2154778
178,2154811
1072,2155164
111,2155242
420,2155381
421,2155382
422,2155383
576,2155666
517,2155726
88,2155739
89,2155740
90,2155741
698,2155827
208,2155832
542,2155875
541,2156056
942,2156106
1115,2156189
288,2156453
209,2156778
25,2156889
254,2157021
980,2157178
200,2157404
674,2157473
369,2157479
168,2157546
169,2157547
170,2157548
87,2157556
568,2157624
288,2157633
445,2157657
830,2157708
208,2157781
274,2158072
955,2158316
699,2158474
269,2158697
274,2158828
1047,2158875
692,2159067
693,2159068
980,2159323
758,2160474
168,2161360
870,2161526
324,2162400
952,2162503
849,2162507
125,2162626
1041,2162687
904,2162714
830,2162734
622,2163074
623,2163075
122,2163116
604,2163158
692,2163298
693,2163299
169,2163891
192,2164458
479,2164461
480,2164462
175,2165078
692,2166059
693,2166060
361,2166062
520,2166536
382,2166570
818,2166591
370,2166971
953,2167082
559,2167203
904,2167235
541,2167271
399,2167397
89,2167545
651,2167748
456,2167918
191,2168032
399,2168352
400,2168353
941,2168698
942,2168699
955,2168893
176,2169064
722,2169231
175,2169258
558,2169639
559,2169640
973,2169872
197,2170289
818,2170379
941,2170400
942,2170401
474,2170508
445,2170619
703,2170939
704,2170940
604,2170946
941,2171624
942,2171625
528,2171673
57,2171961
56,2172248
828,2172373
589,2172402
447,2172683
445,2172775
383,2172814
1047,2172870
866,2173075
867,2173076
261,2173239
57,2173443
57,2173792
542,2173824
890,2174013
604,2174321
973,2174332
269,2174564
270,2174565
651,2174588
953,2174793
111,2174832
1134,2174834
419,2175021
270,2175246
830,2175580
638,2175653
1134,2175872
954,2176258
62,2176527
411,2176527
400,2176681
952,2177078
361,2177752
63,2177879
698,2177989
382,2178627
383,2178628
870,2178970
1097,2179119
904,2179353
169,2179358
325,2179998
260,2180386
261,2180387
704,2180456
198,2180683
445,2180738
1134,2180759
980,2180797
325,2180827
122,2180936
191,2181735
698,2181784
704,2181824
866,2182379
867,2182380
630,2182585
383,2182781
125,2183229
198,2183601
676,2183931
334,2184038
361,2184198
403,2184256
965,2184294
1104,2184296
1106,2184298
693,2184341
194,2184416
479,2184433
178,2184604
195,2185106
196,2185107
197,2185108
198,2185109
652,2185211
199,2185218
1073,2185459
169,2185563
1134,2185610
541,2185660
56,2185721
478,2185808
479,2185809
955,2185824
348,2185893
370,2186136
175,2186563
965,2186895
176,2186909
198,2187003
196,2187218
197,2187219
81,2187314
1047,2187599
122,2187669
201,2187692
445,2187719
542,2188014
541,2188366
542,2188367
58,2189190
111,2189341
1134,2189360
275,2189476
288,2189666
722,2189815
254,2189896
255,2190187
368,2190263
62,2190417
411,2190417
87,2190987
88,2190988
89,2190989
270,2191442
111,2191838
674,2192123
1134,2192169
231,2192285
169,2192608
994,2192617
828,2192840
197,2193010
325,2193066
104,2193104
105,2193105
830,2193131
541,2193273
542,2193274
521,2193275
478,2193276
780,2193752
944,2193779
209,2194108
690,2194124
590,2194752
702,2195211
703,2195212
59,2195750
541,2195807
62,2195828
411,2195828
56,2195843
57,2195844
58,2195845
566,2195848
567,2195849
830,2195889
421,2196318
1113,2196438
605,2196671
847,2197062
412,2197175
973,2197239
370,2197553
175,2197775
44,2198246
622,2198351
177,2198633
86,2198669
122,2198719
169,2199000
965,2199022
288,2199161
567,2199321
568,2199322
111,2199465
1072,2199531
342,2200121
638,2200436
57,2200680
201,2200784
202,2200785
847,2200854
576,2201264
703,2201688
542,2201809
638,2201810
197,2202318
56,2202464
57,2202465
1072,2202543
994,2202547
638,2202766
690,2202923
944,2203184
944,2203197
697,2203220
698,2203221
944,2203635
690,2203811
828,2204497
829,2204498
967,2204513
1113,2204657
541,2204746
1104,2205493
199,2205575
200,2205576
201,2205577
1081,2205618
370,2205717
994,2205741
175,2206052
944,2206360
1134,2206592
447,2206785
830,2206956
1134,2207576
199,2207675
1072,2208220
969,2208345
254,2208474
196,2208521
197,2208522
208,2208788
965,2208862
199,2209445
542,2209473
568,2209480
324,2209866
1114,2210065
286,2210099
399,2210239
170,2210664
231,2210739
177,2211280
286,2211380
201,2211420
874,2211797
1115,2211908
175,2211942
421,2211946
422,2211947
111,2212110
111,2212356
710,2212443
638,2212713
1134,2212737
449,2212810
382,2213407
383,2213408
447,2213410
104,2213416
81,2214252
447,2214370
286,2214922
92,2215478
542,2215675
275,2215735
1098,2215918
830,2215999
62,2216007
411,2216007
590,2216418
368,2216419
604,2216573
981,2216687
982,2216688
688,2216700
261,2216713
56,2216792
81,2216830
993,2217133
111,2217146
697,2217304
445,2217342
369,2217355
422,2217373
171,2217396
944,2217439
56,2217700
847,2217824
722,2217826
261,2217985
274,2218297
1047,2218380
541,2218440
421,2218468
255,2218518
231,2218527
818,2218622
64,2218742
804,2218847
255,2218862
866,2219024
867,2219025
994,2219246
994,2219355
196,2219399
197,2219400
334,2219485
274,2219558
122,2219684
940,2219843
622,2219955
62,2220493
411,2220493
973,2220672
955,2220816
638,2220959
478,2220988
361,2220991
1081,2221033
1072,2221232
847,2221304
500,2221470
122,2221515
1098,2221706
444,2221728
194,2221970
526,2222039
394,2222391
395,2222392
270,2222393
274,2222908
270,2223078
197,2223237
111,2223271
447,2223342
940,2223456
403,2223464
653,2223474
478,2223715
818,2223977
865,2224105
693,2224148
479,2224170
196,2224225
197,2224226
1097,2224361
698,2224461
523,2224543
940,2224768
528,2224993
445,2225186
169,2225249
940,2225287
1106,2225430
976,2225455
977,2225456
829,2225715
904,2225794
904,2225926
61,2226053
288,2226142
558,2226205
520,2226415
521,2226416
1047,2226539
818,2226545
955,2226621
722,2226629
917,2226784
867,2226825
192,2227035
270,2227199
1106,2227227
89,2227279
88,2227759
89,2227760
270,2227981
571,2228002
274,2228034
168,2228153
169,2228154
444,2228223
1098,2228240
274,2228706
141,2228768
539,2228832
977,2228877
111,2228967
539,2229117
541,2229119
905,2229563
855,2229626
976,2229651
942,2229673
1098,2229858
270,2229959
1106,2230100
710,2230335
473,2230550
474,2230551
818,2230611
270,2230676
89,2231159
690,2231161
87,2231308
26,2231730
447,2231876
168,2231962
386,2232073
44,2232076
57,2232246
847,2232408
676,2232855
1134,2232866
818,2233001
1047,2233141
674,2233498
690,2233584
994,2233705
995,2233706
996,2233707
955,2234033
169,2234061
973,2234218
87,2234430
572,2234647
698,2234764
676,2234829
274,2234947
630,2234993
953,2235145
445,2235503
953,2235628
177,2235839
178,2235840
973,2235914
348,2235946
865,2235997
866,2235998
867,2235999
975,2236001
976,2236002
977,2236003
818,2236068
1106,2236249
1107,2236250
191,2236340
192,2236341
274,2236578
275,2236579
141,2237133
524,2237342
197,2237562
940,2237669
918,2237868
688,2237881
967,2238172
274,2238437
370,2238465
152,2238500
692,2238558
386,2238567
177,2238647
942,2238761
690,2238763
86,2238984
87,2238985
570,2239249
386,2239340
480,2239545
673,2239576
939,2240192
274,2240301
403,2240310
1106,2240420
153,2240622
692,2240833
693,2240834
445,2240905
523,2240920
524,2240921
525,2240922
526,2240923
1081,2240954
479,2240987
197,2240994
274,2241177
274,2241283
275,2241284
274,2241448
866,2241499
867,2241500
122,2241536
1108,2241676
445,2241806
980,2242073
61,2242123
1113,2242205
62,2242449
411,2242449
722,2242603
674,2242818
1047,2243139
917,2243276
383,2243403
87,2243432
688,2243437
175,2243719
176,2243720
88,2243952
89,2243953
86,2244046
87,2244047
977,2244050
818,2244204
977,2244604
523,2244722
168,2244761
169,2244762
818,2244906
829,2244926
804,2245192
588,2245262
589,2245263
590,2245264
368,2245265
369,2245266
994,2245521
269,2245530
270,2245531
818,2245860
394,2245925
395,2245926
688,2245936
274,2246057
1081,2246415
194,2246461
372,2246490
175,2246726
651,2246907
1134,2246917
61,2246948
980,2246995
981,2246996
169,2247031
904,2247370
576,2247489
447,2247508
1097,2248025
230,2248026
231,2248027
59,2248317
60,2248318
61,2248319
62,2248320
411,2248320
153,2248427
86,2248827
479,2248833
539,2249002
541,2249004
528,2249360
659,2249367
198,2249580
1073,2249747
722,2249938
559,2250046
169,2250523
348,2251062
567,2251189
169,2251233
952,2251241
980,2251365
372,2251646
255,2251874
541,2251905
62,2251983
411,2251983
412,2251984
286,2251992
25,2252465
191,2252701
192,2252702
220,2252944
651,2253089
81,2253419
755,2254061
589,2254183
220,2254220
25,2254456
254,2254625
56,2254634
298,2255045
526,2255326
1047,2255398
262,2255584
361,2255846
334,2255885
335,2255886
558,2256273
386,2256301
964,2256728
479,2256780
973,2256807
955,2256936
1097,2257165
1098,2257166
57,2257242
1134,2257367
1073,2258016
175,2258538
176,2258539
829,2259404
964,2259776
421,2259831
420,2260130
781,2260223
201,2260507
847,2260524
372,2260660
690,2260842
698,2261020
699,2261021
1008,2261205
954,2261209
955,2261210
956,2261211
943,2261283
830,2261423
998,2261475
324,2261476
270,2261726
209,2261980
90,2261995
192,2262376
847,2262650
722,2262652
818,2263448
541,2263704
865,2263849
866,2263850
867,2263851
955,2263899
177,2263919
604,2264340
110,2264465
111,2264466
199,2264513
652,2264621
199,2264711
1015,2264822
1041,2265058
445,2265131
570,2265538
1072,2265551
1041,2265712
973,2265820
477,2265837
478,2265838
141,2265899
499,2265920
261,2265943
262,2265944
541,2265978
270,2266209
865,2266381
866,2266382
383,2266492
1041,2266755
942,2266801
382,2266866
445,2266983
122,2267086
541,2267277
964,2267660
622,2267737
855,2268128
1081,2268330
1082,2268331
382,2268378
383,2268379
447,2268381
560,2268954
177,2269267
447,2269446
448,2269447
201,2269452
994,2269519
698,2269665
274,2269687
275,2269688
288,2269732
652,2269940
274,2270245
475,2270324
956,2270450
690,2270579
195,2270606
111,2270616
737,2270716
1131,2270747
818,2271041
382,2271175
383,2271176
996,2271227
473,2271277
474,2271466
444,2271523
673,2271619
651,2271667
447,2271698
576,2272111
651,2272345
62,2272369
411,2272369
1047,2272531
622,2272637
275,2272795
194,2272837
195,2272838
196,2272839
830,2272863
448,2274450
1131,2274599
847,2274684
1073,2274868
447,2274933
1106,2275007
394,2275125
444,2275233
445,2275234
274,2275494
275,2275495
541,2275825
994,2275920
1134,2276120
1050,2276217
523,2276362
525,2276604
526,2276605
204,2276702
651,2277209
289,2277496
917,2277600
955,2277645
956,2277646
955,2277666
87,2277688
447,2277689
169,2277887
952,2278349
622,2278380
478,2278476
479,2278477
447,2278601
1081,2278689
571,2278811
622,2278827
604,2278929
965,2279144
651,2279573
382,2279940
158,2280007
952,2280080
996,2280303
722,2280682
788,2280899
374,2280957
710,2281157
44,2281292
62,2281312
411,2281312
693,2281399
361,2281401
940,2281477
201,2282208
477,2282256
478,2282257
195,2282358
196,2282359
274,2282458
57,2282546
994,2282685
122,2282721
572,2282962
81,2283157
288,2283294
220,2283314
1019,2283676
874,2283749
478,2284129
479,2284130
447,2284254
1081,2284342
571,2284464
622,2284480
604,2284582
965,2284797
651,2285226
1074,2285363
1075,2285364
916,2285368
382,2285581
967,2285583
269,2285767
862,2285841
1106,2285998
944,2286065
566,2286166
1106,2286367
262,2286856
566,2286865
697,2287042
698,2287043
630,2287198
939,2287306
940,2287307
1100,2287363
361,2287441
811,2287825
1106,2287897
261,2288527
1095,2288811
269,2288951
270,2288952
866,2288983
867,2288984
818,2289033
942,2289180
916,2289478
917,2289479
788,2289540
275,2289965
473,2290016
44,2290404
199,2290706
200,2290707
201,2290708
527,2290799
528,2290800
270,2290908
445,2290982
197,2291325
447,2291431
274,2291475
275,2291476
445,2291633
447,2291635
412,2291643
668,2291736
828,2291897
521,2292044
942,2292297
447,2292397
370,2292452
559,2292482
399,2292793
400,2292794
401,2292795
57,2292806
370,2292831
1036,2292966
967,2292967
941,2293396
942,2293397
953,2293874
955,2294038
847,2294172
399,2294184
62,2294394
411,2294394
204,2294432
419,2294587
191,2294652
192,2294653
638,2294702
980,2295519
141,2295813
651,2295830
25,2295941
26,2295942
26,2295967
202,2296169
403,2296186
176,2296459
697,2296856
1081,2296911
92,2297114
275,2297467
445,2297583
96,2297827
722,2297939
994,2298221
198,2298571
89,2298637
673,2298667
674,2298668
604,2299163
89,2299401
804,2299970
171,2300097
1134,2300354
693,2300689
199,2300755
652,2301004
25,2301011
558,2301064
394,2301266
110,2301343
261,2301501
97,2301651
964,2301677
92,2301854
87,2301907
447,2301908
448,2301909
447,2301990
722,2302148
539,2302696
1104,2302981
1106,2303135
956,2303274
194,2303618
177,2303715
178,2303716
965,2303748
170,2303767
171,2303768
79,2304000
653,2304048
422,2304354
261,2304359
964,2304477
966,2304582
967,2304583
818,2304668
1106,2304713
847,2304829
154,2304977
383,2305004
231,2305054
1047,2305085
919,2305665
804,2305670
169,2306410
1098,2306497
288,2306675
274,2306717
197,2306887
944,2307165
967,2307181
818,2307245
445,2307464
382,2307511
967,2307513
92,2307906
199,2307964
334,2307975
89,2308343
419,2308360
401,2308830
394,2308933
847,2309259
198,2309574
199,2309575
956,2309717
688,2309865
980,2310115
559,2310120
190,2310223
369,2310303
191,2310787
192,2310788
698,2310817
690,2311011
232,2311530
62,2311539
411,2311539
674,2311585
788,2311916
447,2312017
479,2312528
1041,2312564
382,2313045
87,2313057
447,2313058
448,2313059
419,2313126
1098,2313127
122,2313186
967,2313341
570,2314858
1019,2314914
652,2315063
829,2315084
976,2315325
372,2315411
722,2315462
444,2315503
445,2315504
818,2315586
1134,2315679
56,2315790
81,2315933
58,2316280
275,2316365
943,2316489
916,2316516
44,2316682
57,2316938
478,2317031
847,2317047
175,2317052
194,2317257
195,2317258
1104,2317302
286,2317355
87,2317506
447,2317507
944,2317605
1073,2318027
125,2318097
697,2318125
688,2318135
175,2318255
447,2318270
176,2318275
956,2318332
957,2318333
122,2318423
175,2318454
125,2318734
942,2318759
690,2318761
1072,2318774
382,2319247
952,2319284
964,2319636
201,2319818
199,2319821
59,2319961
622,2320324
866,2320327
111,2320944
758,2321015
1041,2321074
955,2321222
711,2321265
399,2321296
400,2321297
419,2321396
230,2321397
231,2321398
604,2321474
176,2321555
195,2321613
956,2321665
957,2321666
958,2321667
959,2321668
177,2322081
1134,2322337
688,2322401
576,2322405
445,2322428
194,2322709
110,2322958
818,2323014
653,2323044
1047,2323121
325,2323228
1090,2323436
336,2323616
382,2323626
722,2324000
855,2324228
192,2324351
1073,2324420
994,2324597
564,2324810
866,2325766
197,2325850
660,2326628
56,2326818
1041,2327276
175,2328156
541,2328323
542,2328324
941,2328414
942,2328415
520,2328867
576,2328948
270,2328980
177,2329180
178,2329181
698,2329182
192,2329330
543,2329444
544,2329445
830,2329474
572,2329548
953,2329645
175,2329664
209,2330078
58,2330119
63,2330533
153,2330657
570,2331422
818,2331557
704,2331656
56,2331776
175,2331799
196,2331807
197,2331808
567,2331865
59,2332011
952,2332012
274,2332175
567,2332303
1072,2332358
1047,2332400
830,2332429
722,2332790
517,2332815
541,2332834
175,2333037
104,2333300
1134,2333352
828,2333385
191,2333862
651,2334021
539,2334043
1113,2334163
209,2334267
421,2334596
422,2334597
542,2334762
953,2335017
1081,2335094
193,2335095
904,2335104
177,2335124
57,2335166
58,2335167
829,2335225
191,2335321
447,2335545
638,2335567
830,2335799
559,2335847
170,2336074
570,2336168
445,2336601
917,2336713
964,2337228
87,2337271
977,2337274
1097,2337289
542,2337417
638,2337418
92,2337549
196,2337563
697,2337692
917,2338163
918,2338164
919,2338165
688,2338183
81,2338378
193,2338423
81,2338773
674,2338858
675,2338859
374,2338913
1107,2339191
976,2339230
977,2339231
690,2339319
111,2339652
177,2339657
61,2339887
965,2340401
576,2340414
576,2340658
198,2340833
199,2340834
954,2341303
178,2341386
1108,2341546
194,2341652
170,2341833
88,2341924
89,2341925
61,2342291
917,2342467
334,2342551
528,2342630
270,2342782
994,2342913
1100,2343102
196,2343285
541,2343296
96,2343352
697,2343599
1095,2343633
788,2344001
541,2344005
542,2344006
690,2344035
660,2344274
818,2344300
289,2344484
521,2344665
478,2344666
528,2345054
456,2345163
904,2345168
57,2345607
86,2345972
444,2345985
445,2345986
973,2346145
622,2346230
688,2346248
570,2346577
87,2346592
542,2346801
447,2346957
448,2346958
955,2347075
956,2347076
559,2347152
804,2347417
1081,2347679
939,2347713
940,2347714
177,2347780
178,2347781
26,2348062
692,2348110
847,2348129
622,2348453
141,2348544
361,2348576
941,2349014
191,2349372
342,2349447
996,2349569
208,2349647
403,2349678
904,2349713
905,2349714
542,2349846
690,2350184
847,2350389
688,2350561
89,2350679
622,2350878
298,2351045
688,2351074
208,2351649
209,2351650
176,2351704
88,2351806
89,2351807
690,2351809
943,2351989
944,2351990
692,2352141
197,2352574
864,2352795
61,2352802
79,2352805
866,2353212
334,2353237
539,2353307
500,2353468
1131,2353635
86,2353800
558,2353895
559,2353896
967,2353987
1104,2354102
386,2354140
169,2354460
199,2354530
200,2354531
386,2354572
690,2354805
980,2354941
1072,2354976
690,2355492
517,2355941
1001,2356003
44,2356053
590,2356131
368,2356132
369,2356133
370,2356134
564,2356242
818,2356442
904,2356793
953,2356794
940,2356939
382,2357113
383,2357114
1072,2357319
1073,2357320
711,2357445
88,2357460
89,2357461
370,2357555
595,2357685
572,2357864
622,2358446
967,2358461
722,2358465
994,2358478
995,2358479
996,2358480
399,2358522
829,2358536
419,2358577
1098,2358578
400,2358610
994,2359371
692,2359540
1036,2359750
372,2359751
847,2359873
403,2359914
447,2360034
818,2360141
87,2360188
532,2360254
969,2360386
111,2360389
1097,2360480
523,2360657
168,2360680
169,2360762
87,2360883
88,2360884
89,2360885
1100,2360921
955,2361113
479,2361252
169,2361304
170,2361305
976,2361468
977,2361469
122,2361535
722,2361779
980,2362339
521,2362491
847,2362686
651,2362843
1073,2363054
660,2363201
864,2363379
953,2363485
64,2363691
447,2364021
653,2364097
111,2364148
690,2364311
274,2364735
998,2364753
324,2364754
980,2364820
981,2364821
1047,2364891
847,2364907
541,2365588
25,2365703
254,2365858
255,2365859
270,2365916
474,2366066
270,2366238
25,2366290
122,2367050
524,2367322
525,2367323
445,2367625
559,2367717
61,2368029
944,2368145
1103,2368186
941,2368332
942,2368333
196,2368438
829,2368863
125,2369394
288,2369433
956,2369570
957,2369571
523,2369717
447,2369751
57,2370044
58,2370045
81,2370188
541,2370707
275,2371091
940,2371127
994,2371210
474,2371322
604,2371558
994,2371980
995,2371981
996,2371982
176,2372010
370,2372142
1074,2372257
1075,2372258
196,2372307
197,2372308
520,2372372
209,2372448
956,2372632
828,2373058
829,2373059
722,2373145
204,2374047
122,2374095
688,2374330
570,2374530
710,2374935
943,2375071
944,2375072
199,2375330
200,2375331
201,2375332
1097,2375503
382,2375870
383,2375871
865,2375955
57,2375969
58,2375970
818,2376299
447,2376316
445,2376965
652,2377073
518,2377215
255,2377401
865,2377412
866,2377413
170,2377574
1113,2377650
944,2377717
847,2378065
255,2378429
175,2379265
191,2379434
25,2379510
474,2379765
87,2379767
445,2379892
690,2379955
479,2380056
965,2380116
86,2380128
566,2380169
567,2380170
568,2380171
396,2380188
1089,2380188
474,2380619
447,2380742
539,2380920
830,2381096
192,2381109
541,2381132
63,2381136
542,2381309
690,2381465
177,2381972
178,2381973
478,2382015
479,2382016
479,2382670
478,2382722
690,2382955
692,2382957
693,2383064
25,2383250
26,2383251
269,2383384
270,2383385
559,2383395
855,2383840
542,2383850
638,2383851
368,2384009
369,2384010
370,2384011
361,2384169
542,2384953
638,2384954
996,2385018
456,2385046
604,2385104
690,2385148
474,2385368
170,2385571
220,2385798
191,2386367
63,2386432
994,2386649
995,2386650
996,2386651
528,2387078
944,2387368
829,2387596
56,2387749
201,2387835
704,2388013
847,2388227
818,2388235
191,2388319
192,2388320
195,2388391
944,2388518
954,2388584
1036,2388976
967,2388977
1097,2388979
1098,2388980
692,2389038
412,2389421
138,2390003
191,2390081
690,2390118
220,2390158
204,2390629
57,2390852
58,2390853
1074,2391165
1075,2391166
122,2391281
975,2391626
952,2391629
953,2391630
559,2392887
737,2392903
780,2393093
286,2393171
1047,2393197
944,2393273
447,2393617
448,2393618
111,2393662
1134,2393664
652,2393776
830,2393923
1041,2394457
1134,2394622
954,2395007
955,2395008
904,2395114
828,2395120
993,2395155
942,2395177
570,2395460
559,2395468
604,2396179
1072,2396242
447,2396313
448,2396314
542,2396329
169,2396719
567,2396779
568,2396780
1114,2397112
369,2397307
370,2397308
943,2397481
944,2397482
943,2397651
1104,2397727
199,2397774
175,2397782
176,2397783
262,2397815
1110,2398244
818,2398296
692,2398691
87,2398734
88,2398735
89,2398736
62,2398799
411,2398799
917,2398986
1115,2399118
1072,2399663
528,2399668
175,2400177
956,2400182
209,2400267
399,2400757
698,2400986
274,2400991
981,2401182
981,2401250
982,2401251
111,2401666
1072,2401872
122,2401896
342,2402281
956,2402604
334,2402657
965,2402720
966,2402721
372,2402722
693,2402837
111,2402878
541,2402904
394,2403197
1081,2403404
1082,2403405
953,2403446
964,2403537
965,2403538
177,2403658
178,2403659
177,2403679
196,2403908
781,2403925
447,2404312
447,2404386
383,2404407
386,2404410
874,2404421
956,2404680
692,2404734
1131,2404799
122,2404815
81,2405069
1098,2405246
904,2405303
62,2405397
411,2405397
559,2405400
274,2405434
275,2405435
383,2405883
141,2405929
722,2406273
447,2406522
955,2406832
673,2406856
445,2406928
447,2407173
448,2407174
153,2407404
737,2407523
1104,2407597
220,2407618
917,2407708
980,2407958
260,2408023
111,2408357
1047,2408464
1131,2408563
847,2408695
255,2408705
444,2408722
111,2408821
138,2409486
191,2409564
690,2409601
220,2409641
153,2409899
755,2410052
688,2410541
25,2411005
479,2411220
1081,2412341
1072,2412391
942,2412396
141,2412618
383,2412665
447,2412667
604,2412815
26,2413048
942,2413301
532,2413338
447,2413371
965,2413410
539,2413595
25,2413712
26,2413713
370,2413768
122,2413833
88,2413841
89,2413842
940,2413943
973,2414891
370,2414985
288,2416143
697,2416301
1041,2416328
447,2416334
704,2417008
1072,2417035
499,2417221
175,2417335
175,2417547
1095,2417624
175,2417679
176,2417680
818,2418291
1131,2419040
955,2419137
25,2419157
445,2419341
940,2419504
141,2419580
1134,2419676
372,2419811
178,2419994
570,2420281
197,2420451
967,2420590
178,2420723
386,2420746
178,2421105
690,2421649
942,2421779
396,2421812
1089,2421812
194,2421874
195,2421875
138,2421954
965,2421962
965,2422103
361,2422269
194,2422364
688,2422427
382,2422641
383,2422642
1047,2422755
526,2423130
994,2423138
178,2423231
403,2423415
973,2423596
270,2423717
864,2423999
1041,2424355
175,2424385
370,2424617
828,2424882
829,2424883
964,2424890
1072,2425063
111,2425228
660,2425398
196,2425474
260,2425607
521,2425892
197,2425939
198,2425940
445,2425998
445,2426379
942,2426683
828,2426745
829,2426746
370,2427095
371,2427096
967,2427097
965,2427127
1104,2427129
255,2427284
288,2427427
1047,2427489
421,2427561
1134,2427578
1131,2427590
964,2427650
166,2427661
167,2427662
542,2427791
419,2427871
1098,2427872
521,2428004
478,2428005
62,2428159
411,2428159
973,2428244
171,2428280
692,2428390
196,2428478
197,2428479
412,2428576
445,2428927
668,2428958
956,2428989
447,2429016
905,2429245
286,2429249
998,2429473
324,2429474
231,2429701
690,2430132
220,2430323
977,2430614
517,2430919
1090,2431034
200,2431395
201,2431396
89,2431474
1098,2431478
692,2432199
690,2432327
445,2432446
952,2432506
479,2432624
269,2432686
655,2432750
977,2432926
870,2432939
286,2433082
287,2433083
288,2433084
400,2433118
559,2433418
811,2433822
812,2433823
813,2433824
965,2433914
386,2433933
178,2434199
698,2434200
447,2434325
57,2434509
1112,2434801
542,2435054
638,2435055
372,2435205
526,2435234
193,2435251
692,2435368
942,2435374
904,2435443
722,2435885
152,2436063
153,2436064
274,2436080
942,2436096
269,2436275
1104,2436334
1106,2436336
966,2436677
967,2436678
703,2436917
704,2436918
199,2436948
194,2437071
973,2437165
204,2437270
289,2437575
517,2437580
168,2437606
169,2437607
1072,2437760
942,2437823
541,2438280
542,2438281
521,2438282
522,2438283
523,2438284
197,2438364
604,2438407
370,2438583
1131,2438898
668,2438918
865,2439498
829,2439567
830,2439568
445,2440566
479,2441538
92,2441577
722,2441602
558,2441870
197,2441900
348,2441909
965,2441985
198,2442113
722,2442177
197,2442273
541,2442350
445,2442562
1110,2442570
122,2442594
348,2442704
781,2442708
199,2442849
804,2443042
479,2443071
480,2443072
57,2443087
697,2443179
201,2443408
383,2443432
954,2443590
942,2443627
973,2443712
197,2443733
445,2443854
558,2443880
559,2443881
697,2444380
698,2444381
169,2444493
818,2444509
697,2444635
698,2444636
570,2444764
942,2445020
383,2445156
196,2445588
197,2445589
722,2445666
122,2445690
673,2445919
710,2446024
697,2446087
698,2446088
699,2446089
942,2446162
447,2446663
448,2446664
1106,2447020
604,2447076
204,2447241
904,2447410
447,2447504
448,2447505
122,2447892
288,2447917
698,2448089
270,2448182
940,2448296
270,2448548
941,2448688
1134,2449355
688,2449573
288,2449797
274,2449823
396,2450119
1089,2450119
445,2450543
865,2450554
87,2451023
199,2451574
1134,2451980
56,2452041
57,2452042
255,2452133
87,2452172
1104,2452318
829,2452430
89,2452734
1041,2452740
195,2452855
196,2452856
834,2452892
1098,2453096
56,2453255
444,2453441
530,2453573
169,2453699
170,2453700
171,2453701
175,2454127
191,2454202
26,2454273
944,2454314
1104,2454442
169,2454911
447,2455080
445,2455134
111,2455476
1071,2455514
1072,2455515
275,2455737
870,2455986
1009,2456420
529,2456571
455,2456589
334,2457121
335,2457122
1047,2457770
1008,2457867
866,2457991
867,2457992
539,2458046
368,2458185
1097,2458362
1098,2458363
1099,2458364
260,2458595
111,2458672
758,2458963
169,2459274
170,2459275
175,2459337
830,2459490
57,2459667
275,2459694
523,2459830
111,2459987
1082,2460442
361,2460526
904,2460628
175,2460681
394,2461282
166,2461383
167,2461384
168,2461385
197,2461583
1097,2461638
1098,2461639
973,2461740
62,2461988
411,2461988
539,2462131
382,2462193
528,2462261
448,2462570
604,2462718
419,2462763
1098,2462764
804,2462775
1095,2462799
444,2463019
59,2463069
952,2463070
953,2463071
973,2463311
758,2463419
447,2463581
1108,2463750
905,2463931
967,2464110
169,2464133
194,2464549
878,2464565
169,2464865
170,2464866
1041,2465005
559,2465069
208,2465264
209,2465265
286,2465298
973,2465568
274,2465647
474,2465747
955,2465998
176,2466028
711,2466051
1095,2466351
348,2466399
544,2466495
1108,2466510
942,2466915
1101,2466989
829,2467113
87,2467302
26,2467725
447,2467871
479,2468011
447,2468111
500,2468186
178,2468403
698,2468404
570,2468505
866,2468544
622,2468598
623,2468599
270,2468606
956,2468681
1047,2469080
192,2469121
942,2469422
269,2469526
941,2469589
942,2469590
558,2469680
178,2469901
994,2470019
995,2470020
996,2470021
25,2470388
976,2470451
231,2470584
370,2470693
274,2470787
275,2470788
1134,2471046
274,2471060
1100,2471244
141,2471390
274,2471553
1106,2471637
1107,2471638
96,2471647
1050,2471897
141,2472003
864,2472054
198,2472188
942,2472415
86,2472421
638,2472747
965,2473058
110,2473271
111,2473272
669,2473382
998,2473607
324,2473608
1131,2473660
969,2473975
479,2473986
828,2474079
400,2474657
955,2475125
956,2475126
604,2475350
445,2475386
964,2475403
944,2475734
655,2476067
829,2476398
830,2476399
370,2476621
122,2476644
904,2477352
980,2477443
421,2477445
630,2477524
286,2478016
1115,2478045
325,2478147
324,2478421
111,2478773
176,2478810
530,2478879
169,2479096
542,2479400
690,2479638
260,2479645
168,2480184
208,2480361
622,2480484
1097,2480736
711,2480771
956,2480825
957,2480826
715,2481056
834,2481083
710,2481090
191,2481165
1134,2481211
87,2481236
220,2481651
56,2481844
57,2481845
261,2481850
58,2482513
1134,2482818
1113,2482839
1072,2482879
1073,2482880
87,2483056
26,2483479
447,2483625
1098,2483892
1099,2483893
722,2483949
994,2484008
25,2484228
169,2484297
982,2485006
688,2485710
59,2485942
688,2486049
953,2486101
396,2486696
1089,2486696
25,2486722
274,2486843
96,2487386
1109,2487508
1110,2487509
61,2487667
62,2487668
411,2487668
191,2487845
1041,2487887
737,2487926
781,2488495
673,2488826
674,2488827
336,2488982
177,2489092
1110,2489356
196,2489431
847,2490128
444,2490886
445,2490887
722,2491102
86,2491173
260,2491237
1041,2491379
175,2491447
125,2491673
87,2491744
952,2492102
722,2492245
489,2492455
917,2492522
994,2492541
520,2492553
847,2492866
753,2493031
977,2493489
953,2493801
474,2493983
209,2494317
904,2494748
953,2494749
956,2494872
111,2494911
325,2495051
939,2495130
940,2495131
62,2495379
411,2495379
1134,2495389
715,2495636
829,2495829
61,2496105
62,2496106
411,2496106
944,2496358
980,2496363
1047,2496795
1106,2497056
638,2497103
674,2497414
688,2497420
847,2497571
690,2497702
692,2497704
688,2497714
96,2497801
828,2497862
829,2497863
141,2498213
630,2498229
421,2498471
973,2498507
828,2498530
829,2498531
288,2498795
1097,2498912
994,2499146
270,2499184
274,2499188
904,2499322
474,2499371
270,2499532
1097,2499946
870,2500404
86,2500487
122,2500500
191,2500603
829,2500640
830,2500641
690,2500836
576,2500930
1081,2500995
905,2501047
158,2501120
56,2501201
542,2501270
638,2501271
361,2501404
577,2501486
62,2501536
411,2501536
942,2501608
325,2501622
1121,2501849
141,2501942
288,2501961
1073,2501977
92,2502115
518,2502230
847,2502251
622,2502417
399,2502542
400,2502543
62,2502618
411,2502618
61,2503114
595,2503341
373,2503398
942,2503492
865,2504102
994,2504553
1041,2504796
275,2504973
539,2505114
941,2505359
942,2505360
96,2505375
445,2505899
569,2506021
57,2506040
194,2506232
998,2506656
324,2506657
62,2506954
411,2506954
197,2506985
198,2506986
818,2507002
570,2507092
829,2507238
269,2507281
270,2507282
690,2507432
692,2507434
693,2507435
382,2507589
383,2507590
479,2507642
955,2507714
905,2507752
973,2507768
905,2507823
955,2508032
400,2508198
168,2508294
169,2508295
336,2508502
447,2508565
622,2508776
623,2508777
500,2508984
444,2509058
445,2509161
517,2509213
382,2509346
1104,2509348
523,2509415
524,2509416
198,2509499
942,2509618
804,2509820
673,2509943
674,2509944
59,2509977
520,2510203
521,2510204
193,2510271
447,2510318
348,2510521
196,2510554
382,2510822
220,2510831
952,2510995
479,2511392
445,2511827
169,2511958
674,2512028
370,2512113
473,2512166
870,2512290
194,2512380
941,2512487
178,2513031
568,2513174
261,2513258
867,2513310
269,2513440
194,2513455
269,2514035
570,2514073
192,2514094
96,2514346
175,2514391
956,2514730
175,2514898
967,2514932
692,2514935
693,2514936
368,2514995
1047,2515033
1048,2515034
199,2515543
200,2515544
939,2515795
940,2515796
201,2515876
202,2515877
866,2515911
867,2515912
868,2515913
870,2515915
522,2516321
523,2516322
489,2516346
660,2516404
1106,2516704
1107,2516705
1108,2516706
520,2516809
192,2517489
1113,2517886
595,2517926
447,2517966
274,2518311
202,2518586
1112,2518650
518,2518923
197,2519006
288,2519101
177,2519229
178,2519230
904,2519258
196,2519326
864,2519854
447,2519880
1104,2520074
604,2520202
1100,2520286
604,2520334
1047,2520631
975,2520672
976,2520673
977,2520674
92,2520748
693,2520818
804,2520830
828,2520999
445,2521416
382,2521465
383,2521466
1059,2521529
710,2521565
289,2521738
956,2521752
543,2521761
1041,2521841
954,2521954
1072,2522165
1073,2522166
866,2522244
867,2522245
178,2522504
274,2523004
275,2523005
994,2523326
394,2523528
395,2523529
270,2523530
25,2523590
56,2523627
737,2524102
352,2524208
444,2524338
445,2524339
1106,2524714
1107,2524715
539,2524904
1081,2525196
193,2525197
25,2525237
804,2525463
1072,2525495
1073,2525496
56,2525681
197,2525691
198,2525692
56,2525889
57,2525890
865,2526211
168,2526256
342,2526259
479,2526286
967,2526690
1008,2526729
1114,2526757
673,2526807
566,2526971
567,2526972
568,2526973
567,2527062
568,2527063
690,2527234
274,2527333
964,2527454
1072,2527741
944,2527942
541,2527979
542,2527980
110,2528032
110,2528148
520,2528297
804,2528414
543,2529239
125,2529243
994,2529386
1047,2529599
444,2529677
558,2529701
828,2529709
829,2529710
1134,2529817
1106,2529852
370,2530553
710,2530708
1134,2530930
1072,2532249
58,2532290
191,2532330
444,2532368
445,2532429
199,2532538
200,2532539
201,2532540
542,2532634
201,2533049
141,2533130
445,2533146
270,2533221
1134,2533343
444,2533499
693,2533730
447,2534028
973,2534261
1048,2534311
447,2534397
56,2534688
57,2534689
201,2534925
956,2534965
201,2535265
270,2535469
1090,2535563
169,2535594
208,2535700
209,2535701
1134,2536069
96,2536347
275,2536473
944,2536493
965,2536528
445,2536535
489,2536726
445,2537153
605,2537696
202,2537909
288,2537930
231,2537953
994,2538029
370,2538066
371,2538067
372,2538068
955,2538169
158,2538364
570,2538530
169,2538596
590,2538627
288,2538641
447,2538740
447,2538781
500,2539118
25,2539657
965,2539742
904,2539881
60,2540144
707,2540250
697,2540619
698,2540620
965,2540650
1104,2540652
479,2540802
804,2540967
942,2541350
944,2541358
1072,2541460
1073,2541461
528,2541505
604,2541531
1012,2541695
722,2541702
178,2541869
737,2542761
955,2542933
476,2542937
370,2543019
529,2543287
529,2543716
270,2543784
1047,2543847
788,2544038
944,2544125
445,2544232
941,2544306
444,2544364
171,2544480
952,2544836
674,2544988
500,2545051
1106,2545722
652,2546213
541,2546246
399,2546270
830,2546339
444,2546412
444,2546795
445,2546796
967,2547197
967,2547245
447,2547286
564,2547354
520,2547363
342,2547434
447,2547552
171,2547666
479,2547721
713,2547846
714,2547847
25,2547874
26,2547875
87,2548429
1041,2548724
944,2548738
722,2548825
1104,2549560
541,2549645
176,2549652
669,2549707
874,2549715
177,2549985
447,2550049
638,2550064
865,2550098
866,2550099
967,2550108
61,2550190
828,2550696
1110,2550827
199,2550849
198,2550944
168,2551294
298,2551407
370,2551516
939,2551550
940,2551551
275,2551597
1134,2551653
964,2551663
754,2551796
711,2551847
998,2551854
324,2551855
964,2552141
965,2552142
122,2552269
698,2552366
966,2552389
967,2552390
1097,2552392
370,2552576
866,2552653
867,2552654
698,2553002
372,2553255
939,2553305
940,2553306
197,2553494
559,2553821
275,2554147
191,2554299
192,2554300
274,2554392
275,2554393
269,2554491
155,2554597
204,2554623
673,2554768
394,2554817
395,2554818
270,2554819
1113,2554933
382,2554960
967,2554962
576,2555105
274,2555465
828,2555597
692,2555959
270,2556172
141,2556349
198,2556430
201,2556518
479,2556864
177,2556897
528,2557084
697,2557416
604,2557535
194,2557803
325,2557887
192,2557894
450,2558058
191,2558167
57,2558292
541,2558347
63,2558351
58,2558769
693,2559031
526,2559044
964,2559093
830,2559480
444,2559520
447,2559558
448,2559559
973,2559709
758,2559784
198,2560046
57,2560496
58,2560497
964,2560826
692,2560854
1047,2561022
828,2561062
829,2561063
191,2561726
192,2561727
193,2561728
368,2561736
270,2561975
917,2562003
196,2562057
445,2562147
698,2562300
169,2562325
170,2562326
523,2562337
788,2562380
524,2562516
674,2562679
1081,2562764
193,2562765
688,2562814
1113,2562972
1047,2562985
697,2563061
830,2563468
1107,2563510
478,2563895
208,2563904
209,2563905
194,2563952
781,2564011
474,2564064
176,2564286
829,2564361
830,2564362
1047,2564628
1106,2564819
270,2565225
673,2565248
541,2565324
576,2565328
967,2565611
196,2565631
711,2565799
944,2565922
270,2566019
269,2566099
175,2566161
87,2566220
447,2566221
177,2566270
192,2566288
176,2566386
1134,2566681
270,2566761
275,2566805
622,2566823
155,2566828
25,2566911
905,2567046
445,2567135
829,2567176
830,2567177
275,2567350
544,2567359
374,2567517
973,2567577
196,2567783
830,2567799
660,2567816
175,2568051
62,2568170
411,2568170
412,2568171
541,2568263
111,2568863
576,2568959
175,2568990
261,2569049
383,2569199
447,2569201
541,2569521
542,2569522
568,2569564
96,2569681
630,2569844
690,2569895
939,2569925
940,2569926
1081,2570017
500,2570339
445,2570672
473,2570788
474,2570789
57,2570819
944,2570902
1134,2571328
474,2571560
175,2571712
1101,2571784
955,2571809
862,2572060
539,2572095
96,2572206
275,2572212
61,2572218
62,2572219
411,2572219
44,2572643
177,2572831
209,2572959
209,2573471
479,2574038
956,2574168
957,2574169
736,2574235
194,2574292
448,2574634
604,2575146
952,2575381
200,2575439
201,2575440
370,2575646
528,2575756
520,2576096
638,2576097
847,2576100
698,2576561
420,2576613
1131,2576748
604,2576853
673,2576869
110,2577004
444,2577531
829,2577698
855,2577952
518,2578087
479,2578113
61,2578224
62,2578225
411,2578225
830,2578245
942,2578362
690,2578364
192,2578468
692,2578982
693,2578983
447,2579046
448,2579047
201,2579057
122,2579334
674,2579737
334,2579757
373,2579792
169,2580146
170,2580147
829,2580264
170,2580282
171,2580283
87,2580424
348,2580606
171,2580681
447,2580747
201,2580843
90,2580864
122,2580919
479,2580941
44,2580962
412,2581282
692,2581483
973,2581598
722,2581677
604,2581921
479,2582256
168,2582536
445,2582646
474,2582659
474,2583338
523,2583459
444,2583583
194,2583656
195,2583657
196,2583658
197,2583659
201,2583677
197,2584147
702,2584168
917,2584432
518,2584948
169,2584996
275,2585717
341,2585908
342,2585909
865,2586188
866,2586189
478,2586812
479,2586813
716,2587091
717,2587092
447,2587194
197,2587245
370,2587256
722,2587336
478,2587414
866,2587434
867,2587435
781,2587559
864,2587715
178,2587936
288,2588023
56,2588265
57,2588266
698,2588516
445,2588582
1106,2589176
560,2589181
197,2589323
498,2589350
499,2589351
500,2589352
994,2589949
196,2590152
275,2590177
622,2590383
1081,2590595
193,2590596
829,2590630
62,2590914
411,2590914
954,2590926
1131,2591296
1104,2591299
754,2591428
755,2591429
830,2591495
361,2591592
90,2591744
447,2591959
589,2591988
191,2592067
1121,2592206
953,2592372
967,2592455
56,2592460
952,2592468
659,2592518
828,2593057
829,2593058
25,2593120
604,2593253
965,2593283
194,2593294
866,2593738
867,2593739
122,2593760
698,2593822
191,2594105
152,2594206
153,2594207
141,2594298
198,2594306
199,2594307
447,2594351
448,2594352
539,2594530
400,2594533
447,2594593
448,2594594
421,2594735
669,2594744
122,2594937
176,2595630
274,2596238
399,2596351
400,2596352
1098,2596684
370,2597350
699,2597396
965,2597402
478,2597486
1110,2597531
1111,2597532
342,2597686
980,2597741
56,2597863
866,2597883
539,2598061
400,2598064
604,2598440
952,2598706
177,2598732
26,2598740
711,2598766
660,2599246
690,2599273
692,2599275
723,2599350
177,2599365
455,2599439
434,2599516
201,2599639
653,2599897
964,2600051
177,2600254
196,2600641
558,2600649
559,2600650
564,2600855
568,2601059
528,2601193
270,2601226
274,2601230
474,2601297
61,2601386
122,2601474
954,2601909
788,2601936
177,2602060
520,2602069
847,2602322
177,2602528
828,2602544
403,2602939
57,2603059
92,2603267
604,2603502
175,2605369
341,2605700
1073,2606002
953,2606070
788,2606842
543,2606851
544,2606852
324,2606920
697,2607117
781,2607175
373,2607279
818,2607350
830,2607508
209,2607658
939,2607820
940,2607821
168,2608150
169,2608151
941,2608469
942,2608470
818,2608591
819,2608592
419,2608735
1098,2608736
690,2608823
524,2608961
525,2608962
526,2608963
527,2608964
528,2608965
953,2609265
953,2609274
175,2609296
176,2609297
56,2609326
676,2609343
973,2609400
566,2609411
567,2609412
568,2609413
977,2609607
828,2609770
993,2610002
25,2610091
255,2610298
177,2610365
178,2610366
698,2610367
275,2610436
847,2610496
260,2610637
758,2610831
944,2611135
1134,2611303
905,2611328
697,2611387
1106,2611463
1107,2611464
270,2611594
1108,2611658
847,2612088
539,2612114
622,2612122
623,2612123
866,2612132
867,2612133
868,2612134
542,2612146
191,2612262
1047,2612390
288,2613105
386,2613439
274,2613569
916,2613587
558,2613703
559,2613704
125,2614047
1050,2614199
274,2614217
342,2614739
343,2614740
1106,2614919
61,2615361
62,2615362
411,2615362
25,2615803
444,2615867
716,2615872
717,2615873
518,2616026
368,2616115
980,2616206
1134,2616704
953,2616712
275,2616834
1106,2616899
445,2616966
673,2616985
638,2617009
445,2617253
994,2617280
479,2617467
698,2617650
866,2617723
867,2617724
996,2617769
220,2617794
445,2618373
652,2618729
288,2618932
941,2618949
965,2618992
953,2619201
394,2619242
674,2619358
981,2619488
753,2619572
818,2619598
194,2619693
539,2619912
399,2619915
177,2619946
847,2620383
673,2620453
526,2620603
527,2620604
994,2620667
456,2621094
973,2621099
1131,2621719
170,2621725
604,2621855
942,2621879
399,2621940
400,2621941
780,2622221
781,2622222
500,2622238
386,2622410
382,2622591
566,2622947
567,2622948
874,2622979
697,2623116
275,2623120
1097,2623131
230,2623132
445,2623232
1113,2623248
570,2623268
523,2623349
1097,2623425
1098,2623426
690,2623496
870,2623500
209,2623643
373,2623853
524,2623876
847,2623886
122,2623999
348,2624060
158,2624190
965,2624211
194,2624765
1104,2624777
566,2625098
567,2625099
421,2625129
194,2625200
674,2625535
25,2625952
204,2625975
781,2626153
57,2626290
269,2626387
88,2626443
967,2626446
122,2626857
275,2627348
688,2627484
692,2627515
447,2627655
448,2627656
1047,2627697
171,2627825
939,2627839
940,2627840
370,2627978
865,2628015
973,2628437
288,2628989
693,2629121
690,2630024
955,2630098
196,2631131
570,2631810
209,2631815
348,2631821
590,2632047
368,2632048
382,2632281
692,2632350
25,2632421
26,2632422
122,2632692
676,2632819
275,2632915
651,2632981
170,2633092
564,2633255
541,2633258
541,2633287
528,2633486
57,2633596
200,2633779
383,2633938
209,2633944
1106,2634076
539,2634121
399,2634136
400,2634137
576,2634812
521,2634864
941,2635360
942,2635361
478,2635371
479,2635372
175,2635379
125,2635570
89,2635914
604,2636402
994,2636424
995,2636425
996,2636426
528,2636461
604,2637119
96,2637163
622,2637243
382,2637502
965,2637621
543,2637792
981,2637867
982,2637868
953,2637884
96,2638052
191,2638104
63,2638525
539,2638532
81,2638894
722,2639072
61,2639355
25,2639562
905,2639599
171,2639612
64,2639844
192,2639937
194,2640430
400,2640573
474,2640701
193,2640905
386,2640964
940,2641031
542,2641042
828,2641059
559,2641161
542,2641226
25,2641442
111,2641547
693,2641670
60,2641808
61,2641809
62,2641810
411,2641810
722,2641879
1047,2642090
1048,2642091
178,2642373
25,2642461
559,2643019
274,2643068
59,2643332
944,2643737
659,2643920
1099,2643961
1100,2643962
904,2644072
1106,2644214
804,2644353
444,2644400
445,2644401
447,2644486
448,2644487
373,2644547
374,2644548
447,2644670
1113,2645055
1114,2645056
209,2645350
400,2645371
570,2645484
177,2645559
178,2645560
194,2645628
622,2645742
445,2645895
447,2645918
566,2646065
199,2646096
200,2646097
382,2646182
444,2646241
692,2646418
348,2646906
158,2647464
201,2647501
812,2647560
715,2647841
690,2647993
403,2648273
63,2648296
722,2648334
867,2648343
941,2648577
942,2648578
200,2648660
201,2648661
201,2648895
651,2649042
1131,2649116
1104,2649119
178,2649250
1081,2649322
193,2649323
1134,2649442
382,2649618
383,2649619
674,2649710
944,2650213
97,2650299
847,2650890
905,2650906
61,2651520
62,2651521
411,2651521
994,2651591
995,2651592
1134,2651690
829,2651861
125,2651871
944,2651894
176,2651946
177,2651947
1072,2651986
1073,2651987
847,2652167
419,2652186
420,2652187
692,2652339
693,2652340
154,2652395
692,2652616
905,2652907
541,2653066
829,2653340
1134,2653776
956,2653781
994,2653815
904,2654306
953,2654307
288,2654666
445,2654744
89,2654918
96,2654963
474,2654995
479,2655078
996,2655224
559,2655274
956,2655286
479,2655333
168,2655527
421,2655535
62,2655571
411,2655571
692,2655868
953,2655915
698,2656223
697,2656519
698,2656520
63,2656626
692,2656701
693,2656738
1012,2656838
191,2657089
192,2657352
518,2657434
864,2657616
334,2657761
169,2657798
111,2658184
25,2658219
566,2658313
567,2658314
568,2658315
569,2658316
570,2658317
758,2658515
1097,2658577
1098,2658578
111,2658583
981,2658633
1111,2658731
447,2658746
942,2658795
274,2658880
673,2659153
674,2659154
529,2659583
270,2659850
711,2659942
699,2660349
274,2660713
445,2660833
673,2661009
192,2661092
334,2661151
196,2661360
447,2661389
372,2661801
1041,2661928
1075,2661956
980,2662020
57,2662175
122,2662247
698,2662299
92,2662530
122,2662772
368,2663023
369,2663024
445,2663067
56,2663151
57,2663152
192,2663195
198,2663348
200,2663445
231,2663550
1106,2663591
1107,2663592
758,2663598
197,2663941
57,2664035
423,2664220
956,2664329
201,2664533
152,2664928
692,2664990
444,2665010
942,2665216
445,2665260
447,2665262
192,2665359
693,2665369
1072,2665473
674,2665478
830,2665508
1134,2665585
818,2665676
479,2665766
1121,2665906
864,2665913
953,2666237
954,2666238
955,2666239
194,2666276
698,2666567
191,2666685
736,2666716
447,2666949
448,2666950
651,2666972
847,2667142
528,2667222
110,2667235
111,2667236
1134,2667272
61,2667347
62,2667348
411,2667348
829,2667808
1106,2667831
1107,2667832
26,2667835
1072,2667867
953,2668161
905,2668176
942,2668409
361,2668516
450,2668753
941,2668795
964,2669104
956,2669626
904,2669782
177,2669798
1072,2669812
541,2669912
542,2669913
976,2670049
977,2670050
125,2670502
704,2670557
559,2670976
830,2671044
445,2671126
60,2671180
170,2671267
1131,2671279
829,2671288
994,2671374
703,2671724
704,2671725
955,2671762
559,2671918
447,2672022
196,2672144
847,2672194
324,2672349
348,2672482
690,2672514
692,2672516
570,2672560
867,2672763
478,2672993
479,2672994
193,2673119
444,2673676
448,2673692
967,2673716
829,2673854
576,2674027
177,2674062
447,2674075
269,2674204
444,2674402
1104,2674482
444,2674783
386,2675188
828,2675333
829,2675334
154,2675374
520,2675464
1121,2675529
361,2675799
1104,2675827
444,2676242
445,2676243
673,2676598
400,2676819
660,2676841
382,2676936
944,2677005
722,2677076
199,2677326
447,2677502
964,2677557
275,2677691
964,2677976
122,2678017
964,2678051
965,2678052
576,2678067
955,2678470
419,2678481
973,2678726
604,2679008
169,2679062
104,2679175
967,2679281
178,2679428
479,2679647
201,2680103
56,2680182
965,2680207
698,2680251
383,2680861
447,2680863
372,2681227
373,2681228
973,2681438
270,2681523
722,2681535
967,2681605
1106,2681783
710,2681793
197,2681846
576,2681850
866,2681932
479,2681935
1047,2682120
1107,2682274
711,2682328
382,2682366
905,2682528
781,2683012
420,2683255
421,2683256
952,2683305
419,2683307
688,2683353
944,2683355
1104,2683797
61,2683895
62,2683896
411,2683896
1104,2684226
996,2684387
56,2684461
57,2684462
904,2684617
690,2684721
382,2685048
383,2685049
192,2685256
382,2685289
956,2685353
967,2685522
25,2685915
298,2685917
690,2686229
57,2686491
175,2686768
176,2686769
141,2686899
865,2686979
383,2687101
177,2687138
520,2687158
541,2687334
56,2687713
262,2687731
570,2687944
473,2688158
977,2688289
692,2688301
324,2688829
61,2689157
62,2689158
411,2689158
63,2689159
61,2689313
528,2689779
255,2689868
567,2689944
737,2690073
1100,2690452
1101,2690453
1100,2690461
56,2690501
975,2690644
604,2690764
866,2690838
122,2690900
904,2690949
1100,2691114
994,2691133
383,2691333
651,2691434
674,2691626
977,2691630
382,2691728
479,2692332
361,2692434
829,2692674
942,2692772
905,2692826
1131,2693032
1099,2693817
169,2693829
445,2693907
623,2694330
965,2694543
202,2694769
479,2694818
169,2695123
372,2695139
373,2695140
1104,2695179
286,2695484
818,2695811
56,2695835
954,2696127
955,2696128
566,2696670
567,2696671
568,2696672
96,2696753
994,2696931
192,2696968
877,2697031
638,2697050
412,2697054
478,2697152
818,2697163
194,2697239
904,2697434
170,2697536
697,2697609
274,2697719
818,2698205
96,2698471
194,2698985
1050,2699794
944,2699891
847,2699903
399,2700212
400,2700213
92,2700438
374,2700489
269,2700728
270,2700729
941,2700807
942,2700808
518,2700972
169,2701080
92,2701109
412,2701113
1100,2701198
865,2701770
866,2701771
275,2701877
370,2701940
1047,2702080
177,2702464
178,2702465
996,2702770
1104,2703115
1106,2703117
260,2703300
261,2703301
262,2703302
89,2704222
1107,2704231
692,2704267
520,2704405
638,2704406
269,2704521
528,2704540
847,2704890
274,2704895
558,2704903
828,2705073
829,2705074
973,2705106
622,2705138
1112,2705150
231,2705692
528,2705838
204,2705843
62,2705933
411,2705933
539,2705964
478,2706285
371,2706769
372,2706770
444,2706954
91,2707313
92,2707314
57,2707525
967,2707552
1071,2707625
1072,2707626
944,2707667
1073,2708162
370,2708772
1097,2708894
1098,2708895
1047,2709040
373,2709346
374,2709347
479,2709618
660,2709649
973,2709990
964,2710643
965,2710644
944,2710735
866,2710789
867,2710790
965,2711133
231,2711301
706,2711356
325,2711633
688,2711729
568,2711748
399,2711991
201,2712093
25,2712642
448,2712730
220,2712828
518,2712916
370,2712945
176,2713440
270,2713753
955,2713983
447,2714020
25,2714238
1036,2714532
967,2714533
274,2714694
604,2715026
965,2715088
138,2715227
275,2715370
965,2715421
191,2715494
199,2715527
200,2715528
201,2715529
59,2715651
673,2715701
175,2715757
542,2715823
168,2716608
1131,2716818
1106,2716871
953,2717034
445,2717677
194,2717790
965,2718247
1072,2718299
176,2718520
571,2718558
698,2719012
828,2719374
829,2719375
489,2719415
523,2719741
524,2719742
542,2719836
737,2719870
904,2719995
692,2720035
368,2720049
369,2720050
980,2720112
372,2720378
275,2720504
692,2720683
1097,2720737
847,2720879
572,2721126
1097,2721252
1098,2721253
941,2721291
447,2721304
448,2721305
209,2721639
980,2721854
942,2721929
274,2721965
692,2722148
171,2722372
421,2722427
965,2722486
474,2722636
722,2722954
622,2722976
342,2723154
1006,2723518
274,2723706
88,2723724
89,2723725
690,2723727
155,2723776
866,2723981
867,2723982
270,2723993
904,2724035
722,2724039
622,2724129
623,2724130
175,2724183
1113,2724221
1134,2724477
690,2724514
994,2724678
941,2724811
942,2724812
445,2724991
419,2725033
25,2725067
26,2725068
1047,2725292
1048,2725293
270,2725310
711,2725351
194,2725599
96,2725640
274,2725806
866,2726113
867,2726114
274,2726194
520,2726216
192,2726738
274,2726762
604,2726793
444,2727269
518,2727521
191,2727580
192,2727581
193,2727582
230,2727601
904,2727627
1047,2727649
196,2727750
197,2727751
866,2728541
867,2728542
964,2728587
667,2728660
445,2729021
564,2729052
1104,2729209
178,2729445
559,2729561
168,2729575
286,2729680
1047,2730427
558,2730448
559,2730449
781,2730461
690,2730462
688,2730495
944,2730722
1036,2730923
372,2730924
916,2731362
918,2731363
1134,2731396
973,2731544
382,2731600
383,2731601
370,2731613
176,2731723
955,2732387
382,2732598
1134,2732791
444,2732862
1047,2732988
153,2733131
255,2733330
870,2733362
1134,2733703
370,2733852
965,2734023
274,2734178
830,2734238
1107,2734624
177,2735108
866,2735273
370,2735493
1097,2735513
275,2735547
343,2735833
942,2735877
170,2736120
141,2736293
622,2736329
382,2736392
447,2736568
1074,2736698
1075,2736699
1100,2736827
260,2736936
88,2737009
89,2737010
87,2737229
1073,2737605
25,2738069
1100,2738268
804,2738827
780,2739296
956,2739441
955,2739595
1064,2739862
382,2739874
169,2740125
170,2740126
447,2740383
1113,2740950
92,2741062
57,2741103
818,2741198
178,2741235
274,2741777
526,2741981
110,2742035
1011,2742368
828,2742420
829,2742421
194,2742501
529,2742796
122,2743382
56,2743476
956,2743596
957,2743597
231,2743824
651,2744005
521,2744061
478,2744062
479,2744063
194,2744076
847,2744344
1098,2744617
1099,2744618
1100,2744619
660,2744658
835,2744999
169,2745230
570,2745484
953,2745563
952,2745574
651,2745646
674,2745722
170,2745744
942,2745790
122,2745921
110,2746000
111,2746043
1134,2746225
870,2746278
177,2746354
178,2746355
804,2746621
830,2746908
980,2747602
445,2747683
710,2747699
994,2747720
995,2747721
288,2747766
202,2747831
559,2747929
79,2748013
400,2748285
973,2748342
334,2748487
804,2748518
445,2749245
122,2749482
994,2749525
382,2749680
383,2749681
653,2749698
270,2749971
905,2751017
865,2751293
260,2751348
122,2751612
199,2751674
200,2751675
201,2751676
653,2752358
275,2752431
818,2752467
369,2752771
336,2752962
818,2752977
479,2753093
220,2753109
178,2753294
711,2753681
690,2753848
369,2753923
177,2754070
1072,2754201
1073,2754202
952,2755149
209,2755268
447,2755352
758,2755404
261,2755443
651,2755512
1073,2755639
994,2755850
1104,2755854
993,2755869
96,2756120
994,2756238
904,2756544
1072,2756771
254,2757216
530,2757374
1115,2757447
110,2757800
737,2757987
125,2758071
651,2758505
652,2758506
993,2758764
688,2758856
323,2758902
324,2758903
177,2759365
976,2759497
977,2759498
965,2759667
956,2759679
324,2759686
651,2759909
58,2759952
829,2760308
444,2760450
394,2760481
401,2761014
528,2761098
828,2761195
829,2761196
1072,2761274
517,2761346
523,2761353
524,2761354
525,2761355
526,2761356
981,2761621
254,2761774
1036,2761824
372,2761825
688,2761852
1134,2762104
88,2762274
559,2762382
89,2762573
604,2762597
400,2762992
993,2763008
286,2763018
254,2763555
254,2763579
199,2763680
200,2763681
590,2763790
1041,2763971
829,2764003
62,2764163
411,2764163
63,2764164
1134,2764246
847,2764587
202,2764622
288,2764966
169,2765173
170,2765174
56,2765564
1134,2766008
175,2766026
688,2766118
829,2766174
830,2766175
175,2766290
421,2766348
1100,2766639
604,2766662
254,2766713
692,2766845
1072,2767067
1041,2767103
560,2767267
198,2767337
260,2767646
1113,2767676
169,2767821
325,2767914
722,2768044
177,2768079
1072,2768422
637,2768434
954,2768554
576,2768666
177,2768727
693,2768817
855,2769025
829,2769296
693,2769316
111,2769321
1073,2769356
445,2769498
588,2769656
81,2769742
604,2769969
674,2769994
1099,2770132
1100,2770133
489,2770161
170,2770429
171,2770430
521,2770733
566,2771395
567,2771396
568,2771397
569,2771398
754,2771450
835,2771619
904,2771642
57,2771714
286,2772120
287,2772121
722,2772832
201,2772900
1115,2773101
423,2773215
63,2773394
905,2773531
953,2773742
177,2773810
1103,2773876
967,2773898
444,2773998
905,2774161
722,2774179
370,2774395
171,2774483
382,2774671
383,2774672
630,2774727
401,2774903
1047,2774934
58,2775486
530,2775515
650,2775604
651,2775605
1114,2775755
1115,2775756
370,2775824
371,2775825
967,2775826
231,2775925
994,2776166
996,2776336
169,2776354
175,2776640
111,2776799
568,2777391
1073,2777622
448,2777761
518,2777914
386,2778569
572,2779158
171,2779540
445,2779735
288,2779749
722,2779952
866,2780292
866,2780521
867,2780522
868,2780523
56,2780643
62,2780730
411,2780730
698,2780973
539,2780987
158,2781091
191,2781150
474,2781266
274,2781271
528,2781286
967,2781444
722,2781458
855,2781509
169,2781665
521,2781785
478,2781786
169,2781942
445,2782038
382,2782219
383,2782220
523,2782352
1100,2782654
1101,2782655
755,2782714
528,2782869
528,2783229
401,2783521
382,2783700
383,2783701
651,2783844
383,2783909
692,2783927
191,2784090
1095,2784290
168,2784353
965,2784507
197,2784512
383,2784799
576,2785327
275,2785436
447,2785473
448,2785474
571,2785741
197,2785746
622,2786029
62,2786139
411,2786139
61,2786243
275,2786411
973,2786836
804,2787391
270,2787644
693,2787695
191,2787800
1100,2788056
382,2788925
444,2789698
401,2789743
400,2789916
698,2789945
170,2790267
965,2790362
523,2790409
828,2790530
829,2790531
178,2790562
698,2790563
288,2790571
369,2790770
878,2790856
399,2791052
192,2791485
996,2791801
56,2791940
57,2791941
270,2792160
976,2792179
977,2792180
673,2792317
61,2792533
62,2792534
411,2792534
386,2792616
528,2792624
965,2792863
1106,2793028
1072,2793147
669,2793523
444,2793586
176,2793644
693,2793820
400,2793944
141,2794036
192,2794221
261,2794287
348,2794684
88,2794690
566,2795020
567,2795021
196,2795033
197,2795034
953,2795946
570,2796329
1041,2796464
289,2796572
169,2796608
170,2796609
122,2796717
403,2797164
939,2797307
940,2797308
125,2797503
1081,2797613
692,2797680
1095,2797793
25,2797981
541,2798161
1072,2798369
953,2798584
622,2798666
722,2798753
56,2798881
944,2798885
382,2798941
383,2798942
57,2798981
944,2799000
382,2799056
383,2799057
828,2799288
445,2799503
541,2799554
325,2799797
445,2799843
722,2799874
1081,2799997
92,2799999
1134,2800612
818,2801029
194,2801741
697,2801818
698,2801819
697,2801937
698,2801938
445,2801977
697,2802059
698,2802060
905,2802218
170,2802234
659,2802554
965,2802594
622,2803174
542,2803345
447,2803388
1095,2803491
1008,2803495
274,2803641
168,2803879
520,2804026
638,2804027
973,2804194
952,2804785
399,2804821
905,2804980
570,2805480
175,2805957
660,2806389
690,2806591
1104,2806650
674,2806700
141,2806905
698,2806935
541,2807044
125,2807489
693,2807715
334,2807955
111,2808156
192,2808737
940,2808973
965,2809249
965,2809258
168,2809305
169,2809306
1047,2809414
474,2809523
866,2809676
399,2809688
855,2809929
170,2810214
711,2810580
122,2810624
692,2810820
420,2810900
520,2810907
638,2810908
230,2810912
231,2810913
169,2810954
194,2811424
673,2811587
674,2811588
673,2811668
973,2811734
169,2811798
288,2812389
944,2812798
539,2813267
445,2813314
1110,2813455
286,2813622
270,2813629
274,2813749
994,2813810
125,2814144
905,2814215
588,2814274
589,2814275
590,2814276
368,2814277
194,2814614
737,2814631
520,2814664
688,2814789
567,2814823
568,2814824
953,2814832
419,2814879
818,2815211
336,2815328
200,2815453
201,2815454
1134,2815470
940,2815684
566,2815809
567,2815810
568,2815811
576,2815958
605,2816033
1121,2816136
325,2816213
1134,2816229
270,2816282
955,2816395
448,2816507
520,2816636
521,2816637
478,2816638
558,2816648
75,2816944
1041,2817041
25,2817175
177,2817237
942,2817341
1012,2817382
63,2817417
964,2817446
965,2817447
175,2817462
1041,2817469
1072,2817494
1134,2817498
62,2818026
411,2818026
412,2818027
1041,2818035
111,2818055
981,2818142
374,2818160
1134,2818272
1135,2818273
688,2818455
622,2818537
690,2819567
383,2819773
668,2819855
1072,2819913
447,2820450
996,2820469
722,2820670
955,2821058
231,2821135
199,2821352
866,2821750
867,2821751
220,2822070
175,2822333
56,2822372
196,2822616
197,2822617
699,2822753
699,2823023
168,2823539
692,2823558
192,2823683
676,2823817
192,2823827
500,2823847
152,2824130
651,2824154
566,2824508
567,2824509
270,2824797
942,2824943
400,2825085
523,2825090
855,2825230
169,2825422
698,2825447
153,2825765
110,2825950
274,2826447
692,2826504
693,2826505
944,2827060
604,2827092
1072,2827128
419,2827259
571,2827480
447,2827682
176,2828169
25,2828198
1081,2828361
479,2828364
944,2828454
1106,2828521
368,2828579
369,2828580
500,2828865
479,2829033
199,2829085
194,2829102
195,2829103
196,2829104
866,2829147
1104,2829221
1106,2829223
175,2829608
539,2829849
566,2829940
994,2830039
474,2830076
651,2830099
564,2830203
1106,2830345
1107,2830346
399,2830553
111,2830635
56,2830668
125,2830762
692,2830782
693,2830783
942,2830823
692,2830839
693,2830840
361,2830842
539,2830921
520,2831048
399,2831240
865,2831945
399,2832105
87,2832367
874,2832412
518,2832659
660,2832791
964,2833126
177,2833278
178,2833279
965,2833286
690,2833644
737,2833872
260,2833959
198,2834483
479,2834711
944,2834936
448,2835041
445,2835092
445,2835145
576,2835178
956,2835202
957,2835203
1134,2835392
558,2835858
559,2835859
288,2836173
202,2836365
141,2836586
698,2836625
692,2836739
479,2836912
690,2836927
274,2837086
191,2837146
373,2837231
716,2837372
717,2837373
197,2837427
1018,2837462
400,2837616
261,2837814
382,2837922
56,2837984
383,2837987
447,2838035
447,2838275
966,2838290
372,2838291
373,2838292
110,2838887
965,2838965
855,2840001
651,2840063
828,2840168
175,2840306
1008,2840602
447,2841034
566,2841528
567,2841529
698,2841570
191,2841988
847,2841995
370,2842185
564,2842216
1072,2842476
1134,2842480
849,2842961
688,2842985
86,2843304
122,2843464
274,2843515
692,2843630
1097,2843698
420,2843699
421,2843700
422,2843701
1072,2843972
866,2844186
152,2844227
447,2844393
448,2844394
479,2844783
480,2844784
419,2844797
1098,2844798
334,2845074
444,2845089
445,2845090
1047,2845117
325,2845175
1090,2845360
944,2845584
865,2845790
855,2846194
177,2846371
956,2846728
866,2846797
965,2846985
753,2847284
622,2847364
1134,2847442
166,2847466
167,2847467
382,2847546
170,2847614
1134,2847688
1131,2847944
445,2848051
865,2848074
975,2848147
976,2848148
977,2848149
87,2848257
372,2848417
500,2848714
110,2848941
201,2849118
198,2849328
704,2849869
57,2849967
847,2849976
444,2850182
566,2850208
567,2850209
568,2850210
569,2850211
957,2850224
651,2850264
996,2850425
270,2850594
847,2850971
517,2851010
419,2851123
973,2851242
704,2851294
944,2851433
196,2851582
197,2851583
541,2852073
370,2852139
847,2852255
1097,2852262
201,2852736
753,2852744
1081,2852809
274,2852814
168,2853121
830,2853240
955,2853336
956,2853337
190,2853711
1081,2854111
1090,2854270
111,2854302
1104,2854329
255,2854653
158,2854660
348,2854974
566,2854980
567,2854981
568,2854982
191,2855054
1072,2855191
191,2855257
192,2855258
980,2856166
1072,2856434
692,2856648
269,2856711
396,2856712
1089,2856712
568,2857008
604,2857056
386,2857176
192,2857553
967,2857610
444,2857642
956,2857742
1134,2858012
1134,2858182
444,2858493
445,2858494
943,2858823
191,2858919
270,2859365
944,2859381
673,2859592
383,2859900
521,2860059
270,2860271
274,2860275
528,2860626
559,2860686
274,2860785
154,2860800
110,2861101
478,2861292
1047,2861327
788,2861615
789,2861616
1072,2861695
1072,2861732
528,2861792
722,2861881
830,2861939
202,2862144
941,2862368
942,2862369
480,2862548
692,2862616
96,2862706
865,2863044
866,2863045
867,2863046
707,2863096
489,2863348
944,2863381
576,2863530
1134,2863732
288,2863868
444,2864200
445,2864201
994,2864233
400,2864252
153,2864349
197,2864430
97,2864674
539,2864931
445,2865202
192,2865727
193,2865728
781,2865985
904,2866082
589,2866188
231,2866415
444,2866480
698,2866661
168,2866775
169,2866776
673,2867042
1047,2867103
847,2867331
754,2867638
110,2867954
325,2868006
275,2868552
524,2868739
862,2868904
863,2868905
864,2868906
864,2869053
444,2869775
56,2869912
270,2870204
944,2870345
348,2870446
361,2870574
191,2870818
940,2870886
605,2870983
1107,2871038
905,2871054
57,2871057
58,2871058
168,2871100
60,2871106
62,2871305
411,2871305
209,2871367
870,2871431
269,2871512
500,2871920
447,2871946
604,2872403
698,2872486
169,2872720
170,2872721
576,2873103
953,2873171
370,2873192
153,2873336
177,2873346
178,2873347
698,2873348
199,2873644
541,2873768
722,2873826
479,2874186
122,2874301
96,2874671
622,2875265
994,2875469
1097,2875580
420,2875581
1106,2875729
697,2876281
1106,2876590
169,2876666
473,2876918
474,2876919
178,2876992
698,2876993
699,2876994
965,2877472
698,2877506
944,2877568
382,2877597
370,2877655
371,2877656
967,2877657
835,2877700
568,2877787
1008,2877855
674,2877919
325,2878603
541,2878680
977,2878796
342,2878890
973,2879047
269,2879256
1113,2879528
993,2879532
96,2879564
270,2879675
651,2879687
1072,2879756
528,2880418
722,2880533
1107,2880589
383,2881403
489,2881423
1134,2881434
570,2881443
604,2881562
830,2881994
847,2882062
539,2882104
521,2882107
953,2882225
1134,2882308
192,2882778
529,2883048
942,2883067
192,2883434
673,2883518
201,2883664
1072,2883683
447,2883789
448,2883790
965,2884196
651,2884241
58,2884322
61,2884624
62,2884625
411,2884625
194,2885062
474,2885162
198,2885174
199,2885175
382,2885218
372,2885220
201,2885268
904,2885313
828,2885346
692,2885452
543,2885575
544,2885576
169,2885582
830,2885873
370,2886148
275,2886293
368,2886483
1072,2886599
274,2886793
275,2886794
567,2887071
403,2887196
274,2887443
566,2887450
567,2887451
568,2887452
57,2887483
753,2887728
88,2887825
967,2887828
697,2887834
474,2888029
334,2888065
847,2888605
372,2888611
692,2888784
270,2888832
208,2888836
209,2888837
1131,2888894
275,2888951
175,2888982
865,2889126
866,2889127
867,2889128
286,2889172
62,2889276
411,2889276
1106,2889505
1081,2889528
479,2889564
952,2889670
445,2889782
697,2890242
1071,2890872
1072,2890873
688,2890943
445,2891127
973,2891270
980,2891534
753,2891555
153,2892235
336,2892527
652,2892610
1131,2892866
1050,2893030
274,2893153
275,2893154
576,2893237
386,2893356
1134,2893546
270,2893636
96,2894160
97,2894161
758,2895219
324,2895597
737,2895743
804,2896102
56,2896218
566,2896404
781,2896418
967,2896507
220,2896590
64,2896735
690,2896799
692,2896801
570,2897023
571,2897024
275,2897084
697,2897123
867,2897189
967,2897593
1103,2897662
1072,2898006
1073,2898007
870,2898182
370,2898287
1103,2898478
1134,2898646
604,2898876
286,2898934
170,2899210
866,2899359
288,2899526
1106,2900166
1107,2900167
191,2900223
855,2900291
542,2900321
274,2900353
275,2900354
518,2900730
61,2900750
62,2900751
411,2900751
175,2900758
176,2900759
275,2901041
954,2901081
955,2901082
917,2901212
917,2901213
288,2901229
289,2901230
191,2901372
192,2901373
274,2901502
275,2901503
944,2901661
965,2902464
192,2902610
220,2902878
1047,2902962
1041,2903013
692,2903071
168,2903075
1072,2903090
261,2903112
169,2903142
170,2903143
400,2903779
401,2903780
1072,2903873
542,2903896
1131,2904449
260,2904548
804,2904650
445,2905014
348,2905175
1018,2905239
168,2905274
201,2906040
956,2906199
197,2906352
141,2906480
444,2906849
622,2906939
623,2906940
830,2907108
197,2907136
178,2907230
403,2907479
692,2907562
194,2907839
1041,2907944
201,2908223
690,2908340
692,2908342
952,2908351
1041,2908479
169,2908614
447,2908621
448,2908622
169,2908833
386,2908883
651,2909143
652,2909144
1090,2909169
965,2909192
444,2909294
444,2909569
44,2909579
195,2909666
196,2909667
559,2909978
965,2910083
525,2910178
526,2910179
445,2910547
942,2910604
518,2910792
830,2910801
197,2910889
673,2910953
952,2911718
196,2911887
1047,2912272
56,2912319
904,2912852
953,2912853
830,2912856
542,2912895
194,2912920
195,2912921
941,2913004
158,2913031
122,2913044
973,2913149
780,2913193
198,2913230
622,2913889
1047,2914135
200,2914488
201,2914489
110,2914998
111,2914999
867,2915129
520,2915134
382,2915207
967,2915209
448,2915217
524,2915262
722,2915654
965,2916048
197,2916191
275,2916548
1104,2916578
994,2916982
1097,2917252
688,2917388
152,2917716
396,2918070
1089,2918070
692,2918139
474,2918729
474,2918905
479,2918920
1090,2918988
152,2919170
517,2919261
479,2919520
818,2919699
651,2919758
154,2919762
1050,2919818
1131,2919886
994,2920036
995,2920037
996,2920038
995,2920358
996,2920359
818,2920574
847,2920592
370,2920601
56,2920771
201,2920807
780,2920815
175,2920841
58,2920888
710,2921031
361,2921153
944,2921253
421,2921350
383,2921798
274,2921989
955,2922111
956,2922112
168,2922599
692,2922734
90,2922970
652,2923050
1047,2923369
604,2923636
688,2923785
141,2923794
201,2923935
447,2923987
382,2924267
383,2924268
373,2924563
374,2924564
97,2924591
370,2925064
528,2925249
692,2925393
693,2925394
1108,2925453
1081,2925514
275,2925772
87,2926393
944,2926419
372,2926521
559,2926526
622,2926979
965,2927166
394,2927341
395,2927342
57,2927350
1050,2927417
528,2927459
1081,2927517
479,2927520
420,2927777
197,2927858
528,2928200
1047,2928295
973,2928399
447,2928489
711,2928614
952,2928616
956,2928747
973,2929002
870,2929311
479,2929358
711,2929754
110,2929810
994,2929813
361,2929897
1113,2930224
528,2930411
865,2930466
866,2930467
171,2930612
444,2930796
298,2931088
542,2931348
169,2931934
196,2932055
197,2932056
994,2932883
623,2933258
208,2933512
111,2933542
198,2933621
653,2933687
828,2933810
829,2933811
1050,2934083
274,2934146
192,2934320
89,2934592
169,2934686
170,2934687
56,2934760
1106,2935075
1107,2935076
1108,2935077
288,2935106
122,2935140
419,2935338
382,2935489
967,2935491
394,2936260
395,2936261
975,2936413
976,2936414
977,2936415
693,2936420
1131,2936440
690,2936443
953,2936564
202,2936917
673,2937010
1131,2937435
828,2937498
829,2937499
604,2937535
178,2937691
698,2937692
864,2937784
489,2937871
980,2938120
982,2938441
500,2938662
1097,2938707
230,2938708
231,2938709
122,2938722
673,2938855
673,2939031
674,2939032
199,2939114
200,2939115
201,2939116
447,2939168
445,2939301
447,2939360
448,2939361
864,2939584
604,2939638
1095,2939701
447,2940218
448,2940219
474,2940352
674,2940799
199,2940942
200,2940943
704,2941093
944,2941225
1134,2941276
660,2942129
1018,2942478
688,2942742
372,2942857
412,2942860
56,2942907
539,2943082
965,2943339
520,2943745
543,2943746
201,2944052
260,2944420
198,2944428
1134,2944615
194,2944623
994,2944630
175,2944644
523,2944791
524,2944792
964,2945018
673,2945172
447,2945208
169,2945241
220,2945274
994,2945278
1104,2945345
412,2945409
288,2945575
904,2945795
178,2945938
952,2946019
88,2946057
274,2946081
274,2946231
57,2946329
944,2946673
63,2946737
690,2946820
91,2946871
92,2946872
170,2947027
473,2947143
474,2947144
87,2947146
847,2947639
370,2947673
231,2947758
722,2947866
693,2948060
622,2948101
196,2948174
56,2948275
1112,2948668
1113,2948669
1107,2948927
288,2948961
520,2949160
638,2949161
348,2949496
957,2949560
941,2949690
520,2949783
168,2949996
539,2950074
541,2950076
651,2950122
652,2950123
622,2950325
623,2950326
976,2950543
977,2950544
690,2950568
383,2950679
192,2950735
517,2950964
965,2951095
944,2951144
178,2951291
964,2951526
965,2951527
1104,2951529
191,2951583
275,2951647
1081,2951903
193,2951904
386,2951949
973,2952205
90,2952283
1041,2952351
192,2952730
1110,2952770
1041,2952933
1104,2953017
1112,2953095
1113,2953096
399,2953178
400,2953179
194,2953195
192,2953774
91,2953962
92,2953963
967,2954066
1097,2954068
570,2954222
944,2954265
324,2954327
722,2954964
526,2955162
489,2955294
673,2956043
955,2956291
1131,2956409
541,2956458
955,2956462
956,2956463
957,2956464
964,2956595
965,2956596
542,2956693
865,2956791
942,2956890
288,2957020
175,2957076
698,2957543
605,2957701
520,2957952
191,2958006
942,2958027
1072,2958120
25,2958242
829,2958465
973,2958678
829,2959034
92,2959054
638,2959261
1113,2959400
61,2959412
26,2959451
942,2959587
998,2959754
324,2959755
638,2959924
373,2960038
566,2960084
567,2960085
168,2960520
1047,2960542
386,2961496
274,2961650
1041,2961836
25,2962000
269,2962059
270,2962060
952,2962324
693,2962402
1047,2962499
286,2962565
1100,2963144
176,2963480
1047,2963727
61,2963783
62,2963784
411,2963784
940,2964068
865,2964117
1041,2964392
955,2964495
1134,2964606
847,2964825
1131,2965075
194,2965085
479,2965104
448,2965204
736,2965234
737,2965235
737,2965391
373,2965698
177,2965883
204,2966010
372,2966326
373,2966327
698,2967046
977,2967463
1115,2967578
697,2967699
56,2967910
993,2967913
122,2968037
204,2968364
528,2968583
529,2968584
698,2968693
96,2968881
698,2969094
169,2969536
697,2969846
965,2970012
63,2970142
192,2970340
673,2970521
169,2970728
170,2970729
57,2970771
58,2970772
702,2970799
703,2970800
704,2970801
953,2970879
965,2970887
1098,2970912
479,2970985
192,2970994
169,2971001
178,2971047
521,2971063
478,2971064
196,2971260
1134,2971275
89,2971361
690,2971363
692,2971365
781,2971452
697,2971522
698,2971523
193,2971838
194,2971839
676,2971896
194,2972580
996,2973444
198,2973737
1081,2973784
952,2974374
864,2974482
1047,2974667
255,2974670
570,2974715
904,2975451
967,2975489
204,2975968
956,2976147
957,2976148
604,2976235
197,2976316
994,2976935
445,2977323
864,2977495
523,2977647
524,2977648
525,2977649
526,2977650
527,2977651
61,2978049
62,2978050
411,2978050
177,2978055
192,2978089
193,2978090
447,2978194
448,2978195
270,2978362
274,2978399
965,2978694
192,2978747
169,2978751
169,2978775
275,2978873
270,2979279
539,2979581
445,2979658
692,2979763
693,2979764
498,2979798
499,2979799
370,2979839
576,2980361
692,2980874
254,2981066
382,2981216
372,2981218
169,2981401
674,2981419
539,2981608
141,2981959
1113,2982110
1072,2982253
445,2982591
89,2982626
196,2982710
444,2983047
722,2983279
528,2983515
622,2983520
674,2983663
92,2983872
269,2984184
270,2984185
191,2984200
1134,2984438
396,2984481
1089,2984481
576,2984592
652,2984669
653,2984670
110,2984786
288,2984789
274,2985013
197,2985027
520,2985054
638,2985055
1098,2985059
168,2985323
693,2985911
92,2986088
953,2986103
169,2986134
541,2986295
361,2986728
1072,2986974
528,2987245
529,2987246
444,2987491
564,2987636
541,2987639
690,2987869
576,2988098
847,2988157
201,2988262
97,2988850
1047,2989010
63,2989068
447,2989151
994,2989229
688,2989233
590,2989303
368,2989304
698,2989515
169,2989801
170,2989802
334,2989981
444,2990196
445,2990197
1081,2990559
688,2990823
722,2990868
195,2991040
58,2991250
57,2991717
58,2991718
59,2991719
952,2991720
697,2991833
698,2991834
399,2992001
400,2992002
169,2992158
169,2992317
199,2992343
412,2992531
973,2992579
523,2992623
524,2992624
525,2992625
526,2992626
527,2992627
528,2992628
559,2992654
622,2992703
623,2992704
192,2992717
651,2992730
652,2992731
674,2992752
675,2992753
676,2992754
714,2992788
715,2992789
716,2992790
717,2992791
590,2992887
368,2992888
818,2992894
996,2993051
997,2993052
444,2993064
445,2993065
1041,2993092
1047,2993097
1107,2993150
1108,2993151
277,2993301
804,2993455
994,2993508
655,2994086
1048,2994115
651,2994157
956,2994400
957,2994401
201,2994471
202,2994472
754,2994546
334,2994556
335,2994557
804,2994840
967,2994857
208,2994910
220,2995078
399,2995262
400,2995263
942,2995564
965,2995681
651,2995747
199,2996054
56,2996641
605,2996725
1134,2996739
168,2997171
942,2997240
690,2997276
697,2997434
1131,2997814
956,2997867
288,2998571
967,2998623
878,2998735
56,2998743
370,2999023
89,2999185
423,2999215
676,2999690
521,2999953
368,2999992
520,3000175
1134,3000216
830,3000299
192,3000325
965,3000469
447,3000567
220,3000619
652,3000629
169,3001066
111,3001077
622,3001523
736,3001702
57,3001876
866,3001958
867,3001959
966,3002201
967,3002202
996,3002237
170,3002490
1081,3002584
382,3002646
383,3002647
559,3002729
177,3003176
191,3003191
1104,3003332
62,3003463
411,3003463
63,3003488
456,3003548
57,3003866
558,3003901
559,3003902
944,3003962
955,3003972
956,3003973
62,3004049
411,3004049
262,3004225
63,3004357
865,3004475
829,3004686
478,3004710
558,3004847
275,3005355
86,3005643
1047,3005695
479,3005778
383,3005821
539,3006083
62,3006104
411,3006104
790,3006157
175,3006343
176,3006344
122,3006749
141,3006825
955,3006848
81,3006997
200,3007301
201,3007302
939,3007756
940,3007757
804,3008099
965,3008222
956,3008509
141,3008591
192,3008985
325,3009363
348,3009634
479,3009753
973,3009853
604,3010225
348,3010558
288,3010588
274,3010656
191,3011068
1097,3011144
361,3011424
152,3011553
758,3011771
944,3012029
61,3012092
1101,3012126
830,3012202
1012,3012486
286,3012835
169,3012995
474,3013640
1047,3013738
1048,3013739
158,3013999
539,3014026
445,3014098
64,3014226
445,3014395
444,3014423
288,3014669
847,3014988
87,3015304
200,3015501
447,3015574
448,3015575
955,3015811
194,3016039
110,3016186
941,3016500
255,3016863
194,3016874
382,3016936
383,3016937
62,3017023
411,3017023
542,3017356
638,3017357
570,3018045
63,3018168
560,3018235
198,3018333
651,3018863
63,3018940
1103,3019303
434,3019346
420,3019445
1121,3019694
175,3019750
176,3019751
829,3019788
604,3019803
955,3019922
122,3020391
1072,3020528
444,3020542
710,3020684
829,3020741
830,3020742
260,3020802
25,3021779
269,3021875
336,3022072
199,3022138
200,3022139
201,3022140
168,3022799
169,3022800
781,3022992
394,3023002
111,3023371
870,3023437
975,3023615
698,3023624
89,3023728
90,3023729
196,3024009
275,3024741
199,3024750
1134,3024816
325,3024983
202,3025354
673,3025507
956,3025572
697,3025585
758,3025763
87,3026186
26,3026609
447,3026755
56,3026838
445,3026946
917,3026951
1047,3026994
688,3027047
171,3027167
370,3027209
447,3027240
595,3027861
1134,3028391
788,3028796
595,3028839
382,3028924
866,3028965
867,3028966
270,3029123
474,3029336
1098,3029434
25,3029645
26,3029646
382,3029750
199,3029768
200,3029769
201,3029770
202,3029771
1047,3030067
111,3030087
652,3030237
25,3030372
558,3030444
1104,3030541
1047,3030591
518,3031234
1090,3031235
175,3031633
111,3031712
1134,3031714
401,3031816
690,3032201
394,3032300
395,3032301
197,3032428
1103,3032545
445,3032652
905,3032703
194,3032764
622,3033008
81,3033071
178,3033265
690,3033338
191,3033450
192,3033451
528,3033532
25,3033584
804,3033637
445,3034125
386,3034128
993,3034253
649,3034407
1131,3034493
674,3035117
447,3035231
447,3035459
63,3035481
447,3035569
697,3035637
25,3036191
342,3036514
423,3036643
1134,3036954
275,3037133
865,3037264
866,3037265
1047,3037319
275,3037769
1108,3037801
692,3037851
61,3038192
62,3038193
411,3038193
940,3038203
917,3038275
558,3038782
1047,3039096
865,3039111
965,3039168
419,3039549
270,3039773
479,3040071
56,3040216
286,3040218
570,3040365
198,3040650
942,3040679
383,3040695
753,3040764
1107,3040809
1108,3040810
1109,3040811
372,3040968
63,3040971
368,3041005
474,3041281
572,3041299
866,3041509
867,3041510
868,3041511
274,3041544
1103,3041582
659,3041616
973,3041722
479,3041728
474,3041812
570,3042018
571,3042019
1099,3042040
1100,3042041
96,3042191
690,3042330
965,3042396
199,3042712
200,3042713
201,3042714
1106,3042719
521,3043326
522,3043327
523,3043328
939,3043543
940,3043544
275,3043674
178,3043800
523,3043866
955,3044385
1134,3044432
660,3044862
193,3044896
604,3044902
110,3044987
690,3044990
197,3045099
198,3045100
370,3045148
125,3045261
994,3045344
169,3045542
382,3045617
260,3045777
688,3045779
847,3045892
370,3045982
660,3046018
811,3046248
542,3046412
638,3046413
63,3046504
878,3046735
955,3046966
956,3046967
957,3046968
956,3047067
781,3047100
973,3047284
604,3047308
674,3047361
111,3047439
111,3047946
1047,3048057
722,3048071
1047,3048141
1072,3048204
847,3048261
539,3048373
374,3048377
168,3048534
526,3049013
865,3049165
403,3049407
368,3049646
369,3049647
1072,3049741
690,3049940
158,3049950
559,3050163
941,3050274
942,3050275
829,3050292
1041,3050639
528,3050679
559,3050833
528,3050901
1106,3051122
566,3051210
567,3051211
1115,3051604
1072,3051644
878,3051788
170,3052533
171,3052534
197,3052548
198,3052549
941,3052599
194,3052802
1114,3052926
1115,3052927
758,3053144
62,3053543
411,3053543
1090,3054038
865,3054285
63,3054369
523,3054401
690,3054491
692,3054493
474,3054626
87,3054628
275,3054949
158,3054985
479,3055105
445,3055263
191,3055501
336,3055760
994,3055829
1113,3055904
275,3056129
994,3056162
622,3056224
623,3056225
275,3056751
526,3057156
693,3057180
994,3057344
995,3057345
996,3057346
169,3057515
965,3057598
690,3058178
953,3058260
382,3058512
383,3058513
194,3058652
829,3058812
401,3058872
1064,3058930
176,3059087
953,3059169
194,3059279
1097,3059628
194,3059641
195,3059642
541,3059683
170,3059836
954,3060257
523,3060474
690,3060556
754,3060567
1121,3060858
56,3060876
57,3060877
697,3060937
964,3061072
965,3061073
542,3061077
638,3061078
158,3061113
122,3061618
520,3061857
110,3061884
711,3062041
196,3062147
111,3062231
56,3062406
57,3062407
58,3062408
916,3062546
122,3062722
830,3062841
175,3062845
1134,3062968
370,3063008
1114,3063135
1115,3063136
288,3063170
847,3063191
528,3063288
1097,3064025
230,3064026
231,3064027
541,3064123
543,3064250
209,3064265
209,3064411
399,3064513
400,3064514
152,3064608
399,3064905
976,3065018
977,3065019
1115,3065050
444,3065473
208,3065767
370,3066420
120,3066641
660,3066737
198,3066762
1075,3067019
194,3067171
195,3067172
653,3067261
1081,3067764
956,3067829
394,3068063
395,3068064
1047,3068077
539,3068195
543,3068198
542,3068207
638,3068208
1047,3068234
604,3068418
829,3068434
830,3068459
994,3068513
396,3069257
1089,3069257
1090,3069258
192,3069270
192,3069478
193,3069479
870,3069516
260,3069648
528,3069957
111,3070077
1106,3070169
274,3070306
953,3070440
905,3070574
673,3070800
674,3070801
965,3070837
1104,3070839
566,3070883
567,3070884
568,3070885
383,3070969
964,3071069
965,3071070
26,3071299
673,3071385
674,3071386
63,3071468
942,3071487
690,3071532
270,3071632
445,3071851
270,3072202
693,3072252
904,3072523
994,3073028
274,3073180
275,3073181
288,3073481
953,3073568
818,3073615
905,3073896
528,3074444
690,3074476
688,3074826
220,3075111
175,3075723
829,3076018
944,3076418
904,3076438
829,3076442
952,3076503
25,3076610
1110,3076778
1111,3076779
262,3077352
955,3077548
25,3077904
1081,3078159
199,3078667
254,3078702
722,3078729
567,3078767
1131,3078803
400,3079063
955,3079317
58,3079392
1113,3079911
479,3079983
480,3079984
479,3080302
191,3080385
192,3080386
192,3080666
274,3080678
905,3080704
716,3081321
956,3081733
445,3081955
270,3082083
361,3082094
88,3082245
89,3082246
90,3082247
604,3082654
202,3082744
348,3082746
781,3082750
177,3083018
288,3083489
904,3083591
847,3084089
399,3084228
158,3084256
877,3084839
878,3084840
125,3084960
421,3085046
977,3085545
829,3085549
829,3086046
274,3086110
275,3086111
403,3086150
63,3086269
539,3086295
541,3086297
576,3086301
445,3086373
254,3086856
828,3087025
829,3087026
270,3087114
201,3087555
202,3087556
386,3087914
576,3088060
1106,3088066
479,3088166
544,3088260
479,3088361
274,3088434
964,3088611
965,3088612
1104,3088735
396,3089020
1089,3089020
175,3089077
141,3089100
274,3089177
690,3089421
692,3089423
539,3090097
994,3090461
122,3090476
944,3090571
699,3090904
829,3091086
445,3091153
197,3091557
667,3091712
178,3091722
698,3091723
1106,3091732
479,3092019
480,3092020
965,3092091
973,3092139
1134,3092417
1047,3092424
153,3092487
965,3092504
1104,3092506
1106,3092573
1073,3092594
275,3093006
674,3093410
386,3093549
456,3093833
86,3093874
944,3094311
194,3094335
559,3094399
529,3094532
25,3094563
111,3094721
944,3095021
818,3095103
59,3095157
952,3095158
525,3095236
526,3095237
125,3095326
967,3095505
1097,3095507
1098,3095508
479,3095551
480,3095552
419,3095634
692,3095860
847,3096279
199,3096843
195,3096849
1104,3097284
964,3097383
965,3097384
955,3097473
479,3097512
1106,3097644
198,3097804
479,3097882
368,3097892
198,3097993
1047,3098012
1048,3098013
111,3098094
541,3098124
568,3098204
638,3098365
62,3098778
411,3098778
477,3099168
60,3099205
61,3099206
62,3099207
411,3099207
703,3099226
704,3099227
168,3099246
942,3099258
399,3099305
26,3099524
790,3099797
980,3100048
980,3100181
981,3100182
62,3100306
411,3100306
980,3100321
981,3100322
56,3100394
62,3100445
411,3100445
980,3100460
981,3100461
56,3100533
62,3100584
411,3100584
980,3100599
981,3100600
178,3100710
62,3100725
411,3100725
980,3100740
981,3100741
325,3100929
336,3101001
197,3101031
566,3101148
567,3101149
542,3101167
638,3101168
967,3101177
169,3101284
170,3101285
539,3101414
1134,3101577
198,3101770
141,3101850
969,3101986
169,3102118
170,3102119
275,3102135
191,3102570
396,3102949
1089,3102949
444,3102996
1121,3103337
542,3103996
638,3103997
141,3104308
567,3104485
526,3104558
673,3104644
866,3104758
867,3104759
479,3104872
275,3104998
865,3105083
558,3105349
559,3105350
865,3105404
964,3105643
87,3105845
400,3105889
176,3105960
138,3106011
954,3106135
973,3106221
195,3106518
196,3106519
57,3106625
981,3106688
1106,3106868
1107,3106869
383,3106915
953,3106956
704,3107788
1072,3107809
419,3107835
230,3107836
1073,3107984
542,3108141
544,3108595
828,3108837
829,3108838
525,3108868
517,3108977
692,3109014
141,3109123
394,3109266
395,3109267
1081,3109450
168,3109463
866,3109908
781,3109972
944,3110168
905,3110465
196,3110487
197,3110488
198,3110489
655,3110955
965,3111012
196,3111583
904,3112123
92,3112377
698,3112882
975,3113022
976,3113023
447,3113044
445,3113060
368,3113279
758,3113455
197,3113503
386,3113834
518,3114042
1090,3114043
194,3114226
651,3114268
275,3114273
965,3114319
445,3114371
422,3114728
286,3114909
576,3115086
88,3115177
386,3115473
209,3115674
122,3116278
61,3116791
1073,3116972
828,3116998
829,3116999
1104,3117027
361,3117100
1134,3117295
904,3117362
260,3117575
202,3117845
87,3117962
1041,3118091
1081,3118116
175,3118158
917,3118167
630,3118182
334,3118258
722,3118312
191,3118442
196,3118534
1107,3118791
941,3118812
942,3118813
168,3118891
324,3119205
866,3119235
867,3119236
653,3119432
517,3119505
178,3119855
698,3119856
368,3119903
81,3119979
111,3120072
828,3120540
981,3120691
982,3120692
781,3120768
539,3120872
605,3120949
419,3120995
1098,3120996
1072,3121024
967,3121193
541,3121210
542,3121211
835,3121486
194,3121573
125,3121585
529,3121606
199,3121659
1115,3121937
444,3122420
479,3122597
954,3122615
445,3122645
59,3122657
1097,3122902
275,3122934
1081,3122977
382,3123098
383,3123099
690,3123629
1103,3123647
673,3123714
674,3123715
973,3123772
965,3124000
698,3124088
90,3124210
692,3124489
866,3124765
867,3124766
973,3124875
904,3124913
955,3125006
197,3125267
197,3125282
697,3125429
698,3125430
177,3125446
445,3125465
170,3125527
275,3125690
270,3125763
870,3125802
25,3125853
955,3126100
847,3126246
192,3126680
944,3126700
260,3126788
571,3127057
348,3127102
110,3127160
111,3127161
500,3127928
952,3128224
152,3128428
348,3128520
361,3128612
447,3128815
270,3129349
175,3129483
638,3129654
479,3129812
973,3130238
269,3130246
270,3130247
361,3130251
1106,3130289
525,3130503
526,3130504
325,3130573
652,3130976
61,3131067
62,3131068
411,3131068
288,3131098
474,3131188
444,3131248
288,3131427
479,3131647
953,3131722
865,3131824
479,3131896
1050,3132032
711,3132229
952,3132231
200,3132262
92,3132304
754,3132399
755,3132400
25,3132826
26,3132827
1100,3132867
370,3132902
697,3132936
994,3133150
288,3133583
847,3133687
604,3133708
479,3133882
542,3134036
638,3134037
269,3134595
270,3134596
1008,3134624
195,3134983
196,3134984
973,3135649
542,3135781
198,3135801
275,3135845
383,3135951
474,3135983
192,3136476
122,3136554
89,3136600
90,3136601
567,3136778
941,3136798
942,3136799
541,3137092
1008,3137097
942,3137382
448,3137515
194,3137553
622,3137657
401,3137887
722,3138022
722,3138228
904,3138414
1047,3138493
396,3138909
1089,3138909
637,3139185
690,3139549
1134,3139754
63,3139975
866,3140032
517,3140369
26,3140377
419,3140387
444,3140905
445,3140906
690,3140954
175,3141085
168,3141246
539,3141325
63,3141637
191,3142526
944,3142621
478,3142630
517,3142717
141,3142852
711,3142924
690,3142948
1008,3143218
541,3143554
88,3143688
89,3143689
525,3144083
447,3144415
448,3144416
870,3144544
1098,3144578
56,3144666
479,3144963
528,3145116
994,3145140
995,3145141
996,3145142
231,3145172
993,3145204
270,3145348
197,3145471
1134,3145548
420,3145681
421,3145682
542,3145925
638,3145926
197,3145964
198,3145965
674,3146171
25,3146225
383,3146475
177,3146688
111,3147113
944,3147250
96,3147999
874,3148111
444,3148237
1071,3148286
1072,3148287
1073,3148288
847,3148563
368,3148606
369,3148607
1106,3148970
57,3149032
445,3149109
396,3149156
1089,3149156
1104,3149277
1106,3149279
175,3149296
878,3149381
1048,3149407
590,3149601
197,3149750
559,3149835
952,3150116
447,3150170
1131,3150382
175,3150429
570,3150594
698,3150961
520,3151114
195,3151117
25,3151380
286,3151520
287,3151521
288,3151522
829,3151607
191,3151617
192,3151618
193,3151619
994,3151753
864,3151847
964,3152275
197,3152302
1041,3152308
953,3152342
479,3152371
81,3152395
199,3152675
200,3152676
201,3152677
558,3152732
1081,3152757
866,3153020
981,3153124
368,3153155
722,3153331
209,3153349
965,3153372
444,3153603
445,3153604
690,3153669
261,3153930
521,3153992
1081,3154027
169,3154085
372,3154155
373,3154156
804,3154349
111,3154445
382,3154615
576,3154703
650,3154769
651,3154770
475,3154976
63,3155092
445,3155199
175,3155436
520,3155858
111,3155917
1134,3155919
847,3155999
541,3156155
542,3156156
288,3156319
445,3156583
25,3156658
847,3156883
572,3156887
209,3157132
1134,3157284
973,3157319
167,3157596
168,3157597
191,3158052
26,3158057
973,3158164
479,3158280
956,3158637
957,3158638
952,3158768
866,3158833
964,3159126
965,3159127
1104,3159129
952,3159245
690,3159497
940,3159608
334,3159637
335,3159638
288,3160086
520,3160102
638,3160103
847,3160106
56,3160129
828,3160255
829,3160256
274,3160274
539,3160340
944,3160589
847,3160595
528,3161072
993,3161145
1072,3161155
1073,3161156
1074,3161157
1075,3161158
660,3161237
994,3161335
867,3161684
194,3161709
1131,3161798
370,3161853
955,3162167
1134,3162311
445,3162353
260,3162733
192,3162873
193,3162874
604,3163075
1134,3163379
122,3163436
558,3163485
419,3163532
170,3163614
171,3163615
1050,3163697
523,3164072
1095,3164203
523,3164231
1095,3164300
693,3164306
170,3164356
539,3164753
274,3165311
865,3165753
368,3165894
444,3165982
111,3166652
274,3166781
361,3167124
1081,3167193
288,3167462
996,3167469
209,3167495
965,3167549
324,3167634
62,3167766
411,3167766
400,3168059
401,3168060
153,3168229
288,3168294
198,3168716
521,3169003
370,3169370
973,3169470
386,3169787
368,3170134
369,3170135
401,3170429
141,3170755
209,3170986
201,3171111
26,3171364
652,3171389
722,3171494
539,3171498
541,3171500
542,3171501
874,3171572
1134,3171750
955,3171919
372,3171972
191,3172067
57,3172320
473,3172354
866,3172395
445,3172548
994,3172614
56,3172880
590,3172955
368,3172956
141,3173056
447,3173295
448,3173296
698,3173500
541,3173884
57,3174282
445,3174671
527,3174711
528,3174712
194,3175098
195,3175099
558,3175267
1106,3175580
445,3175758
994,3175854
995,3175855
996,3175856
722,3176119
539,3176200
710,3176248
944,3176486
828,3176907
90,3176962
994,3177002
994,3177063
1071,3177212
1072,3177213
1073,3177214
56,3177297
1073,3177441
25,3177711
177,3177802
25,3177842
917,3177893
204,3178001
374,3178258
1104,3178442
193,3178563
830,3178599
197,3178662
92,3178665
905,3178889
361,3179088
478,3179292
479,3179293
944,3179404
58,3179480
866,3179765
722,3180030
977,3180084
209,3180422
447,3180563
855,3180581
905,3180631
447,3180747
448,3180748
288,3180785
175,3180790
703,3180831
559,3181101
178,3181126
386,3181767
255,3182446
57,3182868
169,3183041
475,3183863
373,3183865
169,3184040
520,3184066
866,3184101
867,3184102
868,3184103
194,3184294
400,3184312
169,3184352
177,3184623
673,3184647
202,3184784
526,3184802
1095,3184833
419,3184919
230,3184920
566,3184931
567,3184932
568,3184933
569,3184934
175,3185027
197,3185256
835,3185813
994,3185855
973,3185862
865,3185875
1081,3185885
191,3185945
25,3186355
26,3186356
673,3186495
904,3186578
419,3186580
198,3186618
965,3186708
570,3187054
1048,3187140
171,3187145
964,3187191
171,3187223
965,3187662
348,3187799
168,3188166
169,3188167
63,3188273
1113,3188305
1114,3188306
170,3188409
864,3188496
526,3188600
138,3189746
964,3190199
965,3190200
480,3190443
829,3190627
525,3190801
526,3190802
400,3191464
158,3191898
89,3191919
90,3191920
542,3191980
638,3191981
967,3192194
25,3192273
1131,3192684
158,3192900
175,3192993
348,3193373
168,3193556
169,3193557
170,3193558
965,3193794
829,3193852
386,3194210
447,3194345
722,3194551
660,3194570
965,3195007
1072,3195238
191,3195242
704,3195281
722,3195470
447,3195595
448,3195596
542,3195626
638,3195627
262,3195783
445,3196192
520,3196210
61,3196486
370,3196564
541,3196993
542,3196994
567,3197088
865,3197195
175,3197686
176,3197687
1047,3197965
209,3197985
57,3198047
201,3198087
944,3198148
81,3198156
964,3198381
829,3199212
704,3199221
690,3199382
1099,3199439
1100,3199440
965,3199473
199,3199534
348,3199592
688,3199712
171,3199820
191,3199982
192,3199983
445,3200032
178,3200168
275,3200172
325,3200189
176,3200577
1047,3201489
25,3201684
697,3201884
566,3201920
269,3202061
288,3202097
904,3202262
941,3202303
942,3202304
1072,3202575
830,3202712
399,3203208
170,3203211
171,3203212
1047,3203749
448,3203969
570,3204354
479,3204580
1106,3204703
122,3204798
697,3204822
541,3204998
576,3205002
269,3205068
697,3205188
698,3205189
697,3205206
698,3205207
400,3205385
849,3205560
419,3205650
1134,3205680
90,3206009
56,3206129
191,3206172
61,3206208
539,3206292
952,3206681
158,3206769
904,3207691
953,3207692
170,3207824
171,3207825
952,3207911
1036,3208130
967,3208131
447,3208279
1073,3208550
830,3208678
954,3208937
955,3208938
559,3209136
976,3209327
977,3209328
528,3209451
905,3209576
1113,3209786
1114,3209787
1047,3210084
1134,3210280
690,3210385
1047,3210411
542,3210629
274,3210927
690,3211128
558,3211784
1072,3212093
566,3212550
955,3213141
944,3213430
334,3213570
269,3213589
829,3213616
1047,3213627
1048,3213628
758,3213843
1072,3214604
1134,3214635
706,3214699
56,3215107
57,3215108
944,3215215
196,3215340
170,3215466
324,3215898
25,3215978
122,3216039
874,3216308
521,3216369
973,3216951
169,3217317
500,3217526
202,3217577
904,3217645
818,3218122
361,3218315
829,3218321
559,3218623
196,3218772
197,3218773
198,3218774
274,3218920
829,3219178
830,3219179
204,3219214
230,3219340
231,3219341
1081,3219352
370,3219431
967,3219490
523,3219517
524,3219518
692,3219606
693,3219607
122,3220551
474,3220843
445,3220852
419,3221152
191,3221383
122,3221998
199,3222062
804,3222901
122,3222946
394,3222954
260,3223467
829,3223769
905,3224015
588,3224021
722,3224431
194,3224820
92,3224850
570,3224899
419,3224954
275,3225369
722,3225854
847,3225948
722,3226131
818,3226236
1081,3226622
688,3226694
690,3226696
595,3227039
288,3227267
88,3227372
141,3227473
56,3228019
57,3228020
361,3228371
61,3228472
90,3228521
1041,3228640
697,3228986
722,3229321
479,3229481
517,3229530
520,3229937
521,3229938
722,3230060
1134,3230269
204,3230587
170,3230684
171,3230685
994,3230747
690,3230752
690,3230763
722,3230811
521,3230846
474,3231108
382,3231297
208,3231331
209,3231332
975,3231476
976,3231477
977,3231478
204,3231564
693,3231679
1048,3231855
56,3231951
342,3232807
479,3232819
855,3232873
977,3233111
370,3233326
371,3233327
967,3233328
196,3233375
192,3233601
374,3233614
559,3233918
542,3233932
543,3233933
288,3234124
399,3234211
400,3234212
1134,3234490
722,3234539
92,3234558
61,3234578
1095,3234719
286,3234791
570,3234800
994,3235200
198,3235494
674,3235706
1097,3235756
96,3235998
175,3236007
176,3236008
1041,3236317
864,3236542
195,3236879
976,3236902
977,3236903
539,3236910
638,3236913
399,3236935
1131,3236985
870,3237019
542,3237229
558,3237518
110,3237624
111,3237625
445,3237683
847,3237959
1047,3238052
956,3238376
994,3238511
829,3238542
830,3238543
975,3238631
976,3238632
977,3238633
518,3239094
479,3239386
288,3239603
204,3239637
942,3239916
394,3240030
976,3240058
977,3240059
1081,3240294
904,3240507
194,3241143
576,3241486
804,3241665
88,3241988
361,3242042
386,3242059
270,3242209
274,3242385
1008,3242723
520,3242831
919,3242845
269,3243019
204,3243114
87,3243138
191,3243472
866,3243596
722,3243740
855,3243968
953,3243983
56,3244014
394,3244359
395,3244360
270,3244361
674,3244431
994,3244467
419,3244698
420,3244699
421,3244700
977,3244745
64,3244768
197,3244865
905,3245384
270,3245402
539,3245422
400,3245425
693,3245452
474,3245471
941,3245551
942,3245552
529,3245644
87,3245718
944,3245845
1047,3245858
917,3245910
940,3245960
274,3246527
275,3246528
940,3246554
361,3246775
523,3247074
558,3247817
86,3247928
61,3247933
62,3247934
411,3247934
169,3247986
88,3248182
89,3248183
90,3248184
847,3248301
1073,3248409
977,3248418
201,3248495
62,3248571
411,3248571
412,3248572
61,3248667
62,3248668
411,3248668
445,3248677
88,3248703
25,3248893
982,3249084
62,3249103
411,3249103
638,3249153
342,3249399
196,3249456
1073,3249665
61,3249955
62,3249956
411,3249956
520,3249976
1072,3250073
622,3250215
57,3250401
58,3250402
1110,3250532
966,3250735
967,3250736
693,3252208
57,3252513
58,3252514
59,3252515
952,3252516
177,3252635
877,3252911
198,3252989
175,3253181
576,3253254
262,3253314
829,3253612
382,3253649
383,3253650
1115,3253843
874,3253919
1115,3254126
419,3254166
324,3254212
286,3254272
199,3254422
61,3254489
62,3254490
411,3254490
63,3254491
444,3254793
342,3254935
325,3255090
198,3255200
199,3255201
692,3255213
952,3255268
270,3255600
88,3255682
192,3255926
870,3255949
559,3256667
383,3256755
386,3256809
521,3257066
478,3257067
275,3257138
403,3257299
197,3257507
559,3257597
967,3257613
444,3257871
1047,3257935
479,3257989
1072,3258012
275,3258101
651,3258194
1104,3258211
939,3258583
940,3258584
474,3258641
87,3258643
447,3258644
955,3258781
270,3258815
269,3258854
170,3259019
289,3259333
288,3260429
828,3260831
829,3260832
1072,3261101
194,3261175
447,3261242
539,3261364
374,3261380
964,3261385
204,3261466
288,3261518
434,3261561
169,3261800
170,3261801
917,3262204
1134,3262308
722,3262452
386,3262824
334,3263156
335,3263157
336,3263158
673,3263283
518,3263446
818,3263672
445,3264256
191,3264298
192,3264299
274,3264304
275,3264305
199,3265045
169,3265084
170,3265085
543,3265396
26,3265412
942,3265416
956,3265616
269,3265628
195,3265708
870,3265792
690,3265983
478,3266542
479,3266543
270,3266566
965,3266587
864,3266661
973,3266695
275,3266949
288,3267022
865,3267046
944,3267249
828,3267371
829,3267372
208,3267415
209,3267416
829,3267525
270,3267579
478,3267743
965,3267781
445,3267800
1107,3267896
980,3267985
965,3267991
576,3268322
1131,3268563
275,3268695
1041,3268713
274,3268741
706,3268879
63,3268969
865,3269299
539,3269444
688,3269595
722,3269773
1121,3269785
994,3270423
383,3270427
812,3270451
813,3270452
964,3270589
965,3270590
965,3270680
1081,3270935
178,3270965
168,3270978
558,3271497
170,3271576
967,3271746
1103,3271956
967,3271992
1072,3272057
865,3272194
56,3272350
57,3272351
86,3272404
372,3272502
722,3272639
122,3272649
980,3272664
520,3272797
1104,3272990
955,3273123
941,3273258
260,3273300
169,3273806
445,3274655
539,3274792
192,3275336
688,3275373
1081,3275526
194,3275632
286,3275851
287,3275852
288,3275853
673,3275898
175,3275999
847,3276220
177,3276321
1041,3276390
993,3276453
994,3276559
829,3276685
59,3276800
942,3276874
96,3277028
444,3277096
847,3277214
520,3277234
521,3277235
829,3277247
1073,3277306
177,3277313
539,3277322
400,3277325
401,3277326
955,3277333
865,3277481
866,3277482
559,3277933
539,3278155
62,3278367
411,3278367
865,3278429
830,3278582
737,3278887
177,3279354
520,3279685
904,3280067
199,3280093
170,3280145
198,3280176
698,3280203
348,3280409
370,3280736
847,3280896
528,3281373
1081,3281606
175,3281611
993,3281617
447,3281860
697,3281915
758,3282103
1106,3282345
690,3282470
403,3282953
474,3283088
1099,3283163
1100,3283164
192,3283185
199,3283280
87,3283528
26,3283951
447,3284097
1081,3284144
193,3284145
194,3284146
169,3284181
62,3284431
411,3284431
1134,3284692
692,3284727
944,3284834
274,3285331
1041,3285477
169,3285535
341,3285662
342,3285663
942,3285793
445,3285886
399,3285903
964,3285921
25,3286212
56,3286368
651,3286375
175,3286645
604,3286693
175,3286865
952,3286965
1048,3287144
994,3287197
867,3287360
394,3287369
395,3287370
674,3287613
122,3287767
122,3287781
1018,3288003
688,3288113
541,3288152
542,3288153
196,3288172
270,3288299
382,3288418
125,3288604
965,3288638
570,3289056
847,3289600
973,3289646
830,3290148
847,3290307
690,3290514
692,3290774
445,3290987
447,3290989
383,3291011
197,3291222
175,3291318
447,3291402
828,3291500
1050,3291702
419,3292015
1098,3292016
541,3292148
192,3292299
193,3292300
539,3292437
1107,3293204
400,3293362
193,3293886
1134,3294028
421,3294063
199,3294223
175,3294447
370,3294581
944,3294634
541,3294643
780,3294929
1114,3295053
177,3295171
92,3295222
604,3295464
383,3295494
369,3295681
1097,3296215
254,3296385
81,3296513
444,3296518
1097,3296522
982,3296524
523,3296607
524,3296608
941,3296720
942,3296721
141,3296868
274,3296972
178,3297537
1098,3297733
941,3297779
942,3297780
975,3297799
976,3297800
977,3297801
1047,3298048
539,3298347
707,3298736
371,3298827
372,3298828
175,3298917
201,3299096
804,3299256
90,3299303
110,3299488
1009,3299934
361,3300062
170,3300309
865,3300550
866,3300551
1041,3300655
56,3300737
175,3300762
558,3300793
58,3300862
421,3301570
953,3302095
403,3302250
260,3302332
1041,3302377
198,3302424
370,3302432
196,3302987
197,3302988
198,3302989
199,3302990
558,3303191
422,3303202
122,3303643
567,3303653
412,3303728
944,3303907
197,3303993
25,3304112
539,3304164
474,3304280
1107,3304428
478,3304552
274,3304756
275,3304757
698,3305144
699,3305145
528,3305183
56,3305493
650,3305637
1047,3306071
559,3306425
447,3306544
421,3306578
905,3306667
1047,3306673
967,3306684
1114,3306712
754,3306884
940,3307251
692,3307333
1047,3307415
1048,3307416
61,3307650
59,3307799
60,3307800
567,3308133
568,3308134
1009,3308408
1010,3308409
122,3308456
542,3308467
638,3308468
566,3308576
567,3308577
568,3308578
690,3308750
199,3308895
200,3308896
61,3309250
62,3309251
411,3309251
474,3309343
196,3309825
122,3310034
456,3310408
847,3310423
194,3310478
1081,3310730
254,3310752
604,3311452
570,3311459
676,3311599
200,3311640
201,3311641
955,3311713
543,3311875
544,3311876
559,3312116
967,3312138
197,3312183
198,3312184
520,3312409
965,3312515
753,3312536
996,3312628
905,3312639
904,3312712
564,3312722
399,3312726
722,3313423
1107,3313466
270,3313728
444,3313737
56,3313955
341,3314100
342,3314101
703,3314223
704,3314224
62,3314254
411,3314254
692,3314285
956,3314492
479,3314634
479,3314731
942,3315050
855,3315327
697,3315511
904,3315708
399,3315762
400,3315763
401,3315764
399,3315862
209,3315918
539,3316015
198,3316036
56,3316177
370,3316275
905,3316283
57,3316286
542,3316493
828,3316573
754,3316888
667,3316974
953,3317039
191,3317274
154,3317540
559,3318020
688,3318096
197,3318214
87,3318371
660,3318898
274,3318947
275,3318948
539,3319049
558,3319417
541,3319689
542,3319690
169,3319808
170,3319809
199,3319893
200,3319894
209,3319921
178,3320082
698,3320083
489,3320283
736,3320318
56,3320348
1047,3320511
1048,3320512
260,3320520
674,3320541
399,3320722
178,3320891
944,3320909
982,3320915
521,3321292
269,3321302
394,3321335
1047,3321459
209,3321633
59,3321640
952,3321641
905,3321642
1134,3321859
539,3322360
400,3322363
270,3322399
96,3322413
261,3322446
567,3322490
568,3322491
576,3322664
870,3322935
96,3323109
25,3323569
26,3323570
25,3323665
26,3323666
86,3323758
196,3324092
197,3324093
1134,3324342
298,3324365
789,3324534
87,3324681
941,3324727
942,3324728
56,3324815
692,3324878
940,3325254
676,3325360
171,3325733
804,3325769
541,3325815
445,3326084
818,3326493
196,3326879
196,3327580
374,3328024
993,3328103
286,3328493
288,3328600
676,3328666
254,3329096
419,3329149
420,3329150
702,3329335
703,3329336
141,3329360
87,3329774
26,3330197
447,3330343
122,3330478
698,3330771
87,3330825
865,3330918
866,3330919
479,3330922
177,3330997
194,3331109
197,3331175
61,3331289
56,3331464
993,3331467
168,3331730
474,3331997
688,3332024
1106,3332087
170,3332159
698,3332660
274,3332665
275,3332666
965,3332808
965,3332916
692,3332989
956,3333010
1134,3333149
993,3333544
87,3333648
478,3333704
479,3333705
965,3333823
956,3334129
830,3334134
1131,3334143
855,3334176
444,3334232
445,3334233
260,3334429
698,3334815
275,3335132
171,3335439
980,3335682
275,3335789
170,3336157
125,3336233
129,3336269
1104,3336452
953,3336733
59,3336998
394,3337273
622,3337334
445,3337510
526,3337683
168,3337882
953,3337924
518,3338105
994,3338698
541,3338746
542,3338747
62,3338768
411,3338768
270,3338909
208,3338913
209,3338914
973,3339229
940,3339289
780,3339375
781,3339376
274,3339647
447,3339688
448,3339689
447,3339709
448,3339710
194,3340177
711,3340233
539,3340327
478,3340601
638,3340625
209,3340641
90,3341272
956,3341290
86,3341351
324,3341537
518,3341626
698,3341983
111,3341994
781,3342069
965,3342103
202,3342175
818,3342718
168,3342771
169,3342772
722,3342950
722,3342974
275,3343329
373,3343359
374,3343360
973,3343656
87,3343882
520,3344142
521,3344143
478,3344144
722,3344345
1047,3344717
847,3344885
141,3344896
197,3345031
141,3345135
818,3345187
699,3345223
604,3345501
169,3345600
177,3345861
539,3346009
105,3346613
637,3346733
829,3346760
638,3346844
753,3346873
288,3346905
954,3347391
955,3347392
722,3347662
336,3347803
865,3347943
445,3348173
1050,3348261
122,3348551
445,3348626
171,3348666
651,3348934
652,3348935
1100,3349053
199,3349160
209,3349430
192,3349462
571,3349522
541,3349535
194,3349674
668,3349694
595,3350099
1107,3350415
1108,3350416
275,3350459
758,3350896
520,3351559
1104,3352126
369,3352188
693,3352529
758,3352557
981,3352600
447,3352736
828,3352914
829,3352915
699,3352993
980,3353168
692,3353184
289,3353276
194,3353524
383,3353585
1106,3353676
952,3353829
1047,3353896
1048,3353978
944,3354050
967,3354253
26,3354434
56,3354679
57,3354680
168,3354846
674,3354967
942,3355002
953,3355342
954,3355343
373,3355546
374,3355547
1134,3355955
322,3356254
829,3356627
208,3356886
479,3356914
480,3356915
1074,3357145
1075,3357146
604,3357227
401,3357318
288,3357952
818,3358069
980,3358094
865,3358191
965,3358408
255,3359352
169,3359427
1081,3359639
193,3359640
1095,3359663
866,3359710
668,3359763
1072,3359875
847,3360265
722,3360267
191,3360346
904,3360455
953,3360456
956,3360517
231,3360628
445,3360799
479,3360924
878,3361257
194,3361652
25,3361807
697,3361918
1131,3362056
25,3362104
904,3362409
170,3362808
275,3362812
1106,3363002
1107,3363003
1131,3363292
973,3363840
702,3363865
703,3363866
26,3363953
169,3364098
567,3364510
201,3364923
753,3364931
995,3365070
996,3365071
997,3365072
998,3365073
324,3365074
56,3365108
688,3365308
419,3365316
954,3366004
711,3366012
830,3366024
518,3366212
274,3366313
1072,3366354
941,3366668
942,3366669
692,3366967
63,3367329
141,3367377
953,3367511
1104,3367640
973,3368350
194,3368355
368,3368886
191,3369144
804,3369682
702,3369712
158,3369741
673,3369789
176,3369879
445,3369939
61,3370048
62,3370049
411,3370049
939,3370128
940,3370129
204,3370182
220,3370238
1072,3370595
447,3370740
525,3370917
526,3370918
478,3371408
688,3371793
447,3371848
382,3371923
383,3371924
1019,3372083
419,3372128
1134,3372134
1134,3372182
447,3372214
198,3372268
1106,3372405
1107,3372406
175,3372460
570,3372494
1041,3372639
1047,3372791
64,3372966
818,3374209
342,3374363
674,3374471
194,3374548
973,3374669
964,3375653
965,3375654
444,3375903
445,3375904
208,3376806
209,3376807
781,3376886
1106,3377029
1107,3377030
651,3377309
61,3377331
209,3377357
690,3377821
198,3378098
25,3378196
953,3378232
905,3378421
275,3378559
478,3378603
1107,3378899
1041,3379154
652,3379156
1098,3379558
399,3379576
400,3379577
194,3379706
456,3379725
386,3379969
474,3380075
1097,3380173
973,3380315
698,3380478
25,3380531
1098,3380934
528,3381007
288,3381067
973,3381129
500,3381166
383,3381205
61,3381228
198,3381234
192,3381434
866,3381457
1072,3381519
396,3381543
1089,3381543
566,3382103
567,3382104
964,3382215
965,3382216
1104,3382218
828,3382263
175,3382497
539,3382541
953,3382657
818,3382712
479,3382786
564,3382927
944,3382948
168,3383358
220,3383513
175,3384013
517,3384093
86,3384373
192,3384692
1134,3385101
952,3385149
905,3385150
622,3385190
288,3385322
690,3385596
198,3385671
576,3385787
275,3385956
655,3386067
576,3386079
88,3386150
89,3386151
90,3386152
478,3386261
269,3386377
474,3386499
260,3386823
261,3386824
976,3386979
953,3387031
56,3387152
818,3387210
541,3387669
474,3387701
169,3387720
660,3387818
520,3387934
567,3388138
568,3388139
1107,3388270
829,3388461
447,3388474
448,3388475
394,3388907
395,3388908
270,3388909
168,3389265
169,3389266
170,3389267
698,3389295
1047,3389554
754,3389601
539,3389630
61,3389647
62,3389648
411,3389648
630,3389956
1041,3389975
865,3390212
87,3390247
965,3390345
1041,3390467
1072,3390634
1131,3390683
192,3390735
674,3390893
944,3390990
804,3391189
1106,3391685
1134,3391834
697,3391914
479,3392072
1134,3392191
1047,3392620
88,3392830
89,3392831
90,3392832
91,3392903
92,3392904
847,3393519
980,3394088
61,3394710
567,3394851
952,3395081
737,3395254
722,3396135
175,3396300
176,3396301
855,3396396
56,3396428
673,3396575
973,3396675
447,3397306
111,3397429
965,3397510
1104,3397512
1047,3397676
1048,3397677
208,3397762
204,3397853
61,3398105
171,3398171
692,3398241
693,3398242
659,3398621
940,3398721
994,3398801
122,3398816
370,3398979
371,3398980
967,3398981
269,3399089
87,3399117
953,3399248
942,3400021
690,3400023
478,3400143
954,3400173
177,3400696
178,3400697
590,3400732
1047,3400760
361,3400901
828,3401351
829,3401352
288,3401538
693,3401637
343,3402059
288,3402222
168,3402325
651,3402378
965,3402770
688,3402814
81,3403135
196,3403533
382,3403952
383,3403953
178,3403989
698,3403990
699,3403991
57,3404018
543,3404264
370,3404269
1104,3404542
1041,3404590
604,3404903
576,3405023
905,3405408
445,3405541
692,3405562
693,3405563
866,3406077
230,3406111
917,3406190
191,3406222
56,3406246
286,3406248
690,3406469
994,3406721
231,3406741
232,3406742
955,3407114
866,3407312
62,3407359
411,3407359
541,3407541
1134,3407987
86,3408069
994,3408089
520,3408243
270,3408263
830,3408529
89,3408589
953,3408648
955,3408757
604,3408842
993,3408885
541,3408964
231,3409653
1106,3409660
1036,3409797
967,3409798
622,3409813
523,3409980
194,3410328
81,3410400
92,3410424
818,3410468
917,3410519
361,3410940
447,3410970
944,3411052
523,3411178
994,3411496
87,3411566
847,3411748
542,3411932
191,3411958
567,3412242
698,3412550
1041,3412715
994,3412909
955,3412968
400,3413026
298,3413271
758,3413357
169,3413585
604,3413968
122,3414106
847,3414171
445,3414329
652,3414471
589,3414705
169,3414745
716,3414864
717,3414865
996,3414980
517,3415080
288,3415275
56,3415579
286,3415581
287,3415582
288,3415583
722,3415771
955,3415986
63,3416236
710,3416521
954,3416581
952,3416978
830,3417254
111,3417419
995,3417773
996,3417774
1097,3417797
420,3417798
419,3417854
1115,3418079
637,3418350
866,3418505
401,3418792
994,3418837
828,3418905
944,3418916
847,3418971
690,3419098
56,3419372
955,3419465
474,3419559
518,3419804
541,3420266
175,3420308
56,3420312
1097,3420427
420,3420428
994,3420629
995,3420630
996,3420631
980,3420733
980,3421041
348,3421297
847,3421662
781,3422167
690,3422168
692,3422170
994,3422255
1073,3422284
175,3422290
260,3422337
980,3422383
1072,3422401
952,3422555
447,3422694
964,3423126
944,3423137
828,3423214
829,3423215
421,3423463
953,3423563
541,3424072
829,3424108
828,3424210
828,3424233
829,3424234
141,3424641
57,3424651
421,3424691
660,3424772
544,3424924
692,3424935
197,3425297
368,3425527
847,3425584
26,3425678
692,3425908
274,3426039
818,3426049
944,3426209
714,3426318
478,3426330
828,3426548
169,3426644
170,3426828
194,3426838
541,3427005
542,3427006
63,3427239
722,3427247
1018,3427295
361,3427633
447,3427663
89,3427798
169,3427901
170,3427902
698,3428171
714,3428255
758,3428575
473,3428734
474,3428735
541,3428997
653,3429061
480,3429454
382,3429546
1104,3429548
830,3429676
479,3429913
62,3430099
411,3430099
196,3430431
1104,3430675
194,3431060
865,3431137
866,3431138
539,3431654
541,3431656
865,3431676
942,3431715
75,3431781
866,3431911
867,3431912
571,3432220
865,3432360
866,3432361
867,3432362
847,3432411
89,3432443
917,3432530
479,3432776
122,3432857
81,3432973
829,3432978
479,3433028
980,3433403
421,3433881
111,3433937
336,3433973
804,3434018
865,3434044
539,3434079
61,3434102
62,3434103
411,3434103
571,3434199
275,3434300
201,3434385
622,3434598
382,3434781
1104,3434783
474,3434824
87,3434826
288,3435366
917,3435428
917,3435429
201,3435508
382,3435537
204,3436073
201,3436181
399,3436536
400,3436537
541,3436652
122,3437253
169,3437822
274,3438322
604,3438728
973,3438754
688,3439006
1047,3439062
383,3439111
973,3439558
688,3439626
965,3440023
688,3440076
517,3440119
419,3440272
420,3440273
421,3440274
61,3440380
62,3440381
411,3440381
198,3440646
994,3440888
692,3441572
141,3441689
479,3441716
692,3441828
198,3442231
199,3442232
829,3442356
980,3442468
542,3442688
382,3442712
967,3442714
943,3442729
944,3442730
638,3442853
867,3442979
980,3442993
1073,3443257
334,3443323
335,3443324
865,3443950
1097,3444348
1098,3444349
277,3444378
169,3444442
170,3444443
171,3444444
558,3444685
559,3444686
1103,3444694
25,3444932
567,3445013
874,3445218
1047,3445387
288,3445427
274,3445465
196,3445680
541,3445691
96,3445747
697,3445994
1095,3446028
788,3446396
541,3446400
542,3446401
690,3446430
660,3446669
818,3446695
289,3446879
521,3447060
478,3447061
528,3447449
456,3447558
904,3447563
322,3448013
323,3448014
324,3448015
994,3448019
994,3448105
995,3448106
996,3448107
474,3448203
197,3448833
193,3448881
1104,3448889
874,3449429
334,3449599
111,3449678
1047,3449819
918,3449830
197,3449997
88,3450096
111,3450164
141,3450310
964,3450398
965,3450399
651,3450492
722,3450631
830,3450747
754,3451024
261,3451149
964,3451158
867,3451420
704,3451751
604,3451915
676,3451934
688,3452027
941,3452267
942,3452268
1097,3452280
1047,3452358
722,3452460
865,3452955
394,3452985
904,3453126
1106,3453353
420,3453464
1047,3453486
604,3453568
191,3453581
523,3453666
260,3453764
688,3453766
956,3453820
201,3453924
866,3453944
867,3453945
122,3454154
194,3454276
195,3454277
196,3454278
474,3454897
976,3454944
977,3454945
110,3455090
637,3455136
690,3455155
847,3455207
1104,3455950
865,3456108
176,3456201
571,3456372
386,3456447
168,3456586
571,3456636
604,3457020
754,3457243
111,3457279
1134,3457281
1135,3457282
422,3457366
56,3457662
830,3458188
829,3458208
169,3458302
829,3458398
829,3458430
1072,3458435
1134,3458496
111,3458990
944,3459056
1072,3459063
286,3459565
56,3459770
111,3460052
830,3460084
956,3460331
867,3460494
90,3460498
722,3460598
62,3460799
411,3460799
1072,3460844
1097,3461113
420,3461114
566,3461222
567,3461223
445,3461546
904,3461933
158,3462230
197,3462305
1104,3462494
1106,3462496
444,3462562
445,3462563
478,3462594
1131,3462598
122,3462627
690,3462856
445,3462883
975,3462943
976,3462944
977,3462945
818,3463347
604,3463488
830,3463861
191,3464088
192,3464089
383,3464203
62,3464404
411,3464404
386,3464546
44,3464549
736,3464563
737,3464564
1041,3464569
1081,3464637
288,3464647
111,3464687
604,3464771
1121,3464789
254,3464882
690,3465089
138,3465128
604,3465143
61,3465393
62,3465394
411,3465394
63,3465395
688,3465401
965,3465796
973,3465870
447,3466088
194,3466328
955,3466510
528,3466738
177,3466794
178,3466795
474,3467067
1113,3467112
177,3467359
275,3467420
1018,3467682
692,3467766
693,3467767
197,3467775
674,3467823
419,3467836
518,3467855
325,3468100
804,3468241
870,3468787
336,3468941
942,3469127
690,3469129
447,3469621
269,3469630
270,3469631
622,3469924
942,3469934
193,3470082
325,3470410
567,3470786
804,3470853
1109,3470950
1095,3471348
539,3471584
399,3471587
370,3471660
62,3471903
411,3471903
952,3471919
175,3472134
690,3472696
692,3472698
917,3472942
917,3472943
917,3472944
110,3472973
541,3473083
334,3473322
917,3473325
917,3473344
368,3473458
622,3473560
944,3473679
57,3473689
1115,3473796
788,3473884
980,3473980
650,3474074
651,3474075
965,3474309
829,3474548
830,3474549
904,3474738
905,3474739
342,3474767
111,3474813
652,3474872
444,3476076
622,3476182
623,3476183
542,3476538
1073,3476750
520,3476858
445,3476910
447,3476912
722,3477113
262,3477214
944,3477767
260,3477958
1064,3478111
558,3478804
254,3478912
255,3478913
520,3479225
254,3479537
277,3479655
88,3480040
270,3480184
830,3480194
693,3480388
1047,3480510
520,3480926
638,3480927
89,3481918
169,3482021
170,3482022
399,3482199
994,3482310
847,3482562
542,3482746
191,3482772
567,3483056
698,3483364
818,3483563
697,3483572
698,3483573
81,3483856
1107,3484274
965,3484292
1104,3484294
690,3484402
111,3484735
177,3484740
61,3484969
981,3485153
697,3485166
698,3485167
447,3485297
572,3485334
595,3485429
964,3485487
1106,3485542
1107,3485543
965,3485571
659,3485694
558,3485833
559,3485834
1047,3485838
693,3485954
197,3486010
61,3486088
62,3486089
411,3486089
198,3486227
199,3486228
994,3486242
526,3486469
334,3486494
528,3486575
61,3486680
62,3486681
411,3486681
688,3486834
25,3486892
61,3487054
622,3487238
87,3487320
343,3487681
818,3488636
1113,3489094
688,3489342
521,3489361
835,3489537
444,3489612
445,3489613
111,3489764
1112,3489805
572,3490526
61,3490685
62,3490686
411,3490686
197,3491106
955,3491439
25,3491696
758,3491754
956,3491985
957,3491986
659,3492326
288,3492595
25,3492749
26,3492750
690,3492791
558,3493181
87,3493203
975,3493642
976,3493643
977,3493644
676,3493847
61,3493978
62,3493979
411,3493979
976,3494187
977,3494188
944,3494392
61,3494835
542,3494926
1121,3495282
1047,3495303
394,3495430
395,3495431
818,3495558
697,3495720
520,3495868
638,3495869
542,3496450
622,3496466
942,3496638
88,3496653
952,3496761
1047,3496825
275,3496914
89,3497154
967,3497187
220,3497644
688,3497662
88,3497672
89,3497673
90,3497674
325,3497780
498,3497834
141,3497840
448,3497882
690,3497936
977,3498169
59,3498563
973,3498666
952,3498743
977,3498993
690,3499184
818,3499322
722,3499413
25,3499566
541,3499781
542,3499782
956,3499804
976,3499985
977,3499986
474,3500393
170,3500540
171,3500541
56,3500602
828,3500704
829,3500705
56,3501052
57,3501190
870,3501211
528,3501430
1047,3501451
804,3501770
274,3501791
275,3501792
276,3501793
382,3501849
692,3501856
996,3501884
997,3501885
998,3501886
324,3501887
89,3501978
64,3502208
61,3502347
942,3502509
690,3502511
916,3502809
688,3502811
866,3502973
523,3502976
177,3503012
1081,3503186
576,3503214
423,3503496
270,3503591
111,3503730
690,3503890
277,3504018
274,3504314
998,3504332
324,3504333
980,3504399
981,3504400
722,3504566
520,3504841
254,3505401
255,3505402
270,3505775
25,3505827
122,3505930
386,3506152
980,3506168
270,3506195
373,3506608
374,3506609
622,3507007
122,3507226
122,3507620
917,3507627
917,3507628
275,3507705
62,3508053
411,3508053
445,3508185
1081,3508567
62,3508668
411,3508668
1099,3508708
444,3508730
64,3508787
61,3509224
62,3509225
411,3509225
830,3509641
994,3509927
110,3509965
111,3509966
289,3510299
541,3510324
849,3510587
866,3510671
994,3510840
88,3510859
89,3510860
105,3510980
399,3511199
874,3511615
1072,3511675
368,3511690
369,3511691
194,3511942
866,3511996
867,3511997
57,3512441
499,3512782
704,3512860
1097,3512873
780,3513143
788,3513196
62,3513342
411,3513342
521,3513527
567,3513891
568,3513892
736,3513921
737,3513922
61,3513960
829,3514103
944,3514305
125,3514315
25,3514645
342,3514774
693,3514864
400,3514902
401,3514903
122,3515186
604,3515227
955,3515331
373,3515542
175,3515702
541,3515954
542,3515955
110,3515970
576,3516125
866,3516451
382,3516657
288,3516789
288,3516941
905,3517083
57,3517086
558,3517107
559,3517108
1009,3517121
1010,3517122
194,3517304
697,3517540
955,3517850
942,3517964
605,3517990
192,3518047
818,3518141
758,3518217
967,3518423
201,3518445
1106,3518462
61,3518639
62,3518640
411,3518640
539,3518777
541,3518893
110,3518913
371,3518915
967,3518916
952,3519039
26,3519283
697,3519348
566,3519378
195,3519428
829,3519515
830,3519516
57,3519762
58,3519763
59,3519764
952,3519765
530,3520055
952,3520139
445,3520651
57,3520924
288,3521067
447,3521070
448,3521071
590,3521256
368,3521257
369,3521258
370,3521259
111,3521499
1041,3521524
788,3521644
87,3521686
829,3521719
543,3521728
560,3522305
638,3522369
374,3522407
967,3522484
829,3522503
955,3522585
965,3523109
1041,3523490
652,3523492
847,3523502
261,3523627
125,3523754
1047,3523907
753,3524310
1041,3524541
944,3524590
704,3524958
994,3525073
622,3525204
1114,3525226
342,3525494
371,3525682
967,3525683
650,3525692
1072,3525942
955,3526124
528,3526346
56,3526632
57,3526633
1073,3527027
713,3527620
714,3527621
198,3528145
374,3528214
669,3528238
670,3528239
660,3528320
194,3528384
195,3528385
829,3528488
209,3529034
61,3529232
62,3529233
411,3529233
828,3529354
829,3529355
1114,3529612
1115,3529613
828,3529867
829,3529868
830,3529869
526,3530274
286,3530314
334,3530408
804,3530410
274,3530455
275,3530456
270,3530485
57,3530767
788,3531074
956,3531686
957,3531687
191,3531754
622,3531880
623,3531881
382,3532176
383,3532177
26,3532386
447,3532532
1134,3532641
26,3533465
274,3533590
692,3533629
693,3533630
420,3533678
447,3533968
1134,3534029
323,3534032
324,3534033
191,3534190
866,3534317
804,3534525
828,3534682
829,3534683
523,3534823
403,3535517
638,3535634
905,3536193
622,3536408
342,3537051
275,3537189
288,3537523
289,3537524
178,3537564
698,3537565
341,3537791
342,3537792
275,3537924
969,3537996
956,3538066
864,3538616
199,3538707
200,3538708
201,3538709
994,3538818
659,3538976
810,3539325
965,3539849
191,3540058
192,3540059
956,3540066
479,3540628
474,3541026
541,3541268
170,3541596
288,3542009
63,3542036
275,3542252
60,3542370
755,3542815
175,3542892
474,3542925
111,3543180
199,3543631
92,3543758
153,3543995
348,3544518
479,3544800
478,3545210
1131,3545506
649,3545534
699,3545692
1047,3546241
370,3546267
830,3546381
956,3546460
61,3546706
941,3546901
942,3546902
690,3546904
953,3547133
590,3547281
394,3547403
828,3547735
559,3547855
447,3548125
448,3548126
828,3548361
693,3548437
967,3548452
828,3548496
97,3548515
1134,3548536
559,3548619
539,3548907
638,3548910
87,3549694
940,3549963
479,3549993
500,3550049
758,3550084
864,3550139
444,3550155
710,3550379
711,3550380
386,3550561
830,3550760
57,3551379
194,3551412
622,3551419
953,3551789
758,3551854
141,3552398
288,3552420
370,3552478
829,3552759
576,3552796
1106,3552861
692,3552869
693,3552870
270,3553178
194,3553350
208,3553499
698,3553588
153,3553720
904,3553920
1113,3553978
444,3554015
170,3554098
866,3554315
479,3554318
255,3554411
59,3554429
952,3554430
373,3554590
374,3554591
965,3554614
447,3554674
456,3554707
191,3555173
192,3555174
396,3555244
1089,3555244
1072,3555317
967,3555334
690,3555444
829,3555561
878,3555721
25,3555828
539,3555873
690,3555888
976,3555898
977,3555899
710,3556161
651,3557305
138,3557452
917,3557492
943,3557546
169,3557552
199,3557631
572,3557654
57,3557998
781,3558025
175,3558214
1081,3558366
866,3558711
382,3558894
383,3558895
788,3558908
955,3558922
622,3558957
141,3559086
849,3559250
1134,3559320
176,3559748
994,3559794
542,3559956
288,3559992
448,3560107
526,3560298
394,3560412
395,3560413
270,3560414
1036,3560546
967,3560547
722,3560906
192,3560962
566,3561090
567,3561091
110,3561395
964,3561877
965,3561878
1104,3561880
867,3562244
975,3562246
976,3562247
977,3562248
129,3562262
177,3562454
1108,3562619
25,3563067
529,3563334
651,3563340
87,3563373
1073,3563559
1134,3563899
270,3564050
942,3564117
194,3564200
539,3564308
444,3564748
122,3564876
199,3564948
200,3564949
141,3565101
288,3565227
781,3565328
474,3565886
479,3566333
1106,3566354
1107,3566355
191,3566592
334,3566802
335,3566803
445,3566877
447,3566879
448,3566880
444,3566902
473,3567040
194,3567175
479,3567210
1050,3567359
692,3567600
474,3567682
475,3567683
199,3567753
200,3567754
676,3567796
520,3567934
111,3568003
566,3568166
1047,3568249
1048,3568250
111,3568570
260,3568613
1081,3568786
693,3569014
967,3569304
201,3569353
370,3569377
953,3569527
955,3569589
1113,3569601
373,3569800
374,3569801
445,3569906
967,3570477
193,3570606
255,3570658
905,3570886
692,3571274
674,3571425
559,3571707
973,3571755
804,3571834
539,3571845
200,3571876
651,3571933
177,3571965
702,3572223
865,3572486
866,3572487
274,3572721
61,3572839
965,3573122
448,3573321
830,3573397
955,3573693
193,3573892
690,3573914
693,3573960
1106,3574227
1107,3574228
956,3574309
570,3574544
980,3575175
209,3575196
111,3575386
1047,3575423
386,3575465
870,3575646
423,3575665
1041,3575858
835,3575863
528,3575980
1047,3576065
1009,3576420
1010,3576421
25,3576455
26,3576456
690,3576601
274,3576704
56,3576960
383,3576963
125,3577038
57,3577084
525,3577130
526,3577131
527,3577132
528,3577133
529,3577134
196,3577523
197,3577524
274,3577549
973,3577591
559,3577908
622,3578016
201,3578054
638,3578208
276,3578275
1114,3578356
169,3578532
445,3578556
478,3578628
394,3578701
395,3578702
905,3578812
334,3578885
87,3579129
944,3579209
479,3579227
568,3579434
569,3579435
194,3579600
286,3579744
1131,3580356
177,3580452
169,3580511
199,3580566
965,3580592
386,3580603
941,3580621
479,3580656
478,3580686
445,3580716
566,3581680
567,3581681
568,3581682
176,3581821
158,3581900
193,3582073
564,3582343
690,3582387
177,3582533
975,3582604
976,3582605
977,3582606
167,3582692
57,3583238
201,3584335
996,3584472
542,3584539
524,3584558
520,3584680
653,3584790
201,3584912
122,3584961
336,3585420
111,3585469
474,3585586
835,3585604
942,3585777
177,3586088
325,3586154
1134,3586160
25,3586516
88,3586694
711,3586723
1090,3586937
171,3586955
829,3587395
789,3587534
104,3587627
176,3587672
829,3587708
1097,3587920
194,3588055
943,3588218
1106,3588253
1041,3588471
25,3588675
830,3588774
711,3588828
26,3589058
141,3589347
1072,3589433
220,3589587
88,3589617
89,3589618
90,3589619
965,3590418
154,3590637
61,3590994
479,3591028
1104,3591096
423,3591682
168,3591883
194,3591895
195,3591896
196,3591897
1106,3592020
659,3592060
939,3592272
940,3592273
542,3592280
673,3592422
975,3592440
541,3592511
542,3592512
571,3592660
673,3593000
865,3593207
383,3593557
1036,3593972
372,3593973
698,3594000
964,3594049
1018,3594428
445,3594786
274,3594912
152,3594954
445,3595109
1072,3595127
942,3595132
204,3595193
604,3595402
122,3595541
1104,3595617
192,3595834
736,3595933
1041,3595973
56,3596013
57,3596014
1107,3596071
158,3596133
434,3596137
382,3596576
177,3596701
178,3596702
543,3596725
847,3596778
122,3597212
595,3597219
480,3597247
518,3597261
1073,3597392
953,3597433
965,3597582
209,3597718
1134,3597772
25,3597815
26,3597816
865,3597891
61,3598004
62,3598005
411,3598005
755,3598095
1008,3598122
544,3598216
56,3598476
57,3598477
56,3598676
274,3599138
941,3599151
589,3599227
274,3599249
194,3599274
195,3599275
576,3599315
1113,3599722
905,3599744
57,3599747
25,3599842
690,3600000
659,3600220
62,3600464
411,3600464
1081,3600494
830,3600502
789,3600557
520,3600605
638,3600606
58,3600654
196,3600870
197,3600871
198,3600872
199,3600873
200,3600874
169,3601062
170,3601063
1115,3601117
829,3601322
981,3601393
982,3601394
980,3601676
1073,3601710
993,3601713
994,3601714
651,3602314
517,3602437
518,3602438
230,3602450
231,3602451
567,3602556
568,3602557
62,3603054
411,3603054
63,3603055
690,3603251
286,3603735
447,3603761
1097,3603777
230,3603778
231,3603779
199,3604488
847,3604495
604,3604574
198,3604710
957,3605126
198,3605205
199,3605206
474,3605342
674,3605418
1047,3605548
704,3605626
866,3605803
867,3605804
638,3605854
444,3605926
401,3606293
1134,3606744
570,3606770
804,3606803
201,3607030
270,3607041
122,3607343
952,3607547
125,3607688
673,3607932
61,3608909
754,3609577
651,3609986
944,3610023
980,3610066
981,3610067
866,3610131
590,3610241
382,3610372
967,3610374
275,3610546
342,3610588
1131,3611101
953,3611242
523,3611382
478,3611547
56,3611669
201,3612125
965,3612177
604,3612577
965,3612962
1104,3612964
953,3613174
88,3613253
89,3613254
500,3613269
847,3613381
1134,3613923
192,3613981
917,3614076
688,3614078
980,3614215
200,3614242
201,3614243
570,3614399
878,3614447
524,3614568
967,3614751
955,3615103
956,3615104
605,3615157
269,3615243
567,3615391
944,3615568
954,3616213
955,3616214
996,3616373
567,3616426
567,3616530
944,3616589
201,3616661
90,3616835
520,3616853
175,3617211
942,3617422
964,3617671
56,3617700
57,3617701
542,3617979
905,3618016
1072,3618161
61,3618405
917,3618450
1115,3618500
528,3618521
1072,3618543
1073,3618544
444,3618728
1134,3618764
61,3618892
57,3618944
1009,3618972
1010,3618973
676,3619019
209,3619301
660,3619401
1134,3619600
195,3619787
964,3620035
361,3620071
542,3620150
208,3620194
209,3620195
195,3620383
953,3620454
1114,3620474
1115,3620475
523,3620539
58,3620602
980,3621012
175,3621340
422,3621507
270,3621546
176,3621562
288,3621588
690,3621816
518,3621830
122,3621866
261,3621935
953,3622206
444,3622490
191,3622519
192,3622520
193,3622521
1134,3622775
674,3622897
92,3622957
141,3623078
973,3623249
86,3623314
904,3623405
828,3623543
829,3623544
692,3623646
542,3623728
201,3623763
830,3624043
1001,3624417
994,3624612
995,3624613
996,3624614
688,3624871
523,3624886
994,3625040
56,3625340
231,3625402
122,3625577
564,3625894
1114,3626065
434,3626524
541,3626696
194,3626976
480,3627607
274,3627818
1112,3627858
539,3627956
196,3628144
542,3628267
324,3628595
370,3628800
659,3628819
651,3628822
652,3628823
542,3629298
576,3629618
539,3629998
847,3630016
254,3630181
368,3630201
369,3630202
1108,3630256
386,3630288
419,3630478
479,3630867
953,3630913
1115,3630919
1072,3631181
676,3631656
92,3631686
829,3631948
170,3631977
199,3632455
200,3632456
201,3632457
590,3632588
692,3632616
541,3632790
690,3632797
192,3633064
1012,3633071
955,3633094
444,3633209
445,3633210
194,3633613
722,3633706
382,3633739
967,3633741
754,3634164
668,3634185
944,3634244
692,3634313
559,3634333
559,3634484
342,3634620
370,3634923
660,3635567
1041,3635716
558,3635973
420,3636042
255,3636164
447,3636181
382,3636190
1104,3636192
199,3636964
652,3636970
255,3637043
445,3637057
955,3637192
1134,3637330
965,3637545
940,3637661
818,3637915
394,3638306
122,3638795
604,3638801
197,3638907
965,3638920
965,3639118
651,3639183
1110,3639232
866,3639350
262,3639617
56,3639639
57,3639640
623,3639713
526,3639900
651,3639970
177,3640122
324,3640303
818,3640328
690,3640389
399,3640839
400,3640840
374,3640945
197,3641076
559,3641431
560,3641432
1047,3641598
524,3641821
473,3641935
955,3642044
558,3642603
63,3642676
361,3643081
370,3643159
878,3643233
386,3643547
674,3643554
199,3643678
904,3643765
141,3643879
722,3643988
447,3644183
479,3644268
168,3644353
1072,3644466
994,3644850
530,3644944
200,3645183
541,3645258
521,3645382
478,3645383
905,3645647
541,3645667
63,3645671
175,3645952
288,3646081
1134,3646225
175,3646392
373,3646398
374,3646399
964,3646404
965,3646405
370,3646602
1100,3646881
1101,3646882
62,3646956
411,3646956
847,3647140
690,3647732
1047,3647878
447,3647920
57,3648009
542,3648071
638,3648072
697,3648191
942,3648551
866,3648835
867,3648836
57,3649039
480,3649093
197,3649119
479,3650208
201,3650388
447,3650392
865,3650451
722,3650774
419,3650889
401,3651060
692,3651377
541,3651428
197,3651716
447,3651788
122,3651821
200,3652001
818,3652170
274,3652293
141,3652321
520,3652508
692,3652545
781,3652649
270,3652658
942,3652684
952,3652891
382,3652959
953,3653763
638,3654011
197,3654094
169,3654319
62,3654836
411,3654836
982,3654978
269,3655060
348,3655639
201,3655663
941,3655744
479,3655996
1018,3656154
994,3656329
193,3656407
270,3656529
967,3656685
1008,3656689
973,3657234
254,3657424
520,3657499
638,3657500
847,3657503
394,3657960
395,3657961
194,3658061
965,3658085
447,3658727
1047,3658775
673,3659187
1072,3659744
111,3659767
994,3659775
192,3659846
399,3659931
400,3659932
419,3659951
1098,3659952
980,3660076
60,3660103
421,3660112
201,3660164
202,3660165
361,3660245
275,3660426
370,3660862
274,3660893
478,3660951
479,3660952
977,3661112
274,3661208
474,3661525
567,3661928
568,3661929
539,3661963
604,3662319
96,3662436
520,3662459
638,3662460
651,3662593
941,3662853
202,3662884
521,3663906
141,3664057
474,3664211
638,3664429
692,3665013
175,3665345
828,3665577
829,3665578
940,3665844
518,3665982
998,3666227
324,3666228
1113,3666265
539,3666338
541,3666340
1115,3666392
753,3666435
1097,3666560
56,3666784
1107,3666814
110,3666860
111,3666861
1001,3667095
275,3667251
56,3667387
1108,3667525
952,3667544
905,3667545
202,3667621
176,3667772
692,3668011
829,3668177
737,3668333
944,3668340
693,3668626
208,3668770
692,3669036
566,3669763
567,3669764
568,3669765
419,3670033
230,3670034
59,3670577
673,3670804
847,3671053
976,3671212
977,3671213
370,3671348
541,3671408
448,3671496
336,3672079
973,3672197
169,3672462
1108,3673314
829,3673351
804,3673489
153,3673742
59,3673825
952,3673826
474,3673833
965,3673958
965,3674213
965,3675147
90,3675245
965,3675266
434,3675382
169,3675438
690,3675465
177,3675506
541,3675762
994,3675835
197,3676048
944,3676816
520,3677099
399,3677337
25,3677356
690,3677512
1113,3677602
539,3677742
86,3678056
541,3678301
169,3678423
456,3678505
141,3678638
660,3678669
692,3678790
693,3678791
153,3679038
168,3679278
169,3679279
1047,3679293
1097,3679468
1098,3679469
1099,3679470
1100,3679471
690,3679606
61,3679683
62,3679684
411,3679684
444,3679952
274,3680544
790,3680960
521,3681074
169,3681247
198,3681465
199,3681466
542,3681473
521,3681474
478,3681475
122,3681854
965,3682021
711,3682138
542,3682277
1081,3682786
178,3682829
57,3682958
175,3683030
1108,3683186
996,3683335
383,3683639
370,3683999
111,3684332
754,3684791
944,3685019
232,3685110
692,3685385
158,3685397
995,3685572
996,3685573
542,3685642
541,3685781
63,3685785
965,3685863
559,3686096
61,3686259
122,3686527
576,3686610
445,3686647
1072,3686742
449,3687098
57,3687383
444,3687507
141,3687771
693,3687812
942,3687970
475,3688094
63,3688098
62,3688207
411,3688207
445,3688236
270,3688321
710,3688496
866,3688910
478,3689021
1047,3689198
1111,3689662
956,3689701
88,3690158
89,3690159
154,3690214
155,3690215
194,3690401
386,3690652
175,3690780
1100,3691300
445,3691495
828,3691716
829,3691717
1081,3691906
1073,3691988
788,3692077
382,3693270
965,3693336
370,3693356
56,3693382
1131,3693424
254,3693458
973,3693523
944,3693529
368,3693542
369,3693543
952,3693563
953,3693564
269,3693609
447,3693612
370,3693818
964,3693988
904,3694180
419,3694182
1098,3694183
87,3695127
370,3695403
382,3695554
444,3695932
956,3696168
474,3696325
447,3696515
905,3696620
780,3696625
197,3696860
177,3696920
942,3696929
1104,3697043
1106,3697045
1107,3697046
692,3697122
865,3697201
866,3697202
867,3697203
479,3697216
973,3697240
447,3697668
448,3697669
168,3697793
525,3698096
526,3698097
61,3698552
1104,3698705
1106,3698707
964,3698905
965,3698906
169,3698996
56,3699166
57,3699167
865,3699390
370,3699578
176,3699756
177,3699757
178,3699758
698,3699759
175,3700329
447,3700530
576,3700779
559,3700827
170,3701422
254,3701684
653,3701754
361,3701865
542,3701989
975,3701992
976,3701993
977,3701994
690,3702359
558,3702491
559,3702492
865,3702693
520,3702768
956,3702977
969,3703182
399,3703289
1097,3703499
230,3703500
231,3703501
542,3703633
638,3703634
542,3703946
122,3704057
952,3704218
576,3704518
964,3704679
967,3705044
630,3705394
169,3705742
754,3705781
325,3705865
199,3705898
1072,3706033
334,3706759
335,3706760
372,3706792
981,3706852
982,3706853
1095,3706956
830,3707084
520,3707645
638,3707646
170,3707682
198,3707944
870,3708049
812,3708486
813,3708487
965,3708574
59,3708780
952,3708781
693,3708846
255,3709173
348,3709332
688,3709362
111,3709410
170,3709526
444,3709833
448,3710096
178,3710113
419,3710365
286,3710590
781,3710619
722,3710856
944,3710968
722,3710995
668,3711011
692,3711124
865,3711348
382,3711469
383,3711470
447,3711472
566,3711507
567,3711508
382,3711665
383,3711666
904,3711704
56,3711788
828,3712094
829,3712095
1114,3712154
829,3712505
370,3712732
371,3712733
967,3712734
370,3712984
697,3713394
541,3713490
542,3713491
220,3713846
528,3713851
445,3713864
542,3713877
543,3713878
904,3714226
905,3714227
209,3714493
1008,3714530
542,3714883
917,3715289
154,3715670
847,3716001
995,3716014
996,3716015
197,3716314
370,3716493
399,3716633
1134,3716714
88,3717077
386,3717127
178,3717358
698,3717359
191,3717382
954,3717501
370,3717777
371,3717778
967,3717779
86,3717977
87,3717978
275,3718097
270,3718223
270,3718460
196,3718526
864,3718533
542,3718544
638,3718545
56,3718551
57,3718552
956,3718969
288,3719001
274,3719048
275,3719049
698,3719169
479,3719262
254,3719370
590,3719431
847,3719602
270,3719690
1047,3719870
192,3720064
1081,3720128
274,3720380
973,3720409
542,3720669
638,3720670
86,3720790
804,3721050
758,3721574
286,3721753
590,3721928
368,3721929
698,3722091
59,3722170
952,3722171
1104,3722217
703,3722311
704,3722312
220,3722363
956,3722422
63,3722526
956,3722656
270,3722764
168,3722899
964,3723106
965,3723107
994,3723416
1115,3723518
373,3723551
518,3723732
60,3724099
692,3724571
693,3724572
25,3724785
361,3725037
447,3725168
448,3725169
956,3725190
980,3725254
698,3725342
342,3725573
1073,3725774
445,3726164
92,3726308
288,3726449
1018,3726862
87,3726978
444,3727075
25,3727197
566,3727630
567,3727631
568,3727632
566,3727909
399,3727915
400,3727916
401,3727917
529,3728007
209,3728489
710,3728581
269,3728620
270,3728621
529,3728829
201,3728955
25,3729019
444,3729061
753,3729302
361,3729462
830,3729663
818,3729670
192,3730126
288,3730234
539,3730593
1106,3730762
692,3730779
445,3731120
122,3731189
194,3731365
122,3731377
192,3731409
500,3731900
201,3731943
964,3732331
688,3732726
917,3732863
688,3732865
141,3732900
1134,3732937
122,3732985
479,3733193
341,3733246
342,3733247
558,3733435
559,3733436
270,3733510
692,3733594
688,3733650
447,3734031
170,3734075
447,3734303
176,3734644
676,3734932
544,3735018
904,3735029
169,3735067
847,3735256
693,3735259
1134,3735318
692,3735587
197,3735821
943,3735992
944,3735993
270,3736096
952,3736146
348,3736372
334,3736928
604,3737031
829,3737845
830,3737846
175,3737850
940,3737898
403,3737992
952,3738352
956,3738643
275,3738761
944,3738783
855,3738805
940,3738834
965,3738960
152,3739447
711,3739609
952,3739611
698,3740027
178,3740067
1072,3740186
956,3740267
195,3740282
559,3740372
288,3740454
517,3740598
342,3740644
571,3740808
1097,3740823
230,3740824
576,3741085
412,3741213
348,3741552
274,3741572
275,3741573
342,3742206
382,3742337
520,3742340
87,3742522
952,3742615
25,3743301
56,3743311
197,3743809
199,3744287
56,3744547
737,3745080
192,3745336
690,3745435
604,3745458
964,3745669
965,3745670
92,3745811
111,3745899
940,3745930
445,3746031
967,3746411
370,3746430
479,3746561
175,3746566
61,3746885
122,3747060
1018,3747140
56,3747437
373,3747532
374,3747533
965,3748298
818,3748508
168,3748678
169,3748679
952,3748718
866,3749250
867,3749251
199,3749280
622,3749492
138,3749502
965,3749561
348,3749587
781,3749591
698,3749726
964,3749749
965,3749786
944,3749850
866,3750366
867,3750367
956,3750617
195,3750635
196,3750636
197,3750637
198,3750638
559,3750989
722,3751104
704,3751199
1012,3751991
944,3752066
956,3752201
88,3752274
89,3752275
90,3752276
568,3752396
818,3752487
1134,3752526
570,3752901
478,3753213
479,3753214
125,3753295
1041,3753382
652,3753384
673,3753534
566,3753597
567,3753598
539,3754068
386,3754074
1097,3754189
474,3754383
25,3754461
59,3754561
62,3754677
411,3754677
847,3754922
604,3755212
56,3755470
191,3755923
478,3756095
25,3756164
445,3756513
973,3756790
1018,3757081
544,3757130
447,3757377
448,3757378
1073,3757456
197,3757604
169,3758009
692,3758048
539,3758227
372,3758250
63,3758253
994,3758319
688,3758349
690,3758351
382,3758525
383,3758526
1134,3758639
197,3758676
198,3758677
88,3758754
967,3758757
847,3758811
1090,3758945
973,3759286
1131,3759435
1098,3759758
1099,3759759
198,3759997
1134,3760211
690,3760881
92,3761282
88,3761293
89,3761294
275,3761511
1097,3761524
176,3761631
1041,3761635
956,3761798
711,3762352
63,3762361
698,3762492
447,3762594
122,3762646
804,3762986
571,3763084
651,3763136
194,3763195
195,3763196
698,3763238
956,3763300
957,3763301
1107,3763396
977,3763825
954,3764022
255,3764058
1073,3764084
382,3764094
383,3764095
434,3764743
699,3764864
867,3764911
169,3765006
753,3765026
261,3765933
56,3766244
604,3766426
541,3766552
530,3766757
209,3766815
1131,3767052
1047,3767112
697,3767366
690,3767492
758,3768206
711,3768708
517,3768748
168,3768933
474,3768972
419,3769166
141,3769260
204,3769395
447,3769462
122,3769684
904,3769744
905,3769745
993,3769750
110,3769756
692,3770027
973,3770175
941,3770185
450,3770226
526,3770305
829,3771171
975,3771409
976,3771410
977,3771411
964,3771470
965,3771471
1072,3771579
447,3771766
754,3771930
447,3772297
1047,3772312
1048,3772313
905,3772400
528,3772456
866,3772483
867,3772484
868,3772485
980,3772979
541,3773129
199,3773166
955,3773260
818,3773316
622,3773322
197,3773369
370,3773634
1099,3773997
1100,3773998
420,3774228
1072,3774289
64,3774335
270,3774407
386,3774457
254,3774582
567,3774656
122,3774932
566,3774978
567,3774979
275,3775051
177,3775122
178,3775123
943,3775238
944,3775239
690,3775401
412,3775524
87,3775571
175,3775744
697,3775748
1097,3776036
541,3776625
1106,3776744
866,3776871
973,3776984
955,3777089
570,3777238
526,3777583
905,3777674
528,3777681
194,3777924
195,3777925
197,3778196
1113,3778395
994,3778436
995,3778437
996,3778438
63,3778485
64,3778486
25,3778544
847,3778621
722,3778623
168,3778670
567,3778703
568,3778704
567,3778718
688,3778757
444,3779391
175,3779500
866,3779728
867,3779729
753,3780293
288,3780360
194,3780502
399,3780733
25,3781139
209,3781951
638,3782025
604,3782135
274,3782270
965,3782650
444,3783096
1108,3783308
104,3783324
674,3783841
57,3784075
260,3784106
178,3784574
25,3785398
201,3785589
1047,3785722
88,3785885
89,3785886
90,3785887
57,3786277
58,3786278
737,3786288
382,3786411
479,3786511
274,3786520
956,3786531
956,3786843
447,3786876
866,3786955
867,3786956
566,3787333
567,3787334
1015,3787689
541,3787858
955,3787878
673,3788149
818,3788262
1134,3788318
169,3788504
1072,3788537
1073,3788538
954,3788547
153,3788767
61,3788997
1047,3789011
638,3789692
197,3789751
1047,3789868
1048,3789869
993,3790005
710,3790518
274,3790610
122,3790628
1047,3790721
170,3790728
942,3790818
399,3791250
170,3791253
447,3791269
448,3791270
57,3791409
274,3791534
275,3791535
1050,3791612
86,3791767
1106,3791773
169,3791816
170,3791817
870,3792239
382,3792305
904,3792350
905,3792351
56,3792549
1081,3792585
558,3792946
559,3792947
944,3793281
445,3793337
1131,3793495
1100,3793601
1101,3793602
288,3793605
270,3793781
1113,3793823
421,3793871
474,3794045
651,3794220
447,3794437
288,3794590
804,3794715
572,3794845
63,3795044
275,3795301
382,3795532
202,3795946
866,3796114
904,3796137
373,3796244
383,3796294
382,3796491
1104,3796493
847,3796641
1103,3796681
445,3796988
447,3796990
722,3797049
967,3797219
693,3797387
944,3797543
673,3797695
445,3797864
964,3798317
917,3798373
704,3798578
61,3798873
964,3798954
965,3799300
445,3799340
566,3799482
567,3799483
420,3799576
818,3800208
520,3800242
956,3800354
604,3800406
199,3800517
722,3801058
61,3801177
965,3801300
192,3801404
673,3801421
423,3801493
1081,3801793
288,3802110
877,3802128
176,3802130
170,3802309
973,3802691
973,3802752
964,3802868
965,3802869
829,3803355
96,3803472
918,3804104
919,3804105
479,3804924
269,3805286
270,3805287
676,3805301
445,3805616
342,3806015
208,3806221
383,3806324
524,3806765
525,3806766
526,3806767
342,3806926
56,3807793
973,3807799
324,3807948
196,3807960
638,3808013
57,3808018
58,3808019
713,3808021
714,3808022
715,3808023
944,3808111
995,3808186
956,3808230
957,3808231
260,3808475
383,3808756
289,3808919
818,3809035
63,3809274
1106,3809516
964,3809580
973,3809632
111,3809666
1134,3809668
994,3809921
192,3809950
275,3809982
231,3810364
952,3810476
604,3810634
866,3810647
176,3810685
864,3811681
202,3811923
704,3812091
447,3812551
710,3812675
56,3812956
622,3812983
122,3813010
1097,3813413
1098,3813414
1072,3813701
847,3813761
1097,3813768
1098,3813769
659,3813783
829,3813820
830,3813821
87,3813871
942,3814068
141,3814223
698,3814231
171,3814482
829,3814773
965,3815002
479,3815174
63,3815198
152,3815233
194,3815263
753,3815424
25,3815723
231,3816261
710,3816506
175,3816708
444,3817063
952,3817283
169,3817519
444,3817602
964,3817886
178,3818029
716,3818192
717,3818193
1072,3818520
169,3818769
177,3818814
178,3818815
558,3819008
372,3819103
373,3819104
374,3819105
964,3819110
941,3819269
286,3819341
697,3819455
447,3819610
965,3819922
87,3820137
1050,3820143
722,3820214
447,3820579
448,3820580
445,3820821
270,3820928
722,3821318
489,3821328
1047,3821447
541,3821455
702,3821514
703,3821515
704,3821516
977,3821739
208,3821827
1081,3821865
673,3821886
697,3821981
698,3821982
370,3822018
447,3822021
864,3822050
177,3822412
480,3822854
500,3822889
177,3823028
965,3823055
197,3823192
722,3823206
373,3823285
374,3823286
169,3823643
177,3823698
697,3823806
698,3823807
1072,3823847
904,3824039
905,3824040
62,3824061
411,3824061
209,3824149
444,3824654
445,3824655
196,3824839
571,3825067
383,3825155
194,3825194
595,3825354
175,3825501
710,3825569
286,3826108
287,3826109
288,3826110
975,3826274
286,3826362
62,3826442
411,3826442
905,3826615
1047,3826623
944,3826721
86,3826743
421,3826897
1047,3826984
269,3827132
528,3827217
1134,3827774
176,3827836
58,3828100
904,3828118
941,3828213
942,3828214
1098,3828218
56,3828305
57,3828306
96,3828860
1012,3829200
361,3829249
622,3829573
866,3829620
158,3829693
866,3829935
196,3830029
209,3830055
286,3830235
382,3830387
995,3830488
56,3830806
288,3831195
1095,3831334
175,3831355
566,3831840
62,3831917
411,3831917
804,3832155
194,3832528
474,3832644
994,3832689
63,3832946
199,3833069
1072,3833182
62,3833251
411,3833251
964,3833304
169,3833458
1104,3833601
197,3833641
1134,3833722
692,3833750
175,3833760
588,3833816
169,3833881
904,3834062
269,3834097
834,3834293
576,3834610
444,3835080
1050,3835459
818,3835848
965,3836097
810,3836332
473,3836757
401,3836767
444,3836852
943,3837137
517,3837145
62,3837189
411,3837189
1115,3837194
517,3837276
1134,3837450
977,3837509
434,3837591
194,3837613
698,3837777
88,3837898
89,3837899
421,3837947
382,3837965
383,3837966
994,3838441
400,3838453
953,3838628
479,3838652
480,3838653
1047,3838763
1099,3838900
1100,3838901
56,3839108
993,3839111
270,3839285
270,3839378
518,3839404
1090,3839405
528,3839420
370,3839666
1098,3839956
88,3840010
89,3840011
690,3840013
692,3840015
558,3840247
57,3840330
396,3840524
1089,3840524
1090,3840525
370,3841099
539,3841250
865,3841372
692,3841398
170,3841425
829,3841483
780,3841641
722,3841914
566,3842044
955,3842057
830,3842093
558,3842171
370,3842569
445,3843890
541,3844007
542,3844008
653,3844103
275,3844191
652,3844354
942,3844963
904,3845086
967,3845389
201,3846051
56,3846097
1047,3846185
1048,3846186
498,3846204
941,3846260
942,3846261
668,3846301
994,3846318
980,3846929
954,3847058
177,3847207
178,3847208
660,3847367
710,3847397
956,3847792
1047,3847932
1048,3847933
710,3848053
981,3848095
1073,3848187
904,3848215
400,3848374
711,3848382
194,3848626
193,3848775
526,3848987
638,3849430
528,3849513
270,3849531
62,3849668
411,3849668
521,3850048
522,3850049
1041,3850231
191,3850413
197,3851115
572,3851262
201,3851381
25,3851608
559,3852396
382,3852400
383,3852401
270,3852467
63,3852504
973,3853037
1107,3853080
191,3853372
697,3853659
954,3853765
175,3853979
865,3854118
996,3854279
541,3854336
517,3854351
275,3854456
475,3854700
539,3854746
170,3854993
97,3855080
1047,3855239
63,3855297
447,3855380
994,3855458
688,3855462
590,3855532
368,3855533
698,3855744
169,3856029
334,3856211
444,3856426
445,3856427
1081,3856789
688,3857053
722,3857098
195,3857270
58,3857480
57,3857947
58,3857948
59,3857949
952,3857950
169,3858023
169,3858405
169,3858564
412,3858779
973,3858827
523,3858871
524,3858872
525,3858873
526,3858874
527,3858875
528,3858876
559,3858902
622,3858951
623,3858952
192,3858965
651,3858978
652,3858979
674,3859000
675,3859001
676,3859002
714,3859036
715,3859037
716,3859038
717,3859039
804,3859123
590,3859133
368,3859134
818,3859140
956,3859263
957,3859264
996,3859297
997,3859298
1041,3859336
1047,3859341
1107,3859393
1108,3859394
804,3859695
994,3859748
401,3859808
63,3860197
753,3860347
622,3860651
194,3861039
1097,3861310
58,3861493
1047,3861523
952,3861550
622,3861584
623,3861585
178,3861645
1036,3861707
967,3861708
940,3861735
526,3861794
368,3861799
917,3862038
176,3862075
444,3862143
445,3862144
204,3862391
1041,3863158
57,3863315
722,3863406
81,3863518
200,3863835
169,3863955
878,3864040
177,3864375
967,3864441
275,3864458
175,3864674
199,3864753
981,3864762
982,3864763
955,3864896
690,3865050
829,3865341
383,3865493
955,3865525
96,3865606
97,3865607
199,3865715
200,3865716
201,3865717
539,3865962
474,3866012
828,3866066
399,3866224
1047,3866551
965,3866720
422,3867144
558,3867352
589,3867391
57,3867578
520,3867592
638,3867593
692,3867597
1134,3867741
444,3867889
1047,3868009
1073,3868053
169,3868097
170,3868098
88,3868527
175,3868799
830,3868882
175,3868886
965,3869009
830,3869074
1012,3869588
275,3869711
369,3869768
169,3869990
168,3869995
342,3869998
171,3870184
198,3870346
199,3870347
200,3870348
201,3870349
952,3870433
152,3870569
722,3871248
194,3871426
870,3871802
944,3871962
737,3872088
269,3872698
692,3872847
141,3872884
604,3872907
1072,3872913
864,3872932
711,3873158
566,3873161
567,3873162
111,3873458
1114,3873628
789,3873717
479,3873900
194,3873948
195,3873949
474,3874102
973,3874271
953,3874321
520,3874665
141,3874685
26,3874882
474,3875018
61,3875115
370,3875202
220,3875208
370,3875296
1072,3875384
169,3875453
170,3875454
904,3875477
996,3875520
89,3875657
209,3875758
25,3875761
1107,3875822
169,3876206
25,3876546
26,3876547
168,3876780
847,3876956
722,3876958
952,3877172
952,3877889
1106,3878324
966,3878492
967,3878493
958,3878569
959,3878570
976,3878759
847,3878942
660,3878978
81,3879030
866,3879076
192,3879481
965,3880653
169,3880710
170,3880711
275,3880922
170,3881128
171,3881129
944,3881259
1073,3881540
690,3881544
57,3881712
158,3881837
288,3882333
559,3882480
169,3882658
168,3882663
169,3882664
168,3882669
178,3883469
1059,3883482
996,3883577
419,3883658
965,3883694
473,3883930
707,3883969
955,3884028
175,3884532
710,3885168
711,3885169
956,3885515
638,3885767
753,3885870
1097,3886012
1098,3886013
125,3886127
274,3886313
275,3886314
444,3887135
758,3887199
61,3887852
62,3887853
411,3887853
952,3887918
403,3888096
288,3888212
975,3888250
976,3888251
977,3888252
690,3888572
589,3888885
479,3889020
980,3889049
652,3889078
368,3889221
369,3889222
993,3889285
638,3889338
274,3889519
781,3889830
447,3889936
448,3889937
479,3890047
558,3890421
191,3890800
192,3890801
847,3891064
966,3891122
372,3891123
1047,3891297
566,3891362
567,3891363
200,3891786
201,3891787
905,3891848
1001,3892049
542,3892282
270,3892659
980,3892709
197,3892791
64,3893042
571,3893050
61,3893134
62,3893135
411,3893135
576,3893348
383,3893424
867,3893476
274,3893536
269,3893564
270,3893565
865,3893592
394,3893764
395,3893765
361,3893884
195,3893972
196,3893973
975,3894053
976,3894054
977,3894055
396,3894418
1089,3894418
199,3894603
994,3894675
197,3894794
59,3894818
952,3894819
697,3895189
940,3895269
521,3895767
1047,3896166
56,3896492
111,3896665
197,3896956
1134,3896964
209,3897154
474,3897389
955,3898599
973,3898662
110,3898830
122,3899022
175,3899190
1047,3899285
423,3899314
479,3899481
209,3899719
175,3899864
994,3900036
1047,3900063
500,3900098
208,3900318
122,3900323
998,3900340
324,3900341
847,3900538
57,3900709
447,3900965
198,3900974
829,3901057
904,3901073
570,3901121
1115,3901162
943,3901574
474,3901674
169,3901725
722,3901901
697,3901998
122,3902195
688,3902234
122,3902354
500,3902357
479,3902870
1100,3903421
1107,3903510
711,3903563
81,3903897
419,3904216
956,3904419
169,3904542
91,3904758
92,3904759
209,3905018
57,3905161
58,3905162
192,3905623
193,3905624
965,3905634
1081,3905640
693,3905789
539,3905797
541,3905799
905,3905909
447,3906581
399,3906812
870,3907023
847,3907113
1095,3907179
61,3907258
722,3907462
348,3907924
194,3908032
275,3908083
169,3908244
1081,3908251
348,3908353
194,3908689
1097,3908943
230,3908944
231,3908945
141,3909082
288,3909690
90,3909905
382,3909971
286,3910058
955,3910121
956,3910122
957,3910123
196,3910364
1047,3910601
88,3910612
568,3910740
196,3910770
88,3911324
980,3911530
981,3911531
383,3911681
386,3911782
917,3912025
394,3912034
1104,3912065
475,3912155
954,3912195
818,3912217
919,3912318
944,3912325
698,3912531
1081,3913401
829,3913547
541,3913560
1131,3913786
1104,3914115
57,3914389
690,3914638
444,3914738
520,3914741
521,3914742
59,3915221
445,3915504
169,3915866
170,3915867
964,3916255
965,3916256
653,3916399
829,3916457
1009,3916497
1010,3916498
944,3916870
479,3917038
200,3917212
659,3917870
1072,3918098
191,3918102
192,3918103
904,3918670
269,3918789
270,3918790
324,3918967
196,3919062
197,3919063
697,3919118
445,3919298
288,3919379
63,3919557
706,3919695
122,3919923
447,3920315
177,3920621
447,3920846
942,3921010
448,3921163
673,3921692
176,3921715
1097,3921796
1098,3921797
542,3922171
638,3922172
394,3922180
445,3922244
169,3922259
170,3922260
169,3922378
965,3922519
954,3922579
955,3922580
57,3922604
525,3922923
526,3922924
177,3922949
178,3922950
698,3922951
274,3923084
275,3923085
1081,3923135
62,3923566
411,3923566
622,3924309
541,3924324
673,3924359
274,3924364
270,3924448
57,3925043
422,3925113
194,3925176
676,3925206
904,3925370
57,3925688
261,3925693
1101,3925799
754,3925863
478,3926459
479,3926460
542,3926844
866,3926877
867,3926878
868,3926879
177,3926915
178,3926916
542,3926991
81,3927218
122,3927644
62,3928145
411,3928145
674,3928183
905,3928689
57,3928692
973,3928740
539,3928904
400,3928907
423,3929067
955,3929140
830,3929326
158,3929624
866,3929653
521,3929879
865,3929961
255,3930284
1071,3930439
1072,3930440
324,3930477
967,3930831
447,3931368
940,3931694
59,3932079
60,3932080
967,3932091
171,3932546
965,3932817
194,3932999
63,3933084
288,3933170
570,3933470
201,3933510
202,3933511
122,3933816
1101,3933960
447,3934040
1047,3934082
688,3934398
1008,3934564
1009,3934565
1010,3934566
1011,3934567
967,3934922
394,3934942
395,3934943
270,3934944
673,3935047
63,3935329
261,3935714
1041,3935972
177,3936170
877,3936361
878,3936362
1047,3936496
1048,3936497
374,3936598
177,3936751
198,3936784
325,3936811
693,3936843
1073,3936972
659,3937071
660,3937072
604,3937210
154,3937245
1081,3937911
56,3938331
57,3938332
62,3938406
411,3938406
904,3938551
559,3939050
383,3939178
447,3939180
651,3939410
198,3939732
199,3940057
200,3940058
324,3940208
194,3940374
967,3940420
447,3940729
448,3940730
829,3940848
829,3940893
195,3941241
194,3941438
674,3941502
675,3941503
1072,3941538
178,3941557
952,3941602
122,3941777
178,3941846
698,3941847
847,3942059
944,3942207
1106,3942229
1107,3942230
170,3942273
698,3942583
274,3942651
169,3943277
690,3943458
965,3943703
447,3943760
1097,3943859
1098,3943860
754,3943897
81,3944131
847,3944164
722,3944166
956,3944250
829,3944359
386,3944456
1103,3944470
169,3944488
973,3944593
517,3945087
704,3945390
697,3945855
478,3946058
369,3946092
370,3946093
334,3946111
1072,3946157
479,3946216
952,3946322
673,3946457
382,3946578
288,3946852
541,3947042
965,3947492
994,3947683
399,3947738
445,3947810
447,3947812
61,3948067
964,3948684
1047,3948827
1047,3949020
539,3949296
474,3949347
693,3949426
1100,3949455
61,3949860
62,3949861
411,3949861
199,3950032
650,3950229
651,3950230
361,3950292
170,3950329
956,3950530
520,3950677
521,3950678
539,3950856
866,3950885
690,3950956
383,3951007
26,3951048
170,3951253
904,3951355
169,3951396
475,3951441
445,3951511
56,3952118
57,3952119
952,3952457
448,3952489
722,3952498
539,3952535
702,3952538
692,3952900
558,3952956
651,3953535
386,3954013
690,3954792
539,3954929
638,3954932
88,3954960
89,3954961
690,3954963
1134,3954999
25,3955060
1098,3955157
274,3955461
474,3955550
722,3955668
269,3955723
479,3955802
1047,3955811
1048,3955812
25,3955859
905,3955880
456,3956103
444,3956180
288,3956217
638,3956236
953,3956363
44,3956501
275,3956604
828,3957224
1097,3957294
500,3957360
952,3957500
197,3957608
692,3957802
544,3957884
382,3958097
419,3958152
1098,3958153
201,3958214
444,3958262
445,3958263
867,3958374
956,3958473
957,3958474
952,3958524
539,3958910
788,3959022
87,3959308
521,3959429
478,3959430
564,3959569
566,3959589
567,3959590
444,3959695
518,3959864
1081,3960012
193,3960013
690,3960323
523,3960566
994,3960683
541,3960723
542,3960724
1113,3960737
953,3960791
541,3960877
576,3960991
445,3961280
1134,3961685
994,3961862
690,3961866
192,3962130
403,3962430
973,3962646
539,3962794
956,3962940
478,3963006
1081,3963166
193,3963167
447,3963306
208,3963762
209,3963763
697,3963837
698,3963838
566,3963996
567,3963997
191,3964044
520,3964315
847,3964613
539,3964760
445,3964799
401,3965112
866,3965291
964,3965312
394,3965372
395,3965373
996,3965821
25,3965845
26,3965846
370,3966004
260,3966474
1073,3966495
830,3966614
275,3966736
576,3966997
781,3967279
479,3967666
1108,3967692
704,3967814
270,3967927
692,3967946
818,3968612
196,3968666
274,3968672
566,3968775
567,3968776
478,3968958
479,3968959
693,3968982
361,3968984
445,3969179
270,3969387
489,3969474
400,3969490
61,3969716
62,3969717
411,3969717
275,3969939
964,3970676
965,3970677
994,3970859
447,3970978
878,3970985
168,3971018
169,3971019
170,3971020
690,3971068
62,3971245
411,3971245
270,3971298
982,3971316
175,3971550
870,3971656
1100,3971869
1047,3972011
56,3972167
955,3972220
152,3972312
153,3972313
659,3972341
520,3972406
638,3972476
1098,3972480
690,3972512
1072,3972761
995,3972805
996,3972806
655,3972822
1018,3972992
1019,3972993
1107,3973091
1106,3973542
542,3973583
361,3973646
539,3973676
711,3973909
690,3974063
865,3974089
434,3974146
25,3974208
1073,3974504
447,3974743
372,3975230
447,3975506
1047,3975983
692,3976067
96,3976098
918,3976166
973,3976480
370,3976782
905,3976954
445,3977048
520,3977139
638,3977140
847,3977143
942,3977461
56,3977518
348,3977661
382,3977783
965,3977791
944,3977819
382,3977861
980,3978235
382,3978275
288,3978335
479,3978632
199,3978638
191,3978954
403,3979017
111,3979178
445,3979697
399,3980093
698,3980187
1019,3980451
342,3980452
59,3980532
60,3980533
697,3980657
1001,3980828
201,3981067
965,3981137
122,3981153
692,3981242
342,3981529
710,3981552
781,3981584
690,3981836
122,3981846
973,3982043
168,3982519
1081,3982890
178,3983292
382,3983489
383,3983490
1090,3983763
1047,3983882
1048,3983883
707,3984210
1041,3984454
652,3984463
652,3984552
829,3984790
1097,3984914
965,3984958
1114,3984978
445,3985159
474,3986241
122,3986313
175,3986361
780,3986367
781,3986368
994,3986480
56,3986729
57,3986730
192,3986747
829,3987010
692,3987337
56,3987504
541,3987588
1050,3988016
500,3988147
1072,3988289
1072,3988322
274,3988602
828,3988803
528,3989141
529,3989142
478,3989230
692,3989551
479,3989579
421,3989888
447,3989984
722,3990163
829,3990250
568,3990274
638,3990405
444,3990526
965,3990913
652,3990929
196,3991230
197,3991231
200,3991610
111,3991701
444,3991841
1072,3991845
758,3991857
447,3992341
448,3992342
198,3992355
651,3992621
61,3992731
62,3992732
411,3992732
412,3992733
965,3994320
710,3994409
56,3994585
560,3994595
196,3994983
197,3994984
274,3995398
196,3995714
111,3996081
943,3996155
539,3996232
90,3996570
176,3996642
818,3996918
125,3996927
541,3997077
382,3997190
969,3997200
994,3997288
966,3997476
967,3997477
1097,3997563
1098,3997564
169,3997581
168,3997586
169,3997587
399,3997668
865,3998097
866,3998098
479,3998101
818,3998504
964,3998566
965,3998567
570,3998771
175,3999058
541,3999109
386,3999201
176,3999290
704,3999420
527,3999438
528,3999439
847,3999648
58,3999867
394,4000241
169,4000345
170,4000346
171,4000347
690,4000553
698,4000607
456,4000818
674,4000859
944,4000945
1047,4001017
944,4001260
382,4001302
383,4001303
61,4001345
122,4001353
199,4001713
200,4001714
201,4001715
288,4001779
781,4001787
479,4001826
199,4002088
524,4002144
169,4002285
977,4002744
220,4002909
111,4003201
168,4003317
204,4003325
1134,4003468
192,4003670
1019,4003807
722,4004205
965,4004237
704,4004582
653,4004792
956,4004894
957,4004895
56,4005267
1095,4005978
274,4006115
865,4006570
878,4006899
275,4007156
374,4007217
202,4007394
169,4007770
170,4007771
171,4007772
804,4007992
199,4008070
200,4008071
201,4008072
1097,4008097
169,4008108
275,4008173
92,4008371
197,4008398
1134,4008478
25,4008482
722,4008498
169,4008510
63,4008523
865,4008609
866,4008610
169,4009300
1114,4009430
917,4009567
254,4009852
372,4009869
200,4010344
201,4010345
829,4010726
604,4010750
56,4010810
1134,4010848
566,4010918
567,4010919
568,4010920
569,4010921
192,4010988
209,4011280
445,4011566
526,4011763
527,4011764
528,4011765
526,4012137
673,4012501
196,4012514
944,4012534
544,4012608
412,4012695
275,4014198
789,4014253
867,4014272
1106,4014620
1107,4014621
152,4014649
153,4014650
1047,4014805
1048,4014806
638,4014851
274,4015750
702,4015851
444,4015907
445,4015908
1048,4015923
722,4016048
940,4016714
576,4017347
692,4017569
944,4017681
622,4017813
576,4017923
874,4018299
847,4018580
111,4018691
518,4018972
194,4019082
558,4019261
479,4019284
382,4019421
275,4019451
61,4019464
965,4019592
382,4019941
372,4019943
541,4020153
61,4020905
62,4020906
411,4020906
994,4020924
995,4020925
996,4020926
62,4021015
411,4021015
1073,4021024
527,4021030
528,4021031
56,4021165
169,4021171
944,4021193
993,4021309
722,4021661
1097,4021747
420,4021748
421,4021749
520,4021827
993,4022048
111,4022168
1072,4022453
1073,4022454
737,4022491
874,4022572
905,4022653
57,4022656
1114,4022735
1073,4023014
400,4023056
448,4023415
170,4023571
1134,4023982
434,4024046
866,4024078
867,4024079
868,4024080
374,4024182
25,4024263
26,4024264
867,4024376
722,4024632
26,4024651
722,4024660
818,4024933
87,4025254
403,4025479
177,4025677
1134,4025725
383,4025824
702,4026083
703,4026084
704,4026085
954,4026401
955,4026402
87,4026406
955,4026423
866,4026594
867,4026595
953,4026679
479,4026891
455,4027111
382,4027401
704,4028056
382,4028231
372,4028233
175,4028382
204,4028454
542,4028489
638,4028490
288,4028655
153,4028915
953,4028995
818,4029185
170,4029203
996,4029460
660,4029512
518,4029583
1108,4029619
673,4029684
847,4029776
622,4029898
692,4030342
953,4030357
96,4030509
866,4030545
111,4030930
57,4031169
474,4031302
622,4031747
170,4032077
688,4032244
1108,4032290
870,4032364
191,4032504
192,4032505
193,4032506
589,4032608
87,4032873
383,4032877
847,4032948
382,4033006
383,4033007
818,4033033
692,4033049
966,4033140
967,4033141
542,4033336
170,4033511
348,4033634
479,4033755
1081,4034101
523,4034104
904,4034308
479,4034370
274,4034406
604,4034478
1106,4034578
447,4034800
448,4034801
445,4034849
1100,4034892
542,4035235
638,4035236
370,4035642
25,4035759
1134,4036003
660,4036231
637,4036266
543,4036267
88,4036309
89,4036310
25,4036467
944,4036524
659,4036693
447,4036904
973,4037522
941,4038101
942,4038102
444,4038597
445,4038598
904,4039260
444,4039714
419,4040091
1098,4040092
373,4040222
374,4040223
255,4040726
604,4040731
169,4040784
197,4040849
198,4040850
171,4041259
520,4041406
965,4041806
622,4041942
870,4041950
1018,4042241
81,4042357
386,4042634
175,4042682
1047,4042797
539,4043120
400,4043123
175,4043389
539,4043405
539,4043433
541,4043435
590,4043544
368,4043545
342,4043685
275,4044029
1112,4044113
590,4044266
368,4044267
944,4044333
325,4044642
754,4044655
1098,4044702
479,4045605
818,4046174
270,4046577
1081,4046748
521,4046788
478,4046789
269,4046843
209,4046924
255,4047205
865,4047354
866,4047355
867,4047356
1081,4047364
1009,4047400
576,4047550
566,4048253
567,4048254
568,4048255
973,4048290
541,4048360
674,4048425
675,4048426
399,4048617
566,4048649
567,4048650
568,4048651
692,4048674
122,4048771
1047,4049083
855,4049285
956,4049320
957,4049321
722,4049462
904,4049694
571,4049861
444,4049886
520,4049889
232,4050074
526,4050318
527,4050319
528,4050320
559,4051151
539,4051311
697,4051648
698,4051649
274,4051691
122,4051848
275,4051867
489,4051889
878,4052226
543,4052408
1106,4052883
399,4053091
544,4053152
542,4053278
269,4053465
270,4053466
1131,4053855
944,4053858
25,4054136
89,4054433
90,4054434
1134,4054541
847,4054589
944,4054851
830,4054871
1134,4055140
270,4055183
977,4055333
270,4055527
697,4055558
722,4055764
693,4056100
904,4056390
204,4056932
870,4057035
692,4057095
693,4057096
517,4057123
480,4057323
92,4057396
111,4057826
964,4058115
334,4058260
382,4058262
967,4058264
828,4058342
829,4058343
818,4058479
605,4058949
542,4059087
419,4059195
829,4059442
361,4059549
370,4059737
1047,4059788
25,4059986
141,4060120
693,4060689
980,4060724
220,4060916
191,4060929
88,4061264
479,4061313
529,4061350
419,4061512
1098,4061513
197,4061529
198,4061530
372,4061640
373,4061641
56,4061719
370,4061800
198,4062430
1047,4062579
980,4062614
1107,4062799
630,4062903
688,4062986
604,4063386
870,4063409
447,4063574
447,4063751
141,4064040
1073,4064139
479,4064223
479,4064562
447,4064734
952,4065245
953,4065246
965,4065517
25,4065703
604,4065737
956,4065745
865,4065895
866,4065896
956,4066371
965,4066441
692,4066531
260,4066642
474,4066699
87,4066701
447,4066702
1110,4066760
1111,4066761
383,4066886
864,4066893
361,4066930
192,4066989
975,4067064
976,4067065
977,4067066
1041,4067282
270,4067373
568,4067481
275,4067603
197,4067746
270,4068084
386,4068304
567,4068686
1071,4068797
1072,4068798
1073,4068799
567,4068916
568,4068917
569,4068918
111,4069143
973,4069416
711,4069799
154,4069883
1106,4070186
1107,4070187
87,4070219
576,4070618
704,4070704
690,4070758
1134,4071043
270,4071839
434,4071872
541,4072132
542,4072133
542,4072229
904,4072309
122,4072360
254,4072650
541,4072780
542,4072781
710,4073233
528,4073847
261,4073915
638,4074257
198,4074380
199,4074381
944,4074750
270,4074853
275,4074928
539,4074989
166,4075193
167,4075194
168,4075195
1048,4075205
445,4075556
447,4075558
448,4075559
445,4075778
528,4075828
369,4076139
445,4076175
170,4076701
965,4076777
447,4077124
373,4077182
374,4077183
90,4077240
89,4077394
699,4077603
191,4077981
192,4077982
193,4077983
177,4078231
542,4078426
171,4078592
419,4078922
542,4079195
90,4079239
690,4079332
445,4079420
529,4079761
96,4080441
866,4080446
866,4080464
520,4080592
270,4080843
1134,4081225
944,4081249
169,4081311
274,4081800
1041,4082364
1131,4082466
604,4082481
570,4083208
566,4083249
567,4083250
874,4083574
175,4083709
818,4084004
539,4084026
955,4084031
61,4084190
62,4084191
411,4084191
334,4084387
558,4084508
590,4084520
818,4084542
56,4085101
175,4085136
1134,4085364
847,4086072
688,4086145
382,4086228
383,4086229
447,4086231
447,4086383
944,4086450
111,4086592
288,4086698
690,4086964
804,4087290
570,4087311
1041,4087590
92,4087687
286,4087892
1041,4087974
829,4088118
830,4088119
980,4088180
917,4088235
865,4088313
710,4088545
520,4088576
980,4088670
274,4088705
942,4089150
674,4089213
444,4089316
62,4089574
411,4089574
448,4090016
1113,4090025
604,4090310
690,4090401
153,4090489
589,4090606
704,4090700
693,4090842
57,4091001
58,4091002
866,4091072
521,4091090
57,4091124
274,4091344
1047,4091361
480,4091434
400,4091563
444,4091697
209,4091868
421,4092320
944,4092686
1098,4092932
828,4093023
445,4093075
170,4093434
558,4093652
559,4093653
221,4094554
56,4094561
63,4094822
254,4094914
790,4095234
982,4095470
201,4095572
202,4095573
423,4095607
517,4095635
1134,4095771
110,4095829
828,4096008
829,4096009
202,4096122
200,4096507
201,4096508
447,4096519
370,4096571
1134,4096604
62,4096815
411,4096815
829,4097077
604,4097103
830,4097475
260,4097647
61,4097730
542,4097753
521,4097754
528,4097775
479,4097977
722,4098188
568,4098407
704,4098688
1134,4098936
973,4098986
195,4099096
828,4099298
110,4099344
1050,4099355
865,4099459
1047,4099523
56,4099655
638,4099841
847,4099844
419,4099935
690,4099956
528,4100047
270,4100119
92,4100202
980,4100312
122,4100501
995,4100708
543,4100719
544,4100720
274,4101140
275,4101141
169,4101197
941,4101260
56,4101440
57,4101441
568,4101779
528,4101862
1047,4101982
1048,4101983
445,4102110
1104,4102168
964,4103348
1041,4103579
528,4104011
904,4104166
905,4104167
828,4104499
829,4104500
622,4104552
975,4104864
976,4104865
697,4104905
348,4104942
866,4104974
479,4104977
87,4105002
447,4105003
348,4105008
944,4105067
383,4105241
57,4105259
270,4105351
56,4105399
177,4105451
698,4105465
57,4105583
386,4105807
202,4105835
1134,4105844
370,4106523
447,4106587
111,4106646
604,4106773
447,4106998
448,4106999
198,4107019
200,4107243
178,4107359
1041,4107489
674,4107892
904,4107935
541,4108056
542,4108057
199,4108105
201,4108128
698,4108300
711,4108424
1109,4108519
1110,4108520
86,4108649
571,4108757
1036,4108989
372,4108990
96,4109106
1019,4109772
342,4109773
544,4110463
254,4110560
1114,4110579
1115,4110580
372,4110594
373,4110595
374,4110596
957,4110941
386,4110988
61,4111221
828,4111280
829,4111281
169,4111474
942,4111675
175,4111688
521,4111949
122,4112046
348,4112071
529,4112198
1134,4112286
830,4112506
122,4112528
202,4113066
447,4113154
704,4113282
589,4113329
693,4113444
274,4113661
177,4113936
1047,4114368
973,4114491
558,4114752
559,4114753
201,4114985
447,4115201
448,4115202
673,4115223
653,4115327
372,4115514
125,4115698
25,4115930
703,4116049
704,4116050
1131,4116416
445,4116510
403,4116538
335,4116656
336,4116657
942,4116947
567,4116957
444,4116963
445,4116964
674,4116974
175,4117217
558,4117261
197,4117300
198,4117301
693,4117336
697,4117395
698,4117396
699,4117397
422,4117641
977,4117758
122,4118183
1106,4118529
1107,4118530
567,4118572
566,4118661
401,4118837
916,4118870
917,4118871
194,4119145
940,4119228
423,4119378
1134,4119719
1018,4119823
141,4120307
194,4120341
1134,4120471
818,4120555
523,4120580
1041,4120656
169,4120789
692,4120860
399,4120919
400,4120920
401,4120921
996,4120964
57,4121180
1095,4121388
275,4121887
368,4121941
369,4121942
370,4121943
864,4121981
699,4122488
956,4122528
419,4122595
422,4123429
1072,4123539
710,4123631
711,4123632
941,4123712
1018,4123899
324,4124092
917,4124113
698,4124192
197,4125273
660,4125383
169,4125502
368,4125593
692,4125652
194,4125996
87,4126049
622,4126069
692,4126333
170,4126345
445,4126384
447,4126488
110,4126636
111,4126637
697,4126858
698,4126859
973,4127111
975,4127177
976,4127178
977,4127179
401,4127340
870,4127359
1106,4127398
965,4127496
1104,4127498
1106,4127500
944,4127585
382,4127718
383,4127719
275,4127977
383,4128270
500,4128846
197,4128892
722,4129094
904,4129780
866,4130232
980,4130298
192,4130325
692,4130340
456,4130360
526,4130468
88,4130536
89,4130537
110,4130624
412,4130888
44,4130955
638,4131033
866,4131154
542,4131226
638,4131227
722,4131264
447,4131408
448,4131409
904,4131569
754,4131827
370,4131857
693,4132034
445,4132087
576,4132131
445,4132276
904,4132613
370,4132667
479,4132727
917,4133168
197,4133348
692,4133509
905,4133817
274,4133897
956,4133998
605,4134102
396,4134128
1089,4134128
1095,4134241
517,4134292
447,4134295
448,4134296
866,4134351
867,4134352
804,4134430
567,4134813
568,4134814
569,4134815
736,4135165
737,4135166
976,4135171
977,4135172
1036,4135428
967,4135429
254,4135699
197,4135725
994,4135906
421,4135967
829,4136538
196,4136703
197,4136704
169,4136773
288,4137181
1106,4137189
558,4137444
175,4137448
169,4137576
566,4137698
567,4137699
386,4137921
474,4138026
692,4138043
818,4138096
804,4138403
864,4138407
571,4138546
994,4138885
864,4138890
571,4139029
61,4139192
62,4139193
411,4139193
168,4139454
167,4139507
168,4139508
169,4139586
170,4139587
56,4139668
57,4139669
964,4140016
370,4140464
110,4140470
830,4140527
870,4140599
169,4140721
690,4140927
623,4141159
1131,4141258
1108,4141611
110,4141874
110,4141928
111,4141929
722,4142488
660,4142504
673,4142564
447,4142650
953,4142778
348,4142836
474,4143178
975,4143255
967,4143372
200,4143574
201,4143575
202,4143576
444,4143620
445,4143621
904,4143901
370,4144030
668,4144123
1106,4144339
965,4144457
194,4144483
953,4144517
942,4145174
690,4145176
96,4145236
781,4145292
994,4145349
870,4145444
904,4145785
479,4145851
944,4145967
122,4145988
571,4146039
572,4146040
254,4146129
866,4146162
867,4146163
847,4146505
942,4146523
604,4146798
286,4146959
1072,4146996
1073,4146997
572,4147278
177,4147375
622,4148353
382,4148495
348,4148650
566,4149076
567,4149077
568,4149078
1050,4149302
566,4149461
447,4149510
444,4149764
1050,4149960
198,4150104
342,4150229
692,4150442
905,4150623
447,4150632
539,4150651
542,4150655
702,4150660
209,4151153
445,4151300
447,4151302
382,4151514
369,4151523
370,4151524
1001,4151594
952,4151746
194,4152013
564,4152049
559,4152115
539,4152119
521,4152122
1134,4152817
1104,4152921
56,4153110
57,4153111
688,4153345
1095,4153383
1104,4153587
541,4154116
542,4154117
26,4154138
710,4154157
520,4154361
1047,4154516
170,4154702
1081,4155101
444,4155195
520,4155198
171,4155274
517,4155391
980,4155812
445,4155894
445,4155918
274,4156585
370,4156605
952,4157048
197,4157118
653,4157501
944,4157686
62,4157904
411,4157904
651,4158241
371,4158264
967,4158265
1097,4158267
953,4158386
526,4158770
539,4158814
521,4158817
57,4159184
541,4159217
542,4159218
520,4159241
973,4159265
651,4159310
382,4159403
383,4159404
964,4159422
847,4159464
849,4159466
830,4159650
423,4159660
520,4160585
201,4160670
444,4160961
964,4161173
1134,4161193
942,4161567
722,4161828
386,4161997
622,4162099
383,4162144
178,4162168
382,4162315
383,4162316
383,4162321
558,4162373
447,4162563
419,4162595
168,4162610
1009,4163087
1010,4163088
87,4163285
447,4163286
1095,4163315
1111,4163718
1134,4164033
526,4164292
944,4164358
542,4164424
478,4164849
444,4165091
870,4165443
445,4165473
269,4165493
201,4165522
202,4165523
198,4165586
447,4165864
448,4165865
201,4165870
336,4166042
589,4166433
576,4166576
966,4166736
967,4166737
447,4166975
448,4166976
434,4167122
370,4167138
952,4167182
382,4167242
383,4167243
917,4167593
917,4167594
830,4167807
335,4167972
336,4167973
26,4168009
372,4168104
373,4168105
374,4168106
175,4168259
1041,4168318
542,4168329
543,4168330
544,4168331
158,4168473
710,4168816
25,4169311
26,4169312
954,4169473
955,4169474
993,4169754
994,4169755
953,4169779
477,4170058
1047,4170221
995,4170383
996,4170384
298,4170522
201,4170760
275,4170848
539,4171119
865,4171172
110,4171903
196,4172044
1073,4172458
168,4172560
169,4172561
274,4172588
521,4172723
478,4172724
192,4172789
529,4172966
830,4173129
386,4173159
571,4173240
527,4173252
952,4173327
539,4173381
369,4173731
576,4173826
288,4174106
57,4174535
58,4174536
59,4174537
952,4174538
61,4174735
62,4174736
411,4174736
141,4174848
111,4174909
269,4174973
199,4175001
59,4175167
559,4175198
177,4175576
178,4175577
698,4175578
941,4176014
168,4176355
956,4176362
401,4176528
518,4176773
154,4176981
1097,4177277
941,4177362
1131,4177472
152,4177976
1113,4177980
847,4178019
952,4178395
1106,4178437
96,4179010
539,4179112
474,4179127
191,4179276
944,4179314
169,4179321
231,4179479
479,4179594
864,4179606
444,4179682
716,4179691
518,4179769
175,4179993
528,4180165
944,4180621
447,4181073
448,4181074
541,4181106
542,4181107
521,4181108
168,4181135
1073,4181182
847,4181611
56,4181740
973,4181880
716,4181907
717,4181908
1072,4181938
539,4182051
541,4182053
637,4182072
86,4182854
269,4183335
980,4183469
981,4183470
674,4183480
1095,4183660
865,4183684
567,4184083
478,4184223
254,4184336
942,4184368
674,4184458
1081,4184547
589,4184787
722,4184930
260,4185076
688,4185078
288,4185349
975,4185391
976,4185392
977,4185393
270,4185741
855,4185766
177,4185879
197,4185989
520,4186081
1107,4186319
1047,4186538
324,4186681
754,4186819
110,4187042
1081,4187237
274,4187392
274,4187504
89,4187526
690,4187528
835,4187674
445,4187739
1107,4188259
1108,4188260
269,4188350
270,4188351
570,4188537
692,4188786
87,4188836
576,4188897
447,4189073
942,4189196
372,4189527
474,4189614
474,4189668
370,4189882
361,4189887
980,4190088
445,4190226
994,4190271
26,4190363
520,4190429
521,4190430
967,4190547
1097,4190588
25,4190619
197,4190827
194,4190830
195,4190831
1115,4191134
59,4191207
523,4191249
905,4191395
334,4191401
368,4191603
369,4191604
175,4192033
338,4192448
169,4192733
170,4192734
399,4192772
400,4192773
558,4192938
864,4193051
1134,4193171
674,4193584
63,4193645
955,4193886
192,4194337
25,4194494
940,4194619
660,4195045
125,4195135
651,4195420
445,4195428
737,4195448
965,4195708
973,4195767
630,4196399
996,4196585
847,4196642
659,4196741
692,4196750
980,4196792
370,4196816
348,4196866
828,4196918
942,4197665
953,4197832
589,4198318
382,4198521
944,4198676
667,4198889
62,4198904
411,4198904
542,4198945
965,4199486
904,4200293
865,4200413
298,4200479
567,4200543
568,4200544
175,4200559
394,4200616
523,4200854
81,4201005
178,4201428
170,4201491
944,4202011
676,4202149
829,4202457
110,4202479
111,4202480
178,4202513
518,4202646
269,4202765
270,4202766
1047,4202943
1048,4202944
141,4203239
660,4203296
518,4203768
1006,4204062
965,4204312
62,4204428
411,4204428
1073,4204757
829,4205548
830,4205549
1115,4205757
141,4205796
175,4206236
1113,4206269
904,4206300
953,4206301
956,4206602
177,4206843
704,4206920
196,4206987
197,4206988
952,4207046
61,4207086
382,4207604
382,4207838
1107,4208030
1107,4208243
382,4208285
386,4208515
943,4208537
1134,4209752
195,4209907
956,4210010
122,4210061
994,4211303
995,4211304
996,4211305
419,4211439
1098,4211440
1090,4211536
758,4211795
847,4211883
110,4212000
965,4212217
976,4212231
977,4212232
1018,4212320
996,4212667
270,4212739
274,4212788
674,4213018
192,4213196
274,4213300
754,4213336
755,4213337
169,4213617
111,4214044
401,4214203
1047,4214288
570,4214355
152,4214460
973,4214471
944,4214716
953,4215026
541,4215095
878,4215196
660,4215314
952,4215623
445,4215797
1072,4215875
956,4216163
698,4216288
518,4216457
964,4216489
204,4216993
423,4217063
56,4217213
965,4217271
369,4217278
521,4217434
522,4217435
445,4217639
169,4217843
952,4217872
952,4217927
566,4218007
944,4218366
445,4218562
444,4218609
688,4219302
542,4219716
638,4219717
570,4219740
141,4219792
141,4219863
209,4220308
62,4220716
411,4220716
478,4220771
818,4220846
274,4220850
542,4221205
697,4221300
539,4221618
88,4221799
89,4221800
208,4221831
209,4221832
697,4221970
698,4221971
905,4221991
804,4222103
270,4222177
953,4222351
444,4222851
604,4222947
1073,4223385
1072,4223487
198,4223657
270,4224560
736,4224688
604,4224709
92,4224843
722,4224860
673,4224968
348,4225272
479,4225305
965,4226014
576,4226173
574,4226339
575,4226340
1131,4226601
1101,4226676
541,4227476
542,4227477
141,4227593
231,4227802
478,4228079
1047,4228194
197,4228488
198,4228489
940,4228755
59,4228788
60,4228789
693,4229184
977,4229286
177,4229429
977,4229458
652,4229645
154,4229727
541,4229948
542,4229949
175,4230116
444,4230135
1114,4230209
288,4230513
829,4230618
489,4230857
830,4231521
975,4231606
1134,4231835
57,4231932
61,4232309
62,4232310
411,4232310
1041,4232314
1115,4232487
170,4232652
522,4232676
201,4232732
194,4232851
25,4233378
952,4234001
419,4234003
1098,4234004
1099,4234005
383,4234054
994,4234075
956,4234212
1071,4234239
1072,4234240
57,4234300
58,4234301
419,4234460
169,4234471
830,4234726
652,4234922
693,4235025
361,4235027
194,4235395
96,4235592
61,4235693
62,4235694
411,4235694
704,4235805
1134,4235863
952,4235998
386,4236403
288,4237151
1071,4237241
688,4237330
1018,4237357
479,4237484
1131,4237551
220,4237672
1073,4237804
703,4237821
704,4237822
758,4237884
539,4237904
829,4237971
169,4238235
973,4238389
659,4238557
196,4239028
197,4239029
343,4239128
489,4239254
754,4239660
944,4239997
286,4240082
122,4240115
419,4240436
447,4240699
692,4240732
386,4240864
944,4240976
693,4241002
474,4241182
1106,4241357
1047,4241519
1081,4241678
201,4241710
1041,4241901
956,4241934
269,4242042
444,4242143
955,4242280
194,4242422
195,4242423
197,4242460
196,4242591
63,4242634
692,4242827
382,4242860
372,4242862
865,4243006
905,4243164
590,4243360
973,4243647
994,4243662
111,4243819
722,4243938
1113,4244002
386,4244322
382,4244557
517,4245307
722,4245337
690,4245385
576,4245684
111,4245770
125,4245866
518,4245943
154,4246176
447,4246378
478,4246568
479,4246569
804,4246640
175,4247312
444,4247519
88,4247771
89,4247772
90,4247773
96,4248152
97,4248153
588,4248316
589,4248317
780,4248583
996,4248693
690,4248965
177,4249226
419,4249276
274,4249693
87,4249976
447,4249977
448,4249978
939,4250291
940,4250292
177,4250608
255,4251250
673,4251438
828,4251451
973,4251824
943,4251973
944,4251974
542,4253033
638,4253034
1113,4253123
175,4253217
475,4253264
88,4253331
89,4253332
955,4253392
325,4253469
541,4253496
975,4253508
690,4253724
692,4253827
904,4253836
198,4253929
866,4254025
867,4254026
781,4254281
57,4254285
692,4254294
168,4254385
169,4254386
170,4254387
539,4254554
953,4254876
688,4254925
420,4254993
421,4254994
59,4255257
953,4255265
953,4255309
788,4255533
953,4255597
1047,4255696
445,4255767
722,4255817
955,4255885
818,4256179
698,4256203
269,4256312
693,4256382
595,4256696
693,4256859
865,4256871
1019,4256981
445,4257076
122,4257167
403,4257219
270,4257276
1081,4257476
659,4257543
175,4257631
690,4257682
692,4257684
542,4257846
386,4257918
447,4258414
199,4258769
944,4258829
447,4258915
542,4259073
382,4259120
383,4259121
865,4259185
1072,4259489
62,4259500
411,4259500
270,4259703
702,4260305
703,4260306
1047,4260475
394,4260481
521,4260502
818,4260526
202,4260595
26,4260757
275,4260812
1041,4260963
373,4261027
56,4261090
528,4261116
692,4261234
693,4261235
445,4262251
560,4262414
25,4262565
26,4262566
401,4262719
1107,4262784
382,4262967
153,4263079
141,4263294
754,4263376
994,4263396
194,4263439
192,4263734
382,4264363
1104,4264365
170,4264777
177,4264887
1047,4264931
111,4265219
92,4265250
269,4265298
1041,4265317
570,4265401
804,4265556
697,4265604
197,4265668
604,4265803
196,4266865
197,4266866
361,4266901
177,4266980
447,4267179
649,4267388
652,4267573
59,4267936
952,4267937
952,4268106
690,4268245
692,4268247
956,4268701
275,4268763
996,4268981
652,4269131
526,4269528
527,4269529
955,4269554
382,4269634
1104,4269636
62,4269920
411,4269920
1073,4269994
1072,4270164
194,4270410
195,4270411
90,4270984
994,4271251
866,4271275
781,4271283
982,4271323
201,4271349
1047,4271719
141,4272010
62,4272146
411,4272146
412,4272147
475,4272269
952,4272411
177,4272532
348,4272662
198,4272792
399,4272975
62,4273391
411,4273391
559,4273394
952,4273538
905,4273539
1095,4273839
202,4274108
434,4274282
175,4274306
1098,4274454
693,4274697
444,4274894
274,4274970
275,4274971
88,4275006
89,4275007
90,4275008
195,4275439
524,4275449
956,4275516
957,4275517
605,4275678
982,4275714
996,4275883
758,4275887
964,4276110
722,4276229
1134,4276240
89,4276842
953,4276901
955,4277010
604,4277095
993,4277138
541,4277217
288,4277752
370,4277889
670,4278006
122,4278088
1072,4278194
967,4278367
87,4278403
88,4278404
523,4278465
524,4278466
539,4278756
111,4278807
944,4279025
175,4279087
368,4279409
369,4279410
944,4279413
195,4279732
158,4279821
830,4280007
1113,4280046
542,4280246
1097,4280278
559,4280325
325,4280500
754,4280571
830,4280854
956,4281005
957,4281006
61,4281163
62,4281164
411,4281164
275,4281438
669,4281471
829,4281738
288,4281909
523,4281916
1131,4281945
1041,4282443
286,4282529
286,4282789
1097,4282953
1098,4282954
170,4282983
171,4282984
1113,4283070
952,4283189
382,4283211
383,4283212
197,4283246
520,4283397
521,4283398
478,4283399
690,4283584
829,4284123
198,4284139
976,4284286
977,4284287
62,4284841
411,4284841
63,4284842
830,4285044
176,4285121
866,4285217
564,4285239
1097,4285244
847,4285314
1113,4285417
88,4285582
89,4285583
995,4285971
996,4285972
199,4286092
698,4286360
274,4286365
275,4286423
953,4286669
698,4286983
1047,4287030
191,4287064
688,4287411
288,4287864
63,4288056
90,4288455
570,4288953
478,4289145
479,4289146
88,4289208
89,4289209
90,4289210
829,4289624
1134,4289758
589,4289982
25,4290123
26,4290124
89,4290238
996,4290263
194,4290475
191,4290506
169,4290528
830,4290961
1134,4290988
542,4291024
400,4291107
980,4291122
383,4291402
690,4291864
111,4291889
62,4291927
411,4291927
63,4291928
1108,4291953
56,4292042
1134,4292046
692,4292189
169,4292594
444,4292668
197,4292689
622,4293335
818,4293968
704,4294067
904,4294187
828,4294191
262,4294399
541,4294645
542,4294646
521,4294647
88,4294935
89,4294936
90,4294937
865,4295269
866,4295270
867,4295271
168,4295418
829,4295537
710,4295562
818,4295673
57,4295964
58,4295965
996,4296696
1072,4296939
952,4297041
371,4297186
372,4297187
447,4297196
88,4297325
372,4297328
693,4297524
804,4297606
697,4298395
270,4298624
372,4298952
722,4299124
622,4299206
674,4299322
423,4299337
475,4299643
969,4299847
604,4299887
980,4300128
177,4300337
723,4300988
201,4301012
444,4301262
201,4301309
994,4301364
63,4302180
980,4302212
26,4302236
1041,4302283
697,4302301
111,4302512
382,4302565
544,4302695
1041,4303293
542,4303543
737,4303582
204,4303635
479,4303662
604,4303681
865,4303859
568,4304217
847,4304221
57,4304357
688,4304617
190,4304711
191,4304712
523,4304865
542,4305366
788,4305471
944,4305822
847,4305828
541,4306075
526,4306090
445,4306145
865,4306222
866,4306223
867,4306224
141,4306645
178,4307029
904,4307090
1098,4307414
447,4307730
1106,4307869
1107,4307870
1064,4307892
559,4308153
1073,4308400
944,4308408
698,4308743
177,4308807
722,4309085
1099,4309418
1100,4309419
1101,4309420
197,4309514
558,4309630
967,4309978
994,4310033
275,4310423
448,4310896
1100,4311262
1097,4311351
420,4311352
421,4311353
62,4311859
411,4311859
403,4311950
56,4311980
447,4312012
448,4312013
673,4312125
953,4312159
274,4312271
275,4312272
829,4312281
204,4312320
447,4312432
448,4312433
370,4312513
828,4312625
175,4312727
197,4312736
703,4312773
704,4312774
693,4312944
944,4313765
90,4313791
275,4314200
980,4314325
370,4314453
952,4314555
254,4314559
659,4314909
975,4314958
976,4314959
977,4314960
220,4315106
939,4315323
940,4315324
994,4315521
169,4315545
88,4315568
89,4315569
192,4315910
196,4316626
940,4316739
692,4316810
693,4316811
1106,4316851
209,4317016
122,4317042
445,4317090
1097,4317146
1098,4317147
445,4317410
447,4317412
448,4317413
370,4317504
710,4317588
191,4317660
566,4317693
567,4317694
168,4317792
169,4317793
788,4317813
541,4317817
1041,4317823
1112,4317902
1115,4318017
394,4318039
56,4318225
57,4318226
56,4318289
57,4318290
175,4318343
191,4318575
781,4318980
830,4319024
673,4319107
542,4319132
865,4319147
866,4319148
175,4319672
1081,4320321
474,4320393
522,4320498
523,4320499
690,4320629
479,4321041
288,4321381
973,4321478
479,4321517
288,4321772
541,4321828
125,4322033
383,4322098
275,4322247
1047,4322293
542,4322311
192,4322500
830,4322976
175,4322980
479,4323039
864,4323262
905,4323957
325,4323989
324,4324135
254,4324257
944,4324531
941,4324556
942,4324557
1072,4324702
220,4325476
57,4325590
521,4325709
122,4326031
541,4326106
965,4326119
87,4326243
541,4326253
111,4326292
539,4326326
588,4326516
1115,4326606
111,4326662
1072,4326753
1073,4326754
374,4326905
917,4326940
917,4326941
917,4326942
917,4326943
917,4326944
964,4326994
830,4327057
704,4327189
110,4327512
1073,4327572
638,4327663
847,4327666
1064,4327706
651,4327880
542,4328080
338,4328458
25,4328950
558,4329106
1106,4329185
1107,4329186
651,4329425
622,4329445
348,4329482
955,4329671
371,4329815
372,4329816
650,4329949
722,4330027
421,4330050
722,4330239
62,4330262
411,4330262
542,4330984
952,4331299
169,4331382
567,4331476
567,4331855
577,4332298
528,4332358
61,4332485
560,4333169
874,4333224
201,4333279
1047,4333996
1047,4334989
89,4335344
111,4335747
692,4335887
653,4336084
61,4336266
62,4336267
411,4336267
604,4336308
110,4336459
952,4336509
905,4336510
153,4336632
944,4336729
57,4336765
780,4336954
652,4337087
274,4337650
998,4337668
324,4337669
980,4337735
981,4337736
1047,4337806
847,4337822
370,4338148
541,4338504
976,4338510
977,4338511
254,4338773
255,4338774
270,4338831
270,4339147
973,4339488
122,4339962
175,4339970
849,4340060
168,4340360
62,4340509
411,4340509
980,4340558
559,4340563
688,4340873
61,4340999
62,4341000
411,4341000
1099,4341164
383,4341205
64,4341243
541,4341440
543,4342189
544,4342190
175,4342382
201,4342463
659,4343109
651,4343112
368,4344146
369,4344147
541,4344265
1104,4344809
209,4344845
1072,4345188
828,4345321
952,4345459
676,4345628
445,4345927
447,4345929
952,4346129
953,4346130
788,4346551
445,4346608
604,4346625
1106,4346848
558,4346886
559,4346887
722,4346987
175,4347466
56,4347472
479,4347864
447,4348054
942,4348063
690,4348065
110,4348162
373,4348176
374,4348177
191,4348183
448,4348660
622,4348716
386,4348730
1134,4348769
722,4348894
697,4349629
698,4349630
916,4349719
274,4349977
942,4350066
474,4350086
419,4350241
386,4350361
44,4350364
1104,4350452
198,4350602
191,4350614
192,4350615
638,4350646
847,4350649
722,4350651
847,4350905
697,4351071
444,4351231
110,4351266
570,4351313
940,4351364
444,4351463
697,4351681
698,4351682
403,4351768
941,4351823
541,4351839
445,4351973
444,4352109
400,4352409
478,4352786
193,4352890
110,4352895
169,4352927
697,4352958
604,4353539
270,4353670
90,4354174
973,4354397
500,4354565
447,4355208
81,4355332
944,4355405
830,4355521
703,4355765
419,4355775
195,4355984
177,4356148
965,4356814
96,4356855
275,4356891
693,4357133
447,4357297
383,4357475
944,4357916
810,4358039
1081,4358044
193,4358045
168,4358349
1072,4358957
1073,4358958
474,4358970
324,4359290
325,4359291
542,4359332
521,4359333
1134,4359356
324,4359489
177,4359537
1134,4359753
812,4359768
813,4359769
1047,4359889
977,4359989
622,4360013
941,4360113
269,4360374
270,4360464
270,4360474
558,4360485
192,4360663
523,4360666
177,4361339
178,4361340
518,4361354
673,4361361
944,4361443
260,4361604
201,4361968
673,4361991
674,4361992
674,4362321
904,4362700
973,4363057
361,4363358
169,4363613
864,4363776
673,4363864
1134,4364012
500,4364117
155,4364337
447,4364389
448,4364390
254,4364408
382,4364741
383,4364742
517,4365248
25,4365333
62,4365348
411,4365348
56,4365479
697,4365903
1008,4366090
830,4366215
1098,4366238
1041,4366282
652,4366284
199,4366358
200,4366359
201,4366360
966,4366519
372,4366520
372,4366730
274,4367355
690,4367480
201,4367669
325,4367684
905,4367881
1114,4367961
197,4368179
517,4368294
518,4368295
1090,4368296
1103,4368323
604,4368357
828,4368493
829,4368494
56,4368614
964,4368724
444,4368745
208,4369002
209,4369003
125,4369032
711,4369232
1098,4369270
1008,4369304
1072,4369425
865,4370516
866,4370517
867,4370518
567,4370859
830,4370885
697,4370907
698,4370908
288,4370999
755,4371105
122,4371292
370,4371503
399,4371600
981,4371715
847,4371777
141,4372164
523,4372191
944,4372215
370,4372522
201,4372600
202,4372601
975,4373041
194,4373080
944,4373305
370,4373418
866,4373620
867,4373621
286,4373978
348,4374051
199,4374326
780,4374471
421,4375080
199,4375443
270,4375513
638,4375563
847,4375566
847,4375570
1104,4375745
590,4375969
500,4376189
178,4376285
1041,4376422
956,4376623
1097,4376850
1098,4376851
1008,4376875
370,4376974
521,4377105
905,4377226
638,4377298
286,4377333
386,4377405
703,4377466
92,4377712
373,4377867
374,4377868
342,4377921
25,4378089
168,4378131
169,4378132
96,4378164
967,4378508
1097,4378518
1098,4378519
542,4378920
865,4379334
996,4380055
755,4380102
372,4380253
373,4380254
374,4380255
523,4380464
370,4380686
967,4381015
526,4381071
334,4382034
382,4382036
383,4382037
542,4382052
994,4382174
89,4382568
90,4382569
517,4382743
386,4383169
177,4383382
178,4383383
199,4383391
168,4383431
169,4383432
170,4383433
690,4383505
56,4383585
288,4383765
1097,4384033
1098,4384034
1134,4384085
517,4384324
197,4384606
370,4384627
500,4384727
690,4384849
994,4384863
288,4384955
168,4384984
566,4385287
567,4385288
568,4385289
569,4385290
90,4385479
523,4385482
524,4385483
541,4385655
570,4385934
59,4386000
952,4386001
419,4386003
651,4386030
526,4386035
527,4386036
829,4386426
965,4386853
169,4386867
710,4386959
711,4386960
270,4386981
539,4387306
361,4387324
122,4387474
81,4387584
274,4387792
703,4388301
690,4388693
692,4388695
693,4388696
660,4388777
92,4388958
828,4389190
829,4389191
977,4389267
56,4389271
57,4389272
97,4389482
56,4389622
1072,4389812
412,4389909
1134,4389978
61,4390179
847,4390300
542,4390869
541,4391023
955,4391027
956,4391028
955,4391094
63,4391256
274,4391355
818,4391461
175,4391523
567,4391621
942,4391826
690,4391828
1072,4391880
141,4391999
57,4392079
382,4392360
383,4392361
479,4392497
383,4392964
722,4392982
994,4393145
1113,4393331
444,4393370
693,4393392
61,4393404
1047,4393520
204,4393540
864,4393650
275,4394594
479,4394627
1047,4394704
474,4394989
87,4394991
201,4395154
967,4395387
59,4395452
804,4395462
539,4395565
541,4395567
692,4395815
692,4395919
231,4395996
474,4396011
176,4396111
517,4396334
1090,4396428
275,4396513
56,4396576
57,4396577
56,4397235
542,4397321
447,4397340
448,4397341
500,4397476
63,4397530
865,4397583
447,4397616
167,4397761
447,4397859
955,4397880
56,4397942
190,4397945
191,4397946
964,4398105
56,4398358
904,4398419
604,4398436
372,4398524
97,4398580
1047,4398594
711,4398738
61,4398785
62,4398786
411,4398786
559,4398916
1097,4398985
1041,4399015
1134,4399150
690,4399514
169,4399973
953,4400079
474,4400231
996,4400983
940,4401066
942,4401366
96,4401523
866,4401603
692,4401649
90,4401762
530,4401819
1047,4402128
994,4402182
864,4402338
444,4402512
444,4402617
673,4402843
736,4402997
829,4403127
111,4403320
1018,4403466
201,4403557
125,4403592
444,4403889
445,4403890
939,4403952
940,4403953
61,4404731
62,4404732
411,4404732
1106,4404751
56,4404801
224,4404804
996,4404861
196,4404865
197,4404866
652,4404906
479,4405316
153,4405396
847,4405440
1134,4405528
698,4405774
1041,4405836
829,4405916
195,4406413
1072,4406421
444,4406688
191,4406728
178,4407067
847,4407201
952,4407416
780,4407423
874,4407439
166,4407474
167,4407475
168,4407476
169,4407477
955,4407518
830,4407706
194,4407765
1131,4408023
178,4408199
178,4408307
275,4408311
158,4408330
623,4408356
977,4408420
818,4408543
199,4408549
866,4408726
867,4408727
56,4409175
973,4409202
383,4409923
692,4410125
604,4410321
1103,4410365
274,4410411
275,4410412
944,4410422
447,4410479
90,4410690
520,4410778
693,4410892
175,4411025
690,4411817
348,4411878
981,4412322
904,4412352
110,4412618
111,4412619
445,4412928
122,4413105
944,4413243
194,4413425
693,4413469
382,4413605
692,4414307
1134,4414478
445,4414637
710,4414858
973,4415294
541,4415708
674,4415715
652,4415848
58,4416001
59,4416002
952,4416003
818,4416407
622,4416836
722,4416919
973,4416976
88,4417158
89,4417159
941,4417230
942,4417231
944,4417301
697,4417347
698,4417348
87,4417378
61,4417546
62,4417547
411,4417547
710,4417565
87,4417900
697,4417908
1134,4418293
455,4418529
994,4418623
81,4418775
674,4419070
288,4419165
1100,4419603
944,4419702
399,4419708
419,4419819
1098,4419820
704,4419836
690,4420240
847,4420263
87,4420325
419,4420479
1098,4420480
169,4420568
196,4421010
847,4421045
711,4421433
171,4421605
372,4421648
373,4421649
56,4421870
525,4422119
526,4422120
1106,4422866
1107,4422867
399,4422984
176,4422993
542,4423081
521,4423082
690,4423131
622,4423241
125,4423405
847,4424036
576,4424216
955,4424275
956,4424276
542,4424671
201,4424693
528,4424717
956,4425140
957,4425141
194,4425471
209,4425634
944,4425676
474,4425895
195,4426127
196,4426128
197,4426129
419,4426686
382,4426821
1104,4426823
965,4427160
370,4427548
688,4427626
176,4427691
1134,4427766
576,4428161
168,4428191
399,4428339
693,4428352
828,4428366
994,4428467
692,4428910
479,4429505
122,4429517
994,4429566
1095,4429868
169,4429912
847,4430140
445,4430229
604,4430245
61,4430456
62,4430457
411,4430457
412,4430458
965,4430715
419,4430817
274,4431088
220,4431339
542,4431542
870,4431546
348,4432214
1108,4432333
942,4432367
588,4432717
737,4432752
220,4432809
25,4433530
520,4433636
298,4434211
1041,4434490
867,4434647
1008,4434756
975,4434776
952,4434779
722,4434794
781,4435034
286,4435216
818,4435224
905,4435396
209,4435456
520,4435561
56,4435988
1134,4436292
96,4436571
955,4437125
956,4437126
96,4437767
399,4438023
692,4438290
1047,4438333
955,4438687
517,4439157
199,4439178
781,4439669
158,4439815
539,4439885
1104,4439938
830,4440026
710,4440059
192,4440152
1106,4440560
1072,4440582
209,4440590
829,4440635
200,4440716
201,4440717
952,4440761
559,4440882
1081,4441118
195,4441144
191,4441289
288,4441873
196,4441882
197,4441883
651,4441893
942,4442010
403,4442182
975,4442270
976,4442271
977,4442272
169,4442354
170,4442355
955,4442489
652,4442551
270,4442624
399,4442664
400,4442665
1099,4442790
688,4443200
421,4443419
690,4443445
754,4443462
977,4443728
692,4444138
1006,4444228
566,4444460
567,4444461
693,4444528
964,4444596
722,4444608
194,4444844
195,4444845
489,4444910
324,4445069
403,4445082
722,4445104
92,4445109
789,4445171
288,4445251
199,4445271
539,4445301
1097,4445363
230,4445364
1110,4445438
698,4445596
754,4445827
92,4445902
88,4445928
89,4445929
90,4445930
479,4445933
25,4446308
688,4446380
676,4446393
905,4446422
690,4446488
196,4446492
197,4446493
829,4446501
955,4446519
204,4446793
980,4446802
192,4447061
63,4447150
56,4447481
576,4447584
57,4447608
737,4447740
369,4448221
651,4448371
382,4448426
1104,4448428
274,4448463
521,4448478
191,4448514
192,4448515
566,4448608
567,4448609
539,4448648
692,4448859
169,4448946
192,4449018
953,4449219
965,4449411
1104,4449413
964,4449458
154,4450158
288,4450194
692,4450237
1100,4450384
780,4450820
829,4450944
829,4450999
830,4451000
830,4451158
539,4451239
191,4451376
192,4451377
523,4451380
89,4451759
690,4451761
692,4451763
96,4451787
169,4452114
523,4452259
198,4452911
952,4452925
1041,4452961
141,4453137
818,4453249
192,4453331
63,4453412
64,4453413
956,4453692
1107,4453752
828,4453971
288,4454102
444,4454159
520,4454162
1106,4454366
286,4454400
976,4454712
977,4454713
956,4454761
622,4454848
169,4455148
528,4455267
521,4455715
445,4456054
194,4456123
195,4456124
270,4456622
698,4456676
956,4456920
274,4456992
61,4456999
62,4457000
411,4457000
904,4457411
444,4457624
865,4457795
170,4457868
171,4457869
154,4458293
111,4458444
192,4458657
475,4458686
953,4459160
539,4459246
192,4459305
541,4459575
1047,4459939
479,4460022
334,4460199
62,4460470
411,4460470
870,4460577
865,4460663
692,4460780
528,4461125
254,4461184
274,4461194
1121,4461607
1107,4461998
953,4462082
944,4462300
122,4462332
690,4462458
975,4462614
976,4462615
977,4462616
1090,4462696
383,4462724
673,4463017
197,4463041
370,4463145
965,4463362
965,4463392
1104,4463394
965,4463635
373,4463829
374,4463830
973,4463928
571,4464005
965,4464057
1104,4464059
829,4464405
447,4464719
122,4464953
690,4464962
605,4465103
199,4465124
1072,4465618
693,4465737
781,4466102
964,4466116
198,4466173
566,4466224
567,4466225
758,4466560
790,4466576
175,4466579
566,4466639
567,4466640
568,4466641
952,4466726
288,4466855
710,4466897
541,4467098
542,4467099
870,4467556
690,4467671
56,4467685
57,4467686
604,4467858
980,4467978
981,4467979
982,4467980
177,4468447
942,4468685
269,4468756
447,4468910
878,4468923
62,4468934
411,4468934
520,4468972
559,4469154
559,4469189
169,4469396
209,4469599
122,4469646
690,4470130
445,4470348
690,4470391
977,4470431
847,4470436
1134,4470562
196,4470909
197,4470910
973,4471372
1108,4471535
710,4471629
274,4472318
942,4472460
175,4472725
394,4473628
905,4473660
964,4473699
965,4473700
383,4473760
1081,4473779
193,4473780
690,4473871
673,4473887
692,4473904
542,4473994
692,4474089
1100,4474105
445,4474730
498,4475025
499,4475026
274,4475832
567,4475987
942,4476246
878,4476376
421,4476510
1134,4476647
692,4476709
1041,4476748
1047,4476970
56,4477081
944,4477201
220,4477302
1134,4477306
288,4477404
697,4477840
698,4477841
56,4478193
122,4478347
659,4478522
456,4478723
361,4479014
370,4479085
998,4479095
324,4479096
810,4479119
88,4479428
89,4479429
197,4479565
692,4479569
693,4479570
692,4479677
693,4479678
269,4479699
419,4480042
230,4480043
231,4480044
1081,4480176
269,4480226
171,4480392
209,4480452
373,4480790
374,4480791
90,4480919
158,4481188
370,4481317
197,4481994
198,4481995
955,4482073
286,4482219
111,4482412
829,4482530
917,4482589
917,4482590
829,4482615
420,4482696
780,4482725
25,4483561
110,4483846
944,4483849
59,4483925
942,4483982
697,4484372
25,4484391
967,4484540
812,4484796
813,4484797
674,4484822
169,4484830
170,4484831
847,4485034
168,4485231
528,4485315
973,4485420
952,4485520
847,4485861
622,4485925
830,4486129
419,4486245
62,4486303
411,4486303
542,4486556
688,4486562
973,4487305
659,4487313
26,4487576
1072,4487681
1134,4487691
604,4488052
275,4488342
542,4488437
195,4488482
196,4488483
197,4488484
169,4489432
170,4489433
177,4489609
178,4489610
382,4489621
638,4490134
447,4490427
445,4490551
56,4490860
175,4491110
177,4491194
209,4491199
539,4491362
638,4491717
943,4491791
434,4491823
370,4491839
1101,4491975
1115,4492085
944,4492157
576,4492165
1047,4493141
92,4493311
528,4493371
702,4493382
965,4493729
275,4493920
361,4493981
526,4494142
338,4494426
1106,4494434
1072,4494454
177,4494499
692,4494578
275,4494971
828,4495215
994,4495235
262,4495239
325,4495497
194,4495805
122,4495851
1041,4495895
56,4496199
191,4496328
25,4496466
26,4496467
169,4496935
697,4496946
399,4496996
956,4497265
957,4497266
500,4497557
394,4497642
569,4497673
570,4497674
630,4497770
690,4497821
722,4497902
674,4497931
88,4497966
941,4498756
942,4498757
690,4498759
169,4498763
855,4498817
690,4498888
692,4498890
693,4498891
539,4499100
559,4499160
865,4499237
866,4499238
520,4499393
25,4499644
878,4500002
542,4500065
651,4500276
178,4500743
698,4500744
818,4501354
369,4501443
847,4501577
973,4501590
904,4501821
570,4501828
204,4501838
847,4502014
638,4502054
969,4502063
944,4502204
722,4502332
419,4502354
944,4502528
604,4502695
953,4502769
904,4503071
517,4503079
722,4503113
125,4503168
539,4503467
447,4503651
474,4503871
692,4503921
804,4504244
372,4504295
373,4504296
194,4504739
818,4504826
96,4505117
693,4505323
361,4505552
965,4505641
169,4505687
170,4505688
542,4506183
286,4506593
1041,4506614
847,4506642
572,4506646
568,4506747
539,4507102
56,4507326
697,4507428
710,4507629
711,4507630
952,4507632
973,4507787
445,4507880
447,4507882
479,4508472
864,4508654
194,4508754
967,4508837
690,4508939
973,4509028
445,4509127
394,4509320
166,4509541
167,4509542
168,4509543
1081,4509978
690,4510060
370,4510088
63,4510122
1047,4510143
96,4510160
1106,4510577
828,4510806
1110,4511349
539,4511586
176,4511638
953,4511753
288,4511959
864,4512058
419,4512208
420,4512209
421,4512210
288,4512795
722,4512913
445,4512939
382,4512963
175,4512968
260,4513042
1047,4513077
1047,4513616
525,4513742
526,4513743
690,4513884
274,4513930
564,4514057
1107,4514090
541,4514261
994,4514421
693,4514867
571,4514936
370,4514996
953,4515020
520,4515119
1121,4515125
288,4515238
191,4515304
25,4515443
758,4515546
177,4516074
178,4516075
698,4516190
698,4516385
1110,4516475
864,4516629
1081,4516706
193,4516707
722,4516843
477,4516848
478,4516849
178,4516862
288,4516948
1036,4517014
967,4517015
489,4517065
864,4517422
942,4517477
274,4517545
269,4517678
60,4517793
818,4517918
87,4518077
447,4518078
517,4518206
90,4518550
370,4518576
541,4518741
56,4519341
528,4519533
1101,4519550
420,4519853
421,4519854
952,4520493
953,4520494
175,4520556
690,4520721
175,4520948
1072,4521279
25,4521468
638,4521575
176,4521799
1112,4521812
419,4521907
274,4522036
1106,4522153
96,4522276
830,4522789
192,4522900
169,4522904
370,4522993
175,4523009
867,4523016
479,4523032
1047,4523041
526,4523342
1134,4523370
25,4523719
956,4523923
399,4523934
400,4523935
1047,4523944
523,4524067
524,4524068
208,4524110
191,4524257
274,4524268
904,4524382
196,4524395
955,4524471
905,4524726
56,4524740
57,4524741
977,4524828
274,4524934
254,4525083
676,4525121
520,4525278
448,4525411
1100,4525480
622,4525791
81,4525809
193,4525848
722,4525920
723,4525921
980,4526085
944,4526179
198,4526202
964,4526332
952,4526377
168,4526645
169,4526646
170,4526647
171,4526648
781,4526717
943,4527053
231,4527239
110,4527356
111,4527357
270,4527672
92,4528000
209,4528239
412,4528253
175,4528729
176,4528730
200,4528854
201,4528855
334,4528958
335,4528959
1036,4529057
372,4529058
445,4529215
383,4529324
755,4529387
170,4529770
722,4529893
964,4530032
1131,4530093
86,4530165
965,4531294
447,4531587
448,4531588
199,4531821
200,4531822
201,4531823
1041,4532168
361,4532487
86,4532494
274,4532605
866,4532720
867,4532721
198,4532820
866,4532877
528,4533031
1047,4533217
847,4533467
447,4533576
419,4533886
288,4533973
965,4533988
334,4534153
194,4534292
419,4534309
1008,4534428
737,4534555
1041,4535108
202,4535176
197,4535479
479,4535483
324,4535680
994,4536092
693,4536169
944,4536351
57,4536361
834,4536407
368,4536732
369,4536733
812,4536842
813,4536843
361,4537039
62,4537152
411,4537152
63,4537153
1134,4537274
447,4537430
25,4537583
61,4537789
62,4537790
411,4537790
63,4537791
57,4538078
403,4538118
525,4538152
526,4538153
818,4538391
780,4538512
275,4538639
710,4538761
25,4538867
521,4539229
178,4539922
1134,4540057
522,4540108
523,4540109
539,4540712
288,4541100
942,4541436
969,4541513
111,4541516
372,4542265
965,4542333
58,4543271
141,4543359
521,4543515
478,4543516
1047,4543578
558,4543652
1008,4543677
194,4543845
692,4543929
92,4544501
905,4544687
154,4544726
25,4544784
421,4545172
361,4545414
169,4545459
1072,4545681
692,4546177
870,4546189
396,4546209
1089,4546209
566,4546410
567,4546411
568,4546412
569,4546413
57,4546435
952,4546934
952,4546949
92,4547058
525,4547360
526,4547361
604,4547551
1134,4547566
943,4547635
444,4547697
231,4547970
541,4548013
542,4548014
541,4548118
542,4548119
722,4548234
1107,4548255
818,4548393
394,4548723
395,4548724
110,4548730
1114,4548791
558,4548962
847,4549065
399,4549086
288,4549209
231,4549232
830,4549378
125,4549446
383,4549485
973,4549545
56,4549653
828,4549711
622,4549770
623,4549771
651,4550336
361,4550804
830,4550853
517,4550989
977,4551037
153,4551052
867,4551215
941,4551315
1100,4551392
1101,4551393
865,4551486
955,4551523
956,4551524
286,4551772
89,4551960
564,4552342
692,4552429
1047,4552435
191,4552449
192,4552450
122,4552551
690,4552578
361,4552803
976,4553320
865,4553542
866,4553543
867,4553544
975,4553774
976,4553775
977,4553776
622,4553822
623,4553823
479,4553973
965,4554043
498,4554116
499,4554117
500,4554118
967,4554299
445,4554357
479,4554492
170,4554522
965,4555057
1103,4555066
474,4555425
445,4555538
170,4555725
964,4555884
965,4555885
965,4556338
541,4557012
692,4557124
288,4557218
90,4557313
400,4557433
690,4557994
192,4558024
445,4558276
386,4558466
61,4558605
62,4558606
411,4558606
88,4558715
89,4558716
90,4558717
1097,4558754
269,4558983
980,4559646
125,4559817
96,4559945
97,4559946
558,4560111
56,4560217
966,4560518
975,4560616
976,4560617
977,4560618
955,4560837
652,4560899
270,4560973
1099,4561139
688,4561550
421,4561769
690,4561795
754,4561812
977,4562078
697,4562431
692,4562489
288,4562554
289,4562555
57,4562640
693,4562962
964,4563030
722,4563042
194,4563278
195,4563279
489,4563345
849,4563456
324,4563503
403,4563516
722,4563538
92,4563543
789,4563605
288,4563685
199,4563705
539,4563735
1097,4563797
230,4563798
1110,4563872
698,4564030
422,4564146
754,4564260
541,4564336
1097,4564339
88,4564361
89,4564362
90,4564363
479,4564366
25,4564740
688,4564812
676,4564825
905,4564854
690,4564920
196,4564924
197,4564925
829,4564933
955,4564951
204,4565225
980,4565234
192,4565493
63,4565582
56,4565913
576,4566016
1047,4566279
171,4566328
781,4566366
445,4566476
63,4566997
518,4567180
659,4567378
386,4567428
1047,4567733
1048,4567734
1106,4567837
1047,4567894
372,4568126
56,4568407
57,4568408
208,4568556
274,4568669
489,4568876
196,4568923
197,4568924
544,4569266
1073,4569424
539,4569526
541,4569562
1050,4569654
1113,4569818
944,4569934
944,4570102
400,4570108
905,4570117
325,4570243
175,4570551
197,4570589
993,4570649
542,4570821
638,4570822
56,4570827
57,4570828
125,4571304
542,4571428
1036,4571452
967,4571453
1073,4571461
870,4572077
1081,4572291
1081,4572800
193,4572801
196,4572901
197,4572902
973,4573137
542,4573432
521,4573433
158,4573470
528,4573538
191,4573624
955,4573697
788,4573723
88,4573734
953,4573784
818,4573888
638,4574248
122,4574452
855,4574576
704,4575018
566,4575246
1011,4575249
474,4575578
198,4575606
1041,4575981
673,4576025
1131,4576358
478,4576481
444,4576833
195,4576935
638,4577031
847,4577036
690,4577077
866,4577332
867,4577333
169,4577380
170,4577381
818,4577423
570,4577518
818,4577986
693,4578225
829,4578759
25,4578938
298,4578940
865,4579011
866,4579012
867,4579013
965,4579226
517,4579232
865,4579340
342,4579390
676,4579402
170,4579501
564,4580040
445,4580325
400,4580359
401,4580360
649,4580394
444,4580548
194,4580893
697,4580900
1106,4581044
944,4581071
386,4581143
372,4581536
202,4581891
676,4582025
111,4582298
175,4582667
558,4582742
61,4583054
62,4583055
411,4583055
169,4583110
261,4583270
478,4583278
1098,4583451
692,4583681
168,4583768
196,4583808
197,4583809
1107,4583897
564,4584275
445,4584366
444,4584578
520,4584581
521,4584582
122,4584757
479,4584800
570,4584832
866,4584959
867,4584960
25,4584986
26,4584987
539,4585341
690,4585901
195,4585942
688,4586024
479,4586136
1072,4586218
690,4586252
541,4586312
175,4586552
444,4586557
122,4586742
980,4586967
830,4587062
111,4587531
955,4587589
1048,4587718
1134,4587803
847,4587950
447,4588080
208,4588487
604,4588779
141,4589026
155,4589495
855,4589663
952,4589879
474,4589885
576,4589981
198,4590312
818,4590387
651,4590410
447,4590633
448,4590634
57,4590770
996,4590852
955,4590972
956,4590973
525,4590986
275,4591142
690,4591151
521,4591270
478,4591271
194,4591459
274,4591742
674,4591759
994,4591787
942,4591962
737,4592101
478,4592111
361,4592114
1041,4592176
474,4592655
539,4592901
399,4592904
693,4593100
1081,4593121
659,4593408
197,4593678
651,4593681
604,4593722
110,4593796
111,4593797
369,4593915
944,4594026
905,4594255
1106,4594951
847,4595020
847,4595058
865,4595065
368,4595251
1134,4595328
828,4595375
541,4595722
789,4595816
964,4595850
965,4595851
954,4595967
111,4595976
270,4596226
110,4596526
480,4596610
1072,4596646
254,4596838
196,4597157
197,4597158
56,4597191
286,4597193
288,4597374
1134,4597428
870,4597466
692,4597520
828,4597547
334,4597617
88,4597745
89,4597746
57,4597831
973,4597849
956,4597874
847,4597911
220,4598206
722,4598452
1009,4598660
1010,4598661
541,4598663
25,4598715
175,4598948
539,4598956
541,4598958
62,4599206
411,4599206
170,4599229
57,4599897
421,4599957
528,4599963
399,4600150
370,4600180
638,4600272
576,4600276
692,4600282
541,4600300
177,4600511
178,4600512
571,4600623
197,4600628
953,4600684
941,4600850
1106,4600917
274,4601142
651,4601233
904,4601317
541,4601619
622,4601767
829,4601848
830,4601849
394,4602224
61,4602509
62,4602510
411,4602510
63,4602511
980,4602659
1073,4602876
847,4603153
904,4603466
479,4603520
1100,4603549
1131,4603624
847,4603636
965,4604069
571,4604121
386,4604334
197,4604441
400,4604693
25,4604965
383,4605014
111,4605536
690,4605562
1106,4605608
622,4605754
1072,4605825
1106,4605890
230,4605957
954,4606450
955,4606451
382,4606500
383,4606501
940,4606614
1104,4606650
1106,4606652
383,4606772
421,4606876
941,4606949
942,4606950
178,4607039
231,4607301
1106,4607363
994,4607479
194,4607685
175,4607727
1106,4608101
1107,4608102
944,4608157
722,4608599
956,4608678
660,4608935
298,4609240
91,4609484
92,4609485
847,4609594
274,4609609
964,4609746
965,4609747
177,4609835
698,4609949
818,4610018
653,4610144
541,4610328
520,4610628
697,4610737
288,4610853
789,4610882
1073,4610898
386,4610950
847,4611225
953,4611272
209,4611389
638,4611768
781,4611837
275,4612189
276,4612190
1072,4612359
1073,4612360
955,4612408
576,4612693
88,4612880
89,4612881
90,4612882
942,4613094
275,4613370
56,4613428
942,4613433
690,4613435
1107,4613440
944,4613509
141,4613573
382,4613585
383,4613586
941,4613697
1113,4613977
1113,4614069
1104,4614169
965,4614290
275,4614496
25,4614845
26,4614846
474,4614879
737,4615451
975,4615866
976,4615867
977,4615868
673,4615884
518,4616043
1090,4616044
692,4616114
479,4616219
944,4616315
479,4616345
704,4616545
201,4616657
58,4616972
722,4617126
88,4618028
967,4618031
690,4618315
193,4618416
651,4618875
697,4619182
698,4619183
699,4619184
722,4619232
673,4619339
939,4619455
940,4619456
122,4619509
905,4619549
56,4620351
56,4620555
57,4620556
58,4620557
478,4620613
479,4620614
1134,4620990
967,4621041
941,4621406
110,4621511
111,4621512
866,4621534
867,4621535
571,4621537
138,4621598
904,4621662
170,4621951
905,4622049
444,4622073
956,4622221
994,4622263
274,4622387
275,4622388
260,4622895
688,4622898
1104,4623074
445,4623111
447,4623113
231,4623368
154,4623558
973,4623604
88,4623928
539,4624490
967,4624805
479,4625297
955,4625392
1072,4625439
274,4626115
286,4626244
830,4626519
89,4626542
523,4626644
59,4626739
952,4626740
526,4626871
819,4627382
288,4627470
518,4627740
478,4627877
479,4627878
480,4627879
368,4627936
170,4627980
361,4628231
270,4628266
1041,4628553
201,4628603
539,4628669
544,4628981
288,4629376
828,4629401
829,4629402
604,4629810
111,4629992
270,4630001
604,4630063
1097,4630089
420,4630090
421,4630091
690,4630097
1018,4630512
62,4630895
411,4630895
905,4631418
194,4631435
544,4631585
1047,4631641
528,4631734
288,4631953
943,4632063
588,4632300
589,4632301
590,4632302
847,4632341
62,4632398
411,4632398
368,4632490
230,4632682
231,4632683
394,4633140
698,4633157
698,4633428
220,4633837
673,4634090
674,4634091
169,4634374
829,4634400
967,4634639
500,4634669
288,4634915
422,4635051
558,4635089
197,4635221
589,4635248
722,4635297
169,4635342
866,4635355
828,4635405
697,4635460
698,4635461
944,4635588
975,4635614
976,4635615
220,4635648
1072,4635969
994,4636039
944,4636102
87,4636125
220,4636233
874,4636316
383,4636523
141,4637012
447,4637041
737,4637108
373,4637909
374,4637910
952,4637973
419,4638072
788,4638126
177,4638174
445,4638404
1095,4638787
690,4638877
566,4639045
447,4639543
448,4639544
1104,4639746
447,4639814
1073,4640087
604,4640108
197,4640160
697,4640165
1107,4640768
445,4641078
870,4641154
944,4641233
956,4641413
957,4641414
958,4641415
959,4641416
981,4641799
982,4641800
967,4641807
260,4641818
955,4641836
956,4641837
957,4641838
1104,4641927
445,4641970
270,4642307
1047,4642560
518,4642571
973,4643283
541,4643649
86,4644258
456,4644282
904,4644287
199,4644634
965,4644681
673,4644694
383,4644778
1081,4644948
193,4644949
541,4644973
542,4644974
638,4644975
942,4645086
191,4645175
723,4645180
445,4645247
539,4645385
275,4645397
975,4645408
976,4645409
977,4645410
479,4645457
122,4645671
194,4645851
1131,4646042
475,4646204
944,4646276
444,4646434
59,4646466
541,4646476
780,4646711
370,4646745
288,4646764
288,4646785
194,4646871
904,4646970
571,4647128
1019,4647137
25,4647180
178,4647478
373,4647596
374,4647597
59,4647966
952,4647967
274,4648161
274,4648380
1081,4648759
944,4648794
737,4648962
865,4649048
969,4649092
1081,4649160
25,4649505
847,4649652
1108,4649742
269,4650048
659,4650224
1106,4650399
781,4650614
286,4650619
445,4650680
697,4650731
855,4650945
651,4651064
652,4651065
394,4651424
395,4651425
558,4651549
830,4651581
688,4651682
964,4651932
1113,4652046
198,4652056
57,4652075
781,4652103
444,4652350
818,4652592
288,4652783
286,4653197
1104,4653334
220,4653412
1036,4653751
967,4653752
447,4653853
448,4653854
198,4653865
1104,4653997
434,4654224
541,4654613
690,4654813
847,4654911
1047,4655114
529,4655350
1072,4655371
517,4655386
518,4655387
399,4655432
400,4655433
200,4655450
201,4655451
198,4655462
87,4655695
941,4655824
522,4655993
1072,4656061
382,4656391
758,4656585
141,4656661
980,4656840
539,4656915
953,4657135
1047,4657231
1048,4657232
954,4657321
541,4657420
559,4657578
479,4657658
753,4657857
965,4658071
944,4658086
178,4658209
693,4658569
474,4658666
154,4658824
92,4658861
196,4659004
175,4659067
275,4659134
690,4659892
539,4659931
175,4660698
288,4661023
199,4661029
570,4661188
274,4661218
498,4661227
499,4661228
191,4661375
122,4661445
325,4661581
81,4661586
201,4661628
202,4661629
348,4661631
61,4661826
62,4661827
411,4661827
952,4661839
975,4661857
976,4661858
977,4661859
566,4661870
567,4661871
568,4661872
1106,4661906
170,4662154
269,4662176
904,4662695
419,4662697
168,4662978
169,4662979
655,4663013
274,4663516
274,4663546
673,4663629
270,4663707
980,4663783
1072,4663869
996,4663911
866,4664071
1100,4664605
904,4664701
176,4665817
201,4665938
274,4666123
382,4666140
168,4666424
973,4666678
698,4666786
699,4666787
194,4667210
1097,4667457
1098,4667458
194,4668298
170,4668336
61,4668404
195,4668461
370,4668526
190,4668628
286,4668876
334,4668983
673,4669112
1106,4669431
528,4669531
1107,4669752
1108,4669753
692,4670071
194,4670180
829,4670354
57,4670584
692,4670591
994,4670704
92,4670851
1107,4670860
702,4670882
703,4670883
704,4670884
542,4671062
638,4671063
524,4671213
849,4671338
191,4671435
529,4671518
998,4672115
324,4672116
967,4672179
541,4672360
576,4672547
941,4672659
942,4672660
167,4672842
168,4672843
1098,4673001
758,4673015
847,4673218
110,4673281
953,4673509
1097,4673803
1106,4673825
870,4674107
444,4674433
383,4674474
479,4674727
480,4674728
1104,4674854
668,4674931
964,4674940
965,4674941
199,4675371
200,4675372
201,4675373
877,4675448
177,4675524
178,4675525
57,4675812
1134,4675986
191,4676022
192,4676023
193,4676605
1095,4676740
473,4676770
474,4676771
847,4676785
1018,4676835
847,4676846
544,4676949
105,4676954
474,4677188
475,4677189
847,4677206
520,4677552
965,4677613
204,4677765
63,4677865
25,4677960
1115,4678004
1081,4678040
758,4678315
170,4678475
667,4678844
965,4678873
1104,4678875
956,4678929
957,4678930
1041,4679206
63,4679462
192,4679547
953,4679590
1103,4679617
334,4679804
56,4680029
1041,4680329
61,4680409
372,4680594
737,4680765
576,4680768
412,4680957
1131,4681043
455,4681136
1106,4681653
209,4681867
325,4681910
474,4681946
478,4682295
288,4682376
847,4682533
403,4682730
674,4682774
675,4682775
676,4682776
274,4682982
1012,4683080
88,4683268
89,4683269
220,4683325
698,4683458
847,4683496
539,4683550
954,4683685
1104,4683800
1106,4683802
1107,4683803
559,4683891
386,4684430
197,4684538
1081,4684675
193,4684676
526,4684849
967,4685053
1099,4685179
1100,4685180
788,4685328
605,4685350
138,4685935
370,4686199
525,4686387
737,4686459
170,4686697
86,4686996
973,4687261
651,4687308
1134,4687356
520,4687392
445,4687471
370,4687600
589,4687620
274,4687715
275,4687716
952,4687853
577,4687932
88,4688042
89,4688043
866,4688275
867,4688276
270,4688505
955,4688652
199,4689278
447,4689454
448,4689455
167,4689540
168,4689541
1106,4689744
829,4689801
275,4689810
866,4689917
867,4689918
200,4689923
201,4689924
976,4690263
703,4690337
692,4690494
967,4690663
169,4690672
690,4690707
965,4691025
965,4691154
1097,4691538
1098,4691539
944,4691581
260,4691721
667,4691829
383,4691889
197,4691933
175,4692202
818,4692387
479,4692589
944,4692756
25,4692923
26,4692924
370,4693016
201,4693205
445,4693357
141,4693637
690,4693766
692,4693768
539,4693840
541,4693842
713,4694002
714,4694003
942,4694104
528,4694129
419,4694260
973,4694567
589,4694579
286,4694632
141,4694752
715,4694767
1131,4694801
199,4694956
526,4694967
288,4695106
230,4695408
520,4695691
864,4695749
170,4695797
754,4695957
866,4695991
383,4696102
122,4696444
523,4696816
372,4696830
698,4696885
348,4696933
96,4696940
444,4696960
201,4697063
964,4697142
692,4697237
169,4697381
25,4697470
994,4697816
342,4697868
564,4697880
168,4697891
975,4698479
976,4698480
977,4698481
169,4698563
170,4698564
955,4698700
652,4698762
270,4698836
1099,4699002
688,4699412
421,4699631
690,4699657
754,4699674
977,4699940
697,4700299
1006,4700533
566,4700765
567,4700766
693,4700833
964,4700901
722,4700913
194,4701149
195,4701150
489,4701214
324,4701373
403,4701386
722,4701408
92,4701413
789,4701475
288,4701555
199,4701575
539,4701605
1097,4701667
230,4701668
1110,4701742
698,4701900
754,4702131
92,4702206
88,4702232
89,4702233
90,4702234
479,4702237
25,4702611
688,4702681
676,4702694
905,4702723
690,4702789
196,4702793
197,4702794
829,4702802
955,4702820
204,4703094
980,4703103
192,4703362
63,4703451
56,4703782
576,4703885
917,4703990
520,4704109
1099,4704206
905,4704250
904,4704331
288,4704558
964,4704782
1134,4704843
254,4705014
62,4705232
411,4705232
199,4705252
200,4705253
201,4705254
202,4705255
566,4705272
567,4705273
1134,4705322
96,4705414
1134,4705462
448,4705583
61,4705679
722,4705747
674,4705779
88,4706115
955,4706478
169,4706535
737,4706613
576,4706748
177,4707414
690,4707565
940,4707719
697,4707781
541,4707936
479,4708467
520,4708572
1047,4708591
944,4708643
676,4709067
604,4709197
967,4709241
539,4709256
288,4709628
944,4709842
192,4709957
956,4710051
849,4710388
967,4710417
56,4710422
529,4710541
955,4710583
865,4710697
1099,4710851
541,4711176
542,4711177
1103,4711232
855,4711326
196,4711465
197,4711466
818,4711547
916,4711604
520,4711679
855,4711734
275,4711923
400,4712159
169,4712293
170,4712294
566,4712340
567,4712341
753,4712442
567,4712665
570,4712676
567,4712707
568,4712708
1047,4713028
544,4713126
57,4713217
1041,4713298
866,4713303
445,4713330
560,4713359
905,4713482
382,4713546
177,4714016
87,4714135
818,4714185
520,4714280
865,4714355
692,4714535
905,4714910
542,4714935
638,4714936
269,4715452
520,4715543
539,4715772
25,4715873
955,4715956
542,4715978
1106,4716047
1107,4716048
541,4716120
566,4716676
567,4716677
168,4716721
169,4716722
523,4716892
541,4717088
1041,4717133
177,4717149
386,4717179
969,4717217
111,4717220
444,4717251
956,4717264
518,4717281
572,4717400
444,4717833
169,4717995
370,4718189
1047,4718260
604,4718303
542,4718321
81,4718340
542,4718405
110,4718518
168,4718588
197,4718642
566,4718800
567,4718801
518,4718831
444,4718906
445,4718907
539,4718955
955,4718960
904,4719157
865,4719167
198,4719476
520,4719635
75,4719673
176,4719723
209,4719899
255,4719967
521,4720218
478,4720219
270,4720239
576,4720293
342,4720502
61,4720581
688,4720738
944,4720740
528,4720862
191,4721215
192,4721216
541,4721519
542,4721520
690,4721630
1047,4721762
965,4721794
197,4721799
254,4722200
419,4722367
1098,4722368
956,4722505
953,4722910
168,4723142
847,4723505
260,4723575
323,4723834
324,4723835
445,4724360
964,4724528
965,4724700
382,4724754
905,4725393
178,4725459
698,4725460
444,4725573
447,4725644
674,4725700
169,4726496
170,4726497
478,4727103
956,4727108
668,4727324
737,4727380
288,4727460
175,4727465
92,4727909
88,4728080
361,4728175
690,4728500
870,4728523
445,4728695
944,4728715
270,4729101
1107,4729246
1108,4729247
192,4729859
676,4730253
521,4730305
690,4730320
952,4730427
361,4730567
57,4730660
197,4730775
361,4730821
196,4730835
197,4730836
194,4730839
918,4731086
195,4731224
196,4731225
567,4731324
568,4731325
361,4731332
92,4731516
566,4731667
567,4731668
400,4731873
401,4731874
175,4731893
274,4731981
479,4732052
89,4733107
90,4733108
692,4733243
56,4733289
57,4733290
197,4733514
904,4733595
86,4733629
566,4733697
567,4733698
973,4733770
202,4733843
193,4733993
674,4734034
86,4734103
370,4734188
1047,4734196
62,4734225
411,4734225
479,4734569
521,4734582
692,4734874
690,4734917
977,4735290
964,4735358
192,4735366
270,4735377
706,4735679
965,4735770
847,4735847
171,4735929
965,4736355
394,4736480
866,4736623
445,4736767
790,4736828
479,4737478
194,4737607
847,4737662
526,4737710
692,4738471
261,4738510
674,4738737
474,4738776
543,4738822
544,4738823
847,4738857
955,4738955
652,4739017
270,4739091
399,4739131
400,4739132
1099,4739257
688,4739667
421,4739886
690,4739912
754,4739929
977,4740195
697,4740547
1006,4740694
693,4740995
964,4741063
722,4741075
194,4741311
195,4741312
489,4741376
849,4741487
324,4741534
403,4741547
722,4741569
92,4741574
789,4741635
288,4741715
199,4741735
539,4741765
1097,4741827
230,4741828
1110,4741902
698,4742060
754,4742291
92,4742366
88,4742392
89,4742393
90,4742394
479,4742397
523,4742651
87,4742655
25,4742773
688,4742845
676,4742858
905,4742887
690,4742953
196,4742957
197,4742958
829,4742966
955,4742984
204,4743258
980,4743267
192,4743526
63,4743615
56,4743946
576,4744049
975,4744096
976,4744097
977,4744098
967,4744401
916,4744596
957,4744625
965,4744916
559,4745150
542,4745326
638,4745327
539,4745582
722,4745945
828,4746271
57,4746845
201,4746864
688,4746941
479,4747120
940,4747142
818,4747203
722,4747455
444,4747551
542,4747632
638,4747633
692,4747677
964,4747747
1047,4747938
1048,4747939
674,4748167
342,4748470
25,4748509
26,4748510
1107,4748552
604,4748590
1113,4749014
56,4749176
141,4749427
197,4749594
361,4749675
122,4749727
191,4749832
713,4749910
714,4749911
715,4749912
382,4749915
543,4749960
996,4750075
1134,4750243
940,4750325
539,4750423
942,4750522
967,4750825
370,4750925
905,4750970
57,4750973
828,4751384
447,4751446
500,4751732
194,4751757
673,4752618
865,4752973
866,4752974
867,4752975
370,4753030
818,4753037
638,4753435
638,4753682
1097,4753833
1047,4754368
904,4754628
953,4754629
541,4754758
25,4754865
566,4754990
567,4754991
169,4755041
170,4755042
25,4755091
977,4755173
690,4755216
386,4755466
88,4755818
89,4755819
1050,4755991
374,4756398
419,4756694
177,4756873
692,4757146
570,4757159
571,4757160
829,4757847
383,4757968
447,4757976
559,4757991
940,4758033
847,4758201
818,4758585
651,4758744
965,4758770
669,4758800
670,4758801
202,4758855
660,4758928
944,4758963
275,4759289
541,4759325
965,4759388
90,4759633
944,4759962
447,4760030
673,4760056
674,4760057
199,4760079
847,4760242
1134,4760415
447,4760483
191,4760525
192,4760526
277,4760694
867,4760743
868,4760744
56,4760798
286,4760800
373,4760962
374,4760963
110,4761333
967,4761366
967,4761516
818,4761756
62,4761855
411,4761855
178,4761897
1095,4762090
444,4762097
541,4762109
542,4762110
361,4762459
1100,4762523
177,4762648
940,4762671
567,4763048
568,4763049
191,4763078
445,4763420
373,4763456
1072,4763737
944,4763846
955,4764181
698,4764343
63,4764545
653,4764727
957,4765021
170,4765038
447,4765181
56,4765878
57,4765879
56,4765933
57,4765934
969,4766077
1134,4766152
692,4766747
1113,4767116
87,4767246
59,4767250
866,4767265
867,4767266
386,4767742
175,4768173
722,4768510
399,4768546
57,4768606
622,4768734
623,4768735
982,4768786
1106,4768803
201,4769168
953,4769346
673,4769874
177,4769951
178,4769952
698,4769953
544,4770083
370,4770136
274,4770443
1134,4770809
828,4771294
168,4771349
904,4771577
651,4771803
87,4771842
96,4771996
1113,4772379
690,4772539
194,4773075
195,4773076
473,4773146
474,4773147
692,4773383
1071,4773632
1072,4773633
692,4773833
693,4773834
521,4774076
478,4774077
92,4774129
445,4774247
386,4774456
288,4774463
198,4774541
209,4774663
204,4774839
996,4774845
400,4774892
539,4775003
638,4775006
92,4775020
153,4775113
711,4775393
178,4775407
698,4775408
699,4775409
401,4775474
1134,4775542
198,4775797
57,4775945
967,4776205
564,4776640
169,4777156
867,4777337
192,4777586
1104,4777911
1106,4777913
1107,4777914
57,4778242
58,4778243
342,4778372
944,4778416
1104,4778473
270,4778904
818,4778985
1134,4779076
973,4779272
260,4779461
994,4779835
168,4779890
944,4780053
261,4780126
704,4780218
905,4780228
982,4780315
942,4780548
944,4780631
539,4780792
88,4780847
89,4780848
90,4780849
342,4781121
722,4781233
755,4781489
722,4781502
169,4781608
692,4781821
169,4781832
835,4781859
169,4782009
1072,4782138
1073,4782139
954,4782394
208,4782643
122,4782726
1113,4783115
716,4783137
717,4783138
781,4783146
422,4783203
604,4783386
444,4783469
196,4783673
399,4783911
400,4783912
58,4784188
539,4784464
690,4784566
175,4784647
382,4785027
383,4785028
1134,4785130
274,4785148
830,4785408
559,4785482
651,4785494
90,4785755
382,4786248
361,4786328
325,4786467
274,4786506
812,4786894
813,4786895
370,4786909
399,4787274
400,4787275
401,4787276
523,4787309
964,4788001
965,4788002
178,4788027
447,4788116
274,4789013
478,4789026
175,4789034
904,4789075
847,4789082
81,4789180
559,4789219
169,4789421
86,4789438
976,4789843
977,4789844
710,4790150
953,4790209
270,4790251
707,4790357
1047,4790432
953,4790692
175,4790906
419,4791157
62,4791226
411,4791226
944,4791510
194,4791647
274,4791674
994,4791936
693,4792055
274,4792144
566,4792460
996,4792529
288,4793127
270,4793271
541,4793415
904,4793634
973,4793745
200,4793750
201,4793751
622,4793875
209,4793916
1072,4794130
570,4794280
866,4794392
867,4794393
865,4794503
201,4794562
202,4794563
1121,4794821
56,4795074
455,4795077
445,4795376
758,4795423
544,4795495
722,4795616
25,4795747
994,4795791
965,4795801
60,4795918
847,4796025
175,4796107
447,4797146
448,4797147
955,4797333
956,4797334
847,4797380
111,4797416
447,4797562
269,4797661
270,4797662
87,4797707
447,4797708
445,4798431
693,4798537
202,4798596
1097,4798627
230,4798628
141,4798812
711,4798858
941,4799050
942,4799051
480,4799070
1072,4799499
1073,4799500
521,4799580
171,4799810
874,4799816
864,4799870
558,4800262
559,4800263
286,4800510
737,4800520
1097,4800613
1098,4800614
196,4800785
870,4800891
382,4800984
61,4801275
62,4801276
411,4801276
692,4801287
693,4801288
196,4801352
197,4801353
697,4801452
698,4801453
638,4801468
942,4801835
870,4801944
904,4801997
604,4802127
275,4802596
474,4802771
274,4802913
275,4802914
828,4803075
829,4803076
830,4803077
447,4803101
448,4803102
690,4803231
1134,4803308
1041,4803604
1047,4803846
400,4804009
209,4804020
370,4804071
870,4804162
690,4804319
692,4804321
1106,4804364
1107,4804365
399,4804424
400,4804425
197,4804475
952,4804999
269,4805933
1047,4806022
274,4806133
956,4806151
25,4806155
383,4806172
622,4806342
673,4806396
270,4806676
325,4807268
702,4807480
780,4807518
56,4807744
445,4807765
478,4807822
542,4808348
638,4808349
456,4808357
904,4808362
56,4808366
57,4808367
58,4808368
370,4808380
274,4808897
195,4809075
447,4809201
1104,4809361
651,4809534
862,4809573
688,4809588
195,4809808
690,4810139
818,4810161
274,4810165
88,4810550
89,4810551
90,4810552
904,4810579
953,4810809
191,4811135
638,4811167
474,4811176
445,4811232
386,4811297
818,4811306
474,4811421
828,4811620
829,4811621
403,4811628
698,4811765
722,4812005
659,4812150
674,4812324
25,4812518
274,4812529
25,4812725
542,4812764
175,4813431
324,4813660
828,4813812
828,4814007
829,4814008
57,4814041
564,4814057
865,4814465
690,4814839
175,4814847
1134,4815157
829,4815220
56,4815252
1098,4815371
866,4815382
904,4815416
829,4815755
830,4815756
169,4816308
170,4816309
361,4817368
577,4817394
361,4817589
980,4817815
688,4818113
61,4818237
275,4818342
539,4818400
444,4818476
61,4818629
62,4818630
411,4818630
651,4818766
829,4818776
993,4819266
1072,4819984
197,4820118
198,4820119
62,4820673
411,4820673
368,4820905
369,4820906
847,4820929
692,4821010
1071,4821097
1072,4821098
952,4821207
577,4821360
651,4821830
652,4821831
399,4821967
400,4821968
788,4821980
697,4822046
445,4822055
192,4822197
479,4822200
944,4822376
275,4822472
1072,4822963
566,4823056
567,4823057
444,4823093
445,4823094
690,4823100
57,4823253
567,4823296
568,4823297
571,4823305
1036,4823344
967,4823345
373,4823406
374,4823407
1047,4823435
1101,4823480
690,4823684
953,4824108
956,4824135
1047,4824388
622,4824518
623,4824519
63,4824544
1041,4824724
197,4825135
382,4825223
1104,4825225
196,4825496
973,4825621
122,4825703
866,4825790
867,4825791
192,4825812
539,4826027
400,4826030
373,4826038
374,4826039
1098,4826088
192,4826124
193,4826125
528,4826435
270,4826510
255,4826881
288,4827065
542,4827292
638,4827293
711,4827482
865,4827788
866,4827789
956,4828285
704,4828315
168,4828439
169,4828440
394,4828720
395,4828721
1134,4828766
199,4828880
57,4828925
518,4828980
1090,4828981
1113,4829240
61,4829248
62,4829249
411,4829249
231,4829319
274,4829496
25,4829814
576,4830018
479,4830156
1047,4830245
1048,4830246
870,4830427
543,4830542
544,4830543
401,4830550
570,4830571
941,4830852
942,4830853
941,4830963
348,4831053
944,4831058
25,4831180
982,4831292
944,4831325
651,4831483
956,4831922
96,4832015
275,4832307
994,4832445
942,4832586
692,4832714
528,4832839
361,4833089
56,4833098
693,4833375
638,4833560
288,4833603
818,4833804
964,4834042
965,4834043
952,4834461
905,4834462
651,4834471
676,4834515
382,4834546
383,4834547
604,4834657
168,4834797
169,4834798
652,4834868
653,4834869
667,4835484
92,4835861
372,4836282
980,4836384
445,4836414
368,4836529
702,4836624
1103,4836671
198,4836704
199,4836705
170,4836996
570,4837047
474,4837078
286,4837092
445,4837485
541,4837676
1097,4837802
1098,4837803
141,4837957
141,4838196
275,4838260
141,4838287
690,4838397
941,4838555
942,4838556
690,4838558
445,4838609
177,4838702
1072,4838719
196,4838780
197,4838781
198,4838782
1115,4839509
818,4839640
274,4839644
342,4839687
25,4840228
370,4840546
371,4840547
967,4840548
847,4840583
62,4840777
411,4840777
1134,4840811
542,4841176
722,4841861
62,4841968
411,4841968
967,4842129
864,4842334
193,4842342
92,4842522
199,4842767
200,4842768
201,4842769
269,4842856
1134,4843165
956,4843267
973,4843295
571,4843297
572,4843298
781,4843508
674,4844062
269,4844355
270,4844356
370,4844627
25,4844728
1047,4844898
199,4844947
57,4845083
270,4845088
994,4845252
445,4845265
982,4845272
270,4845299
122,4845572
270,4845686
651,4846000
25,4846091
26,4846092
981,4846113
191,4846129
192,4846130
193,4846131
1072,4846279
447,4846557
274,4846884
194,4846932
1047,4847004
953,4847119
589,4847297
197,4847717
965,4847805
524,4847910
953,4847963
1108,4848111
830,4848347
541,4848542
942,4848559
274,4848747
980,4848816
692,4850149
1081,4850336
193,4850337
444,4850410
570,4850616
1012,4850623
965,4850801
780,4851040
781,4851041
674,4851124
201,4851207
996,4851586
447,4852026
606,4852242
965,4852684
447,4852765
568,4853165
569,4853166
692,4853215
370,4853291
653,4853322
193,4853649
111,4853902
539,4853933
864,4854529
973,4854730
479,4854994
692,4855213
693,4855214
866,4855408
952,4855583
194,4855611
195,4855612
905,4855856
829,4855906
478,4856056
1081,4856121
111,4856212
178,4856290
956,4857101
197,4857974
270,4858039
382,4858101
1104,4858103
195,4858364
604,4858538
270,4858774
63,4858795
197,4858930
692,4859034
199,4859111
269,4859512
170,4859657
348,4859781
576,4859870
558,4860042
371,4860062
967,4860063
275,4860260
342,4860368
170,4860445
178,4860535
692,4860612
652,4860676
1072,4860684
996,4860988
141,4861220
722,4861470
447,4861581
111,4861673
944,4861741
954,4861813
419,4861942
967,4862325
676,4862340
956,4862377
957,4862378
153,4862441
274,4862451
698,4862641
855,4862667
403,4862764
56,4862954
1095,4862963
122,4863030
444,4863156
476,4863266
953,4863526
1047,4863623
474,4863631
175,4863752
122,4863819
288,4864215
87,4864245
1081,4864265
1073,4864364
976,4864574
977,4864575
394,4864597
395,4864598
270,4864599
170,4864605
192,4864971
361,4864976
57,4865205
270,4865420
110,4865616
1072,4865798
818,4865812
541,4866028
692,4866032
566,4866051
567,4866052
980,4866176
576,4866265
976,4866766
977,4866767
386,4867051
692,4867228
651,4867364
692,4867393
274,4867558
866,4867752
867,4867753
270,4867836
539,4868105
993,4868277
994,4868278
170,4868320
474,4868419
474,4868588
994,4868814
334,4868994
651,4869125
370,4869367
667,4869389
964,4869397
288,4869411
202,4869644
1072,4869662
88,4869940
111,4870134
168,4870447
169,4870448
63,4870586
64,4870587
62,4870647
411,4870647
1131,4871087
170,4871180
1131,4871348
965,4871622
191,4871726
1112,4872099
1113,4872100
652,4872172
288,4872426
269,4872542
396,4872543
1089,4872543
1134,4872590
693,4872647
348,4872968
479,4873668
517,4873781
447,4873804
202,4874075
274,4874461
274,4874714
690,4874801
178,4874917
698,4874918
953,4875043
638,4875084
942,4875134
525,4875324
674,4875366
274,4875471
955,4875577
1104,4875656
1106,4875658
56,4875795
688,4875831
518,4875881
1090,4875882
348,4875956
1134,4875967
698,4876006
1131,4876114
1104,4876376
111,4876724
529,4876771
479,4876899
480,4876900
192,4877052
965,4877137
1104,4877139
479,4877288
698,4877298
1134,4877498
479,4877882
474,4878128
288,4878346
973,4878384
781,4878391
781,4878436
194,4878489
526,4878666
973,4878846
152,4878909
445,4878932
275,4878984
361,4879045
192,4879513
220,4879543
370,4879545
191,4879554
692,4879558
693,4879559
197,4879617
194,4879620
692,4879684
944,4879765
754,4880038
1131,4880098
269,4880430
622,4880463
270,4880593
334,4880803
804,4880805
994,4880815
274,4880984
383,4880992
673,4881127
558,4881165
576,4881400
965,4881454
690,4881587
122,4881608
520,4881618
944,4881670
90,4881712
91,4881713
92,4881714
697,4881824
698,4881825
474,4881909
693,4881963
1047,4881992
209,4882083
697,4882358
61,4882419
692,4882544
178,4882583
520,4882611
722,4882636
520,4882785
175,4882858
905,4883001
559,4883127
692,4883375
693,4883376
361,4883378
197,4883614
447,4883806
386,4883953
870,4883966
57,4884101
444,4884188
952,4884214
274,4884362
275,4884363
905,4884536
57,4884539
220,4884754
524,4884910
525,4884911
526,4884912
866,4884917
867,4884918
541,4885124
110,4885161
111,4885162
489,4885350
57,4885368
58,4885369
447,4885534
382,4885588
270,4885605
1134,4885613
420,4885668
996,4885829
994,4886073
688,4886103
1047,4886215
1048,4886216
230,4886223
192,4886327
274,4886511
660,4886716
196,4886917
197,4886918
941,4887030
942,4887031
829,4887082
170,4887433
171,4887434
564,4887466
693,4887695
690,4887945
521,4888010
478,4888011
604,4888282
944,4888488
939,4888584
940,4888585
1100,4888666
673,4888697
674,4888698
1095,4888748
698,4889179
942,4889278
169,4889339
324,4889577
520,4889638
830,4889656
539,4889991
92,4890135
973,4890211
904,4890516
122,4890608
270,4890831
542,4890919
479,4891124
965,4891222
175,4891570
830,4891845
965,4891891
829,4891977
955,4892024
87,4892028
952,4892291
973,4892339
693,4892423
542,4892488
993,4892514
444,4892571
818,4892656
830,4892738
965,4892754
737,4893028
967,4893088
604,4893199
1081,4893394
193,4893395
541,4893635
478,4893754
479,4893755
828,4893948
829,4893949
62,4893978
411,4893978
847,4894102
89,4894161
953,4894261
1131,4894408
158,4894555
864,4894646
434,4894703
722,4895180
830,4895362
88,4895371
89,4895372
288,4895520
652,4895571
541,4895778
473,4895811
196,4895850
564,4895890
521,4895894
478,4895895
1072,4896485
445,4896956
994,4897211
194,4897386
231,4897567
673,4897961
176,4898168
178,4898426
674,4898491
638,4898644
191,4898822
192,4898823
1073,4898886
673,4899037
197,4899139
1134,4899371
382,4899389
847,4899398
57,4899451
865,4899633
25,4899655
521,4899740
522,4899741
523,4899742
524,4899743
525,4899744
526,4899745
722,4900360
90,4900527
201,4900630
141,4900767
374,4901023
59,4901064
62,4901252
411,4901252
400,4901595
475,4901820
343,4901902
952,4902093
953,4902094
829,4902147
980,4902251
1097,4902291
558,4903049
965,4903125
941,4903324
942,4903325
56,4903404
286,4903406
1081,4903446
158,4903611
178,4903631
370,4903646
942,4903749
697,4903843
965,4903947
520,4904056
198,4904078
178,4904166
1107,4904208
1108,4904209
692,4904610
865,4904720
690,4905157
489,4905450
57,4905525
361,4905573
1134,4905628
711,4905756
204,4905991
1106,4906294
1107,4906295
361,4906724
255,4906847
1072,4906895
1090,4907014
952,4907153
576,4907156
1041,4907509
541,4907650
374,4907653
520,4907960
521,4907961
698,4908084
711,4908117
1041,4908329
175,4908361
192,4908711
56,4908791
57,4908792
25,4909014
1098,4909045
692,4909071
969,4909402
558,4909436
559,4909437
690,4909698
56,4909815
445,4910135
382,4910230
383,4910231
199,4910462
56,4910866
58,4911363
788,4911679
445,4911886
56,4912260
286,4912740
287,4912741
847,4913265
977,4913705
688,4913746
56,4913932
419,4914218
944,4914224
288,4914500
199,4914515
192,4914618
576,4914971
474,4915036
197,4915041
63,4915045
993,4915054
994,4915055
1072,4915217
849,4915293
197,4915426
847,4915431
168,4915711
169,4915712
980,4915731
955,4915820
604,4916096
199,4916364
200,4916365
201,4916366
202,4916367
1015,4916383
176,4916406
201,4916519
57,4916675
568,4916850
1072,4916865
1073,4916866
57,4916901
199,4917086
200,4917087
201,4917088
704,4917188
58,4917199
1072,4917334
62,4917381
411,4917381
952,4917388
57,4917568
288,4917595
753,4917638
781,4917645
445,4917653
855,4918023
737,4918466
576,4918469
674,4918488
192,4918533
539,4918568
374,4918704
690,4918802
541,4919282
965,4919363
196,4919761
541,4919772
96,4919828
697,4920075
1095,4920109
788,4920477
541,4920481
542,4920482
690,4920511
660,4920750
818,4920776
289,4920960
521,4921141
478,4921142
528,4921530
456,4921639
904,4921644
191,4922296
559,4922418
445,4922595
1072,4922641
1073,4922642
274,4922892
965,4923320
1098,4923432
980,4923801
196,4924251
529,4924310
169,4924679
81,4924871
965,4925023
520,4925346
690,4925446
61,4925596
62,4925597
411,4925597
368,4925713
659,4926218
660,4926219
542,4926466
576,4926546
500,4926590
176,4927074
571,4927278
572,4927279
198,4927289
1134,4927464
571,4927573
542,4927618
638,4927619
847,4927729
690,4927982
61,4928035
62,4928036
411,4928036
63,4928037
996,4928159
1047,4928189
698,4928199
201,4928433
976,4928544
977,4928545
954,4928602
865,4928620
866,4928621
867,4928622
334,4928644
1104,4928727
202,4928997
955,4929161
818,4929895
61,4930191
62,4930192
411,4930192
420,4930204
421,4930205
788,4930243
529,4930310
382,4930823
175,4930845
829,4930983
659,4931059
830,4931107
976,4931593
977,4931594
688,4931610
1047,4931666
383,4931715
382,4931793
973,4932164
688,4932233
994,4932419
965,4932630
688,4932683
419,4932879
420,4932880
421,4932881
711,4933314
25,4933537
64,4933592
288,4933808
200,4934170
994,4934228
445,4934444
954,4934526
955,4934527
1047,4934699
865,4934869
866,4934870
867,4934871
976,4934901
690,4934947
697,4935021
944,4935102
688,4935539
828,4935590
753,4935675
56,4935706
866,4935735
980,4936228
981,4936229
56,4936252
169,4936276
196,4936810
541,4937427
1097,4937430
559,4937497
175,4937732
58,4937901
59,4937902
952,4937903
692,4937906
965,4938265
178,4938326
698,4938327
122,4938338
1050,4938621
412,4938673
197,4938843
88,4939091
1121,4939597
638,4939631
25,4939674
26,4939675
141,4939814
479,4939824
941,4939943
255,4940046
722,4940107
722,4940392
480,4940627
382,4940719
1104,4940721
830,4940849
479,4941086
62,4941272
411,4941272
196,4941604
1104,4941848
194,4942233
865,4942310
866,4942311
539,4942827
541,4942829
865,4942849
942,4942888
75,4942954
866,4943084
867,4943085
571,4943393
865,4943533
866,4943534
867,4943535
847,4943584
89,4943616
917,4943703
479,4943949
122,4944030
81,4944146
829,4944151
479,4944201
980,4944576
421,4945054
111,4945110
336,4945146
804,4945191
865,4945217
539,4945252
61,4945275
62,4945276
411,4945276
571,4945372
275,4945473
201,4945558
622,4945771
382,4945954
1104,4945956
474,4945997
87,4945999
288,4946539
917,4946601
917,4946602
201,4946681
382,4946710
204,4947246
201,4947354
399,4947709
400,4947710
541,4947825
829,4948229
904,4948296
973,4948340
692,4948364
169,4948993
171,4949063
274,4949511
274,4949962
917,4950020
622,4950055
348,4950092
1106,4950549
202,4950554
722,4950634
722,4950776
64,4950959
169,4951187
288,4951284
474,4951332
348,4951684
542,4951931
270,4952060
690,4952073
383,4952187
849,4952227
59,4952625
90,4952739
980,4952878
1009,4953376
1010,4953377
965,4953432
110,4953597
622,4953669
630,4953912
524,4953936
722,4953960
63,4954149
445,4954234
690,4954248
521,4954334
975,4954489
976,4954490
977,4954491
1097,4954630
568,4954656
63,4954661
286,4954875
287,4954876
829,4954929
830,4954930
1134,4955215
558,4955273
1072,4955409
1073,4955410
559,4955494
528,4955543
690,4955552
274,4955577
942,4955777
1134,4955920
87,4956226
260,4956365
474,4956448
403,4956609
693,4957238
195,4957347
196,4957348
697,4957607
944,4957782
122,4957789
275,4958080
92,4958162
169,4958284
274,4958425
275,4958426
86,4958497
175,4958525
576,4958550
286,4958577
287,4958578
558,4958672
690,4958798
193,4958805
523,4958935
847,4959035
209,4959186
1008,4959619
1009,4959620
422,4959842
1073,4959852
874,4959950
1072,4959956
688,4960103
56,4960328
88,4960736
89,4960737
90,4960738
1098,4960819
275,4961047
194,4961063
25,4961585
168,4961854
445,4962191
152,4962351
169,4962441
660,4963132
916,4963664
919,4964155
1047,4964516
1104,4964737
1072,4964750
781,4964909
905,4964940
199,4965129
444,4965338
419,4965388
230,4965389
517,4965569
867,4965625
62,4966283
411,4966283
63,4966284
688,4966344
1047,4966400
383,4966449
973,4966896
688,4966965
994,4967151
965,4967362
688,4967415
419,4967611
420,4967612
421,4967613
829,4967744
722,4967874
286,4967982
44,4968091
196,4968218
348,4968242
1036,4968281
967,4968282
517,4968450
230,4968506
111,4968984
697,4969059
196,4969334
196,4969408
475,4969527
1111,4969697
334,4969897
996,4970013
199,4970052
25,4970289
692,4970504
693,4970505
361,4970507
62,4970666
411,4970666
434,4970749
61,4970833
260,4970873
951,4970880
952,4970881
847,4970929
169,4970933
944,4971306
867,4971377
1106,4971544
208,4971573
334,4972039
370,4972397
176,4972489
973,4972730
1104,4972826
520,4972989
638,4972990
862,4973102
863,4973103
864,4973104
474,4973431
87,4973433
710,4973456
1106,4973500
171,4973540
178,4973656
1081,4973995
370,4974022
1008,4974190
1009,4974191
1010,4974192
178,4974380
604,4974466
1104,4974611
952,4974673
1134,4974682
604,4974763
122,4974961
444,4975454
262,4975468
996,4975609
1018,4975731
169,4975761
571,4976158
697,4976270
722,4976307
559,4976532
1036,4977206
372,4977207
373,4977208
374,4977209
368,4977448
996,4977739
64,4977805
1104,4977999
87,4978464
447,4978465
474,4978510
475,4978511
89,4978835
286,4978852
287,4978853
288,4978854
1106,4978901
1107,4978902
447,4979139
269,4979562
208,4979652
209,4979653
955,4979852
566,4980001
567,4980002
479,4980035
274,4980177
275,4980178
953,4980473
200,4980802
944,4980922
542,4980949
543,4980950
544,4980951
818,4981146
87,4981365
688,4981458
1134,4981590
865,4981735
866,4981736
867,4981737
152,4982198
500,4982242
965,4982526
829,4982782
830,4982783
334,4982844
541,4982964
1134,4984341
1106,4984503
867,4984559
674,4984720
944,4985078
447,4985293
690,4985306
1134,4985436
361,4985462
698,4985518
866,4985765
867,4985766
444,4985776
953,4986063
955,4986124
952,4986267
711,4986316
382,4986525
383,4986526
1101,4986569
168,4986665
169,4986666
781,4986791
1036,4986954
372,4986955
373,4986956
374,4986957
967,4987322
361,4987442
198,4987465
866,4988052
867,4988053
96,4988207
980,4988668
967,4989113
191,4989192
576,4989196
152,4989202
1134,4989326
520,4989552
865,4989946
866,4989947
867,4989948
473,4990204
479,4990439
994,4990782
1112,4990836
56,4990891
688,4991271
572,4991354
370,4991676
781,4991791
570,4992144
940,4992208
177,4992304
1103,4992806
1047,4992894
706,4993166
539,4993311
288,4993320
956,4993347
1090,4993509
111,4993573
758,4993911
170,4993925
171,4993926
231,4993969
334,4993980
335,4993981
829,4994069
944,4994076
976,4994268
198,4994577
722,4994838
539,4994842
539,4994879
693,4994888
169,4994952
170,4994953
361,4995048
445,4995070
141,4995179
445,4995217
62,4995351
411,4995351
576,4995694
964,4995923
965,4995924
382,4996326
1104,4996328
905,4996736
261,4997209
262,4997210
368,4997268
1050,4997478
175,4997667
288,4997916
370,4997923
1073,4998500
674,4998638
447,4998707
194,4998728
965,4998791
386,4999226
980,4999376
421,4999378
198,4999392
1047,4999641
1048,4999642
400,4999716
197,4999757
111,4999800
690,4999851
722,4999922
421,5000158
955,5000211
57,5000324
58,5000325
57,5000436
58,5000437
169,5000669
870,5000753
274,5000976
275,5000977
973,5001192
1047,5001337
412,5001464
87,5001631
1041,5001709
1104,5001822
965,5001895
269,5002084
141,5002250
847,5002260
288,5002443
166,5002690
167,5002691
168,5002692
169,5002693
830,5002726
952,5002980
1041,5003484
382,5003729
967,5003731
558,5003831
559,5003832
1108,5004006
1041,5004153
812,5004391
813,5004392
1114,5004914
382,5004954
383,5004955
1050,5005464
274,5005497
274,5005503
274,5005584
274,5005962
110,5006152
111,5006153
818,5006271
89,5006461
1047,5006531
105,5006541
674,5006576
674,5006755
1047,5006838
1072,5006958
829,5007527
403,5007601
866,5007821
967,5007837
1097,5007839
1098,5007840
944,5008064
1009,5008158
1010,5008159
638,5008162
722,5008503
1114,5008533
141,5008561
781,5008640
576,5008908
539,5008980
542,5008990
399,5009097
400,5009098
558,5009278
559,5009279
63,5009462
64,5009463
518,5009571
1090,5009572
692,5009626
1134,5010301
956,5010675
864,5011011
704,5011089
542,5011432
829,5011569
96,5011613
1047,5011750
201,5011760
1134,5011794
168,5012166
61,5012227
62,5012228
411,5012228
559,5012231
192,5012419
967,5012444
576,5012755
567,5013053
169,5013161
97,5013475
97,5013478
141,5013505
518,5013543
1097,5013586
394,5013645
395,5013646
25,5013788
26,5013789
288,5014010
56,5014598
993,5014601
526,5014667
518,5014820
1090,5014821
444,5014978
699,5015018
196,5015122
194,5015249
941,5015268
942,5015269
567,5015278
568,5015279
520,5015353
521,5015354
956,5015375
957,5015376
847,5015475
25,5015499
26,5015500
994,5015520
693,5015707
952,5015820
195,5015880
196,5015881
269,5016033
942,5016057
169,5016443
170,5016444
171,5016445
964,5016486
965,5016487
478,5016765
178,5016801
544,5016848
539,5016863
400,5016866
401,5016867
542,5016877
399,5016889
692,5016943
674,5016949
90,5017018
399,5017247
170,5017334
270,5017421
539,5017445
904,5017558
1072,5017893
274,5017943
877,5018066
878,5018067
254,5018402
122,5018439
969,5018535
348,5018743
403,5018752
965,5018833
722,5018966
604,5019411
692,5019435
693,5019436
88,5019473
828,5019625
830,5020077
965,5020478
196,5020491
965,5020782
674,5020837
539,5021076
698,5021193
964,5021203
1134,5021880
1110,5022163
288,5022401
690,5022440
1047,5022631
270,5022741
905,5023202
286,5023206
88,5023238
89,5023239
324,5023398
111,5023416
1100,5023510
193,5023581
479,5023661
965,5024146
1104,5024148
286,5024158
1081,5024756
193,5024890
194,5024891
542,5025037
943,5025287
965,5025514
191,5025772
622,5025836
1134,5026115
905,5026144
981,5026209
982,5026210
539,5026861
781,5027538
829,5027637
456,5027925
973,5027930
1047,5028015
711,5028091
274,5028096
847,5028405
25,5028562
382,5028669
994,5028835
955,5029127
191,5029357
192,5029358
370,5029427
59,5029433
254,5029497
692,5029711
570,5029751
269,5030689
559,5030742
955,5030814
956,5030815
722,5031004
692,5031050
270,5031084
361,5031088
604,5031124
973,5031231
975,5031233
976,5031234
711,5031331
191,5031363
192,5031364
383,5031609
194,5031722
370,5031845
542,5031879
638,5031880
171,5032127
92,5032251
474,5032543
956,5032676
957,5032677
541,5032748
904,5032914
865,5032956
866,5032957
1018,5033138
1047,5033203
153,5033261
539,5033353
255,5033363
176,5033449
539,5033725
604,5033845
412,5033883
528,5033902
965,5034003
199,5034683
200,5034684
201,5034685
141,5034763
847,5035037
568,5035108
828,5035229
829,5035230
690,5035284
781,5035341
177,5035562
980,5035781
737,5035791
944,5035883
1097,5036348
191,5036354
1134,5036417
1041,5037018
169,5037063
231,5037185
62,5037257
411,5037257
194,5037316
195,5037317
196,5037318
542,5037345
521,5037346
478,5037347
828,5038017
829,5038018
286,5038152
630,5038310
942,5038570
690,5038572
456,5038870
97,5038933
25,5039254
26,5039255
445,5039315
447,5039317
373,5039454
1041,5039673
348,5039781
944,5039786
270,5039901
197,5040182
198,5040183
693,5040200
370,5040395
479,5040793
178,5040868
692,5041131
382,5041239
383,5041240
447,5041242
448,5041243
201,5041720
1081,5042134
56,5042235
57,5042236
652,5042257
956,5042442
964,5042507
175,5042733
193,5043177
667,5043558
171,5043848
1015,5044439
286,5044449
542,5044500
1072,5044763
722,5044853
270,5045007
386,5045018
673,5045220
193,5046325
942,5046852
169,5046964
170,5046965
111,5047295
941,5047343
944,5047564
539,5047693
818,5048096
25,5048283
447,5048364
56,5048411
57,5048412
171,5048447
967,5049099
474,5049166
382,5049737
980,5049978
199,5050058
255,5050142
170,5050187
274,5050418
141,5050448
90,5050522
194,5050549
690,5050614
941,5050752
638,5050979
192,5051072
864,5051098
567,5051126
541,5051249
57,5051285
967,5051292
994,5051348
994,5051558
995,5051559
996,5051560
445,5051602
1041,5051911
1104,5052027
396,5052052
1089,5052052
1090,5052053
191,5052144
781,5052376
754,5052504
994,5052836
383,5052840
288,5052853
201,5053029
191,5053211
192,5053212
193,5053213
566,5053430
1047,5053767
474,5053959
25,5053998
26,5053999
690,5054237
370,5054389
61,5054502
62,5054503
411,5054503
710,5055098
288,5055162
994,5055321
111,5055348
944,5055528
286,5055612
287,5055613
288,5055614
965,5055805
967,5055854
286,5055983
542,5056515
638,5056516
204,5056766
286,5056879
287,5056880
220,5057118
25,5057255
1097,5058081
209,5058127
541,5058259
693,5058413
559,5058534
692,5058637
693,5058638
541,5059475
697,5059612
698,5059613
199,5059644
660,5059689
559,5059865
847,5060081
571,5060342
122,5060507
445,5060573
541,5060657
1047,5060720
1107,5060879
63,5061098
177,5061539
399,5061630
400,5061631
401,5061632
866,5061674
867,5061675
419,5061694
698,5061760
638,5062019
348,5062189
943,5062238
570,5062307
1047,5062798
370,5062852
539,5063108
421,5063237
58,5063295
88,5063696
89,5063697
90,5063698
325,5063702
61,5063838
62,5063839
411,5063839
412,5063840
61,5064213
62,5064214
411,5064214
26,5064267
566,5064596
567,5064597
175,5064791
1047,5064870
904,5064957
980,5064973
1113,5065005
952,5065121
830,5065372
866,5065596
867,5065597
191,5065821
192,5065822
197,5065903
92,5065906
870,5066009
517,5066030
158,5066270
560,5066456
589,5066468
138,5066492
444,5066848
541,5067228
169,5067293
175,5067611
422,5067683
25,5067989
942,5068290
722,5068503
710,5068590
254,5068625
576,5068665
855,5068794
208,5068928
122,5068969
944,5069125
539,5069368
541,5069370
542,5069371
521,5069372
478,5069373
674,5069520
122,5069707
191,5070050
192,5070051
193,5070052
518,5070238
1090,5070239
370,5070705
977,5070710
61,5071169
944,5071679
847,5071883
56,5072568
286,5072570
287,5072571
288,5072572
361,5072597
204,5072636
952,5072673
830,5072743
25,5072959
26,5072960
977,5073205
361,5073239
944,5073429
870,5073530
1041,5073919
110,5073984
713,5074514
714,5074515
1072,5074657
847,5074708
667,5075238
542,5075312
944,5075502
26,5075652
196,5075696
197,5075697
498,5075743
386,5075776
905,5075924
1072,5075985
175,5076009
941,5076048
942,5076049
196,5076187
197,5076188
722,5076348
543,5076501
1081,5076586
224,5076767
56,5077029
141,5077245
878,5077250
965,5077587
944,5077729
97,5078028
336,5078278
956,5078508
957,5078509
382,5078548
25,5078603
288,5078731
956,5078769
957,5078770
1097,5079118
479,5079160
673,5079292
674,5079293
478,5079498
368,5079568
969,5079841
944,5080122
373,5080286
954,5080678
209,5080754
706,5080870
334,5080979
780,5081070
1097,5081339
177,5081494
523,5081851
781,5081970
370,5082297
361,5082302
444,5082379
25,5082412
904,5082513
444,5082582
372,5082860
1081,5082872
1072,5082904
59,5083048
170,5083179
209,5083198
707,5083332
957,5083415
874,5083768
804,5083987
1106,5084025
865,5084268
542,5084564
638,5084565
944,5084739
1098,5084983
197,5085038
570,5085077
479,5085349
480,5085350
370,5085505
865,5085589
558,5085768
559,5085769
904,5085829
1101,5085873
1098,5085988
1099,5085989
1100,5085990
532,5086106
175,5086202
474,5086238
570,5086443
342,5086579
570,5086681
944,5087072
61,5087222
722,5087750
1134,5087926
517,5087937
1134,5087977
956,5087982
957,5087983
445,5088016
195,5088145
196,5088146
692,5088341
169,5088649
170,5088650
674,5088683
1100,5088720
1101,5088721
274,5088955
275,5088956
539,5089006
956,5089385
957,5089386
26,5089662
386,5089801
370,5089873
659,5090113
975,5090269
976,5090270
977,5090271
419,5090281
630,5090421
1097,5090454
1098,5090455
192,5090750
864,5090842
169,5091291
110,5091311
111,5091312
56,5091405
368,5091590
369,5091591
690,5091594
195,5091732
270,5091860
969,5091907
517,5092013
192,5092195
522,5092293
523,5092294
175,5092401
964,5092566
1081,5092629
1041,5092683
576,5092735
604,5092753
818,5093035
1048,5093057
1106,5093175
447,5093505
448,5093506
89,5093604
690,5093606
1131,5093777
444,5093816
177,5093841
288,5093954
87,5093988
830,5094121
25,5094333
1103,5094453
169,5094476
1098,5094704
412,5095020
169,5095394
62,5095495
411,5095495
942,5095920
941,5096395
942,5096396
1097,5096421
1098,5096422
690,5096617
192,5096630
539,5096659
518,5096724
577,5096824
298,5096965
847,5096999
830,5097058
722,5097140
401,5097153
286,5097505
287,5097506
288,5097507
589,5097706
590,5097707
542,5097822
829,5098255
830,5098256
56,5098276
994,5099326
622,5099506
170,5099570
904,5099858
528,5099887
716,5100236
717,5100237
44,5100608
200,5100842
722,5100959
168,5101523
169,5101524
1106,5101568
1107,5101569
199,5101651
754,5101979
996,5102005
399,5102062
444,5102419
874,5102532
673,5102576
528,5102739
479,5103149
288,5103670
198,5103844
864,5104055
698,5104114
521,5104518
478,5104519
479,5104520
480,5104521
520,5104533
521,5104534
254,5105119
400,5105274
274,5105295
25,5105962
818,5106140
539,5106149
274,5106275
275,5106276
1081,5106378
604,5106491
199,5106612
200,5106613
965,5106806
274,5106842
275,5106843
370,5106856
369,5107083
334,5107221
980,5107407
981,5107408
847,5107598
589,5107603
559,5108049
447,5108364
260,5108517
192,5108687
967,5108823
676,5108884
56,5108980
1072,5109431
722,5109983
940,5110016
1047,5110184
847,5110413
444,5110978
399,5111202
400,5111203
904,5111290
674,5111358
230,5111364
288,5111467
474,5111642
1074,5111911
1075,5111912
368,5112014
369,5112015
199,5112219
973,5112405
541,5112438
88,5112634
171,5112817
177,5112833
178,5112834
829,5113218
830,5113219
1134,5113368
955,5113620
348,5113669
781,5113673
690,5113674
270,5113774
638,5113805
975,5114047
976,5114048
342,5114242
528,5114629
288,5114777
196,5115242
847,5115549
722,5115551
567,5115607
568,5115608
541,5115622
1072,5115752
62,5115907
411,5115907
122,5115939
528,5116157
274,5116214
673,5116360
674,5116361
523,5116758
524,5116759
943,5116771
422,5116880
197,5116980
382,5117034
383,5117035
169,5117164
170,5117165
865,5117182
520,5117205
521,5117206
478,5117207
199,5117282
25,5117319
197,5117349
1090,5117623
96,5117802
697,5117894
154,5117930
994,5118107
383,5118111
370,5118186
371,5118187
372,5118188
373,5118189
1134,5118281
736,5118638
737,5118639
1047,5118665
158,5118684
194,5118783
576,5118841
918,5119028
479,5119094
480,5119095
788,5119198
692,5119249
964,5119296
520,5119383
521,5119384
270,5119497
479,5119622
804,5119739
201,5120002
63,5120072
288,5120173
955,5120224
956,5120225
526,5120290
25,5120459
154,5120848
994,5121036
63,5121407
692,5121505
955,5121700
541,5121790
542,5121791
521,5121792
559,5122043
383,5122163
676,5122714
197,5122730
1047,5122792
152,5122937
370,5122962
542,5123132
638,5123133
847,5123136
169,5123342
75,5123584
965,5123600
956,5123813
87,5123825
88,5123826
89,5123827
690,5123829
690,5124103
175,5124108
176,5124109
275,5124367
97,5124389
697,5124456
61,5124515
198,5124542
96,5124575
754,5124672
755,5124673
673,5124801
1047,5124945
956,5125259
957,5125260
25,5125271
26,5125272
288,5125512
289,5125513
944,5125700
122,5125838
1134,5126121
399,5126224
1134,5126304
1047,5126417
197,5126560
59,5126685
1081,5126729
571,5126732
572,5126733
577,5126865
444,5126934
956,5127001
175,5127065
690,5127087
197,5127105
198,5127106
199,5127107
576,5127139
1106,5127167
194,5127184
288,5127509
542,5127728
286,5127736
697,5127788
274,5127942
1072,5127951
964,5128265
566,5128306
559,5128679
866,5128773
57,5129243
542,5129402
368,5129463
722,5129554
830,5130021
201,5130050
1134,5130117
697,5130145
711,5130274
288,5130343
62,5130368
411,5130368
916,5130408
1047,5130426
260,5130442
590,5130465
368,5130466
590,5130585
368,5130586
81,5130894
231,5131007
967,5131453
56,5131519
994,5132253
830,5132464
419,5132587
111,5132878
421,5132967
422,5132968
370,5133025
444,5133073
865,5133134
1134,5133528
1131,5133860
399,5133896
111,5133953
198,5134201
158,5134353
847,5134458
542,5134837
576,5134891
956,5135017
957,5135018
474,5135368
865,5135541
866,5135542
867,5135543
56,5135554
374,5135567
558,5135576
559,5135577
419,5135740
1098,5135741
324,5135880
61,5136024
62,5136025
411,5136025
111,5136079
231,5136264
604,5136327
175,5136410
722,5136558
697,5136809
698,5136810
699,5136811
692,5136926
941,5137021
1008,5137034
1009,5137035
1134,5137089
401,5137556
61,5138142
62,5138143
411,5138143
977,5138230
940,5138253
1107,5138314
337,5138412
847,5138506
722,5138508
61,5138513
62,5138514
411,5138514
528,5138795
941,5138840
993,5138888
980,5139481
981,5139482
982,5139483
194,5139677
195,5139678
952,5139742
576,5139745
196,5140006
523,5140952
905,5141080
141,5141137
175,5141197
693,5141516
158,5141562
956,5141688
693,5141890
693,5141977
847,5142090
690,5142672
1106,5142800
558,5143017
559,5143018
560,5143019
1099,5143034
964,5143740
1073,5143757
141,5143823
1131,5144033
830,5144127
688,5144313
1097,5144325
1098,5144326
88,5144333
89,5144334
90,5144335
523,5144338
524,5144339
447,5144432
448,5144433
445,5144601
570,5145381
1047,5145419
754,5145502
570,5145651
659,5145862
88,5145994
89,5145995
638,5146068
447,5146105
560,5146134
651,5146278
170,5146389
171,5146390
953,5146489
954,5146490
542,5146535
96,5147195
89,5147212
588,5147303
692,5147437
528,5147676
864,5147850
96,5148151
178,5148170
698,5148171
1113,5148283
199,5148836
692,5149064
693,5149065
965,5149432
201,5149553
202,5149565
754,5149783
755,5149784
370,5150064
567,5150469
975,5150669
976,5150670
977,5150671
722,5150675
1104,5150746
169,5150928
382,5150985
543,5151010
541,5151467
198,5151768
965,5151780
1072,5151897
191,5151954
192,5151955
193,5151956
141,5152304
177,5152478
178,5152479
595,5152647
198,5152687
660,5152803
198,5152948
199,5152949
445,5153362
660,5153467
542,5153762
473,5153971
965,5154066
542,5154076
713,5154091
714,5154092
604,5154530
693,5154643
168,5154826
169,5154827
692,5154905
274,5155221
56,5155276
57,5155277
479,5155348
576,5155440
704,5155446
262,5155498
274,5155956
722,5156052
193,5156071
904,5156155
447,5156223
122,5156578
651,5156676
652,5156677
372,5156827
373,5156828
374,5156829
1041,5157111
59,5157382
60,5157383
61,5157384
175,5157426
176,5157427
564,5157477
191,5157509
1081,5157814
111,5157965
1106,5158145
1107,5158146
941,5158217
942,5158218
369,5158282
570,5158354
818,5158372
993,5158602
1106,5158751
1107,5158752
982,5158916
939,5158924
940,5158925
576,5159202
421,5159259
445,5159383
975,5159628
976,5159629
977,5159630
403,5159643
1104,5159663
382,5159756
25,5159819
904,5159926
917,5159973
1134,5160074
444,5160172
1104,5160195
693,5160300
122,5160329
88,5160617
89,5160618
1048,5160637
191,5161238
192,5161239
956,5161354
1101,5161569
1134,5161644
755,5161773
818,5161956
343,5162153
62,5162263
411,5162263
697,5162305
478,5162385
421,5162584
520,5162689
198,5162744
374,5162769
270,5162812
697,5163123
995,5163179
996,5163180
475,5163455
373,5163457
374,5163458
1015,5163572
828,5163661
1019,5163687
61,5164212
958,5164317
959,5164318
539,5164340
828,5164397
829,5164398
758,5164698
965,5164734
1104,5164736
530,5164890
604,5164966
904,5164976
230,5165355
231,5165356
944,5165538
1072,5165581
396,5165893
1089,5165893
953,5165919
175,5167205
904,5167430
286,5167588
456,5167677
1081,5167739
673,5168132
674,5168133
448,5168136
558,5168170
559,5168171
965,5168196
865,5168499
168,5168738
191,5168824
111,5169467
622,5169487
369,5169706
445,5169719
169,5169843
170,5169844
171,5169845
274,5169922
275,5169923
1047,5170239
1131,5170538
382,5170750
383,5170751
541,5171070
542,5171071
1072,5171078
199,5171247
866,5171362
867,5171363
544,5171887
529,5171996
952,5172182
638,5172232
973,5172929
698,5172941
169,5173071
170,5173072
201,5173094
202,5173095
944,5173159
698,5173331
270,5173433
975,5173474
976,5173475
63,5173539
965,5173569
955,5173595
288,5173696
89,5173965
944,5174282
944,5174405
1106,5175174
722,5175244
878,5175419
169,5175604
688,5175787
447,5175796
62,5175827
411,5175827
88,5176303
89,5176304
690,5176306
967,5176334
177,5176817
178,5176818
973,5176831
1073,5177037
60,5177116
61,5177117
62,5177118
411,5177118
518,5177779
690,5177799
197,5177879
195,5177914
539,5177952
1100,5177978
1101,5177979
905,5178019
445,5178253
274,5178765
1081,5178965
192,5179045
692,5179131
288,5179233
122,5179272
1109,5179411
952,5179578
141,5179692
61,5179710
56,5179749
692,5179832
828,5180211
111,5180434
956,5180811
541,5180855
542,5180856
175,5181055
286,5181509
383,5181949
474,5182064
692,5182275
56,5182314
57,5182315
191,5182948
722,5183244
1041,5183299
275,5183484
230,5183498
231,5183499
904,5184037
445,5184207
566,5184280
567,5184281
568,5184282
569,5184283
192,5184346
479,5184349
56,5184730
944,5184734
980,5184887
1041,5184947
111,5185465
177,5185816
368,5185820
372,5185918
953,5185994
954,5185995
955,5185996
668,5186027
690,5186456
953,5186501
194,5186663
574,5186791
575,5186792
698,5187263
168,5187318
197,5187626
61,5187671
62,5187672
411,5187672
994,5187752
995,5187753
996,5187754
953,5187760
447,5187885
194,5187942
1115,5188019
544,5188113
952,5188193
659,5188227
956,5188248
829,5188264
965,5188476
192,5188732
828,5188835
829,5188836
255,5189022
56,5189702
270,5189760
543,5189817
178,5189920
965,5190051
197,5190702
270,5190964
676,5190969
382,5191148
1104,5191150
383,5191239
201,5191269
110,5191615
62,5192125
411,5192125
1098,5192305
1099,5192306
62,5192682
411,5192682
541,5192718
755,5192763
651,5192772
638,5192888
175,5193154
196,5193159
479,5193272
374,5194433
386,5195222
1041,5195234
569,5195574
169,5195592
56,5195865
274,5195929
275,5195930
368,5195989
994,5196154
169,5196309
57,5196399
1099,5196521
1100,5196522
447,5196629
1072,5197024
692,5197186
520,5197230
521,5197231
952,5197486
141,5197569
964,5197708
965,5197709
917,5197968
400,5198240
956,5198273
957,5198274
958,5198275
955,5198342
325,5198479
952,5198524
570,5198641
944,5198707
191,5198791
192,5198792
688,5198806
520,5198927
479,5199101
479,5199134
169,5199225
520,5199311
638,5199312
994,5199602
954,5200286
967,5200359
521,5200421
865,5200537
1041,5200636
652,5200648
1072,5201079
965,5201106
753,5201442
956,5201610
96,5201657
905,5201837
993,5201842
830,5201956
622,5202074
847,5202180
722,5202182
58,5202442
59,5202443
952,5202444
447,5202773
448,5202774
382,5203494
1104,5203496
334,5204032
382,5204034
192,5204114
692,5204272
956,5204445
651,5204495
576,5205203
1104,5205239
622,5205424
456,5205468
220,5205557
1047,5205871
994,5205912
195,5205930
336,5205984
830,5206171
175,5206175
944,5206461
965,5206468
980,5206604
818,5206775
169,5206893
170,5206894
1047,5206941
1047,5206951
953,5207043
830,5207046
25,5207061
194,5207256
274,5207303
706,5207367
707,5207368
953,5207507
168,5207586
952,5207594
996,5207733
699,5207755
394,5207806
395,5207807
57,5207961
111,5208000
955,5208042
1050,5208118
197,5208138
198,5208139
474,5208738
1050,5208868
169,5208898
690,5208976
87,5209094
194,5209153
169,5209659
707,5209677
56,5209842
521,5210002
478,5210003
576,5210025
622,5210037
1097,5210186
230,5210187
567,5210206
847,5210290
541,5210439
419,5210503
956,5210533
474,5210549
867,5210626
1098,5210751
993,5210763
479,5210943
528,5210949
829,5211039
419,5211230
230,5211231
517,5211272
58,5211310
864,5211383
651,5211390
89,5211786
993,5211919
92,5212168
965,5212340
690,5212356
953,5212408
954,5212409
955,5212410
956,5212411
957,5212412
955,5212452
382,5212488
383,5212489
980,5212548
1131,5212854
170,5212863
692,5213302
693,5213303
1106,5213550
479,5213584
192,5213737
965,5213750
57,5213903
178,5214097
977,5214392
521,5214488
529,5214506
361,5214804
528,5214924
697,5215403
445,5215439
542,5215508
638,5215509
994,5215615
995,5215616
996,5215617
87,5215692
590,5215761
368,5215762
444,5216119
944,5216199
86,5216212
383,5216237
324,5216383
973,5216796
231,5217085
445,5217226
529,5217363
479,5217744
1073,5217752
904,5217910
847,5218105
904,5218159
905,5218160
170,5218440
956,5218558
324,5219275
965,5219473
1104,5219475
994,5220476
711,5220637
447,5220768
394,5220825
395,5220826
361,5220855
269,5220889
542,5221312
110,5222086
111,5222087
269,5222137
448,5222314
692,5222456
789,5222567
399,5222627
943,5223229
604,5223443
758,5223506
26,5223545
542,5223581
288,5223851
204,5224245
198,5224384
286,5224416
952,5224549
152,5224717
1097,5225211
955,5225232
693,5225491
520,5225526
781,5225686
781,5225908
864,5225923
209,5226069
232,5226274
1097,5226303
1047,5226710
193,5226786
944,5226797
589,5226902
1081,5226907
192,5227032
955,5227096
710,5227267
711,5227268
56,5227307
382,5227337
967,5227339
275,5227432
269,5227576
168,5227590
169,5227591
91,5228227
92,5228228
980,5228389
1106,5228525
479,5228551
270,5228690
973,5228774
274,5228907
1134,5229061
288,5229387
967,5229525
1018,5229725
847,5230044
201,5230165
56,5230356
57,5230357
1059,5230457
175,5230480
386,5230842
197,5230857
198,5230858
754,5231262
26,5231739
940,5231801
325,5232198
175,5232229
61,5232439
818,5233039
542,5233051
1090,5233311
660,5233354
445,5233495
382,5233803
1104,5233805
444,5233854
445,5233855
942,5234107
447,5234447
448,5234448
673,5234462
674,5234463
434,5234475
370,5234478
981,5234606
982,5234607
56,5234668
57,5234669
343,5234723
479,5234764
61,5234866
170,5235084
1134,5235216
274,5235537
288,5235878
336,5236238
444,5236346
445,5236347
964,5236506
965,5236507
447,5236510
576,5236873
167,5237021
867,5237169
711,5237465
62,5237477
411,5237477
571,5237495
153,5237895
866,5238042
421,5238198
559,5238396
698,5238568
699,5238569
370,5238908
198,5239077
25,5239169
369,5239186
370,5239187
692,5239464
693,5239465
973,5239571
965,5239677
1104,5239679
944,5239887
994,5240112
566,5240554
567,5240555
855,5240628
589,5240755
274,5240793
275,5240794
528,5240803
758,5241125
692,5241360
445,5241459
865,5241635
604,5241782
110,5241860
111,5241861
1134,5241863
698,5241922
674,5242650
122,5242817
168,5242830
194,5242889
325,5242904
169,5242986
196,5243398
194,5243541
382,5244030
952,5244083
370,5244290
1047,5244450
1048,5244451
530,5244530
919,5244556
382,5245009
567,5245070
1019,5245202
623,5245405
382,5245415
1104,5245417
957,5245429
954,5245487
274,5245541
275,5245542
167,5246080
168,5246081
169,5246082
1081,5246125
193,5246126
194,5246127
698,5246159
500,5246248
422,5246434
520,5246471
521,5246472
697,5246536
1101,5246830
1134,5246833
477,5246849
478,5246850
199,5246980
194,5247029
25,5247281
445,5247505
1081,5247823
193,5247824
348,5247899
201,5248202
1072,5248287
755,5248722
847,5249022
399,5249028
400,5249029
544,5249034
692,5249424
1131,5249428
479,5249465
692,5249679
122,5249848
711,5249885
479,5249961
480,5249962
445,5250217
753,5250588
1018,5250597
1041,5250933
1019,5251055
342,5251056
864,5251169
558,5251187
57,5251198
197,5251244
651,5251413
111,5251459
87,5251642
26,5252065
447,5252211
558,5252401
944,5252799
673,5252853
674,5252854
447,5253371
944,5253401
270,5253587
288,5253683
870,5253712
370,5254182
447,5254218
138,5254454
275,5254666
500,5254766
170,5254790
941,5254814
942,5254815
722,5254934
170,5255009
177,5255036
178,5255037
1131,5255085
61,5255283
62,5255284
411,5255284
447,5255377
197,5255511
542,5255535
1009,5255691
660,5256260
693,5256440
209,5257360
952,5257680
566,5257698
567,5257699
568,5257700
86,5257753
445,5258292
191,5258459
25,5258809
298,5258811
88,5259081
89,5259082
90,5259083
1098,5259098
88,5259361
704,5259427
1047,5259457
693,5259505
955,5259772
403,5260161
141,5260342
1041,5260799
1097,5261040
420,5261041
274,5262085
275,5262086
169,5262328
1131,5262679
194,5262784
383,5262820
369,5262996
372,5263143
170,5263249
171,5263250
193,5263407
1106,5263744
874,5263814
673,5263891
711,5264278
965,5264525
674,5265087
690,5265147
1104,5265162
455,5265478
818,5265545
804,5265768
941,5266026
942,5266027
630,5266067
88,5266202
96,5266385
702,5266396
444,5266780
445,5266781
995,5267035
996,5267036
829,5267196
917,5267255
917,5267256
829,5267311
917,5267370
917,5267371
692,5267389
829,5267432
917,5267491
917,5267492
524,5267598
198,5267660
192,5268007
153,5268188
995,5268501
996,5268502
692,5268531
57,5268860
1113,5269479
993,5269483
754,5269522
175,5269930
964,5270173
1072,5270430
1073,5270431
175,5271047
942,5271341
690,5271343
570,5271383
870,5271468
698,5271551
699,5271552
994,5271766
952,5272058
818,5272221
56,5272331
1107,5272411
175,5272581
692,5272720
693,5272721
361,5272759
955,5272766
952,5272823
361,5273032
955,5273040
529,5273629
394,5273821
395,5273822
169,5273878
954,5274005
673,5274582
191,5274780
192,5274781
193,5274782
954,5275299
97,5275313
528,5275474
867,5275521
868,5275522
722,5275576
954,5275941
955,5275942
956,5275943
828,5276408
1041,5276434
177,5276453
1041,5276975
199,5277163
56,5277752
953,5278229
122,5278335
566,5279243
567,5279244
568,5279245
26,5279298
941,5279424
942,5279425
976,5279989
977,5279990
400,5280117
401,5280118
525,5280133
526,5280134
544,5280293
1073,5280636
175,5280851
176,5280852
154,5280934
401,5281002
995,5281477
996,5281478
994,5281740
1134,5281763
370,5281887
399,5282052
56,5282218
1134,5282673
528,5282954
361,5283009
942,5283031
1110,5283401
1111,5283402
269,5283412
270,5283413
169,5283584
170,5283585
370,5283716
1106,5284056
479,5284120
480,5284121
965,5284137
255,5284199
818,5284407
154,5284464
177,5285173
178,5285174
698,5285175
967,5285440
25,5286152
152,5286303
1108,5286314
269,5286398
595,5286404
943,5286463
944,5286464
812,5286851
813,5286852
697,5287135
994,5287820
220,5289143
944,5289200
693,5289364
361,5289366
967,5289446
952,5289478
201,5289781
1036,5289804
967,5289805
334,5289832
335,5289833
829,5290292
57,5290427
1114,5290571
1073,5290789
994,5290893
197,5290923
710,5290944
369,5290991
1134,5290994
566,5291226
567,5291227
530,5291240
956,5291271
957,5291272
176,5291502
194,5291532
539,5291826
964,5292172
965,5292173
1104,5292175
176,5292406
520,5292505
175,5292995
122,5293769
753,5293976
847,5294082
692,5294583
674,5294896
105,5294943
260,5295017
261,5295018
703,5295341
275,5295399
674,5295633
828,5295694
781,5295718
57,5295860
254,5296012
965,5296139
966,5296140
372,5296141
529,5296420
566,5296523
567,5296524
568,5296525
141,5296552
973,5297161
444,5297211
58,5297339
605,5297476
956,5297656
421,5297713
175,5297720
191,5297730
419,5297862
111,5297922
698,5297992
699,5297993
673,5298003
342,5298062
382,5298471
63,5298609
56,5298757
541,5298878
590,5298906
111,5298938
1106,5299006
804,5299090
995,5299941
996,5299942
177,5300246
197,5300330
529,5300412
288,5300505
754,5300512
61,5300817
62,5300818
411,5300818
63,5300819
61,5300824
62,5300825
411,5300825
412,5300826
386,5301072
63,5301096
374,5301172
448,5301248
567,5302272
568,5302273
980,5302313
981,5302314
982,5302315
191,5302429
192,5302430
1082,5302431
403,5302551
804,5302667
737,5302884
62,5302936
411,5302936
63,5302937
1106,5302951
1107,5302952
518,5303054
175,5303879
558,5303902
559,5303903
122,5304395
698,5304759
973,5304789
125,5304805
1134,5305022
288,5305107
61,5305484
543,5305558
544,5305559
90,5305817
91,5305818
92,5305819
1072,5305847
1073,5305848
175,5305867
590,5306070
368,5306071
1134,5306301
324,5306665
955,5306690
57,5306814
474,5307115
63,5307235
192,5307308
335,5307351
704,5307934
1047,5308067
386,5308280
444,5308468
445,5308469
1134,5308688
274,5308828
419,5309114
56,5309195
1134,5309315
660,5309556
478,5309743
394,5309950
395,5309951
270,5309952
710,5310049
905,5310162
541,5310273
122,5310288
969,5310831
693,5310980
558,5311082
941,5311100
942,5311101
994,5311170
202,5311215
1112,5311474
1113,5311475
1047,5311516
674,5311529
539,5311622
400,5311625
401,5311626
541,5311992
63,5311996
368,5312169
526,5312589
197,5312626
722,5312857
973,5313000
288,5313028
168,5313227
698,5313558
954,5313587
955,5313588
197,5313595
445,5313756
994,5314121
191,5314318
447,5314339
209,5314446
169,5314466
170,5314467
952,5314607
964,5314632
25,5314704
275,5314791
169,5315070
170,5315071
191,5315099
372,5315482
716,5315615
717,5315616
660,5315684
692,5315724
955,5315802
372,5316070
688,5316258
952,5316362
829,5316372
1134,5316447
57,5316606
274,5316651
275,5316652
382,5317106
905,5317138
659,5317657
830,5317871
1072,5318095
1134,5318134
526,5318170
141,5318288
288,5319158
818,5319176
904,5319697
288,5319813
324,5320047
994,5320360
541,5320943
1131,5321021
201,5321052
288,5321247
953,5321281
870,5321349
944,5321446
953,5321473
864,5321733
1072,5322098
447,5322392
275,5322445
1041,5322529
444,5322673
1072,5322877
58,5323074
368,5323413
361,5323655
576,5323670
475,5323723
110,5324048
1134,5324180
421,5324226
673,5324230
944,5324409
847,5324869
829,5325038
447,5325153
122,5325275
690,5325324
62,5325400
411,5325400
1047,5325511
698,5325612
1073,5325621
255,5325643
711,5326655
419,5326848
420,5326849
201,5326936
168,5327596
518,5327809
541,5328026
111,5329328
1134,5329330
444,5329424
674,5329721
325,5329804
942,5329913
370,5330013
564,5330245
830,5330278
1103,5330533
92,5330643
394,5330707
673,5330925
1009,5330949
1010,5330950
168,5331027
638,5331047
559,5331098
61,5331438
62,5331439
411,5331439
967,5331839
421,5331844
1097,5331866
286,5331994
199,5332042
110,5332211
111,5332212
518,5332729
651,5333068
652,5333069
1134,5333126
254,5333135
255,5333136
196,5333145
197,5333146
521,5333410
828,5333493
829,5333494
905,5333733
650,5333755
1072,5334335
61,5334381
818,5334413
571,5334688
1112,5334830
220,5334847
944,5334851
386,5334884
474,5334916
25,5335191
334,5335301
335,5335302
274,5335342
275,5335343
361,5335361
710,5335636
274,5335827
905,5336243
576,5336288
1047,5336345
754,5336479
521,5336592
966,5336601
967,5336602
952,5336767
722,5337108
474,5337352
168,5337386
209,5337449
818,5337478
754,5337612
904,5337654
753,5337676
754,5337677
566,5337686
567,5337687
170,5338456
952,5338561
818,5338614
659,5338960
818,5339025
1048,5339059
447,5339418
976,5339448
977,5339449
89,5339573
1097,5339983
1098,5339984
539,5340014
539,5340032
541,5340034
1047,5340070
1131,5340101
129,5340403
847,5340522
855,5340713
692,5340832
169,5341198
176,5341457
521,5341490
89,5341549
90,5341550
818,5341627
199,5341862
967,5341990
325,5342128
447,5342189
255,5342323
255,5342480
788,5342541
87,5342998
88,5342999
89,5343000
90,5343001
445,5343279
574,5343704
575,5343705
1134,5343809
394,5343842
674,5343969
1107,5344134
1050,5344222
288,5344337
570,5344426
541,5344574
542,5344575
399,5344727
274,5344744
394,5344985
1098,5345021
905,5345052
175,5345506
698,5345658
334,5345733
196,5345884
197,5345885
25,5346102
197,5346158
383,5346263
1041,5346308
1131,5346475
828,5346502
829,5346503
1072,5346534
967,5347063
337,5347136
781,5347195
421,5347476
941,5347606
942,5347607
158,5347788
1097,5347803
674,5347881
269,5348050
270,5348051
361,5348055
781,5348172
690,5348173
141,5348226
191,5348254
192,5348255
474,5348516
383,5348652
965,5348829
57,5348923
56,5349225
57,5349226
192,5349260
521,5349269
966,5349334
967,5349335
56,5349343
541,5349666
571,5349721
1047,5349957
604,5349971
847,5350201
1072,5350481
541,5350526
447,5350537
541,5350768
372,5350884
92,5351228
690,5351614
520,5351759
638,5351760
1098,5351764
254,5351842
1134,5351887
1134,5352123
673,5352142
630,5352195
192,5352266
1115,5352313
944,5352340
722,5352372
528,5352740
542,5352822
638,5352823
1047,5352929
956,5353110
956,5353181
957,5353182
191,5353315
941,5353530
1047,5353732
370,5353876
192,5353899
479,5353902
403,5354149
399,5354569
400,5354570
539,5354622
541,5354624
542,5354625
200,5354631
692,5354654
541,5354680
25,5354784
475,5354798
541,5354887
528,5354917
980,5355049
111,5355090
153,5355564
169,5355733
973,5355764
864,5355941
325,5356219
1081,5356353
952,5356386
177,5356502
952,5356800
122,5356944
967,5357211
966,5357264
967,5357265
399,5357629
651,5357637
865,5357895
866,5357896
867,5357897
710,5358632
269,5358644
866,5358687
1047,5358712
693,5359025
270,5359152
25,5359410
399,5359594
400,5359595
58,5359660
1108,5359692
973,5359944
448,5359974
361,5359983
755,5360306
566,5360358
567,5360359
394,5360507
395,5360508
270,5360509
722,5360573
444,5361072
445,5361073
952,5361090
528,5361313
275,5361339
87,5361364
977,5361367
274,5361758
276,5361832
1018,5361986
722,5362085
566,5362578
567,5362579
400,5362712
194,5362733
622,5362786
201,5362929
61,5362957
62,5362958
411,5362958
158,5363028
62,5363127
411,5363127
63,5363128
1072,5363174
198,5363262
1072,5363293
697,5363613
194,5363635
829,5364168
175,5364367
475,5364381
904,5364797
178,5365015
62,5365041
411,5365041
1131,5365193
1041,5365217
652,5365409
445,5365489
456,5365508
194,5365564
195,5365565
195,5365603
447,5365672
1099,5365774
1100,5365775
1101,5365776
977,5366020
955,5366042
638,5366164
1041,5366235
941,5366451
942,5366452
342,5366709
590,5366950
368,5366951
369,5366952
994,5367228
830,5367461
788,5367528
829,5367646
412,5367804
196,5367901
368,5367929
324,5367988
605,5368011
25,5368115
201,5368128
444,5368160
1113,5368176
270,5368203
141,5368438
994,5368475
399,5368554
570,5368581
690,5368633
170,5368679
977,5368685
674,5368953
196,5368977
447,5369232
448,5369233
197,5369251
194,5369254
195,5369255
1121,5369544
270,5369583
954,5369614
955,5369615
956,5369616
957,5369617
61,5369693
324,5370031
447,5370041
955,5370083
943,5370294
59,5370304
944,5370334
57,5370619
1097,5370993
420,5370994
690,5371026
61,5371446
62,5371447
411,5371447
63,5371448
56,5371634
916,5371640
944,5371717
1134,5371812
336,5372621
993,5372685
87,5372820
980,5372956
382,5373050
383,5373051
270,5373175
400,5373197
956,5373404
722,5373545
692,5373802
558,5373931
81,5374147
1047,5374673
169,5374832
539,5374925
521,5374928
866,5375151
867,5375152
444,5375455
445,5375456
542,5375559
638,5375560
57,5375613
399,5375718
260,5375820
1131,5376116
1041,5376184
942,5376213
690,5376215
604,5376366
374,5376450
668,5376719
539,5376905
704,5376961
386,5377174
973,5377219
864,5377510
567,5378003
568,5378004
569,5378005
529,5378852
270,5378978
275,5379230
1072,5379382
566,5379452
209,5379786
370,5379969
175,5380051
1047,5380224
275,5380355
965,5380401
904,5380776
722,5381185
274,5381239
399,5381252
400,5381253
954,5381339
973,5381470
63,5381882
849,5381937
274,5382131
1048,5382138
177,5382142
693,5382211
690,5382417
688,5382458
955,5382984
444,5383037
445,5383038
403,5383200
269,5383530
576,5383582
209,5383639
61,5383757
59,5383819
478,5383863
478,5384100
288,5384233
208,5384445
942,5384529
1047,5385261
286,5385524
975,5385542
829,5385641
191,5385669
170,5385823
967,5385933
1072,5386301
447,5386550
275,5386642
56,5386714
698,5386891
177,5386919
178,5386920
192,5387293
952,5387537
1100,5387541
520,5387674
521,5387675
520,5387710
542,5388129
568,5388134
941,5388237
141,5388436
87,5389095
372,5389192
542,5389242
638,5389243
1018,5389266
697,5389282
62,5389482
411,5389482
818,5389843
904,5389904
286,5389935
539,5389943
399,5389946
400,5389947
401,5389948
660,5389954
191,5390165
192,5390166
193,5390167
1101,5390195
500,5390698
559,5390812
722,5390824
122,5390885
194,5390982
195,5390983
334,5390996
952,5391494
692,5391497
523,5391644
87,5391648
952,5391694
541,5391811
542,5391812
604,5391919
1047,5392063
539,5392101
400,5392104
401,5392105
1104,5392176
372,5392559
261,5392694
1103,5392898
965,5393081
197,5393086
445,5393109
702,5393230
703,5393231
704,5393232
866,5393445
867,5393446
722,5393453
1121,5393519
370,5393974
975,5394123
175,5394176
982,5394440
270,5394771
447,5395082
111,5395208
566,5395598
567,5395599
208,5395729
904,5395966
171,5396006
1107,5396172
1108,5396173
955,5396180
874,5396560
97,5396737
674,5397131
675,5397132
176,5397184
673,5397214
255,5398099
63,5398211
64,5398212
568,5398357
194,5398392
994,5398445
479,5398861
973,5398922
275,5399084
192,5399204
1082,5399205
955,5399266
956,5399267
957,5399268
61,5399351
62,5399352
411,5399352
383,5399377
944,5399639
122,5399869
690,5399927
558,5400032
559,5400033
447,5400127
448,5400128
973,5400187
539,5400236
864,5400254
673,5400414
201,5400491
973,5400521
342,5400592
370,5400668
905,5400711
57,5400714
1081,5400779
1081,5400811
288,5400843
447,5400993
87,5401010
630,5401143
63,5401311
64,5401312
370,5401334
692,5401397
200,5401515
201,5401516
967,5401666
270,5401713
254,5402095
255,5402096
980,5402181
81,5402222
445,5402399
447,5402570
382,5402661
688,5402677
178,5402694
152,5402725
1047,5402759
111,5402848
288,5402856
199,5402931
200,5402932
201,5402933
528,5402995
904,5403101
674,5403112
194,5403262
195,5403263
965,5403320
386,5403324
444,5403588
754,5403606
90,5403776
370,5404003
370,5404031
1100,5404629
500,5404701
952,5404865
361,5404977
191,5405242
1059,5405898
1107,5406016
973,5406053
269,5406266
169,5406382
559,5406565
59,5406639
57,5406677
973,5406899
204,5406925
141,5407071
447,5407131
448,5407132
867,5407183
944,5407530
368,5407619
543,5407634
544,5407635
61,5407738
62,5407739
411,5407739
994,5407781
201,5408013
59,5408104
980,5408497
63,5408516
1050,5408557
25,5408562
559,5408880
955,5408940
830,5409007
254,5409129
394,5409133
395,5409134
788,5409263
905,5409287
993,5409462
866,5409630
92,5409699
521,5409718
693,5409762
943,5409772
474,5409841
693,5410065
1134,5410361
383,5410394
110,5410875
111,5410876
199,5411011
200,5411012
956,5411106
957,5411107
178,5411191
262,5411240
758,5411607
1072,5411686
56,5411719
57,5411720
474,5411889
973,5412005
479,5412015
386,5412162
539,5412254
370,5413073
954,5413423
170,5413523
521,5413664
690,5413745
1104,5413851
568,5413865
383,5414225
447,5414227
177,5414531
59,5415196
952,5415197
1104,5415277
1106,5415279
1107,5415280
1108,5415281
111,5415336
539,5415351
400,5415354
401,5415355
941,5415452
964,5415909
168,5415921
199,5416043
200,5416044
201,5416045
61,5416053
1098,5416836
1047,5417020
445,5417279
518,5417430
386,5418302
197,5418599
940,5419090
419,5419151
539,5419427
697,5419434
698,5419435
1106,5419480
383,5419553
192,5420062
953,5420881
955,5420928
175,5420957
542,5421224
638,5421225
847,5421228
693,5421231
274,5421260
370,5421547
866,5421562
867,5421563
868,5421564
386,5421830
905,5421841
276,5422366
630,5422477
693,5422532
1103,5422758
348,5423016
944,5423021
56,5423055
942,5423315
517,5423387
270,5423581
1134,5423779
523,5423804
1134,5424041
964,5424271
965,5424272
1134,5424565
692,5424752
623,5424810
122,5424982
275,5425579
58,5425664
520,5425838
57,5426330
56,5426434
57,5426435
204,5426481
917,5426490
917,5426491
917,5426492
917,5426505
688,5426507
690,5426509
194,5426594
195,5426723
867,5426812
61,5426817
993,5426840
828,5426853
623,5426868
1047,5427038
1097,5427102
1072,5427404
111,5427595
973,5427781
722,5427804
169,5428053
170,5428054
1107,5428434
193,5428831
110,5428836
92,5428936
342,5429180
690,5429186
698,5429463
737,5429511
153,5429559
829,5429782
382,5430087
542,5430091
445,5430483
480,5430668
383,5431406
542,5431430
521,5431431
522,5431432
523,5431433
965,5431591
56,5431641
965,5431795
370,5432031
374,5432104
168,5432232
651,5432323
342,5432371
905,5432404
62,5432492
411,5432492
445,5433394
530,5433567
781,5433863
158,5434037
96,5434052
520,5434072
1073,5434686
368,5434977
539,5435348
692,5435353
479,5435377
178,5435826
698,5435827
867,5436328
255,5436497
818,5436634
994,5436898
571,5436970
1072,5437050
1041,5437180
444,5437391
445,5437392
500,5437836
830,5437984
711,5438092
196,5438145
197,5438146
324,5438250
570,5438390
1048,5438394
170,5439044
370,5439123
341,5439377
342,5439378
197,5439465
673,5439568
544,5439578
526,5440039
445,5440046
383,5440116
25,5440209
201,5440410
445,5440590
369,5440681
965,5441067
1104,5441069
63,5441190
956,5441305
957,5441306
1134,5441394
878,5441776
965,5441843
1104,5441845
830,5441868
154,5442530
1047,5442665
370,5442838
904,5442958
63,5443341
275,5443560
736,5443644
965,5443710
154,5443956
342,5444563
479,5444611
1047,5444658
445,5444865
1081,5444884
659,5445004
479,5445008
737,5445094
753,5445209
1041,5445280
170,5445344
274,5445454
275,5445455
192,5445629
447,5446239
169,5446450
170,5446451
944,5446603
286,5446649
287,5446650
288,5446651
92,5446776
445,5446877
474,5446975
87,5446977
1109,5447096
692,5447511
1081,5447578
543,5447875
659,5447946
651,5447949
444,5448270
373,5448323
374,5448324
1131,5448721
722,5448740
847,5448851
372,5448921
412,5448924
976,5448961
539,5449263
541,5449265
527,5449530
528,5449531
904,5449590
62,5450064
411,5450064
1134,5450079
697,5450120
698,5450121
171,5450130
275,5450150
847,5450188
177,5450440
178,5450441
904,5450679
698,5450879
998,5451098
324,5451099
847,5451223
421,5451439
944,5451555
1131,5451667
274,5451801
275,5451802
480,5452499
342,5452610
1047,5452698
567,5453097
944,5453119
699,5453151
956,5453226
1104,5453319
595,5453425
59,5453805
275,5453828
195,5454009
111,5454016
693,5454549
59,5454623
944,5454642
651,5454759
1072,5455328
61,5455378
523,5455418
87,5455422
195,5455695
178,5456037
193,5456253
56,5456519
994,5456559
847,5456752
693,5456755
955,5456830
368,5456881
178,5456930
864,5456949
288,5456972
864,5457067
1081,5457108
500,5457357
1050,5457830
693,5457941
692,5458264
956,5458325
288,5458487
1009,5458864
447,5459185
674,5459199
1047,5459431
479,5459599
447,5459682
956,5459699
957,5459700
975,5459821
976,5459822
977,5459823
1107,5459916
866,5460442
867,5460443
870,5460936
692,5461021
693,5461022
870,5461129
1097,5461195
953,5461390
275,5461716
56,5461741
57,5461742
196,5461761
197,5461762
196,5461872
197,5461873
196,5461984
197,5461985
260,5462128
917,5462130
58,5462193
965,5462367
1110,5462393
965,5462429
444,5463148
445,5463149
941,5463291
942,5463292
690,5463294
847,5463499
941,5463529
942,5463530
26,5463699
517,5463717
967,5463841
722,5463861
125,5463925
527,5464075
542,5464341
638,5464342
804,5464457
528,5464498
942,5464521
383,5464619
445,5464973
697,5465163
1036,5465198
967,5465199
541,5465208
197,5465533
198,5465534
692,5465984
191,5465990
192,5465991
193,5465992
474,5466173
818,5466200
870,5466454
394,5466680
395,5466681
975,5466981
976,5466982
520,5467276
638,5467277
400,5467329
604,5467352
197,5467380
1107,5467513
699,5467694
905,5467725
980,5468344
688,5468427
688,5469031
1072,5469164
828,5469425
829,5469426
953,5469442
952,5469676
847,5469729
1106,5469920
444,5470089
855,5470241
199,5470352
651,5470450
692,5470632
202,5470675
399,5470748
541,5470762
58,5471357
659,5471588
1081,5471603
170,5471876
865,5472246
544,5472493
954,5472647
1081,5472812
847,5473898
59,5473975
523,5474165
528,5474592
865,5474615
169,5474662
209,5474784
688,5475026
944,5475028
1112,5475179
1113,5475180
270,5475291
361,5475468
965,5475486
1104,5475488
754,5475622
758,5475792
386,5475909
201,5475987
154,5476079
622,5476133
623,5476134
589,5476423
673,5476515
674,5476516
194,5476704
566,5477006
567,5477007
568,5477008
569,5477009
973,5477230
1072,5477314
964,5477747
56,5478161
88,5478315
474,5478481
526,5478831
421,5479233
58,5480083
693,5480136
26,5480189
604,5480680
1095,5480848
87,5481476
422,5481571
1100,5481606
690,5481673
539,5482377
969,5482381
1134,5482609
57,5483096
86,5483149
87,5483150
177,5483307
1081,5483326
270,5483509
942,5483575
479,5483617
175,5483817
96,5483833
692,5483918
444,5484583
401,5484617
905,5484706
474,5484769
475,5484770
753,5485176
542,5485229
638,5485230
965,5485257
169,5485304
570,5485373
944,5485487
269,5485545
956,5485700
1121,5485789
567,5485840
568,5485841
231,5485886
539,5485931
394,5485946
395,5485947
1103,5486309
526,5486336
325,5486562
400,5486631
270,5486791
973,5486840
92,5487117
394,5487146
447,5487493
528,5487610
954,5487717
955,5487718
170,5488050
171,5488051
692,5488075
269,5488270
169,5488447
941,5488545
998,5489147
324,5489148
270,5489254
693,5489373
539,5489546
1048,5489609
370,5489683
110,5489796
955,5489995
956,5489996
445,5490071
829,5490260
830,5490261
209,5490373
270,5490463
576,5490487
209,5490601
558,5490724
866,5490974
230,5491008
917,5491087
191,5491119
192,5491120
56,5491143
286,5491145
690,5491366
994,5491618
192,5491968
955,5492011
866,5492209
866,5492452
867,5492453
260,5492628
967,5493056
445,5493183
847,5493439
1097,5493623
420,5493624
447,5493650
394,5493703
692,5493916
399,5493983
170,5493986
541,5494156
567,5494209
568,5494210
569,5494211
382,5494415
383,5494416
520,5494461
904,5494486
1121,5495142
25,5495219
26,5495220
141,5495359
941,5495488
255,5495591
722,5495652
722,5495937
399,5496507
400,5496508
372,5496810
110,5497014
559,5497048
368,5497099
1097,5497304
1097,5497789
1098,5497790
1134,5498251
57,5498373
1134,5498701
722,5498855
847,5498890
56,5498949
382,5499057
220,5499364
444,5499418
445,5499419
1012,5499892
1009,5500124
1010,5500125
61,5500216
396,5500498
1089,5500498
829,5500565
829,5500857
1098,5500930
158,5501041
1047,5501267
967,5501602
847,5502015
722,5502017
917,5502216
917,5502217
688,5502250
1103,5502607
692,5502748
111,5502776
270,5502823
198,5502859
541,5502870
334,5503174
81,5503530
177,5504195
81,5504347
526,5504366
88,5504376
967,5504379
693,5505061
286,5505465
287,5505466
110,5505751
111,5505752
539,5505847
1041,5505910
576,5506139
1099,5506243
1100,5506244
1101,5506245
196,5506319
420,5506489
421,5506490
122,5506583
196,5506691
197,5506692
447,5506785
1050,5506939
1100,5506980
348,5507134
1072,5507228
1115,5507230
952,5507609
944,5507680
518,5508323
198,5508733
199,5508734
1072,5508868
220,5509341
1072,5509819
474,5509849
370,5509936
371,5509937
372,5509938
722,5510314
368,5510361
58,5510778
566,5511055
567,5511056
568,5511057
270,5512361
1134,5512450
942,5512478
57,5512980
58,5512981
1072,5513185
1073,5513186
866,5513235
867,5513236
975,5513238
976,5513239
977,5513240
904,5513699
419,5513788
420,5513789
421,5513790
595,5513822
196,5514009
539,5514016
969,5514020
26,5514118
955,5514132
56,5514211
652,5514267
541,5514290
542,5514291
993,5514819
828,5514980
829,5514981
559,5515037
169,5515211
722,5515728
697,5515786
1047,5515869
722,5515889
191,5515962
995,5516147
996,5516148
1047,5516186
1106,5516320
1107,5516321
26,5516342
1100,5516351
394,5516981
975,5517421
976,5517422
977,5517423
722,5517485
828,5517668
939,5517823
940,5517824
541,5518032
542,5518033
399,5518219
400,5518220
847,5518230
638,5518388
559,5518428
89,5518672
980,5518909
60,5519182
194,5519234
847,5519299
781,5519541
87,5519657
171,5520017
1134,5520311
780,5520477
944,5520479
964,5520645
382,5520741
904,5520957
590,5521218
368,5521219
194,5521454
994,5521744
690,5521748
996,5521859
688,5521889
1047,5521945
383,5521994
973,5522441
688,5522510
965,5522907
688,5522960
517,5523003
56,5523159
517,5523260
196,5523440
197,5523441
969,5523509
604,5523544
254,5523722
111,5523737
56,5524285
830,5524418
530,5525126
847,5525247
59,5525253
952,5525254
953,5525255
169,5525852
518,5525856
1090,5525857
111,5526016
262,5526058
1048,5526128
904,5526147
878,5526299
977,5526434
818,5526446
56,5526632
904,5526840
1047,5526933
122,5527179
955,5527678
520,5527722
194,5527839
61,5527908
62,5527909
411,5527909
559,5528046
169,5528121
567,5528229
568,5528230
122,5528367
567,5528623
604,5528860
577,5529079
528,5529131
829,5529234
201,5529276
916,5529317
1121,5529874
25,5529951
26,5529952
141,5530091
479,5530101
941,5530220
255,5530323
722,5530384
722,5530671
980,5530877
1134,5531022
111,5531164
566,5531471
541,5531696
422,5532481
973,5533050
944,5533689
111,5534499
692,5534639
653,5534836
61,5535018
62,5535019
411,5535019
604,5535060
110,5535211
952,5535261
905,5535262
153,5535384
944,5535481
57,5535517
352,5535600
780,5535706
277,5536106
92,5536308
274,5536402
998,5536420
324,5536421
980,5536487
981,5536488
1047,5536558
520,5536965
541,5537255
254,5537524
255,5537525
270,5537904
25,5537956
59,5538467
260,5538483
917,5538485
622,5538503
194,5538640
122,5538722
122,5538975
980,5539091
275,5539201
169,5539221
170,5539222
62,5539544
411,5539544
980,5539593
559,5539598
169,5539659
445,5539676
1081,5540058
1099,5540199
383,5540240
275,5540338
1106,5540396
274,5540534
275,5540535
202,5540587
517,5540625
518,5540626
697,5540840
667,5540860
368,5541151
1106,5541175
1107,5541176
622,5541214
862,5541613
863,5541614
588,5541679
122,5541900
847,5542039
668,5542055
993,5542302
336,5542378
89,5542491
829,5542939
79,5543021
104,5543055
230,5543144
334,5543222
190,5543242
191,5543243
192,5543244
674,5543310
638,5543423
176,5543790
61,5543883
62,5543884
411,5543884
542,5544061
638,5544062
955,5544698
523,5544761
830,5544815
56,5544847
829,5544970
479,5545049
348,5545564
447,5545844
448,5545845
394,5546301
865,5546366
944,5546514
996,5546681
865,5546987
574,5546989
324,5547174
542,5547531
944,5547538
622,5547747
704,5547853
567,5547921
168,5547999
368,5548286
711,5548626
542,5549055
567,5549181
568,5549182
445,5549519
274,5549573
288,5549590
208,5549595
191,5549775
56,5549876
270,5549974
175,5550167
370,5550298
288,5550319
1134,5550429
576,5550835
722,5550976
88,5551167
89,5551168
90,5551169
559,5551222
1041,5551591
1019,5551736
829,5552219
479,5552499
480,5552500
202,5552528
967,5552536
638,5552596
1103,5552628
198,5552723
674,5552900
325,5553069
1047,5553503
698,5553506
286,5553562
288,5553567
197,5553628
260,5553804
369,5553951
1047,5554050
829,5554057
542,5554407
209,5554467
904,5554655
255,5554697
527,5555129
528,5555130
63,5555161
976,5555363
953,5555379
690,5555712
63,5555760
847,5555980
604,5556028
90,5556045
1072,5556346
604,5556433
570,5556740
1047,5557319
1048,5557320
539,5557623
702,5557627
944,5557684
830,5557778
25,5557858
274,5558010
1047,5558027
868,5558116
348,5558135
168,5558443
169,5558444
673,5558556
722,5558579
952,5558628
520,5558767
169,5558975
847,5559180
944,5559278
622,5559299
754,5559427
177,5559519
447,5559655
448,5559656
178,5559670
659,5559698
474,5559775
994,5559859
690,5559863
564,5560356
274,5560571
479,5560615
474,5560839
288,5561038
270,5561125
434,5561241
197,5561253
198,5561254
199,5561255
87,5561595
479,5562150
368,5562296
369,5562297
994,5562300
951,5562303
952,5562304
828,5562478
829,5562479
570,5562722
541,5563442
542,5563443
975,5563446
976,5563447
977,5563448
400,5563520
1048,5563759
570,5563786
1134,5563823
141,5563880
96,5564178
220,5564533
275,5564669
693,5564711
867,5565040
325,5565350
994,5565581
169,5565625
170,5565626
830,5565726
690,5565819
993,5565921
57,5565974
170,5566054
1134,5566137
830,5566562
399,5566653
169,5566803
955,5566938
286,5566963
421,5566991
1134,5567423
269,5567468
270,5567469
965,5568010
220,5568136
1097,5568224
111,5568240
1134,5568596
1072,5568629
56,5569637
528,5569992
529,5570054
819,5570171
559,5570356
445,5570959
1112,5570999
1113,5571000
382,5571331
334,5571414
335,5571415
63,5571636
368,5572184
604,5572453
965,5572866
445,5572931
447,5572933
953,5572971
668,5572997
688,5573090
944,5573092
198,5573163
286,5573737
382,5573942
176,5574132
445,5574211
57,5574224
269,5574357
659,5574760
169,5575114
194,5575194
195,5575195
944,5575436
659,5575543
692,5575655
1134,5576006
201,5576097
500,5576102
1131,5576304
125,5576341
539,5576387
964,5576442
965,5576692
288,5576776
847,5576803
588,5576906
1047,5577038
542,5577059
674,5577234
967,5577287
479,5577558
1047,5577597
170,5577893
953,5577900
570,5578619
818,5578672
96,5578989
564,5579145
855,5579189
521,5579274
818,5580355
96,5580384
97,5580385
168,5580462
269,5580719
270,5580720
25,5580744
26,5580745
690,5580767
178,5580863
192,5580945
781,5581239
400,5581762
955,5581841
559,5581865
269,5581873
270,5582016
168,5582249
570,5582348
693,5582577
864,5582811
541,5582880
541,5582890
542,5582891
521,5582892
478,5582893
693,5582937
571,5583139
86,5583354
270,5583477
274,5583481
269,5583803
368,5583844
90,5583880
59,5584253
153,5584261
59,5584486
952,5584487
905,5584488
622,5584718
1047,5584721
688,5584811
977,5584851
904,5584955
829,5585517
335,5585571
152,5586008
448,5587021
849,5587082
849,5587474
63,5587690
64,5587691
829,5587862
288,5587999
905,5588220
976,5588310
977,5588311
209,5588719
867,5588765
421,5588821
690,5589144
274,5589281
976,5589482
977,5589483
651,5589611
1104,5589684
325,5589824
152,5589832
368,5589958
175,5590039
176,5590040
177,5590041
169,5590081
517,5590584
942,5590861
1098,5590865
1098,5590981
866,5591009
867,5591010
1041,5591316
110,5591687
92,5591828
201,5592006
96,5592101
722,5592144
994,5592241
368,5592468
369,5592469
1134,5592700
96,5592738
996,5592745
993,5592863
956,5593215
957,5593216
941,5593309
334,5593419
125,5593492
905,5593766
520,5593922
638,5593923
1098,5593927
865,5594206
25,5594272
26,5594273
693,5594298
1047,5594396
1047,5594630
829,5594922
804,5594940
57,5594989
690,5595286
941,5595352
953,5595434
558,5595497
275,5595796
25,5596083
447,5596207
953,5596213
209,5596513
528,5597033
967,5597227
1134,5597251
570,5597283
269,5597470
479,5597579
445,5597687
92,5598395
559,5598452
953,5598461
400,5598693
542,5598700
830,5598710
176,5598788
559,5598953
1041,5599056
1113,5599143
110,5599210
111,5599211
829,5599219
693,5599514
1095,5599730
89,5599947
197,5600077
1047,5600246
170,5600298
286,5600551
287,5600552
288,5600553
445,5600594
942,5600653
812,5600943
813,5600944
59,5600954
274,5600978
199,5601366
200,5601367
201,5601368
944,5601534
673,5601547
1072,5601602
25,5601744
400,5601837
526,5601947
941,5602826
722,5603185
810,5603503
544,5603833
954,5603983
261,5604064
866,5604121
867,5604122
818,5604312
87,5604463
386,5604572
955,5604722
956,5604723
558,5605358
965,5605425
835,5605435
576,5605454
604,5605485
209,5605577
1097,5605677
274,5605839
520,5605877
521,5605878
810,5605927
692,5605983
693,5605984
444,5606296
445,5606297
447,5606392
141,5606616
75,5606778
399,5606840
905,5606850
528,5606938
274,5607041
198,5607067
605,5607077
394,5607153
395,5607154
722,5607212
62,5607437
411,5607437
201,5607602
111,5607685
141,5607888
942,5607892
270,5607937
676,5607942
1134,5608029
878,5608124
589,5608144
1131,5608149
1104,5608152
86,5608181
1134,5608596
191,5608620
26,5608625
942,5608762
90,5608768
194,5608774
386,5608814
722,5609000
1134,5609353
518,5609658
976,5609687
977,5609688
274,5609713
523,5609750
944,5609939
201,5610404
847,5610435
568,5610476
688,5610605
829,5610943
576,5611137
693,5611151
270,5611232
542,5611262
638,5611263
1131,5611280
652,5611653
169,5611730
866,5611802
867,5611803
713,5611881
714,5611882
400,5612027
478,5612114
818,5612372
275,5612529
275,5612642
275,5612869
275,5613095
275,5613321
942,5613456
57,5613510
500,5613585
698,5613881
1108,5613910
953,5614084
61,5614271
62,5614272
411,5614272
704,5614905
722,5615286
473,5615537
168,5615886
169,5615887
1072,5616007
818,5616064
370,5616409
373,5616766
849,5616847
122,5616966
61,5617031
62,5617032
411,5617032
412,5617033
274,5617051
274,5617212
401,5617514
401,5617529
348,5617567
939,5617864
940,5617865
87,5617915
447,5617992
25,5618152
122,5618254
170,5618417
456,5618433
474,5618699
198,5618730
199,5618731
336,5618764
382,5618858
288,5618871
111,5619022
566,5619144
567,5619145
568,5619146
569,5619147
864,5619244
1106,5619331
1108,5619444
1041,5619965
348,5620271
419,5620759
230,5620760
622,5620801
539,5620930
370,5621000
194,5621006
870,5621055
866,5621062
867,5621063
412,5621271
690,5621378
955,5621486
829,5621745
704,5621864
141,5621955
692,5621983
693,5621984
688,5622093
475,5622118
141,5622419
26,5622475
942,5622483
479,5622801
479,5623011
89,5623319
1047,5623477
698,5623508
63,5623666
270,5623677
674,5623764
866,5623890
867,5623891
111,5623912
941,5623957
828,5624222
419,5624308
230,5624309
830,5624352
830,5624678
830,5625197
699,5625261
25,5625809
952,5625841
528,5626111
1041,5626126
444,5626292
141,5626648
478,5626728
88,5626738
847,5627165
96,5627611
673,5627734
89,5627772
90,5627773
828,5628246
692,5628269
818,5628304
169,5628753
445,5628819
1081,5629219
193,5629220
812,5629484
722,5629722
698,5629803
521,5630063
478,5630064
1104,5630187
141,5630441
195,5630559
690,5630579
61,5630918
198,5631084
474,5631185
713,5631654
714,5631655
674,5631882
722,5631999
288,5632065
153,5632398
955,5632451
967,5632563
567,5632609
864,5633007
830,5633662
638,5634057
177,5634098
652,5634251
445,5634392
652,5634683
87,5634790
447,5634791
448,5634792
275,5634926
828,5634955
422,5635134
255,5635369
690,5635399
864,5635453
864,5635483
168,5635576
191,5635620
994,5636195
722,5636343
204,5636347
209,5636423
394,5636512
395,5636513
270,5636514
818,5637151
92,5637363
153,5637793
942,5637884
521,5638006
865,5638065
61,5638165
192,5638281
193,5638282
342,5638398
517,5638550
153,5638825
403,5639029
1072,5639323
374,5639490
622,5639519
623,5639520
847,5639626
674,5639995
382,5640266
1104,5640268
286,5640434
1098,5640511
711,5640641
996,5640654
528,5640769
1131,5641130
1072,5641188
1073,5641189
261,5641277
90,5641444
955,5641517
386,5641602
956,5641833
905,5642040
1134,5642513
953,5642586
952,5642595
905,5642596
830,5643024
904,5643472
199,5643501
818,5643660
196,5643844
544,5643890
348,5643936
62,5644054
411,5644054
192,5644081
193,5644082
690,5644202
334,5644246
335,5644247
175,5644391
204,5644666
866,5644896
867,5644897
973,5644925
1018,5644991
758,5645100
1106,5645172
1107,5645173
336,5645194
1134,5645939
399,5645957
710,5646264
170,5646434
976,5646558
1041,5646572
652,5646574
559,5646602
622,5646802
56,5646908
993,5646911
653,5647016
382,5647190
447,5647331
448,5647332
523,5647478
539,5647964
170,5648131
964,5648281
202,5648297
396,5648515
1089,5648515
1090,5648516
169,5648951
170,5648952
448,5649130
92,5649257
829,5649502
56,5649820
57,5649821
220,5649977
917,5650283
917,5650284
917,5650285
758,5650550
904,5650799
722,5650967
572,5651341
171,5651816
604,5651943
622,5652145
818,5652249
348,5652427
542,5652490
864,5652571
952,5652763
288,5652921
403,5652975
368,5653332
1097,5653375
942,5653509
288,5653755
298,5653897
812,5654084
813,5654085
566,5654136
942,5654240
270,5654521
905,5654622
517,5654632
1090,5654720
674,5654793
201,5654930
274,5654936
952,5655032
177,5655151
456,5655361
1090,5655494
1095,5655565
980,5655727
56,5655741
57,5655742
539,5655777
942,5655854
191,5655940
954,5655977
479,5656053
175,5656114
523,5656427
517,5656513
125,5656659
855,5656909
526,5657208
194,5657659
965,5657719
692,5658059
198,5658250
199,5658251
722,5658308
111,5658380
61,5658463
62,5658464
411,5658464
447,5659089
964,5659438
965,5659439
566,5659739
567,5659740
568,5659741
688,5659900
444,5660080
170,5660085
25,5660322
382,5660373
1018,5660420
711,5660494
479,5660634
57,5660687
199,5661146
200,5661147
374,5661382
952,5661531
956,5661543
445,5661563
1072,5661588
260,5661635
261,5661636
63,5661704
828,5661872
829,5661873
830,5661874
255,5662148
26,5662604
1134,5663085
518,5663123
1109,5663140
195,5663252
196,5663253
197,5663254
829,5663297
528,5663359
288,5663816
1134,5664085
400,5664339
944,5664715
622,5664764
158,5664929
904,5665019
905,5665020
57,5665023
170,5665231
944,5665411
942,5665469
690,5666069
383,5666179
275,5666389
973,5666413
61,5666492
62,5666493
411,5666493
348,5666523
865,5666568
866,5666617
1114,5666836
197,5667126
542,5667180
274,5667454
1072,5667479
197,5667840
419,5667848
420,5667849
421,5667850
383,5668030
386,5668033
178,5668070
570,5668342
541,5668461
667,5668570
199,5668616
828,5668680
829,5668681
25,5668725
479,5668808
445,5669015
944,5669048
944,5669372
704,5669385
348,5669400
89,5669529
855,5670174
260,5670512
1081,5670565
566,5670859
567,5670860
568,5670861
270,5670902
864,5670926
1072,5670936
175,5670942
692,5670981
981,5671081
542,5671493
864,5671564
940,5671801
952,5672101
87,5672192
447,5672193
372,5672227
386,5672336
175,5672676
478,5673471
479,5673762
1041,5673866
539,5674215
566,5674360
567,5674361
568,5674362
474,5674607
674,5674835
169,5675076
89,5675087
90,5675088
361,5675292
542,5675401
944,5675919
1134,5676064
542,5676614
445,5676781
447,5676812
88,5676896
89,5676897
1103,5677427
528,5677497
61,5677974
194,5678034
1073,5678078
337,5678081
158,5678333
942,5678390
690,5678392
370,5678581
1104,5678704
1106,5678706
129,5678713
697,5678773
456,5678987
941,5679317
275,5679403
520,5679529
445,5679566
1106,5679646
994,5679732
1134,5679834
1095,5679904
325,5679939
944,5680134
1071,5680147
638,5680164
847,5680167
847,5680188
526,5680513
517,5680840
169,5680978
866,5681027
867,5681028
870,5681100
419,5681165
370,5681176
1131,5681265
753,5681325
674,5681334
177,5681710
63,5681818
64,5681819
980,5682008
444,5682039
703,5682143
704,5682144
1097,5682178
420,5682179
421,5682180
62,5682240
411,5682240
542,5682338
638,5682339
638,5682463
197,5682542
198,5682543
275,5682655
692,5682662
63,5682722
818,5683115
904,5683488
953,5683489
780,5683960
176,5684293
653,5684584
153,5684869
230,5685035
1081,5685123
96,5685255
169,5685283
288,5685452
541,5685522
576,5685526
1047,5685846
1072,5686063
994,5686093
690,5686469
447,5686686
447,5686903
448,5686904
197,5686924
944,5687254
994,5687365
865,5687871
866,5687872
867,5687873
111,5687927
1134,5687929
448,5688005
864,5688065
473,5688144
673,5688309
448,5688429
90,5688586
995,5688600
996,5688601
1072,5688653
1073,5688654
1104,5688959
175,5689189
254,5689260
57,5689613
866,5689748
867,5689749
520,5689867
57,5689996
275,5690007
1081,5690070
698,5690229
178,5690548
847,5690572
828,5691083
829,5691084
998,5691135
324,5691136
941,5691437
517,5691567
399,5692252
952,5692403
865,5692539
967,5692654
952,5693155
288,5693178
111,5693260
1081,5693370
847,5693380
722,5693412
1050,5693426
477,5693624
383,5693684
1112,5693854
274,5693966
523,5694066
60,5694202
942,5694791
541,5695160
804,5695269
541,5695389
479,5695590
965,5695796
382,5695924
372,5695926
1098,5696026
1072,5696138
286,5696374
953,5696477
62,5697010
411,5697010
1134,5697089
830,5697177
541,5697255
1097,5697258
1098,5697259
270,5697475
523,5697575
474,5697677
830,5697854
964,5697953
965,5697954
1134,5698058
542,5698134
521,5698135
478,5698136
539,5698297
274,5698390
445,5698522
286,5698686
270,5698866
197,5698872
981,5698983
982,5698984
61,5699523
62,5699524
411,5699524
194,5699636
818,5700065
286,5700082
673,5700523
197,5700530
847,5700607
528,5700767
270,5701064
944,5701119
980,5701312
722,5701371
673,5701448
154,5702049
209,5702126
543,5702213
544,5702214
170,5703021
1134,5703058
1081,5703209
1134,5703262
96,5703386
830,5703407
874,5703571
111,5703976
474,5704548
975,5704596
976,5704597
447,5704844
668,5704999
1081,5705015
193,5705016
520,5705173
399,5705235
288,5705680
829,5705917
830,5705918
191,5705929
192,5705930
539,5706206
288,5706536
866,5706556
867,5706557
965,5706783
168,5707184
342,5707187
343,5707188
965,5707266
191,5707333
199,5707489
447,5707569
539,5707574
199,5707582
396,5707770
1089,5707770
864,5707835
177,5707866
372,5708122
722,5708445
373,5708462
374,5708463
967,5708678
1081,5708702
288,5709039
478,5709145
447,5709234
170,5709268
419,5709283
942,5709347
944,5709484
1131,5709551
967,5709586
192,5709623
110,5709699
818,5709811
1113,5710122
141,5710226
178,5710409
698,5710410
830,5710581
595,5710661
447,5710682
448,5710683
964,5710904
92,5710973
698,5711137
698,5711176
403,5711309
1041,5711575
668,5711611
523,5711686
170,5712015
97,5712024
382,5712303
517,5712365
570,5712388
571,5712389
659,5712433
698,5712634
1041,5712730
209,5712940
96,5713033
220,5713039
944,5713072
288,5713234
275,5713520
941,5713928
622,5714278
722,5714747
499,5714929
474,5715136
169,5715218
170,5715219
91,5715646
92,5715647
421,5715760
288,5715773
56,5715829
57,5715830
58,5715831
1134,5716047
201,5716172
62,5716574
411,5716574
690,5716631
87,5716666
400,5716925
1097,5717021
521,5717214
541,5717242
90,5717364
710,5717849
576,5717875
653,5717910
965,5717916
57,5718123
97,5718508
1047,5718668
63,5718726
447,5718809
994,5718887
688,5718891
590,5718961
368,5718962
698,5719173
169,5719458
334,5719641
110,5719787
111,5719788
444,5719857
445,5719858
1081,5720220
688,5720484
722,5720529
195,5720700
58,5720909
57,5721385
58,5721386
59,5721387
952,5721388
169,5721740
169,5721899
412,5722114
973,5722162
523,5722206
524,5722207
525,5722208
526,5722209
527,5722210
528,5722211
559,5722237
622,5722286
623,5722287
192,5722300
651,5722313
652,5722314
674,5722335
675,5722336
676,5722337
714,5722371
715,5722372
716,5722373
717,5722374
804,5722458
590,5722468
368,5722469
818,5722475
996,5722632
997,5722633
1041,5722671
1047,5722676
1107,5722728
1108,5722729
804,5723030
994,5723083
401,5723143
542,5723705
543,5723706
544,5723707
692,5723777
982,5723839
87,5723967
955,5723990
448,5724237
122,5724408
169,5724504
567,5724581
866,5724971
867,5724972
905,5725120
368,5725315
201,5725337
541,5725637
448,5725727
169,5725820
478,5725908
954,5726112
200,5726290
201,5726291
722,5726333
1104,5726338
1106,5726340
523,5726551
168,5726847
445,5726909
542,5727083
847,5727102
479,5727158
177,5727218
204,5727235
169,5727277
688,5727402
1047,5727578
1048,5727579
692,5727593
693,5727594
201,5727756
447,5728185
334,5728621
804,5728623
445,5728657
520,5728838
638,5728839
1072,5728887
447,5729358
448,5729359
818,5729502
707,5729934
56,5729957
965,5730172
1104,5730174
673,5730890
220,5730919
196,5730971
197,5730972
874,5731069
261,5731178
262,5731179
541,5731207
1072,5731282
835,5731622
905,5731647
275,5732013
63,5732243
122,5732285
965,5732869
1104,5732871
370,5732889
818,5733034
819,5733035
177,5733179
942,5733738
693,5734068
191,5734075
447,5734219
448,5734220
804,5734298
111,5734316
905,5734344
191,5734533
570,5734700
969,5734817
994,5734925
995,5734926
996,5734927
92,5735151
673,5735188
1047,5735468
59,5735733
56,5735856
830,5735933
542,5736003
576,5736009
905,5736386
1097,5736600
230,5736601
231,5736602
539,5736747
905,5737012
386,5737618
830,5737874
59,5738021
952,5738022
722,5738312
980,5738709
270,5738836
361,5738840
690,5739108
697,5739144
698,5739145
61,5739194
722,5739203
382,5739277
1104,5739279
1081,5739291
722,5739308
692,5740045
788,5740067
394,5740420
716,5740655
717,5740656
711,5740681
399,5740741
169,5740952
474,5740965
996,5741307
254,5741455
92,5741590
965,5741756
1081,5741795
168,5742191
169,5742192
697,5742903
698,5742904
676,5742907
288,5743047
622,5743086
1100,5743281
194,5743376
847,5743450
722,5743452
528,5743476
370,5743516
944,5743617
965,5743655
697,5743698
698,5743699
444,5743721
445,5743722
965,5743921
209,5744007
122,5744399
194,5744562
965,5744569
722,5744753
954,5744894
955,5744895
542,5744909
539,5744972
965,5745347
197,5745517
697,5745565
520,5745622
673,5746080
965,5746148
964,5746342
965,5746343
570,5746383
348,5746588
559,5746622
447,5746643
855,5746774
445,5747085
419,5747460
169,5747970
698,5748053
197,5748101
62,5748650
411,5748650
197,5748757
753,5749205
754,5749206
521,5749380
522,5749381
523,5749382
1106,5749590
1107,5749591
711,5749673
254,5749694
177,5750038
178,5750039
194,5750135
474,5750245
370,5750372
692,5750498
197,5750739
1059,5751182
57,5751316
953,5751955
56,5752373
169,5752439
690,5752549
62,5752588
411,5752588
698,5752692
703,5752739
704,5752740
943,5753452
474,5753552
169,5753603
722,5753779
697,5753876
122,5754073
688,5754112
122,5754232
500,5754235
125,5754348
167,5754425
847,5754681
952,5754744
953,5754745
622,5754806
369,5754811
370,5754812
711,5755123
169,5755467
197,5755480
977,5755625
92,5756024
953,5756068
231,5756240
61,5756278
62,5756279
411,5756279
382,5756429
965,5756473
63,5756527
64,5756528
528,5756894
529,5756895
1047,5756929
474,5756976
196,5757003
382,5757136
693,5757189
25,5757394
419,5757594
829,5757920
980,5758296
97,5758672
1047,5758832
63,5758890
447,5758973
994,5759051
688,5759055
590,5759125
368,5759126
698,5759337
169,5759622
170,5759623
334,5759802
444,5760017
445,5760018
1081,5760380
688,5760644
722,5760689
195,5760861
58,5761071
57,5761547
58,5761548
59,5761549
952,5761550
698,5761664
399,5761831
400,5761832
169,5761988
975,5762094
976,5762095
977,5762096
412,5762369
973,5762417
523,5762461
524,5762462
525,5762463
526,5762464
527,5762465
528,5762466
559,5762492
622,5762541
623,5762542
192,5762555
651,5762568
652,5762569
674,5762590
675,5762591
676,5762592
714,5762626
715,5762627
716,5762628
717,5762629
804,5762713
590,5762723
368,5762724
818,5762730
956,5762853
957,5762854
996,5762887
997,5762888
1041,5762926
1047,5762931
1107,5762983
1108,5762984
804,5763285
994,5763338
170,5764204
125,5764402
62,5764591
411,5764591
473,5764950
474,5764951
758,5765127
25,5765555
26,5765556
370,5765701
571,5765797
604,5765811
994,5765959
1113,5766003
877,5766183
110,5766230
62,5766627
411,5766627
716,5766703
717,5766704
191,5767149
26,5767154
154,5767235
478,5767506
274,5767553
56,5767679
444,5767798
342,5768026
199,5768055
200,5768056
942,5768676
690,5768678
692,5768680
370,5768772
370,5769139
444,5769296
1041,5769428
690,5769593
1110,5769810
445,5769844
447,5769846
197,5769899
942,5769986
690,5769988
168,5770024
169,5770025
178,5770554
542,5770651
638,5770652
25,5770769
965,5770970
194,5771257
445,5771496
368,5771661
1134,5771698
1073,5771737
170,5771793
571,5771876
209,5771994
199,5772179
196,5772481
197,5772482
62,5772633
411,5772633
559,5772636
25,5772726
480,5772910
1081,5772971
953,5773236
1081,5773558
965,5773921
444,5773995
965,5774164
57,5774176
61,5774210
198,5774538
199,5774539
953,5774768
855,5774801
86,5774815
1106,5774923
1047,5775110
447,5775292
829,5775490
1097,5775588
955,5775618
713,5775821
714,5775822
829,5775836
566,5775971
383,5775982
524,5777680
965,5777762
399,5778252
288,5778749
447,5779119
448,5779120
220,5779472
622,5779571
965,5779745
298,5780157
361,5780181
973,5780207
254,5780299
169,5780568
847,5781046
86,5781186
956,5781216
89,5781416
690,5781418
88,5781837
89,5781838
692,5782194
693,5782195
539,5782702
444,5782762
520,5782779
275,5782808
953,5782845
445,5782940
944,5783017
1047,5783148
818,5783288
818,5783315
520,5783337
638,5783338
269,5783873
567,5783895
196,5784052
523,5784101
352,5784214
722,5784343
539,5784370
176,5784496
270,5784852
1073,5784923
973,5784951
604,5785368
275,5785420
690,5785449
274,5785512
209,5785532
995,5786178
996,5786179
994,5786456
479,5787102
1134,5787370
956,5787617
445,5787657
176,5787813
590,5787824
368,5787825
521,5787909
399,5788091
818,5788614
61,5788627
445,5788782
204,5788926
566,5788935
688,5789011
941,5789091
942,5789092
275,5789256
697,5789443
698,5789444
967,5790334
604,5790885
690,5791516
191,5791573
192,5791574
382,5791812
383,5791813
605,5791923
125,5791999
541,5792206
445,5792309
447,5792311
194,5792512
445,5792563
528,5792759
529,5792760
956,5793133
111,5793224
111,5793244
56,5793330
1081,5793695
478,5793763
209,5794070
870,5794298
693,5794324
980,5794343
1081,5794492
400,5794579
566,5794855
63,5794983
64,5794984
191,5795094
192,5795095
693,5795630
445,5795784
254,5795936
255,5795937
566,5796033
567,5796034
1112,5796058
866,5796064
568,5796128
274,5796188
1097,5796440
878,5796929
274,5797095
818,5797108
122,5797165
1108,5797365
955,5797462
399,5797883
198,5797982
1047,5798102
479,5798320
175,5798363
193,5798426
939,5798611
940,5798612
274,5798742
275,5798743
261,5798933
262,5798934
542,5798982
638,5798983
539,5799023
955,5799288
1131,5799942
864,5800070
194,5800143
967,5800520
542,5800715
177,5800733
178,5800734
698,5800735
447,5800814
867,5801007
722,5801176
412,5801210
177,5801218
178,5801219
698,5801220
698,5801427
576,5802101
191,5802174
542,5802365
638,5802366
194,5802875
195,5802876
90,5803241
382,5803816
967,5803818
197,5803972
288,5804282
994,5804418
382,5804508
122,5804553
383,5804698
220,5804738
905,5805035
659,5805664
722,5805938
479,5806574
660,5806677
25,5806691
348,5806776
953,5806907
1072,5806915
175,5807046
1097,5807326
479,5807480
753,5807565
286,5807916
710,5807971
722,5808369
60,5808483
61,5808484
199,5808775
209,5809023
523,5809137
524,5809138
1073,5809367
693,5809407
541,5809496
542,5809497
576,5809543
828,5809700
447,5809768
568,5809819
905,5809857
370,5809864
337,5809919
660,5810086
604,5810130
56,5810357
110,5810436
447,5810943
904,5811227
942,5811248
1073,5811396
1131,5811503
539,5811689
965,5811720
87,5811800
445,5811970
373,5812016
374,5812017
348,5812148
199,5812183
722,5812234
698,5812427
111,5812495
847,5812936
57,5813095
178,5813181
673,5813293
177,5813723
168,5813809
348,5813887
500,5814104
1134,5814557
692,5814761
941,5814794
905,5814832
1036,5815480
967,5815481
1048,5815624
965,5815874
274,5816465
865,5816725
1134,5816997
25,5817066
942,5817796
710,5817866
208,5817882
445,5818028
274,5818076
274,5818105
270,5818168
559,5818220
400,5818402
953,5818647
382,5818974
168,5819073
169,5819074
904,5819300
703,5819588
568,5819690
270,5819760
26,5819798
122,5820407
192,5820708
521,5820808
541,5821015
542,5821016
521,5821017
478,5821018
175,5821357
544,5821456
1047,5821909
804,5822567
659,5822582
274,5822602
62,5822784
411,5822784
865,5822829
370,5822988
866,5823540
370,5823599
423,5823661
420,5823720
564,5824076
342,5824214
714,5824428
275,5824456
198,5824529
455,5824551
539,5824783
25,5824836
288,5824987
168,5825103
25,5825277
369,5825293
1097,5825569
170,5825599
269,5825823
527,5826003
1107,5826176
567,5826403
568,5826404
692,5826719
693,5826720
956,5826889
957,5826890
674,5826961
194,5827086
195,5827213
274,5827360
361,5827591
673,5827748
478,5828027
541,5828038
478,5828171
255,5828267
651,5828521
396,5828701
1089,5828701
444,5829033
1134,5829174
1134,5829213
964,5829307
325,5829402
904,5829438
716,5829523
717,5829524
348,5829783
865,5830063
866,5830064
1103,5830404
692,5830624
383,5830848
722,5831012
570,5831025
690,5831336
676,5831342
590,5831350
368,5831351
828,5831375
61,5831738
75,5831748
973,5831880
523,5831928
445,5832324
445,5832466
710,5832836
964,5832887
194,5833139
1134,5833318
870,5833368
169,5833413
169,5833497
1041,5833590
834,5834030
952,5834368
170,5834424
171,5834425
722,5834543
1134,5834954
342,5835439
698,5835697
62,5836030
411,5836030
904,5836230
944,5836319
61,5836535
62,5836536
411,5836536
942,5836869
168,5836999
690,5837038
122,5837347
325,5837468
59,5837514
198,5837641
722,5837659
270,5837721
270,5837963
169,5838025
122,5838064
866,5838130
953,5838215
954,5838216
955,5838217
520,5838326
199,5838371
59,5838517
952,5838518
232,5839283
111,5839297
110,5839334
698,5839441
1131,5839464
862,5839481
863,5839482
864,5839483
122,5839522
444,5839581
952,5839802
475,5839883
447,5839953
419,5840207
517,5840253
518,5840254
690,5840346
630,5840402
199,5840456
711,5840869
1134,5841015
917,5841163
917,5841164
604,5841257
336,5841570
722,5841596
604,5841627
254,5841636
61,5842058
62,5842059
411,5842059
904,5842206
62,5842355
411,5842355
1134,5842701
969,5843085
111,5843088
168,5843104
153,5843122
169,5843255
674,5843270
576,5843299
905,5843606
939,5843783
940,5843784
804,5843880
866,5843972
867,5843973
529,5843989
952,5844221
419,5844223
952,5844305
542,5844560
753,5844738
341,5844750
342,5844751
368,5844782
288,5844845
722,5845087
475,5845196
448,5845768
1073,5845808
141,5846138
274,5846269
905,5846484
693,5847032
952,5847583
274,5847672
445,5848100
780,5848150
781,5848151
178,5848209
1131,5848605
952,5848659
1131,5848872
62,5849226
411,5849226
288,5849251
977,5849541
500,5849804
201,5850011
704,5850362
1073,5850690
722,5850730
965,5851106
419,5851213
201,5851283
1048,5851300
993,5851520
676,5851662
994,5851700
370,5851818
1072,5851998
1073,5851999
993,5852002
1081,5852083
171,5852460
286,5852729
737,5852834
480,5852846
953,5852869
526,5852986
527,5852987
528,5852988
528,5853063
828,5853094
829,5853095
651,5853104
673,5853117
674,5853118
722,5853314
474,5853397
521,5853494
274,5853498
847,5853594
568,5853626
177,5853863
711,5854054
445,5854136
208,5854188
973,5854233
59,5854717
952,5854718
905,5854719
576,5854801
208,5854815
568,5854847
178,5855101
865,5855173
274,5855315
541,5855361
542,5855362
692,5855596
867,5855669
697,5855987
693,5856019
956,5856514
957,5856515
168,5856655
191,5856696
175,5856976
942,5856996
722,5857002
673,5857071
541,5857154
542,5857155
521,5857699
522,5857700
523,5857701
524,5857702
56,5857901
57,5857902
274,5858172
275,5858296
1072,5858371
539,5858563
865,5858719
865,5858750
692,5858833
386,5859242
804,5859626
25,5859712
26,5859713
1047,5859939
904,5859998
386,5860063
660,5860111
973,5860269
26,5860993
274,5861146
275,5861147
191,5861155
711,5861285
829,5861427
196,5861452
269,5861540
993,5861575
539,5861605
855,5861846
604,5861889
261,5862005
698,5862185
944,5862400
698,5862769
1001,5862905
692,5863058
804,5863168
270,5863397
447,5863849
445,5864150
1047,5864632
804,5864743
105,5865255
59,5865271
60,5865272
61,5865273
62,5865274
411,5865274
63,5865275
967,5865284
964,5865300
976,5865422
977,5865423
444,5865464
175,5865758
176,5865759
288,5865881
698,5865969
403,5866012
690,5866070
692,5866072
541,5866125
542,5866126
571,5866129
572,5866130
288,5866210
478,5866456
447,5866632
448,5866633
847,5866689
199,5866936
530,5867078
275,5867099
781,5867319
61,5867444
980,5867591
383,5867622
542,5867650
847,5867890
192,5868061
674,5868125
1047,5868194
1048,5868195
87,5868472
447,5868473
953,5868596
274,5868824
61,5869021
62,5869022
411,5869022
847,5869378
1121,5869402
57,5870348
361,5870660
659,5870913
865,5870945
866,5870946
867,5870947
868,5870948
62,5871399
411,5871399
818,5871451
111,5871814
56,5871909
753,5871958
967,5872089
191,5872323
111,5872542
383,5872695
571,5872710
220,5872752
90,5872985
141,5873133
175,5873222
56,5873366
956,5873610
957,5873611
88,5873624
198,5874094
638,5874230
711,5874237
324,5874548
489,5874886
81,5875026
864,5875259
171,5875538
1098,5875665
994,5875768
544,5875811
521,5875923
847,5875946
1072,5876068
606,5876100
543,5876299
1106,5876328
1107,5876329
956,5876335
334,5876606
382,5876608
1097,5876626
202,5876671
209,5876694
697,5877067
722,5877407
199,5877411
1131,5877541
698,5877842
191,5878017
697,5878518
698,5878519
254,5878626
255,5878627
474,5879066
87,5879068
199,5879111
200,5879112
231,5879121
542,5879264
638,5879265
196,5879690
697,5879769
905,5879833
1050,5879921
865,5879929
275,5879952
270,5879981
1048,5880264
867,5880296
541,5880346
63,5880350
542,5880476
638,5880477
90,5881581
952,5881873
274,5881899
1047,5882003
447,5882177
448,5882178
698,5882238
699,5882239
269,5882539
1108,5882580
473,5882993
1047,5883021
474,5883048
830,5883209
973,5883544
201,5883861
197,5884300
944,5884394
1106,5884514
475,5884937
1047,5885024
1048,5885025
517,5885035
722,5885277
202,5885310
348,5885312
674,5885750
478,5885785
973,5885851
604,5886067
1047,5886359
973,5886386
542,5886439
957,5886535
1111,5886632
969,5886660
270,5886790
175,5887097
539,5887779
1134,5888166
498,5888482
520,5888515
758,5888582
197,5888884
141,5889124
169,5889387
170,5889388
1047,5889605
204,5889699
81,5889867
372,5889962
698,5889985
62,5890060
411,5890060
412,5890061
62,5890125
411,5890125
1113,5890587
980,5890703
1047,5890815
1048,5890816
690,5890936
325,5891077
1072,5891152
994,5891166
818,5891317
288,5891326
758,5891352
25,5891504
26,5891505
995,5891561
996,5891562
870,5891700
177,5891741
178,5891742
110,5891770
1072,5891936
196,5891982
125,5892236
543,5892360
828,5892662
125,5892757
998,5892844
324,5892845
542,5893502
543,5893503
544,5893504
444,5893610
175,5893625
1047,5893652
1097,5893681
420,5893682
447,5893785
448,5893786
604,5894147
570,5894374
373,5894438
374,5894439
386,5895276
576,5895301
847,5895610
141,5895645
638,5895877
63,5895963
204,5895997
829,5896014
967,5896099
97,5896541
1047,5896701
63,5896759
447,5896842
994,5896920
688,5896924
590,5896994
368,5896995
698,5897206
674,5897501
334,5897673
444,5897888
445,5897889
862,5898142
863,5898143
1081,5898250
688,5898514
722,5898559
195,5898731
58,5898940
57,5899409
58,5899410
59,5899411
952,5899412
169,5899485
382,5899602
383,5899603
944,5899664
169,5899856
169,5900016
412,5900231
973,5900279
523,5900323
524,5900324
525,5900325
526,5900326
527,5900327
528,5900328
559,5900354
622,5900403
623,5900404
192,5900417
651,5900430
652,5900431
674,5900452
675,5900453
676,5900454
714,5900488
715,5900489
716,5900490
717,5900491
804,5900575
590,5900585
368,5900586
818,5900592
956,5900715
957,5900716
996,5900749
997,5900750
1041,5900788
1047,5900793
1107,5900845
1108,5900846
804,5901148
994,5901201
905,5901774
690,5902206
711,5902249
829,5902260
905,5902915
1048,5903104
90,5903238
122,5903512
692,5903599
944,5903643
59,5903664
60,5903665
61,5903666
62,5903667
411,5903667
940,5904122
847,5904183
722,5904185
711,5904195
952,5904197
829,5904373
818,5904515
383,5904698
141,5904965
944,5905031
847,5905241
781,5905552
191,5905558
544,5905594
478,5905922
445,5906020
269,5906273
270,5906274
690,5906347
692,5906497
693,5906498
169,5906605
193,5906872
711,5907111
269,5907140
568,5907715
63,5907787
394,5907831
1134,5908127
651,5908136
1073,5908265
1081,5908439
193,5908440
177,5908487
1047,5908834
1048,5908835
348,5909205
177,5909529
445,5909642
370,5909918
371,5909919
372,5909920
542,5910080
447,5910348
944,5910739
668,5910887
201,5911100
956,5911272
870,5911302
177,5911386
1081,5911560
753,5911681
288,5911706
195,5911778
539,5912173
1134,5912183
830,5912220
955,5912521
1090,5913012
175,5913554
176,5913555
199,5913915
518,5914049
674,5914409
87,5914802
178,5914906
698,5914907
175,5915284
194,5915391
479,5915475
865,5915563
874,5915571
867,5915997
722,5916074
445,5916197
325,5916257
270,5916611
194,5916719
192,5916979
1047,5917072
275,5917603
753,5917715
758,5917726
324,5917825
175,5918043
270,5918234
864,5918614
421,5918831
194,5918948
1131,5919416
566,5919425
567,5919426
994,5919479
804,5919528
690,5919700
905,5919835
383,5919843
524,5920085
964,5920899
994,5920936
980,5921108
981,5921109
1101,5921430
722,5921610
1111,5921733
1047,5921818
955,5921944
940,5922275
524,5922308
382,5922331
383,5922332
56,5922446
57,5922447
175,5922620
521,5922746
478,5922747
434,5922949
275,5923208
444,5923246
445,5923247
288,5923327
361,5923406
692,5923470
722,5923517
209,5923745
590,5923877
368,5923878
369,5923879
865,5923924
56,5923950
697,5923965
386,5924052
994,5924143
737,5924304
543,5924397
904,5924543
171,5924627
191,5924782
192,5924783
193,5924784
1097,5924813
1098,5924814
275,5924887
980,5924900
260,5925160
753,5925770
288,5926160
111,5926300
479,5926599
692,5926706
564,5926746
1012,5926749
455,5926970
526,5927002
527,5927003
177,5927026
758,5927483
818,5927493
1100,5928028
517,5928112
690,5928149
369,5928160
177,5928592
178,5928593
904,5928634
576,5928637
722,5929100
690,5929110
967,5929252
197,5929408
589,5929520
1072,5929765
965,5929888
191,5929902
195,5930298
196,5930299
479,5930448
474,5930542
87,5930544
692,5930665
693,5930666
830,5930670
447,5930781
448,5930782
400,5930965
401,5930966
780,5931270
865,5931285
286,5931453
528,5931925
445,5932121
447,5932123
447,5932164
448,5932165
828,5932256
829,5932257
830,5932258
61,5932295
62,5932296
411,5932296
348,5932543
324,5933472
110,5933555
61,5933863
706,5933946
559,5934061
56,5934125
368,5934146
981,5934397
445,5934614
980,5934620
651,5934786
209,5934872
169,5935104
170,5935105
1047,5935257
1048,5935258
56,5935528
168,5935804
969,5935857
1134,5936286
361,5936567
1081,5936676
673,5936709
197,5936889
198,5936890
1048,5937020
62,5937127
411,5937127
412,5937128
692,5937264
171,5937427
539,5937563
541,5937565
973,5937585
444,5937827
445,5937828
178,5938172
955,5938187
444,5938443
445,5938444
878,5938551
445,5938651
1081,5938670
193,5938671
944,5938722
59,5938817
526,5938950
570,5939374
1072,5939550
232,5939941
62,5939950
411,5939950
177,5940329
652,5940531
474,5940554
829,5940704
541,5940722
542,5940723
1036,5940733
967,5940734
673,5940765
939,5940775
940,5940776
517,5940808
967,5940977
56,5941066
62,5941096
411,5941096
789,5941188
169,5941317
998,5942158
324,5942159
780,5942501
942,5943604
444,5944157
1104,5944527
1104,5944683
447,5944702
288,5944727
348,5944779
444,5945166
58,5945220
980,5946036
1106,5946134
1107,5946135
1103,5946270
478,5946534
175,5946608
980,5946611
576,5946812
122,5947260
965,5947340
866,5947572
865,5947628
177,5947655
57,5947772
370,5947852
178,5948246
698,5948247
275,5948308
170,5948401
177,5948727
178,5948728
401,5948906
288,5949033
197,5949267
198,5949381
965,5949401
62,5949597
411,5949597
564,5949908
521,5950024
288,5950055
383,5950208
447,5950210
965,5950496
199,5950569
711,5950609
383,5950649
967,5950824
87,5950877
153,5950975
170,5951133
939,5951184
940,5951185
864,5951191
1131,5951286
447,5951669
866,5951781
867,5951782
374,5952099
977,5952176
713,5952222
714,5952223
715,5952224
336,5952411
197,5952570
781,5952763
1131,5952801
444,5952833
447,5952945
178,5953054
141,5953184
445,5953235
830,5953277
474,5953537
1106,5953559
604,5953678
445,5953697
1115,5954122
274,5954773
964,5954923
541,5955124
965,5955360
829,5955527
489,5955688
653,5955812
1134,5956226
1113,5956337
1114,5956338
956,5956547
419,5956750
1104,5956911
178,5957005
866,5957305
867,5957306
97,5957358
168,5957417
196,5957552
697,5957576
966,5957672
169,5957769
692,5958036
558,5958068
178,5958247
722,5958619
697,5958812
904,5958860
905,5958861
711,5958942
692,5959070
518,5959170
693,5959181
61,5959349
170,5959436
1106,5959460
25,5959605
88,5959784
89,5959785
90,5959786
1081,5959865
193,5959866
965,5960182
288,5960240
1081,5960333
274,5960435
1047,5960541
904,5960625
96,5961054
445,5961524
177,5961963
1047,5961976
192,5962129
571,5962587
572,5962588
804,5962609
177,5962907
1097,5963108
1098,5963109
382,5963294
383,5963295
973,5963365
199,5963507
200,5963508
201,5963509
604,5963537
1047,5963696
539,5963759
368,5963841
63,5963857
980,5964297
711,5964626
141,5964799
955,5964839
956,5964840
202,5964855
528,5964959
571,5965000
576,5965225
1073,5965542
568,5965590
57,5965646
198,5965700
1101,5965797
604,5966426
517,5966759
175,5967044
980,5967047
964,5967073
1047,5967142
177,5967165
1047,5967421
1072,5967448
1073,5967551
955,5967582
194,5967587
369,5967665
1072,5967832
944,5967881
804,5968108
169,5968154
25,5968394
952,5968414
521,5968506
478,5968507
622,5968681
520,5968824
855,5969413
659,5969553
170,5969636
141,5969656
196,5969770
86,5969961
445,5970155
399,5970478
400,5970479
96,5970554
474,5970579
261,5970681
541,5971382
1081,5971493
1082,5971494
867,5971673
1131,5971959
558,5972300
559,5972301
1134,5972334
191,5972888
192,5972889
445,5973778
445,5973844
722,5974312
361,5974330
622,5974467
191,5974534
676,5974565
175,5974608
444,5974613
444,5975417
1131,5975571
209,5975582
62,5975930
411,5975930
651,5976236
652,5976237
941,5976482
141,5976728
1050,5977411
1050,5977438
722,5977450
1134,5977580
90,5977732
953,5977962
954,5977963
941,5978055
88,5978227
176,5978439
1098,5978457
201,5978675
194,5978710
191,5978717
192,5978718
965,5979269
399,5979392
92,5979507
953,5979521
191,5980014
447,5980274
448,5980275
270,5980392
368,5980643
1104,5980896
261,5981421
693,5981429
965,5981454
1047,5981520
638,5981672
847,5981675
421,5981686
400,5981757
447,5981779
870,5981932
394,5981945
395,5981946
526,5982022
447,5982141
690,5982444
520,5982530
479,5982850
334,5982959
955,5983146
956,5983147
692,5983296
169,5983320
170,5983321
702,5983550
63,5984057
169,5984159
334,5984379
59,5984675
952,5984676
589,5984746
543,5984891
544,5984892
63,5985103
382,5985356
383,5985357
57,5985443
939,5985452
940,5985453
994,5985470
199,5985626
864,5985662
444,5985811
722,5985832
56,5985974
447,5985985
1047,5986324
382,5986733
866,5986926
867,5986927
870,5986946
370,5987089
1104,5987113
177,5987320
1131,5987401
651,5987417
204,5987473
274,5987608
523,5987907
396,5988070
1089,5988070
542,5988436
638,5988437
753,5988669
177,5988961
178,5988962
372,5989238
370,5989871
652,5990434
198,5990586
866,5990644
867,5990645
177,5990830
1018,5990892
198,5991027
197,5991310
956,5991473
559,5991530
980,5991790
829,5992003
866,5992212
447,5992334
1041,5992595
703,5992808
704,5992809
275,5993172
445,5993233
447,5993235
382,5993261
383,5993262
847,5993465
576,5993644
479,5993667
866,5994062
262,5994308
830,5994483
692,5995063
192,5995482
192,5995578
386,5995701
447,5995894
692,5996497
693,5996498
781,5996562
944,5996661
208,5997116
394,5997285
395,5997286
444,5997316
175,5997403
542,5997502
638,5997503
1134,5997601
177,5997788
1081,5997795
193,5997796
192,5998250
698,5998888
63,5998906
64,5998907
523,5999126
674,5999148
209,5999160
818,5999245
866,5999829
651,5999882
1072,5999936
196,6000376
197,6000377
170,6000472
275,6000502
1134,6000687
713,6000766
714,6000767
196,6000916
953,6001292
447,6001436
1050,6001607
572,6001654
977,6001685
523,6001779
524,6001780
542,6002073
194,6002099
195,6002100
653,6002362
542,6002759
255,6002766
638,6002963
865,6003052
175,6003187
604,6003227
56,6003665
286,6003667
955,6004130
956,6004131
61,6004332
62,6004333
411,6004333
63,6004334
64,6004335
698,6004406
967,6004818
56,6005108
967,6005112
1081,6005199
1018,6005531
500,6005577
255,6005629
965,6005657
690,6006139
421,6006154
955,6006162
260,6006177
261,6006178
692,6006440
953,6006738
383,6006834
1095,6006849
818,6007477
194,6007803
63,6007858
1134,6008090
447,6008112
847,6008142
542,6008150
638,6008151
122,6008292
382,6008318
348,6008332
170,6008496
944,6008563
697,6008829
444,6008912
197,6009037
754,6009128
1073,6009163
528,6009358
1103,6009457
61,6009463
62,6009464
411,6009464
274,6009477
870,6009593
526,6009641
865,6009770
866,6009771
867,6009772
996,6010371
169,6010388
170,6010389
170,6010524
952,6010968
230,6011056
92,6011207
737,6011523
1104,6011746
1106,6011748
1097,6011766
59,6012061
1134,6012114
847,6012255
867,6012495
383,6012572
781,6012712
529,6012841
400,6012855
96,6013397
220,6013587
399,6013724
559,6013884
220,6014030
1097,6014068
1098,6014069
722,6014099
1134,6014263
196,6014489
197,6014490
261,6014544
737,6014552
97,6014973
737,6015003
1047,6015133
63,6015191
447,6015274
994,6015352
688,6015356
590,6015426
368,6015427
698,6015638
169,6015923
334,6016106
444,6016321
445,6016322
1081,6016684
688,6016948
722,6016993
195,6017165
58,6017375
57,6017852
58,6017853
59,6017854
952,6017855
324,6018206
169,6018366
412,6018581
973,6018629
523,6018673
524,6018674
525,6018675
526,6018676
527,6018677
528,6018678
559,6018704
622,6018753
623,6018754
192,6018767
651,6018780
652,6018781
674,6018802
675,6018803
676,6018804
714,6018838
715,6018839
716,6018840
717,6018841
804,6018925
590,6018935
368,6018936
818,6018942
956,6019065
957,6019066
996,6019099
997,6019100
1041,6019138
1047,6019143
1107,6019195
1108,6019196
804,6019497
994,6019550
401,6019610
1134,6020792
956,6020797
361,6021071
1074,6021126
1075,6021127
191,6021420
192,6021421
1008,6021550
1072,6021704
576,6022315
698,6022344
169,6022632
275,6022817
255,6022841
1081,6022888
781,6023115
690,6023116
370,6023174
1134,6023209
288,6023270
168,6023533
419,6023691
528,6023888
812,6024044
813,6024045
176,6024091
177,6024092
559,6024219
370,6024778
177,6024844
780,6024976
500,6025275
722,6025358
723,6025359
829,6025366
194,6025415
1134,6025566
542,6025584
444,6025728
1134,6026085
171,6026318
956,6026334
790,6026351
1047,6026368
973,6026505
169,6026781
170,6026782
171,6026783
558,6026989
559,6026990
965,6027000
674,6027008
199,6027025
630,6027150
370,6027266
993,6027357
966,6027664
847,6027669
737,6027890
1109,6028382
445,6028918
1047,6029072
89,6029407
122,6029520
690,6029779
692,6029781
964,6029791
169,6029840
88,6030075
445,6030232
111,6030426
445,6030545
940,6031081
1041,6031424
955,6031732
704,6031788
994,6031827
520,6031944
638,6031945
698,6032077
286,6032163
274,6032292
704,6032319
96,6032443
175,6032575
270,6033341
830,6033354
445,6033555
369,6033801
370,6033802
847,6034055
447,6034265
942,6035224
904,6035269
1098,6035443
382,6035613
690,6035827
994,6035878
230,6035912
722,6036210
141,6036333
96,6036455
448,6036656
940,6037043
220,6037126
221,6037127
520,6037192
952,6037281
399,6037551
400,6037552
1048,6037611
444,6037889
111,6038705
92,6039040
944,6039393
527,6039527
528,6039528
260,6039551
261,6039552
445,6039656
394,6039761
395,6039762
993,6039926
576,6040043
177,6040519
275,6040544
828,6040939
261,6041128
96,6041352
866,6042047
479,6042509
541,6042599
517,6042835
659,6043411
478,6043566
539,6043598
973,6043711
361,6043976
944,6044027
944,6044365
692,6044445
325,6044615
75,6044643
192,6044661
193,6044662
169,6044695
255,6045215
382,6045334
276,6045487
197,6045879
399,6045964
993,6046216
710,6047136
953,6047227
955,6047254
539,6047381
996,6047394
997,6047395
998,6047396
324,6047397
688,6047538
1041,6047674
88,6047681
89,6047682
260,6047754
630,6047914
692,6048463
479,6048566
539,6048924
274,6049206
541,6049298
394,6049356
395,6049357
270,6049358
944,6050210
576,6050382
710,6050441
576,6050517
542,6050718
543,6050719
169,6050722
170,6050723
542,6050787
692,6051148
89,6051244
518,6051266
1090,6051267
576,6051287
917,6051435
697,6051711
698,6051712
274,6052097
878,6052279
576,6052645
1106,6052797
976,6052873
977,6052874
523,6053024
524,6053025
1008,6053035
169,6053096
952,6053400
198,6053845
334,6054185
697,6054220
866,6054393
194,6054519
195,6054520
154,6054839
1134,6054893
829,6054965
194,6055032
965,6055237
692,6055252
539,6055294
476,6055386
659,6055396
399,6055439
62,6055913
411,6055913
688,6055954
445,6056054
692,6056351
1047,6056434
526,6056440
518,6056652
111,6057142
1134,6057144
1099,6057268
1100,6057269
1101,6057270
944,6057351
1097,6057698
230,6057699
231,6057700
693,6057985
973,6058026
994,6058079
904,6058089
953,6058090
86,6058264
421,6058289
973,6058435
788,6058689
660,6058734
559,6058910
722,6058933
518,6058982
849,6059022
399,6059046
559,6059184
542,6059302
521,6059303
478,6059304
543,6059477
544,6059478
177,6059956
169,6060389
288,6060427
1073,6060463
954,6060592
955,6060593
270,6060859
944,6061200
200,6061292
201,6061293
382,6061513
697,6061773
61,6062288
288,6062489
125,6062516
1081,6062612
904,6063113
715,6063121
956,6063538
957,6063539
526,6063556
737,6063701
368,6064032
651,6064065
944,6064145
361,6064505
870,6064573
86,6064948
204,6065445
176,6065612
383,6066176
170,6066472
870,6066733
176,6067053
177,6067054
396,6067191
1089,6067191
1090,6067192
847,6067212
944,6067234
444,6067590
944,6067675
25,6067840
447,6067852
324,6067912
92,6067927
175,6068155
382,6068399
445,6068441
690,6068620
980,6068724
231,6068726
866,6068747
867,6068748
692,6068943
170,6069075
175,6069322
191,6069449
829,6069477
830,6069478
177,6069550
419,6069779
1098,6069780
520,6069870
194,6069922
447,6070093
448,6070094
847,6070580
447,6070866
343,6071168
178,6071574
196,6071817
419,6072050
1098,6072051
781,6072337
56,6072416
967,6072536
996,6072576
965,6072784
539,6072900
479,6073008
87,6073258
169,6073354
170,6073355
866,6073562
975,6073667
976,6073668
977,6073669
781,6073891
690,6073892
26,6074593
866,6074792
288,6074861
964,6075159
965,6075160
867,6075366
571,6075386
866,6075753
867,6075754
904,6076053
967,6076200
288,6076232
231,6076266
973,6076404
254,6077064
973,6077159
690,6077272
697,6077302
698,6077303
122,6077349
197,6077413
590,6077577
368,6077578
866,6077679
855,6077741
539,6077887
541,6077889
372,6077906
1100,6077937
722,6077971
941,6078022
942,6078023
209,6078058
904,6078180
274,6078307
56,6078485
111,6078507
96,6078548
866,6078782
275,6078801
444,6079343
445,6079344
444,6079689
87,6079923
780,6080292
445,6080306
87,6080327
955,6080379
25,6081124
952,6081671
905,6081672
564,6081784
527,6082197
274,6082403
692,6082415
539,6082487
1107,6082666
57,6082722
954,6082986
955,6082987
956,6082988
480,6083027
1134,6083357
521,6083374
478,6083375
967,6083414
830,6083634
541,6083715
956,6083929
479,6084036
25,6084549
1112,6084567
566,6084581
567,6084582
781,6084872
1097,6085747
692,6085834
692,6086059
956,6086239
421,6087024
361,6087120
194,6087165
274,6087250
197,6087540
1081,6087554
204,6087628
178,6088160
698,6088161
1107,6088434
1108,6088435
59,6088464
517,6088915
1041,6088950
994,6089114
995,6089115
996,6089116
324,6089317
1108,6089730
1114,6089867
400,6089901
177,6089964
274,6090105
590,6090273
368,6090274
1107,6090420
199,6090612
542,6090619
521,6090620
478,6090621
521,6090716
954,6090846
955,6090847
382,6090999
170,6091145
255,6091239
690,6091392
674,6091615
559,6091863
401,6092043
942,6092215
690,6092217
539,6092241
1050,6092445
1072,6092861
917,6092986
688,6092988
944,6092990
1106,6093287
994,6093396
994,6093921
1108,6093982
399,6094020
818,6094107
543,6094142
544,6094143
270,6094199
517,6094220
518,6094560
690,6094768
1081,6095117
952,6095162
58,6095183
275,6095372
521,6095383
86,6095733
274,6096055
445,6096085
474,6096302
87,6096304
57,6096325
399,6096666
61,6097208
62,6097209
411,6097209
865,6097506
866,6097507
867,6097508
1047,6097783
698,6098013
570,6098129
274,6098608
168,6098679
605,6098833
576,6099371
372,6099466
373,6099467
374,6099468
973,6099658
175,6099802
274,6100032
543,6100496
544,6100497
638,6100826
288,6101089
62,6101333
411,6101333
693,6101428
445,6101812
973,6101936
445,6101955
1131,6102060
711,6102147
952,6102149
539,6102349
1108,6102631
1109,6102632
698,6102742
996,6102898
828,6103076
994,6103276
1071,6103328
96,6103419
96,6103440
698,6103539
56,6103615
57,6103616
653,6103624
866,6103668
867,6103669
868,6103670
394,6104329
25,6104358
26,6104359
386,6104616
141,6104693
197,6104775
198,6104776
524,6104815
274,6104854
904,6105138
674,6105225
710,6105362
867,6105582
904,6105617
651,6105798
87,6105809
447,6105810
286,6105895
176,6106201
530,6106793
737,6106947
274,6107129
25,6107152
1047,6107195
539,6107222
994,6107374
995,6107375
996,6107376
88,6107399
541,6107479
659,6107761
456,6107974
447,6108056
382,6108130
1104,6108132
1106,6108134
193,6108415
444,6108501
692,6108509
1134,6108782
444,6108829
866,6108982
867,6108983
525,6109040
25,6109526
298,6109528
528,6109555
944,6109578
474,6109595
191,6109682
1100,6109792
286,6109937
1048,6110074
698,6110112
370,6110190
943,6110287
653,6110554
1090,6110577
197,6110621
1097,6111264
1098,6111265
370,6111665
544,6111933
1008,6112102
87,6112272
690,6112422
942,6112764
191,6112945
191,6112991
953,6113159
571,6113231
572,6113232
870,6113410
141,6113535
976,6113628
977,6113629
56,6113752
57,6113753
830,6113807
191,6114053
693,6114266
361,6114268
692,6115033
92,6115158
274,6115212
399,6115414
1106,6115495
1107,6115496
177,6115534
368,6115538
1134,6115587
44,6115626
692,6115770
704,6115907
699,6115966
286,6116011
941,6116169
942,6116170
274,6116435
275,6116436
361,6116546
941,6116688
528,6116824
818,6116879
542,6117018
152,6117114
153,6117115
525,6117132
692,6117205
830,6117284
196,6117460
973,6117772
697,6117891
638,6117913
567,6118222
568,6118223
697,6118512
1041,6118564
382,6118661
1104,6118922
967,6118963
955,6118982
141,6119185
944,6119689
521,6119779
544,6119911
336,6120153
1047,6120228
1048,6120229
1072,6120284
829,6120296
1097,6120442
847,6120588
383,6121407
1099,6121576
1100,6121577
1101,6121578
445,6121630
62,6121840
411,6121840
86,6121918
965,6122080
288,6122155
943,6122558
722,6122618
1106,6123407
169,6123430
81,6123622
866,6123745
867,6123746
255,6124085
520,6124097
541,6124258
334,6124778
523,6124888
944,6124940
659,6124970
660,6124971
26,6125068
1048,6125074
541,6125217
542,6125218
57,6125306
58,6125307
500,6125342
96,6125735
176,6125826
571,6126030
572,6126031
198,6126041
1134,6126216
571,6126325
542,6126370
638,6126371
847,6126481
690,6126734
61,6126787
62,6126788
411,6126788
63,6126789
659,6126797
996,6126911
676,6126943
698,6126951
201,6127185
690,6127266
954,6127354
917,6127397
1104,6127479
202,6127749
660,6127983
568,6128362
419,6128386
541,6128455
541,6128476
542,6128477
638,6128478
828,6128484
829,6128485
542,6128499
638,6128500
61,6128539
62,6128540
411,6128540
171,6128767
1048,6128784
965,6128831
1008,6128945
1009,6128946
1010,6128947
56,6129132
1101,6129149
652,6129343
604,6129518
967,6129561
125,6130750
200,6130909
994,6130967
954,6131265
955,6131266
982,6131285
1047,6131438
394,6131508
122,6131595
944,6132193
177,6132229
260,6132236
298,6132520
169,6132626
475,6132873
1047,6133067
941,6133344
942,6133345
1097,6133357
1047,6133435
59,6133651
952,6133652
967,6134146
568,6134418
169,6134486
170,6134487
994,6134512
980,6134580
209,6134596
942,6134642
559,6135222
529,6135361
855,6135453
944,6135733
847,6135980
192,6136456
651,6136586
1131,6136745
194,6136823
1098,6136842
383,6137023
141,6137422
421,6137912
191,6137964
192,6137965
193,6137966
125,6138046
781,6138106
965,6138126
370,6138512
255,6138738
196,6138935
956,6139258
170,6139712
171,6139713
955,6140484
904,6140490
967,6141146
1047,6141156
87,6141917
558,6142000
559,6142001
171,6142033
1041,6142144
980,6142485
201,6142503
955,6142594
447,6142645
141,6142779
622,6142914
975,6143023
976,6143024
571,6143109
192,6143208
1047,6143244
622,6143252
788,6143382
528,6143687
1097,6143788
1098,6143789
964,6143852
25,6143951
26,6143952
370,6143963
445,6144010
965,6144123
336,6144158
202,6144840
348,6144842
944,6145027
373,6145293
374,6145294
674,6145453
964,6145724
1106,6145802
953,6145836
576,6146191
111,6146198
966,6146533
477,6146535
522,6146536
523,6146537
373,6146857
542,6147079
191,6147128
1072,6147190
532,6147304
56,6147356
286,6147358
998,6147428
324,6147429
1047,6147451
1048,6147452
956,6147514
957,6147515
177,6147553
169,6147672
444,6147918
688,6147963
944,6148261
622,6148297
558,6148390
605,6148408
606,6148409
456,6148452
1134,6148852
558,6148963
944,6149045
57,6149524
870,6149553
168,6149699
169,6149700
386,6149823
25,6149945
26,6149946
190,6150170
191,6150171
192,6150172
1134,6150223
169,6150237
170,6150238
171,6150239
447,6150286
448,6150287
1121,6150294
905,6150329
57,6150332
334,6150515
847,6150764
372,6150903
192,6151017
692,6151243
940,6151316
198,6151822
697,6151916
169,6151985
288,6152245
1097,6152249
1098,6152250
736,6152405
952,6152466
201,6152696
202,6152697
698,6152918
539,6153239
818,6153271
1041,6153309
1081,6153445
92,6153806
56,6154321
980,6154394
63,6154466
917,6154471
576,6154492
576,6154776
944,6154896
194,6154978
830,6155263
622,6155602
269,6155669
138,6155857
864,6155873
674,6156083
965,6156192
1131,6156221
692,6156244
758,6156391
1097,6156446
175,6156534
62,6156582
411,6156582
1072,6156684
1073,6156685
994,6157413
829,6157679
61,6157802
62,6157803
411,6157803
622,6157870
780,6157933
111,6158290
111,6158384
944,6158492
904,6158541
274,6158578
275,6158579
154,6158588
558,6158647
559,6158648
541,6158902
829,6158907
1047,6158965
847,6159128
693,6159131
1097,6159657
1098,6159658
1099,6159659
1100,6159660
1101,6159661
976,6159858
325,6159960
917,6160074
688,6160076
789,6160231
541,6160289
560,6160401
324,6160547
829,6160601
422,6160652
422,6160661
422,6160670
422,6160679
422,6160688
422,6160697
422,6160706
422,6160715
422,6160724
422,6160733
422,6160742
422,6160751
422,6160760
422,6160769
422,6160778
422,6160787
422,6160796
422,6160805
422,6160814
422,6160823
422,6160832
422,6160841
422,6160850
422,6160859
57,6161003
62,6161076
411,6161076
780,6161126
944,6161128
1041,6161377
955,6162214
956,6162215
382,6162513
967,6162515
541,6162970
542,6163041
737,6163103
1113,6163229
674,6163279
788,6163380
955,6163441
651,6163458
965,6163781
952,6163940
419,6164165
177,6164188
178,6164189
673,6164306
674,6164307
675,6164308
676,6164309
171,6164671
828,6164683
829,6164684
56,6164845
528,6165242
1072,6165347
651,6165679
652,6165680
175,6165864
558,6165949
1018,6165971
917,6166108
780,6166496
865,6166536
201,6166662
111,6166913
993,6167149
952,6167179
122,6167185
445,6167274
419,6167361
1098,6167362
517,6167448
399,6167508
830,6167601
758,6167827
254,6168059
255,6168060
368,6168118
369,6168119
370,6168120
866,6168461
758,6168501
690,6168572
194,6169074
62,6169536
411,6169536
818,6169597
541,6169763
542,6169764
399,6169808
651,6170062
59,6170077
693,6170117
445,6170371
539,6170523
541,6170525
541,6170538
288,6170610
175,6170884
1106,6170987
1072,6171447
169,6171640
542,6171734
521,6171735
622,6171896
830,6171984
197,6171993
570,6172384
195,6172886
421,6173049
865,6173267
942,6173282
967,6173488
1047,6173508
196,6173615
1134,6173674
525,6173791
526,6173792
59,6173798
1073,6174189
192,6174201
722,6174583
153,6174658
370,6174937
630,6174977
674,6175036
209,6175069
288,6175104
905,6175151
204,6175257
697,6175480
399,6175595
605,6175745
847,6175893
274,6175954
60,6176033
61,6176034
91,6176045
92,6176046
714,6176922
474,6176963
194,6177079
368,6177118
369,6177119
1001,6177516
1134,6177725
480,6177739
542,6177837
521,6177838
995,6178024
996,6178025
1048,6178192
1073,6178237
1115,6178318
829,6178400
558,6178667
1110,6178819
274,6178836
954,6179123
422,6179369
57,6179500
590,6180016
847,6180091
835,6180300
1072,6180596
382,6180623
383,6180624
447,6180626
88,6180806
89,6180807
567,6181423
568,6181424
1113,6181514
693,6181773
1041,6181882
622,6181896
178,6181909
576,6182066
528,6182177
529,6182178
1134,6182450
56,6182519
394,6182570
61,6182715
62,6182716
411,6182716
707,6182762
542,6182773
849,6183077
966,6183295
197,6183502
693,6183579
361,6183581
737,6183703
576,6183706
676,6183882
1072,6184092
667,6184467
904,6184719
1047,6184761
1047,6184811
1041,6185038
830,6185152
847,6185427
697,6185535
955,6185658
171,6186340
58,6186509
676,6186704
199,6186776
200,6186777
1041,6186867
697,6187012
382,6187076
967,6187178
274,6187318
194,6187540
588,6187565
589,6187566
1097,6187603
171,6187705
177,6187744
220,6187804
981,6187864
982,6187865
916,6187996
325,6188020
111,6188091
1134,6188093
270,6188164
953,6188377
61,6188452
62,6188453
411,6188453
1072,6188597
196,6188936
270,6188972
1134,6189208
25,6189241
26,6189242
693,6189259
153,6189364
1047,6189542
270,6189602
818,6189767
855,6189787
141,6189853
334,6190077
1134,6190095
25,6190099
952,6190599
539,6190643
781,6190856
260,6190943
261,6190944
370,6191152
1104,6191505
209,6191554
474,6191863
955,6191875
401,6192048
1072,6192122
61,6192173
1074,6192448
1075,6192449
830,6192536
92,6192559
952,6192674
269,6192684
63,6192766
64,6192767
558,6193635
169,6193803
57,6193879
209,6193937
693,6194155
829,6194166
758,6194472
952,6194689
541,6194858
828,6194945
111,6194958
288,6194994
944,6195048
1047,6195496
1047,6195524
1048,6195525
56,6195569
1047,6195673
1047,6195709
524,6195881
288,6195892
270,6196074
517,6196247
386,6196309
474,6196991
953,6197144
1047,6197162
967,6197335
1100,6197598
940,6197943
288,6197988
61,6198039
62,6198040
411,6198040
192,6198091
942,6198211
704,6198282
697,6198654
474,6198709
722,6198764
1134,6198796
697,6199005
698,6199006
980,6199373
1041,6199680
288,6199756
194,6200059
667,6200111
382,6200210
383,6200211
973,6200832
86,6200982
722,6201086
542,6201131
722,6201139
419,6201232
474,6201802
447,6202183
448,6202184
444,6202234
445,6202235
274,6202365
690,6202430
274,6202554
967,6202615
196,6202694
539,6202758
542,6202762
1071,6202796
1072,6202797
274,6203131
1090,6203209
944,6203500
420,6203586
539,6203603
269,6204005
660,6204192
168,6204651
674,6204951
1098,6205020
270,6205210
1041,6205332
1097,6205531
420,6205532
421,6205533
847,6206193
864,6206326
270,6206519
122,6206859
169,6206868
170,6206869
171,6206870
622,6206935
44,6207062
994,6207271
170,6207578
171,6207579
754,6207902
1001,6207990
192,6208186
445,6208618
866,6208669
867,6208670
177,6209118
692,6209126
996,6209332
275,6209672
57,6209766
544,6209796
194,6210039
394,6210840
368,6211353
274,6211411
474,6212178
568,6212352
866,6212365
541,6212849
370,6212891
697,6213000
539,6213142
541,6213144
688,6213254
399,6213398
396,6213610
1089,6213610
201,6213672
829,6213902
110,6213951
111,6213952
965,6214284
170,6214289
370,6214346
372,6214612
622,6214732
274,6215385
201,6215436
520,6215555
274,6215634
967,6215642
274,6215682
479,6215703
177,6215713
63,6215981
274,6216011
828,6216173
419,6216264
722,6216340
197,6216646
973,6216673
444,6216745
275,6216779
673,6217105
361,6217249
690,6217384
445,6217435
690,6217466
941,6217780
942,6217781
965,6218032
942,6218157
690,6218159
737,6218171
558,6219039
559,6219040
905,6219194
542,6219261
254,6219416
255,6219417
952,6219720
196,6219823
197,6219824
955,6219863
952,6219974
818,6220061
202,6220231
444,6220401
445,6220402
269,6220751
197,6220972
541,6221093
542,6221094
288,6221129
855,6221223
674,6221968
965,6221977
386,6221981
864,6222506
89,6222511
90,6222512
1107,6222704
690,6222903
998,6223000
324,6223001
58,6223031
566,6223273
567,6223274
604,6223313
944,6223868
325,6223926
61,6224111
62,6224112
411,6224112
274,6224138
977,6224144
943,6224168
153,6224248
651,6224315
1099,6224327
1100,6224328
369,6224492
370,6224493
966,6224543
967,6224544
198,6224635
692,6224934
1072,6225044
1073,6225045
169,6225070
690,6225182
274,6225187
829,6225253
386,6225267
674,6225397
967,6225627
231,6225632
541,6225745
956,6225809
957,6225810
865,6226096
230,6226110
231,6226111
196,6226228
528,6226285
964,6226373
62,6226414
411,6226414
1134,6226581
994,6226616
1134,6226749
710,6226842
541,6226919
652,6227176
270,6227529
1115,6227616
605,6227658
368,6227748
369,6227749
1115,6227842
1072,6228046
169,6228139
61,6228208
62,6228209
411,6228209
955,6228328
56,6228674
818,6228745
479,6228899
697,6229172
275,6229176
710,6229382
56,6229394
1134,6229418
692,6229635
952,6229660
828,6229664
829,6229665
1108,6229679
1104,6230041
399,6230054
400,6230055
177,6230931
956,6230967
957,6230968
781,6231076
830,6231080
829,6231302
448,6231568
171,6231873
904,6232060
1050,6232105
688,6232684
690,6232686
57,6232820
58,6232821
194,6232855
421,6232941
199,6232976
288,6233338
722,6233378
604,6233518
445,6233786
941,6234054
1106,6234315
1107,6234316
542,6234343
521,6234344
230,6234366
673,6234425
964,6234441
965,6234442
722,6235084
780,6235147
781,6235148
847,6235233
194,6235380
943,6235465
993,6235694
56,6235766
57,6235767
955,6236100
956,6236101
957,6236102
818,6236158
567,6236286
1107,6236302
692,6236372
630,6236551
57,6236810
275,6237467
847,6237964
818,6238009
62,6238059
411,6238059
122,6238268
1041,6238401
286,6238807
56,6238850
57,6238851
953,6239012
994,6239038
558,6239107
523,6239481
1090,6239539
559,6239615
558,6239681
559,6239682
1134,6239905
197,6239930
865,6239952
866,6239953
192,6240130
87,6240354
698,6240672
940,6241067
396,6241076
1089,6241076
1090,6241077
87,6241492
981,6241533
298,6241693
25,6241859
690,6241954
956,6242010
255,6242507
373,6242589
576,6242630
1131,6242828
996,6242902
168,6242921
570,6243527
952,6243593
567,6243702
568,6243703
86,6243724
324,6243812
403,6243967
1134,6244069
231,6244329
232,6244330
525,6244497
1104,6244932
944,6244944
153,6244969
204,6245028
394,6245078
395,6245079
447,6245095
448,6245096
25,6245239
559,6245290
566,6245550
567,6245551
254,6245556
170,6245577
56,6245607
57,6245608
952,6245704
722,6245826
445,6245901
944,6246271
175,6246414
270,6246489
781,6246579
865,6246825
866,6246826
867,6246827
383,6247230
63,6247608
737,6247656
1106,6247702
571,6247845
444,6247910
394,6248590
395,6248591
270,6248592
1072,6248659
169,6248671
170,6248672
396,6248809
1089,6248809
170,6249051
171,6249052
191,6249291
674,6249372
25,6249482
26,6249483
474,6249707
170,6249727
261,6249952
967,6249997
448,6250057
176,6250285
523,6250315
87,6250319
692,6250645
693,6250646
348,6250685
194,6250740
829,6250994
651,6251007
1015,6251025
704,6251319
1113,6251589
1073,6252513
1047,6252592
170,6252673
274,6252763
980,6252948
965,6253356
944,6253406
604,6253542
604,6253806
445,6253890
96,6254418
96,6254652
96,6254886
178,6255049
1134,6255193
539,6255547
382,6255609
372,6255611
955,6255885
500,6255900
382,6255924
692,6255970
693,6255971
62,6256060
411,6256060
622,6256191
623,6256192
874,6256287
941,6256508
394,6256603
334,6256817
942,6256978
560,6257485
523,6257508
56,6257559
56,6257673
57,6257674
58,6257675
209,6257685
158,6257804
952,6257844
973,6257865
169,6258028
1081,6258035
168,6258180
169,6258198
830,6258370
788,6258558
474,6258767
957,6258858
399,6259149
865,6259492
373,6259597
374,6259598
1134,6259821
369,6260127
370,6260128
89,6260138
941,6260521
298,6260897
194,6260944
198,6260989
194,6261382
196,6261689
576,6261826
412,6261863
383,6262160
967,6262196
445,6262235
383,6262413
220,6262738
1081,6262794
193,6262795
194,6262796
372,6262808
698,6262892
1112,6263426
544,6263625
274,6263696
270,6263749
828,6263879
1081,6264045
403,6264436
25,6264631
690,6265009
520,6265034
638,6265035
191,6265134
956,6265317
940,6265746
274,6265975
1134,6266050
1081,6266199
539,6266395
674,6266424
829,6266486
288,6266908
456,6267012
25,6267224
532,6267516
942,6267527
96,6267536
659,6267762
92,6268139
194,6268179
324,6268249
567,6268353
448,6268556
386,6268673
567,6270036
568,6270037
541,6270118
1072,6270256
368,6270312
690,6270623
382,6270670
544,6270708
209,6271140
997,6271239
998,6271240
324,6271241
254,6271313
829,6271445
818,6271459
829,6271532
804,6271735
270,6272060
122,6272647
539,6272677
194,6273051
942,6273249
447,6273291
942,6273484
847,6273746
270,6273778
199,6273994
200,6273995
201,6273996
199,6274057
956,6274206
445,6274411
63,6274500
524,6274601
525,6274602
158,6274638
736,6274981
1131,6275122
176,6275243
590,6275320
688,6275639
864,6275693
576,6275751
604,6275790
334,6276019
523,6276385
383,6276839
1090,6276988
169,6277225
170,6277226
818,6277338
944,6277366
169,6277374
170,6277375
178,6277471
153,6277725
1041,6277808
652,6277810
847,6277988
829,6278234
1047,6278341
1041,6278357
955,6278385
558,6278421
254,6278754
520,6278771
917,6278817
56,6279122
111,6279281
447,6279434
1107,6279495
1108,6279496
704,6279551
1041,6279598
956,6279877
964,6279909
964,6280549
965,6280550
965,6280621
447,6280624
944,6280690
61,6280709
62,6280710
411,6280710
542,6280867
89,6281337
169,6281503
170,6281504
361,6281825
275,6281980
192,6282144
325,6282305
1008,6282454
722,6282514
419,6282683
286,6282707
520,6282821
1047,6283124
1081,6283237
604,6283575
692,6283739
693,6283740
479,6283770
478,6283808
559,6283826
61,6283899
62,6283900
411,6283900
847,6284256
722,6284514
447,6284523
170,6284581
977,6284717
849,6284722
88,6284784
517,6284956
383,6284999
447,6285001
448,6285002
194,6285293
403,6285301
382,6285422
967,6285424
722,6285443
270,6285609
373,6285699
286,6285721
178,6285854
622,6285898
953,6285911
274,6286051
202,6286342
994,6286363
383,6286367
829,6286387
1107,6286536
57,6286722
201,6286778
202,6286779
541,6286935
558,6286944
904,6287270
57,6287330
688,6287415
177,6287493
57,6287753
693,6287834
520,6287885
478,6288037
818,6288146
192,6289106
692,6289222
865,6289284
1106,6289396
953,6289486
954,6289487
448,6289509
697,6289726
254,6290016
255,6290017
1104,6290139
277,6290186
659,6290191
1107,6290630
1108,6290631
286,6290661
904,6290726
953,6290727
447,6290856
447,6290897
122,6291051
558,6291128
559,6291129
622,6291208
171,6291254
90,6291285
1041,6291299
1131,6291481
866,6291756
867,6291757
737,6291949
829,6292199
870,6292596
199,6292711
704,6292767
977,6293036
781,6293109
690,6293110
865,6293180
566,6293383
790,6293434
111,6293553
370,6293692
541,6294063
175,6294928
753,6295428
274,6295820
539,6295977
953,6296141
1072,6296270
230,6296291
953,6296428
348,6296499
541,6296558
674,6296825
994,6296982
1041,6297008
1072,6297041
1073,6297042
944,6297046
110,6297565
957,6297639
111,6297753
688,6298134
954,6298295
447,6298437
448,6298438
62,6298454
411,6298454
198,6298553
1106,6298768
904,6298856
201,6298985
399,6299257
322,6299357
323,6299358
324,6299359
952,6299382
697,6299676
698,6299677
209,6300067
558,6300217
125,6300509
690,6300593
818,6300810
498,6300870
168,6300903
169,6300904
170,6300905
59,6300928
1047,6301040
542,6301293
638,6301294
25,6301362
865,6301444
274,6301604
192,6301660
539,6301907
521,6301910
478,6301911
952,6301971
818,6302421
489,6302613
539,6302772
576,6303035
828,6303055
877,6303185
878,6303186
61,6303195
1100,6303225
324,6304148
528,6304229
342,6304562
528,6304671
1047,6304701
973,6304835
445,6304922
167,6305049
168,6305050
169,6305051
154,6305248
982,6305495
866,6305771
867,6305772
298,6305895
528,6306015
170,6306044
270,6306347
526,6306602
1072,6306626
994,6306630
170,6306682
542,6306780
1108,6306861
56,6307039
57,6307040
1072,6307051
964,6307270
965,6307271
325,6307370
274,6307498
370,6307788
111,6307990
194,6308063
260,6308197
942,6308243
198,6308407
710,6308717
994,6308928
942,6309183
690,6309185
828,6309205
274,6309355
710,6309616
444,6309655
956,6309728
1104,6309784
288,6310008
372,6310247
1072,6310468
368,6310846
383,6311051
199,6311154
383,6311330
192,6311677
904,6311689
690,6311870
57,6311937
370,6312022
96,6312278
955,6312388
111,6312542
386,6312572
57,6312771
286,6312848
804,6312871
994,6312926
995,6312927
996,6312928
692,6313573
194,6313616
710,6314066
953,6314142
954,6314143
955,6314144
722,6314256
964,6314348
965,6314349
399,6314379
87,6314398
605,6314416
192,6314428
559,6314499
1081,6314534
193,6314535
829,6314645
420,6314847
175,6314871
539,6314878
274,6315174
394,6315187
944,6315392
526,6315427
177,6315447
61,6315640
62,6315641
411,6315641
520,6315872
517,6316022
444,6316324
905,6316381
567,6316706
274,6317401
804,6317569
270,6317687
818,6317692
1047,6318027
710,6318348
528,6318911
370,6318935
231,6319119
152,6319210
153,6319211
867,6319651
56,6320248
57,6320249
542,6320528
698,6320894
967,6320972
558,6320993
170,6321358
198,6321491
956,6321828
59,6321884
60,6321885
61,6321886
541,6321975
542,6321976
434,6322054
905,6322198
274,6322398
275,6322399
286,6322635
697,6322701
697,6322778
698,6322779
1113,6322956
942,6323008
994,6323091
1047,6323282
61,6323398
62,6323399
411,6323399
1047,6323765
192,6324081
1131,6324462
474,6324480
953,6324798
954,6324799
520,6324910
96,6325084
865,6325324
866,6325325
200,6325380
201,6325381
231,6325465
90,6325492
965,6325517
383,6325714
1106,6326067
1107,6326068
1081,6326430
193,6326431
475,6326453
373,6326455
374,6326456
568,6326542
649,6326640
829,6326898
1072,6327102
275,6327157
953,6327556
980,6327838
322,6328185
323,6328186
324,6328187
1073,6328363
994,6328593
699,6328654
1081,6328871
818,6328938
178,6329325
1106,6329349
1107,6329350
539,6329363
170,6329450
270,6330199
755,6330458
829,6330884
517,6330959
196,6331017
56,6331049
690,6331133
479,6331267
480,6331268
270,6331655
342,6332060
456,6332169
973,6332174
1047,6332300
201,6332344
1108,6332460
558,6332597
1104,6332705
1106,6332707
1107,6332708
539,6333067
688,6333107
577,6333262
270,6333443
96,6333504
97,6333505
97,6333508
692,6333926
62,6334056
411,6334056
539,6334182
62,6334426
411,6334426
63,6334427
64,6334428
1081,6334480
1134,6334797
92,6335272
192,6335517
542,6335575
521,6335576
478,6335577
570,6335612
693,6335701
86,6335902
1073,6335910
722,6336202
1047,6336248
270,6336454
722,6336526
274,6336662
274,6336794
698,6337240
944,6337404
865,6337422
520,6337555
570,6337665
200,6337880
201,6337881
1104,6338007
521,6338372
478,6338373
479,6338374
690,6338385
1072,6338747
955,6338905
956,6338906
25,6339163
254,6339629
1134,6339680
659,6339999
589,6340111
175,6340136
445,6340423
193,6340531
191,6340538
192,6340539
193,6340540
830,6340623
528,6340803
993,6341110
698,6341165
269,6341414
270,6341415
1081,6342146
193,6342147
288,6342160
175,6342560
954,6342953
955,6342954
539,6343216
479,6343802
905,6344000
56,6344052
1108,6344098
528,6344171
382,6344220
479,6344270
275,6344424
56,6344520
866,6344579
867,6344580
669,6344598
904,6344672
1106,6344719
421,6344850
168,6344891
539,6345036
383,6345069
81,6345291
270,6345776
539,6345820
92,6346184
865,6346198
56,6346806
674,6346832
479,6346853
558,6346925
1134,6347107
25,6347177
194,6347355
91,6347461
92,6347462
558,6347525
693,6347730
622,6347866
447,6347932
444,6348114
383,6348296
500,6348392
445,6348420
447,6348422
401,6348463
847,6348521
175,6348613
198,6348652
692,6348716
847,6348933
288,6348996
722,6349365
90,6349373
447,6349515
175,6349530
176,6349531
444,6349604
674,6349903
722,6350128
864,6350146
1104,6350225
1106,6350227
541,6350560
25,6350787
26,6350788
479,6350903
965,6350997
559,6351075
369,6351278
1107,6351376
1113,6351748
878,6351801
1072,6351917
1073,6351918
722,6351978
753,6352305
419,6352513
230,6352514
994,6352806
158,6352984
158,6353245
479,6353265
447,6353639
1047,6353814
386,6353911
951,6354203
952,6354204
905,6354205
56,6354332
818,6354417
1134,6354445
194,6355372
953,6355425
57,6355529
58,6355530
59,6355531
1115,6355628
590,6355683
368,6355684
369,6355685
944,6355721
254,6355727
558,6355740
710,6355811
711,6355812
158,6355840
980,6355913
954,6356088
953,6356307
1134,6356434
361,6356608
122,6357232
818,6357503
59,6357555
286,6357887
175,6358089
952,6358113
334,6358156
737,6358167
169,6358185
170,6358186
171,6358187
419,6358254
1036,6358346
372,6358347
542,6358511
638,6358512
953,6358655
830,6358658
374,6358747
62,6359154
411,6359154
383,6359271
870,6359278
688,6359464
559,6359727
1008,6360023
195,6360028
196,6360029
372,6360764
1047,6360792
288,6360916
967,6361084
220,6361188
630,6361363
1134,6361396
158,6361437
690,6361480
541,6361685
697,6361691
698,6361692
122,6361708
500,6361711
400,6361928
401,6361929
812,6361982
813,6361983
382,6362234
967,6362236
288,6362273
529,6362286
177,6362298
904,6362413
348,6362489
973,6362648
692,6362671
690,6362920
559,6362961
323,6362972
324,6362973
270,6363411
445,6363495
396,6363543
1089,6363543
370,6364235
220,6364302
651,6364395
111,6364478
780,6365050
444,6366296
480,6366524
956,6366854
953,6366993
220,6367018
372,6367028
559,6367033
541,6367361
976,6367417
977,6367418
56,6367610
1134,6367614
286,6367770
56,6367889
324,6367901
382,6368074
528,6368131
177,6368157
904,6368404
170,6368446
171,6368447
830,6368481
521,6368507
478,6368508
87,6369114
152,6369181
372,6369249
194,6369400
192,6369447
688,6369525
270,6369633
500,6370157
158,6370203
199,6370409
269,6370438
590,6371019
722,6371262
152,6371279
57,6371365
447,6371959
383,6372085
630,6372220
192,6372284
44,6372302
722,6372424
175,6372466
110,6372871
195,6372901
196,6372902
1041,6372995
1106,6373016
622,6373132
737,6373358
867,6373464
980,6374051
260,6374104
758,6374204
688,6374417
1134,6374776
209,6374918
956,6374922
904,6374948
288,6375058
541,6375149
169,6375248
980,6375398
158,6375657
175,6375844
1047,6376196
110,6376478
199,6376810
474,6376846
693,6376892
169,6376951
81,6377019
192,6377026
870,6377145
1018,6377783
158,6378077
1134,6378455
698,6378557
829,6378771
521,6378801
62,6378808
411,6378808
1072,6379048
993,6379055
1072,6379114
570,6379296
141,6379361
655,6379622
829,6379718
201,6379752
964,6380104
168,6380113
169,6380114
382,6380141
383,6380142
168,6380631
169,6380632
194,6380932
1047,6381075
474,6381104
158,6381140
638,6381147
847,6381306
445,6381443
965,6381530
361,6381735
1134,6382038
867,6382066
693,6382216
361,6382245
288,6382302
965,6382435
275,6382494
500,6382505
699,6382756
197,6382819
939,6382904
940,6382905
196,6383102
570,6383235
566,6383257
567,6383258
369,6383409
334,6383437
965,6383454
334,6383586
474,6383754
194,6383797
539,6383819
905,6383845
995,6384713
996,6384714
722,6384916
274,6384926
1047,6384941
847,6384974
528,6385027
1048,6385236
967,6385269
81,6385360
122,6385365
692,6385620
693,6385621
558,6385706
396,6385751
1089,6385751
698,6385760
201,6385791
1131,6386091
1108,6386181
944,6386341
382,6386453
967,6386455
86,6386730
576,6386857
478,6386893
566,6386944
567,6386945
568,6386946
168,6386996
169,6386997
977,6387086
361,6387133
57,6387199
722,6387217
539,6387314
693,6387374
361,6387376
622,6387444
62,6387752
411,6387752
254,6388115
25,6388314
847,6388353
1134,6388480
944,6389037
722,6389272
87,6389281
818,6389489
177,6389496
178,6389497
690,6389872
198,6390026
199,6390027
372,6390771
847,6390974
810,6391204
818,6391379
630,6391680
964,6391713
965,6391714
558,6391762
558,6391891
92,6392350
722,6392552
576,6392816
690,6392901
692,6392903
542,6393181
638,6393182
604,6393272
829,6393282
1071,6393487
1072,6393488
1073,6393489
993,6393492
994,6393493
973,6393578
479,6393645
576,6393867
197,6393923
994,6393964
26,6394142
942,6394213
566,6394239
567,6394240
568,6394241
269,6394272
904,6394300
589,6394628
269,6394746
942,6395043
141,6395189
1134,6395425
25,6395429
122,6395686
445,6395696
847,6395744
1100,6395935
942,6396326
445,6396353
168,6396416
169,6396417
445,6396574
952,6396599
847,6396626
904,6396648
270,6396801
197,6396924
198,6396925
192,6397002
479,6397005
571,6397139
175,6397216
170,6397660
994,6397698
528,6397736
539,6397741
994,6397778
204,6398182
722,6398334
474,6398459
711,6398831
1081,6398842
780,6399033
969,6399080
220,6399259
693,6399303
169,6399346
170,6399347
980,6399368
1018,6399538
204,6400183
110,6400305
674,6400376
595,6400392
674,6400396
941,6400503
942,6400533
523,6400537
524,6400538
474,6400764
973,6400829
1107,6401039
1081,6401273
980,6401606
57,6401630
964,6401824
57,6401898
178,6401961
63,6402114
865,6402431
976,6402457
977,6402458
692,6402520
63,6402534
698,6402580
444,6402659
447,6402819
829,6403144
220,6403263
201,6403547
61,6403795
62,6403796
411,6403796
1073,6403976
865,6404129
956,6404231
957,6404232
737,6404283
518,6404389
1090,6404390
91,6404572
92,6404573
956,6404579
688,6404602
324,6404663
692,6404771
967,6404786
944,6404872
964,6404992
122,6405114
847,6405365
111,6405407
456,6405499
122,6405836
445,6405882
692,6405903
500,6406013
500,6406390
386,6406573
288,6406848
445,6406947
698,6407027
1097,6407118
1098,6407119
589,6407197
693,6407263
197,6407980
1131,6408027
955,6408146
829,6408294
965,6408322
955,6408398
447,6408451
722,6408473
558,6409142
1131,6409164
372,6409228
169,6409335
944,6409357
1095,6409703
904,6409748
870,6410246
1097,6410424
870,6410450
168,6410638
955,6410720
865,6410753
847,6410854
125,6410972
176,6411101
447,6411362
865,6411614
255,6411619
542,6411665
952,6411864
967,6411992
1097,6411994
445,6412219
693,6412619
361,6412627
274,6412813
274,6413158
500,6413621
382,6413719
394,6413748
395,6413749
588,6413922
589,6413923
1097,6414684
542,6414870
973,6415056
847,6415168
1097,6415175
1098,6415176
956,6415252
447,6415504
445,6415709
447,6415783
973,6415939
158,6416230
659,6416398
274,6416606
1047,6416713
194,6416815
518,6416870
383,6416922
199,6416942
141,6416979
87,6417087
447,6417088
448,6417089
558,6417291
942,6417438
754,6417629
722,6417964
692,6417979
996,6417987
209,6418321
1047,6418403
1048,6418404
539,6418831
372,6418993
373,6418994
168,6419157
169,6419158
170,6419159
57,6419217
25,6419278
26,6419279
965,6419431
447,6419434
201,6419463
973,6419673
566,6419791
690,6420175
1101,6420193
274,6420261
847,6420283
1106,6420322
1107,6420323
567,6420602
568,6420603
25,6420695
204,6420940
348,6421175
374,6421221
275,6421797
698,6422015
940,6422204
368,6422314
973,6422339
542,6422444
59,6422477
517,6423190
867,6423308
274,6423354
400,6423510
26,6423540
1106,6423826
956,6423927
904,6424007
1047,6424476
758,6424701
542,6424931
976,6425113
977,6425114
275,6425137
191,6425149
489,6425343
400,6425355
956,6425370
521,6425403
478,6425404
325,6425655
334,6425673
382,6425675
1104,6425677
847,6425960
703,6426437
704,6426438
61,6426500
62,6426501
411,6426501
828,6426652
690,6426850
722,6426912
976,6427211
977,6427212
275,6427235
541,6427346
866,6427357
867,6427358
939,6427404
270,6427437
969,6427451
478,6427508
383,6428028
870,6428141
693,6428395
191,6428425
177,6428527
474,6428664
965,6428723
674,6428733
865,6428767
866,6428768
867,6428769
942,6429061
953,6429157
953,6429190
370,6429301
270,6429601
170,6429866
1100,6430312
541,6430383
56,6430493
368,6430613
1101,6430689
361,6430898
197,6431089
1047,6431246
1081,6431766
447,6431835
448,6431836
25,6432012
177,6432052
382,6432116
399,6432172
445,6432269
61,6432281
62,6432282
411,6432282
692,6432432
693,6432433
1097,6432473
169,6432689
141,6432845
994,6433048
995,6433049
996,6433050
829,6433107
1047,6433133
692,6433221
141,6433477
208,6433552
804,6433669
158,6434062
394,6434582
288,6434648
830,6434662
153,6434912
57,6434941
941,6434998
479,6435023
539,6435066
169,6435407
690,6435436
692,6435438
693,6435439
973,6435716
688,6435972
622,6436071
274,6436304
1081,6436316
976,6436327
977,6436328
64,6436362
956,6436516
957,6436517
521,6436526
956,6436619
87,6436649
447,6436650
448,6436651
423,6436766
829,6436858
422,6437177
88,6437720
692,6437850
522,6437928
523,6437929
524,6437930
44,6438229
905,6438325
90,6438562
890,6438731
604,6438744
941,6438752
693,6438840
361,6438842
566,6439367
567,6439368
255,6439572
638,6439748
175,6439836
489,6439961
830,6440029
980,6440233
59,6440262
952,6440263
710,6440432
1113,6440647
170,6440849
878,6440933
829,6441155
1114,6441242
576,6441255
175,6441701
274,6441813
965,6441977
1104,6441979
830,6442212
711,6442275
396,6442307
1089,6442307
993,6442338
722,6442697
1081,6442746
1099,6442870
1100,6442871
1101,6442872
576,6442880
444,6443110
905,6443139
57,6443142
541,6443160
444,6443200
445,6443201
25,6443260
176,6443378
230,6443516
568,6444396
361,6444996
698,6445139
781,6445152
1114,6445375
57,6445390
523,6445420
1072,6445461
170,6445613
171,6445614
521,6445851
478,6445852
176,6445913
722,6445946
559,6445983
86,6446166
191,6446371
942,6446627
192,6446984
81,6446996
692,6447042
269,6447088
141,6447127
274,6447204
275,6447205
111,6447213
965,6447375
1041,6447426
652,6447428
653,6447429
274,6447723
372,6448107
828,6448256
604,6448322
1134,6448512
942,6448540
829,6448748
830,6448749
711,6448882
286,6449037
980,6449172
981,6449173
1134,6449382
954,6449399
955,6449424
169,6449774
870,6450061
447,6450098
448,6450099
982,6450108
693,6450401
361,6450403
604,6450422
651,6450471
520,6451000
521,6451001
865,6451413
866,6451414
867,6451415
370,6451575
904,6451646
169,6451737
570,6451851
370,6452312
1050,6452364
576,6452384
231,6452850
973,6453080
994,6453570
530,6453598
254,6453641
1134,6454194
706,6454201
383,6454316
479,6454657
57,6454749
445,6454781
781,6454913
980,6455524
421,6455526
953,6455600
1047,6455724
528,6456047
197,6456135
175,6456188
87,6456415
941,6456461
942,6456462
122,6456700
479,6456936
975,6457003
61,6457156
1097,6457200
230,6457201
980,6457289
676,6457339
275,6457381
336,6457440
479,6457631
444,6457795
445,6457796
1104,6457918
651,6458125
368,6458129
905,6458158
529,6458285
178,6458330
847,6458412
953,6458468
175,6458573
447,6459139
448,6459140
956,6459713
957,6459714
952,6459735
697,6459905
56,6460236
542,6460303
444,6460579
953,6460678
866,6460787
58,6460978
904,6461146
25,6461263
25,6461356
539,6461579
576,6462053
170,6462204
386,6462229
194,6462271
489,6462418
993,6462912
993,6462921
944,6462998
480,6463371
829,6463651
62,6463695
411,6463695
61,6463747
62,6463748
411,6463748
169,6464026
539,6464345
370,6464416
61,6464488
62,6464489
411,6464489
954,6464512
955,6464513
324,6464650
994,6464654
324,6464797
829,6464814
788,6464854
690,6464909
125,6465033
1041,6465153
1041,6465498
828,6465637
829,6465638
559,6465662
445,6465722
122,6465856
61,6465936
444,6466343
122,6466377
604,6466532
62,6467330
411,6467330
170,6467571
541,6467858
673,6468093
829,6468451
1134,6468975
830,6468980
780,6469103
56,6469219
660,6469625
942,6469682
690,6469684
1047,6469727
604,6469910
829,6470243
865,6470272
559,6470300
1108,6470394
1048,6470403
1036,6470408
967,6470409
1131,6470454
169,6470591
847,6470813
208,6471995
1047,6472019
111,6472115
518,6472120
693,6472259
973,6473263
571,6473265
572,6473266
194,6473537
737,6473718
1081,6473727
1131,6473814
57,6474042
904,6474124
209,6474322
90,6474580
192,6474590
559,6475185
197,6475254
60,6475281
589,6475887
383,6475925
1106,6476102
396,6476122
1089,6476122
399,6476171
64,6476576
905,6476603
688,6476826
270,6477105
571,6477190
973,6477343
270,6477439
1104,6477501
1106,6477503
270,6477528
204,6477546
201,6477588
543,6477809
544,6477810
622,6477851
692,6478014
693,6478015
559,6478044
818,6478225
175,6478329
56,6478333
75,6478376
829,6478390
956,6478563
270,6478634
220,6478686
370,6478688
942,6478835
942,6479168
995,6479202
996,6479203
56,6479230
275,6479374
818,6479665
944,6479847
855,6479864
274,6479928
56,6479946
158,6479990
447,6480279
517,6480330
57,6480388
965,6480444
904,6480755
170,6481045
269,6481255
170,6481738
274,6481824
419,6481834
197,6481910
198,6481911
659,6481954
539,6482060
692,6482137
693,6482138
964,6482282
698,6482886
154,6483319
541,6483422
952,6483569
953,6483570
196,6483811
111,6483885
1134,6483887
158,6483928
722,6484014
479,6484103
450,6484138
386,6484332
830,6484548
89,6484598
90,6484599
361,6484604
673,6484700
89,6484760
905,6484919
400,6485158
401,6485159
542,6485451
651,6485495
208,6485510
542,6485535
57,6486065
58,6486066
542,6486088
942,6486205
87,6486443
590,6486649
638,6486760
944,6486971
1101,6487352
1134,6487355
904,6487418
539,6487438
673,6487469
942,6487650
542,6487914
576,6487920
676,6488022
604,6488027
111,6488384
444,6488475
230,6488667
1081,6488768
201,6489244
944,6489499
952,6489537
419,6489572
1041,6489623
194,6489641
177,6490547
1050,6490610
956,6490687
274,6490760
973,6490869
445,6490988
89,6491263
977,6491422
204,6491435
269,6491442
370,6491732
688,6491906
341,6491989
342,6491990
447,6492177
201,6492335
847,6492589
866,6492737
867,6492738
87,6492886
688,6493307
396,6493335
1089,6493335
141,6493541
171,6493559
722,6493609
500,6493852
542,6493914
638,6493915
374,6494074
255,6494111
847,6494388
973,6494636
559,6494667
818,6494718
444,6494808
445,6494809
942,6495077
445,6495150
56,6495214
57,6495215
847,6495392
722,6495394
196,6495679
830,6495737
737,6495796
209,6495911
980,6495947
693,6496127
325,6496216
604,6496455
692,6496579
1131,6496583
479,6496934
722,6496999
170,6497023
141,6497113
673,6497180
674,6497181
688,6497258
445,6497453
168,6497855
169,6497856
1036,6498051
372,6498052
965,6498075
866,6498220
980,6498353
168,6498449
1098,6498481
674,6498738
692,6499170
1134,6499265
541,6499327
847,6499476
520,6499537
571,6499607
693,6499795
324,6499877
169,6499897
905,6500241
693,6500253
334,6500261
153,6500532
1121,6500697
828,6500743
688,6500763
965,6500950
706,6501110
382,6501269
56,6501510
1134,6502021
372,6502189
965,6502249
1104,6502251
1106,6502253
348,6502406
232,6502738
382,6502759
197,6503112
191,6503550
542,6504247
521,6504248
422,6504615
818,6504678
423,6504712
197,6504882
399,6505206
286,6505322
1098,6505595
521,6505654
177,6505750
1081,6506168
193,6506169
81,6506254
197,6506339
178,6506388
736,6506600
177,6506753
866,6506775
692,6506894
1097,6507145
1098,6507146
170,6507274
275,6507278
170,6507322
878,6507366
26,6507398
396,6507480
1089,6507480
1090,6507481
976,6508050
977,6508051
674,6508193
61,6508267
63,6508462
64,6508463
370,6508500
576,6509068
981,6509245
982,6509246
196,6509409
528,6509610
542,6509638
521,6509639
371,6510209
372,6510210
651,6510254
539,6510266
753,6510329
539,6510554
88,6510963
194,6511276
199,6511377
200,6511378
201,6511379
966,6511413
967,6511414
528,6511663
866,6511761
867,6511762
152,6511859
722,6511952
692,6511958
755,6511985
382,6512118
383,6512119
1121,6512220
942,6512642
674,6512705
956,6512741
169,6513170
604,6513189
56,6513463
973,6513469
169,6513594
577,6513802
520,6514086
195,6514089
847,6514336
26,6514491
199,6514945
652,6515154
973,6515163
274,6515883
197,6516518
559,6516540
905,6516605
254,6516723
269,6516781
270,6516782
952,6517095
944,6517102
62,6517518
411,6517518
542,6517573
638,6517574
270,6517638
702,6517731
1103,6517812
518,6517931
178,6518092
570,6518255
25,6518345
122,6518498
86,6518528
1012,6518660
1081,6518920
193,6518921
541,6519080
818,6519251
325,6519299
542,6519367
973,6519598
737,6519708
1104,6519783
651,6519822
168,6520064
169,6520065
1104,6520199
566,6520349
567,6520350
568,6520351
847,6520355
191,6520482
192,6520483
942,6520669
125,6520695
1081,6520790
59,6520805
1121,6521303
736,6521398
737,6521399
955,6521472
261,6521599
560,6521827
518,6521914
520,6522400
638,6522401
973,6522451
61,6522821
270,6523022
952,6523371
710,6523447
788,6523648
865,6523676
904,6523697
25,6523801
722,6523864
155,6524276
194,6524929
195,6524930
196,6524931
1134,6524958
201,6525144
56,6525194
231,6525206
1097,6525273
288,6525608
204,6525791
25,6526110
693,6526170
447,6526503
111,6526539
1134,6526549
368,6526825
394,6526880
395,6526881
178,6527195
209,6527211
386,6527345
692,6527503
693,6527504
829,6528076
92,6528140
204,6528205
622,6528427
559,6528480
1134,6528534
867,6528767
192,6528807
193,6528808
1134,6528820
158,6528834
1047,6528969
522,6528997
944,6529306
444,6529353
828,6529400
348,6529460
56,6529851
57,6529852
191,6529921
270,6530497
660,6530634
965,6530817
692,6530925
193,6531013
396,6531091
1089,6531091
1106,6531183
1107,6531184
847,6531207
1072,6531846
1073,6531847
1081,6531967
447,6532158
455,6532595
456,6532596
973,6532601
1103,6532728
334,6532769
590,6532887
348,6533344
275,6533492
444,6533643
517,6534652
447,6534802
169,6535063
169,6535100
1107,6535330
944,6535340
722,6535526
169,6535558
192,6535649
25,6535791
275,6535863
478,6536186
965,6536270
61,6536321
122,6536353
1131,6536358
754,6536421
168,6536424
343,6536479
1134,6537182
847,6537345
571,6537521
572,6537522
434,6537597
1047,6537697
370,6537867
474,6537919
111,6538199
967,6538382
1009,6538523
1010,6538524
956,6538549
541,6538914
955,6539099
199,6539125
1050,6539143
1073,6539915
693,6539925
400,6540022
1134,6540318
558,6540379
193,6540565
110,6540570
63,6540758
622,6541019
88,6541305
1100,6541767
847,6542043
196,6542270
175,6542276
539,6542839
870,6543092
169,6543169
170,6543170
58,6543442
1081,6543505
25,6543773
1072,6544188
973,6544642
905,6544707
479,6545405
828,6546033
25,6546060
255,6546104
277,6546208
604,6546273
865,6546282
688,6546312
866,6546496
867,6546497
81,6546809
576,6546951
1104,6546964
370,6547099
589,6547510
175,6547676
965,6547981
1104,6547983
274,6548021
973,6548037
275,6548082
965,6548626
847,6548662
674,6548808
197,6548994
1090,6549091
26,6549163
403,6549346
57,6549820
447,6549929
1072,6550076
1134,6550119
475,6550157
722,6550312
141,6550330
209,6550483
394,6550505
1064,6550756
270,6551088
1113,6551120
191,6551261
957,6551497
231,6552198
200,6552347
191,6552365
192,6552366
193,6552367
523,6552392
570,6552651
288,6553044
542,6553067
638,6553068
541,6553233
1098,6553252
698,6553446
965,6553475
539,6554196
994,6554308
541,6554344
542,6554345
444,6554461
541,6554675
178,6554701
976,6554905
977,6554906
558,6555147
559,6555148
1081,6555487
722,6555690
849,6555765
269,6555969
197,6556102
781,6556150
690,6556159
44,6556205
1114,6556576
702,6556635
622,6556892
57,6557127
89,6557485
690,6557487
604,6557663
169,6557900
169,6558304
361,6558449
818,6558540
521,6559214
394,6559313
395,6559314
88,6559400
399,6559438
61,6559553
710,6559698
479,6560345
520,6560450
1047,6560469
944,6560521
676,6560945
541,6561015
170,6561024
1115,6561094
111,6561157
829,6561520
348,6561527
566,6561551
567,6561552
835,6561573
788,6561596
789,6561597
940,6561757
447,6561931
566,6562075
75,6562198
905,6562328
122,6562560
195,6562828
122,6562883
270,6563138
954,6563158
955,6563159
197,6563214
758,6563343
254,6563368
111,6563616
1134,6563618
917,6564217
1047,6564251
866,6564280
867,6564281
998,6564362
324,6564363
576,6564394
967,6564666
56,6564715
325,6564828
542,6564884
638,6564885
722,6564911
973,6564980
955,6564987
956,6564988
448,6565136
201,6565240
576,6565361
479,6565403
1036,6565628
967,6565629
1047,6566025
722,6566124
59,6566793
952,6566794
994,6567647
995,6567648
996,6567649
722,6567865
818,6568243
847,6568515
722,6568517
479,6568599
169,6568658
111,6568949
998,6569679
324,6569680
1012,6569757
61,6569814
673,6569860
964,6570079
274,6570428
1048,6570561
571,6570672
572,6570673
197,6570695
571,6570915
830,6571051
479,6571167
480,6571168
973,6571401
941,6571432
673,6571624
952,6571782
1081,6571892
191,6572520
192,6572521
193,6572522
400,6572538
965,6572617
866,6572879
474,6573162
90,6573199
994,6573338
169,6573697
980,6574282
722,6574343
528,6574365
973,6574646
175,6574669
275,6574770
830,6574915
692,6574929
373,6574983
520,6574995
737,6575193
967,6575205
524,6575562
286,6575655
904,6575752
955,6576452
475,6576658
382,6576665
1104,6576667
56,6576756
57,6576757
944,6576889
904,6577340
944,6577356
952,6577527
542,6577558
399,6577574
692,6577600
952,6577629
1047,6577990
758,6578099
419,6578207
570,6578333
1110,6578377
866,6578673
274,6578792
275,6578793
444,6578831
829,6578864
865,6579022
542,6579046
1097,6579224
967,6579447
1097,6579449
1098,6579450
567,6579723
568,6579724
865,6579811
818,6579847
570,6580105
659,6580147
874,6580203
944,6580461
541,6580637
1134,6580649
275,6580767
542,6580887
1047,6581235
447,6581930
401,6581939
170,6582057
96,6582092
692,6582413
394,6582774
595,6583038
572,6583299
419,6583325
520,6583640
944,6583827
1047,6583889
153,6583900
754,6584143
559,6584165
638,6584199
122,6584365
194,6584407
953,6584970
448,6584988
232,6585131
818,6585220
944,6585275
196,6585384
197,6585385
521,6585406
399,6586100
697,6586264
967,6586594
62,6586604
411,6586604
89,6586631
90,6586632
905,6586792
1047,6587166
568,6587368
96,6587383
690,6587503
479,6587685
521,6588364
966,6588389
967,6588390
1097,6588392
477,6588521
110,6588610
1106,6589186
1107,6589187
1047,6589390
325,6589523
400,6589913
571,6589938
692,6590029
638,6590106
706,6590237
64,6590296
86,6590378
847,6590758
998,6590812
324,6590813
567,6590843
568,6590844
269,6591034
396,6591035
1089,6591035
412,6591137
254,6591761
576,6591789
399,6592081
400,6592082
401,6592083
539,6592138
56,6592161
993,6592164
904,6592286
62,6592531
411,6592531
544,6592585
722,6592651
528,6592724
61,6592919
62,6592920
411,6592920
905,6593104
334,6593132
529,6593805
445,6593890
693,6594052
198,6594219
122,6594282
973,6594339
956,6594345
737,6594352
993,6594507
956,6594987
478,6595065
847,6595093
178,6595223
973,6595484
191,6595605
192,6595606
964,6596222
965,6596223
125,6596321
169,6596355
474,6596645
690,6596963
202,6596978
61,6597181
231,6597488
653,6597912
622,6598132
541,6598224
26,6598256
1047,6598671
399,6598835
521,6598927
403,6599924
604,6600891
110,6600938
576,6601032
370,6601068
1113,6601109
576,6601165
475,6601700
373,6601702
374,6601703
622,6601753
111,6601877
158,6601893
955,6602017
543,6602156
544,6602157
847,6602192
955,6602290
652,6602352
270,6602426
399,6602466
400,6602467
1099,6602592
688,6603002
421,6603221
690,6603247
754,6603264
977,6603530
697,6603882
1006,6604029
693,6604424
964,6604492
722,6604504
194,6604740
195,6604741
489,6604805
324,6604964
403,6604977
722,6604999
92,6605004
789,6605066
288,6605146
199,6605166
539,6605196
1097,6605258
230,6605259
1110,6605333
698,6605491
754,6605722
92,6605797
88,6605823
89,6605824
90,6605825
479,6605828
25,6606202
688,6606274
676,6606287
905,6606316
690,6606382
196,6606386
197,6606387
829,6606395
955,6606413
204,6606687
980,6606696
192,6606955
63,6607044
56,6607373
576,6607476
539,6607518
445,6607736
447,6607738
448,6607739
169,6607886
737,6607919
370,6607954
342,6608049
1072,6608068
334,6608201
111,6608256
1134,6608258
25,6608330
567,6608483
168,6608680
1134,6608739
942,6608964
175,6609173
698,6609220
1098,6609399
170,6609738
171,6609739
382,6609769
231,6609866
444,6609940
1047,6609986
1048,6609987
382,6610082
866,6610160
111,6610832
1131,6610977
722,6611322
178,6611393
270,6611673
1073,6611918
830,6611950
539,6612009
400,6612012
401,6612013
87,6612313
829,6612348
638,6612662
523,6613061
288,6613265
56,6613387
383,6613657
138,6613799
445,6613981
542,6614007
373,6614118
374,6614119
444,6614177
421,6614445
1047,6614512
1048,6614513
177,6614650
692,6615023
270,6615050
539,6615185
574,6615255
575,6615256
973,6615800
674,6615947
1107,6616077
1108,6616078
154,6616194
220,6616365
63,6616380
64,6616381
973,6616495
275,6616571
61,6616614
169,6616689
170,6616690
674,6616715
1041,6616724
105,6616904
523,6617029
870,6617172
195,6617451
196,6617452
231,6617497
1134,6617568
88,6617658
967,6617661
564,6617675
565,6617676
566,6617677
567,6617678
403,6617744
830,6617776
526,6617954
110,6618026
111,6618027
604,6618065
170,6618241
1048,6618274
270,6618396
847,6618467
982,6618602
178,6618979
660,6619254
56,6619460
941,6619654
818,6619790
517,6619843
518,6619844
939,6619907
940,6619908
1109,6620036
111,6620314
541,6620398
1047,6620462
637,6620633
699,6621009
445,6621277
524,6621786
370,6621877
965,6621935
1018,6622044
288,6622463
864,6622524
288,6622830
905,6622852
716,6622944
717,6622945
444,6623242
447,6623325
904,6623405
651,6623417
1097,6623825
199,6623865
566,6623932
567,6623933
1106,6623951
874,6624170
62,6624492
411,6624492
1115,6624689
878,6625077
870,6625237
711,6625711
952,6625713
170,6625729
421,6625788
61,6625896
690,6626001
90,6626006
176,6626110
87,6626389
697,6626415
568,6626644
847,6626648
372,6626723
373,6626724
374,6626725
1047,6626766
539,6626776
571,6626813
572,6626814
1047,6626859
541,6627008
558,6627030
274,6627151
673,6627260
674,6627261
1110,6627295
952,6627624
1073,6627749
558,6627930
90,6628330
1047,6628339
1048,6628340
847,6628571
520,6628577
57,6628751
1073,6628883
1015,6629572
61,6629594
62,6629595
411,6629595
269,6629645
866,6629689
867,6629690
973,6629717
288,6629891
829,6629948
980,6630193
981,6630194
982,6630195
692,6630582
722,6630649
952,6630686
448,6630835
399,6630921
905,6630926
122,6631323
973,6631562
56,6631714
369,6631858
828,6631902
361,6631915
977,6632410
690,6632667
373,6632783
374,6632784
400,6632828
660,6632847
1048,6633095
692,6633112
1018,6633500
904,6633759
964,6633820
975,6633991
976,6633992
489,6634185
953,6634277
944,6634677
652,6635142
125,6635272
965,6635422
1131,6635487
479,6635765
62,6635986
411,6635986
905,6636003
622,6636225
693,6636414
942,6636475
722,6636494
847,6637418
722,6637731
622,6637766
386,6638190
539,6638379
177,6638398
1072,6638439
168,6638480
865,6639092
866,6639093
904,6639325
1106,6639789
199,6639887
200,6639888
1047,6640010
956,6640331
957,6640332
980,6640435
96,6640761
58,6640957
527,6641284
528,6641285
445,6641358
830,6641482
412,6641518
528,6641592
175,6641704
996,6641736
758,6641740
400,6641963
274,6642166
204,6642308
1106,6642317
692,6642448
175,6642499
444,6642648
539,6642880
692,6643066
693,6643067
780,6643252
722,6643454
474,6643642
419,6643682
420,6643683
421,6643684
1072,6643766
478,6643821
361,6643824
89,6643995
90,6643996
1121,6644060
828,6644278
829,6644279
830,6644280
325,6644612
570,6644625
348,6644734
122,6645146
570,6645272
781,6645542
141,6645656
87,6645716
542,6645730
690,6645870
270,6645901
361,6645905
541,6646225
953,6646399
177,6647021
88,6647102
89,6647103
175,6647264
1097,6647416
673,6647522
674,6647523
542,6647593
638,6647594
588,6647654
154,6647657
88,6647785
89,6647786
90,6647787
479,6647829
168,6647832
521,6648007
828,6648148
829,6648149
830,6648150
1106,6648278
1107,6648279
1108,6648280
865,6648306
382,6648817
63,6648897
673,6649018
175,6649472
781,6649904
1036,6650174
967,6650175
25,6650257
1081,6650337
479,6650340
541,6650581
209,6650757
111,6651075
521,6651199
86,6651219
1134,6651458
693,6651474
177,6651781
542,6651853
1103,6652236
220,6652475
982,6652516
373,6652596
374,6652597
434,6652680
370,6652683
622,6652784
1073,6652917
980,6652953
981,6652954
982,6652955
1072,6653119
847,6653141
520,6653360
521,6653361
697,6653430
539,6653448
542,6653452
638,6653453
399,6653463
980,6653809
703,6653826
704,6653827
1072,6654215
169,6654328
1072,6654426
421,6654761
25,6654890
352,6655326
1107,6655422
479,6655535
75,6655744
693,6656038
780,6656110
904,6656269
419,6656271
372,6656346
500,6656451
81,6656639
191,6656732
576,6656736
201,6656802
169,6656826
204,6656890
589,6657095
590,6657096
368,6657097
274,6657174
274,6657194
904,6657304
690,6657344
448,6657726
697,6657821
198,6657898
589,6657918
396,6658534
1089,6658534
194,6658542
1041,6658662
828,6659138
829,6659139
520,6659230
955,6659320
828,6659420
829,6659421
274,6659765
56,6660063
57,6660064
965,6660095
62,6660121
411,6660121
168,6660210
59,6660258
270,6660275
92,6660291
941,6660304
1113,6660366
175,6660373
176,6660374
818,6660678
952,6661005
194,6661055
818,6661119
97,6661197
622,6661234
1047,6661662
270,6661703
289,6662113
521,6662169
154,6662206
269,6662532
270,6662533
523,6662563
524,6662564
209,6662590
847,6662622
383,6663013
192,6663043
274,6663091
197,6663377
980,6663913
847,6663984
500,6664031
567,6664453
568,6664454
479,6664459
274,6664640
261,6664693
1047,6665287
275,6665490
788,6665685
952,6666416
722,6666757
953,6666762
830,6666765
692,6666873
111,6666967
270,6667223
1081,6667324
955,6667589
722,6667784
59,6667864
952,6667865
198,6668040
655,6668361
286,6668395
370,6668705
153,6668748
383,6668782
194,6668804
255,6668927
781,6669189
520,6669305
141,6669325
445,6669425
122,6669439
191,6669531
192,6669532
1019,6669592
348,6669627
370,6669777
517,6670474
199,6670813
479,6670871
1041,6670887
866,6671418
361,6671443
204,6671566
692,6671730
941,6671822
693,6672134
274,6672337
209,6672350
1047,6672455
576,6672624
653,6672690
168,6673178
61,6673511
56,6673530
445,6673618
479,6673823
445,6673859
57,6673884
692,6673912
693,6673913
445,6673955
445,6674078
288,6674224
975,6674257
374,6674284
523,6674358
1098,6674455
965,6674509
386,6674513
964,6674519
965,6674520
975,6674891
976,6674892
526,6675112
1072,6675302
1134,6675306
692,6675667
829,6675681
394,6675794
61,6675863
175,6675971
270,6676080
274,6676084
539,6676151
383,6676340
197,6676449
445,6676837
604,6677221
479,6677283
373,6677793
374,6677794
967,6678140
674,6678165
568,6678274
830,6678403
541,6678554
711,6678645
1081,6678669
980,6678844
274,6678923
975,6678945
976,6678946
977,6678947
525,6679402
526,6679403
539,6679626
541,6679628
722,6679639
475,6679982
956,6680199
957,6680200
434,6680430
1047,6680528
1109,6680540
944,6680608
374,6680761
692,6680817
368,6680882
369,6680883
370,6680884
973,6681003
90,6681007
1047,6681081
1048,6681082
539,6681410
698,6681608
965,6681847
419,6682978
194,6683312
973,6683419
965,6683669
1104,6683671
965,6683834
386,6684174
965,6684215
289,6684258
81,6684311
169,6684345
688,6684663
630,6684847
447,6684973
688,6684996
1112,6685098
952,6685817
518,6686177
369,6686201
370,6686202
996,6686638
177,6686723
520,6686975
865,6687360
866,6687361
867,6687362
737,6687448
1113,6688064
194,6688087
1041,6688144
473,6688340
474,6688341
542,6688350
638,6688351
1041,6688437
698,6688692
274,6689421
973,6689657
419,6689762
230,6689763
231,6689764
1072,6689853
941,6690101
942,6690102
944,6690167
334,6690211
335,6690212
755,6690355
208,6690440
811,6690485
517,6690506
828,6690554
829,6690555
56,6690585
57,6690586
1047,6690733
558,6690772
559,6690773
828,6690818
829,6690819
274,6691457
543,6691759
544,6691760
270,6691809
994,6691816
528,6691839
953,6692024
722,6692553
716,6692565
717,6692566
59,6692664
830,6693072
269,6693317
697,6693353
698,6693354
1131,6693394
63,6693487
967,6694010
954,6694250
955,6694251
56,6694303
981,6694345
169,6694882
270,6694999
176,6695012
690,6695388
1073,6695525
541,6695551
26,6695556
270,6696051
57,6696145
191,6696212
904,6696283
993,6696648
542,6696658
622,6696697
192,6697169
193,6697170
1081,6697250
521,6697368
479,6697715
386,6697835
567,6697893
542,6698158
638,6698419
275,6698623
524,6698948
525,6698949
526,6698950
288,6699214
170,6699284
674,6699862
199,6699894
1097,6700094
1047,6700184
944,6700435
57,6700618
994,6701203
692,6701235
396,6701258
1089,6701258
176,6701436
693,6701514
541,6702131
953,6702176
191,6702413
973,6702568
25,6702630
195,6702770
528,6702855
595,6703239
692,6703303
96,6703365
973,6703390
975,6703392
976,6703393
977,6703394
196,6703463
197,6703464
1047,6703564
622,6703933
61,6703964
62,6703965
411,6703965
690,6704221
638,6704513
944,6704619
866,6704673
269,6704924
1047,6705048
994,6705072
995,6705073
996,6705074
976,6705099
977,6705100
847,6705194
270,6705504
274,6705653
1047,6705796
270,6705861
520,6706092
444,6706613
829,6706742
660,6706788
434,6706923
220,6706989
1072,6707116
690,6707370
111,6707470
61,6707923
62,6707924
411,6707924
275,6708087
288,6708388
201,6708405
274,6708411
275,6708412
830,6708498
638,6708566
1036,6708761
967,6708762
660,6708795
1097,6708845
420,6708846
864,6708935
539,6708988
447,6709264
448,6709265
956,6709401
957,6709402
169,6709576
870,6709599
170,6709639
171,6709640
368,6709848
383,6709933
87,6710109
952,6710233
169,6710710
170,6710711
994,6710822
995,6710823
996,6710824
690,6710926
542,6711403
521,6711404
1104,6711566
711,6712235
518,6712337
169,6712461
542,6712625
122,6712866
818,6713167
542,6713433
542,6713457
564,6713639
400,6713643
1131,6713652
542,6713657
638,6713658
722,6713771
847,6713992
1081,6714247
954,6714598
692,6714649
445,6714756
232,6714859
88,6714864
905,6715291
944,6715297
829,6715655
56,6715699
56,6715717
904,6715923
169,6715929
403,6716093
1099,6716101
559,6716174
942,6716228
270,6716255
953,6716993
177,6717074
178,6717075
542,6717700
559,6717709
520,6718308
175,6718313
176,6718314
566,6718385
567,6718386
544,6718618
690,6718903
692,6718905
829,6718916
269,6718949
517,6719057
26,6719077
199,6719083
191,6719099
566,6719123
567,6719124
568,6719125
191,6719201
812,6719369
813,6719370
953,6719478
1107,6719704
274,6720223
444,6720666
982,6720703
81,6720729
692,6720901
780,6721006
781,6721007
690,6721008
1134,6721411
866,6721421
867,6721422
953,6721502
520,6721526
571,6721570
96,6721905
952,6722071
401,6722213
539,6722625
97,6722887
447,6722957
847,6723058
61,6723148
62,6723149
411,6723149
539,6723619
274,6723774
270,6723800
1131,6723825
196,6724017
59,6724196
952,6724197
905,6724198
604,6724306
170,6724363
955,6724475
781,6724653
423,6724743
954,6724828
955,6724829
447,6725110
199,6725246
576,6725353
122,6725363
722,6725396
965,6725532
445,6725677
199,6726121
1098,6726171
965,6726345
204,6726453
673,6726488
270,6726577
736,6726635
737,6726636
965,6726662
1050,6726742
864,6726784
539,6726906
698,6727114
673,6727224
571,6727284
965,6727944
386,6728063
44,6728066
690,6728074
110,6728301
520,6728326
274,6728471
88,6728528
89,6728529
90,6728530
944,6728826
298,6729028
688,6729309
944,6729311
1110,6729772
1111,6729773
952,6729850
953,6729851
693,6730001
197,6730110
722,6730191
1081,6730310
1047,6730533
673,6730658
953,6730758
274,6731035
693,6731129
371,6731185
967,6731186
447,6731390
178,6731451
87,6731528
92,6731978
781,6732430
517,6733197
96,6733340
175,6733442
191,6733825
194,6733888
178,6733905
942,6733925
673,6733952
693,6734101
698,6734200
382,6734209
622,6734319
967,6734869
198,6734957
1041,6734969
847,6735193
1047,6735217
175,6735421
270,6735693
274,6735736
169,6736001
194,6736119
334,6736137
447,6736151
447,6736289
169,6736374
1047,6736460
955,6736640
382,6736876
372,6736878
1104,6736967
690,6737136
953,6737180
61,6737198
737,6737214
62,6737589
411,6737589
847,6737739
965,6738135
61,6738177
62,6738178
411,6738178
444,6738226
559,6738651
955,6739513
965,6739575
944,6739735
604,6739867
1098,6740140
865,6740568
941,6740578
1098,6740594
1047,6740742
1097,6740788
325,6740943
566,6741081
542,6741087
87,6741314
965,6741684
964,6741965
965,6741966
528,6742004
965,6742092
447,6742437
201,6742666
202,6742667
56,6742765
57,6742766
58,6742767
788,6742833
789,6742834
56,6742867
964,6743037
965,6743038
447,6743197
288,6743257
780,6743355
944,6743357
269,6743515
566,6743565
567,6743566
847,6744304
722,6744306
447,6744311
965,6744329
967,6744393
419,6744522
230,6744523
1134,6744777
559,6745041
829,6745148
866,6745300
867,6745301
868,6745302
169,6745398
965,6745678
659,6745898
447,6746002
698,6746055
421,6746135
422,6746136
386,6746178
542,6746476
521,6746477
478,6746478
604,6746771
944,6747085
956,6747093
980,6747441
567,6747569
568,6747570
169,6747774
170,6747775
62,6747812
411,6747812
698,6748026
942,6748356
270,6748422
444,6748522
445,6748523
690,6748628
88,6748708
89,6748709
90,6748710
175,6748845
169,6748950
141,6748967
125,6749264
944,6749518
61,6749934
421,6750006
830,6750165
967,6750276
541,6750318
542,6750319
1113,6750336
1114,6750337
394,6750608
395,6750609
274,6750866
275,6750867
192,6751189
396,6751288
1089,6751288
274,6751352
1090,6751355
374,6751371
539,6751415
541,6751417
386,6752044
444,6752483
288,6752972
651,6753056
86,6753069
867,6753361
90,6753378
194,6753446
1081,6753485
479,6753488
374,6753500
193,6753853
953,6753878
829,6753905
1047,6753955
370,6754047
722,6754063
692,6754072
693,6754073
191,6754391
97,6754631
722,6754715
447,6754926
944,6755019
56,6755534
57,6755535
543,6755580
544,6755581
905,6755631
57,6755738
58,6755739
59,6755740
952,6755741
994,6755870
780,6755953
286,6755989
287,6755990
419,6756117
61,6756408
62,6756409
411,6756409
444,6756673
604,6756725
401,6756924
758,6757144
953,6757524
994,6757553
904,6757850
520,6757893
517,6757964
372,6758106
412,6758109
444,6758503
445,6758635
275,6758711
169,6758854
517,6759359
96,6759376
722,6759625
812,6760007
813,6760008
382,6760022
168,6760195
692,6760202
693,6760203
177,6760214
1099,6760244
570,6760325
63,6760517
64,6760518
56,6760673
1072,6760958
192,6761318
523,6761631
56,6761696
447,6761992
448,6761993
956,6762016
957,6762017
169,6762253
170,6762254
63,6762404
64,6762405
122,6762452
122,6762477
864,6762743
558,6762823
559,6762824
517,6762928
1098,6763017
479,6763321
690,6763337
539,6763365
828,6763383
1134,6763572
571,6763660
558,6763672
169,6763780
59,6763835
542,6763943
638,6763944
269,6764373
697,6764493
698,6764494
941,6764637
400,6764690
1098,6764819
830,6764958
973,6765159
334,6765293
422,6765576
423,6765577
191,6765906
192,6765907
270,6765974
370,6766124
169,6766294
26,6766565
274,6766588
1081,6766790
175,6766951
153,6767016
270,6767043
673,6767081
528,6767097
288,6767687
63,6767773
965,6767987
1072,6768174
692,6768388
693,6768389
386,6768436
1101,6768505
269,6768563
275,6768587
521,6768660
541,6768934
673,6768996
197,6769092
980,6769124
269,6769323
589,6769413
590,6769414
722,6769477
1106,6769942
447,6770088
403,6770261
412,6770333
953,6770626
368,6771265
369,6771266
25,6771293
973,6771303
904,6771403
953,6771404
56,6771427
1108,6771437
804,6771529
61,6771628
197,6771976
967,6772103
975,6772113
976,6772114
977,6772115
231,6772139
1036,6772164
967,6772165
383,6772220
195,6772297
196,6772298
1104,6772343
175,6772645
176,6772646
604,6772679
541,6772692
965,6772714
660,6772946
965,6773079
374,6773095
270,6773295
638,6773517
994,6773716
673,6773813
541,6773883
122,6774163
1072,6774804
373,6775270
374,6775271
622,6775479
1090,6776928
474,6777034
87,6777036
542,6777518
952,6777642
1134,6777667
828,6777704
829,6777705
847,6777763
57,6777816
1106,6777855
758,6777929
692,6777942
693,6777943
25,6777979
88,6777984
89,6777985
90,6777986
1047,6778397
558,6778717
1047,6778747
1048,6778748
956,6778897
957,6778898
542,6778933
541,6779637
653,6779857
976,6779898
192,6779950
942,6780095
434,6780192
1106,6780212
325,6780361
56,6780586
57,6780587
87,6780788
541,6781313
917,6781532
847,6781567
274,6781591
382,6781688
383,6781689
1081,6781809
523,6781812
558,6782329
571,6782496
372,6783122
63,6783125
1134,6783296
199,6783605
558,6784007
445,6784842
202,6785097
941,6785218
447,6785243
448,6785244
361,6785282
982,6785288
973,6785318
952,6785509
422,6785806
544,6785857
96,6785903
541,6785919
758,6785969
847,6786342
368,6786426
543,6786498
544,6786499
905,6786541
1048,6786564
56,6786812
122,6786858
500,6786861
559,6787206
1101,6787258
1134,6787261
965,6787364
1104,6787366
690,6787396
692,6787398
400,6787674
298,6788130
57,6788170
828,6788318
829,6788319
1134,6788380
87,6788638
1106,6788722
1107,6788723
396,6788756
1089,6788756
394,6789100
25,6789109
1072,6789249
445,6789291
373,6789378
693,6790156
25,6790369
58,6790503
370,6790810
445,6791121
964,6791500
141,6791655
197,6791830
942,6792010
722,6792016
382,6792174
336,6792555
905,6792748
693,6793210
1131,6793307
576,6793360
964,6793406
111,6793484
90,6793851
528,6793919
260,6793950
261,6793951
191,6794000
542,6794057
710,6794258
674,6794472
604,6794834
864,6795056
447,6795232
722,6795260
122,6795281
449,6795490
952,6795784
177,6796065
480,6796083
1134,6796102
528,6796201
141,6796515
559,6797049
952,6797071
288,6797091
965,6797126
967,6797265
788,6797408
286,6797599
177,6797673
1134,6798294
722,6798335
288,6798347
878,6798486
254,6798738
479,6798819
480,6798820
421,6799349
478,6799866
479,6799867
942,6799891
444,6799918
1134,6800040
874,6800137
956,6800339
526,6800363
61,6800408
62,6800409
411,6800409
542,6800833
638,6800834
604,6801622
474,6801642
197,6802404
1072,6802542
175,6803119
192,6803125
479,6803191
63,6803205
570,6803272
270,6803366
693,6803836
288,6804145
576,6804289
445,6804324
956,6804400
201,6804518
202,6804519
604,6804582
191,6804651
965,6804732
1104,6804734
421,6805296
111,6805375
56,6805382
286,6805384
479,6805416
977,6805657
445,6805757
479,6805786
870,6806216
177,6806286
386,6806326
201,6806354
372,6806449
288,6806633
289,6806634
383,6806865
539,6806960
541,6806962
1099,6806983
942,6806992
965,6807149
87,6807443
198,6807497
57,6807615
474,6807747
169,6808004
255,6808038
1107,6808381
716,6809101
717,6809102
952,6809370
455,6809558
382,6810315
479,6810349
659,6810732
1104,6810804
474,6810868
828,6810918
829,6810919
541,6811255
342,6811397
711,6811445
403,6812026
955,6812094
1050,6812272
942,6812399
704,6812435
447,6812491
274,6812705
444,6812807
445,6812808
122,6812930
447,6813019
382,6813180
967,6813182
57,6813249
197,6813450
847,6813918
209,6813977
447,6814227
111,6814340
192,6814493
520,6814918
111,6815474
564,6815571
111,6815766
445,6815997
781,6816046
830,6816124
1101,6816347
942,6816446
254,6816511
178,6816584
382,6816863
444,6816921
942,6817107
690,6817109
386,6817469
1134,6817782
175,6817823
1134,6817885
967,6817906
692,6817909
474,6817915
202,6817941
539,6818208
274,6818286
88,6818292
89,6818293
994,6818548
288,6818575
25,6818587
445,6818841
191,6818851
270,6819069
692,6819219
964,6819252
976,6819274
977,6819275
191,6819362
692,6819374
870,6819570
965,6819673
595,6819687
171,6819759
122,6819898
638,6819980
673,6820016
270,6820135
692,6820474
604,6820656
981,6820892
383,6821232
576,6821425
652,6821645
567,6821655
568,6821656
569,6821657
570,6821658
905,6821732
201,6821778
421,6821923
541,6821948
542,6821949
419,6821962
539,6821999
370,6822366
1134,6822503
447,6822641
690,6822740
692,6822742
1073,6822806
904,6822904
88,6823000
89,6823001
57,6823145
197,6823377
196,6823545
197,6823546
692,6823555
196,6823822
1113,6823903
829,6823928
197,6824245
673,6824400
977,6824557
944,6824703
673,6824733
830,6824747
953,6824989
57,6824997
965,6825014
697,6825353
275,6825357
904,6825397
269,6825420
1110,6825454
1111,6825455
864,6825662
690,6825858
175,6826030
192,6826049
192,6826239
1121,6826429
942,6826773
192,6826821
780,6826882
781,6826883
1108,6827014
1109,6827015
866,6827052
1110,6827095
1111,6827096
197,6827148
176,6827219
542,6827269
638,6827270
92,6827280
630,6827462
56,6827497
57,6827498
1134,6827510
542,6827530
194,6827574
192,6827688
1041,6827735
1121,6827835
520,6827877
638,6827878
847,6827881
541,6828054
197,6828081
521,6828196
981,6828430
982,6828431
334,6828438
1103,6828458
917,6828921
348,6829060
781,6829064
975,6829143
170,6829161
169,6829475
570,6829599
168,6829732
348,6829792
993,6830012
828,6830214
829,6830215
829,6830400
878,6830477
175,6830578
176,6830579
965,6830883
175,6830890
566,6831036
567,6831037
568,6831038
110,6831092
1072,6831105
1073,6831106
154,6831126
1097,6831167
420,6831168
1098,6831332
528,6831581
386,6831777
368,6831817
870,6831847
528,6832004
905,6832020
780,6832232
25,6832333
479,6832372
866,6832651
867,6832652
1081,6832677
444,6832752
523,6832881
1041,6833144
564,6833538
111,6833662
780,6833880
1112,6834017
434,6834031
370,6834034
254,6834055
604,6834190
370,6834389
449,6834456
450,6834457
286,6834484
141,6834623
1072,6834804
169,6834828
1106,6835037
383,6835168
692,6835270
382,6835603
383,6835604
386,6835607
270,6835698
274,6835702
275,6835703
710,6835729
192,6835825
788,6835863
953,6835910
399,6836005
400,6836006
447,6836110
558,6836169
559,6836170
660,6836213
674,6836261
675,6836262
676,6836263
286,6836419
287,6836420
288,6836421
178,6836518
275,6836591
412,6836758
953,6836963
559,6837126
576,6837200
994,6837253
874,6837279
96,6837479
980,6837486
758,6837704
674,6838152
1098,6838314
541,6838498
152,6838592
175,6838821
373,6838934
158,6839001
693,6839084
716,6839102
717,6839103
980,6839146
520,6839291
967,6839437
288,6839610
1047,6839697
1048,6839698
286,6839720
274,6839872
622,6839895
480,6840204
400,6840229
722,6840369
1047,6840384
690,6840451
688,6840705
944,6840707
944,6840726
348,6840840
576,6841009
576,6841027
996,6841098
955,6841198
943,6841230
944,6841231
1019,6841351
864,6841375
1134,6841528
169,6841548
170,6841549
702,6841603
703,6841604
704,6841605
1047,6841627
489,6841683
994,6841917
995,6841918
996,6841919
698,6842047
336,6842115
674,6842518
25,6842552
941,6843079
693,6843179
89,6843268
1110,6843714
1073,6843813
870,6844008
198,6844244
944,6844560
847,6844682
965,6844892
421,6844960
192,6845001
56,6845072
965,6845153
866,6845268
86,6845515
87,6845516
88,6845517
89,6845518
676,6845595
953,6846030
690,6846104
97,6846114
942,6846190
57,6846828
178,6847139
372,6847216
58,6847629
177,6847942
847,6848152
125,6848491
81,6848707
964,6849173
965,6849174
474,6849188
269,6849451
668,6849683
1134,6849906
559,6849927
1134,6850438
541,6850755
88,6850824
539,6851113
941,6851308
942,6851309
964,6851440
965,6851441
674,6851465
269,6851686
396,6851687
1089,6851687
1047,6851799
1097,6851920
638,6851952
541,6851983
542,6851984
1131,6851999
478,6852187
944,6852247
288,6852344
447,6852479
168,6852710
169,6852711
197,6852842
168,6852857
348,6852986
200,6853091
201,6853092
202,6853093
275,6853163
175,6853224
993,6853458
275,6853488
688,6853772
445,6853789
865,6853887
866,6853888
90,6853951
673,6853982
567,6854368
994,6854429
1134,6854628
289,6854726
754,6854936
994,6855034
942,6855074
829,6855184
690,6855883
981,6856197
982,6856198
447,6856352
622,6856426
623,6856427
944,6856665
79,6857268
195,6857802
25,6857807
973,6857830
1134,6857877
1041,6857899
175,6857940
288,6857950
479,6858157
692,6858329
866,6858465
847,6858493
542,6858592
810,6858635
445,6858674
674,6858730
1047,6858749
941,6858789
942,6858790
566,6858853
567,6858854
110,6858926
523,6859002
829,6859972
758,6860293
275,6860304
967,6860336
57,6860531
374,6861159
399,6861177
954,6861322
829,6861570
692,6862407
651,6862418
781,6862599
192,6862931
196,6862954
865,6863007
956,6863190
61,6863233
604,6863790
1041,6863794
965,6863936
168,6863950
169,6863951
754,6864190
564,6864196
539,6864726
955,6864731
956,6864732
957,6864733
905,6864974
57,6864977
198,6865288
175,6865378
905,6865471
197,6865696
828,6865714
270,6865852
567,6866122
1041,6866204
952,6866443
568,6866630
569,6866631
570,6866632
1107,6866731
523,6867059
524,6867060
525,6867061
1072,6867159
967,6867190
829,6867201
337,6867243
169,6867642
722,6867662
904,6867901
568,6867945
904,6868078
96,6868212
722,6868437
866,6868563
209,6868619
904,6868646
570,6868747
479,6868787
571,6868908
710,6868929
1047,6868998
260,6869546
1112,6870004
1134,6870039
674,6870203
953,6870293
194,6870389
195,6870390
698,6870521
692,6870759
88,6870819
89,6870820
1047,6871057
25,6871156
194,6871221
1047,6871519
559,6872982
542,6873202
111,6873434
542,6873805
736,6873852
386,6873924
168,6874148
169,6874149
170,6874150
541,6874500
542,6874501
196,6874718
445,6875293
478,6875410
56,6875675
57,6875676
403,6875719
269,6876332
270,6876333
622,6876505
274,6876688
447,6876692
478,6876991
590,6877095
368,6877096
369,6877097
122,6877203
25,6877300
177,6877338
178,6877339
698,6877340
710,6877546
994,6877573
1047,6877582
61,6877648
444,6877793
444,6878303
652,6878440
111,6878625
692,6878647
954,6878734
965,6878878
1104,6878880
973,6878889
965,6878933
170,6879008
57,6879050
201,6879086
1072,6879151
526,6879277
1131,6880125
1047,6880245
361,6880344
969,6880489
716,6880521
692,6880621
965,6880937
830,6880949
994,6881096
542,6881301
638,6881302
169,6881511
692,6881614
688,6881947
1081,6882006
445,6882150
1095,6882846
955,6882873
201,6882981
1072,6882994
209,6883140
994,6883241
56,6883405
96,6884000
382,6884187
953,6884310
781,6884331
690,6884332
178,6884488
698,6884489
191,6884517
325,6885362
56,6885433
781,6885954
905,6886199
194,6886263
195,6886264
818,6886326
722,6886350
58,6886523
25,6886550
828,6886597
1131,6886915
260,6887109
125,6887397
1072,6887439
1081,6887861
1134,6888074
520,6888532
1113,6888553
559,6888658
652,6888819
199,6889027
270,6889064
153,6889104
722,6889560
1047,6889619
1048,6889620
953,6889661
954,6889662
1012,6889826
541,6889912
542,6889913
722,6890172
980,6890451
564,6890483
818,6890705
479,6890832
370,6891221
904,6891394
996,6891589
177,6891692
1110,6891771
199,6891835
1081,6891934
193,6891935
194,6891936
1047,6892041
87,6892080
517,6892218
1098,6892232
90,6892422
479,6892498
122,6892579
953,6892628
967,6892878
673,6892990
674,6892991
175,6893048
176,6893049
828,6893091
943,6893313
570,6893329
44,6893442
622,6893569
86,6893608
87,6893609
566,6894030
567,6894031
568,6894032
944,6894244
89,6894491
286,6894756
1107,6894779
141,6894976
96,6895047
638,6895264
541,6895462
542,6895463
690,6895530
638,6896255
26,6896291
177,6896473
604,6896508
622,6896554
274,6896682
1134,6896781
177,6896800
178,6896801
25,6896897
697,6897036
394,6897072
604,6897231
270,6897242
169,6897315
539,6897731
275,6897852
951,6898037
952,6898038
953,6898039
521,6898049
478,6898050
288,6898257
818,6898493
208,6898551
1047,6898601
1048,6898602
394,6898781
395,6898782
478,6899001
697,6899369
25,6899403
298,6899998
967,6900433
111,6901086
940,6901224
175,6901289
175,6901539
386,6901594
386,6901875
994,6901882
445,6902012
175,6902177
57,6902314
1081,6902619
973,6902745
348,6902792
692,6903425
480,6903427
688,6903614
169,6903684
942,6903737
274,6903743
275,6903744
1073,6903826
1072,6904059
1073,6904060
1072,6904075
1073,6904076
653,6904082
789,6904276
110,6904345
111,6904346
191,6904789
829,6904981
818,6905116
956,6905220
1081,6906008
1073,6906558
866,6906855
867,6906856
973,6907131
529,6907368
447,6907489
448,6907490
520,6907626
175,6907690
829,6907975
175,6908002
64,6908105
1134,6908582
178,6908721
955,6908935
710,6908984
944,6909031
445,6909108
154,6909562
690,6909619
651,6909750
478,6909811
1047,6910034
541,6910130
688,6910476
905,6910570
698,6910647
1134,6910824
942,6910863
692,6911010
445,6911105
994,6911125
995,6911126
996,6911127
96,6911384
191,6911456
192,6911457
967,6911619
1104,6911795
1106,6911797
692,6911896
693,6911897
1113,6912107
1114,6912108
1111,6912247
981,6912305
61,6912407
62,6912408
411,6912408
286,6912561
1106,6912596
1107,6912597
1108,6912598
197,6912639
904,6912861
61,6912986
62,6912987
411,6912987
830,6913388
693,6914067
904,6914135
1104,6914388
275,6914538
175,6914570
698,6914746
196,6914809
570,6915266
571,6915267
343,6915580
942,6915648
260,6916234
688,6916236
847,6916253
202,6916408
274,6916441
542,6916618
26,6916747
170,6917117
604,6917380
1047,6917481
288,6917509
830,6917590
956,6917670
994,6917752
111,6917805
954,6917931
386,6918074
64,6918444
692,6918494
693,6918495
25,6918568
1134,6918650
444,6918724
480,6918929
382,6919232
904,6919370
722,6919451
754,6919470
692,6919847
419,6919944
1098,6919945
758,6920586
994,6920675
755,6920682
711,6920767
57,6921043
194,6921080
604,6921108
191,6921637
86,6921643
977,6921788
1097,6922029
420,6922030
421,6922031
692,6922172
270,6922182
1106,6922198
942,6922261
260,6922352
370,6922376
371,6922377
967,6922378
122,6922446
44,6922476
275,6922611
690,6922722
194,6923008
288,6923015
651,6923275
576,6923346
539,6923602
847,6923681
830,6923937
572,6924263
692,6924499
693,6924500
208,6924515
209,6924516
673,6924869
674,6924870
589,6925184
197,6925363
361,6925418
1047,6925519
474,6925599
692,6925610
474,6925637
710,6925721
270,6926059
1047,6926079
1048,6926080
994,6926282
980,6926604
673,6926825
674,6926826
141,6926852
348,6926865
370,6926943
541,6927231
692,6927235
169,6927268
170,6927269
275,6927273
558,6927321
559,6927322
753,6927488
866,6927573
1104,6927660
541,6927770
270,6927885
526,6928411
517,6928747
674,6928780
444,6929175
445,6929176
523,6929186
955,6929258
688,6929301
904,6929357
788,6929495
88,6929509
89,6929510
576,6929554
382,6929666
967,6929668
447,6929704
1097,6929865
230,6929866
567,6929885
690,6930037
818,6930192
152,6930364
153,6930365
956,6930464
957,6930465
559,6930730
274,6930818
1047,6930826
56,6930859
1112,6931172
953,6931323
542,6931458
638,6931459
191,6931492
692,6931597
558,6931658
559,6931659
830,6932271
1041,6932329
964,6932421
829,6932566
830,6932567
953,6932825
993,6933050
994,6933051
673,6933085
175,6933479
288,6933645
953,6933724
129,6933791
758,6933985
56,6934005
698,6934203
421,6934229
564,6934243
455,6934258
542,6934295
56,6934318
830,6934420
197,6934480
541,6934494
542,6934495
521,6934496
781,6934536
1099,6934755
789,6934763
994,6934823
693,6934965
539,6935202
541,6935204
489,6935256
830,6935506
125,6935695
952,6935937
56,6936150
199,6936406
200,6936407
847,6936561
111,6936699
692,6936778
419,6936792
56,6937467
57,6937468
1134,6937491
171,6937632
1072,6938123
541,6938154
789,6938330
828,6938348
847,6938478
64,6938637
692,6938660
693,6938661
638,6939211
81,6939605
692,6940021
829,6940323
220,6940511
529,6940662
125,6940695
1114,6941062
559,6941138
560,6941139
286,6941365
287,6941366
288,6941367
1073,6941478
1073,6941519
530,6941604
86,6941635
566,6941838
567,6941839
111,6941894
286,6941908
788,6942108
489,6942369
177,6942395
198,6942832
169,6942939
275,6943069
191,6943350
192,6943351
193,6943352
1134,6943536
87,6943593
447,6943594
448,6943595
175,6943744
370,6944346
178,6944483
170,6944624
541,6944727
168,6944746
177,6944839
178,6944840
674,6944848
965,6944911
86,6944997
87,6944998
528,6945105
1036,6945210
372,6945211
373,6945212
374,6945213
804,6945640
154,6946164
1106,6946264
877,6946313
176,6946315
372,6946882
944,6946978
529,6947244
697,6947515
710,6947530
220,6947751
812,6947942
813,6947943
192,6948012
62,6948305
411,6948305
569,6948318
973,6948374
660,6948388
194,6948436
286,6948531
191,6948575
956,6948803
956,6948938
500,6949245
169,6949344
710,6949491
1018,6949525
558,6949594
559,6949595
944,6949855
905,6950031
1036,6950056
372,6950057
373,6950058
374,6950059
722,6950180
202,6950296
286,6950476
520,6950599
175,6950633
56,6950680
111,6950698
154,6950759
847,6950887
88,6950977
866,6951094
867,6951095
865,6951312
62,6951453
411,6951453
1098,6951489
1134,6951498
829,6951603
690,6951683
711,6951814
904,6952611
994,6952802
56,6952820
286,6952822
287,6952823
944,6952972
904,6953546
170,6953661
1019,6954000
445,6954086
520,6954247
1072,6954272
274,6954388
447,6954465
1047,6954680
965,6954816
1072,6954869
966,6955356
967,6955357
942,6956308
196,6956380
474,6956448
1008,6956538
569,6956541
559,6956549
1106,6956779
169,6956802
81,6956994
866,6957117
867,6957118
255,6957458
61,6957548
368,6957801
659,6958306
660,6958307
518,6958391
570,6958566
61,6958924
175,6959200
1047,6959689
622,6959726
86,6960112
1107,6960162
1108,6960163
1108,6960260
25,6960849
638,6960902
177,6960980
154,6961586
90,6961847
1134,6962344
1104,6962358
197,6962379
604,6962485
518,6962499
866,6962639
1047,6962763
192,6962779
940,6962866
572,6963328
944,6963834
847,6963840
524,6963844
192,6964014
604,6964038
818,6964143
976,6964189
865,6964274
622,6964367
480,6964605
1047,6964674
1050,6964794
693,6964823
196,6964899
197,6964900
275,6964970
141,6965188
386,6965489
178,6965596
698,6965597
1047,6965748
270,6966011
1134,6966043
980,6966091
526,6966242
138,6966340
690,6966466
1041,6966533
952,6966625
178,6966760
994,6966907
865,6967403
559,6967423
847,6967557
693,6967560
526,6967583
804,6967765
288,6967911
169,6967965
26,6968018
973,6968405
980,6968559
967,6968622
445,6968736
447,6968738
576,6969309
916,6969929
918,6969930
520,6970013
1134,6970041
996,6970077
804,6970211
138,6970404
122,6970542
942,6970778
230,6970782
195,6970993
202,6971040
394,6971131
818,6971180
274,6971254
275,6971255
382,6971289
1104,6971291
1106,6971293
1107,6971294
192,6971299
976,6971331
977,6971332
688,6971623
25,6971714
1098,6971954
175,6972046
847,6972380
1073,6972435
1134,6972797
604,6972807
722,6972976
434,6973202
175,6973303
288,6973340
830,6973484
197,6973650
818,6973823
1134,6973864
541,6973967
122,6974042
980,6974070
1073,6974185
1134,6974189
370,6974712
965,6974881
474,6975001
194,6975052
254,6975500
976,6975590
977,6975591
604,6975687
980,6975840
981,6975841
994,6976195
828,6976350
829,6976351
479,6976486
231,6976621
690,6976709
847,6976929
111,6976981
61,6977062
92,6977252
122,6977262
191,6977631
270,6977960
1047,6977972
571,6977979
25,6977986
370,6978092
324,6978124
994,6978128
995,6978129
996,6978130
940,6978221
975,6978483
976,6978484
977,6978485
830,6978591
576,6978842
698,6978941
673,6979075
674,6979076
60,6979250
676,6979450
965,6979728
676,6979804
474,6980064
110,6980223
1106,6980499
1047,6980632
191,6980727
690,6980913
274,6980950
965,6981038
169,6981056
201,6981070
866,6981090
867,6981091
122,6981300
194,6981422
195,6981423
196,6981424
919,6981901
420,6982114
421,6982115
692,6982614
1104,6982639
1041,6982690
847,6982715
544,6983159
1106,6983181
399,6983242
400,6983243
830,6983355
1047,6983379
1048,6983380
576,6983413
92,6983678
1134,6983708
1050,6983937
870,6984104
566,6984287
286,6984295
830,6984359
96,6984439
61,6984547
62,6984548
411,6984548
56,6984719
57,6984720
175,6985213
944,6985220
175,6985324
965,6985406
1008,6985673
944,6986099
904,6986366
952,6986426
981,6986540
542,6986556
638,6986557
61,6986593
62,6986594
411,6986594
955,6986658
976,6986694
977,6986695
61,6986866
62,6986867
411,6986867
944,6987360
59,6987489
60,6987490
559,6987510
788,6987539
26,6987855
828,6988210
403,6988593
967,6988712
1134,6988742
993,6989000
788,6989003
56,6989243
325,6989250
967,6989454
1134,6989481
993,6989683
1073,6990029
420,6990329
334,6990551
209,6990965
1008,6991056
61,6991228
62,6991229
411,6991229
559,6991232
456,6991247
1041,6991543
87,6992285
1072,6992547
942,6992626
447,6992678
690,6992757
382,6992933
383,6992934
56,6993010
57,6993011
58,6993012
195,6993087
111,6993095
993,6993275
994,6993276
995,6993277
1134,6993296
444,6993381
818,6993437
855,6993856
1108,6993924
818,6994196
567,6994237
865,6994319
980,6994332
539,6994424
196,6994456
197,6994457
96,6995738
168,6995962
693,6996129
1107,6996279
1108,6996280
168,6996726
445,6996823
577,6997067
270,6997103
638,6997324
543,6997354
566,6997382
567,6997383
692,6997387
59,6997396
973,6997473
521,6997541
478,6997542
394,6997741
944,6998332
383,6998646
1134,6998694
169,6998850
566,6998875
688,6999134
25,6999421
26,6999422
175,6999494
781,6999596
690,6999597
1050,6999758
1121,6999855
980,6999873
200,7000358
201,7000359
479,7000479
604,7000832
255,7000991
952,7001166
87,7001238
975,7001266
976,7001267
977,7001268
90,7001274
56,7001474
57,7001475
1098,7001796
1103,7002181
566,7002322
567,7002323
517,7002373
420,7002588
111,7002866
954,7003159
955,7003160
559,7003308
688,7003490
567,7003769
571,7003955
566,7004044
567,7004045
651,7004078
125,7004179
904,7004277
1073,7004662
980,7004910
447,7004980
168,7005044
169,7005045
196,7005137
197,7005138
703,7005199
704,7005200
154,7005292
595,7005691
325,7005754
63,7005796
412,7005823
348,7005926
905,7006037
110,7006084
673,7006161
674,7006162
1047,7006364
195,7006546
996,7006563
967,7006792
874,7006909
973,7007063
818,7007120
176,7007195
1113,7007309
1047,7007656
542,7007994
542,7008073
638,7008074
804,7008299
1009,7009334
818,7009455
944,7009710
90,7010467
325,7010471
523,7010573
474,7010894
780,7011311
175,7011375
97,7011389
111,7011593
518,7011652
956,7012076
943,7012346
980,7012456
954,7012572
62,7012805
411,7012805
25,7012942
867,7013007
692,7013058
1050,7013171
56,7013222
525,7013232
152,7013322
955,7013353
274,7013457
953,7013693
1047,7014122
275,7014419
1106,7014477
274,7014615
275,7014616
202,7014668
517,7014706
518,7014707
697,7014921
667,7014941
368,7015232
1106,7015256
1107,7015257
622,7015295
862,7015694
863,7015695
588,7015760
122,7015981
847,7016120
668,7016136
993,7016383
336,7016459
89,7016572
171,7016869
847,7017093
539,7017219
904,7017800
518,7017926
1090,7017927
690,7018071
692,7018073
558,7018127
559,7018128
688,7018383
981,7018618
715,7018914
1036,7018978
967,7018979
382,7019016
194,7019289
998,7019356
324,7019357
692,7019974
539,7020184
541,7020186
722,7020268
1047,7020608
288,7020646
270,7020700
175,7020932
62,7021211
411,7021211
622,7021456
623,7021457
175,7021507
1121,7022481
25,7022558
26,7022559
941,7022826
722,7023275
829,7023323
576,7023348
558,7023470
334,7023510
57,7024151
58,7024152
1072,7024356
1073,7024357
866,7024406
867,7024407
975,7024409
976,7024410
977,7024411
177,7024745
904,7024869
419,7024958
420,7024959
421,7024960
595,7024992
520,7025259
521,7025260
1050,7025432
652,7025440
993,7025992
828,7026153
829,7026154
559,7026210
169,7026384
722,7026901
697,7026959
1047,7027042
722,7027062
191,7027135
995,7027320
996,7027321
1047,7027359
1106,7027493
1107,7027494
26,7027515
1100,7027524
394,7028154
975,7028594
976,7028595
977,7028596
722,7028658
828,7028841
939,7028996
940,7028997
541,7029205
542,7029206
399,7029392
400,7029393
847,7029403
638,7029561
559,7029601
89,7029845
980,7030082
60,7030355
194,7030407
847,7030472
781,7030714
87,7030830
171,7031190
1134,7031484
780,7031650
944,7031652
964,7031818
382,7031914
904,7032130
450,7032351
590,7032391
368,7032392
194,7032627
994,7032917
690,7032921
788,7033072
56,7033080
788,7033625
994,7033644
995,7033645
996,7033646
847,7034028
698,7034134
110,7034343
524,7034742
175,7034904
780,7034910
692,7034996
865,7035042
980,7035261
220,7035533
221,7035534
529,7035615
703,7035673
704,7035674
697,7035696
953,7036168
722,7036242
1047,7036381
1113,7036597
386,7036637
120,7036748
630,7036869
444,7037187
604,7037252
59,7037315
652,7037519
232,7037757
1121,7037765
56,7037856
965,7037875
399,7038389
260,7038823
804,7038977
64,7038995
558,7039044
559,7039045
980,7039112
231,7039114
479,7039508
480,7039509
790,7039914
177,7039980
61,7040028
62,7040029
411,7040029
412,7040030
87,7040497
737,7040838
622,7041119
623,7041120
262,7041245
196,7041768
231,7041954
81,7042351
399,7042538
400,7042539
401,7042540
1098,7042647
1099,7042648
382,7042970
711,7042986
368,7043432
412,7043448
191,7043478
286,7043583
994,7043834
539,7043840
526,7044363
479,7044621
169,7044719
870,7044830
1047,7045221
993,7045256
788,7045259
175,7045317
171,7045470
917,7045627
917,7045628
994,7045941
995,7045942
996,7045943
964,7046016
543,7046142
1041,7047035
673,7047151
690,7047421
956,7047804
698,7048093
904,7048293
847,7048300
917,7048517
917,7048518
286,7048626
722,7048687
526,7048934
604,7049139
61,7049686
62,7049687
411,7049687
698,7049755
673,7049889
674,7049890
60,7050064
676,7050264
965,7050542
676,7050618
866,7050870
867,7050871
87,7050969
88,7050970
89,7050971
524,7051160
255,7051440
847,7051460
421,7051772
403,7051890
1134,7052271
274,7052375
541,7052493
542,7052494
170,7052502
89,7052640
539,7052668
604,7052696
559,7052788
830,7052860
1047,7053076
1041,7053291
830,7053405
847,7053680
953,7053872
954,7053873
955,7053874
956,7053875
957,7053876
955,7053911
1047,7054010
201,7054056
61,7054194
62,7054195
411,7054195
710,7054577
847,7054710
996,7054910
199,7054949
169,7054993
25,7055186
692,7055401
693,7055402
361,7055404
62,7055563
411,7055563
434,7055646
61,7055730
260,7055770
951,7055777
952,7055778
847,7055826
944,7056203
867,7056274
1113,7056369
622,7056892
198,7056955
576,7057029
348,7057411
56,7057781
57,7057782
1121,7057813
370,7057913
169,7058195
994,7058443
818,7058549
622,7058635
994,7058800
370,7059002
942,7059055
904,7059112
361,7059135
122,7059154
270,7059179
570,7059292
692,7059432
455,7059533
192,7059741
942,7059912
479,7060570
62,7060581
411,7060581
111,7060739
1081,7060764
570,7060774
638,7060899
956,7060995
957,7060996
220,7061166
566,7061280
567,7061281
568,7061282
1072,7061412
1072,7062069
942,7062250
622,7062261
904,7062522
1106,7062693
1107,7062694
1106,7062933
1107,7062934
517,7062943
528,7063146
400,7063248
56,7063321
197,7063376
141,7063449
56,7063817
652,7064189
905,7064442
125,7064814
1036,7065008
967,7065009
400,7065356
401,7065357
325,7065386
200,7065623
964,7065657
62,7065878
411,7065878
274,7066704
688,7066972
194,7067002
195,7067003
343,7067576
399,7067631
400,7067632
175,7067648
1008,7067653
520,7067685
521,7067686
692,7067746
419,7067771
125,7067881
954,7068047
941,7068111
396,7068395
1089,7068395
1090,7068396
1101,7068538
270,7068545
386,7068727
177,7068753
191,7068864
192,7068865
975,7069069
976,7069070
977,7069071
87,7069122
818,7069128
196,7069268
1131,7069302
638,7069397
576,7069481
96,7069542
697,7069808
169,7070016
1047,7070209
200,7070463
422,7070636
590,7070744
692,7070861
196,7070950
197,7070951
953,7071170
176,7071298
940,7071308
1072,7071652
444,7071701
445,7071702
197,7071784
270,7071886
191,7072034
270,7072141
1081,7072170
56,7072339
566,7072440
567,7072441
568,7072442
754,7072683
81,7072722
1110,7072750
517,7072824
198,7073091
445,7073114
334,7073210
703,7073642
704,7073643
274,7073675
275,7073676
275,7074206
369,7074346
288,7074708
866,7074829
270,7075242
570,7075267
1098,7075403
804,7075436
370,7075878
590,7075989
368,7075990
975,7076147
976,7076148
977,7076149
973,7076351
673,7076421
479,7076742
419,7076864
1098,7076865
865,7076952
122,7076997
200,7077077
201,7077078
202,7077079
570,7077336
1104,7077549
198,7077705
542,7077787
63,7077802
447,7077915
722,7078040
940,7078050
1063,7078269
1064,7078270
604,7078344
606,7078441
944,7078527
967,7078574
192,7078596
941,7078609
81,7078883
56,7079187
122,7079304
866,7079365
25,7079425
965,7079514
63,7079761
56,7079875
1072,7080504
25,7080697
980,7080717
421,7080719
722,7080740
1072,7080767
500,7081038
270,7081123
518,7081321
542,7081693
1047,7082062
559,7082222
196,7082234
197,7082235
818,7082553
692,7082646
693,7082647
58,7082702
208,7082989
651,7083350
479,7083532
254,7083629
255,7083630
1104,7083716
566,7084150
567,7084151
568,7084152
517,7084495
270,7084511
448,7085107
168,7085149
478,7085217
275,7085745
1121,7085849
175,7085862
261,7085883
254,7085911
270,7086194
866,7086215
867,7086216
209,7086341
566,7086685
567,7086686
564,7086740
953,7086791
169,7086804
692,7086894
25,7087019
177,7087230
178,7087231
521,7087428
539,7087602
622,7087712
904,7087921
737,7087983
169,7088120
1081,7088130
192,7088200
168,7088321
125,7088351
447,7088409
448,7088410
56,7088987
286,7089226
1134,7089296
254,7089408
651,7089612
542,7089658
1047,7089921
829,7090007
790,7090232
199,7090418
200,7090419
528,7090483
693,7090496
191,7090583
192,7090584
87,7090640
447,7090641
539,7090684
361,7090831
559,7091199
560,7091200
59,7091526
952,7091527
1072,7091691
1098,7091999
693,7092133
175,7092420
711,7092571
141,7092939
829,7093269
590,7093475
942,7093625
196,7094150
479,7094198
176,7094338
956,7094341
456,7094451
298,7094701
158,7094840
941,7094890
942,7094891
447,7094987
693,7095044
386,7095071
1098,7095261
953,7095422
370,7095886
1072,7095932
544,7096477
1106,7096691
965,7096803
479,7096880
480,7096881
342,7096970
567,7097134
57,7097382
1134,7097982
1047,7098040
450,7098089
401,7098210
1134,7098300
993,7098531
1081,7098968
570,7099156
692,7099479
456,7099674
904,7099730
659,7100537
781,7101103
1134,7101146
964,7101272
518,7101453
942,7101522
566,7101968
567,7101969
568,7101970
1134,7102309
956,7102314
270,7102332
445,7102534
605,7102834
1081,7102912
199,7103089
521,7103175
154,7103235
572,7103398
383,7103439
447,7103441
448,7103442
348,7103516
288,7103601
62,7103735
411,7103735
444,7103805
1113,7103901
1074,7103903
1075,7103904
141,7104285
201,7104406
1048,7104550
199,7104577
520,7104692
521,7104693
478,7104694
1100,7104961
198,7104981
371,7105170
372,7105171
697,7105396
651,7105659
111,7105819
122,7106120
965,7106125
829,7106132
905,7106172
690,7106435
722,7106465
400,7106520
401,7106521
1104,7106556
866,7106786
604,7106896
191,7107091
541,7107100
944,7107296
1134,7107329
973,7107574
994,7107629
956,7107784
957,7107785
1113,7107871
980,7107892
804,7107901
176,7108133
996,7108331
722,7108525
208,7108613
209,7108614
541,7108809
274,7108882
394,7108978
191,7109063
866,7109181
1134,7109279
175,7109287
141,7109439
382,7109648
693,7109740
1041,7110069
638,7110186
847,7110189
865,7110391
539,7110601
81,7110652
369,7110869
57,7110911
92,7110994
692,7110998
589,7111356
342,7111440
169,7111856
96,7111982
847,7112012
952,7112148
905,7112353
270,7112519
444,7112608
445,7112609
158,7112909
692,7113005
270,7113075
274,7113079
710,7113437
158,7113588
168,7113605
122,7113638
270,7113660
419,7113751
698,7113773
370,7113780
722,7113964
196,7113972
197,7113973
829,7114150
1074,7114154
1075,7114155
86,7114279
275,7114581
276,7114582
711,7114677
480,7115096
474,7115254
1047,7115812
673,7115923
25,7116163
953,7116286
1081,7116339
370,7116406
904,7116468
905,7116469
286,7116585
64,7116993
400,7117331
56,7117433
420,7117469
204,7117570
539,7117648
1134,7118105
178,7118165
698,7118166
673,7118369
674,7118370
197,7118393
25,7118415
955,7118427
194,7118464
400,7118494
269,7118711
977,7119090
56,7119094
194,7119215
479,7119435
567,7119975
568,7119976
956,7120126
1107,7120168
170,7120412
87,7120708
447,7120937
865,7121284
956,7121293
274,7121321
965,7121906
56,7122410
576,7122492
61,7122526
62,7122527
411,7122527
197,7123038
567,7123183
568,7123184
569,7123185
479,7123207
956,7123222
698,7123446
81,7123753
370,7124020
758,7124072
275,7124107
692,7124317
168,7124321
154,7124759
372,7125180
373,7125181
374,7125182
1103,7125315
169,7125333
673,7125707
270,7125925
870,7125944
905,7126095
847,7126335
382,7126417
269,7126482
57,7126618
401,7126813
722,7126912
1047,7126942
539,7127363
177,7127434
167,7127471
26,7127524
541,7127596
542,7127597
92,7127631
474,7127684
269,7127699
270,7127700
520,7127757
177,7128179
479,7128307
480,7128308
692,7128558
479,7128597
1047,7128619
194,7128750
698,7128993
88,7129048
25,7129059
26,7129060
58,7129153
692,7129179
829,7129256
541,7129338
692,7129342
558,7129381
692,7129423
818,7129551
196,7130062
197,7130063
668,7130086
400,7130123
1019,7131138
955,7131697
1106,7131772
828,7131782
829,7131783
361,7131854
1097,7132054
230,7132055
567,7132074
847,7132158
541,7132307
419,7132371
956,7132401
474,7132417
867,7132494
1098,7132619
518,7132661
111,7132673
334,7132956
369,7133046
370,7133047
558,7133276
401,7133305
703,7133383
704,7133384
692,7133650
421,7133696
422,7133697
668,7133788
500,7133817
169,7134191
604,7134873
231,7134975
737,7134979
191,7134992
905,7135267
57,7135270
58,7135271
59,7135272
952,7135273
370,7135603
370,7135879
191,7135894
324,7135917
1112,7135990
830,7136029
175,7136033
59,7136072
952,7136073
361,7136195
737,7136276
942,7136622
558,7136650
590,7136782
781,7136963
788,7137105
956,7137131
957,7137132
604,7137373
604,7137395
956,7137575
847,7137601
722,7137603
474,7137914
604,7138003
1106,7138451
905,7138461
447,7138530
336,7138617
542,7138757
521,7138758
455,7138790
973,7139040
1047,7139092
475,7139132
904,7139310
199,7139343
570,7139655
692,7139846
255,7139962
56,7140295
758,7140468
956,7141217
444,7141309
1106,7141413
541,7141513
693,7141689
904,7141814
693,7141835
57,7141949
111,7142046
474,7142228
111,7142371
382,7142376
25,7142400
1107,7142547
967,7142723
944,7143014
697,7143092
698,7143093
964,7143170
479,7143424
204,7143524
559,7143573
980,7143883
867,7144208
956,7144578
713,7144883
714,7144884
178,7144962
698,7144963
940,7145006
81,7145053
141,7145307
122,7145352
444,7145431
169,7145438
994,7145520
200,7145530
716,7145542
717,7145543
944,7145587
965,7145654
567,7145730
568,7145731
232,7145828
539,7145900
558,7146168
693,7146258
87,7146282
1081,7146635
952,7146744
867,7146837
693,7146846
343,7147024
275,7147187
973,7147334
964,7148199
864,7148485
965,7148721
1081,7148789
518,7148860
965,7149297
1106,7149347
158,7149632
1134,7149676
781,7149810
716,7149905
717,7149906
56,7149920
192,7149997
520,7150040
1098,7150245
878,7150352
830,7150381
981,7150462
177,7150637
178,7150638
977,7150689
1107,7150929
967,7151147
993,7151157
994,7151158
230,7151167
944,7151261
444,7151277
980,7151637
956,7151842
111,7151943
944,7151998
260,7152086
697,7152180
904,7152197
479,7152349
422,7152585
269,7152730
1098,7152830
994,7153033
1112,7153100
56,7153118
690,7153167
638,7153368
692,7153372
693,7153373
690,7153561
692,7153563
274,7153958
62,7154023
411,7154023
967,7154231
169,7154257
361,7154820
673,7154898
674,7154899
169,7155187
170,7155188
171,7155189
201,7155293
692,7155334
286,7155349
862,7155434
863,7155435
864,7155436
270,7155462
865,7155483
175,7155744
175,7155846
1097,7155915
674,7155922
952,7156255
829,7156648
866,7156797
867,7156798
781,7157276
904,7157332
965,7157343
191,7157489
1095,7157511
382,7157655
383,7157656
944,7157964
382,7158000
967,7158603
1097,7158605
337,7158674
965,7158711
153,7158791
660,7158838
178,7159107
1098,7159462
870,7159502
1131,7159681
348,7160082
577,7160341
980,7160421
61,7160730
62,7160731
411,7160731
63,7160732
604,7160748
952,7160911
403,7161054
944,7161172
829,7161394
973,7161419
448,7161477
753,7161487
56,7161521
383,7161524
1072,7161579
994,7161583
1113,7161815
1097,7161976
669,7162046
670,7162047
541,7162520
542,7162521
692,7162680
965,7162715
176,7162797
1115,7162893
521,7162943
478,7162944
1099,7163179
1100,7163180
383,7163369
324,7163598
288,7163655
201,7163687
386,7163803
372,7163836
1108,7163909
1047,7164019
1048,7164020
1081,7164141
193,7164142
480,7164408
196,7164631
288,7164651
944,7164694
1041,7165120
1050,7165335
1041,7165343
524,7165458
138,7165483
1072,7165593
1073,7165594
878,7166056
829,7166064
62,7166105
411,7166105
781,7166170
980,7166307
917,7166382
669,7166717
125,7167154
81,7167252
780,7167372
558,7167390
1047,7167452
125,7167641
1112,7167822
399,7167861
400,7167862
194,7168229
478,7168335
692,7168546
692,7168900
865,7169145
269,7169690
230,7170019
541,7170425
111,7170433
421,7170953
520,7171506
572,7171889
652,7171973
58,7172151
692,7172421
904,7172468
576,7172471
269,7172773
270,7172774
456,7173078
956,7173323
957,7173324
1050,7173333
690,7173774
692,7173776
847,7173831
944,7173924
692,7174349
630,7174481
201,7174700
274,7174771
209,7174784
1041,7174961
967,7175030
524,7175065
566,7175136
567,7175137
568,7175138
589,7175180
26,7175372
56,7175638
25,7175651
209,7175661
965,7175739
479,7175888
444,7176033
526,7176142
847,7176278
828,7176367
829,7176368
1081,7176395
193,7176396
692,7176425
692,7176940
693,7176941
706,7177004
1106,7177235
977,7177247
973,7177287
957,7177433
141,7177583
199,7177589
169,7177780
170,7177781
830,7177800
1097,7178300
230,7178301
567,7178320
847,7178404
541,7178553
419,7178617
474,7178663
867,7178740
1098,7178865
590,7179080
368,7179081
1097,7179158
905,7179187
286,7179191
1134,7179284
209,7179519
953,7179726
520,7179840
521,7179841
478,7179842
604,7179967
847,7180265
539,7180306
168,7180371
169,7180372
590,7180474
368,7180475
369,7180476
942,7180508
169,7180597
383,7180675
208,7180697
209,7180698
25,7180701
520,7180818
638,7180819
973,7181026
942,7181204
690,7181206
92,7181358
944,7181642
944,7181652
528,7181686
209,7181839
944,7182035
197,7182295
956,7182344
445,7182365
274,7182485
275,7182486
1072,7182513
722,7182724
445,7182828
176,7183033
956,7183036
957,7183037
958,7183038
959,7183039
690,7183231
867,7183283
255,7183315
699,7183494
542,7183652
543,7183653
544,7183654
830,7183889
559,7184143
154,7184447
396,7184452
1089,7184452
1090,7184453
386,7184534
1134,7184678
401,7184810
835,7184879
688,7184920
197,7185008
198,7185009
1048,7185066
288,7185175
1113,7185210
61,7185275
62,7185276
411,7185276
199,7185367
200,7185368
201,7185369
525,7185821
526,7185822
622,7185983
781,7186192
260,7186326
688,7186328
576,7186374
361,7186577
419,7186727
541,7186776
847,7187398
152,7187418
595,7187443
977,7187705
818,7187755
158,7187916
690,7187937
559,7188249
192,7188364
361,7188369
973,7188393
1097,7188486
1098,7188487
904,7188502
905,7188503
1072,7188686
517,7188697
368,7189060
864,7189083
866,7189286
867,7189287
944,7189561
25,7189715
96,7190343
274,7190451
520,7190759
543,7190760
59,7190901
952,7190902
905,7190903
542,7190954
370,7191345
90,7191370
254,7191780
855,7191825
178,7191907
559,7191921
541,7192037
698,7192182
940,7192222
288,7192331
870,7192388
542,7192407
638,7192408
692,7192412
517,7192567
955,7192637
520,7193070
543,7193071
995,7193095
996,7193096
965,7193128
254,7193347
175,7193455
361,7193938
269,7194164
542,7194214
638,7194215
489,7194465
692,7194858
400,7195067
864,7195177
595,7195285
192,7195289
193,7195290
866,7195457
944,7195490
64,7195580
25,7195599
370,7195693
905,7195961
178,7196522
525,7196558
177,7196577
88,7196619
89,7196620
90,7196621
474,7196661
474,7196676
952,7196697
904,7196964
141,7197017
942,7197021
967,7197297
1072,7197593
1072,7197782
260,7197809
261,7197810
870,7197824
254,7198211
270,7198444
208,7198596
209,7198597
589,7198744
711,7199524
499,7199806
500,7199807
396,7199831
1089,7199831
697,7200030
690,7200109
692,7200111
693,7200112
1134,7200141
698,7200246
125,7200557
204,7200834
604,7200840
710,7200894
973,7200980
175,7201062
111,7201445
781,7201500
690,7201501
1097,7201712
368,7201739
1104,7202075
781,7202124
1047,7202217
348,7202303
394,7202320
395,7202321
692,7202399
370,7202582
982,7202639
576,7202968
577,7202969
396,7202977
1089,7202977
980,7203000
829,7203171
690,7203633
942,7203697
1036,7203944
967,7203945
191,7203957
61,7204346
1081,7204895
1134,7204936
368,7205161
348,7205342
175,7205592
953,7205967
1047,7206114
818,7206411
698,7206469
692,7206578
478,7206661
479,7206662
399,7206673
520,7206767
595,7206775
638,7206855
967,7207312
419,7207351
191,7207357
828,7207377
175,7208234
541,7208381
829,7208415
828,7208976
1047,7209180
542,7209469
521,7209470
830,7209512
1134,7209556
158,7209710
25,7209712
111,7209741
62,7209834
411,7209834
944,7210194
1047,7210240
956,7210331
1134,7210436
523,7210989
651,7211012
209,7211128
544,7211229
1134,7211369
521,7211474
755,7211769
904,7212104
56,7212291
57,7212292
541,7212446
169,7212606
1134,7212627
673,7212727
58,7212767
201,7213022
1047,7213316
965,7213355
996,7213671
447,7213824
676,7213852
1041,7214023
202,7214114
61,7214538
62,7214539
411,7214539
1041,7214733
995,7214746
996,7214747
196,7214751
197,7214752
965,7214956
993,7215025
178,7215050
525,7215195
526,7215196
61,7215202
62,7215203
411,7215203
177,7215558
1047,7215635
382,7215701
973,7215745
445,7215763
976,7215956
977,7215957
383,7216134
383,7216494
1106,7216572
980,7216979
692,7217119
975,7217190
976,7217191
977,7217192
542,7217314
1100,7217462
1101,7217463
1134,7217466
403,7217479
1131,7217698
445,7217847
445,7217925
1081,7218159
63,7218209
576,7218257
865,7218456
866,7218457
867,7218458
942,7218516
690,7218518
674,7218575
274,7218668
275,7218669
288,7218781
289,7218782
25,7218887
26,7218888
1108,7219050
178,7219065
698,7219066
1106,7219218
1107,7219219
864,7219240
864,7219318
92,7219471
87,7219599
88,7219600
89,7219601
90,7219602
692,7219631
1047,7219646
1047,7220025
445,7220077
1041,7220112
688,7220218
1081,7220458
781,7220940
690,7220941
196,7220981
604,7221235
952,7221295
198,7221633
865,7221837
866,7221838
867,7221839
478,7221931
604,7222264
674,7222362
1081,7222408
193,7222409
1047,7222650
445,7222739
275,7222758
590,7223067
368,7223068
1009,7223124
1010,7223125
1011,7223126
568,7223129
122,7223196
260,7223281
737,7223528
995,7223662
996,7223663
61,7223772
62,7223773
411,7223773
87,7223799
528,7224089
847,7224104
559,7224129
1041,7224146
996,7224229
1097,7224698
847,7224949
419,7224976
1047,7225429
864,7225603
176,7225705
698,7225730
590,7226096
368,7226097
944,7226317
61,7226393
62,7226394
411,7226394
370,7226488
829,7226844
864,7227627
525,7227654
526,7227655
176,7227716
847,7227901
994,7227923
275,7228188
342,7228475
542,7228597
372,7228762
44,7228838
977,7228852
25,7228901
26,7228902
478,7228963
361,7228966
1134,7229116
96,7229280
952,7229389
456,7229472
904,7229477
419,7229479
96,7229717
669,7229874
973,7230257
780,7230269
668,7230340
382,7230617
383,7230618
604,7230654
269,7230659
122,7230897
1048,7231155
178,7231248
1047,7231700
274,7231743
275,7231744
445,7232105
445,7232190
673,7232253
690,7232330
500,7232367
141,7232425
194,7232543
195,7232544
196,7232545
372,7232699
1131,7232893
479,7232922
1134,7233509
1097,7234565
1098,7234566
867,7234611
697,7234684
847,7234840
722,7234842
25,7234934
955,7235477
474,7235658
623,7235847
1081,7236300
698,7236332
254,7236682
275,7237079
865,7237193
866,7237194
122,7237282
382,7237288
383,7237289
544,7237778
576,7237815
692,7238024
867,7238055
168,7238241
651,7238517
1134,7239303
1036,7239380
967,7239381
973,7239443
169,7239455
1134,7239515
56,7239690
830,7239814
175,7239893
524,7240655
56,7240727
383,7240734
1081,7240888
1041,7240994
96,7241063
541,7241413
559,7241570
975,7241621
976,7241622
977,7241623
722,7241627
688,7241688
198,7242003
447,7242192
399,7242351
651,7242776
275,7242847
1073,7242995
558,7243068
559,7243069
191,7243082
818,7243222
194,7243318
818,7243705
867,7243770
370,7243893
973,7243983
1131,7244041
197,7244164
274,7244225
275,7244226
220,7244342
111,7244465
818,7244541
541,7244693
1041,7244717
499,7244743
125,7244919
372,7245201
373,7245202
374,7245203
977,7245526
1073,7245559
973,7245765
274,7245779
289,7246055
270,7246157
604,7246197
524,7246239
274,7246275
275,7246276
191,7246333
1072,7246349
944,7246357
576,7246434
692,7246821
847,7246970
523,7247363
96,7247473
975,7247500
976,7247501
977,7247502
194,7247538
964,7247773
1081,7248002
541,7248061
652,7248144
194,7248212
953,7248731
168,7248961
169,7248962
199,7249189
419,7249205
660,7249395
697,7249551
698,7249552
190,7249583
676,7249631
965,7249861
630,7249941
690,7250072
697,7250266
372,7250577
275,7250830
255,7250907
197,7250935
372,7251093
170,7251102
559,7251124
288,7251174
604,7251255
382,7251446
61,7251595
952,7252099
89,7252269
523,7252382
715,7252563
194,7252571
539,7253090
56,7253219
829,7253245
541,7253899
830,7253973
1134,7254116
1041,7254305
1081,7254346
269,7254473
270,7254474
847,7254986
541,7255087
1134,7255145
197,7255350
847,7255568
1036,7255732
372,7255733
194,7256031
195,7256032
1047,7256073
220,7256289
445,7256456
269,7256539
260,7256634
479,7256650
847,7256707
849,7256709
849,7256724
168,7257080
169,7257081
168,7257098
169,7257099
170,7257100
692,7257118
274,7257148
474,7257221
87,7257223
977,7257226
474,7257391
965,7257492
818,7257590
171,7257797
479,7257823
61,7257857
62,7257858
411,7257858
191,7258190
1100,7258195
956,7258404
957,7258405
967,7258501
566,7258763
567,7258764
568,7258765
955,7258854
576,7259139
904,7259412
967,7259579
955,7259591
1072,7259711
1073,7259712
1074,7259713
1075,7259714
996,7259732
1099,7260008
1100,7260009
168,7260168
178,7260215
996,7260392
88,7260549
89,7260550
122,7260644
1106,7260825
1107,7260826
57,7261045
541,7261060
982,7261140
965,7261153
905,7261194
697,7261289
286,7261487
197,7261588
177,7261618
57,7261729
196,7262069
197,7262070
198,7262071
199,7262072
864,7262121
541,7262184
542,7262185
638,7262393
196,7262650
542,7262774
1113,7262797
528,7263043
544,7263138
520,7263258
638,7263259
847,7263430
622,7263513
422,7263562
274,7263815
818,7263855
122,7264133
57,7264241
520,7264251
830,7264422
270,7264548
828,7264707
829,7264708
703,7264795
704,7264796
965,7264941
456,7265028
904,7265033
953,7265060
524,7265133
673,7265998
674,7265999
175,7266191
559,7266434
400,7266447
981,7266505
660,7266536
274,7266651
158,7266863
1047,7266981
1072,7267048
1047,7267140
1106,7267212
1047,7267323
399,7267473
849,7267510
122,7267607
1047,7267741
479,7267772
693,7268052
522,7268158
523,7268159
1047,7268438
955,7268497
956,7268498
957,7268499
953,7268734
25,7268923
26,7268924
977,7268933
288,7268958
866,7269107
383,7269293
956,7269569
652,7269740
973,7269764
444,7269827
967,7269875
396,7269886
1089,7269886
288,7270274
676,7270368
110,7270465
447,7271170
220,7271299
177,7271410
965,7271461
1098,7272234
194,7272442
444,7272561
1081,7272608
193,7272609
993,7272801
994,7272802
178,7272877
944,7273176
445,7273275
692,7273878
361,7273917
336,7273933
288,7274198
692,7274322
676,7274731
955,7275067
953,7275205
539,7275263
567,7275601
270,7275658
198,7275689
199,7275690
342,7275706
231,7276260
996,7276330
444,7276719
194,7276906
111,7277177
520,7277275
638,7277276
178,7277307
697,7277413
201,7277543
528,7277675
196,7277951
521,7278096
478,7278097
866,7278122
867,7278123
56,7278588
286,7278590
955,7278827
191,7278844
192,7278845
576,7279013
1036,7279092
967,7279093
197,7279332
866,7279526
1047,7279550
567,7279643
517,7279771
520,7279973
567,7280087
568,7280088
270,7280190
445,7280326
530,7280689
965,7280996
1047,7281134
1048,7281135
81,7281217
88,7281350
383,7281496
177,7281579
905,7281671
191,7281676
220,7281700
1012,7281846
201,7282079
445,7282193
955,7282224
544,7282483
92,7282679
25,7282713
479,7282945
56,7283345
758,7283476
56,7283542
190,7283545
651,7283604
939,7283696
940,7283697
967,7283702
1072,7283813
288,7284143
61,7284278
62,7284279
411,7284279
559,7284282
399,7284328
1036,7284332
372,7284333
520,7284369
61,7284437
62,7284438
411,7284438
489,7284607
175,7284695
270,7284715
169,7284907
944,7285040
1072,7285073
1073,7285074
944,7285148
1081,7285512
177,7285660
178,7285661
169,7286176
1098,7286307
191,7286861
61,7287027
1107,7287172
191,7287177
374,7287234
944,7287388
274,7287619
275,7287620
568,7287644
478,7287799
479,7287800
57,7287907
56,7288019
828,7288424
1103,7288550
270,7289051
111,7289188
828,7289334
964,7289409
56,7289425
57,7289426
25,7289522
26,7289523
753,7289614
87,7289887
479,7290178
92,7290188
693,7291208
270,7291235
158,7291263
274,7291364
270,7291441
711,7291759
372,7292408
56,7292458
401,7292529
86,7292582
87,7292583
941,7292670
942,7292671
953,7292796
1106,7293040
420,7293101
421,7293102
209,7293521
523,7293529
964,7293577
1131,7293960
386,7294064
1041,7294255
1100,7294771
673,7295046
1081,7295212
692,7295372
193,7295610
543,7295825
169,7296236
170,7296237
201,7296341
688,7296367
479,7296408
1134,7296596
1097,7297174
270,7297519
526,7297583
322,7297592
521,7297700
478,7297701
952,7297797
953,7297857
254,7298112
92,7298643
702,7298681
1019,7298753
342,7298754
275,7298857
400,7299832
167,7299922
270,7299933
692,7299951
192,7300272
193,7300273
274,7300454
965,7300549
1134,7300662
539,7300716
370,7301092
1072,7301131
122,7301191
828,7301228
829,7301229
690,7301260
904,7301381
864,7302271
154,7302291
63,7302312
1047,7302561
1009,7302578
1010,7302579
952,7302800
324,7302974
864,7302985
541,7303376
542,7303377
638,7303378
690,7303454
877,7304025
995,7304430
996,7304431
941,7304440
942,7304441
941,7304779
942,7304780
688,7304920
829,7305231
122,7305360
865,7305412
270,7305703
274,7306035
275,7306036
1047,7306078
874,7306301
270,7306495
275,7306524
953,7306636
692,7306675
90,7306708
690,7306763
828,7306793
829,7306794
692,7307050
269,7307067
270,7307087
444,7307176
445,7307177
982,7307453
274,7307462
88,7307466
89,7307467
370,7307544
197,7307809
204,7307930
400,7308048
905,7308175
170,7308208
942,7308265
444,7308527
818,7308610
204,7308670
942,7308763
274,7308798
518,7308952
980,7308965
944,7309058
1107,7309222
829,7309286
570,7309899
369,7310373
194,7310609
651,7310679
478,7310918
1107,7311273
274,7311318
370,7311351
56,7311786
541,7311819
542,7311820
88,7311859
520,7311863
638,7311864
847,7311867
196,7311911
88,7311955
542,7311960
520,7312100
638,7312101
1097,7312139
63,7312334
542,7312753
994,7312838
995,7312839
996,7312840
1100,7313014
944,7313187
520,7313200
543,7313201
520,7313302
953,7313372
690,7313499
566,7313859
1072,7313999
1073,7314000
528,7314055
568,7314115
57,7314233
58,7314234
577,7314425
403,7314574
208,7314671
444,7314922
878,7315259
604,7315461
88,7315582
89,7315583
690,7315585
1134,7315638
1106,7315714
175,7315811
445,7316204
722,7316245
444,7316347
286,7316494
590,7316597
445,7316772
692,7317045
570,7317272
88,7317388
89,7317389
90,7317390
401,7317637
269,7318058
952,7318151
952,7318227
286,7318918
944,7318928
690,7319116
170,7319331
956,7319414
177,7319688
1131,7319719
1081,7319788
193,7319789
542,7319823
1047,7319898
996,7320438
1098,7320645
697,7321040
698,7321041
1041,7321107
1072,7321426
828,7321680
829,7321681
830,7321682
194,7321696
111,7321814
953,7321852
722,7322258
954,7322291
955,7322292
956,7322293
716,7322736
717,7322737
572,7322874
956,7322972
1121,7323224
270,7323276
704,7323287
722,7323374
1041,7323717
197,7323778
348,7324002
905,7324230
564,7324359
953,7324601
692,7324639
444,7324697
445,7324698
595,7324717
90,7324774
967,7324780
576,7324783
289,7324790
942,7324844
447,7325456
576,7325727
698,7325878
170,7325995
274,7326084
830,7326181
692,7326429
169,7326707
170,7326708
370,7326835
168,7326841
169,7326842
170,7326843
499,7326878
973,7327012
693,7327041
175,7327118
57,7327122
122,7327351
25,7327457
499,7327487
518,7328220
1090,7328221
372,7328636
373,7328637
942,7328741
622,7328949
623,7328950
660,7329259
865,7329497
692,7329572
977,7329925
275,7329946
169,7330029
122,7330099
499,7330170
500,7330171
88,7330208
89,7330209
90,7330210
191,7330501
192,7330502
168,7330568
152,7330619
421,7330773
780,7331066
673,7331105
674,7331106
944,7331129
1113,7331177
474,7331262
905,7331271
1107,7331401
474,7331413
651,7331457
386,7331642
1081,7331651
193,7331652
138,7331923
474,7332043
539,7332299
622,7332322
370,7332520
275,7332755
952,7332968
25,7333167
274,7333478
197,7333500
478,7334132
208,7334180
209,7334181
1108,7334251
942,7334294
86,7334300
865,7334456
90,7334504
270,7334924
722,7334991
904,7335008
270,7335308
1097,7335496
25,7335669
88,7335758
122,7335788
722,7336010
500,7336082
96,7336466
270,7336821
192,7336846
1047,7336892
954,7337075
168,7337097
1107,7337119
973,7337343
568,7337363
342,7337371
1047,7337637
905,7337757
170,7337798
209,7337931
1101,7338317
847,7338347
541,7338369
169,7338671
576,7338686
539,7338853
474,7338931
566,7339067
567,7339068
568,7339069
699,7339117
196,7339137
25,7339166
828,7339257
829,7339258
61,7339274
62,7339275
411,7339275
1081,7339313
952,7339457
419,7340178
230,7340179
231,7340180
955,7340315
198,7340643
194,7341017
199,7341056
171,7341312
196,7341341
758,7341717
56,7341822
288,7342115
939,7342756
940,7342757
270,7342876
394,7342977
1104,7343036
1106,7343038
1107,7343039
386,7343172
707,7343208
870,7343280
274,7343517
386,7343522
953,7343612
692,7343805
209,7343831
693,7344122
942,7344181
269,7344238
829,7344262
818,7344471
58,7344587
980,7344709
673,7344721
1041,7345158
865,7345399
866,7345400
274,7345447
1134,7345604
198,7345660
199,7345661
1114,7345739
274,7345787
125,7345840
866,7346167
523,7346170
941,7346240
967,7346287
539,7346524
274,7346530
479,7346682
711,7346688
697,7346880
559,7346962
270,7346979
539,7346990
539,7347050
122,7347068
56,7347270
57,7347392
288,7347449
530,7347643
86,7347915
941,7348097
942,7348098
87,7348140
1101,7348346
288,7348349
973,7348440
541,7348521
692,7348525
980,7348558
269,7348709
270,7348710
324,7348728
693,7348753
818,7348783
692,7348823
693,7348824
673,7348873
942,7348905
690,7348907
905,7348915
269,7348988
690,7349027
965,7349128
674,7349328
370,7349360
674,7349537
944,7349645
697,7349756
698,7349757
383,7349827
1047,7349847
111,7349873
202,7349901
1107,7350007
26,7350010
59,7350073
965,7350256
194,7350616
829,7350696
830,7350697
520,7351179
270,7351302
523,7351320
524,7351321
254,7351435
434,7351638
941,7351862
564,7351922
697,7351997
966,7352488
810,7352626
192,7352773
199,7352907
967,7352949
400,7352962
445,7353018
200,7353040
87,7353245
445,7353342
870,7353557
965,7353581
81,7353669
383,7353723
847,7353860
753,7354033
969,7354263
711,7354479
904,7354690
197,7355086
198,7355087
693,7355112
361,7355114
209,7355122
956,7355207
521,7355255
478,7355256
878,7355302
169,7355447
274,7355522
421,7355678
956,7355704
957,7355705
25,7355881
973,7356148
382,7356615
539,7356717
361,7356786
638,7356960
400,7357122
541,7357214
63,7357535
64,7357536
1106,7357607
479,7357764
564,7357770
905,7357877
953,7358295
170,7358315
539,7358392
692,7358397
904,7358441
576,7358458
63,7358464
674,7358557
209,7358580
171,7358667
1048,7358690
566,7358999
567,7359000
518,7359226
521,7359559
168,7359810
520,7359858
445,7360033
521,7360186
478,7360187
479,7360188
870,7360393
1107,7360576
905,7360640
944,7360910
92,7360997
1097,7361000
998,7361299
324,7361300
88,7361396
967,7361399
335,7361416
420,7361534
420,7361675
420,7361814
420,7361953
1047,7362038
420,7362093
830,7362571
96,7362701
270,7362757
980,7363123
274,7363486
56,7363663
943,7364209
175,7364443
254,7364447
255,7364448
520,7364916
638,7364917
61,7365072
62,7365073
411,7365073
194,7365110
542,7365318
638,7365319
63,7365390
177,7365436
904,7365578
539,7365654
1097,7365660
904,7365668
967,7365780
59,7366190
952,7366191
197,7366301
865,7366434
866,7366435
342,7366652
692,7366699
288,7366761
59,7367038
60,7367039
61,7367040
382,7367178
965,7367221
92,7367639
829,7367652
566,7367714
567,7367715
954,7367718
955,7367719
369,7367787
447,7367856
200,7367945
201,7367946
698,7368331
722,7368409
576,7368483
1106,7368518
447,7368832
478,7369072
566,7369163
567,7369164
1134,7369391
202,7369589
1131,7370001
383,7370078
692,7370120
693,7370121
722,7370198
1121,7370387
444,7370399
190,7370713
191,7370714
818,7370753
955,7370840
905,7371140
692,7371461
693,7371462
673,7371961
973,7372021
445,7372545
447,7372547
448,7372548
576,7372957
288,7373085
445,7373156
571,7373218
56,7373291
286,7373293
864,7373461
447,7374342
1134,7374648
178,7374759
996,7375073
692,7375103
693,7375104
445,7375172
122,7375193
199,7375235
444,7375558
372,7375667
193,7375817
1074,7375951
1075,7375952
690,7376262
25,7376294
56,7377043
275,7377087
828,7377453
829,7377454
373,7377612
996,7378520
1047,7379212
1048,7379213
192,7379316
904,7379371
192,7379391
1100,7379455
967,7380119
604,7380166
622,7380301
890,7380694
866,7380701
867,7380702
524,7380859
866,7381041
867,7381042
955,7381265
818,7382107
111,7382156
141,7382229
1050,7382642
1081,7382691
193,7382692
973,7383545
370,7383565
758,7383623
698,7384255
158,7384478
606,7384502
847,7384569
400,7384713
25,7384967
220,7385084
953,7385148
1072,7385342
541,7385447
542,7385448
521,7385449
829,7385539
175,7385558
176,7385559
445,7385602
197,7385691
274,7385697
1112,7385898
1113,7385899
973,7386436
980,7386508
542,7387126
638,7387127
177,7387379
539,7387639
630,7387868
194,7387883
1106,7388271
1107,7388272
1108,7388273
489,7388447
1108,7388549
1106,7389291
941,7389664
942,7389665
964,7389848
62,7389894
411,7389894
865,7390062
447,7390611
955,7390834
819,7390934
336,7390984
57,7391028
175,7391317
370,7391412
659,7391626
699,7392052
980,7392080
370,7392345
1104,7392495
1134,7392578
818,7392922
964,7392973
965,7392974
942,7393103
622,7393149
1106,7393227
169,7393334
170,7393335
288,7393710
90,7393731
197,7393849
651,7393852
56,7393998
445,7394221
25,7394380
953,7394462
199,7394476
96,7394718
541,7395017
111,7395283
944,7395494
652,7395568
829,7395679
171,7395904
399,7396296
955,7396594
956,7396595
421,7396778
953,7396860
975,7396923
973,7397058
577,7397146
710,7397514
711,7397515
590,7397565
368,7397566
324,7397785
518,7397919
781,7397925
422,7397943
198,7398016
175,7399257
781,7399518
196,7399545
63,7399676
559,7399829
499,7399907
993,7400013
830,7400133
905,7400260
965,7400292
169,7400617
348,7400678
952,7400683
479,7401165
169,7401350
343,7401413
1098,7401900
870,7401918
62,7402171
411,7402171
829,7402195
829,7402237
208,7402365
692,7402451
125,7402601
373,7402714
374,7402715
967,7402740
383,7403004
169,7403107
170,7403108
334,7403156
1134,7403307
866,7403463
942,7403679
866,7404109
400,7404214
722,7404392
197,7404455
298,7404608
474,7404682
474,7405242
520,7405368
26,7405489
722,7405643
688,7405710
400,7405867
401,7405868
254,7405913
955,7406050
847,7406239
692,7406314
298,7406522
64,7406569
994,7406576
1134,7406679
867,7406997
955,7407015
828,7407055
604,7407076
818,7407425
541,7407731
270,7407816
270,7408126
498,7408599
499,7408600
474,7408942
63,7408992
269,7409169
606,7409199
541,7409205
975,7409792
559,7409938
710,7409952
711,7409953
539,7410123
560,7410151
403,7410340
638,7410396
980,7410464
1104,7410471
197,7410654
111,7410748
781,7410878
952,7411031
25,7411235
995,7411272
201,7411333
952,7411382
673,7411808
967,7411865
944,7412077
111,7412084
177,7412226
528,7412286
92,7412420
274,7412464
692,7412620
92,7413098
539,7413670
220,7413809
1008,7414579
1134,7414788
865,7414825
919,7414985
944,7415116
62,7415328
411,7415328
412,7415329
336,7415359
690,7415557
539,7416151
541,7416153
980,7416190
479,7416277
818,7416421
422,7416510
690,7416592
956,7416703
274,7416910
255,7417142
566,7417404
567,7417405
568,7417406
87,7417508
541,7417557
1131,7417633
382,7417723
904,7417739
953,7417740
830,7417797
559,7417912
1107,7418010
604,7418317
940,7418466
542,7418522
191,7418581
1099,7418623
386,7418729
944,7418736
191,7418747
192,7418748
193,7418749
87,7418783
690,7419164
559,7419252
847,7419894
1047,7419992
567,7420018
576,7420075
758,7420659
274,7420698
260,7420890
261,7420891
956,7421088
196,7421162
197,7421163
198,7421164
204,7421256
688,7421375
944,7421377
394,7421484
395,7421485
62,7421546
411,7421546
386,7421631
62,7421805
411,7421805
88,7421817
89,7421818
274,7422093
445,7422513
539,7422546
866,7422618
570,7422640
342,7422737
566,7423086
567,7423087
568,7423088
110,7423320
274,7423412
169,7423675
541,7423769
1097,7423772
1098,7423773
698,7423897
541,7423964
980,7424011
981,7424012
982,7424013
977,7424199
955,7424284
1106,7424716
997,7424722
998,7424723
324,7424724
541,7424789
976,7424795
570,7424887
92,7425157
1047,7425437
818,7425568
865,7426081
942,7426219
994,7426257
1098,7426291
63,7426325
865,7426436
274,7426500
973,7426596
96,7427292
541,7427427
542,7427428
566,7427457
567,7427458
568,7427459
692,7427517
690,7427812
394,7428159
395,7428160
270,7428161
570,7428195
905,7428532
982,7428553
1106,7428723
25,7428820
944,7428933
341,7428956
541,7428965
96,7429170
698,7429283
158,7429765
370,7429893
589,7429902
445,7429984
964,7430074
1098,7430089
1101,7430121
288,7430124
394,7430245
480,7430410
942,7430769
867,7431277
868,7431278
818,7431379
604,7431397
866,7431512
867,7431513
981,7431544
982,7431545
25,7431657
1097,7431689
1098,7431690
96,7431905
474,7431950
674,7432185
558,7432191
847,7432715
479,7432734
474,7433315
87,7433317
866,7433384
693,7433412
386,7433561
274,7433614
830,7433659
110,7433705
111,7433706
1103,7433719
1050,7433815
558,7433865
559,7433866
122,7433971
955,7433999
693,7434150
955,7434291
61,7434443
62,7434444
411,7434444
56,7434593
1134,7434641
542,7434758
604,7434775
399,7434840
400,7434841
141,7435021
517,7435326
1097,7435642
230,7435643
567,7435662
847,7435746
541,7435895
419,7435959
474,7436005
867,7436082
1098,7436207
444,7436278
967,7436551
955,7436672
818,7436708
520,7436824
447,7436887
168,7436920
520,7436971
520,7437013
447,7437076
690,7437288
1134,7437531
58,7438073
1072,7438419
1073,7438420
517,7438581
829,7438593
969,7438632
125,7438665
1134,7438728
980,7438800
1041,7438934
372,7439136
904,7439419
90,7439969
175,7439986
688,7440692
262,7440809
478,7440892
202,7440898
904,7441127
953,7441128
780,7441238
944,7441240
867,7441301
967,7441427
122,7441647
1041,7441663
1072,7441758
998,7441785
324,7441786
576,7442005
577,7442006
980,7442033
956,7442191
964,7442300
965,7442301
542,7442427
588,7442502
589,7442503
590,7442504
110,7442534
370,7442550
688,7442747
444,7442784
711,7443012
847,7443088
196,7443104
197,7443105
325,7443265
994,7443795
952,7443985
673,7444237
447,7444310
122,7444348
478,7444367
373,7444500
374,7444501
370,7444620
952,7444736
191,7444748
382,7444895
383,7444896
194,7444923
828,7445175
941,7445274
942,7445275
177,7445410
539,7445854
169,7445861
952,7445945
25,7446119
1047,7446400
1048,7446401
169,7446498
288,7446633
59,7446869
698,7447091
81,7447208
199,7447342
419,7447652
944,7447689
965,7447872
178,7447924
698,7447925
967,7447987
944,7448228
255,7448543
722,7448779
526,7448923
870,7448947
87,7449816
673,7450104
169,7450252
194,7450334
177,7450355
56,7450580
286,7450582
287,7450583
110,7450694
288,7450728
865,7450770
559,7450911
479,7451023
1134,7451322
954,7452196
576,7452210
673,7452361
361,7452366
567,7452641
1081,7453054
478,7453087
479,7453088
542,7453396
520,7453983
521,7453984
539,7453991
521,7454101
478,7454102
1099,7454188
208,7454240
209,7454241
178,7454255
528,7454289
88,7454523
89,7454524
90,7454525
169,7454575
570,7454680
953,7454832
169,7455122
62,7455255
411,7455255
964,7455457
194,7455489
195,7455490
865,7455499
692,7455599
422,7455696
56,7455807
1134,7455893
396,7455969
1089,7455969
1090,7455970
386,7456045
419,7456107
1098,7456108
1110,7456151
877,7456464
199,7456493
195,7456500
288,7457009
401,7457305
61,7457925
953,7457948
954,7457949
171,7458120
688,7458185
286,7458486
542,7458650
980,7459318
1041,7459453
197,7459528
25,7459610
692,7459797
690,7459864
374,7459991
1047,7460146
539,7460221
274,7460447
275,7460448
542,7460532
479,7460602
480,7460603
692,7460701
693,7460702
1134,7460741
201,7460849
447,7460930
448,7460931
1047,7461136
170,7461284
56,7461394
57,7461395
942,7461462
122,7461676
399,7461727
1047,7462040
25,7462182
673,7462347
965,7462396
25,7462425
171,7462437
288,7462482
289,7462483
89,7462597
1036,7462785
967,7462786
736,7462878
673,7462928
996,7462975
348,7463198
372,7463235
63,7463238
386,7463554
588,7463572
589,7463573
590,7463574
368,7463575
444,7463822
566,7463946
192,7464175
193,7464176
170,7464616
171,7464617
865,7464652
673,7464803
674,7464804
675,7464805
967,7464899
1081,7465152
193,7465153
420,7465257
692,7465267
1097,7465746
420,7465747
368,7465761
369,7465762
394,7465775
395,7465776
270,7465777
400,7465999
401,7466000
158,7466374
122,7466808
576,7467000
558,7467110
818,7467116
702,7467150
197,7467174
905,7467222
269,7467236
1112,7467366
86,7467390
447,7467432
448,7467433
274,7467469
692,7467499
693,7467500
558,7467672
168,7467741
97,7467898
270,7468104
865,7468136
231,7468159
569,7468243
975,7468313
976,7468314
977,7468315
955,7468534
652,7468595
270,7468669
1099,7468832
194,7469218
688,7469248
421,7469470
690,7469495
754,7469512
977,7469778
697,7470129
1006,7470363
693,7470654
964,7470722
722,7470734
194,7470970
195,7470971
489,7471035
324,7471194
403,7471207
722,7471229
92,7471234
789,7471296
288,7471376
199,7471396
539,7471426
1097,7471488
230,7471489
1110,7471563
698,7471721
754,7471952
92,7472027
88,7472053
89,7472054
90,7472055
479,7472058
25,7472432
688,7472502
676,7472515
905,7472544
690,7472610
196,7472614
197,7472615
829,7472623
955,7472641
204,7472916
980,7472925
192,7473184
63,7473273
56,7473604
576,7473707
196,7474226
60,7474448
288,7474675
169,7474709
275,7474951
1072,7474982
944,7475203
178,7475208
698,7475209
1107,7475375
1108,7475376
335,7475427
653,7475536
692,7475565
973,7475774
158,7475812
202,7475852
195,7476318
1050,7476556
1073,7476572
754,7476805
697,7476963
698,7476964
448,7477217
191,7477265
192,7477266
651,7477684
965,7477699
722,7477802
866,7477838
867,7477839
818,7478095
200,7478337
169,7478386
178,7478568
973,7479178
1106,7479373
1107,7479374
722,7479449
193,7479505
479,7480062
169,7480145
688,7480631
651,7480768
953,7480851
956,7481020
604,7481532
1134,7481548
523,7481765
1106,7482019
1107,7482020
942,7482236
57,7482351
965,7482410
1104,7482412
539,7482466
382,7482617
110,7483193
1134,7483222
967,7483253
528,7483573
955,7483597
956,7483598
957,7483599
692,7483759
447,7484045
194,7484229
659,7484248
434,7484254
944,7484390
169,7484534
125,7484571
92,7484651
270,7484963
952,7485076
445,7485091
403,7485159
828,7485221
829,7485222
192,7485601
158,7485680
1047,7485713
956,7485716
566,7486160
567,7486161
1047,7486319
1081,7486610
954,7486707
956,7487071
957,7487072
674,7487316
520,7487334
638,7487335
334,7487480
690,7487546
201,7487645
692,7488285
63,7488483
1081,7488731
474,7489028
152,7489145
419,7489320
56,7489575
1097,7489650
1098,7489651
566,7489938
866,7490127
867,7490128
955,7490294
196,7490332
197,7490333
382,7490352
967,7490354
383,7490444
59,7490602
348,7490784
953,7491352
755,7491571
1134,7491748
713,7492038
714,7492039
170,7492091
192,7492282
688,7492724
528,7493004
542,7493336
521,7493337
1097,7493627
1107,7493694
122,7493909
1041,7493996
568,7494196
590,7494385
368,7494386
865,7494509
1097,7494619
941,7494757
942,7494758
479,7494762
957,7494816
870,7494877
386,7494925
865,7494978
866,7494979
994,7495409
479,7495747
270,7495792
953,7495987
56,7496111
204,7496270
1131,7496275
169,7496668
723,7496981
1047,7497143
111,7497167
444,7497197
445,7497198
541,7497284
122,7497763
692,7498770
567,7498785
61,7498814
196,7498865
192,7499160
541,7499173
980,7499364
530,7499557
993,7499726
994,7499727
170,7500031
403,7500092
690,7500428
958,7500490
959,7500491
981,7500615
169,7500697
1103,7500732
1134,7501219
1048,7501249
973,7501311
1072,7501342
1047,7501396
368,7501588
57,7501772
58,7501773
692,7501815
698,7501845
1047,7501899
942,7502028
564,7502082
254,7502150
828,7502221
1008,7502337
447,7502588
448,7502589
653,7503057
178,7503505
698,7503506
956,7503708
957,7503709
382,7503842
917,7504031
539,7504047
1072,7504166
1073,7504167
539,7504337
1047,7504540
177,7504662
178,7504663
194,7504707
195,7504708
89,7504986
90,7504987
204,7505037
539,7505054
818,7505139
96,7505213
269,7505727
1106,7505859
521,7505936
478,7505937
479,7505938
195,7506400
520,7506535
288,7506778
955,7507044
867,7507115
209,7507357
270,7507459
288,7507529
1041,7508460
944,7508614
1134,7508690
953,7508820
692,7509174
703,7509596
704,7509597
688,7510008
275,7510062
374,7510448
63,7510527
111,7510850
692,7511230
693,7511231
445,7511368
274,7511474
275,7511475
88,7511875
89,7511876
90,7511877
758,7511928
865,7511936
474,7511984
690,7512005
973,7512134
956,7512238
830,7512243
542,7512342
1101,7512410
1134,7512431
474,7512461
941,7512578
26,7512834
447,7512861
25,7512938
690,7513055
270,7513368
1131,7513445
342,7513454
688,7513461
1081,7513581
1072,7513596
855,7514314
1131,7514404
191,7514739
192,7514740
567,7514956
967,7515666
444,7515688
692,7515852
57,7515959
523,7516383
518,7516444
1090,7516445
905,7516520
830,7516618
61,7516856
994,7516876
25,7516935
178,7517193
698,7517194
541,7517341
421,7517866
521,7518006
1047,7518026
1081,7518181
274,7518254
520,7518418
638,7518419
1107,7518461
286,7519323
287,7519324
288,7519325
528,7519363
693,7519600
361,7519602
62,7519786
411,7519786
361,7519898
737,7519919
421,7519925
201,7519970
175,7520185
59,7520253
60,7520254
61,7520255
62,7520256
411,7520256
559,7520259
576,7520270
566,7520355
56,7520555
975,7520865
976,7520866
977,7520867
1131,7521321
231,7521425
953,7522091
25,7522256
26,7522257
92,7522496
298,7522548
474,7522574
1047,7522604
1134,7522732
830,7522892
659,7522968
394,7522983
395,7522984
270,7522985
25,7523195
26,7523196
865,7523414
61,7523703
62,7523704
411,7523704
980,7523793
192,7523957
288,7523967
692,7524003
92,7524088
374,7524235
865,7524256
178,7524505
386,7524615
25,7524930
275,7525206
199,7525214
523,7525292
141,7525390
941,7525421
62,7525541
411,7525541
177,7525577
178,7525578
980,7525638
191,7525666
447,7525942
448,7525943
500,7526018
175,7526768
269,7526860
270,7526861
111,7527358
566,7527846
567,7527847
194,7528184
382,7528302
1072,7528574
692,7528976
722,7529008
539,7529012
92,7529108
125,7529382
270,7529455
361,7529459
122,7529636
197,7529784
542,7529885
444,7529897
445,7529898
973,7529907
952,7530062
168,7530106
566,7530153
697,7530353
526,7530504
63,7530598
674,7530711
667,7530979
722,7531313
1048,7531424
829,7531832
518,7531855
90,7531892
956,7531913
688,7532136
781,7532153
964,7532262
956,7532839
957,7532840
1047,7533377
528,7533667
394,7533923
122,7533959
56,7534004
904,7534044
368,7534067
965,7534216
541,7534243
1081,7534266
1108,7534313
56,7534542
673,7534715
674,7534716
445,7534943
722,7534950
122,7535079
975,7535485
965,7535833
269,7536046
270,7536047
386,7536101
191,7536229
86,7536235
169,7536437
953,7536518
994,7536589
1095,7536734
361,7536819
690,7536841
195,7536908
196,7536909
693,7537088
969,7537499
944,7537561
953,7537592
604,7537663
324,7537889
539,7538065
521,7538068
324,7538249
270,7538343
274,7538506
711,7538976
952,7538978
401,7539291
110,7539501
111,7539502
445,7539542
87,7539796
447,7539797
448,7539798
941,7540099
942,7540100
520,7540198
122,7540213
865,7541151
866,7541152
480,7541278
698,7541339
399,7541420
288,7541558
61,7541564
62,7541565
411,7541565
274,7541615
447,7541748
448,7541749
370,7542025
194,7542395
194,7542560
195,7542561
196,7542568
197,7542569
479,7542976
539,7543073
61,7543419
758,7543520
231,7543745
62,7543972
411,7543972
63,7543973
64,7543974
737,7543990
1047,7544011
25,7544278
1073,7544364
1072,7544471
1041,7544775
994,7544826
942,7544844
361,7544856
141,7544907
220,7545168
87,7545182
447,7545183
448,7545184
478,7545210
1050,7545281
1081,7545364
1113,7545429
270,7545837
445,7546274
479,7546494
480,7546495
517,7546958
88,7547168
89,7547169
690,7547171
692,7547173
1048,7547370
274,7547856
348,7548175
88,7548296
89,7548297
90,7548298
722,7548369
26,7548623
830,7548640
56,7548833
169,7549199
955,7549365
56,7549474
286,7549476
976,7549566
977,7549567
996,7549843
25,7549896
26,7549950
674,7550041
905,7550296
953,7550308
154,7550349
1050,7550928
25,7550956
400,7551270
141,7551721
445,7551912
706,7552035
199,7552186
541,7552490
1107,7552680
56,7552881
1047,7552940
1048,7552941
59,7553224
967,7553245
370,7553488
371,7553489
372,7553490
63,7553493
692,7553638
866,7553753
867,7553754
195,7553776
122,7553838
952,7554012
444,7554041
1134,7554264
56,7554578
904,7554584
382,7554788
383,7554789
57,7554803
86,7554915
973,7554925
399,7555129
788,7555189
542,7555280
638,7555281
539,7555581
541,7555583
542,7555584
274,7555740
275,7555741
674,7555819
953,7555921
192,7556045
220,7556398
828,7556636
812,7556997
813,7556998
542,7557065
847,7557074
169,7557083
944,7557168
973,7557337
528,7557424
541,7557502
220,7557551
541,7557960
722,7558008
524,7558205
61,7558404
62,7558405
411,7558405
904,7558447
1107,7558625
325,7558664
175,7558954
1115,7559036
195,7559083
529,7559310
690,7559571
674,7559644
361,7560036
570,7560218
141,7560350
56,7560470
61,7560599
62,7560600
411,7560600
957,7560604
698,7560653
274,7560734
274,7560770
177,7560791
444,7560808
169,7560889
828,7560974
829,7560975
479,7560991
480,7560992
943,7561004
944,7561005
564,7561024
62,7561061
411,7561061
198,7561342
169,7561641
956,7561892
698,7561897
479,7562077
61,7562207
942,7562215
674,7562410
447,7563544
175,7563593
866,7563736
692,7563845
973,7563875
1081,7563993
828,7564238
1071,7564279
1072,7564280
25,7564600
474,7564725
169,7565020
170,7565021
956,7565453
86,7565475
87,7565476
175,7565637
526,7565938
175,7566065
141,7566480
690,7566501
520,7566571
528,7566637
716,7567263
717,7567264
110,7567290
111,7567291
539,7567766
828,7568040
829,7568041
58,7568103
90,7568220
61,7568367
952,7568693
953,7568694
169,7568719
445,7569443
447,7569445
830,7569574
191,7569938
169,7569961
44,7570229
973,7570320
63,7570792
197,7570902
170,7570926
423,7571085
474,7571105
152,7571184
153,7571185
1072,7571413
1073,7571414
270,7571802
539,7571910
692,7571915
692,7572140
528,7572176
589,7572237
479,7572479
865,7572556
194,7572569
541,7572728
192,7572839
193,7572840
166,7572924
167,7572925
168,7572926
169,7572927
170,7572928
171,7572929
199,7573128
200,7573129
957,7573262
697,7573323
539,7573461
274,7573871
539,7574075
541,7574077
169,7574453
444,7574661
711,7575012
830,7575204
288,7575468
847,7575779
1072,7576343
231,7576352
652,7576415
177,7576588
61,7576777
62,7576778
411,7576778
489,7577963
89,7577975
90,7577976
1104,7578119
1106,7578121
1107,7578122
447,7578197
489,7578390
445,7578537
1072,7578603
604,7579016
830,7579063
423,7579350
275,7579414
542,7579527
953,7579639
965,7579773
905,7579788
1134,7579854
905,7579933
288,7580174
447,7580246
1097,7580380
982,7580382
673,7580467
1072,7580622
698,7580639
673,7580952
197,7581381
828,7581567
829,7581568
697,7581616
220,7581939
111,7582391
559,7582515
445,7582611
864,7582667
444,7582735
445,7582736
953,7582871
444,7583024
169,7583628
153,7583708
255,7584094
1097,7584304
804,7584331
324,7584762
25,7584901
604,7584932
61,7585199
866,7585228
867,7585229
697,7585303
698,7585304
699,7585305
864,7585722
830,7585976
274,7586535
977,7586811
1081,7586893
111,7587026
630,7587159
964,7587593
622,7587604
737,7587832
588,7587945
589,7587946
590,7587947
943,7587968
456,7588034
865,7588676
478,7589106
275,7589338
125,7589533
61,7589948
62,7589949
411,7589949
1098,7590245
699,7590373
111,7590408
944,7590452
270,7590457
25,7590485
690,7590542
57,7590713
956,7590903
539,7591491
199,7591647
401,7591679
334,7591704
480,7591720
693,7591785
1047,7592018
1048,7592019
445,7592082
64,7592212
1110,7592217
171,7592564
201,7592727
288,7592767
198,7592801
1098,7592871
191,7593020
169,7593026
170,7593027
171,7593028
383,7593137
270,7593144
973,7593445
122,7593682
539,7593841
1041,7593999
905,7594009
944,7594197
1047,7594350
542,7594449
638,7594450
370,7594544
168,7594649
334,7594705
209,7594969
692,7595020
480,7595022
690,7595370
403,7595662
847,7595694
61,7595882
62,7595883
411,7595883
692,7595970
518,7596130
673,7596152
711,7596170
444,7596349
698,7596500
191,7596533
192,7596534
190,7596592
191,7596593
192,7596594
1097,7596601
711,7596632
204,7596767
1106,7596833
61,7596850
62,7596851
411,7596851
169,7596904
942,7597101
690,7597103
274,7597108
275,7597109
523,7597296
1097,7597378
953,7597566
445,7597805
847,7597814
1081,7597823
175,7598237
576,7598270
673,7598478
982,7598534
97,7598785
1072,7598934
1073,7598935
178,7599035
198,7599252
1110,7599331
231,7599343
232,7599344
652,7599470
528,7599773
386,7599866
698,7599882
191,7600259
382,7600316
383,7600317
447,7600319
448,7600320
965,7600408
25,7600702
688,7600759
1097,7600840
420,7600841
421,7600842
1041,7600907
541,7600970
692,7600974
866,7601013
952,7601092
520,7601179
444,7601320
571,7601525
382,7601700
1012,7601717
64,7601766
197,7601858
659,7601982
660,7601983
192,7602139
1048,7602201
965,7602425
201,7602500
1081,7602507
208,7602512
209,7602513
542,7602746
638,7602747
539,7602772
904,7603045
177,7603052
394,7603213
722,7603239
288,7603787
693,7604097
1097,7604211
230,7604212
231,7604213
348,7604633
651,7604880
194,7605375
177,7605585
955,7605748
88,7605959
89,7605960
690,7605962
110,7606484
753,7606499
56,7606820
849,7606858
86,7607208
25,7607252
722,7607749
1131,7607769
1104,7607772
1106,7607774
1107,7607775
204,7607848
60,7607856
1106,7607907
558,7608006
166,7608189
167,7608190
168,7608191
169,7608192
275,7608224
25,7608607
175,7608695
199,7608850
169,7608918
697,7608926
386,7609247
693,7609325
1134,7609391
570,7609713
288,7609857
261,7610000
288,7610561
965,7610582
56,7610630
722,7610942
334,7611078
444,7611503
445,7611504
383,7611566
447,7611568
445,7611713
63,7611748
64,7611749
178,7611848
122,7611881
141,7611899
373,7612360
374,7612361
952,7612803
953,7612819
539,7613072
604,7613185
830,7613198
541,7613333
964,7613390
952,7613399
274,7613453
692,7613628
175,7613705
197,7613722
474,7613836
478,7614012
542,7614171
274,7614200
566,7614240
567,7614241
576,7614245
361,7614545
334,7614651
847,7614699
96,7614767
953,7614784
274,7615589
56,7615944
286,7615946
177,7615962
692,7616181
559,7616526
403,7616543
604,7616559
564,7616599
1134,7617092
994,7617332
1134,7617559
122,7617768
722,7617987
818,7618158
830,7618222
1072,7618314
1073,7618315
56,7618454
57,7618455
87,7618472
558,7618567
361,7618817
1131,7618870
722,7619030
847,7619263
994,7619495
521,7619545
478,7619546
479,7619547
197,7620259
382,7620475
383,7620476
975,7620523
976,7620524
977,7620525
865,7620590
255,7620737
541,7620787
1106,7620816
810,7621163
942,7621242
275,7621342
394,7621472
1106,7621539
1107,7621540
1108,7621803
847,7621941
25,7621998
288,7622022
866,7622312
61,7622401
62,7622402
411,7622402
517,7622457
141,7622584
444,7622636
558,7622777
539,7622949
396,7622999
1089,7622999
707,7623222
828,7623621
829,7623622
92,7623740
348,7623755
904,7623868
953,7623869
269,7624090
1047,7624112
153,7624517
1047,7624598
445,7624851
674,7624930
953,7624972
1081,7625562
193,7625563
952,7625607
269,7625952
270,7625953
88,7626063
89,7626064
90,7626065
1098,7626160
1099,7626161
324,7626250
1098,7626342
969,7626634
866,7626714
847,7626791
368,7626799
394,7627139
395,7627140
270,7627141
758,7627450
539,7627941
567,7627958
254,7628002
255,7628003
952,7628011
956,7628151
690,7628392
87,7628758
201,7629174
199,7629177
200,7629178
201,7629179
420,7629196
421,7629197
87,7629261
698,7629435
370,7629605
197,7629638
942,7629719
867,7629927
337,7629948
88,7630026
89,7630027
90,7630028
781,7630137
698,7630258
122,7630279
274,7630317
693,7630405
361,7630407
1106,7630426
382,7630887
523,7631253
194,7631978
1134,7632042
141,7632354
1047,7632362
370,7632478
952,7632655
652,7632740
942,7633325
690,7633327
692,7633329
994,7633370
1072,7633736
521,7633983
478,7633984
523,7634021
524,7634022
541,7634458
905,7634526
943,7634546
865,7634625
197,7634717
567,7634758
568,7634759
62,7634962
411,7634962
722,7634987
63,7634999
64,7635000
567,7635052
568,7635053
956,7635209
673,7635404
176,7636335
383,7636544
518,7636577
673,7636663
81,7636859
941,7637139
170,7637229
394,7637367
395,7637368
177,7637529
178,7637530
698,7637531
965,7637717
1001,7638040
904,7638115
92,7638127
697,7638747
698,7638748
1114,7638790
981,7638893
982,7638894
141,7638949
274,7639236
382,7639327
383,7639328
401,7639804
977,7639964
690,7640066
865,7640304
1106,7640514
1107,7640515
1108,7640516
847,7640547
274,7640639
275,7640640
528,7641120
445,7641164
89,7641305
722,7641698
942,7641877
444,7641895
445,7641896
847,7642326
1106,7642342
152,7642602
722,7642625
177,7642908
361,7643269
209,7643280
92,7643364
374,7643709
941,7643744
942,7643745
690,7643747
1081,7643886
193,7643887
141,7644106
209,7644541
56,7644753
57,7644754
690,7644777
1072,7644792
1073,7644793
270,7644805
954,7644897
541,7645036
541,7645084
325,7645822
1134,7645853
370,7646192
1106,7646223
122,7646266
539,7646374
1012,7646376
980,7646482
1072,7646700
96,7646876
26,7646955
122,7647286
1047,7647440
539,7647484
829,7648016
175,7648023
847,7648134
567,7648235
444,7648482
941,7648737
270,7648783
956,7649113
957,7649114
92,7649563
61,7649647
62,7649648
411,7649648
201,7649831
202,7649832
952,7649848
261,7649993
965,7650066
559,7650522
692,7650538
1131,7650714
1106,7650724
1107,7650725
659,7651224
270,7651623
702,7651733
703,7651734
704,7651735
566,7651968
567,7651969
269,7652222
270,7652223
1081,7652562
81,7652847
952,7652893
566,7652933
567,7652934
697,7652981
698,7652982
702,7653125
63,7653202
64,7653203
194,7653838
175,7653886
698,7653896
977,7654110
541,7654226
194,7654243
576,7654357
956,7654452
977,7654580
1009,7654584
1010,7654585
541,7654587
847,7654860
419,7655164
1098,7655165
559,7655169
865,7655234
866,7655235
867,7655236
904,7655309
953,7655317
274,7655370
604,7655460
1106,7656064
478,7656686
865,7656821
209,7657211
566,7657249
567,7657250
568,7657251
830,7657340
830,7657769
298,7657848
192,7657853
193,7657854
829,7658082
667,7658304
567,7658841
568,7658842
942,7659017
197,7659235
710,7659498
566,7659517
567,7659518
325,7659561
382,7660255
383,7660256
382,7660377
383,7660378
944,7660440
382,7660496
383,7660497
520,7661374
525,7661749
526,7661750
541,7661836
479,7662006
274,7662152
564,7662173
111,7662922
713,7663279
714,7663280
713,7663394
714,7663395
87,7663531
370,7663785
1106,7663963
288,7664206
528,7664490
590,7664508
368,7664509
369,7664510
197,7664741
942,7664798
975,7664830
976,7664831
977,7664832
692,7664844
722,7664956
270,7665024
1098,7665044
865,7665054
866,7665055
474,7665098
651,7665140
942,7665378
399,7665472
400,7665473
401,7665474
370,7665534
400,7665673
1113,7665729
96,7665775
1097,7665992
230,7665993
92,7666002
692,7666047
348,7666101
1098,7666203
444,7666220
192,7666716
526,7667089
952,7667404
170,7667527
361,7667574
56,7667721
456,7667769
334,7667908
382,7667910
383,7667911
447,7667913
692,7668000
994,7668212
995,7668213
996,7668214
445,7668820
994,7668858
1104,7668863
62,7669846
411,7669846
169,7669925
26,7669977
692,7670076
829,7670140
692,7670361
693,7670362
1073,7670569
904,7670575
829,7670635
828,7670953
829,7670954
830,7670955
348,7671018
828,7671205
829,7671206
286,7671257
287,7671258
197,7671414
198,7671415
191,7671446
867,7671577
595,7671593
526,7671622
804,7671709
570,7671719
828,7671842
829,7671843
197,7671915
61,7672186
62,7672187
411,7672187
595,7672243
25,7672358
1047,7672532
194,7672555
195,7672556
1104,7672616
202,7672752
254,7673298
170,7673475
955,7673940
92,7674158
523,7674214
955,7674583
956,7674584
419,7674651
230,7674652
196,7674690
92,7674772
692,7674776
693,7674777
980,7674894
558,7675189
690,7675599
220,7675777
1131,7675885
1104,7675888
111,7676160
973,7676189
122,7676217
977,7676359
191,7676463
192,7676464
193,7676465
170,7676522
674,7676749
953,7676827
56,7677029
57,7677030
191,7677056
192,7677057
25,7677237
828,7677614
368,7677698
369,7677699
370,7677700
202,7677722
193,7677753
944,7677896
829,7678091
722,7678191
202,7678397
954,7678477
955,7678478
194,7678582
1097,7678885
191,7678891
170,7679234
956,7679406
957,7679407
952,7679414
122,7679429
692,7679752
480,7679754
576,7679776
87,7679822
197,7679909
198,7679910
812,7679946
813,7679947
194,7680063
1072,7680210
1047,7680489
334,7680506
274,7680823
944,7680944
274,7681017
940,7681381
520,7681391
967,7681497
175,7681590
711,7681630
539,7682121
638,7682124
197,7682242
444,7682314
952,7682380
274,7682394
209,7682453
539,7682529
693,7682672
953,7682765
56,7682835
60,7682880
722,7683066
92,7683447
371,7683503
967,7683504
622,7683597
847,7683759
847,7683825
830,7683979
479,7683990
479,7684276
177,7684466
830,7684644
980,7684793
111,7684929
288,7685003
479,7685040
209,7685433
208,7685713
209,7685714
541,7686114
944,7686161
444,7686175
111,7686500
1072,7686631
1073,7686632
855,7686797
25,7686880
382,7686952
956,7687547
957,7687548
87,7687727
196,7687822
348,7687825
576,7687910
141,7687922
558,7687981
152,7687995
61,7688354
1103,7688406
1047,7688433
401,7688537
541,7688886
659,7689000
955,7689024
97,7689377
288,7689390
1110,7689436
111,7689520
1134,7689522
1100,7689883
197,7690003
722,7690422
905,7690590
754,7690834
755,7690835
1134,7690861
177,7690936
1009,7691133
1010,7691134
209,7691350
220,7691484
566,7691497
567,7691498
847,7691511
1106,7691664
1107,7691665
715,7692092
1113,7692121
604,7692750
781,7692795
125,7692845
952,7693154
697,7693160
57,7693192
58,7693193
59,7693194
952,7693195
154,7693486
155,7693487
169,7693806
170,7693807
171,7693808
1097,7693838
526,7694148
169,7694187
170,7694188
274,7694404
530,7694605
542,7694870
169,7694919
57,7695140
1072,7695219
1073,7695220
1050,7695352
965,7695378
1001,7695439
169,7695711
170,7695712
171,7695713
604,7695763
590,7696437
652,7696449
61,7696506
62,7696507
411,7696507
570,7696590
1064,7696641
651,7696714
542,7696792
711,7696808
973,7696969
697,7697114
954,7697222
370,7697288
558,7697379
178,7697426
698,7697427
61,7697600
1090,7698049
275,7698196
169,7698512
754,7698682
141,7699048
590,7699141
368,7699142
829,7699315
521,7699440
478,7699441
952,7699526
361,7699540
917,7700666
275,7700968
1072,7701012
175,7701235
474,7701417
651,7701496
447,7701685
448,7701686
980,7701767
667,7701844
56,7702165
169,7702172
952,7702234
220,7702393
544,7702445
829,7702670
475,7702679
944,7702814
175,7703207
194,7703260
110,7703355
111,7703356
828,7703493
541,7703516
175,7703558
568,7703598
530,7704412
1041,7704598
829,7705153
255,7705334
834,7705402
703,7705695
704,7705696
917,7706011
25,7706016
828,7706034
275,7706158
828,7706383
829,7706384
57,7706421
1113,7706849
993,7707061
994,7707062
196,7707446
196,7707659
64,7707807
1098,7707936
1103,7708046
191,7708197
1098,7708201
122,7708481
604,7708556
952,7708843
25,7708927
201,7709117
967,7709268
693,7709490
690,7709502
904,7709762
197,7709819
152,7710003
61,7710041
1050,7710110
275,7710217
1134,7710351
829,7710453
1072,7710701
1048,7710714
980,7710936
421,7710938
1050,7710962
638,7711010
419,7711200
973,7711403
973,7711565
1047,7711625
56,7711825
57,7711826
955,7711870
288,7711980
289,7711981
697,7712066
904,7712080
59,7712127
60,7712128
61,7712129
690,7712192
525,7712259
722,7712610
690,7712812
998,7712969
324,7712970
952,7712994
1134,7713012
1101,7713432
702,7713807
254,7714162
111,7714440
231,7714447
1099,7714679
62,7714908
411,7714908
192,7714937
994,7715022
870,7715253
1097,7715266
830,7715504
175,7715519
61,7715690
520,7715944
1134,7716373
104,7716455
965,7716602
275,7716730
542,7716846
692,7717131
275,7717218
1134,7717394
61,7717406
62,7717407
411,7717407
412,7717618
194,7717918
195,7717919
196,7717920
197,7717921
92,7717924
965,7718526
58,7718565
59,7718566
952,7718567
197,7718665
479,7718727
1134,7718802
1134,7718839
847,7719105
1095,7719174
829,7719492
270,7719711
25,7719792
26,7719793
965,7719847
715,7719946
693,7720079
63,7720203
178,7720243
967,7720640
1041,7720783
153,7720865
270,7721018
710,7721400
274,7721714
192,7721999
175,7722116
196,7722163
197,7722164
1047,7722355
830,7722529
175,7722533
56,7722929
865,7722939
201,7722952
780,7723062
977,7723095
25,7723217
298,7723219
576,7723887
864,7723945
866,7724063
867,7724064
1072,7724272
1134,7724367
652,7724446
1041,7724486
175,7724650
530,7724677
674,7724935
539,7724969
566,7725166
567,7725167
260,7725329
1098,7725431
692,7725530
693,7725531
567,7725723
568,7725724
698,7725821
209,7726617
698,7726649
169,7726855
192,7726884
539,7727498
702,7727501
703,7727502
704,7727503
479,7727639
230,7727817
474,7728105
401,7728808
1050,7728822
1113,7728872
830,7729007
818,7729059
570,7729991
781,7730329
975,7730406
976,7730407
652,7730639
866,7730650
559,7730711
176,7730816
177,7730817
1072,7731068
1106,7731153
1041,7731326
830,7731443
1041,7731527
288,7731753
867,7731842
953,7732206
604,7732623
754,7732712
706,7732976
1050,7733088
1047,7733410
693,7733618
479,7733802
828,7733935
829,7733936
753,7734059
445,7734340
942,7734383
178,7734470
559,7734646
275,7734755
276,7734756
722,7734762
286,7735470
287,7735471
176,7735675
528,7735721
176,7735870
348,7736203
1072,7736276
830,7736414
977,7736458
1008,7736501
781,7736522
197,7736657
270,7737295
44,7737387
673,7737392
473,7737415
153,7737515
660,7737676
382,7737846
383,7737847
447,7737849
544,7737936
419,7738695
420,7738696
421,7738697
544,7738787
1113,7739024
254,7739135
61,7739165
168,7739564
270,7739632
274,7739689
275,7739690
75,7739978
170,7740239
568,7740458
569,7740459
141,7740658
994,7740668
208,7740745
209,7740746
479,7740772
480,7740773
57,7740890
96,7740903
944,7740929
275,7741185
111,7741339
177,7741463
866,7741616
867,7741617
693,7741677
828,7741697
829,7741698
399,7741925
542,7741943
829,7742109
804,7742174
342,7742289
564,7742507
400,7742511
976,7742706
977,7742707
63,7742772
324,7742864
650,7742910
630,7743021
828,7743066
829,7743067
96,7743207
981,7743290
982,7743291
231,7743500
541,7743752
542,7743753
274,7744068
270,7744096
56,7744125
57,7744126
1081,7744153
386,7744316
1107,7744382
1047,7744576
638,7744587
209,7744750
394,7744790
395,7744791
270,7744792
521,7745160
270,7745721
270,7745742
941,7746105
942,7746106
690,7746108
692,7746110
1072,7746532
703,7746774
704,7746775
539,7746985
521,7747084
940,7747208
539,7747411
444,7747871
111,7747881
191,7747895
288,7748128
1072,7748203
1134,7748207
692,7748402
835,7748419
274,7748515
269,7748711
753,7748860
1081,7748879
193,7748880
539,7749125
1101,7749468
1134,7749471
141,7749751
141,7749842
141,7749933
1134,7750088
158,7750213
158,7750384
944,7750413
539,7750565
399,7750568
400,7750569
520,7750573
521,7750574
1134,7750722
660,7751036
781,7752080
953,7752208
954,7752209
955,7752290
1113,7752317
199,7752585
944,7752675
196,7752728
197,7752729
956,7752804
1036,7753145
967,7753146
965,7753212
1099,7753461
1100,7753462
61,7753576
973,7753765
604,7753773
209,7753929
372,7754151
542,7754410
638,7754411
1072,7754660
1073,7754661
953,7754872
566,7754955
1041,7755003
274,7755134
693,7755275
361,7755277
209,7755342
539,7755391
818,7756020
269,7756033
270,7756034
828,7756110
1114,7756343
541,7756503
56,7757256
965,7757436
89,7757532
90,7757533
382,7757833
383,7757834
967,7758135
967,7758142
588,7758579
904,7758689
651,7758819
382,7758889
980,7758984
421,7758986
447,7759024
194,7759137
953,7759213
866,7759229
867,7759230
201,7759278
334,7759532
191,7759712
993,7759760
88,7759892
967,7759895
523,7760889
1048,7761027
122,7761033
520,7761121
270,7761213
194,7761261
274,7761275
204,7761641
541,7761652
372,7761737
369,7761800
370,7761801
693,7761828
566,7762082
567,7762083
199,7762166
690,7762205
498,7762215
973,7762272
478,7762373
479,7762374
980,7762607
652,7762951
122,7763686
965,7763755
944,7764635
692,7764695
870,7764823
197,7765123
477,7765164
865,7765194
500,7765272
1131,7765526
194,7765682
956,7766229
170,7766308
196,7766693
62,7766733
411,7766733
567,7767540
568,7767541
830,7767858
396,7768000
1089,7768000
1090,7768001
198,7768157
169,7768198
994,7768592
605,7768601
62,7768610
411,7768610
412,7768611
941,7769045
942,7769046
541,7769220
270,7769411
1134,7769483
953,7769649
1111,7769896
88,7770019
89,7770020
175,7770175
605,7770750
870,7770812
870,7770842
576,7770870
1098,7770876
758,7771130
288,7771145
370,7771626
520,7771797
368,7772007
1047,7772096
973,7772149
558,7772361
1072,7772596
421,7772726
829,7772794
576,7773042
524,7773251
525,7773252
559,7773722
270,7773937
361,7774178
447,7774210
448,7774211
1098,7774231
541,7774253
455,7774489
176,7774679
177,7774680
781,7775046
698,7775066
697,7775501
383,7775518
1073,7775767
61,7775874
479,7776235
811,7776241
998,7776337
324,7776338
274,7776459
176,7776496
171,7776755
1101,7776835
169,7777416
169,7777458
168,7777463
905,7777469
539,7777623
342,7777667
690,7777723
692,7777725
996,7778373
818,7778394
59,7778437
539,7778644
122,7778732
539,7779133
1047,7779172
520,7779237
1100,7779301
274,7779385
479,7779549
122,7779569
56,7779667
690,7779671
1047,7780019
1048,7780020
865,7780384
905,7780399
57,7780402
866,7780439
542,7780807
543,7780808
169,7780811
520,7780942
818,7781235
692,7781456
274,7781752
288,7781832
559,7781990
965,7782212
622,7782286
1047,7782289
1048,7782290
372,7782504
737,7782513
59,7782750
952,7782751
905,7782752
722,7783174
692,7783691
698,7783733
260,7783868
638,7783920
1047,7783938
866,7783943
847,7784067
198,7784141
692,7784557
527,7784810
528,7784811
559,7785125
673,7785811
690,7786104
541,7786268
954,7786666
270,7786739
270,7787046
274,7787050
275,7787051
25,7787220
361,7788241
61,7788302
62,7788303
411,7788303
855,7788575
175,7788592
153,7788657
722,7788925
269,7789280
270,7789281
559,7789425
269,7789658
1081,7789818
153,7789881
944,7789973
541,7790108
474,7790280
196,7790289
447,7790335
698,7790375
566,7790539
942,7790929
697,7790963
566,7791056
567,7791057
568,7791058
270,7791160
255,7791251
1072,7791388
692,7791468
830,7791574
286,7791685
374,7791695
976,7791764
62,7791775
411,7791775
541,7791782
564,7791891
693,7791949
605,7792190
710,7792306
829,7792441
830,7792442
270,7792495
865,7792527
828,7792546
829,7792547
659,7792556
942,7792599
92,7792631
1047,7792747
904,7793193
56,7793395
1041,7793454
697,7793784
755,7793806
572,7793844
1081,7794092
964,7794135
965,7794136
255,7794386
1072,7794419
111,7794631
528,7794700
373,7794738
88,7794869
89,7794870
193,7794898
1073,7794951
1041,7794998
194,7795265
829,7795314
674,7795327
270,7795357
111,7795491
288,7795798
1112,7795827
56,7795874
57,7795875
88,7795946
194,7796008
195,7796009
1047,7796059
274,7796210
444,7796291
973,7796338
193,7796654
177,7796750
86,7797026
1106,7797046
1107,7797047
170,7797308
171,7797309
939,7797333
940,7797334
480,7797402
941,7797508
942,7797509
692,7797773
1072,7797819
445,7797859
25,7798057
270,7798142
539,7798275
399,7798278
400,7798279
1081,7798515
692,7798604
1047,7798880
168,7799046
517,7799145
372,7799339
274,7799449
479,7799505
622,7799521
690,7800276
847,7800301
370,7800383
192,7800614
878,7800654
399,7800772
44,7800788
977,7801040
967,7801239
192,7801260
193,7801261
1036,7801361
967,7801362
526,7801445
92,7801579
1047,7801652
673,7801888
25,7801920
298,7801922
566,7801929
567,7801930
158,7802099
419,7802252
982,7802682
382,7802910
382,7803213
372,7803215
529,7803358
382,7803415
1104,7803417
939,7803485
940,7803486
758,7803582
539,7803632
864,7803802
445,7803934
447,7803936
201,7804143
577,7804321
1104,7804370
526,7804747
201,7804983
866,7805258
867,7805259
818,7805315
170,7805370
56,7805497
288,7805568
167,7805766
168,7805767
1104,7805861
866,7805949
867,7805950
964,7806001
651,7806537
754,7806760
198,7806925
870,7807225
964,7807230
965,7807231
62,7807308
411,7807308
154,7808065
195,7808311
196,7808312
178,7808353
444,7808617
982,7808691
386,7808704
541,7809338
87,7809498
447,7809499
964,7809959
175,7810303
780,7810351
781,7810352
690,7810353
197,7810422
199,7810679
698,7810811
334,7811362
781,7811504
111,7811635
977,7811846
521,7812062
478,7812063
753,7812510
57,7812837
944,7812851
941,7813185
722,7813367
525,7813695
526,7813696
286,7813769
474,7814001
1047,7814099
1050,7814201
61,7814608
62,7814609
411,7814609
998,7814646
324,7814647
274,7814744
1106,7814928
1107,7814929
1108,7814930
1131,7815193
373,7815321
374,7815322
261,7815869
866,7815890
270,7816019
722,7816176
944,7816282
270,7816391
698,7816499
526,7816517
169,7816622
673,7816798
674,7816799
865,7817012
274,7817022
1012,7817096
559,7817510
254,7817656
830,7817839
175,7817843
1134,7818046
399,7818559
25,7818566
539,7818738
421,7819000
994,7819062
758,7819077
1097,7819205
420,7819206
421,7819207
520,7819255
543,7819256
716,7819466
717,7819467
1131,7819482
967,7819676
399,7819908
855,7820092
196,7820114
479,7820207
168,7820210
169,7820211
604,7820570
967,7820664
973,7820884
604,7820928
479,7821082
61,7821268
940,7821344
288,7821413
967,7821420
955,7821540
1081,7821579
973,7821601
361,7821739
690,7821771
804,7821878
208,7821984
209,7821985
419,7822069
1098,7822070
445,7822324
722,7822378
1108,7822693
169,7822755
370,7822790
942,7822869
524,7823193
1041,7823429
334,7823491
194,7823504
973,7823529
444,7823565
370,7823653
905,7823784
197,7823814
480,7823893
171,7824280
788,7824384
1097,7824390
368,7824435
866,7824457
559,7824481
158,7825020
942,7825039
56,7825257
87,7825610
692,7826240
480,7826242
944,7826453
967,7826471
400,7826593
274,7826602
651,7826891
200,7826978
706,7827137
342,7827226
558,7827334
177,7827452
955,7827623
965,7827665
1081,7827717
25,7827748
956,7828097
541,7828260
170,7828314
170,7828395
201,7829272
1012,7829354
693,7829425
944,7829613
688,7829666
198,7830068
905,7830137
194,7830370
1081,7830452
674,7830509
559,7830581
63,7830698
64,7830699
170,7830779
171,7830780
543,7830971
544,7830972
56,7831356
61,7831538
62,7831539
411,7831539
62,7831720
411,7831720
521,7831790
1134,7832193
638,7832423
1072,7832705
1098,7832860
1098,7833109
175,7833320
372,7833351
196,7833944
1106,7834293
944,7834314
110,7834353
209,7834473
197,7834578
589,7834595
722,7834781
830,7834985
828,7835012
275,7835196
941,7835215
111,7835258
941,7835308
528,7835339
90,7835379
87,7835414
544,7835584
878,7835886
57,7835998
196,7836446
204,7836963
904,7836987
905,7836988
274,7837358
192,7837480
520,7838272
479,7838386
97,7838396
541,7838506
170,7838838
171,7838839
394,7839052
395,7839053
1081,7839364
954,7839391
722,7839699
690,7839931
659,7839965
348,7840094
194,7840200
195,7840201
196,7840202
956,7840249
539,7840263
1081,7840270
722,7840795
674,7840846
693,7841092
847,7841420
196,7841688
197,7841689
692,7841941
1047,7841986
169,7842023
520,7842062
25,7842114
1081,7842285
177,7842514
520,7843026
690,7843264
944,7843374
630,7843831
25,7844018
576,7844566
711,7844795
394,7845318
395,7845319
994,7845392
1106,7845428
1107,7845429
64,7845446
957,7845500
191,7845878
690,7845909
737,7845997
194,7846105
1008,7846641
111,7846722
445,7846962
92,7847055
994,7847133
994,7847412
63,7847555
64,7847556
829,7847763
956,7847860
957,7847861
171,7847951
447,7848046
829,7848131
447,7848141
448,7848142
447,7848390
447,7848636
270,7848672
90,7848811
1041,7849000
1134,7849258
44,7849321
444,7849559
269,7849647
944,7849776
444,7850429
479,7850483
168,7850486
169,7850487
673,7850594
674,7850595
125,7850622
370,7851082
444,7851361
980,7851647
191,7851659
192,7851660
178,7851725
698,7851726
57,7851856
865,7851928
566,7852130
567,7852131
1107,7852138
818,7852573
479,7852841
944,7853315
192,7853831
652,7854112
754,7854137
171,7854383
692,7854423
192,7854461
965,7854606
197,7854936
479,7854940
652,7855051
373,7855073
374,7855074
169,7855170
25,7855646
638,7855667
25,7856001
953,7856290
693,7856541
942,7856721
690,7856723
198,7857010
539,7857247
965,7857288
711,7857299
1113,7857410
111,7857724
197,7857823
382,7857972
169,7858859
965,7859430
942,7859453
175,7859712
194,7859756
1059,7859867
1098,7860222
604,7860289
973,7860374
61,7860582
954,7860628
286,7860727
287,7860728
1134,7860781
403,7860854
90,7860921
1134,7860979
1097,7861174
1098,7861175
753,7861309
141,7861340
692,7861444
370,7861529
371,7861530
967,7861531
673,7861699
688,7861971
169,7862042
194,7862089
1134,7862495
830,7862513
382,7862788
170,7863178
171,7863179
168,7863224
944,7863412
589,7863567
944,7863745
758,7863852
62,7863985
411,7863985
1121,7864167
866,7864427
956,7864446
374,7864604
973,7864783
86,7864961
692,7864987
396,7865317
1089,7865317
1090,7865318
196,7865577
197,7865578
399,7865740
400,7865741
982,7865751
445,7865878
153,7865901
539,7866025
964,7866524
965,7866525
829,7866849
830,7866850
652,7866895
941,7867068
942,7867069
57,7867174
386,7867183
943,7867221
111,7867339
444,7867457
520,7867460
270,7868009
952,7868191
704,7868238
270,7868300
274,7868304
192,7868929
604,7869076
254,7869473
141,7869518
941,7870449
867,7870739
754,7870856
168,7870859
191,7870914
170,7870940
171,7870941
111,7871133
58,7871141
528,7871620
529,7871621
558,7871897
269,7872160
674,7872256
942,7872288
673,7872370
818,7872449
638,7872598
976,7872630
944,7872786
97,7872903
208,7873113
401,7873146
539,7873256
298,7873353
382,7873406
576,7873546
638,7873805
977,7873939
864,7874321
539,7874651
541,7874653
576,7874671
690,7874853
86,7875094
1081,7875213
541,7875340
528,7875929
474,7875968
111,7875987
62,7876203
411,7876203
274,7876274
275,7876275
361,7876292
539,7876515
904,7876890
953,7876891
25,7876905
660,7876988
1134,7877058
57,7877076
981,7877855
890,7877913
197,7878050
690,7878063
270,7878131
870,7878156
169,7879033
61,7879199
361,7879235
567,7879366
269,7879630
197,7879678
981,7879708
941,7879881
566,7879954
567,7879955
269,7879963
275,7881093
539,7881393
288,7881405
175,7881513
86,7881541
25,7881691
521,7881982
92,7882086
274,7882602
59,7882685
952,7882686
953,7882687
1101,7882789
1134,7882792
153,7882850
944,7883409
141,7883491
1081,7883569
111,7883584
456,7883659
904,7883664
275,7883958
956,7884026
541,7884270
542,7884271
521,7884272
478,7884273
122,7884801
56,7884815
944,7884819
829,7884840
274,7885443
399,7885508
400,7885509
401,7885510
275,7885579
967,7885997
64,7886168
541,7886366
904,7886377
941,7886664
942,7886665
690,7886667
1081,7886720
193,7886721
527,7886778
571,7886895
479,7886970
692,7887012
479,7887022
169,7887242
170,7887243
275,7887247
141,7887277
698,7887436
1012,7887474
976,7887654
977,7887655
56,7887797
286,7887799
287,7887800
288,7887801
421,7887981
177,7887992
520,7888209
638,7888210
199,7888466
200,7888467
754,7888475
386,7888524
564,7888569
275,7888721
539,7888726
169,7888756
673,7888769
973,7888787
956,7888879
204,7888977
169,7889242
170,7889243
202,7889293
325,7889345
711,7889349
198,7889513
25,7889714
26,7889715
973,7889776
526,7889953
191,7889999
192,7890000
560,7890044
199,7890093
25,7890194
722,7890270
195,7890309
956,7890761
541,7890844
542,7890845
447,7890860
220,7890887
374,7890905
965,7891082
447,7891085
445,7891164
57,7891469
942,7891506
171,7891641
812,7891807
813,7891808
692,7891995
122,7892189
445,7892221
973,7892372
1048,7892377
1106,7892402
1107,7892403
566,7892561
567,7892562
568,7892563
818,7892659
518,7892703
692,7892751
445,7892759
526,7892770
527,7892771
673,7892795
197,7893026
604,7893070
698,7893349
589,7893398
169,7893705
57,7893971
780,7893999
829,7894317
171,7894407
1097,7894520
956,7894549
829,7894628
690,7894821
1131,7895076
1047,7895114
270,7895151
973,7895248
1001,7895491
194,7895508
445,7895536
110,7895899
953,7895971
194,7896014
288,7896173
576,7896258
382,7896296
542,7897183
638,7897184
975,7897215
976,7897216
977,7897217
1106,7897230
622,7897332
175,7897474
56,7897867
993,7897870
994,7897871
1047,7898069
56,7898082
57,7898083
952,7898345
419,7898347
169,7898428
905,7898709
478,7898795
905,7898838
195,7899029
196,7899030
941,7899047
942,7899048
905,7899122
697,7899306
479,7899716
201,7899724
829,7899743
175,7899814
955,7899992
964,7900053
668,7900056
192,7900078
170,7900256
980,7900283
981,7900284
982,7900285
652,7900595
191,7900776
942,7900803
652,7900856
944,7901440
874,7901613
175,7901641
175,7902065
86,7902730
87,7902731
829,7902747
170,7903183
274,7903498
270,7903707
383,7903825
698,7903833
152,7903952
967,7904236
153,7904463
953,7904725
61,7904947
88,7905284
89,7905285
202,7905378
693,7905680
829,7905759
692,7905793
693,7905794
191,7905818
192,7905819
193,7905820
274,7906039
944,7906201
964,7906691
965,7906692
589,7906841
1041,7906971
944,7907038
964,7907282
965,7907283
864,7907290
955,7907332
956,7907333
957,7907334
445,7907467
855,7907531
818,7907625
191,7907703
541,7907734
542,7907735
521,7907736
604,7907946
847,7908096
867,7908474
541,7908480
542,7908481
847,7908499
178,7908514
571,7908535
572,7908536
445,7908775
169,7908844
567,7908968
270,7909256
474,7909328
288,7909453
541,7909471
209,7909590
828,7909637
829,7909638
570,7909722
168,7909885
830,7910543
520,7910584
201,7910637
818,7910749
571,7910774
122,7910810
288,7911016
905,7911046
57,7911049
542,7911097
521,7911098
692,7911297
518,7911468
191,7911490
693,7911712
25,7911779
571,7911919
944,7912012
1134,7912611
286,7912654
541,7912682
421,7913062
847,7913112
1134,7913160
1072,7913423
479,7913437
480,7913438
86,7913458
61,7913513
62,7913514
411,7913514
1072,7913576
830,7913630
25,7913811
25,7914147
905,7914243
905,7914507
1134,7914694
1134,7915127
288,7915167
191,7915187
711,7915241
175,7915369
559,7915681
274,7915816
668,7915838
942,7915860
56,7915972
1095,7916166
342,7916517
343,7916518
1009,7916785
1010,7916786
543,7916789
544,7916790
288,7916888
158,7917171
1059,7917369
169,7917442
576,7917690
955,7917754
1081,7918074
274,7918094
275,7918095
956,7918303
964,7918344
690,7918552
692,7918554
955,7918659
956,7918660
957,7918661
191,7918840
558,7919705
559,7919706
56,7919742
781,7919782
781,7920028
847,7920524
382,7920541
520,7920544
1071,7920825
1072,7920826
129,7920991
1008,7921322
412,7921596
168,7921667
1047,7921689
1099,7921755
1100,7921756
1101,7921757
1134,7921760
828,7921858
829,7921859
973,7921899
523,7921905
524,7921906
288,7921954
63,7922118
866,7922388
867,7922389
474,7922596
944,7922702
194,7922810
673,7922858
952,7922901
154,7923729
155,7923730
847,7923753
1047,7924444
158,7924546
541,7924639
957,7924770
980,7925059
270,7925133
209,7925175
254,7925190
541,7925238
58,7925559
270,7925751
1081,7925898
193,7925899
693,7926082
1104,7926280
1041,7926493
475,7926754
1047,7927354
943,7927723
944,7927724
192,7928020
175,7928254
399,7928322
169,7928334
61,7928427
62,7928428
411,7928428
254,7929034
274,7929266
692,7929418
944,7929525
965,7929658
1104,7929660
194,7929696
994,7929976
361,7930142
710,7930218
169,7930338
170,7930339
955,7930576
541,7930669
829,7930991
197,7931054
1047,7931188
274,7931219
595,7931238
1048,7931316
231,7931773
232,7931774
559,7931900
564,7931989
168,7932015
981,7932354
56,7932540
57,7932541
559,7932557
964,7932579
965,7932580
399,7932635
830,7932733
542,7932850
951,7932878
952,7932879
953,7932880
905,7932976
737,7933012
541,7933041
638,7933064
270,7933099
830,7933105
1099,7933222
1100,7933223
25,7933867
692,7933976
693,7933977
830,7933981
175,7934136
176,7934137
175,7934252
176,7934253
196,7934268
197,7934269
25,7934401
1072,7934545
693,7934799
622,7935278
542,7935443
542,7935449
169,7935470
191,7935624
269,7935935
270,7935936
904,7936025
754,7936031
942,7936626
904,7936644
855,7936781
1071,7936790
1072,7936791
690,7936985
542,7937014
638,7937015
445,7937097
63,7937278
197,7937637
90,7937835
191,7938100
829,7938199
201,7939168
944,7939239
964,7939493
965,7939494
62,7939531
411,7939531
62,7939607
411,7939607
192,7939699
198,7939918
56,7939992
1072,7940121
688,7940248
973,7940329
1047,7940410
26,7940420
818,7940739
57,7940841
445,7940961
89,7941129
693,7941178
829,7941257
804,7941476
688,7941486
994,7941532
154,7941570
448,7941767
590,7941819
368,7941820
369,7941821
88,7942092
89,7942093
26,7942098
125,7942356
1100,7942520
445,7942695
830,7942801
524,7942810
96,7943126
539,7943160
702,7943163
445,7943180
1081,7943313
576,7943573
954,7943647
955,7943648
1081,7943728
780,7944052
368,7944067
693,7944076
568,7944327
569,7944328
558,7944364
559,7944365
1101,7944519
197,7944739
998,7945104
324,7945105
274,7945362
866,7945607
847,7945632
270,7946269
1134,7946414
342,7946895
168,7947246
1134,7947596
953,7947702
386,7947723
1018,7947787
192,7947880
193,7947881
956,7947970
622,7948001
382,7948198
383,7948199
967,7948208
847,7948781
158,7948824
690,7948889
539,7948987
693,7948994
692,7949029
693,7949030
847,7950230
62,7950264
411,7950264
394,7950457
395,7950458
270,7950459
566,7950470
567,7950471
568,7950472
956,7950490
957,7950491
25,7950617
192,7950838
92,7950840
177,7950890
993,7951174
804,7951356
692,7951488
693,7951489
788,7951741
638,7951746
570,7951821
940,7951899
169,7951910
673,7951957
473,7952063
445,7952088
324,7952209
274,7952556
394,7952607
394,7952649
995,7952745
996,7952746
692,7952835
693,7952836
270,7953125
57,7953365
58,7953366
941,7953536
942,7953537
62,7953882
411,7953882
361,7954018
386,7954107
274,7954147
517,7954431
1113,7954553
270,7954594
942,7954690
693,7955078
420,7955234
200,7955347
201,7955348
1104,7955359
847,7955530
122,7955691
1134,7955724
1106,7955778
781,7956014
1047,7956372
1072,7956640
122,7956811
829,7956902
1097,7957153
953,7957404
541,7957438
542,7957439
710,7957472
175,7957881
81,7957900
604,7957980
56,7958205
993,7958208
110,7958263
111,7958264
847,7958316
788,7958488
693,7958506
177,7958674
622,7958790
254,7958924
444,7959097
445,7959098
58,7959289
177,7959499
904,7959756
953,7959757
194,7960065
195,7960066
152,7960175
153,7960176
445,7960482
564,7960552
169,7960722
998,7960950
324,7960951
994,7960955
1104,7960964
722,7961694
447,7961801
981,7962197
570,7962327
169,7962338
197,7962544
198,7962545
692,7962626
829,7962745
288,7962761
289,7962762
980,7962772
1131,7963652
605,7963720
964,7963758
965,7963759
141,7963774
1106,7963840
255,7963867
289,7963963
286,7964219
651,7964409
942,7964460
690,7964462
692,7964464
199,7964524
200,7964525
201,7964526
980,7964574
396,7964633
1089,7964633
1090,7964634
403,7964699
518,7964708
1090,7964709
288,7964811
199,7964971
396,7964993
1089,7964993
1090,7964994
193,7965168
220,7965409
25,7965688
965,7965803
1041,7965888
606,7966400
421,7966437
111,7966931
61,7967073
1050,7967148
382,7967399
383,7967400
386,7967440
194,7967464
122,7967495
541,7967523
542,7967524
521,7967525
199,7967609
804,7967663
521,7967683
478,7967684
288,7968265
566,7968384
567,7968385
673,7968415
942,7968595
1041,7968687
170,7968737
905,7968891
966,7968967
372,7968968
941,7969277
942,7969278
194,7969401
539,7969562
288,7969651
58,7969830
194,7969846
286,7969907
590,7969981
1081,7969998
489,7970053
980,7970198
1072,7970384
122,7970489
866,7970538
867,7970539
1041,7970799
804,7970913
980,7971047
1106,7971063
369,7971093
445,7971113
447,7971115
566,7971336
567,7971337
564,7971381
523,7971509
286,7971576
287,7971577
288,7971578
952,7971719
1109,7971763
1110,7971764
781,7971853
192,7971993
445,7972060
193,7972239
571,7972475
572,7972476
479,7972557
722,7972568
1036,7972614
967,7972615
158,7972690
956,7972782
383,7972893
1110,7973027
274,7973111
967,7973124
847,7973749
604,7973905
660,7974303
638,7974320
623,7974558
56,7974571
57,7974572
955,7974640
56,7974706
542,7974718
521,7974719
274,7974723
275,7974724
1097,7974746
370,7975052
220,7975212
448,7975220
604,7975515
1134,7975579
1081,7975717
193,7975718
396,7975752
1089,7975752
638,7976194
81,7976219
177,7976290
169,7976304
622,7976572
967,7976716
541,7976810
175,7976936
828,7977221
829,7977222
1131,7977398
448,7977506
904,7977541
288,7977551
88,7977554
847,7977812
88,7977819
361,7978183
474,7978223
61,7978275
62,7978276
411,7978276
829,7978312
1097,7978772
230,7978773
567,7978792
847,7978876
541,7979025
419,7979089
956,7979119
474,7979135
867,7979212
1098,7979337
1134,7979351
1071,7979406
1072,7979407
58,7979455
489,7979772
566,7979836
567,7979837
479,7979899
343,7980240
1074,7980280
1075,7980281
866,7980446
867,7980447
196,7980695
870,7980712
558,7980721
559,7980722
996,7980825
952,7980893
1134,7980929
1073,7981065
25,7981618
1097,7981749
88,7981791
89,7981792
178,7981921
1134,7981997
220,7982047
286,7982170
287,7982171
830,7982312
980,7982639
421,7982641
141,7982675
722,7982681
254,7983055
722,7983236
63,7983334
64,7983335
558,7983591
781,7983640
864,7983721
111,7983983
559,7984066
955,7984121
62,7984262
411,7984262
177,7984307
209,7984350
577,7984694
382,7984741
967,7984743
674,7984774
209,7985210
690,7985236
177,7985287
1110,7985580
154,7985850
954,7986175
996,7986181
980,7986205
111,7986353
196,7986373
197,7986374
754,7986503
270,7986620
444,7986656
722,7986663
673,7986676
704,7986761
722,7987217
1001,7987295
25,7987434
692,7987765
693,7987766
361,7987781
1090,7987996
944,7988120
61,7988134
62,7988135
411,7988135
957,7988148
952,7988154
993,7988224
479,7988446
334,7988542
1018,7988558
383,7989034
567,7989302
382,7989389
847,7989469
722,7989862
288,7990197
1104,7990208
1001,7990554
386,7991000
722,7991221
370,7991562
199,7991584
200,7991585
201,7991586
197,7991627
474,7991791
88,7992219
89,7992220
90,7992221
200,7992556
201,7992557
544,7992777
325,7993058
56,7993210
337,7993213
690,7993471
169,7993475
289,7993553
269,7993573
209,7993661
541,7993852
90,7994074
1081,7994162
122,7994296
521,7994320
478,7994321
1097,7994526
230,7994527
567,7994546
847,7994630
541,7994779
419,7994843
474,7994889
867,7994966
1098,7995091
904,7995472
905,7995473
698,7996001
288,7996050
1095,7996058
274,7996190
199,7996251
383,7996259
865,7996623
866,7996624
867,7996625
868,7996626
56,7996778
105,7996847
194,7996885
195,7996886
196,7996887
828,7996904
829,7996905
692,7996968
660,7997093
692,7997562
191,7997879
209,7997902
201,7997963
697,7998154
87,7998389
88,7998390
89,7998391
59,7998646
952,7998647
942,7999114
334,7999378
994,7999519
197,7999647
1115,7999680
710,7999712
57,7999725
58,7999726
1107,7999978
275,8000083
445,8000424
977,8000428
399,8000517
92,8000708
674,8000857
870,8000916
1081,8000955
528,8000995
96,8001121
905,8001333
904,8001741
61,8002129
382,8002181
804,8002200
169,8002229
334,8002321
1098,8002528
789,8002642
111,8002770
835,8002784
383,8002949
981,8003450
61,8003488
62,8003489
411,8003489
419,8003526
1098,8003527
1099,8003528
1100,8003529
953,8003670
688,8003708
58,8003739
370,8003813
737,8003833
736,8003871
56,8003892
194,8004075
969,8004158
382,8004442
383,8004443
87,8004948
1097,8005020
420,8005021
288,8005123
713,8005143
714,8005144
715,8005145
904,8005195
171,8005202
830,8005303
781,8005496
348,8006121
111,8006495
590,8006673
368,8006674
1072,8006771
1073,8006772
703,8007032
1041,8007094
56,8007608
576,8008090
964,8008304
559,8008396
966,8008420
967,8008421
693,8008770
361,8008772
1073,8009105
197,8009334
57,8009599
59,8009946
952,8009947
905,8009948
995,8010202
996,8010203
204,8010335
191,8010545
870,8010770
941,8010837
834,8010877
699,8010898
382,8010905
383,8010906
96,8011026
692,8011086
905,8011103
589,8011203
122,8011526
939,8011529
940,8011530
138,8011577
965,8011623
445,8011720
447,8011722
1081,8011903
193,8011904
194,8011905
953,8012023
168,8012147
660,8012543
693,8012567
169,8012995
692,8013081
693,8013082
194,8013236
154,8013323
904,8013550
541,8013624
445,8013738
604,8013867
866,8014563
62,8014883
411,8014883
412,8014884
870,8015052
1134,8015181
192,8015539
1107,8015702
622,8015829
576,8015856
456,8015954
396,8016014
1089,8016014
589,8016106
122,8016183
168,8016199
169,8016200
288,8016215
830,8016334
175,8016338
965,8016830
558,8017055
559,8017056
864,8017375
692,8017386
480,8017388
722,8017406
169,8017485
688,8017654
274,8018436
275,8018437
904,8018641
220,8018663
973,8018683
1059,8018702
64,8018736
818,8018982
980,8019243
1134,8019432
194,8019656
1072,8019710
967,8019996
818,8020013
342,8020267
368,8020426
737,8020946
830,8020968
706,8021639
698,8021691
270,8021720
674,8021775
382,8022107
967,8022109
382,8022435
967,8022437
541,8022729
374,8022732
576,8022920
693,8023015
967,8023062
270,8023246
141,8023427
604,8023444
1134,8023516
111,8023524
828,8023626
524,8023814
1041,8023988
111,8024060
1097,8024247
1072,8024526
697,8024680
698,8024681
111,8024729
1134,8024731
944,8024800
394,8024940
1134,8025160
604,8025236
500,8025242
673,8025374
674,8025375
270,8025419
692,8025489
905,8025602
981,8025690
982,8025691
1134,8025700
382,8025719
368,8025756
369,8025757
692,8025793
996,8025826
692,8026420
693,8026421
693,8026625
674,8026771
201,8026862
383,8026869
479,8026993
444,8027450
386,8027574
419,8027585
1098,8027586
192,8027948
804,8028059
479,8028192
865,8028230
870,8028493
111,8028497
692,8029032
693,8029033
361,8029035
673,8029066
674,8029067
175,8029574
274,8029680
275,8029681
905,8030355
269,8030415
270,8030416
197,8030491
994,8030505
1103,8030567
521,8031002
383,8031351
866,8031425
262,8031453
96,8031587
178,8031595
158,8031855
1112,8032087
178,8032175
489,8032180
604,8032205
382,8032320
520,8032323
521,8032324
382,8032392
542,8032521
638,8032522
651,8032720
652,8032721
539,8032904
175,8032943
400,8033151
692,8033156
274,8033186
1106,8033221
270,8033359
866,8033371
571,8033402
955,8033446
870,8033529
88,8033571
89,8033572
865,8033716
866,8033717
867,8033718
865,8034088
866,8034089
867,8034090
176,8034295
61,8034524
1104,8034730
90,8035316
965,8035665
192,8035844
193,8035845
604,8036010
197,8036153
198,8036154
394,8036286
395,8036287
1009,8036311
1010,8036312
444,8036372
676,8036552
169,8036656
368,8036660
64,8036834
63,8036962
201,8036992
371,8037131
967,8037132
1072,8037223
175,8037353
722,8037358
828,8037398
829,8037399
866,8037759
867,8037760
478,8037788
975,8037949
976,8037950
977,8037951
1106,8038005
570,8038201
1047,8038213
445,8038569
1047,8038653
688,8038726
25,8039204
193,8039244
202,8039544
541,8039705
445,8039853
998,8039967
324,8039968
444,8040535
692,8040561
693,8040562
445,8040573
604,8040663
630,8041053
818,8041123
96,8041239
567,8041292
576,8041296
541,8041343
812,8041449
444,8041500
479,8041593
818,8041835
847,8042124
953,8042158
954,8042159
955,8042160
25,8042453
1098,8042628
529,8042862
692,8042989
558,8043230
692,8043828
542,8043918
638,8043919
270,8043986
274,8044426
517,8044589
61,8044667
62,8044668
411,8044668
693,8044757
1134,8044892
558,8045001
559,8045002
1073,8045191
61,8045316
62,8045317
411,8045317
479,8045548
361,8045646
944,8045683
479,8045718
539,8046065
828,8046247
829,8046248
698,8046274
980,8046540
847,8046601
952,8046778
905,8046779
956,8046928
692,8046955
693,8046956
818,8047013
523,8047443
208,8047703
197,8047802
386,8047964
59,8048069
1106,8048086
399,8048097
400,8048098
456,8048106
1041,8048263
204,8048325
542,8048863
122,8049066
270,8049084
942,8049163
25,8049377
722,8049492
399,8049905
175,8049928
706,8050179
707,8050180
865,8050235
866,8050236
195,8050419
521,8050509
478,8050510
122,8050591
274,8050701
270,8050751
197,8050974
847,8051143
969,8051383
954,8051407
955,8051408
479,8051549
944,8051689
520,8051795
638,8051796
1113,8052010
828,8052077
274,8052204
755,8052234
92,8052368
1131,8052410
722,8052426
474,8052740
1134,8052832
688,8052943
209,8053007
541,8053106
690,8053195
692,8053197
693,8053198
122,8053216
192,8053375
193,8053376
194,8053377
916,8053423
941,8053550
942,8053551
56,8053699
57,8053700
982,8053912
270,8054301
64,8054377
194,8054395
980,8054578
559,8054583
1134,8054591
994,8055228
973,8055237
444,8055301
270,8055358
370,8055424
57,8055436
980,8055586
539,8055693
944,8055804
122,8055818
659,8055836
269,8056227
270,8056228
941,8056363
177,8056709
60,8057119
178,8057172
698,8057173
570,8057248
169,8057453
197,8057692
198,8057693
111,8057931
698,8058087
699,8058088
394,8058112
1134,8058155
1100,8058178
1101,8058179
478,8058197
111,8058406
192,8058490
976,8058636
977,8058637
967,8058664
544,8058778
690,8058931
558,8058978
692,8059591
676,8059639
324,8059873
480,8059883
399,8060170
175,8060234
61,8060492
1041,8060791
1101,8061009
288,8061012
61,8061021
111,8061256
57,8061462
977,8061547
110,8061696
111,8061697
567,8061724
568,8061725
455,8061846
781,8061975
828,8062287
829,8062288
830,8062329
994,8062676
201,8062942
828,8063245
829,8063246
780,8063443
369,8063598
789,8063877
1113,8064311
980,8064320
1072,8064330
1072,8064374
637,8064922
444,8064959
847,8065151
541,8065253
399,8065402
980,8065580
57,8065681
905,8066074
111,8066136
110,8066215
489,8066256
175,8066371
286,8066457
1113,8066545
1134,8066733
111,8066791
57,8067066
544,8067189
789,8067431
325,8067729
396,8068014
1089,8068014
650,8068176
711,8068238
943,8068551
177,8069211
867,8069390
638,8069453
905,8069824
830,8070011
828,8070428
829,8070429
711,8070542
175,8070551
753,8070629
847,8070642
828,8070861
829,8070862
195,8070875
196,8070876
197,8070877
828,8070951
178,8071073
943,8071311
944,8071312
828,8071560
274,8071687
92,8071694
559,8071729
92,8071851
722,8071909
829,8072119
474,8072223
688,8072426
209,8072490
541,8072589
690,8072678
692,8072680
693,8072681
122,8072699
274,8072719
1041,8072886
703,8073058
567,8073160
568,8073161
569,8073162
523,8073285
758,8073334
325,8073500
522,8073830
523,8073831
474,8073973
269,8074134
368,8074316
125,8075298
539,8075470
521,8075689
478,8075690
1107,8075715
568,8075725
652,8075926
288,8076095
288,8076132
270,8076227
447,8076459
448,8076460
489,8076502
559,8076803
941,8077050
524,8077108
270,8077369
865,8077399
372,8077587
169,8077965
697,8077993
372,8078032
342,8078066
343,8078067
231,8078250
1098,8078675
1099,8078676
714,8079309
715,8079310
754,8079588
755,8079589
169,8079818
400,8080022
192,8080105
479,8080108
572,8080229
192,8080720
288,8080792
1090,8080973
1041,8080998
622,8081136
623,8081137
693,8081284
690,8082164
942,8082216
191,8082308
866,8082332
867,8082333
230,8082490
904,8082554
478,8082671
952,8082888
197,8083066
169,8083136
693,8083484
168,8083658
169,8083659
1081,8083666
965,8083680
1041,8084141
88,8084167
1098,8084681
56,8084724
64,8084878
198,8084889
954,8085034
955,8085035
722,8085068
847,8085123
270,8085321
523,8085636
524,8085637
566,8085644
567,8085645
520,8085702
521,8085703
191,8085752
192,8085753
830,8086020
673,8086205
980,8086358
400,8086389
558,8086575
559,8086576
1081,8086754
830,8087082
690,8087224
1106,8087437
152,8087562
528,8087681
158,8087843
994,8087941
954,8088025
955,8088026
342,8088104
655,8088134
191,8088181
399,8088310
59,8088332
201,8088942
980,8088956
668,8089050
866,8089250
111,8089287
1134,8089289
445,8089454
866,8089754
716,8089822
717,8089823
288,8089895
693,8090120
383,8090277
220,8090339
673,8090469
674,8090470
638,8090741
692,8090745
693,8090746
942,8091124
847,8091216
905,8091376
828,8091458
829,8091459
1072,8091649
541,8091775
423,8091836
520,8092195
566,8092219
567,8092220
254,8092264
198,8093335
942,8093405
56,8093633
711,8093686
61,8093757
62,8093758
411,8093758
1041,8093923
422,8093946
788,8094008
953,8094022
125,8094135
400,8094275
1064,8094353
1072,8095045
1098,8095104
231,8095474
474,8095985
559,8096086
288,8096194
1106,8096322
169,8096345
81,8096537
865,8096659
866,8096660
867,8096661
255,8097001
520,8097013
1097,8097175
420,8097176
421,8097177
25,8097675
334,8097693
523,8097803
944,8097855
659,8097885
660,8097886
518,8097970
171,8098030
558,8098362
651,8098582
169,8098860
382,8098900
383,8098901
604,8099271
917,8099294
917,8099295
964,8099431
867,8099568
125,8099619
955,8100113
956,8100114
604,8100192
274,8100218
275,8100219
692,8100296
122,8100397
87,8100630
847,8100669
382,8100773
445,8101191
1050,8101831
382,8101865
383,8101866
447,8101868
870,8102131
975,8102149
976,8102150
977,8102151
194,8102179
399,8102317
400,8102318
1041,8102445
194,8102542
673,8102643
275,8102766
1134,8103017
976,8103198
977,8103199
942,8103836
698,8103870
699,8103871
693,8103891
967,8104025
688,8104050
202,8104140
560,8104236
374,8104413
829,8104645
781,8104652
955,8104655
444,8104807
1071,8104966
1072,8104967
1073,8104968
171,8105050
559,8105314
1098,8105336
577,8105414
542,8105763
521,8105764
86,8105939
693,8106222
956,8106298
1073,8106740
955,8106780
122,8106997
576,8107126
63,8107340
270,8107519
781,8107526
690,8107527
539,8107964
541,8107966
122,8108032
370,8108101
977,8108447
445,8108486
370,8108524
274,8108534
270,8108821
386,8109278
89,8109381
520,8109772
96,8109795
638,8109853
171,8110486
674,8110604
847,8110668
368,8110686
369,8110687
168,8110932
194,8110951
170,8111104
622,8111208
336,8111237
994,8111439
368,8111468
722,8111500
576,8111553
89,8111609
967,8111699
865,8111762
866,8111763
867,8111764
866,8112103
867,8112104
286,8112222
1047,8112254
967,8112672
847,8112708
419,8112839
420,8112840
1001,8113207
200,8113251
828,8113534
61,8113771
62,8113772
411,8113772
1098,8114147
169,8114464
275,8114611
576,8114636
169,8114763
526,8114768
566,8115113
567,8115114
196,8115259
197,8115260
944,8115335
1048,8115481
866,8115719
956,8115744
952,8115786
604,8115846
525,8116088
526,8116089
111,8116397
1047,8116499
348,8116531
847,8116569
275,8116814
1106,8116872
274,8117010
275,8117011
202,8117063
517,8117101
518,8117102
697,8117316
667,8117336
368,8117627
1106,8117651
1107,8117652
622,8117690
862,8118089
863,8118090
588,8118155
122,8118376
847,8118515
668,8118531
993,8118778
336,8118854
89,8118967
1106,8119155
1107,8119156
194,8119163
942,8119278
1100,8119407
1106,8119585
444,8119680
1106,8119684
1107,8119685
980,8119783
981,8119784
261,8119826
97,8119912
818,8119998
952,8120034
479,8120155
866,8120198
957,8120571
170,8120697
698,8120752
952,8120778
996,8120868
138,8120913
570,8121009
917,8121187
566,8121281
567,8121282
1098,8121315
865,8121529
1107,8121682
336,8121852
191,8121877
269,8121951
396,8121952
1089,8121952
818,8121972
111,8122073
956,8122307
92,8122333
61,8122565
191,8122714
977,8122981
25,8123069
370,8123175
994,8123211
995,8123212
996,8123213
940,8123303
690,8123569
830,8123674
818,8123760
566,8123806
567,8123807
412,8124148
542,8124394
956,8124500
830,8124513
874,8124601
688,8124890
270,8125032
61,8125599
62,8125600
411,8125600
878,8125612
169,8125658
170,8125659
111,8125737
473,8125779
122,8126183
604,8126241
941,8126249
541,8126270
693,8126336
361,8126338
944,8126407
372,8126519
847,8126832
518,8127111
1090,8127112
63,8127136
168,8127177
196,8127212
197,8127213
847,8127416
479,8127471
1047,8127597
829,8127638
604,8127700
274,8127833
965,8127920
444,8127947
445,8127948
956,8128050
847,8128235
125,8128240
941,8128281
942,8128282
419,8128451
1074,8128555
1075,8128556
692,8128977
286,8129103
270,8129118
758,8129132
368,8129173
369,8129174
274,8129416
444,8129678
942,8129751
456,8129802
829,8129851
604,8130087
917,8130133
849,8130185
125,8130243
499,8130353
500,8130354
382,8131154
954,8131306
955,8131307
59,8131432
952,8131433
953,8131434
171,8131658
169,8131880
1072,8131897
1073,8131898
667,8131935
110,8132040
231,8132226
122,8132438
660,8132508
1018,8132619
1131,8132960
1110,8133035
489,8133247
201,8133295
707,8133599
197,8133639
710,8134011
56,8134127
371,8134294
967,8134295
382,8134691
541,8135116
542,8135117
1134,8135140
111,8135588
1008,8135876
56,8136200
197,8136283
198,8136284
722,8136831
541,8136958
973,8137062
1009,8137375
1010,8137376
61,8137467
1073,8137662
993,8137665
994,8137666
697,8137844
952,8138139
383,8138149
1006,8138197
1104,8138369
1072,8138420
275,8138536
175,8138588
542,8138846
697,8139001
370,8139018
956,8139524
382,8139573
383,8139574
336,8139749
980,8139817
1097,8139861
559,8139890
567,8140407
568,8140408
370,8140439
195,8140490
690,8140688
567,8140702
568,8140703
56,8140971
57,8140972
58,8140973
59,8140974
169,8141002
1131,8141166
526,8141357
953,8141398
652,8141559
576,8141681
175,8141867
690,8141960
274,8141983
942,8142231
942,8142268
111,8142378
59,8142413
60,8142414
61,8142415
368,8142459
270,8142561
942,8142935
382,8143135
697,8143330
688,8143472
474,8143497
475,8143498
1072,8143512
177,8143534
944,8143615
517,8144071
169,8144162
690,8144233
690,8144758
780,8144835
830,8144934
177,8145027
539,8145036
192,8145068
539,8145213
400,8145216
255,8145458
566,8145944
567,8145945
274,8146244
275,8146245
866,8146500
867,8146501
194,8146831
195,8146832
178,8146838
476,8147313
1097,8147871
866,8147983
1134,8148034
952,8148062
56,8148246
324,8148347
652,8148380
26,8148497
62,8148657
411,8148657
539,8148755
64,8148793
941,8148834
866,8149000
867,8149001
175,8149225
944,8149448
200,8150043
201,8150044
168,8150080
447,8150288
828,8150319
829,8150320
830,8150321
158,8150507
622,8151273
1100,8151441
167,8151469
64,8151694
1098,8151770
1134,8151823
674,8151851
604,8152081
917,8152171
622,8152317
576,8152521
447,8152784
448,8152785
1112,8153475
62,8153517
411,8153517
559,8153529
447,8153579
523,8153631
524,8153632
673,8153653
674,8153654
675,8153655
372,8153683
956,8153723
270,8154288
274,8154295
122,8154601
447,8155013
197,8155041
994,8155073
474,8155081
197,8155626
1047,8155798
274,8155864
175,8155904
230,8156001
194,8156233
195,8156234
141,8156267
368,8156369
57,8156828
1110,8156856
399,8156893
444,8156915
445,8156916
690,8157080
1047,8157372
1050,8157442
372,8157485
542,8157595
158,8157745
25,8157747
737,8157925
688,8158049
576,8158333
88,8158368
89,8158369
90,8158370
955,8158543
275,8158629
209,8158714
198,8158721
168,8158764
674,8159113
675,8159114
270,8159632
518,8160135
818,8160144
269,8160174
967,8160256
473,8161016
474,8161017
62,8161103
411,8161103
544,8161112
62,8161463
411,8161463
255,8162628
288,8162696
447,8162702
977,8162948
92,8163043
274,8163244
434,8163260
274,8163295
361,8163466
994,8163634
175,8163744
956,8163847
520,8164251
638,8164252
711,8164260
403,8164427
570,8164512
25,8165020
520,8165474
638,8165475
197,8165822
177,8166157
178,8166158
722,8166189
604,8166420
539,8166435
521,8166438
478,8166439
973,8166461
865,8166914
965,8167047
445,8167625
1110,8167724
1111,8167725
447,8167842
196,8167858
818,8168085
539,8168239
90,8168870
674,8169152
703,8169261
704,8169262
944,8169284
692,8169309
325,8169661
169,8169792
25,8169818
26,8169819
386,8169976
374,8170070
523,8170154
192,8170266
193,8170267
444,8170311
220,8170405
447,8170414
448,8170415
197,8170845
865,8170866
866,8170867
867,8170868
141,8170944
270,8171304
952,8171483
111,8171819
177,8171893
847,8171916
111,8172052
956,8172707
1081,8172726
1041,8172755
541,8173414
943,8173453
758,8173735
692,8173760
693,8173761
274,8173870
61,8174026
62,8174027
411,8174027
955,8174221
956,8174222
941,8174255
325,8174342
479,8174550
480,8174551
209,8174692
953,8175046
169,8175189
170,8175190
167,8175243
168,8175244
270,8175364
274,8175368
275,8175369
980,8175430
1072,8175734
940,8176228
693,8176240
818,8176316
447,8176326
448,8176327
269,8176383
270,8176384
197,8176417
198,8176418
122,8176827
944,8176863
944,8176912
141,8177375
539,8177447
674,8177473
1047,8177992
736,8178413
737,8178414
199,8178626
200,8178627
1097,8178659
1098,8178660
1081,8179522
942,8179672
445,8180032
88,8180034
89,8180035
177,8180202
688,8180296
197,8180504
1006,8180797
447,8180831
175,8180923
176,8180924
334,8180953
994,8180979
956,8181246
197,8181413
64,8182153
199,8182327
517,8182563
270,8182586
141,8183028
539,8183100
674,8183126
1047,8183645
1041,8183932
193,8183990
737,8184076
270,8184194
520,8184332
638,8184333
394,8184628
92,8184757
200,8184961
517,8185002
520,8185040
870,8185044
690,8185102
692,8185104
693,8185105
1134,8185132
122,8185186
1081,8185228
692,8185306
693,8185307
1109,8185587
788,8185598
479,8185613
693,8185658
444,8185677
386,8185803
56,8185822
383,8185825
288,8185890
474,8186143
419,8186362
1098,8186363
270,8186505
1106,8186528
1107,8186529
866,8186686
604,8186740
386,8186746
1006,8186773
386,8187162
44,8187165
383,8187237
1113,8187244
541,8187466
194,8187682
693,8188149
669,8189224
191,8189287
192,8189288
980,8189364
998,8189692
324,8189693
274,8189953
1131,8189969
275,8190182
710,8190271
447,8190298
448,8190299
981,8190396
982,8190397
954,8190695
474,8190903
941,8191459
942,8191460
197,8191474
201,8191507
994,8191582
197,8191643
943,8191770
855,8191913
980,8192006
421,8192008
1099,8192282
1100,8192283
25,8192356
1072,8192459
595,8192739
1097,8192786
698,8193001
541,8193110
1097,8193221
1134,8193227
125,8193233
208,8193294
209,8193295
1036,8193410
372,8193411
697,8193558
697,8193717
541,8193874
877,8194021
517,8194053
590,8194100
523,8194113
524,8194114
445,8194311
1106,8194360
288,8194530
476,8194865
1134,8194898
1073,8195061
722,8195300
382,8195310
383,8195311
111,8195356
209,8195362
399,8195389
400,8195390
590,8195570
368,8195571
274,8195637
419,8195823
1098,8195824
692,8196008
693,8196009
125,8196141
445,8196451
943,8196532
944,8196533
673,8196744
674,8196745
445,8196784
361,8197198
1081,8197530
92,8197532
62,8197705
411,8197705
559,8197708
966,8197829
967,8197830
865,8197957
866,8197958
867,8197959
943,8198361
996,8198372
25,8198626
122,8198944
1041,8199027
528,8199126
57,8199769
1047,8199813
673,8199842
1131,8199876
474,8199904
87,8199906
87,8199915
260,8200003
193,8200040
175,8200117
198,8200469
447,8200618
542,8200650
716,8200801
717,8200802
175,8201042
260,8201058
676,8201068
382,8201084
289,8201194
847,8201524
175,8201529
566,8201725
567,8201726
192,8201881
715,8202144
529,8202307
866,8202528
867,8202529
868,8202530
196,8202878
197,8202879
688,8203012
818,8203442
447,8203562
62,8203655
411,8203655
63,8203656
847,8203933
175,8203938
543,8204161
544,8204162
711,8204530
952,8204532
368,8204572
590,8204688
370,8204895
286,8205131
753,8205150
955,8205494
956,8205495
977,8205592
169,8205811
943,8205841
202,8206193
541,8206213
956,8206389
444,8206485
1095,8206557
576,8206634
175,8206684
176,8206685
980,8206702
981,8206703
192,8206767
1041,8206785
818,8206873
444,8207450
498,8207572
445,8207732
447,8207734
400,8207798
198,8207991
199,8207992
382,8208051
1104,8208053
1106,8208055
576,8208542
693,8208987
361,8208989
956,8209241
197,8209268
789,8209325
56,8209684
690,8209688
444,8209774
445,8209775
830,8209885
90,8209958
688,8210031
92,8210047
335,8210501
141,8210646
956,8210789
368,8210883
369,8210884
829,8211311
847,8211372
828,8211484
829,8211485
1072,8211556
361,8211566
604,8211730
847,8212080
455,8212323
590,8212689
993,8212722
1114,8212804
967,8212852
993,8213179
994,8213180
604,8213560
699,8213754
524,8213938
87,8214284
447,8214285
673,8214326
526,8214654
818,8214891
262,8215291
59,8215416
59,8215903
275,8216189
480,8216244
274,8216299
275,8216300
980,8216383
864,8216872
651,8216942
62,8216996
411,8216996
199,8217007
63,8217125
1081,8217261
193,8217262
847,8217341
178,8217421
818,8217442
288,8217498
697,8217525
965,8217606
866,8217800
867,8217801
1048,8217924
445,8218036
1047,8218131
122,8218446
622,8218635
965,8218838
178,8219279
370,8219439
274,8219452
973,8219598
975,8219600
697,8219759
954,8219875
698,8219986
941,8220034
158,8220267
178,8220440
274,8220707
942,8220806
192,8220860
61,8220882
870,8221062
153,8221196
676,8221218
517,8221266
178,8221319
864,8221548
1081,8221685
653,8221720
419,8221799
230,8221800
231,8221801
737,8221925
25,8221963
517,8222080
944,8222553
994,8222585
480,8222611
197,8222983
692,8223264
576,8223376
394,8223433
395,8223434
396,8223435
1089,8223435
445,8223506
693,8223664
361,8223666
448,8223712
1047,8223731
1041,8223778
674,8223839
847,8224135
967,8224242
673,8224274
479,8224298
996,8224347
1012,8224458
698,8224525
660,8224568
975,8224788
722,8224952
274,8225668
275,8225669
975,8225731
976,8225732
977,8225733
197,8225761
177,8225816
178,8225817
698,8225818
274,8225904
158,8225929
1081,8226154
1082,8226155
576,8226197
197,8226218
1095,8226247
692,8226250
630,8226267
518,8226520
445,8226973
275,8226989
692,8227078
56,8227238
57,8227239
25,8227407
26,8227408
479,8227606
1100,8227919
973,8227925
847,8227994
965,8228049
698,8228147
692,8228544
192,8228718
193,8228719
864,8229044
158,8229209
191,8229330
539,8229352
1106,8229472
722,8229565
558,8229691
965,8229708
177,8230236
178,8230237
1097,8230521
230,8230522
567,8230541
847,8230625
541,8230773
419,8230837
956,8230867
474,8230883
867,8230960
1098,8231085
89,8231129
1018,8231141
475,8231315
698,8231392
198,8231714
274,8231807
274,8231856
88,8231860
56,8231941
445,8232137
25,8232142
361,8232170
942,8232269
1047,8232277
818,8232390
956,8232419
62,8232689
411,8232689
288,8232785
977,8232790
63,8232977
274,8233302
1041,8233547
288,8233820
864,8233870
1041,8234011
652,8234013
697,8234133
177,8234244
97,8234438
973,8234482
274,8234690
521,8234810
478,8234811
479,8234812
171,8235205
539,8235353
59,8235404
867,8235476
421,8235494
1103,8235639
518,8235654
849,8235717
952,8235733
197,8235741
25,8236217
419,8236273
230,8236274
231,8236275
1134,8236545
275,8236673
274,8236738
1112,8236824
528,8236935
270,8237100
571,8237276
89,8237529
690,8237531
196,8238270
197,8238271
1048,8238278
942,8238401
1121,8238527
270,8238547
153,8238898
57,8239068
864,8239098
274,8239185
638,8239494
847,8239788
445,8239893
386,8239896
400,8239977
976,8240068
977,8240069
274,8240156
153,8240255
274,8240328
275,8240329
274,8240453
1097,8240573
523,8240627
524,8240628
660,8240690
178,8240719
698,8240720
274,8240829
275,8240830
1072,8241054
386,8241087
973,8241305
168,8241317
169,8241318
270,8241440
62,8241533
411,8241533
111,8241719
1134,8241721
673,8241841
572,8241998
191,8242084
191,8242300
192,8242301
193,8242302
722,8242324
62,8242536
411,8242536
192,8242782
1114,8242826
977,8243476
194,8243525
195,8243526
87,8243629
698,8243943
1047,8244014
1036,8244262
967,8244263
62,8244290
411,8244290
956,8244679
382,8244903
394,8244942
395,8244943
169,8244983
169,8245163
58,8245318
1097,8245353
1098,8245354
61,8245475
690,8245535
576,8245568
197,8245696
788,8246266
541,8246270
788,8246353
830,8246447
994,8246464
399,8246899
175,8246958
444,8246963
711,8247098
64,8247109
704,8247487
577,8248145
998,8248216
324,8248217
338,8248221
288,8248255
1113,8248336
61,8248529
62,8248530
411,8248530
111,8248551
865,8248673
866,8248674
867,8248675
952,8248689
660,8248857
169,8249116
789,8249246
194,8249324
195,8249325
653,8249666
560,8249821
711,8250472
62,8251068
411,8251068
412,8251069
567,8251144
944,8251272
952,8251505
952,8251588
1008,8252020
1009,8252021
1050,8252266
693,8252677
1047,8252713
944,8252927
866,8252959
953,8253180
604,8253349
88,8253437
89,8253438
176,8253983
638,8254083
830,8254274
92,8254421
386,8254653
660,8254784
1110,8254840
286,8254884
870,8255229
1073,8255495
916,8255593
1073,8256074
829,8256150
220,8256252
517,8256311
952,8256347
847,8256553
96,8256604
324,8256674
444,8256814
994,8256919
479,8257053
590,8257321
368,8257322
169,8258468
830,8258533
1114,8258703
878,8258855
58,8259019
168,8259066
111,8259279
231,8259431
576,8259478
541,8259605
559,8259622
370,8259786
1134,8259835
866,8259967
604,8260041
209,8260094
982,8260249
61,8260376
62,8260377
411,8260377
942,8260578
956,8260879
368,8260899
697,8261198
996,8262119
419,8262165
638,8262472
847,8262553
541,8262633
994,8262709
1081,8262738
374,8263225
944,8263357
723,8263443
690,8263660
943,8263875
177,8264074
590,8264155
368,8264156
61,8264179
944,8264188
1072,8264238
1073,8264239
110,8264331
737,8264559
952,8265544
566,8265566
1047,8265804
1048,8265805
325,8265917
125,8266178
541,8266326
737,8266375
1103,8266390
781,8266501
286,8266657
1097,8266691
447,8266873
448,8266874
818,8267155
370,8267356
866,8267614
690,8267633
170,8267715
723,8267742
445,8267927
370,8267936
944,8268076
167,8268143
168,8268144
382,8268478
286,8268628
570,8268676
1103,8268850
541,8269375
542,8269376
704,8269410
1072,8269478
528,8269536
175,8269562
956,8269621
855,8269939
1041,8269968
570,8270160
955,8270286
209,8270674
604,8270682
539,8270802
965,8270927
152,8270986
153,8270987
444,8271192
445,8271193
955,8271233
196,8271294
522,8271493
523,8271494
220,8271515
372,8271891
63,8272025
576,8272033
690,8272056
559,8272145
781,8272354
370,8272460
63,8272487
56,8272518
57,8272519
270,8272726
944,8273575
419,8273606
61,8273908
1108,8274205
419,8274210
420,8274211
542,8274410
444,8274503
690,8274562
956,8274848
957,8274849
693,8275220
1073,8275268
570,8275503
194,8275531
96,8275611
175,8275699
1131,8275764
169,8275954
170,8275955
177,8276224
952,8276467
125,8276624
1114,8276790
567,8276876
141,8277141
993,8277154
865,8277249
630,8277446
973,8277552
523,8277627
693,8278005
855,8278108
828,8278251
270,8278295
818,8278300
676,8278342
197,8278939
690,8279322
1108,8279345
543,8279528
905,8279625
1048,8279690
44,8279918
1074,8279950
1075,8279951
977,8280274
541,8280520
445,8280582
847,8280825
524,8280829
722,8281043
199,8281060
200,8281061
201,8281062
977,8281330
737,8281429
197,8281446
192,8281472
270,8281548
604,8281561
994,8281571
541,8281738
692,8281756
288,8281814
209,8281887
1134,8281981
270,8282031
400,8282203
523,8282228
524,8282229
944,8282409
711,8282767
122,8282986
25,8283683
479,8284022
942,8284085
1097,8284104
699,8284303
90,8284326
445,8284396
1047,8284404
201,8284592
202,8284593
954,8284824
288,8284985
447,8284988
651,8285531
81,8285575
169,8285600
170,8285601
141,8285717
810,8285792
967,8285934
1097,8285936
420,8285937
421,8285938
711,8286034
1115,8286323
874,8286952
1041,8287020
198,8287315
447,8287471
445,8287498
474,8287509
201,8287847
976,8288301
977,8288302
571,8288347
572,8288348
447,8288544
382,8288583
604,8288641
63,8288788
64,8288789
944,8288890
421,8288905
88,8289576
952,8289673
956,8289726
965,8289822
386,8290078
192,8290319
447,8290395
964,8290436
965,8290437
152,8290508
169,8290539
170,8290540
275,8290544
564,8290751
1008,8291141
569,8291144
370,8291474
371,8291475
967,8291476
56,8291483
818,8291748
692,8291816
220,8291862
197,8291907
138,8291947
61,8292062
270,8292487
361,8292491
693,8292865
370,8292898
810,8292972
698,8293065
373,8293093
692,8293439
199,8293506
447,8293595
940,8293606
25,8293673
169,8293928
170,8293929
270,8294625
196,8294738
342,8295049
190,8295424
993,8295817
542,8296216
58,8296249
944,8296357
394,8296404
942,8296470
688,8296527
693,8296618
88,8296918
89,8296919
1041,8297073
193,8297174
396,8297220
1089,8297220
195,8297509
1134,8297623
323,8297626
324,8297627
61,8297743
941,8297774
942,8297775
81,8298283
944,8298307
943,8298351
1081,8298883
622,8299058
975,8299178
944,8299207
692,8299308
865,8299773
574,8299775
175,8300260
967,8300426
1097,8300428
1098,8300429
1036,8300629
967,8300630
194,8301099
1115,8301801
828,8302052
829,8302053
111,8302079
790,8302201
372,8302215
270,8302371
25,8302553
444,8302647
994,8302749
692,8303338
382,8303348
1104,8303350
447,8303833
348,8303838
690,8303903
260,8304309
61,8304444
62,8304445
411,8304445
692,8304869
693,8304870
942,8304914
532,8304958
475,8304976
957,8305364
829,8305425
830,8305447
92,8305531
445,8305571
541,8305656
169,8305810
170,8305811
171,8305812
953,8306031
965,8306063
1108,8306075
1131,8306206
1081,8306274
697,8306450
710,8306596
419,8306704
690,8306717
286,8307438
1131,8307574
198,8307872
758,8308142
1134,8308215
275,8309242
570,8309347
196,8309354
197,8309355
275,8309413
952,8309419
953,8309534
865,8309702
955,8309858
401,8310010
199,8310173
523,8310338
434,8310643
177,8310655
523,8310671
539,8310867
571,8310889
572,8310890
1047,8311212
325,8311397
169,8311523
209,8311713
445,8311814
942,8311844
690,8311846
63,8311903
1098,8311927
567,8312061
568,8312062
569,8312063
669,8312098
980,8312852
56,8312887
57,8312888
690,8312921
956,8313256
944,8313461
1097,8313663
230,8313664
567,8313683
847,8313767
541,8313916
419,8313980
956,8314010
474,8314026
867,8314103
1098,8314228
197,8314359
693,8314520
674,8314560
1113,8314625
1114,8314626
269,8314721
270,8314722
400,8314934
804,8315274
713,8315283
714,8315284
1134,8315323
541,8315348
528,8315414
954,8315773
942,8315803
690,8315805
952,8315929
566,8316315
567,8316316
568,8316317
847,8316321
86,8316364
447,8316730
956,8316823
1041,8316842
652,8316844
781,8316896
325,8317239
474,8317254
521,8317711
169,8317906
1072,8318159
994,8318395
368,8318417
973,8318449
61,8318464
62,8318465
411,8318465
942,8318547
1111,8318571
690,8318608
692,8318610
690,8318707
711,8318792
274,8319589
275,8319590
175,8319765
81,8320100
589,8320141
1081,8320491
942,8320851
944,8321147
829,8321267
830,8321268
289,8321387
558,8321762
56,8321786
386,8321816
374,8321905
1134,8322265
62,8322294
411,8322294
967,8322500
444,8322572
693,8322584
177,8322662
651,8322668
652,8322669
526,8322831
56,8322869
690,8322873
92,8323040
980,8323422
445,8323730
722,8323776
967,8324276
57,8324470
904,8324703
828,8324707
622,8325069
289,8325095
111,8325152
1113,8325190
804,8325213
570,8325434
170,8325479
399,8325580
400,8325581
977,8325618
1113,8325858
622,8325917
382,8326025
1104,8326027
200,8326212
87,8326357
92,8326725
194,8326748
81,8326756
952,8326817
952,8326830
651,8326966
57,8327460
828,8327513
829,8327514
1047,8327584
208,8327959
559,8328111
57,8328224
231,8328303
232,8328304
1134,8328322
122,8328336
523,8328445
953,8328512
175,8328552
558,8328782
943,8329101
944,8329102
559,8329110
274,8329179
566,8329278
567,8329279
568,8329280
847,8329284
1106,8329663
421,8329807
944,8330005
324,8330081
288,8330434
422,8330564
399,8330718
370,8330797
830,8330902
518,8330953
521,8331047
58,8331244
722,8331385
539,8331900
692,8331921
693,8331922
558,8332094
566,8332856
941,8332975
942,8332976
690,8332978
692,8332980
918,8334560
539,8335312
711,8335533
956,8335737
25,8335741
261,8335792
176,8335984
445,8336190
57,8336230
400,8336323
673,8336392
1106,8336429
191,8336916
528,8337265
445,8337347
944,8337423
122,8337745
370,8337842
904,8337860
697,8338133
571,8338177
754,8338187
541,8338241
88,8338389
61,8338626
866,8339079
952,8339408
479,8339596
208,8339781
209,8339782
998,8339865
324,8339866
56,8340020
334,8340165
605,8340178
918,8340258
952,8340769
692,8340794
905,8340991
674,8341153
474,8341315
1134,8341401
539,8341605
61,8341775
177,8342202
178,8342203
698,8342204
386,8342448
474,8342490
270,8342667
956,8342932
25,8343095
92,8343461
576,8343465
541,8343495
141,8343651
520,8343764
361,8343999
967,8344284
973,8344324
722,8344490
952,8344557
690,8344782
690,8344804
1107,8345172
517,8345396
489,8345487
847,8345506
169,8345535
847,8345696
58,8345781
89,8345961
479,8346141
539,8346217
558,8346225
269,8346464
1134,8346674
1072,8346731
1134,8346740
692,8346914
942,8347012
25,8347258
230,8347372
86,8347546
964,8347708
57,8347758
526,8347796
692,8347934
110,8347953
690,8348025
86,8348449
79,8348863
865,8348937
980,8349533
965,8349743
370,8350012
158,8350255
1104,8350318
270,8350619
138,8350922
111,8351281
175,8351392
698,8351609
56,8351646
57,8351647
445,8351772
394,8351975
395,8351976
125,8351987
89,8352154
994,8352457
526,8352551
286,8352717
967,8352912
61,8352993
62,8352994
411,8352994
711,8353051
993,8353362
325,8353686
576,8353772
955,8354212
941,8354307
866,8354396
370,8354668
996,8354817
194,8354943
270,8355001
1009,8355558
953,8355694
138,8356757
566,8356873
567,8356874
568,8356875
569,8356876
847,8356984
197,8357242
956,8357292
957,8357293
667,8357419
370,8357681
980,8357923
1134,8357929
692,8357981
198,8358057
444,8358253
445,8358336
653,8358433
169,8358584
122,8358610
1048,8358654
622,8358722
370,8359087
1081,8359166
372,8359511
855,8359526
659,8359535
191,8359646
192,8359647
63,8359679
275,8359782
692,8360221
965,8360227
964,8360263
62,8360366
411,8360366
943,8360464
1047,8360862
81,8360964
539,8361316
866,8361345
539,8361736
521,8363052
478,8363053
1107,8363091
1108,8363092
1012,8363195
419,8363311
420,8363312
196,8363623
288,8363663
956,8363863
692,8363904
480,8363906
780,8364164
474,8364357
141,8364387
87,8364435
1072,8364633
965,8364650
194,8364807
195,8364808
260,8364836
274,8365054
445,8365221
62,8365415
411,8365415
401,8365555
1072,8365635
168,8365672
169,8365673
1134,8365750
141,8365926
944,8366248
572,8366254
193,8366384
197,8366442
192,8366737
198,8366819
403,8366914
1104,8367139
26,8367503
201,8367600
202,8367601
967,8367747
447,8368000
1103,8368065
952,8368092
780,8368119
170,8368279
370,8368621
325,8368706
781,8368729
690,8368730
539,8368751
399,8368754
194,8368770
952,8368982
692,8368985
474,8368993
475,8368994
1097,8369114
1098,8369115
697,8369209
275,8369238
1108,8369408
953,8369667
954,8369668
955,8369669
478,8369822
830,8369920
209,8369955
865,8370285
1101,8370434
152,8370528
941,8370741
96,8371124
476,8371136
1074,8371196
1075,8371197
994,8371537
1131,8372061
122,8372174
177,8372273
1098,8372660
56,8372845
993,8372848
994,8372849
941,8373075
942,8373076
558,8373218
478,8373726
754,8373754
965,8373995
965,8374088
870,8374148
953,8374172
954,8374173
955,8374174
956,8374175
957,8374176
521,8374512
478,8374513
479,8374514
818,8375223
122,8375232
690,8375328
942,8375353
26,8375448
975,8375860
976,8375861
781,8375928
192,8376482
25,8376623
298,8376625
878,8376725
957,8376885
90,8377453
445,8377508
254,8377626
209,8377757
818,8377884
57,8377990
195,8378011
92,8378333
941,8378707
942,8378708
169,8379055
818,8379349
542,8380068
818,8380229
520,8380288
638,8380289
847,8380292
286,8380339
847,8380395
1041,8380750
847,8381560
818,8381583
370,8381713
1041,8381723
804,8381958
254,8382038
419,8382149
576,8382252
710,8382271
370,8382810
692,8382927
208,8383286
475,8383411
57,8383661
980,8383673
386,8383986
874,8384199
956,8384496
870,8384565
334,8384883
571,8385084
399,8385198
169,8385338
637,8385380
444,8385513
194,8385532
288,8385573
220,8385620
202,8385641
196,8385744
197,8385745
604,8385899
87,8386270
528,8386563
192,8386759
193,8386760
917,8386828
324,8386841
1097,8387285
177,8387366
964,8387431
965,8387432
1104,8387434
1134,8387509
191,8387835
1090,8387860
479,8387869
559,8388386
61,8388840
62,8388841
411,8388841
1047,8389035
447,8389053
448,8389054
690,8389061
275,8389106
191,8389252
286,8389661
444,8389822
521,8389852
274,8389856
275,8389857
178,8389878
1131,8389968
199,8390321
200,8390322
1131,8390362
1104,8390365
904,8390388
692,8390478
111,8390504
542,8390514
373,8391078
905,8391152
25,8391161
274,8391426
129,8391700
1090,8391783
274,8391846
57,8391912
1047,8392181
62,8392215
411,8392215
202,8392322
698,8392375
177,8392781
1104,8392795
370,8392922
965,8393041
1104,8393288
1106,8393343
199,8393434
200,8393435
370,8393531
576,8393659
973,8393726
122,8394271
704,8394280
220,8394371
56,8394382
191,8394417
192,8394418
829,8394533
1036,8394791
372,8394792
1041,8394954
830,8394994
288,8395071
88,8395287
89,8395288
523,8395569
568,8395628
1131,8395879
90,8395944
209,8396291
980,8396753
520,8396975
698,8397023
1047,8397174
520,8397584
324,8397622
122,8397841
192,8397852
539,8397891
722,8397905
324,8398099
61,8398269
62,8398270
411,8398270
541,8398412
204,8398499
444,8398933
445,8398934
197,8398999
692,8399205
175,8399354
175,8399372
199,8399511
168,8399584
169,8399585
199,8399793
90,8399849
419,8400294
1098,8400295
479,8400382
198,8400425
953,8400615
196,8401045
394,8401093
1036,8401162
967,8401163
1121,8401183
520,8401260
865,8401304
692,8401377
630,8401411
1072,8401626
994,8401658
56,8402115
286,8402117
994,8402136
690,8402360
692,8402362
952,8402453
651,8402554
1074,8402669
1075,8402670
286,8402706
64,8402808
334,8402930
637,8402972
905,8403492
955,8403603
674,8403682
566,8403800
567,8403801
568,8403802
542,8403962
559,8403982
59,8404033
952,8404034
965,8404122
1104,8404124
1047,8404144
829,8404198
171,8404300
158,8404749
201,8404869
1106,8404922
952,8405330
1134,8405373
830,8405468
199,8405652
200,8405653
201,8405654
361,8405934
688,8406005
445,8406234
372,8406291
904,8406322
447,8406536
965,8406608
977,8407227
904,8407252
275,8407286
703,8407333
704,8407334
722,8407458
965,8407520
373,8407618
208,8407647
941,8408265
942,8408266
944,8408286
169,8408458
447,8408685
448,8408686
539,8408914
526,8408936
220,8409097
953,8409243
1113,8409408
96,8409567
153,8409705
754,8409902
956,8409934
957,8409935
542,8410033
638,8410034
170,8410285
722,8410315
191,8410439
526,8410615
348,8411103
965,8411426
688,8411650
524,8411923
419,8411962
523,8411989
524,8411990
525,8411991
169,8412136
170,8412137
434,8412165
58,8412526
168,8412829
141,8413488
171,8413528
558,8414378
994,8414402
951,8414405
952,8414406
260,8414466
190,8414539
191,8414540
192,8414541
193,8414542
517,8415194
905,8415375
396,8415457
1089,8415457
1090,8415458
758,8415488
196,8415499
604,8415737
942,8415991
231,8416031
372,8416201
688,8416457
1072,8416531
1115,8416533
944,8416579
788,8416698
789,8416699
1134,8417018
324,8417037
474,8417258
865,8417319
274,8417882
693,8417893
158,8418410
110,8418540
383,8418803
88,8418973
89,8418974
693,8419278
1134,8419479
517,8419675
688,8419694
269,8419834
90,8419875
866,8420183
57,8420641
1106,8420710
87,8420744
994,8421047
542,8421239
521,8421240
478,8421241
522,8421502
523,8421503
1131,8422284
158,8422340
1134,8422372
994,8422418
254,8422665
818,8422706
370,8423054
558,8423240
864,8423307
111,8423506
270,8423603
1081,8423623
193,8423624
847,8423638
1106,8423653
942,8423827
690,8423829
286,8423881
904,8423888
690,8423913
169,8424050
419,8424438
674,8424583
675,8424584
943,8424692
175,8424764
780,8424813
1109,8425150
1110,8425151
382,8426270
199,8426444
169,8426586
177,8426805
61,8427218
479,8427473
288,8427896
994,8428176
558,8428350
604,8428401
539,8428611
270,8428641
541,8428729
722,8428834
1072,8428884
847,8429005
878,8429219
92,8429237
177,8429529
526,8429941
828,8429968
829,8429969
196,8430001
541,8430220
521,8430293
478,8430294
541,8430366
542,8430367
964,8430606
967,8430635
270,8430654
25,8430744
753,8431243
576,8431254
697,8431262
348,8431272
541,8431297
520,8431314
622,8431640
1134,8431703
973,8431818
659,8431851
63,8432622
676,8432718
194,8432901
674,8433222
56,8433277
177,8433765
568,8433889
569,8433890
570,8433891
576,8433975
444,8434087
1041,8434555
1134,8434722
1115,8434877
942,8435250
177,8435421
175,8435668
977,8435770
175,8435857
197,8435987
270,8436194
275,8436322
870,8436371
939,8436722
940,8436723
564,8437187
565,8437188
651,8437249
559,8437636
455,8437683
456,8437684
567,8437846
965,8438002
445,8438257
1134,8438423
169,8438750
193,8438824
479,8438901
176,8439027
254,8439274
255,8439275
445,8439343
447,8439420
448,8439421
952,8439968
90,8440167
829,8440362
288,8440581
192,8441065
1081,8441081
26,8441224
697,8441411
590,8442584
368,8442585
697,8442608
698,8442609
957,8442831
87,8442977
994,8443516
57,8443693
447,8443733
370,8443909
288,8443948
944,8444088
673,8444152
905,8444388
96,8444413
286,8444600
287,8444601
622,8444636
953,8444671
956,8444897
324,8444934
528,8445167
368,8445439
369,8445440
153,8445495
994,8445536
1072,8445546
274,8445568
722,8445631
952,8445861
828,8445865
829,8445866
195,8445879
1047,8446153
1072,8446396
942,8446407
111,8446490
630,8446740
703,8447654
704,8447655
542,8447772
274,8447878
61,8448068
177,8448465
178,8448466
528,8448499
1098,8448592
828,8448640
829,8448641
953,8448684
830,8448687
192,8449054
479,8449057
954,8449247
955,8449248
176,8449491
1097,8449519
420,8449520
421,8449521
90,8449715
91,8449716
92,8449717
866,8449942
197,8449952
952,8450476
419,8450478
370,8451277
994,8451646
403,8451896
542,8451908
638,8451909
370,8452365
1131,8452837
652,8452890
209,8453447
692,8453488
673,8453724
830,8453894
1041,8453928
865,8454219
866,8454220
62,8454425
411,8454425
412,8454426
710,8454663
542,8454706
638,8454707
622,8454872
198,8455030
209,8455053
940,8455193
520,8455380
194,8455479
61,8455626
199,8455679
200,8455680
201,8455681
111,8455806
191,8455855
175,8455866
804,8456256
905,8456313
231,8456525
274,8456712
693,8456730
953,8456817
954,8456818
955,8456819
324,8457075
559,8457198
673,8457252
57,8457325
168,8457405
61,8457799
660,8457888
59,8457969
952,8457970
905,8457971
169,8458104
478,8458326
447,8458478
342,8458522
543,8458907
692,8458982
445,8459068
818,8459171
941,8459274
956,8459485
957,8459486
521,8459657
478,8459658
399,8460000
400,8460001
1047,8460079
828,8460336
829,8460337
673,8460367
1098,8460524
542,8460599
969,8460781
521,8460837
1097,8460955
399,8461026
955,8461484
570,8461572
1134,8461792
818,8461891
479,8461956
996,8461972
651,8462044
1059,8462329
191,8462467
1110,8462583
847,8463062
110,8463398
201,8463427
208,8463545
209,8463546
62,8463566
411,8463566
828,8463709
829,8463710
1072,8463956
904,8464123
953,8464124
422,8464179
944,8464186
62,8464278
411,8464278
274,8464355
401,8464374
711,8464527
692,8464616
175,8465325
370,8465333
942,8465504
690,8465506
866,8465602
867,8465603
878,8465622
168,8465699
169,8465700
56,8465904
57,8465905
58,8465906
59,8465907
952,8465908
576,8465911
1048,8465962
953,8466037
996,8466085
542,8466114
967,8466193
176,8466379
956,8466382
92,8466654
659,8466667
722,8466762
396,8466973
1089,8466973
1090,8466974
199,8467161
604,8467238
269,8467313
270,8467314
870,8467671
995,8467783
996,8467784
697,8467795
1072,8467820
866,8467837
867,8467838
622,8468118
456,8468664
973,8468723
952,8469114
952,8469154
62,8469294
411,8469294
715,8469670
521,8469685
1104,8470024
447,8470418
194,8470430
383,8470980
447,8470982
448,8470983
479,8471285
965,8471392
270,8471692
479,8472054
368,8472430
369,8472431
370,8472432
87,8472561
973,8472615
818,8472649
524,8472861
541,8473311
474,8473452
676,8473466
141,8473827
92,8474052
780,8474754
382,8474885
475,8474913
722,8474919
542,8475013
638,8475014
517,8475069
539,8475123
325,8475216
1121,8475252
736,8475315
865,8475644
383,8475868
1097,8475877
982,8475879
141,8475903
288,8476012
944,8476092
1081,8476135
576,8476194
964,8476333
220,8476437
964,8476485
697,8476607
169,8476741
595,8476925
722,8476933
954,8477234
576,8477415
394,8477470
395,8477471
400,8477692
191,8477714
542,8477761
638,8477762
711,8477814
539,8478123
953,8478314
474,8478338
110,8478433
994,8478480
568,8478552
698,8478645
89,8478662
90,8478663
693,8478683
953,8479225
269,8479272
1047,8479559
996,8479650
698,8479662
693,8479732
111,8479810
693,8479875
361,8479877
170,8480061
1048,8480255
710,8480285
260,8480303
688,8480305
1047,8480321
1048,8480322
595,8480495
1090,8480622
541,8480803
542,8480804
638,8480805
57,8480810
58,8480811
847,8480858
194,8480974
944,8481292
92,8481591
196,8481618
197,8481619
274,8481751
674,8482204
953,8482465
954,8482466
710,8482517
790,8482639
541,8482953
570,8483129
758,8483236
722,8483332
952,8483396
1131,8483416
177,8483552
570,8483563
975,8483645
976,8483646
977,8483647
905,8483725
944,8483817
539,8483865
864,8484151
622,8484507
231,8485063
232,8485064
444,8485293
830,8485307
692,8485483
693,8485484
866,8485532
867,8485533
386,8485589
521,8486449
478,8486450
191,8486492
399,8486692
59,8486774
191,8486933
1047,8487074
175,8487084
59,8487171
952,8487172
570,8487282
1072,8487349
1072,8487390
541,8487408
191,8487502
274,8487696
89,8487731
260,8488052
274,8488230
994,8488456
1072,8488539
943,8488629
542,8488710
638,8488711
693,8488924
361,8489013
169,8489118
967,8489192
693,8489354
122,8489455
954,8489688
175,8489748
192,8489770
196,8489777
830,8489810
781,8489886
690,8489887
688,8490145
559,8490213
1103,8490363
954,8490457
758,8490486
867,8490775
868,8490776
175,8490906
450,8491299
1047,8491344
818,8491357
673,8491882
697,8492065
818,8492179
576,8492291
25,8492309
274,8492357
275,8492358
1072,8492512
370,8492649
955,8492681
1131,8492793
944,8493317
994,8493386
61,8493501
56,8493886
57,8493887
943,8493964
788,8494063
255,8494446
170,8494463
830,8494544
830,8494763
25,8495024
26,8495025
539,8495399
571,8495573
1047,8495869
520,8496156
834,8496212
542,8496524
521,8496525
478,8496526
1106,8496569
445,8496738
693,8497426
576,8497502
722,8497623
473,8497718
941,8497772
942,8497773
541,8498148
374,8498151
56,8498212
690,8498423
177,8498435
176,8498731
878,8498744
288,8498849
539,8499051
965,8499080
175,8499182
176,8499183
521,8499289
939,8499314
940,8499315
524,8499330
699,8499371
973,8499612
220,8499763
711,8500045
518,8500229
956,8500260
957,8500261
952,8500301
370,8500718
479,8500841
190,8500913
191,8500914
175,8501049
60,8501182
781,8501716
855,8501822
370,8501850
447,8502075
374,8502243
542,8502661
1098,8502887
1099,8502888
1100,8502889
201,8503017
372,8503413
830,8503428
419,8503756
111,8503774
638,8504097
370,8504159
1134,8504193
1135,8504194
704,8504591
419,8504775
230,8504776
231,8504777
1106,8504892
89,8504968
209,8505286
818,8505380
56,8505485
57,8505486
570,8505744
905,8505886
177,8505915
847,8505954
828,8506118
479,8506147
520,8506189
638,8506190
870,8506283
576,8506457
526,8506565
478,8506629
400,8507064
517,8507071
638,8507090
374,8507425
692,8507684
975,8507919
976,8507920
977,8507921
520,8507930
194,8508129
195,8508130
521,8508201
168,8508215
342,8508218
370,8508233
371,8508234
967,8508235
944,8508669
953,8509004
956,8509269
957,8509270
1106,8509315
274,8509458
361,8509464
141,8509604
692,8509733
528,8509814
97,8509822
539,8510239
1107,8510307
521,8510382
478,8510383
788,8510487
158,8510659
542,8510837
638,8510838
1098,8510844
1099,8510845
1100,8510846
474,8511144
231,8511176
571,8511238
274,8511526
193,8511610
1134,8511936
1048,8511949
274,8512063
288,8512196
88,8512895
956,8512926
957,8512927
977,8513053
274,8513251
818,8513440
275,8513447
88,8513779
89,8513780
500,8513801
176,8513811
993,8514114
208,8514723
61,8514740
62,8514741
411,8514741
60,8515106
61,8515107
62,8515108
411,8515108
788,8515542
692,8515631
693,8515632
698,8515933
699,8515934
692,8516062
56,8516104
474,8516344
1134,8516376
1041,8516775
711,8516934
952,8516936
576,8516977
382,8517047
383,8517048
1041,8517319
996,8517389
177,8517720
1104,8517730
964,8517777
965,8517778
722,8517862
651,8517912
455,8518054
943,8518234
286,8518419
818,8518524
202,8518708
288,8518726
444,8519556
558,8519588
559,8519589
818,8519665
674,8520104
520,8520203
56,8520762
57,8520763
58,8520764
168,8520851
56,8520897
57,8520898
96,8521029
63,8521044
710,8521279
967,8521333
818,8521519
1098,8521663
864,8522352
25,8522371
199,8522679
193,8522736
370,8522831
473,8522862
474,8522863
997,8522929
722,8522958
956,8523204
956,8523209
905,8523509
337,8523673
56,8523739
1134,8523743
447,8523834
448,8523835
965,8524020
370,8524073
288,8524091
198,8524354
444,8524365
445,8524366
447,8524368
944,8524393
1097,8524431
1098,8524844
855,8525023
622,8525085
541,8525124
828,8525129
141,8525257
168,8525399
474,8525524
445,8525647
447,8525986
818,8525997
673,8526178
674,8526179
192,8526189
92,8526295
674,8526620
905,8526777
956,8526987
421,8527162
1090,8527230
61,8527687
62,8527688
411,8527688
1134,8528399
1107,8528524
1108,8528525
722,8528584
169,8528644
1106,8528670
754,8528715
690,8529027
61,8529084
62,8529085
411,8529085
638,8529265
870,8529428
197,8529478
870,8529515
224,8529593
57,8529711
168,8529742
478,8529846
479,8529928
275,8530306
479,8530333
169,8530415
1047,8530460
445,8530638
698,8530657
828,8530929
753,8531065
690,8531282
370,8531534
980,8531622
270,8531703
722,8532100
690,8532278
348,8532425
967,8532508
528,8532605
479,8532618
1110,8532728
57,8532735
973,8532862
370,8532946
570,8533164
62,8533196
411,8533196
1041,8533357
652,8533359
56,8533397
57,8533398
58,8533399
828,8533800
125,8533837
993,8534149
690,8534198
368,8534212
368,8534406
286,8534449
604,8534569
62,8534914
411,8534914
63,8534915
571,8535510
200,8535788
982,8536060
56,8536172
474,8536789
539,8537353
1012,8537355
56,8537362
286,8537364
1112,8537837
953,8537947
690,8537979
976,8537983
977,8537984
370,8538025
61,8538107
62,8538108
411,8538108
559,8538443
690,8538531
56,8538668
26,8538775
62,8538881
411,8538881
386,8538910
196,8539212
260,8539217
1047,8539387
539,8539433
693,8539617
196,8539654
197,8539655
942,8539680
952,8539761
386,8540029
44,8540032
520,8540136
386,8540155
89,8540244
208,8540330
209,8540331
61,8540475
523,8540620
692,8541033
57,8541287
942,8541561
1134,8542171
828,8542778
829,8542779
590,8542792
368,8542793
369,8542794
370,8542795
692,8542802
693,8542803
528,8543179
541,8543413
542,8543654
638,8543655
56,8543720
942,8543929
275,8543994
111,8544195
544,8544236
559,8544317
191,8544703
1112,8544866
270,8545211
298,8545350
192,8545800
158,8545943
192,8546106
479,8546113
394,8546321
395,8546322
197,8546381
866,8546444
456,8546501
204,8546856
638,8547073
254,8547116
828,8547203
829,8547204
830,8547205
942,8547463
754,8547672
755,8547673
558,8548220
473,8548685
571,8549278
604,8549322
965,8549634
122,8549668
520,8549828
373,8549900
374,8549901
690,8549920
269,8550096
1131,8550527
1047,8550570
780,8550587
952,8550622
447,8550756
448,8550757
209,8550794
829,8550850
952,8550936
412,8551002
26,8551024
197,8551043
1134,8551209
400,8551327
169,8551520
154,8551590
372,8551734
520,8551806
638,8551807
370,8552124
630,8552179
568,8552257
56,8552732
92,8552810
194,8552964
541,8553086
1047,8553272
698,8553314
699,8553315
975,8553516
973,8553610
56,8553818
57,8553819
152,8554171
693,8554196
175,8554215
953,8554625
275,8554760
847,8554797
722,8554867
111,8554950
870,8555152
980,8555232
737,8555274
1097,8555386
904,8555858
262,8556018
944,8556077
1095,8556766
169,8556929
419,8556942
288,8557039
660,8557161
423,8557165
1041,8557179
196,8557403
197,8557404
254,8557509
122,8557530
521,8557578
855,8557704
423,8557730
952,8557802
940,8557836
1072,8558458
1073,8558459
158,8558484
255,8558561
57,8559238
58,8559239
59,8559240
61,8559256
62,8559257
411,8559257
196,8559323
197,8559324
370,8559350
196,8559517
692,8560004
693,8560005
325,8560194
175,8560353
176,8560354
722,8560677
195,8560781
952,8560798
576,8560801
847,8560989
830,8561051
788,8561224
870,8561255
566,8561278
541,8561309
447,8561593
693,8561823
604,8561996
517,8562286
526,8562393
368,8562580
722,8562681
373,8562941
374,8562942
828,8563217
829,8563218
176,8563300
674,8563318
905,8563323
374,8563470
688,8563714
196,8563751
197,8563752
61,8564052
526,8564683
1041,8564821
1073,8565078
953,8565102
447,8565152
169,8565202
170,8565203
198,8565631
199,8565632
444,8565669
847,8565951
722,8565953
1048,8566163
178,8566286
698,8566287
400,8566307
829,8566444
973,8566494
270,8567035
520,8567098
855,8567114
722,8567404
693,8567741
201,8567812
673,8567821
220,8567827
965,8567893
61,8567904
62,8567905
411,8567905
199,8567936
255,8568021
692,8568572
325,8568752
270,8569033
274,8569037
153,8569183
558,8569488
865,8569686
693,8570097
604,8570571
818,8570700
1041,8570894
1134,8571560
325,8571916
1047,8572132
967,8572183
201,8572605
288,8572615
941,8572666
698,8572733
1108,8572774
693,8572796
1112,8572829
870,8572972
576,8573020
676,8573172
953,8573193
1134,8573617
956,8573741
993,8573881
865,8573929
866,8573930
867,8573931
111,8573961
944,8574117
500,8574186
479,8574248
175,8574282
176,8574283
199,8574478
177,8574483
953,8574546
954,8574547
955,8574548
26,8574939
445,8574984
905,8575359
693,8575484
788,8575976
56,8576038
1047,8576894
1048,8576895
96,8576922
964,8576945
965,8576946
230,8576983
231,8576984
232,8576985
690,8577184
230,8577248
605,8577365
942,8577574
479,8577624
674,8577798
400,8577823
994,8577990
980,8578346
981,8578347
177,8578481
178,8578482
175,8578505
576,8578592
170,8578716
558,8578748
559,8578749
973,8578789
194,8579018
171,8579158
478,8579391
574,8579583
286,8580020
445,8580374
692,8580411
1100,8580552
25,8580763
192,8580795
176,8580991
847,8581448
964,8581690
965,8581691
830,8582189
474,8582399
254,8582685
209,8582863
571,8582913
572,8582914
334,8582968
539,8583020
498,8583024
192,8583035
539,8583765
567,8584559
220,8584607
122,8584864
982,8585186
444,8585438
445,8585439
818,8585785
904,8586013
1047,8586093
1104,8586191
953,8586204
400,8586322
401,8586323
904,8586776
199,8586848
200,8586849
1048,8586919
753,8587082
361,8587230
570,8587591
198,8587748
198,8587841
638,8588277
520,8588362
1018,8588972
541,8589712
191,8589817
192,8589818
754,8589866
955,8589999
539,8590702
692,8590851
693,8590852
419,8591102
818,8591132
542,8591292
361,8591466
445,8591989
447,8591991
448,8591992
61,8592310
62,8592311
411,8592311
1098,8592367
372,8592582
169,8592593
170,8592594
965,8592896
965,8592995
965,8593091
965,8593187
965,8593283
517,8593390
370,8593534
980,8593704
1072,8593760
847,8594010
1095,8594609
967,8594740
523,8595097
517,8595264
692,8595393
200,8595551
541,8595649
63,8595773
64,8595774
447,8596022
325,8596086
1134,8596104
399,8596431
111,8596501
445,8596631
288,8596647
692,8596711
967,8596790
444,8596816
905,8596937
61,8597087
62,8597088
411,8597088
715,8597431
1072,8597463
1073,8597464
62,8597563
411,8597563
560,8597570
191,8597679
192,8597680
690,8597862
570,8597943
87,8598214
690,8598219
754,8598228
690,8598337
200,8598576
386,8598768
175,8598940
455,8598969
1047,8599073
60,8599566
201,8599818
92,8600153
542,8600162
175,8600255
952,8600312
474,8600491
965,8600498
444,8600520
704,8600546
288,8601026
1072,8601170
373,8601196
865,8601617
866,8601618
541,8601693
342,8601793
952,8601897
1097,8602002
1098,8602003
558,8602060
559,8602061
63,8602119
422,8602395
758,8602424
780,8602634
88,8602986
956,8603216
957,8603217
383,8603369
1113,8603495
943,8603666
191,8603754
198,8604517
199,8604518
175,8604734
274,8605082
953,8605192
56,8605265
455,8605268
383,8605275
169,8605336
209,8605363
25,8605366
26,8605367
275,8605724
829,8605793
942,8605994
539,8606080
96,8606734
722,8607001
169,8607317
1106,8607347
604,8607428
274,8607476
275,8607477
697,8607586
698,8607587
941,8607850
270,8608226
420,8608794
269,8609218
981,8609255
26,8609650
177,8609774
541,8609827
447,8609885
448,8609886
956,8610049
904,8610446
994,8610483
995,8610484
996,8610485
194,8610505
170,8610627
342,8610711
673,8610727
383,8610990
194,8611045
201,8611062
202,8611063
830,8611245
231,8611459
478,8611473
348,8611755
62,8611967
411,8611967
169,8612292
194,8612644
444,8612762
697,8612965
828,8613192
829,8613193
57,8613465
690,8613498
692,8613500
528,8613583
722,8613599
478,8613663
274,8613755
952,8614005
1047,8614462
447,8614675
448,8614676
474,8614795
693,8615191
400,8615361
269,8615482
57,8615947
274,8615955
394,8616041
395,8616042
829,8616070
1047,8616242
1134,8617131
386,8617329
286,8617390
473,8617524
447,8617691
194,8617835
197,8618294
1106,8618580
1107,8618581
980,8618688
177,8618717
286,8618779
953,8619163
954,8619164
955,8619165
952,8619285
168,8619547
874,8619581
830,8619787
604,8620159
1134,8620182
191,8620264
192,8620265
255,8620630
994,8620806
693,8621102
400,8621435
336,8621596
348,8621648
1059,8621739
954,8621974
955,8621975
1106,8622062
56,8622313
521,8622334
56,8622518
168,8622646
943,8622657
169,8622911
208,8622923
199,8622963
399,8623278
400,8623279
693,8623560
994,8623627
829,8624139
57,8624284
977,8624319
444,8624623
447,8624695
942,8624728
866,8624786
867,8624787
192,8624927
953,8624933
1134,8625148
158,8625293
196,8625338
1048,8625449
270,8625567
953,8625627
269,8625947
110,8625994
818,8626045
690,8626078
590,8626179
368,8626180
191,8626196
1081,8626343
193,8626344
692,8626428
270,8626458
835,8626700
361,8626829
401,8626894
520,8627007
981,8627091
865,8627322
866,8627323
867,8627324
122,8627345
122,8627423
445,8627661
870,8627791
588,8627849
445,8627854
942,8628510
781,8628605
940,8628933
275,8628941
722,8629052
1059,8629063
1097,8629321
201,8629378
370,8629513
176,8629630
830,8629809
1110,8629988
96,8630268
790,8630354
260,8630399
690,8630408
57,8630539
58,8630540
604,8630614
965,8630863
1104,8630865
177,8630934
604,8631076
260,8631096
981,8631401
982,8631402
541,8631553
542,8631554
722,8631700
498,8631848
942,8631999
690,8632001
940,8632210
1047,8632468
270,8632695
524,8633191
525,8633192
154,8633461
828,8633631
829,8633632
830,8633633
122,8633716
198,8634012
199,8634013
286,8634160
342,8634258
952,8634286
524,8634312
59,8634599
952,8634600
92,8634635
542,8634748
953,8635216
199,8635350
208,8635402
474,8635491
847,8635510
847,8635872
722,8635874
698,8636170
692,8636182
969,8636275
111,8636278
479,8636479
722,8636501
973,8636990
382,8637100
542,8637665
1106,8638440
866,8638646
1072,8639066
382,8639148
866,8639331
168,8639491
169,8639492
194,8639581
325,8639781
382,8639934
383,8639935
288,8640044
964,8640492
474,8640703
197,8640885
169,8641123
56,8641218
57,8641219
220,8641418
370,8641420
382,8641632
383,8641633
690,8641648
953,8641785
169,8641976
690,8642074
191,8642324
192,8642325
64,8642365
674,8642529
348,8642584
956,8642594
56,8643064
382,8643267
383,8643268
1041,8643323
158,8643605
1073,8643711
558,8643828
630,8644113
952,8644156
520,8644184
688,8644355
904,8644602
830,8644975
698,8644998
699,8644999
1015,8645094
177,8645184
526,8645357
699,8645698
994,8645705
194,8645814
195,8645815
196,8645816
197,8645817
198,8645818
399,8645884
400,8645885
652,8645926
829,8646103
830,8646104
274,8646865
539,8647075
977,8647122
953,8647169
175,8647249
576,8647329
158,8647371
111,8647544
220,8647576
56,8647921
370,8648000
674,8648261
448,8648325
396,8648558
1089,8648558
964,8648753
710,8648801
566,8648912
567,8648913
944,8648931
400,8648937
401,8648938
57,8648974
288,8649367
847,8649444
952,8649547
194,8649651
982,8650290
559,8650508
403,8650539
690,8650838
274,8650843
520,8650983
25,8651073
26,8651074
941,8651141
904,8651337
386,8651924
193,8652092
1008,8652187
1090,8652587
25,8652809
26,8652810
25,8652881
26,8652882
177,8652944
1072,8653524
1131,8653586
542,8653880
828,8654214
942,8654319
690,8654321
1101,8654483
270,8654490
818,8654576
192,8654627
828,8654791
965,8654798
692,8655817
169,8656009
737,8656220
1072,8656325
348,8656592
828,8656697
829,8656698
422,8656761
942,8656846
56,8657061
57,8657062
56,8657119
576,8657260
1134,8657293
288,8657560
855,8657846
521,8657869
447,8657929
1090,8657956
194,8658063
152,8658287
1047,8658891
412,8658944
111,8658955
324,8659036
541,8659092
566,8659157
567,8659158
676,8659287
57,8659325
110,8659812
288,8659815
201,8660154
57,8660321
956,8660342
957,8660343
342,8660516
61,8660650
62,8660651
411,8660651
419,8660823
89,8660854
789,8661307
122,8661622
421,8661861
201,8662089
994,8662418
688,8662422
828,8662552
1041,8662737
1098,8662757
1099,8662758
1100,8662759
1101,8662760
325,8662784
956,8662828
942,8662851
177,8663012
828,8663044
829,8663045
702,8663281
703,8663282
704,8663283
479,8663496
62,8663551
411,8663551
197,8663588
194,8663591
403,8663722
993,8663825
994,8663826
995,8663827
169,8663869
177,8663875
178,8663876
944,8663978
489,8664130
995,8664409
996,8664410
604,8664919
722,8665131
847,8665429
559,8665658
421,8665745
177,8667396
178,8667397
25,8667770
399,8667915
1072,8667979
830,8668038
517,8668158
1113,8668317
194,8668435
198,8668987
542,8668996
638,8668997
966,8669038
967,8669039
89,8669113
690,8669115
690,8670101
444,8670124
288,8670222
977,8670412
56,8670515
260,8670594
261,8670595
170,8670685
528,8670731
542,8671034
286,8671112
287,8671113
352,8671448
122,8671643
520,8671656
638,8671657
1008,8671839
955,8671959
274,8672374
520,8672523
638,8672524
692,8672664
693,8672665
209,8672736
956,8672740
953,8672779
529,8672842
288,8673077
191,8673149
192,8673150
193,8673151
994,8673237
692,8673281
386,8673332
44,8673335
56,8673648
474,8673711
87,8673713
361,8673930
1113,8674122
692,8674131
693,8674132
697,8674441
368,8674560
255,8674671
995,8674695
996,8674696
1134,8674807
56,8674848
57,8674849
122,8674952
542,8675183
604,8675251
348,8675406
944,8675411
1019,8675423
342,8675424
198,8675473
1047,8675505
169,8675514
479,8675739
445,8675760
952,8676103
56,8676284
541,8676316
158,8676550
957,8676752
1072,8676902
952,8676939
811,8677157
419,8677328
175,8677829
201,8678070
698,8678261
944,8678522
994,8678874
62,8678926
411,8678926
57,8678961
964,8679106
194,8679173
445,8679276
542,8679676
91,8679755
92,8679756
447,8679812
448,8679813
688,8680063
758,8680241
1047,8680258
445,8680265
993,8680352
444,8680510
26,8680878
168,8680994
444,8681183
1134,8681280
692,8681311
448,8681379
649,8681736
169,8681803
170,8681804
541,8681826
969,8681829
874,8681914
61,8682104
539,8682192
25,8682272
980,8682502
653,8682955
419,8682986
154,8683400
199,8683474
652,8683683
298,8684177
1073,8684329
111,8684373
1072,8684427
1073,8684428
177,8684492
368,8684525
993,8684616
201,8685017
57,8685491
559,8685508
1134,8685572
1041,8685830
996,8685972
541,8686473
1134,8686805
254,8686875
169,8686983
170,8686984
369,8687063
521,8687143
111,8687338
994,8687757
995,8687758
996,8687759
964,8688086
955,8688140
829,8688287
200,8688391
170,8688410
568,8688458
169,8688462
1047,8688685
62,8688788
411,8688788
1131,8689493
449,8690131
450,8690132
652,8690245
653,8690246
955,8690336
847,8690403
111,8690463
690,8690578
953,8690666
25,8690852
412,8690865
955,8690892
956,8690893
870,8691025
194,8691064
195,8691065
196,8691074
178,8691182
698,8691183
699,8691228
659,8691598
197,8691636
274,8691697
63,8691810
64,8691811
1081,8691835
1108,8691901
521,8692105
530,8692651
197,8692692
25,8693460
528,8693600
175,8693926
651,8693999
57,8694136
541,8694250
702,8694339
711,8694356
1134,8694502
122,8694929
622,8695082
154,8695491
528,8695560
421,8695874
386,8695931
1041,8696356
711,8696771
714,8697139
368,8697639
369,8697640
1075,8698036
1073,8698263
541,8698747
967,8698965
544,8699004
862,8699350
1047,8699505
370,8699843
758,8700189
386,8700249
1047,8700372
1009,8700430
1010,8700431
25,8700542
88,8700967
89,8700968
90,8700969
386,8701136
44,8701518
688,8701615
479,8701619
57,8701730
904,8701762
89,8701833
274,8702267
62,8702282
411,8702282
57,8703047
828,8703083
270,8703103
758,8703118
194,8703289
965,8703301
1131,8703515
953,8703573
1134,8703675
396,8704021
1089,8704021
560,8704458
1041,8704484
421,8704702
953,8704816
361,8705117
122,8705741
818,8706012
59,8706064
59,8706135
1098,8706258
1047,8706579
1048,8706580
1113,8706658
274,8706685
1109,8706810
520,8706839
260,8706952
688,8706954
828,8707120
829,8707121
208,8707430
1134,8707517
322,8707872
59,8707947
260,8708414
261,8708415
1047,8708858
690,8708866
422,8708924
558,8709010
828,8709158
1107,8709278
1108,8709279
275,8709434
194,8709771
847,8709943
1097,8710072
1098,8710073
87,8710356
528,8710550
542,8710570
111,8710651
444,8710848
178,8711226
692,8711437
61,8712141
62,8712142
411,8712142
201,8712427
170,8712531
474,8712893
475,8712894
201,8712912
343,8712941
528,8713290
169,8713320
1097,8713492
230,8713493
231,8713494
1041,8713637
61,8713765
62,8713766
411,8713766
529,8714208
88,8714508
169,8714535
956,8714550
56,8714584
698,8714630
544,8714679
201,8715135
577,8715271
403,8715389
539,8715612
541,8715614
171,8715748
230,8716065
209,8716128
520,8716272
521,8716273
1107,8716303
905,8716758
455,8716763
62,8716812
411,8716812
56,8717008
57,8717009
61,8717141
400,8717234
710,8717434
63,8717608
1047,8717873
690,8718691
1106,8718737
1121,8718956
558,8718977
1106,8719019
122,8719180
944,8719624
383,8719630
382,8719905
965,8720094
965,8720161
177,8720599
194,8720811
25,8720954
722,8721016
697,8721043
698,8721044
699,8721045
324,8721195
539,8721247
944,8721283
382,8721647
967,8721649
698,8721782
699,8721783
382,8721823
383,8721824
111,8721842
201,8721902
523,8721925
698,8722533
521,8722618
383,8722741
830,8722875
61,8724277
62,8724278
411,8724278
370,8724467
523,8724602
652,8725044
704,8725451
444,8725570
445,8725571
87,8725613
204,8725858
175,8725936
176,8725937
996,8726148
370,8726370
1047,8726475
175,8726623
122,8726887
56,8727112
539,8727272
955,8727688
956,8727689
288,8727725
122,8727761
197,8727774
374,8727813
523,8728070
944,8728232
570,8728321
967,8728443
1134,8728457
59,8728644
192,8728905
973,8729110
57,8729257
58,8729258
1097,8729301
1098,8729302
542,8729418
638,8729419
177,8729596
539,8729919
399,8729922
400,8729923
818,8730111
370,8730245
576,8730324
980,8730417
44,8730463
698,8730631
566,8730717
567,8730718
568,8730719
25,8730906
26,8730907
604,8731025
781,8731678
1104,8731785
1047,8732494
170,8732715
386,8733341
1050,8733350
973,8733771
692,8733803
651,8733820
652,8733821
448,8733868
383,8733905
419,8734000
994,8734037
111,8734278
270,8734339
993,8734479
111,8734709
1134,8734928
830,8735347
830,8735365
1103,8735758
368,8735899
541,8735967
1073,8735987
952,8736130
169,8736486
254,8736806
325,8736968
231,8737023
286,8737172
1072,8737245
169,8737374
170,8737375
220,8737497
1115,8737528
111,8737595
917,8738147
64,8738216
994,8738331
1047,8738505
1047,8738691
590,8738790
368,8738791
194,8739004
1050,8739027
169,8739044
64,8739095
1047,8739162
170,8739333
474,8739670
178,8739761
955,8739891
520,8740202
204,8740603
288,8740617
447,8740620
448,8740621
61,8740644
62,8740645
411,8740645
412,8740646
111,8740755
518,8740831
1090,8740832
175,8741294
197,8741578
1072,8742068
952,8742110
447,8742121
191,8742186
62,8742576
411,8742576
111,8742614
412,8742776
638,8743455
995,8744378
1047,8744459
588,8744584
590,8744630
368,8744631
194,8744844
1050,8744867
169,8744884
1047,8745002
382,8745033
170,8745173
474,8745510
542,8745560
178,8745601
520,8746042
81,8746375
566,8746734
567,8746735
995,8746947
996,8746948
866,8747284
374,8747582
528,8748017
1090,8748397
88,8748514
89,8748515
110,8748658
26,8748684
361,8748789
1101,8748925
169,8748936
558,8749028
559,8749029
528,8749163
942,8749311
177,8749520
178,8749521
698,8749522
474,8749632
348,8749935
1134,8750171
673,8750273
270,8750313
804,8750756
1097,8750861
1098,8750862
479,8751265
57,8751359
58,8751360
194,8751542
818,8751570
1134,8752288
324,8752315
61,8752477
62,8752478
411,8752478
523,8752541
479,8752737
973,8752747
953,8752764
1071,8752784
1072,8752785
942,8752829
122,8752912
659,8753323
56,8753335
1106,8753592
57,8753731
274,8753738
818,8753921
1113,8754098
447,8754187
448,8754188
286,8754194
287,8754195
288,8754196
693,8754400
56,8754510
57,8754511
542,8754632
521,8754633
955,8754690
956,8754691
544,8754828
559,8755915
1047,8755919
1041,8756108
804,8756475
152,8756515
604,8756571
1134,8756579
447,8756858
674,8756900
444,8757220
348,8757338
967,8757343
722,8757514
447,8757820
274,8758001
447,8758219
866,8758366
197,8758438
690,8758523
1047,8758538
255,8758589
1098,8758664
941,8759192
942,8759193
690,8759195
447,8759206
110,8759578
111,8759579
170,8759605
447,8759630
448,8759631
500,8759818
26,8760061
260,8760221
370,8760227
818,8760442
419,8760655
230,8760656
905,8760682
828,8760708
334,8760782
855,8761332
965,8761438
690,8761803
125,8762194
1114,8762435
57,8762709
697,8762786
698,8762787
941,8762866
170,8762960
171,8763233
191,8763493
192,8763494
193,8763495
169,8763849
996,8764129
847,8764195
847,8764521
169,8764525
170,8764526
141,8764662
942,8764869
955,8764899
956,8764900
79,8765304
197,8765396
198,8765397
421,8765540
475,8765599
61,8765866
830,8766131
175,8766135
334,8766200
818,8766243
270,8766365
942,8766728
383,8767138
944,8767193
1073,8767393
944,8767564
604,8767635
169,8767672
382,8767891
383,8767892
804,8767918
994,8768203
955,8768576
539,8768676
1041,8768791
334,8768796
447,8768889
448,8768890
56,8769452
57,8769453
870,8769590
274,8769618
57,8770003
1106,8770714
220,8770864
690,8771059
373,8771240
374,8771241
382,8771403
542,8771407
638,8771408
274,8771473
1072,8771918
202,8772059
1134,8772093
866,8772681
867,8772682
1131,8772781
870,8772813
209,8773077
1072,8773182
1073,8773183
201,8773195
262,8773385
382,8773618
383,8773619
952,8774320
953,8774321
1095,8774355
372,8774509
373,8774510
500,8774525
56,8774718
559,8775213
558,8775341
559,8775342
61,8775535
62,8775536
411,8775536
1112,8775768
835,8775942
690,8775964
818,8776214
980,8776351
421,8776353
422,8776354
996,8776416
1047,8776806
1048,8776807
953,8777027
703,8777668
704,8777669
705,8777670
542,8777938
638,8777939
697,8778102
698,8778103
804,8778211
478,8778380
965,8778886
560,8778893
1112,8779037
176,8779136
1104,8779164
1106,8779166
1107,8779307
1108,8779308
262,8779319
192,8779596
168,8779770
1112,8779799
286,8780117
847,8780145
847,8780177
697,8780231
199,8780718
200,8780719
56,8780887
57,8780888
697,8781149
374,8781772
87,8781960
447,8781961
1073,8782019
520,8782040
965,8782069
25,8782450
447,8782460
170,8782472
693,8782536
201,8782710
576,8782956
194,8783592
177,8783752
1095,8783769
274,8783804
866,8783987
953,8784085
220,8784112
479,8784467
1047,8785043
544,8785167
704,8785409
1047,8785515
399,8785543
1047,8785595
866,8785631
867,8785632
868,8785633
152,8785642
153,8785643
517,8785669
1047,8785680
1048,8785681
196,8785757
1081,8785793
448,8785893
56,8785959
92,8785973
63,8785977
564,8786021
400,8786025
804,8786343
261,8786475
1041,8786801
605,8786835
544,8787113
141,8787139
1106,8787153
1107,8787154
698,8787165
952,8787248
864,8787925
370,8787959
201,8788112
171,8788289
955,8788414
175,8788614
829,8788669
445,8788708
447,8788944
61,8789153
62,8789154
411,8789154
254,8789262
58,8789394
737,8789639
230,8789702
847,8789810
1072,8789977
865,8790000
622,8790160
878,8790251
865,8790362
528,8790991
870,8791314
25,8791353
780,8791598
44,8791815
396,8792236
1089,8792236
952,8792251
953,8792252
125,8792273
447,8792354
448,8792355
526,8792480
1134,8792568
63,8792606
194,8792765
195,8792766
996,8792909
604,8793155
59,8794035
155,8794326
96,8794445
722,8794568
193,8794925
758,8795283
275,8795806
196,8795883
542,8795889
830,8796145
1047,8796353
1134,8796612
1135,8796613
275,8796700
141,8796988
275,8796994
1047,8797088
275,8797286
828,8797806
829,8797807
576,8797934
526,8797989
1115,8798163
1131,8798181
1072,8798186
994,8798455
688,8798524
518,8798723
944,8799040
1104,8799061
63,8799209
275,8799635
651,8799661
829,8800171
980,8800229
445,8800368
386,8800483
698,8800800
994,8800908
254,8801024
255,8801025
476,8801196
1074,8801622
1075,8801623
288,8801686
368,8801906
369,8801907
370,8801908
474,8802040
965,8802132
25,8802307
335,8802840
325,8802859
944,8803108
566,8803112
567,8803113
953,8803259
567,8803268
568,8803269
270,8803310
386,8803346
399,8803467
400,8803468
58,8803493
955,8803805
542,8803814
976,8804017
977,8804018
956,8804068
673,8804220
141,8804232
653,8804390
781,8804669
698,8804776
56,8805008
383,8805011
539,8805062
818,8805402
419,8805480
996,8805603
274,8805716
1047,8805794
63,8805938
847,8805956
542,8806232
196,8806393
383,8806544
270,8807230
977,8807393
703,8807410
704,8807411
448,8807521
829,8807658
1041,8807927
176,8807985
208,8808008
209,8808009
56,8808097
383,8808184
324,8808245
169,8808289
1072,8808541
1073,8808542
348,8808651
324,8808785
829,8809107
690,8809135
175,8809266
570,8809351
542,8809373
638,8809374
690,8809521
828,8809744
829,8809745
541,8809817
386,8809884
953,8809964
715,8809993
716,8809994
717,8809995
196,8810408
197,8810409
604,8810740
526,8810802
370,8810961
111,8811269
829,8811281
539,8811296
288,8811392
56,8811703
199,8812023
209,8812313
951,8812340
394,8812383
395,8812384
447,8812470
63,8812671
445,8812685
86,8812693
965,8813126
956,8813276
659,8813382
62,8813656
411,8813656
63,8813657
758,8813753
698,8813794
780,8813956
192,8814377
56,8814438
698,8814544
1041,8814577
1134,8814677
169,8814682
170,8814683
704,8814770
61,8814838
62,8814839
411,8814839
63,8814840
870,8814956
478,8815022
56,8815180
57,8815181
1098,8815194
178,8815323
692,8815421
196,8815487
197,8815488
61,8815602
62,8815603
411,8815603
1047,8815701
369,8816039
370,8816040
371,8816041
967,8816042
835,8816125
175,8816429
197,8816457
828,8816509
829,8816510
874,8816593
56,8816651
57,8816652
956,8816743
175,8816798
176,8816799
669,8816863
155,8816916
478,8816948
269,8817197
270,8817198
673,8817496
111,8817776
1081,8817911
956,8818023
196,8818102
1047,8818131
830,8818252
1072,8818368
1115,8818719
56,8819268
57,8819269
558,8819729
528,8819782
56,8819888
980,8820353
566,8820572
567,8820573
286,8820627
788,8820709
789,8820710
400,8820822
542,8820969
1081,8821148
111,8821202
478,8821265
334,8821367
335,8821368
177,8821454
178,8821455
1134,8821615
674,8821776
523,8822036
524,8822037
944,8822045
977,8822164
56,8822345
955,8822455
524,8822519
638,8822652
638,8822927
374,8823328
57,8823427
138,8823876
62,8823951
411,8823951
676,8824012
697,8824238
980,8824580
81,8824852
396,8824911
1089,8824911
994,8825211
25,8825585
26,8825586
956,8825633
957,8825634
542,8825855
638,8825856
711,8826187
541,8826191
530,8826277
169,8826503
61,8826893
62,8826894
411,8826894
559,8826897
723,8826930
201,8827321
1064,8827356
374,8827466
637,8827533
56,8827628
286,8827630
942,8827635
659,8827661
1047,8827858
830,8827965
196,8828007
1106,8828012
288,8828024
370,8828187
371,8828188
967,8828189
944,8828295
830,8828419
571,8828460
383,8828615
111,8828958
956,8828993
374,8829139
274,8829622
394,8829679
395,8829680
87,8829727
781,8829739
864,8829997
967,8830031
87,8830049
523,8830367
201,8830597
981,8830627
982,8830628
168,8830803
1134,8830931
653,8831004
209,8831342
25,8831345
1134,8831401
517,8831476
196,8831562
197,8831563
158,8831596
1081,8832722
676,8832915
473,8833016
1041,8833032
818,8833402
255,8833449
956,8833567
275,8833898
994,8834404
445,8834554
447,8834556
456,8834619
940,8834735
973,8834819
348,8834954
980,8835408
622,8835537
158,8835573
722,8835746
444,8835919
201,8836154
122,8836528
401,8836539
828,8836549
829,8836550
830,8836551
141,8836568
829,8836604
710,8836641
1041,8836900
56,8836927
57,8836928
275,8836935
447,8837092
448,8837093
403,8837139
175,8837200
197,8837211
753,8837312
57,8837324
866,8837525
1081,8837742
261,8837963
262,8837964
1131,8838050
866,8838067
286,8838170
967,8838556
56,8838560
697,8838856
967,8838987
270,8839048
589,8839200
722,8839250
447,8839255
448,8839256
61,8839438
622,8840101
372,8840143
201,8840180
447,8840448
448,8840449
964,8840468
804,8840563
141,8840743
964,8841458
965,8841459
1104,8842159
141,8842176
941,8842225
942,8842226
176,8842242
965,8842631
336,8842728
191,8842815
81,8843032
940,8843063
865,8843290
674,8843300
675,8843301
754,8843487
199,8843511
200,8843512
201,8843513
368,8843720
369,8843721
865,8843792
673,8843889
175,8843957
270,8844980
847,8844992
447,8845058
973,8845102
474,8845180
1081,8845347
445,8845602
111,8845949
1134,8845951
122,8846017
847,8846181
1081,8846209
722,8846316
122,8846419
419,8846597
1098,8846598
994,8846685
570,8846703
334,8846748
382,8846750
622,8846865
521,8847231
1131,8847316
370,8847544
622,8847717
623,8847718
61,8847871
62,8847872
411,8847872
1072,8847942
1073,8847943
829,8848054
830,8848055
653,8848377
341,8848435
342,8848436
260,8848486
1097,8848528
230,8848529
231,8848530
232,8848531
706,8849010
275,8849413
177,8849467
994,8849881
905,8850120
168,8850459
122,8850590
204,8850977
539,8851152
197,8851277
171,8851345
544,8851651
818,8851706
812,8851905
813,8851906
445,8851967
419,8852110
1098,8852111
710,8852477
977,8852497
758,8852576
711,8852787
122,8852846
973,8852883
973,8853492
917,8853867
559,8854004
539,8854044
231,8854384
568,8854394
698,8854429
652,8855161
905,8855199
973,8855332
1134,8855464
270,8856195
88,8856226
89,8856227
298,8856301
1100,8856620
111,8856691
288,8856834
941,8856843
1134,8857055
939,8857110
191,8857260
954,8857721
955,8857722
956,8857723
324,8857926
169,8858065
170,8858066
940,8858106
1134,8858480
830,8858656
175,8858660
1134,8859134
194,8859190
129,8859309
956,8859356
1047,8859526
175,8859574
444,8859624
781,8859642
1110,8859772
1111,8859773
274,8860500
479,8860843
758,8861049
270,8861081
423,8861144
690,8861256
659,8861496
542,8861738
445,8861830
847,8862138
288,8862337
1047,8862355
275,8862464
758,8862558
110,8862624
753,8862634
401,8863338
191,8863346
904,8863700
864,8863820
192,8863976
348,8864198
88,8864204
89,8864205
804,8864258
980,8864281
698,8864309
528,8864450
370,8864839
690,8865008
953,8865365
690,8865599
1041,8865699
168,8865805
122,8865864
829,8865937
62,8865945
411,8865945
61,8865955
62,8865956
411,8865956
419,8866011
97,8866323
169,8866494
170,8866495
1101,8866738
57,8866838
865,8867105
197,8867166
847,8867185
56,8867241
197,8867250
758,8867265
952,8867340
905,8867341
141,8867413
26,8867634
334,8867970
201,8868076
673,8868311
324,8868348
688,8868362
951,8868378
952,8868379
539,8868775
659,8868795
660,8868796
829,8868940
830,8869076
754,8869332
158,8869404
479,8869593
480,8869594
953,8869611
521,8869633
478,8869634
953,8869761
477,8869863
478,8869864
288,8869895
254,8870051
400,8870207
528,8870319
674,8870418
370,8870673
89,8870814
90,8870815
1050,8870965
1134,8871089
722,8871121
87,8871166
1098,8871376
401,8871464
177,8871586
231,8872145
92,8872540
576,8872692
780,8872952
58,8873036
325,8873131
866,8873188
141,8873329
288,8873581
371,8873721
372,8873722
560,8873757
111,8874273
692,8874370
905,8874395
944,8874401
830,8874646
479,8875543
348,8875652
528,8875753
178,8875798
676,8875886
541,8876002
447,8876046
674,8876667
965,8876811
286,8877121
287,8877122
456,8877132
570,8877248
874,8877257
865,8877341
866,8877342
177,8877399
419,8877433
230,8877434
231,8877435
260,8877441
1104,8878467
444,8878607
570,8878673
693,8879011
866,8879087
688,8879097
288,8879164
965,8879171
197,8879176
152,8879335
153,8879336
169,8879351
81,8879374
254,8879397
905,8879431
177,8879484
178,8879485
688,8879809
275,8880061
541,8880361
542,8880362
521,8880363
478,8880364
479,8880365
722,8880588
941,8880699
956,8880832
690,8880918
676,8880958
865,8881528
87,8881577
447,8881578
651,8881709
835,8881866
692,8881967
942,8882045
370,8882248
176,8882391
61,8882440
652,8882620
994,8882825
674,8882923
530,8883174
169,8884040
178,8884181
834,8884257
878,8884272
1110,8884343
870,8885488
973,8885870
456,8886193
177,8886347
269,8886390
122,8886425
973,8886499
198,8886682
576,8886742
699,8886754
944,8886905
697,8886917
698,8886918
576,8887094
780,8887251
196,8887456
722,8887490
62,8887517
411,8887517
499,8887624
81,8887645
87,8887811
26,8888234
447,8888380
25,8888817
673,8889234
270,8889378
967,8889699
722,8889766
829,8889779
528,8889912
589,8890117
590,8890118
368,8890119
369,8890120
905,8890214
92,8890227
1048,8890250
855,8890478
630,8890593
110,8890600
448,8890672
444,8890755
1104,8891286
169,8891385
325,8891452
965,8891484
1131,8891642
200,8891660
201,8891661
996,8892043
194,8892071
781,8892121
690,8892122
399,8892336
400,8892337
92,8892341
692,8892345
693,8892346
361,8892348
201,8892409
202,8892410
710,8892506
370,8892530
270,8892597
194,8892800
382,8892813
383,8892814
1072,8892855
674,8893263
195,8893308
412,8893422
870,8893526
63,8893968
541,8894019
542,8894020
543,8894021
544,8894022
541,8894107
576,8894292
270,8894910
944,8895219
178,8895566
383,8895822
622,8896228
92,8896283
288,8896334
383,8896738
141,8897046
1107,8897317
1108,8897318
1113,8897398
528,8897444
25,8897609
26,8897610
905,8897741
941,8897794
270,8898593
953,8898749
479,8898872
480,8898873
170,8899275
175,8899345
1106,8899360
169,8899377
847,8899536
111,8899603
1134,8899605
870,8899760
528,8900229
260,8900412
261,8900413
175,8900574
176,8900575
969,8900629
829,8900710
444,8901260
520,8901263
1047,8901525
474,8901573
475,8901574
847,8901623
1107,8901716
1108,8901717
673,8901804
674,8901805
698,8901949
254,8901992
368,8902032
676,8902293
394,8902414
395,8902415
270,8902416
111,8902466
274,8902801
544,8902999
270,8903088
169,8903123
542,8903150
542,8903767
260,8903990
56,8904122
57,8904123
604,8904159
1041,8904244
1134,8904261
1041,8904561
111,8904571
1134,8904573
737,8904816
260,8905470
828,8905477
829,8905478
952,8905741
96,8905775
570,8905892
673,8905988
674,8905989
370,8906054
526,8906084
693,8906272
559,8906360
566,8906382
698,8906452
175,8906519
91,8906610
92,8906611
141,8906986
61,8907163
288,8907224
1081,8907275
193,8907276
419,8907610
1072,8907931
524,8907941
604,8908216
528,8908282
866,8908467
994,8908537
56,8908550
334,8908611
111,8908648
994,8909097
942,8909153
905,8909329
1047,8909399
171,8909696
374,8909829
527,8909977
829,8909995
542,8910125
171,8910894
559,8910930
57,8911025
348,8911458
1041,8911861
386,8911956
89,8912002
270,8912212
965,8912779
386,8912867
1131,8913135
374,8913463
194,8913561
209,8913570
753,8913611
194,8914086
195,8914087
372,8914222
373,8914223
374,8914224
964,8914229
755,8914562
604,8914669
688,8914817
1104,8915093
260,8915174
447,8915189
89,8915796
122,8915935
1097,8915954
348,8916053
847,8916092
220,8916312
169,8917161
943,8917290
176,8917587
1134,8917643
199,8917701
830,8917783
58,8917931
59,8917932
952,8917933
541,8918037
829,8918042
975,8918055
976,8918056
977,8918057
544,8918501
57,8918652
713,8918695
714,8918696
715,8918697
1072,8918719
566,8918740
567,8918741
568,8918742
569,8918743
737,8919000
517,8919284
520,8919354
166,8919513
167,8919514
168,8919515
334,8919575
866,8919753
444,8919788
445,8919789
75,8919818
1121,8919948
400,8920151
520,8920215
847,8920237
589,8920404
590,8920405
368,8920406
369,8920407
288,8920522
952,8920537
400,8920678
401,8920679
275,8920947
394,8921029
395,8921030
192,8921424
818,8921518
479,8921529
952,8921602
865,8921721
866,8921722
867,8921723
274,8921851
275,8921852
447,8921871
828,8922267
829,8922268
517,8922309
674,8922342
523,8922748
955,8922820
382,8922947
967,8922949
447,8922986
25,8923166
26,8923167
576,8923236
168,8923343
955,8923431
192,8923765
209,8924275
419,8924310
780,8924426
781,8924427
1081,8924569
542,8924646
953,8924708
445,8925654
674,8925687
944,8926045
92,8926062
541,8926079
57,8926166
58,8926167
828,8926811
590,8926850
737,8927070
1113,8927241
829,8927264
191,8927403
192,8927404
274,8927516
275,8927517
965,8928024
382,8928168
445,8928175
952,8928298
419,8928300
1098,8928301
541,8928382
570,8928463
710,8928558
566,8928659
660,8928908
374,8928985
559,8929151
56,8929346
286,8929348
287,8929349
288,8929350
830,8929453
544,8929580
169,8930099
196,8930116
197,8930117
692,8930134
334,8930234
201,8930300
286,8930323
673,8930436
965,8930540
141,8930841
400,8930922
702,8930971
692,8931031
177,8931096
878,8931670
539,8931794
994,8931803
966,8932222
477,8932224
1131,8932320
541,8932530
542,8932531
521,8932532
478,8932533
667,8932589
56,8932771
175,8933091
176,8933092
479,8933219
1041,8933607
676,8933679
818,8933713
1097,8934052
576,8934094
191,8934257
1134,8934487
56,8935014
400,8935296
401,8935297
220,8935819
544,8936372
373,8936464
622,8936679
168,8936705
191,8936932
192,8936933
711,8937010
952,8937012
622,8937119
952,8937366
199,8937580
198,8937822
275,8938087
973,8938159
651,8938271
660,8938586
965,8938843
110,8939486
197,8939542
1106,8940081
209,8940230
964,8940347
270,8940416
199,8940466
200,8940467
289,8940598
419,8940607
865,8940624
944,8940790
941,8941055
944,8941072
445,8942095
1104,8942151
1095,8942328
722,8942697
722,8943309
866,8943325
867,8943326
342,8943380
866,8943625
867,8943626
1107,8943708
270,8943761
56,8943864
1001,8943944
479,8944315
198,8944409
383,8944566
383,8944571
847,8944851
722,8944853
781,8944904
673,8945550
1047,8945598
865,8945887
526,8945948
61,8946080
62,8946081
411,8946081
196,8946255
197,8946256
558,8946372
559,8946373
941,8946389
942,8946390
192,8946518
361,8946625
270,8947029
270,8947113
692,8947164
955,8947226
693,8947254
399,8947270
400,8947271
692,8947688
693,8947689
818,8947765
1131,8947770
966,8947772
967,8947773
865,8948023
866,8948024
260,8948254
1081,8948261
539,8948334
542,8948373
382,8948445
940,8948521
1131,8948606
275,8948784
372,8948925
194,8949011
195,8949012
196,8949013
232,8949048
178,8949141
444,8949438
374,8949727
904,8950100
967,8950374
676,8950426
1041,8950447
652,8950484
382,8950561
383,8950562
818,8950603
480,8950786
176,8951060
370,8951287
194,8951565
169,8951796
170,8951797
348,8952011
964,8952223
965,8952224
973,8952350
445,8952478
122,8952502
1048,8952870
61,8953036
62,8953037
411,8953037
994,8953118
542,8953145
952,8953164
828,8953325
829,8953326
830,8953327
855,8953489
1036,8953581
967,8953582
57,8953912
954,8954113
62,8954223
411,8954223
412,8954224
201,8954533
202,8954534
170,8954604
781,8954657
190,8954675
1072,8954690
175,8954809
1104,8954959
386,8955142
324,8955220
445,8955285
1131,8955494
88,8955626
89,8955627
90,8955628
994,8955647
520,8955690
812,8955706
813,8955707
386,8955893
122,8956009
688,8956083
622,8956145
623,8956146
980,8956591
170,8956657
445,8957096
177,8957136
690,8957580
994,8957613
208,8957777
86,8958071
56,8958163
57,8958164
122,8958684
606,8958948
325,8959488
944,8960129
1110,8960430
521,8960473
478,8960474
177,8960759
178,8960760
261,8960845
829,8960869
178,8960910
994,8960927
370,8960937
169,8961007
88,8961551
89,8961552
110,8961664
1009,8961796
270,8961871
1047,8961983
110,8961999
111,8962000
1041,8962007
698,8962246
539,8962946
758,8962955
269,8963031
965,8963258
1104,8963320
1081,8963344
193,8963345
64,8963422
711,8963469
473,8963607
372,8963658
373,8963659
998,8964109
324,8964110
905,8964287
604,8964387
176,8964396
479,8964446
1134,8964463
231,8964503
703,8964574
1107,8964583
830,8964698
56,8964932
1134,8964936
175,8965100
274,8965124
542,8965173
564,8965198
566,8965407
567,8965408
568,8965409
566,8965587
567,8965588
576,8965592
566,8965734
567,8965735
651,8965908
758,8966413
260,8966812
965,8966905
1104,8966907
196,8966913
197,8966914
382,8967485
383,8967486
965,8967958
421,8968088
904,8968497
866,8968589
867,8968590
905,8968595
26,8968662
692,8968862
818,8969242
270,8969387
288,8969493
63,8969545
829,8970086
403,8970669
63,8970754
847,8970768
944,8970810
169,8970962
1012,8970997
567,8971252
568,8971253
254,8971369
176,8971597
539,8972132
638,8972135
847,8972162
370,8972195
539,8972337
1114,8972434
479,8972497
480,8972498
201,8972702
56,8972724
177,8973203
904,8973591
953,8973592
209,8973608
753,8973762
690,8973969
1081,8974000
193,8974001
445,8974373
944,8974386
829,8974502
830,8974503
558,8974591
369,8974704
370,8974705
169,8974758
274,8975080
976,8975091
673,8975232
674,8975233
394,8975502
395,8975503
178,8975645
698,8975646
270,8975757
690,8975962
1081,8976085
702,8976213
703,8976214
122,8976477
973,8976651
87,8976678
274,8976852
523,8977075
1104,8977128
56,8977210
57,8977211
61,8977706
62,8977707
411,8977707
866,8977834
651,8977863
1098,8977877
1099,8977878
967,8977998
542,8978004
539,8978030
829,8978166
1114,8978283
56,8978305
197,8978487
25,8978600
722,8978769
61,8978790
62,8978791
411,8978791
998,8979030
324,8979031
698,8979183
942,8979293
1106,8979311
270,8979620
847,8980075
1107,8980152
153,8980417
111,8980722
110,8981086
111,8981087
170,8981293
220,8981337
386,8981464
1131,8981535
96,8981827
444,8981901
692,8982390
447,8982612
370,8982633
274,8983448
828,8983709
829,8983710
400,8983785
383,8983829
904,8984380
447,8984458
169,8984738
88,8984913
568,8984921
191,8985172
192,8985173
90,8985489
447,8985954
63,8986405
57,8986717
260,8986771
973,8986848
474,8986950
274,8987372
944,8987400
623,8987709
1134,8988184
195,8988577
965,8988705
1134,8988791
967,8989295
941,8989312
201,8989727
342,8989784
403,8989856
56,8990531
1074,8990730
1075,8990731
288,8991136
208,8991183
209,8991184
129,8991765
810,8991769
904,8992057
975,8992100
976,8992101
977,8992102
274,8992155
275,8992156
25,8992319
973,8992336
382,8992557
169,8992669
1113,8992994
1131,8993326
270,8993398
804,8993500
141,8993536
692,8993635
965,8993648
61,8993751
62,8993752
411,8993752
479,8993797
874,8994001
576,8994008
489,8994277
542,8994547
176,8994723
829,8994731
447,8994837
568,8994875
569,8994876
737,8994944
57,8994955
57,8995120
270,8995849
197,8995871
168,8996110
169,8996111
201,8996284
604,8996945
542,8997025
197,8997041
576,8997579
804,8997774
201,8997833
153,8997884
558,8997967
177,8998077
737,8998100
201,8998256
559,8998338
220,8998377
197,8998447
688,8998508
953,8998602
567,8998609
1131,8998657
1047,8998738
622,8998755
1008,8999148
1009,8999149
1010,8999150
521,8999153
693,8999252
781,8999397
57,8999401
973,8999463
1098,8999862
919,9000263
541,9000999
199,9001250
781,9001331
953,9001388
622,9001477
623,9001478
944,9001673
92,9001710
692,9001714
693,9001715
651,9001754
57,9001793
58,9001794
722,9001897
288,9002213
175,9002345
653,9002380
1072,9002882
474,9003039
997,9003226
1072,9003371
530,9003600
980,9003671
1072,9003818
828,9003945
829,9003946
1050,9003977
57,9004172
334,9004192
382,9004194
383,9004195
830,9004289
200,9004319
178,9004713
175,9005231
520,9005397
788,9005422
964,9006023
952,9006052
952,9006074
1106,9006430
171,9006484
169,9006562
194,9006589
965,9006664
1104,9006666
541,9007084
542,9007085
829,9007427
522,9007485
325,9007629
199,9007868
604,9008048
965,9008108
874,9008153
419,9008295
1098,9008296
89,9008346
58,9008460
175,9008519
176,9008520
865,9008624
866,9008625
867,9008626
201,9008852
953,9009031
638,9009085
288,9009098
994,9009307
111,9009624
829,9009652
830,9009653
1072,9010164
419,9010824
61,9010845
62,9010846
411,9010846
412,9010847
526,9011165
125,9011416
445,9011634
517,9011900
905,9012051
849,9012300
444,9013014
25,9013056
828,9013146
967,9013726
361,9014125
867,9014511
111,9014780
177,9014892
177,9014991
178,9014992
370,9015042
201,9015256
942,9015274
288,9015414
199,9015943
200,9015944
201,9015945
865,9016022
690,9016119
62,9016324
411,9016324
1064,9016481
111,9016553
195,9016665
659,9016702
87,9016903
788,9016986
541,9017148
105,9017349
829,9017550
168,9017719
849,9017874
110,9017917
111,9017918
916,9018780
1099,9018801
570,9018823
270,9018861
754,9019036
1134,9019393
788,9019798
595,9019841
866,9019967
867,9019968
382,9020059
169,9020100
170,9020101
270,9020125
865,9020202
274,9020277
529,9020318
474,9020338
942,9020432
1098,9020436
25,9020647
26,9020648
382,9020752
199,9020770
200,9020771
201,9020772
202,9020773
622,9021307
25,9021374
558,9021446
1104,9021543
1047,9021583
1048,9021584
622,9021990
710,9022153
980,9022229
518,9022236
1090,9022237
175,9022635
111,9022714
1134,9022716
401,9022818
152,9022847
153,9022848
698,9023113
690,9023203
394,9023302
395,9023303
197,9023431
697,9023469
698,9023470
445,9023655
194,9023767
622,9024011
81,9024074
542,9024176
847,9024335
191,9024453
192,9024454
993,9025256
649,9025410
1131,9025496
674,9026120
447,9026234
63,9026484
447,9026572
342,9027517
423,9027646
386,9028200
865,9028264
866,9028265
386,9028301
44,9028304
275,9028767
1108,9028799
692,9028849
61,9029190
62,9029191
411,9029191
940,9029201
383,9029251
917,9029273
788,9029907
804,9029959
847,9030413
952,9030639
56,9030643
865,9031181
905,9031261
478,9031414
167,9031481
169,9031757
81,9031862
474,9031922
87,9031924
1104,9032993
1106,9032995
1107,9032996
539,9033143
543,9033146
204,9033336
965,9033607
386,9033938
877,9034761
288,9034784
382,9034857
383,9034858
847,9034934
170,9035067
88,9035092
89,9035093
97,9035099
994,9035222
191,9035444
690,9035715
688,9036026
334,9036174
539,9036188
994,9036368
690,9036840
942,9037243
63,9037695
847,9038121
692,9038318
965,9038409
445,9038616
995,9038836
996,9038837
338,9038849
707,9038944
25,9038959
209,9039018
828,9039374
542,9039387
521,9039388
197,9040054
198,9040055
692,9040165
865,9040235
944,9040320
122,9040655
543,9041019
1047,9041050
1073,9041270
758,9041286
56,9041399
973,9041632
56,9041641
177,9042386
997,9042409
998,9042410
324,9042411
830,9042605
571,9042806
191,9042849
192,9042850
829,9042875
830,9042926
169,9043062
965,9043233
479,9043448
158,9043460
722,9043532
260,9043574
526,9043718
175,9043842
275,9044279
604,9044457
829,9044647
97,9044658
87,9044817
942,9045218
688,9045300
1047,9045356
383,9045405
973,9045852
688,9045921
994,9046107
965,9046318
688,9046371
419,9046567
420,9046568
421,9046569
588,9046737
275,9047068
386,9047427
194,9047464
864,9047532
88,9047747
89,9047748
383,9047792
967,9048101
967,9048124
967,9048168
952,9048303
111,9048516
81,9048577
255,9048618
964,9048863
965,9048864
715,9049127
952,9049166
196,9049366
1097,9049383
230,9049384
175,9049466
447,9049554
194,9049601
478,9049641
61,9049858
62,9049859
411,9049859
434,9050072
956,9050732
559,9050872
1134,9050978
1114,9051574
693,9051843
61,9052154
62,9052155
411,9052155
829,9052414
904,9052595
904,9052704
1114,9052765
56,9052790
57,9052791
830,9053168
692,9053201
693,9053202
62,9053220
411,9053220
169,9053322
194,9053349
195,9053350
196,9053364
474,9053374
818,9053599
692,9053638
361,9053863
479,9053990
566,9054507
570,9054660
62,9054842
411,9054842
75,9054912
324,9054982
980,9055166
1009,9055250
25,9055311
231,9055324
274,9055339
942,9055714
829,9055753
474,9055895
1012,9056097
834,9056393
420,9056728
953,9056744
197,9056804
847,9056890
270,9056984
1008,9057005
1036,9057087
967,9057088
399,9057177
400,9057178
196,9057321
541,9057332
96,9057388
697,9057635
1095,9057669
788,9058037
541,9058041
542,9058042
690,9058071
660,9058310
818,9058336
289,9058520
521,9058701
478,9058702
528,9059090
456,9059199
904,9059204
64,9059913
710,9060105
1113,9060235
865,9060359
1041,9060364
56,9060397
955,9060663
956,9060664
957,9060665
372,9060920
373,9060921
473,9061020
447,9061104
958,9061190
959,9061191
269,9061221
865,9061346
1041,9061351
325,9061478
230,9061656
231,9061657
539,9062072
541,9062074
542,9062075
62,9062277
411,9062277
56,9062395
57,9062396
688,9062503
1047,9062559
383,9062608
973,9063055
688,9063124
994,9063310
965,9063521
688,9063574
419,9063770
420,9063771
421,9063772
905,9063813
690,9064016
197,9064136
559,9064288
1081,9064436
1114,9064533
1115,9064534
956,9064682
61,9064728
62,9064729
411,9064729
1103,9064741
722,9064863
1072,9065118
693,9065420
904,9065531
973,9065603
447,9065653
169,9065683
474,9065787
202,9066021
62,9066300
411,9066300
651,9066567
444,9066666
445,9066667
97,9066787
336,9066908
804,9067127
141,9067244
604,9067430
62,9067822
411,9067822
969,9068089
368,9068198
698,9068244
361,9068414
829,9068420
830,9068843
111,9068922
1134,9068924
698,9068929
197,9069236
178,9069427
698,9069428
260,9069506
688,9069508
1097,9069685
420,9069686
542,9069750
638,9069751
955,9069755
274,9070150
275,9070151
91,9070453
92,9070454
269,9070675
270,9070676
199,9070686
200,9070687
201,9070688
361,9070917
830,9071173
1134,9071210
955,9071396
518,9071427
576,9071924
904,9072164
254,9072415
199,9072451
200,9072452
201,9072453
1072,9072909
688,9072985
86,9073069
539,9073181
651,9073385
194,9073464
386,9073998
204,9074235
400,9074502
955,9074642
324,9074717
1072,9074746
63,9074870
191,9074989
170,9075263
445,9075284
804,9075325
475,9075491
198,9075756
200,9075779
201,9075780
202,9075781
369,9075865
275,9075929
386,9076029
445,9076134
865,9076236
1047,9076296
1104,9076426
445,9076821
994,9077060
447,9077215
169,9077368
1047,9077618
697,9077688
698,9077689
176,9077703
804,9078008
830,9078093
697,9078770
865,9078829
474,9079264
334,9079359
688,9079362
202,9079406
804,9079436
403,9079473
1134,9079535
111,9080525
692,9080542
964,9080626
570,9080818
571,9080819
828,9080898
260,9080922
917,9080924
1047,9081018
1048,9081019
1106,9081232
275,9081253
944,9081308
1100,9081408
191,9081526
191,9081613
737,9081647
198,9081729
199,9081730
200,9081731
201,9081732
847,9081741
569,9082032
517,9082500
975,9082538
976,9082539
977,9082540
652,9083026
558,9083463
622,9083579
623,9083580
976,9083624
977,9083625
944,9083822
830,9084063
194,9084259
195,9084260
382,9084280
1047,9084296
541,9084395
542,9084396
26,9084416
1047,9084484
1134,9084814
754,9084873
755,9084874
539,9084925
97,9085135
955,9085301
956,9085302
62,9085457
411,9085457
209,9085601
576,9085838
523,9086014
383,9086546
479,9086615
192,9086621
190,9086840
1073,9087209
1041,9087250
177,9087884
178,9087885
941,9088099
942,9088100
697,9088474
1134,9088532
445,9088720
651,9088916
527,9088964
528,9088965
690,9089030
973,9089064
828,9089104
829,9089105
558,9089116
697,9089598
698,9089599
1073,9089656
965,9089780
1104,9089782
559,9090019
559,9090081
542,9090446
542,9090477
638,9090478
1018,9090557
199,9090910
200,9090911
201,9090912
865,9090989
558,9091154
1131,9092347
998,9092359
324,9092360
325,9092361
829,9092517
370,9092794
956,9092925
1072,9093529
1073,9093530
804,9093678
1047,9093720
688,9093773
171,9093893
447,9093966
444,9094387
595,9094587
191,9094748
956,9094918
865,9095333
558,9095373
396,9095515
1089,9095515
788,9095741
865,9096139
1121,9096221
804,9096241
298,9096498
722,9096766
954,9096947
865,9097165
622,9097244
25,9097311
528,9097335
976,9097394
977,9097395
1095,9097437
847,9097520
1098,9097669
560,9097757
688,9098027
722,9098342
996,9098781
175,9098864
152,9099076
153,9099077
56,9099277
804,9099401
688,9099754
622,9099874
623,9099875
622,9099904
194,9099996
1104,9100415
122,9100437
191,9100682
192,9100683
198,9100876
1074,9100943
1075,9100944
916,9100948
918,9100949
539,9101039
498,9101042
499,9101043
500,9101044
445,9101357
386,9101360
993,9101485
649,9101639
1131,9101725
275,9102271
674,9102349
447,9102463
864,9102644
697,9102869
192,9102955
204,9103289
520,9103609
543,9103610
342,9103767
396,9103903
1089,9103903
141,9103994
61,9104115
62,9104116
411,9104116
260,9104140
1104,9104425
444,9104495
445,9104496
866,9105244
867,9105245
528,9105276
288,9105624
30,9105912
169,9105979
170,9105980
382,9106000
967,9106002
688,9106158
866,9106191
867,9106192
604,9106256
847,9106645
570,9106970
1072,9107066
952,9107088
847,9107273
865,9107413
674,9107461
386,9107686
500,9107730
447,9107818
25,9107884
169,9107989
1106,9108068
1107,9108069
81,9108094
474,9108154
87,9108156
1106,9109227
1107,9109228
539,9109375
543,9109378
204,9109568
965,9109839
275,9110058
386,9110170
877,9110993
288,9111016
382,9111089
383,9111090
847,9111166
170,9111299
88,9111324
89,9111325
97,9111331
994,9111454
191,9111676
870,9111774
917,9111792
994,9112600
169,9112846
993,9113212
994,9113213
96,9113484
202,9113566
63,9113895
878,9114126
1041,9114714
652,9114716
25,9114858
209,9114917
994,9115012
542,9115637
966,9115646
955,9115756
1041,9116003
62,9116102
411,9116102
368,9116122
1072,9116601
434,9116654
1072,9116661
944,9116744
288,9116771
158,9116810
193,9116872
1041,9117314
559,9117508
447,9117701
722,9117753
994,9117861
659,9118199
942,9119024
980,9119109
981,9119110
702,9119254
659,9119317
201,9119402
1071,9119689
1072,9119690
198,9119732
199,9119733
1107,9119880
539,9119980
177,9120066
178,9120067
976,9120097
977,9120098
87,9120252
26,9120675
447,9120821
1041,9121569
604,9121678
690,9121707
982,9121733
445,9121984
445,9122242
1041,9122711
558,9122820
87,9123144
1072,9123660
1073,9123844
334,9123930
693,9124073
444,9124341
383,9124588
88,9124590
874,9124777
197,9125520
198,9125521
138,9125684
1047,9125726
1048,9125727
480,9125976
192,9126075
368,9126192
660,9126244
1047,9126454
1047,9126459
386,9126605
818,9126690
383,9127725
558,9127884
965,9127952
197,9127957
199,9127976
996,9128132
955,9128325
956,9128326
368,9128460
543,9128624
544,9128625
541,9128655
399,9128672
690,9128863
564,9129628
804,9129753
372,9129760
105,9129943
967,9130046
829,9130106
847,9130142
722,9130292
56,9130548
529,9130772
804,9130833
444,9130852
1047,9130929
1041,9131155
1109,9131285
1110,9131286
1111,9131287
201,9131322
1100,9131361
1047,9131381
1048,9131382
1072,9131394
1073,9131395
866,9131408
867,9131409
260,9131492
688,9131494
996,9131741
967,9131959
1097,9131961
194,9132006
447,9132074
201,9132112
954,9132144
939,9132180
940,9132181
288,9132191
56,9132525
56,9132672
57,9132673
529,9133000
965,9133139
966,9133140
1098,9133256
1106,9133306
952,9134008
1134,9134085
1041,9134213
576,9134365
448,9134447
980,9134471
111,9134978
698,9135224
231,9135240
539,9135911
541,9135913
566,9136089
567,9136090
568,9136091
342,9136174
479,9136726
541,9136766
542,9136767
521,9136768
63,9137035
539,9137249
400,9137252
125,9137852
25,9137948
26,9137949
958,9137962
959,9137963
192,9138100
193,9138101
110,9138136
1047,9138159
1134,9138259
1081,9138598
122,9138649
973,9138750
62,9138764
411,9138764
447,9139074
178,9139309
698,9139310
195,9139682
196,9139683
1131,9139719
1047,9139736
1048,9139737
847,9139774
576,9139817
198,9140014
199,9140090
200,9140091
201,9140092
197,9140476
199,9140828
1134,9141070
270,9141101
63,9141767
274,9141788
834,9141905
754,9142050
1072,9142093
169,9142162
638,9142543
570,9142774
818,9142814
788,9142912
878,9142924
692,9142994
111,9143055
996,9143101
152,9143220
270,9143288
818,9143350
141,9143655
543,9144004
334,9144040
122,9144141
690,9144176
940,9144234
722,9144430
523,9144960
524,9144961
525,9144962
952,9145118
517,9145168
401,9145250
97,9145577
191,9145631
1106,9145652
1107,9145653
197,9145704
943,9145843
847,9145945
669,9145960
528,9145985
1134,9146390
693,9146609
192,9147178
754,9147219
170,9147356
521,9147457
201,9147496
1072,9147693
1073,9147694
274,9147860
944,9147921
699,9147992
191,9148122
523,9148296
828,9148304
829,9148305
954,9148656
955,9148657
559,9148700
559,9148724
111,9148964
169,9149024
196,9149351
570,9149373
61,9149401
62,9149402
411,9149402
56,9149516
141,9149557
474,9149591
559,9149881
1081,9149897
87,9150096
26,9150519
447,9150665
175,9150723
44,9150821
818,9151179
191,9151188
192,9151189
198,9151251
998,9151274
324,9151275
325,9151276
399,9151335
400,9151336
111,9151461
674,9151816
818,9151822
956,9151939
957,9151940
955,9152400
956,9152401
957,9152402
382,9152731
965,9152761
500,9152773
567,9152979
690,9153168
967,9153220
122,9153232
286,9153272
394,9153333
395,9153334
866,9153442
447,9153536
448,9153537
255,9153858
940,9154027
1081,9154171
177,9154258
955,9154283
171,9154341
1131,9154440
1131,9154764
445,9154888
965,9155048
1097,9155615
111,9155689
692,9155701
191,9155755
192,9155756
447,9155981
372,9156468
539,9156498
964,9156582
447,9156631
382,9156684
383,9156685
382,9156828
62,9156876
411,9156876
674,9156913
567,9157197
622,9157305
62,9157371
411,9157371
967,9157486
447,9157501
196,9157568
781,9157764
386,9157970
567,9158070
568,9158071
569,9158072
1134,9158092
998,9158796
324,9158797
445,9158877
56,9159126
698,9159290
209,9159461
176,9159804
1107,9159822
723,9160596
693,9160705
692,9160827
622,9161042
369,9161125
655,9161288
529,9161437
980,9161535
1097,9161598
1098,9161599
201,9161830
288,9161998
201,9162082
754,9162109
722,9162898
178,9163113
122,9163397
980,9163466
169,9163565
170,9163566
941,9163892
197,9164427
1047,9164643
710,9164834
275,9165100
63,9165108
373,9165198
153,9165445
812,9166206
813,9166207
994,9166289
191,9166312
191,9166325
1090,9166379
576,9166563
690,9166640
1047,9166933
951,9166971
952,9166972
567,9167199
781,9167396
690,9167397
262,9167408
753,9167422
692,9167604
526,9168054
818,9168105
197,9168251
167,9168349
168,9168350
169,9168351
231,9168687
444,9168876
676,9168908
956,9168967
274,9168980
952,9169134
952,9169147
952,9169434
255,9169442
1081,9169808
781,9169859
444,9170253
651,9170286
373,9170747
197,9170904
198,9170905
447,9170941
688,9170955
716,9171006
717,9171007
90,9171060
560,9171276
674,9171380
994,9171560
1018,9171669
81,9171689
191,9172194
967,9172392
944,9172436
994,9172483
64,9172707
847,9172799
275,9172842
270,9172934
255,9173530
866,9173565
192,9173746
1134,9173892
1134,9174058
478,9174478
96,9174790
570,9175120
63,9175318
122,9175414
692,9175423
275,9175787
542,9175816
528,9175900
956,9175912
445,9176160
539,9176320
1012,9176322
199,9176708
97,9176966
1106,9177137
711,9177183
697,9177215
178,9178036
737,9178562
829,9178813
63,9178988
64,9178989
812,9179128
830,9179416
1072,9179720
192,9179760
697,9179766
698,9179767
194,9180173
1134,9180234
255,9180489
1134,9180504
192,9180675
622,9180731
447,9180784
448,9180785
952,9180829
386,9180960
964,9181538
517,9181684
25,9181740
651,9182103
1041,9182413
382,9182418
829,9182600
445,9182674
847,9183060
270,9183071
1072,9183116
1101,9184670
558,9184744
559,9184745
1131,9184862
942,9184892
1103,9185016
158,9185076
372,9185141
965,9185245
711,9185508
967,9185537
941,9185961
942,9185962
1131,9186102
542,9186315
1112,9186698
521,9186939
1134,9187056
386,9187210
690,9187241
64,9187351
194,9187539
711,9187843
1073,9188290
445,9188549
704,9188731
692,9188960
394,9189103
975,9189509
976,9189510
977,9189511
722,9189946
199,9189973
255,9190136
125,9190179
698,9190253
373,9190346
231,9190398
419,9190633
1098,9190634
674,9190743
954,9190897
955,9190898
420,9190918
421,9190919
201,9191070
396,9191433
1089,9191433
1112,9191640
1113,9191641
567,9192245
954,9192248
965,9192332
1081,9192712
88,9192760
89,9192761
90,9192762
177,9192980
138,9193084
1036,9193212
967,9193213
829,9193951
595,9194012
710,9194347
125,9194472
529,9194995
541,9195221
722,9195226
277,9195577
559,9195596
175,9195816
176,9195817
399,9195898
541,9195967
711,9196029
1114,9196039
953,9196162
475,9196191
369,9196210
940,9196326
905,9196396
57,9196399
690,9196452
523,9196502
524,9196503
1104,9196632
445,9197012
905,9197606
941,9197680
942,9197681
737,9197937
194,9197974
61,9198146
711,9198657
92,9198794
939,9198823
940,9198824
175,9198868
570,9198932
690,9198943
722,9199112
941,9199204
942,9199205
1041,9199250
373,9199263
374,9199264
524,9199328
965,9199429
830,9199750
175,9199754
651,9199799
652,9199800
1109,9200279
996,9200405
542,9200765
559,9200784
953,9200839
781,9200889
690,9200890
90,9200895
941,9201013
944,9201261
474,9201275
870,9201506
964,9201583
965,9201584
710,9201702
710,9201870
88,9202615
87,9202928
558,9203009
559,9203010
386,9203402
676,9203612
975,9203655
386,9203773
447,9203883
448,9203884
138,9203969
1104,9204003
1106,9204005
196,9204242
447,9204267
566,9204273
567,9204274
97,9204608
688,9205247
941,9205386
122,9205403
904,9205446
964,9205714
864,9205861
939,9206027
940,9206028
382,9206130
722,9206184
170,9206293
904,9206389
201,9206645
262,9206653
697,9206691
168,9207121
622,9207315
904,9207388
722,9207498
191,9207896
361,9207999
716,9208056
717,9208057
478,9208288
479,9208289
804,9208336
191,9208644
479,9208779
57,9208909
542,9209062
447,9209105
870,9209121
781,9209331
111,9209566
286,9209783
61,9209922
62,9209923
411,9209923
63,9210027
288,9210096
63,9210234
828,9210362
829,9210363
1090,9210645
370,9210836
324,9210874
175,9211052
973,9211142
348,9211158
952,9211205
953,9211386
87,9211448
829,9211604
956,9211927
866,9212290
125,9212467
445,9212534
753,9212546
904,9212724
175,9212774
25,9212839
518,9212849
383,9213380
125,9213614
818,9213788
177,9213883
178,9213884
994,9213899
995,9213900
996,9213901
334,9213947
956,9214064
445,9214206
659,9214428
828,9214495
829,9214496
1081,9214513
382,9214795
651,9214841
652,9214842
125,9215442
479,9216349
288,9216384
566,9216630
197,9216908
702,9217655
975,9217823
976,9217824
977,9217825
1134,9217841
829,9218068
878,9218204
400,9218305
401,9218306
445,9218457
191,9218477
192,9218478
87,9218501
59,9218532
952,9218533
965,9218728
542,9218788
965,9218902
804,9218967
1009,9218978
1010,9218979
412,9219245
521,9219251
954,9219291
1097,9219334
517,9219375
373,9219398
374,9219399
25,9219440
828,9219546
829,9219547
830,9219548
964,9219557
965,9219558
270,9219657
1072,9219798
867,9219899
967,9220348
955,9220458
660,9220511
194,9220554
26,9220787
847,9221274
420,9221313
917,9221325
993,9221381
866,9221464
518,9221552
178,9221729
660,9221994
690,9222026
692,9222028
87,9222473
26,9222896
447,9223042
445,9223078
520,9223239
1072,9223264
528,9223377
1047,9223675
1106,9224684
1107,9224685
942,9225270
474,9225410
275,9225676
1106,9225734
274,9225872
275,9225873
202,9225925
517,9225963
518,9225964
697,9226178
667,9226198
368,9226489
1106,9226513
1107,9226514
622,9226552
862,9226951
863,9226952
588,9227017
122,9227238
847,9227377
668,9227393
993,9227640
336,9227716
89,9227829
169,9228180
81,9228372
866,9228495
867,9228496
255,9228836
520,9228848
61,9228926
456,9228948
595,9228965
975,9229051
976,9229052
977,9229053
61,9229105
62,9229106
411,9229106
1047,9229157
659,9229880
660,9229881
518,9229965
171,9230025
570,9230143
288,9230467
61,9230499
175,9230775
1047,9231264
622,9231301
86,9231687
1107,9231737
1108,9231738
1108,9231835
25,9232424
638,9232477
177,9232555
334,9232822
604,9233056
154,9233161
847,9233654
526,9233682
804,9233864
288,9234010
169,9234064
26,9234117
1047,9234226
973,9234504
980,9234658
967,9234721
192,9235022
558,9235116
559,9235117
520,9236112
996,9236176
688,9236381
688,9236473
254,9236509
804,9236699
541,9237050
202,9237133
394,9237224
274,9237347
275,9237348
382,9237382
1104,9237384
1106,9237386
1107,9237387
192,9237392
975,9237423
976,9237424
977,9237425
524,9237612
688,9237716
374,9237844
660,9237882
829,9238076
1134,9238405
1113,9238649
1114,9238650
973,9238970
419,9239488
230,9239489
231,9239490
62,9239751
411,9239751
56,9239924
690,9240112
1041,9240280
568,9240648
829,9240805
1113,9240937
111,9241298
847,9241308
63,9241780
905,9242016
63,9242212
64,9242213
169,9242548
847,9243009
722,9243073
61,9243658
1134,9243811
342,9243916
953,9244068
604,9244393
953,9244634
178,9244696
177,9244721
559,9245028
125,9245159
324,9245394
194,9245629
195,9245630
196,9245631
396,9245661
1089,9245661
370,9245741
371,9245742
967,9245743
201,9245807
1050,9245911
942,9246190
690,9246192
1104,9246199
1106,9246411
518,9246816
420,9246914
382,9247433
383,9247434
954,9247602
955,9247603
917,9248074
520,9248562
1121,9249128
25,9249205
26,9249206
141,9249345
479,9249355
941,9249474
255,9249577
722,9249638
722,9249923
209,9249981
89,9250062
254,9250232
973,9250477
270,9250486
847,9250497
955,9250549
158,9250601
604,9250635
818,9250733
693,9250770
967,9250852
419,9250913
1050,9251029
104,9251522
198,9251671
1072,9251852
336,9252512
955,9252715
61,9252785
62,9252786
411,9252786
847,9252795
788,9252930
88,9252944
89,9252945
576,9252989
382,9253101
967,9253103
447,9253140
87,9253263
26,9253686
447,9253832
386,9253969
88,9254048
89,9254049
667,9254070
56,9254144
541,9254323
1134,9254438
755,9254686
193,9254792
445,9254829
940,9254886
690,9254905
542,9254989
941,9255016
878,9255084
1047,9255278
25,9255310
26,9255311
697,9255888
396,9255924
1089,9255924
336,9256002
325,9256313
559,9256467
270,9256611
474,9256903
722,9257362
539,9257389
274,9257458
204,9257485
177,9257558
178,9257559
275,9257695
955,9257856
274,9257872
479,9258024
170,9258161
595,9258278
674,9258282
474,9258433
692,9258549
528,9258614
169,9258657
651,9258724
994,9258897
754,9258992
942,9259014
804,9259028
25,9259053
1134,9259109
1134,9259499
445,9259781
169,9259829
847,9259881
59,9260009
917,9260083
62,9260525
411,9260525
269,9260604
88,9260607
89,9260608
90,9260609
754,9260723
90,9261181
1047,9261675
445,9261692
559,9262156
1131,9262315
1134,9262367
1036,9262534
372,9262535
994,9262574
177,9262616
1134,9262667
964,9262680
697,9262889
1081,9262910
975,9262913
976,9262914
977,9262915
1072,9262948
952,9262978
194,9263050
847,9263060
125,9263187
941,9263351
44,9263356
171,9263514
828,9263548
829,9263549
917,9263751
804,9263861
445,9263868
690,9263982
1113,9263989
518,9264580
651,9264920
652,9264921
1134,9264978
254,9264987
255,9264988
196,9264997
197,9264998
521,9265262
828,9265345
829,9265346
1134,9265674
526,9265720
758,9265842
473,9266001
474,9266002
541,9266264
653,9266328
1041,9266557
324,9266754
980,9266865
649,9267243
944,9267244
939,9267257
940,9267258
288,9267579
447,9267662
194,9267668
195,9267669
175,9268388
955,9268414
1098,9268524
1073,9268532
980,9269342
231,9269442
660,9269855
847,9270224
688,9270262
61,9270504
62,9270505
411,9270505
63,9270506
523,9270968
520,9271143
722,9271381
56,9271402
917,9271424
688,9271426
382,9271558
520,9271561
521,9271562
994,9271690
973,9271719
951,9272385
60,9272386
61,9272387
62,9272388
411,9272388
194,9272522
195,9272523
659,9272896
958,9273125
959,9273126
89,9273614
567,9273900
343,9273910
713,9273978
714,9273979
111,9274127
169,9274286
904,9274563
688,9274862
171,9274875
191,9275367
274,9275375
604,9275781
973,9275807
622,9275881
542,9276214
521,9276215
1090,9276220
289,9276316
541,9276341
542,9276342
520,9276456
521,9276457
993,9276495
334,9276605
994,9276747
197,9276936
558,9277086
1107,9277166
421,9277800
904,9277942
1047,9277963
255,9277966
420,9278369
690,9278496
1101,9278556
1072,9278609
1073,9278610
956,9278777
1099,9279097
175,9279164
530,9279297
111,9279304
288,9279662
865,9279694
197,9279706
525,9279826
526,9279827
334,9280075
690,9280079
588,9280207
589,9280208
194,9280251
542,9280276
175,9280326
176,9280327
1104,9280382
444,9280670
560,9280789
88,9281264
967,9281353
973,9281448
967,9281453
254,9281877
521,9281906
122,9281980
604,9282142
956,9282196
957,9282197
197,9282280
199,9282611
1072,9282842
953,9282950
254,9282981
61,9283073
62,9283074
411,9283074
818,9283400
874,9283451
110,9283755
994,9283758
995,9283759
996,9283760
334,9284723
370,9284913
874,9285119
588,9285153
604,9285232
955,9285428
697,9285517
104,9285660
201,9285720
92,9285724
444,9285741
605,9285779
698,9286369
699,9286370
830,9286508
25,9286903
400,9287001
690,9287281
401,9287289
956,9287296
953,9287321
445,9287469
288,9287637
521,9287758
122,9287831
58,9287940
1047,9288085
1048,9288086
86,9288208
520,9288280
830,9288399
828,9288431
829,9288432
1050,9288691
604,9288901
1047,9289005
169,9289018
208,9289072
209,9289073
559,9289182
604,9289303
262,9289392
542,9290373
956,9290479
830,9290492
874,9290580
941,9290698
942,9290699
976,9290795
977,9290796
688,9290869
270,9291011
61,9291579
62,9291580
411,9291580
878,9291592
169,9291638
170,9291639
61,9291690
62,9291691
411,9291691
111,9291717
711,9292203
982,9292403
969,9292450
676,9292635
175,9292650
688,9292845
713,9292932
714,9292933
715,9292934
369,9293067
370,9293068
141,9293091
201,9293781
1134,9293959
1047,9294139
965,9294241
558,9294294
559,9294295
96,9294522
697,9294770
1047,9295054
788,9295100
541,9295104
542,9295105
690,9295134
660,9295359
191,9295559
289,9295569
254,9295595
521,9295750
478,9295751
274,9295918
528,9296212
917,9296275
917,9296276
917,9296277
122,9296299
829,9296421
382,9296647
1104,9296649
111,9296655
202,9296785
941,9296885
1041,9297354
199,9297392
200,9297393
1115,9297599
530,9297854
260,9297915
26,9297957
622,9298028
965,9298118
528,9298140
517,9298314
916,9298501
56,9298978
993,9298981
994,9298982
197,9299005
994,9299226
818,9299390
819,9299391
673,9299608
274,9299902
275,9299903
688,9300071
444,9300268
171,9300735
60,9301193
61,9301194
62,9301195
411,9301195
957,9301199
1072,9301365
177,9301440
866,9301557
275,9301583
570,9301687
865,9301811
865,9301868
994,9302054
419,9302122
87,9302716
818,9302849
122,9302966
334,9303141
335,9303142
954,9303218
198,9303377
201,9303541
1114,9303612
447,9303721
904,9303866
474,9304153
386,9304157
830,9304335
56,9304355
588,9304454
260,9304636
566,9304754
955,9304770
56,9305210
288,9305565
1106,9305577
939,9305721
940,9305722
828,9306740
445,9307395
722,9307603
288,9308015
125,9308232
996,9308534
528,9308661
169,9308900
829,9309183
125,9309524
269,9309581
973,9309747
864,9309853
1047,9309868
122,9309973
965,9310251
1104,9310253
942,9310642
274,9310648
1134,9310838
528,9310941
288,9311368
447,9311574
57,9311995
693,9312128
269,9312308
270,9312309
688,9312408
697,9312431
62,9312488
411,9312488
63,9312489
1081,9312599
193,9312600
382,9312619
673,9312727
288,9313004
1134,9313090
688,9313305
559,9313518
447,9313799
288,9314022
274,9314110
270,9314214
270,9314469
942,9314750
209,9314792
192,9314952
445,9314967
122,9315037
1081,9315192
193,9315193
194,9315194
994,9315254
274,9315310
973,9315440
965,9315558
275,9315683
847,9315851
940,9316098
270,9316176
650,9316199
651,9316200
370,9316212
993,9316265
994,9316266
25,9316345
26,9316346
170,9316606
692,9316641
1104,9316667
1134,9317271
942,9317365
1114,9317380
191,9317397
576,9317470
944,9317492
690,9317623
699,9318220
1104,9318258
158,9318367
197,9318474
370,9318630
274,9318663
918,9318786
90,9318989
197,9319230
558,9319368
194,9319426
539,9319665
260,9319683
479,9319696
942,9319708
690,9319710
651,9319957
528,9320860
445,9320873
520,9321025
192,9321031
655,9321692
1121,9321776
995,9321844
996,9321845
1104,9322163
1081,9322520
953,9322599
917,9322630
368,9322982
369,9322983
994,9322986
209,9323254
952,9323679
780,9323998
955,9324039
444,9324671
445,9325299
980,9325342
660,9325500
92,9325651
690,9325942
804,9326035
81,9326431
111,9326641
59,9326888
653,9327002
254,9327072
62,9327088
411,9327088
63,9327226
1074,9327463
1075,9327464
1098,9327974
177,9328225
916,9328875
917,9328876
325,9328992
697,9329305
111,9329545
589,9329913
445,9330202
994,9330381
688,9330423
275,9330536
952,9330653
753,9330671
865,9330679
197,9330725
622,9330791
604,9330864
688,9331688
62,9331892
411,9331892
953,9331928
994,9331949
1090,9332183
539,9332190
169,9332200
1097,9332253
370,9332494
56,9332597
254,9332849
444,9332950
220,9333142
1099,9333345
447,9333873
191,9334070
967,9334293
867,9334482
201,9334531
1041,9334627
260,9334824
804,9334860
1115,9334875
980,9334933
560,9335238
289,9335821
489,9335837
262,9335864
996,9335985
542,9336103
209,9336138
953,9336641
56,9336656
374,9336765
90,9337165
62,9337477
411,9337477
419,9337960
61,9338236
92,9338640
1036,9338974
967,9338975
1134,9339014
110,9339107
690,9339110
558,9339207
973,9339230
855,9339274
710,9339532
445,9339803
1097,9339877
697,9339904
828,9340148
830,9340277
905,9340847
169,9340911
199,9341137
967,9341645
473,9341670
474,9341671
361,9341867
605,9342010
1047,9342067
274,9342202
543,9342319
286,9342504
419,9342693
168,9342860
274,9342917
866,9343107
965,9343266
690,9343285
526,9343392
527,9343393
528,9343394
1047,9343483
125,9343565
723,9343591
154,9344037
673,9344096
638,9344120
604,9344529
829,9344777
194,9344821
383,9344939
57,9345165
965,9345227
286,9345311
287,9345312
447,9345864
1047,9345932
25,9346127
369,9346294
269,9346450
370,9346772
371,9346773
372,9346774
220,9346884
231,9346971
168,9347129
169,9347130
170,9347131
604,9347176
952,9347201
864,9347293
541,9347304
722,9347376
1104,9347523
704,9347743
198,9347766
541,9347916
341,9348098
342,9348099
153,9348167
520,9348219
141,9348317
122,9348350
865,9348421
56,9348642
286,9348644
1009,9349391
25,9349585
830,9349618
780,9349759
690,9350175
866,9350993
199,9351003
944,9351044
194,9351205
940,9351250
270,9351497
660,9351546
622,9351644
1047,9351647
1110,9351705
862,9352018
539,9352029
576,9352248
270,9352367
177,9352386
178,9352387
153,9352445
697,9352597
445,9352626
1134,9352696
89,9352847
975,9353313
400,9353319
255,9353328
196,9353441
196,9353636
269,9353653
88,9353679
141,9353836
1098,9353998
541,9354887
541,9354938
1097,9354941
86,9355171
1090,9355595
847,9355746
61,9356231
62,9356232
411,9356232
976,9356618
977,9356619
56,9356623
528,9356690
421,9356737
270,9356813
396,9356846
1089,9356846
1081,9357551
193,9357552
940,9357734
169,9357797
170,9357798
171,9357799
59,9357871
995,9358283
192,9358428
368,9358513
1134,9358560
956,9358583
697,9358787
847,9358884
828,9359377
829,9359378
201,9359383
830,9359654
361,9359930
905,9360083
370,9360312
56,9360937
541,9360950
175,9361067
1047,9361274
829,9361463
445,9361539
956,9362168
957,9362169
980,9362567
288,9362604
952,9362757
1015,9362774
973,9362806
755,9362979
445,9363009
604,9363334
692,9363546
372,9363605
373,9363606
755,9363759
697,9363825
175,9364040
370,9364126
90,9364421
1072,9364609
977,9364803
158,9364812
445,9364874
196,9365461
420,9365718
622,9365936
383,9366473
445,9366903
63,9367031
955,9367418
692,9367898
382,9368012
474,9368297
541,9368385
828,9368789
996,9369100
177,9369545
178,9369546
698,9369547
942,9369812
1106,9369841
1107,9369842
1108,9369843
1095,9369911
57,9370050
110,9370210
867,9370224
905,9370229
917,9370422
804,9370554
866,9370880
194,9371240
1008,9371372
196,9371451
520,9371502
125,9371669
567,9371706
976,9371993
400,9372182
529,9372207
270,9372299
904,9372752
528,9372866
191,9372927
192,9372928
524,9373222
576,9373269
965,9373320
1104,9373322
361,9373398
953,9373577
1081,9373627
541,9374160
541,9374205
542,9374206
110,9374265
1072,9374425
1073,9374426
111,9374490
829,9374686
1134,9374806
197,9374818
697,9375154
864,9375199
673,9375269
942,9375317
758,9375439
178,9375545
698,9375546
539,9375690
847,9376271
56,9376478
865,9376811
866,9376812
456,9377256
1047,9377341
1048,9377342
828,9377415
62,9377496
411,9377496
63,9377497
138,9377708
270,9377738
955,9377934
1104,9378096
194,9378346
479,9378458
953,9378543
412,9378601
520,9378915
1106,9379218
447,9379371
169,9379404
170,9379405
576,9379482
63,9379990
478,9380023
169,9380139
520,9380195
25,9380312
542,9380526
638,9380527
445,9380584
571,9380662
572,9380663
158,9380726
447,9380787
542,9380891
638,9380892
754,9381063
175,9381068
170,9381272
1041,9381342
445,9381443
521,9381990
589,9382067
1041,9382076
169,9382107
1104,9382203
673,9382361
197,9382439
383,9382809
447,9382811
286,9382872
287,9382873
288,9382874
1106,9382991
1107,9383107
386,9383217
153,9383404
542,9383951
864,9383969
448,9384009
196,9384071
125,9384406
542,9384470
1048,9384512
254,9384551
201,9384661
202,9384662
348,9384664
570,9384692
939,9384824
940,9384825
542,9384869
698,9384936
699,9384937
255,9384969
274,9385435
111,9385522
965,9385633
192,9385706
194,9385736
434,9385901
176,9385960
177,9385961
447,9385981
386,9386101
403,9386544
941,9386718
942,9386719
737,9386853
88,9386908
89,9386909
90,9386910
878,9386985
905,9387038
196,9387189
865,9387340
651,9387469
445,9387594
445,9387840
399,9388000
400,9388001
275,9388058
383,9388165
542,9388172
688,9388298
818,9388506
711,9388869
269,9389034
158,9389512
711,9389556
952,9389558
1047,9389665
1106,9389763
169,9390026
1050,9390067
383,9390104
952,9391028
865,9391371
866,9391372
88,9391438
448,9391794
169,9391968
890,9391986
1072,9392056
170,9392385
57,9393412
445,9393447
195,9393562
386,9393744
202,9393820
138,9393950
541,9394024
904,9394160
953,9394161
447,9394205
386,9394302
370,9394520
1113,9394620
1001,9395015
1106,9395146
944,9396210
423,9396553
973,9396758
1134,9396801
96,9396828
529,9396897
325,9398083
865,9398168
286,9398191
287,9398192
191,9398275
1081,9398615
571,9398618
478,9398813
1047,9398994
1048,9398995
539,9399319
866,9399391
370,9399661
199,9399967
200,9399968
201,9399969
660,9399987
1072,9400151
528,9400782
177,9400884
57,9401018
1134,9401039
541,9401523
445,9402779
382,9402786
1104,9402788
171,9402906
86,9403480
87,9403481
298,9403493
651,9403906
973,9404460
25,9404508
710,9404711
122,9404825
993,9404935
518,9405162
651,9405192
1047,9405227
368,9405620
369,9405621
370,9405622
194,9405857
659,9405904
660,9405905
692,9406011
693,9406012
1041,9406234
964,9406357
382,9406776
965,9406898
194,9407035
965,9407222
967,9407283
202,9407468
967,9408054
445,9408169
197,9408314
855,9408405
973,9408439
372,9408504
967,9409142
996,9409166
956,9409189
651,9409527
1104,9409753
275,9409818
386,9409880
523,9410031
342,9410058
692,9410318
693,9410319
965,9410734
973,9410743
967,9410838
371,9410855
372,9410856
288,9411478
1106,9411482
110,9411847
111,9411848
520,9411951
521,9411952
638,9412342
542,9412386
170,9412566
704,9412612
56,9412676
57,9412677
753,9413092
361,9413177
622,9413254
623,9413255
830,9413351
541,9413399
386,9413530
25,9413720
864,9413774
56,9414049
595,9414183
270,9414250
1095,9414493
88,9414522
274,9414528
944,9414798
1106,9414878
199,9415120
177,9415464
1047,9415537
25,9415597
693,9415616
141,9415719
479,9415813
56,9415862
370,9415987
192,9416094
447,9416320
209,9416391
698,9416482
994,9416580
25,9416687
25,9417168
26,9417169
479,9417602
480,9417603
270,9417629
192,9417652
710,9417706
274,9417831
196,9417910
197,9417911
177,9418400
965,9418436
1081,9418926
171,9418963
1041,9418991
122,9419172
479,9419239
566,9419292
1081,9419390
193,9419391
1109,9419564
26,9419597
96,9419623
178,9419731
867,9419884
956,9419957
957,9419958
192,9420145
690,9420258
692,9420260
780,9420550
867,9420577
868,9420578
348,9420799
781,9420803
288,9420965
475,9421225
168,9421712
699,9421870
789,9421943
152,9422088
952,9422494
697,9422986
57,9423293
1121,9423563
419,9423591
539,9423696
866,9423770
382,9423798
58,9424019
567,9424253
568,9424254
348,9424487
781,9424491
1134,9424557
1134,9424570
56,9425036
169,9425141
170,9425142
944,9425250
348,9425476
604,9425814
952,9425899
688,9426022
474,9426181
88,9426282
89,9426283
90,9426284
169,9426525
170,9426526
370,9426635
288,9427069
904,9427158
526,9427417
1081,9427507
865,9427543
866,9427544
604,9427634
269,9427821
865,9428213
830,9428225
697,9428279
673,9428329
1072,9428378
196,9428449
1081,9428586
965,9429010
692,9429171
976,9429237
977,9429238
942,9429357
590,9429615
711,9429660
539,9429818
111,9429983
704,9430378
155,9430387
542,9430618
521,9430619
419,9430691
1081,9430929
382,9430950
194,9431020
201,9431089
423,9431194
529,9431315
957,9431343
980,9431422
660,9431824
651,9431981
125,9432029
194,9432610
692,9432704
866,9432912
867,9432913
194,9433240
737,9433383
965,9433418
445,9433638
965,9433748
1104,9433774
274,9433788
275,9433789
370,9433825
1131,9433885
474,9434259
177,9434333
965,9434366
197,9434566
973,9434788
905,9435084
479,9435200
690,9435248
595,9435603
1134,9435798
419,9436085
420,9436086
447,9436311
965,9436445
651,9436460
702,9436489
542,9436737
521,9436752
589,9436756
56,9437289
965,9437308
1104,9437310
192,9437765
369,9437828
830,9438093
274,9438101
444,9438426
954,9438518
542,9438526
1047,9438711
382,9439349
976,9439422
977,9439423
865,9439524
866,9439525
419,9440045
61,9440265
382,9440830
1104,9440832
847,9440981
1104,9441110
197,9441224
403,9441236
964,9441705
965,9441706
722,9442089
122,9442385
1081,9442829
1103,9443062
753,9443115
1134,9443415
528,9443533
905,9443775
693,9444031
847,9444064
692,9444119
372,9444699
373,9444700
698,9444762
57,9444896
1036,9445017
967,9445018
590,9445261
368,9445262
590,9445561
155,9445584
382,9446196
1104,9446198
980,9446270
421,9446272
401,9446302
270,9446659
152,9446761
57,9446909
58,9446910
62,9446981
411,9446981
450,9447198
781,9447302
676,9447659
399,9447781
57,9447919
58,9447920
952,9448139
559,9448245
1048,9448288
952,9448400
348,9448592
59,9448660
60,9448661
61,9448662
62,9448663
411,9448663
870,9448728
1050,9449097
122,9449220
964,9449249
965,9449250
288,9449573
1041,9449857
122,9449927
152,9449959
153,9449960
1047,9450057
86,9450364
693,9450410
558,9450425
445,9450520
638,9450564
674,9450693
673,9451037
175,9451072
541,9451298
998,9451342
324,9451343
168,9451539
973,9452584
372,9453081
479,9453112
520,9453390
403,9453531
199,9453812
967,9453899
167,9453992
260,9454149
1047,9454544
967,9454554
220,9454625
994,9454809
847,9454890
576,9454948
274,9454997
1047,9455302
1048,9455303
421,9455380
269,9455463
270,9455464
697,9455730
1073,9455970
993,9455973
274,9456209
604,9456274
445,9456351
401,9456534
1098,9456761
1073,9456827
576,9456883
638,9456949
342,9456992
690,9457215
169,9457634
866,9457877
169,9457955
475,9457982
994,9458202
122,9458550
208,9458598
152,9459035
1113,9459120
956,9459161
957,9459162
955,9459241
478,9459274
269,9459749
1110,9459771
198,9460144
195,9460279
122,9460550
489,9460808
711,9460927
973,9460956
122,9461229
270,9461258
570,9461517
754,9461541
1131,9461565
372,9461583
412,9461586
63,9461680
447,9461895
1106,9462013
571,9462072
722,9462102
1134,9462500
539,9462632
269,9462766
270,9462767
61,9463066
194,9463655
195,9463656
196,9463657
604,9463716
1106,9463870
270,9463904
479,9464035
944,9464260
952,9464335
169,9464691
722,9465148
61,9465432
255,9465636
697,9465696
866,9465878
867,9465879
697,9465945
473,9466048
660,9466050
348,9466137
1047,9466187
1072,9466293
1073,9466294
383,9466587
973,9466710
382,9466826
383,9466827
197,9466839
275,9467176
58,9467349
169,9467525
178,9467751
965,9467861
866,9467883
965,9468107
177,9468128
61,9468833
62,9468834
411,9468834
177,9469289
178,9469290
1041,9469504
169,9469541
170,9469542
965,9469565
523,9469741
955,9470058
674,9470254
447,9470288
622,9470338
623,9470339
396,9470412
1089,9470412
1090,9470413
192,9470486
177,9470655
343,9470670
447,9470771
952,9470798
1036,9470905
967,9470906
1008,9470910
542,9470917
202,9471185
475,9471524
178,9471606
539,9471892
56,9472112
169,9472130
688,9472322
673,9472559
288,9472598
673,9472637
673,9472691
673,9472730
673,9472769
969,9473410
673,9473591
673,9473936
674,9473937
688,9473942
523,9474325
1115,9474448
940,9474519
541,9475036
81,9475392
1104,9475509
523,9475529
336,9475549
956,9475621
697,9475726
209,9475787
141,9475801
288,9475809
473,9475867
56,9476085
383,9476253
57,9476432
847,9476687
479,9477063
480,9477064
855,9477141
829,9477318
529,9477438
444,9477646
445,9477647
274,9477729
275,9478069
1104,9478199
88,9478390
61,9478503
62,9478504
411,9478504
830,9478976
420,9479210
421,9479211
941,9479215
905,9479750
274,9479940
994,9480104
374,9480134
169,9480658
830,9480710
693,9480916
542,9481145
25,9481261
59,9481269
952,9481270
56,9481352
170,9481409
905,9481426
199,9481458
169,9481760
170,9481761
175,9481834
865,9481923
542,9482057
434,9482118
847,9482309
420,9482348
917,9482360
660,9482402
993,9483004
254,9483209
199,9483392
539,9483468
520,9483612
44,9484047
169,9484609
170,9484610
171,9484611
1098,9484702
965,9484861
517,9484947
526,9485475
559,9485658
348,9485812
382,9486096
274,9486466
275,9486467
153,9487155
980,9487236
981,9487237
942,9487485
965,9487509
447,9487512
953,9487649
690,9487784
965,9487961
1018,9488330
676,9488452
847,9488506
260,9488753
261,9488754
1131,9488854
1047,9488864
698,9488921
89,9489270
447,9489374
448,9489375
445,9489402
674,9489442
688,9489547
566,9490025
1112,9490093
1097,9490691
1098,9490692
702,9490803
1041,9491208
558,9491378
559,9491379
560,9491380
965,9491497
324,9491806
571,9491840
199,9492023
86,9492426
673,9492493
688,9493066
324,9493108
1072,9493627
697,9493720
1090,9493777
865,9494025
1134,9494035
994,9494379
56,9494844
528,9494885
1073,9494977
1047,9495183
523,9495230
953,9495260
690,9495285
87,9495455
88,9495456
89,9495457
26,9495462
905,9495539
1106,9495593
955,9495785
847,9495861
399,9495923
448,9495981
674,9496325
386,9496328
518,9496391
1090,9496392
56,9496414
270,9496455
96,9496645
638,9496779
673,9496938
980,9497054
981,9497055
982,9497056
479,9497283
559,9497340
270,9497377
953,9497523
722,9497548
479,9497688
480,9497689
862,9498151
25,9498359
788,9498377
1081,9498461
361,9498607
1047,9498765
944,9498772
865,9499101
1107,9499228
361,9499312
176,9499352
56,9499423
541,9499506
1072,9499520
539,9499549
904,9499710
400,9499846
208,9500010
88,9500141
956,9500177
973,9500311
697,9500445
919,9500680
638,9500861
847,9500864
197,9500906
270,9500922
692,9501028
690,9501113
1134,9501323
542,9501570
26,9501817
866,9502186
559,9502408
170,9502543
141,9502579
25,9502710
298,9502712
1050,9502877
445,9502900
158,9503107
61,9503120
62,9503121
411,9503121
63,9503122
722,9503465
692,9503525
261,9503981
86,9504182
255,9504287
447,9504625
198,9504665
973,9504707
996,9504810
274,9504875
953,9505045
479,9505189
192,9505195
781,9505369
193,9505422
63,9505438
64,9505439
690,9505543
399,9505553
698,9505653
1041,9505998
368,9506022
274,9506086
169,9506299
955,9506529
348,9506543
288,9506624
527,9506669
528,9506670
383,9506716
141,9506779
288,9506794
1108,9506847
954,9507121
270,9507128
209,9507275
829,9507386
994,9507560
589,9507649
1110,9507729
1101,9507742
954,9507961
955,9507962
1131,9508245
864,9508366
25,9508416
956,9508453
952,9508539
348,9509061
1121,9509078
517,9509111
518,9509112
1090,9509113
479,9509187
855,9509306
866,9509351
867,9509352
177,9509741
1081,9509966
523,9509969
524,9509970
525,9509971
526,9509972
780,9510083
964,9510216
202,9510439
758,9510595
382,9510690
372,9510692
334,9510946
335,9510947
866,9511093
867,9511094
445,9511528
668,9511923
539,9512033
576,9512046
865,9512124
866,9512125
867,9512126
447,9512616
89,9512805
90,9512806
758,9512910
660,9512984
220,9513133
1041,9513337
1106,9513601
372,9513737
382,9513749
383,9513750
286,9513846
58,9513915
399,9513967
1107,9513997
1108,9513998
175,9514468
673,9514530
539,9514566
1097,9514570
905,9514935
955,9514955
1081,9515108
1131,9515316
343,9515512
715,9515790
674,9515886
572,9516313
477,9516357
522,9516358
523,9516359
87,9516363
447,9516364
1081,9516431
90,9516541
178,9516581
698,9516582
604,9516772
544,9516947
88,9516974
697,9517005
125,9517135
96,9517277
88,9517317
964,9517348
967,9517537
1134,9517546
209,9517748
254,9518225
1041,9518305
1072,9518471
559,9518541
270,9518604
905,9518737
690,9518856
944,9519006
382,9519041
175,9519366
818,9519564
1134,9519634
604,9519756
56,9520042
57,9520043
638,9520118
1001,9520254
955,9520273
994,9520481
270,9520933
445,9521012
521,9521025
622,9521060
125,9521163
716,9521364
717,9521365
194,9521413
194,9521422
1047,9521869
942,9522326
673,9522523
674,9522524
1082,9522687
444,9522708
445,9522709
781,9522800
964,9522851
445,9522960
201,9523071
447,9523334
1106,9523400
604,9523413
201,9523984
1072,9524093
191,9524097
394,9524155
395,9524156
382,9524229
994,9524529
168,9525233
1098,9525337
967,9525570
692,9525573
688,9525787
191,9525978
196,9526005
905,9526108
1081,9526632
382,9526689
383,9526690
864,9526993
604,9527102
660,9527114
830,9527406
386,9528074
56,9528321
286,9528323
830,9528457
201,9528479
420,9528790
421,9528791
781,9529646
270,9529815
865,9529837
595,9529885
191,9529959
865,9530084
866,9530085
867,9530086
868,9530087
61,9530167
274,9530349
1047,9530695
941,9530898
1047,9531228
528,9531319
965,9531767
196,9532043
44,9532090
864,9532157
444,9532509
194,9532622
195,9532623
196,9532624
1047,9532650
192,9532669
193,9532670
202,9532704
542,9532856
521,9532857
604,9532881
479,9532967
673,9533000
995,9533134
996,9533135
1134,9533526
956,9533692
957,9533693
1104,9533888
474,9533895
383,9533997
153,9534789
804,9534837
474,9535140
87,9535142
447,9535143
198,9535265
690,9535288
383,9535635
396,9535663
1089,9535663
204,9535697
951,9535886
952,9535887
905,9535888
169,9536042
170,9536043
171,9536044
722,9536248
383,9536446
1104,9536460
1081,9536761
361,9536766
622,9536802
447,9537648
965,9537732
196,9537951
63,9538234
604,9538327
61,9538432
965,9538624
1104,9538626
571,9538893
61,9538913
62,9538914
411,9538914
847,9539063
63,9539093
64,9539094
722,9539306
523,9539439
521,9539504
478,9539505
87,9539567
905,9539619
87,9539913
942,9540150
196,9540269
1072,9540596
170,9540695
944,9540768
90,9541320
1009,9541361
1010,9541362
541,9541364
542,9541365
541,9541525
542,9541526
521,9541527
829,9541586
122,9541762
604,9541900
201,9541976
57,9542015
56,9542367
286,9542369
829,9542399
61,9542516
953,9542817
539,9543116
969,9543120
175,9543146
125,9543374
196,9543437
197,9543438
25,9543807
993,9544201
474,9544222
336,9544305
622,9544935
698,9545409
191,9545455
154,9545728
1134,9545795
904,9546027
953,9546028
954,9546029
955,9546030
111,9546081
422,9546235
324,9546324
1098,9546375
698,9546464
523,9546670
622,9546718
370,9546870
1081,9547320
61,9547463
62,9547464
411,9547464
604,9547562
517,9547912
269,9548227
829,9548235
270,9548310
604,9548360
155,9548496
196,9548891
129,9549219
526,9549577
403,9549763
175,9549919
904,9550037
558,9550118
529,9550155
382,9550217
383,9550218
400,9550408
401,9550409
965,9550523
1104,9550525
1106,9550527
325,9551095
711,9551099
697,9551165
698,9551166
699,9551167
702,9551279
703,9551280
704,9551281
394,9551543
566,9551891
175,9552007
521,9552207
478,9552208
818,9552792
622,9552841
623,9552842
394,9553017
56,9553523
865,9553647
370,9554642
270,9554825
177,9555066
178,9555067
1090,9555198
528,9555287
361,9555345
445,9555488
828,9555668
829,9555669
383,9555806
25,9555925
370,9555997
669,9556151
828,9556232
829,9556233
539,9556844
141,9556902
1097,9557267
1098,9557268
1072,9557522
447,9557599
576,9557651
400,9557877
1036,9558000
967,9558001
220,9558043
528,9558048
980,9558097
194,9558154
434,9558234
1019,9558376
342,9558377
175,9559080
489,9559127
194,9559944
171,9560062
194,9560136
444,9560307
81,9560392
967,9560426
780,9560559
202,9560578
254,9560969
197,9561327
1041,9561659
56,9561849
571,9561869
368,9562150
334,9562180
996,9562336
952,9562370
60,9562638
61,9562639
62,9562640
411,9562640
1134,9562740
334,9562847
275,9563226
1134,9563519
864,9563612
1134,9563621
1047,9563964
445,9564256
177,9564299
567,9564426
567,9564522
568,9564523
403,9564558
638,9564632
90,9564793
111,9564806
965,9565010
690,9565053
57,9565167
374,9565233
541,9565321
542,9565322
698,9565906
1134,9566142
994,9566191
175,9566502
804,9567049
651,9567233
870,9567255
175,9567556
566,9568182
1073,9568194
254,9568256
1047,9568405
176,9568588
976,9568775
977,9568776
917,9568837
1106,9569196
25,9569525
866,9569755
372,9569864
198,9570131
1107,9570573
698,9570830
699,9570831
141,9571045
1041,9571070
204,9571415
87,9571520
967,9571639
667,9571680
570,9572318
194,9572895
500,9573404
998,9573804
324,9573805
973,9573855
1100,9573868
419,9574118
874,9574471
194,9574859
722,9575036
966,9575051
967,9575052
56,9575131
559,9575272
867,9575336
940,9575346
175,9575723
209,9575730
111,9575835
175,9575839
558,9575859
1099,9575934
1100,9575935
964,9576168
965,9576169
204,9576224
713,9576248
714,9576249
753,9576406
169,9576546
194,9576781
973,9576971
956,9577041
192,9577101
62,9577169
411,9577169
382,9577212
81,9577226
382,9577527
847,9577970
688,9578019
260,9578220
688,9578222
967,9578297
1097,9578299
1098,9578300
905,9578718
63,9579177
64,9579178
521,9579627
254,9579905
196,9580022
447,9580026
56,9580149
178,9580573
169,9580677
1047,9580838
710,9581181
97,9581334
175,9581348
286,9581398
526,9581413
445,9581590
62,9581638
411,9581638
64,9581885
81,9581901
965,9582626
196,9582645
576,9582807
692,9583242
965,9583487
965,9583590
576,9584088
567,9584123
568,9584124
965,9584232
539,9584524
539,9584629
541,9584631
1134,9584987
1107,9584997
1108,9584998
692,9585113
917,9585425
542,9585747
447,9585760
1059,9585805
952,9585836
1106,9586019
399,9586109
400,9586110
829,9586329
964,9586478
447,9586602
58,9587480
754,9587734
870,9587750
955,9588047
370,9588137
197,9588245
198,9588246
1134,9588256
567,9588410
568,9588411
269,9588478
566,9588586
567,9588587
870,9588627
828,9588879
92,9588889
542,9588928
200,9589092
56,9589246
818,9589471
944,9590291
976,9590401
977,9590402
194,9590525
544,9591197
703,9591204
1134,9591243
348,9591863
944,9591868
781,9592143
973,9592225
274,9592290
564,9592466
737,9592834
175,9593091
270,9593339
830,9593513
528,9593537
710,9593640
865,9593683
1134,9593748
996,9593844
847,9593904
168,9594060
904,9594153
904,9594268
539,9594316
541,9594318
697,9594407
1072,9594837
692,9594976
1134,9595019
818,9595157
818,9595213
288,9595250
867,9595507
56,9595522
830,9595557
865,9595581
348,9595865
192,9595928
348,9596115
558,9596183
559,9596184
541,9596380
866,9596586
141,9596608
722,9596622
270,9596639
479,9596867
168,9596870
169,9596871
447,9596937
386,9597412
260,9597538
651,9597668
1081,9597781
479,9597784
62,9597824
411,9597824
957,9598126
590,9598194
830,9598243
1048,9598412
905,9598541
668,9599127
383,9599405
56,9599551
1072,9599611
1073,9599612
1047,9599853
63,9600064
977,9600217
192,9600390
193,9600391
175,9600467
176,9600468
177,9600469
944,9600750
818,9600789
25,9600817
955,9601665
956,9601666
197,9601681
261,9601735
969,9601805
444,9601817
539,9601849
1095,9602123
1041,9602394
198,9602673
176,9603145
177,9603146
175,9603441
176,9603442
370,9603494
996,9603643
954,9603781
955,9603782
197,9603976
198,9603977
288,9604013
64,9604083
169,9604173
1131,9604185
1121,9604221
737,9604692
61,9604699
61,9604897
1134,9605454
445,9605775
692,9606042
61,9606088
62,9606089
411,9606089
445,9606096
622,9606126
348,9606145
690,9606405
1081,9606477
269,9606604
274,9606613
275,9606614
1072,9607022
288,9607026
526,9607422
690,9607619
169,9607637
270,9607713
956,9607891
111,9608052
964,9608268
965,9608269
170,9608349
373,9608430
374,9608431
369,9608675
370,9608676
274,9608756
61,9608790
62,9608791
411,9608791
90,9609238
566,9609278
567,9609279
568,9609280
568,9609710
1097,9609777
941,9609844
942,9609845
956,9609978
942,9610094
541,9610110
197,9610119
169,9610173
1081,9610360
193,9610361
524,9610455
96,9610587
865,9610823
866,9610824
812,9610847
813,9610848
192,9610908
204,9611174
92,9611337
475,9611494
111,9611676
1134,9611678
92,9611774
56,9612042
692,9612115
274,9612187
828,9612384
829,9612385
445,9612394
698,9612425
192,9612540
274,9612545
92,9612934
1134,9612999
1100,9613166
528,9613261
170,9613583
737,9613639
209,9613808
478,9613932
270,9614363
1050,9614702
571,9614794
56,9615147
169,9615358
870,9615498
209,9615509
994,9615566
202,9616052
372,9616149
208,9616233
697,9616812
698,9616813
269,9617112
270,9617113
158,9617325
177,9617566
178,9617567
698,9617568
197,9617646
964,9617894
965,9617895
828,9618025
829,9618026
994,9618131
973,9618192
286,9618938
122,9619062
559,9619153
829,9619171
939,9619369
940,9619370
1050,9619658
169,9620051
542,9620492
965,9620574
589,9620678
167,9620736
445,9621160
835,9621200
254,9621217
955,9621522
818,9621528
965,9621828
1081,9621928
202,9622177
993,9622299
1131,9622334
474,9622457
604,9622653
1106,9622850
542,9623019
270,9623129
445,9623317
1047,9623501
864,9623802
722,9623943
667,9624268
81,9624313
566,9624772
567,9624773
568,9624774
673,9624919
194,9624936
577,9625517
698,9625554
152,9625855
690,9625950
965,9625994
692,9626009
348,9626059
177,9626080
178,9626081
394,9626208
994,9626268
703,9626277
704,9626278
111,9626296
62,9626330
411,9626330
758,9626803
444,9626972
445,9626973
141,9627123
201,9627132
956,9627624
957,9627625
445,9627894
141,9628065
994,9628080
403,9628285
804,9628350
499,9628478
940,9628485
758,9628751
1106,9628824
1104,9628924
176,9629007
190,9629044
542,9629468
697,9629484
201,9629808
965,9630040
192,9630068
1047,9630100
1048,9630101
953,9630147
361,9630693
370,9630782
25,9630796
1107,9630971
604,9631224
394,9631278
395,9631279
445,9631302
175,9631353
541,9631673
372,9631924
479,9632167
25,9632263
1134,9632277
1041,9632446
847,9632886
372,9632954
604,9632987
973,9633253
539,9633302
274,9633633
737,9633872
25,9633979
528,9634343
25,9634382
191,9634756
576,9634883
111,9634951
1134,9634953
996,9635033
175,9635047
61,9635199
62,9635200
411,9635200
622,9635432
370,9635670
371,9635671
372,9635672
1134,9635684
177,9635747
758,9635915
980,9635954
479,9636242
967,9636454
1047,9636715
966,9636850
372,9636851
964,9637142
638,9637162
1108,9637217
542,9637328
904,9637367
965,9637483
1104,9637485
1106,9637487
542,9637765
702,9637807
122,9638083
941,9638483
942,9638484
690,9638486
690,9638831
368,9638944
369,9638945
96,9639018
111,9639139
1041,9639395
651,9639587
697,9639695
122,9639742
386,9639868
956,9640154
957,9640155
110,9640246
111,9640247
828,9640430
829,9640431
523,9640604
370,9640649
269,9640720
1103,9640745
830,9640979
956,9641755
693,9642009
57,9642163
25,9642310
878,9642388
274,9642527
690,9642984
361,9643076
1050,9643130
122,9643142
168,9643291
965,9643448
1134,9643455
965,9643598
445,9643770
704,9643875
955,9644032
419,9644294
1098,9644295
674,9644554
781,9644569
445,9644651
542,9644663
638,9644664
973,9644746
474,9644858
383,9645126
692,9645281
1090,9645348
566,9645517
567,9645518
568,9645519
688,9645664
710,9645716
419,9645816
399,9646062
975,9646146
952,9646149
890,9646201
444,9646513
274,9647127
275,9647140
62,9647328
411,9647328
56,9647595
269,9647617
386,9647621
690,9647724
528,9648266
197,9648299
198,9648300
942,9648488
448,9648714
479,9648899
713,9649093
714,9649094
447,9649122
479,9649289
423,9649349
520,9649403
274,9649516
692,9649609
61,9649731
62,9649732
411,9649732
673,9649993
674,9649994
702,9650029
703,9650030
704,9650031
361,9650226
520,9650300
57,9650689
177,9650809
1106,9651011
170,9651133
541,9651352
479,9651659
386,9651807
61,9652020
62,9652021
411,9652021
1047,9652082
1048,9652083
445,9652118
849,9652157
478,9652707
651,9652793
829,9653154
830,9653155
371,9653177
967,9653178
401,9653308
638,9653328
847,9653331
524,9653596
659,9653741
542,9653790
400,9653907
698,9653985
699,9653986
128,9654130
129,9654131
382,9654169
541,9654624
542,9654625
190,9654780
191,9654781
192,9654782
964,9654899
965,9654900
1041,9655155
62,9655959
411,9655959
1107,9656169
967,9656417
973,9657262
944,9657307
699,9658101
382,9658801
383,9658802
382,9659006
383,9659007
168,9659278
169,9659279
195,9660060
196,9660061
952,9660262
419,9660264
1098,9660265
209,9660310
419,9660342
973,9660445
270,9660539
56,9660684
288,9660978
220,9661002
175,9661126
660,9661552
704,9661608
710,9661612
342,9661697
176,9661924
1134,9662335
673,9662978
622,9663004
169,9663231
542,9663522
25,9663618
26,9663619
386,9663656
274,9663735
275,9663736
1131,9663774
517,9663834
690,9663953
674,9663985
692,9664073
518,9664228
56,9664372
170,9664388
199,9664463
781,9664587
676,9664914
57,9665042
196,9665055
964,9665242
692,9665463
713,9665499
714,9665500
1134,9665948
198,9666246
445,9666305
474,9666371
475,9666372
652,9666507
690,9666736
348,9667475
197,9667715
542,9667887
638,9667888
847,9668351
1008,9668353
176,9668398
953,9668496
286,9668644
473,9668661
141,9669182
659,9669600
1072,9669645
445,9669757
447,9669759
847,9670150
940,9670530
111,9670542
1073,9670639
1131,9670661
1098,9670741
941,9670751
942,9670752
399,9670782
400,9670783
125,9670797
559,9671216
61,9671236
967,9671640
818,9671818
230,9672096
177,9672328
558,9672747
1131,9673053
274,9673874
479,9673904
479,9674036
61,9674238
62,9674239
411,9674239
63,9674240
847,9674387
342,9674507
178,9674599
622,9674896
1098,9674975
158,9675551
965,9675582
699,9675690
288,9675700
523,9676073
737,9676111
382,9676310
967,9676312
692,9676473
194,9676511
195,9676512
1036,9676599
967,9676600
383,9676744
526,9676821
952,9676899
576,9676902
1048,9677669
542,9677863
386,9677963
44,9677966
170,9678421
904,9678456
1090,9678520
1097,9678716
965,9678788
955,9678875
220,9679039
412,9679139
87,9679273
370,9679287
56,9680052
199,9680329
200,9680330
201,9680331
169,9680337
1095,9680490
1097,9680520
1098,9680521
692,9680534
191,9680964
994,9681144
651,9681324
652,9681325
521,9681632
1134,9681654
1134,9681744
711,9682336
669,9682415
56,9682427
544,9682631
953,9682759
386,9684247
692,9684557
448,9684566
269,9684573
1047,9684812
201,9684891
865,9685343
866,9685344
867,9685345
517,9685755
444,9686062
56,9686236
57,9686408
170,9686584
1106,9686785
1081,9686945
197,9687367
198,9687368
197,9687788
199,9688029
200,9688030
722,9688038
122,9688630
829,9688731
830,9688732
1113,9688766
361,9689240
57,9689497
57,9689778
445,9689792
693,9690075
175,9690104
201,9690342
688,9690397
589,9690840
361,9690916
692,9690933
1041,9691108
707,9691390
270,9691429
288,9691492
63,9691627
940,9691733
818,9691887
542,9692054
1101,9692119
622,9692190
334,9692499
1134,9692615
86,9693113
63,9693518
274,9693687
944,9693703
943,9693963
942,9694073
274,9694191
941,9694306
525,9694447
87,9694462
994,9694522
177,9694592
178,9694593
567,9694644
25,9694755
692,9694837
1081,9694865
541,9694881
528,9695496
994,9695555
274,9695584
690,9695804
722,9696079
622,9696156
274,9696163
566,9696215
567,9696216
1134,9696690
956,9696786
690,9696921
1106,9697165
1081,9697308
1082,9697309
361,9697330
955,9697410
567,9697785
568,9697786
942,9697806
542,9697940
25,9698060
61,9698410
62,9698411
411,9698411
517,9698774
25,9698991
975,9699599
952,9699602
953,9699603
967,9699626
697,9699727
698,9699728
479,9699770
62,9699886
411,9699886
690,9699979
690,9700171
973,9700217
630,9700324
198,9700422
830,9700571
830,9700631
788,9700707
789,9700708
953,9701649
196,9702145
698,9702156
1047,9702177
169,9702282
286,9702609
25,9702735
1019,9702761
342,9702762
956,9702794
944,9703332
541,9703377
980,9703855
158,9704066
674,9704090
878,9704138
474,9704582
692,9704728
693,9704729
169,9704783
170,9704784
1134,9704907
697,9705049
87,9705317
447,9705318
444,9705359
422,9705651
386,9705930
622,9706296
199,9706456
1012,9706747
192,9706829
201,9706983
456,9707093
829,9707167
703,9707408
704,9707409
993,9707761
994,9707762
867,9708022
401,9708614
528,9708644
63,9708723
64,9708724
692,9708882
905,9709013
199,9709078
57,9709099
81,9709140
61,9709201
651,9709231
722,9709400
348,9709499
399,9709826
400,9709827
201,9709948
517,9710022
447,9710135
559,9710313
370,9710363
194,9710411
542,9710556
638,9710557
994,9710599
904,9710657
286,9710861
287,9710862
288,9710863
175,9710910
176,9710911
697,9710944
383,9711216
111,9711446
829,9711963
87,9712103
26,9712526
447,9712672
447,9712816
448,9712817
711,9713256
382,9713591
383,9713592
1134,9713609
576,9713767
158,9714009
1134,9714101
175,9714553
445,9714616
111,9714629
382,9714905
178,9715064
967,9715256
1050,9715285
528,9715434
523,9715683
56,9715898
955,9716031
865,9716366
866,9716367
904,9716562
847,9716617
942,9716656
870,9716916
956,9717054
178,9717064
275,9717068
386,9717406
1097,9717805
1072,9717919
25,9717936
710,9717986
445,9718031
191,9718163
196,9718179
955,9718242
956,9718243
957,9718244
525,9718473
526,9718474
57,9718694
818,9718738
176,9718905
673,9719103
1047,9719367
334,9719732
828,9719985
558,9720100
383,9720142
673,9720439
674,9720440
941,9720836
1050,9721172
479,9721714
111,9721907
559,9722015
274,9722278
941,9722514
200,9722527
953,9722775
342,9723041
275,9723079
191,9723147
1047,9723214
286,9723337
688,9724163
942,9724242
973,9724281
192,9724409
542,9724641
638,9724642
399,9724888
400,9724889
401,9724890
954,9725155
1107,9725271
275,9725480
904,9725697
177,9726047
178,9726048
953,9726175
954,9726176
539,9726248
518,9726472
194,9726522
399,9726637
994,9726821
230,9726867
201,9727306
711,9727472
566,9727475
567,9727476
521,9727666
478,9727667
96,9728313
269,9728359
1134,9728440
192,9728466
692,9728582
274,9728631
520,9728669
976,9728708
370,9728816
478,9728950
479,9728951
542,9729547
570,9730162
399,9730366
976,9730641
977,9730642
954,9730701
25,9730999
605,9731030
400,9731153
524,9731183
905,9731197
361,9731324
855,9731406
1047,9731669
1048,9731670
567,9731704
866,9731833
942,9731853
1072,9731982
688,9731989
419,9732280
953,9732452
175,9732657
170,9733075
955,9733116
956,9733117
445,9733592
529,9733673
368,9733874
965,9733943
965,9734021
704,9734076
193,9734271
194,9734272
382,9734321
178,9734723
1097,9734934
1071,9735009
1072,9735010
673,9735208
1047,9735342
699,9735456
520,9735479
543,9735480
529,9735624
1047,9735735
194,9735829
994,9736002
674,9736175
197,9736204
528,9736294
942,9736416
1107,9736640
1108,9736641
175,9736772
812,9736779
813,9736780
269,9736980
270,9736981
520,9737023
521,9737024
478,9737025
274,9737108
952,9737426
374,9737752
866,9737835
867,9737836
955,9737861
92,9737879
543,9738063
1047,9738231
944,9738271
638,9738298
698,9738516
370,9738851
111,9738907
1019,9739126
342,9739127
88,9739401
89,9739402
697,9739407
698,9739408
828,9739428
829,9739429
1106,9739595
904,9739771
61,9740233
62,9740234
411,9740234
175,9740257
175,9740372
973,9740442
855,9740460
125,9741009
125,9741078
692,9741284
941,9741565
942,9741566
298,9741637
191,9742056
955,9742090
588,9742110
566,9742117
567,9742118
568,9742119
569,9742120
336,9742171
539,9742178
419,9742543
781,9742879
96,9743022
400,9743197
1047,9743816
690,9743897
90,9743936
361,9744071
660,9744376
368,9744570
369,9744571
941,9744971
673,9745142
674,9745143
865,9745157
520,9745691
539,9745701
521,9745704
169,9745746
812,9746179
813,9746180
1072,9746385
1073,9746386
830,9746718
995,9746727
996,9746728
382,9746984
383,9746985
169,9747041
194,9747130
194,9747166
1081,9747294
197,9747305
154,9747403
288,9747552
520,9747667
444,9747914
141,9747985
63,9748145
394,9748382
395,9748383
270,9748384
1134,9748428
1047,9748882
194,9749247
195,9749248
944,9749316
61,9749561
673,9749643
498,9749798
479,9749923
269,9750070
955,9750435
904,9750857
178,9750883
737,9750896
956,9750948
1112,9751000
1113,9751001
274,9751302
88,9751338
692,9751626
595,9751837
192,9752020
63,9752085
204,9752089
270,9752100
373,9752379
374,9752380
998,9752404
324,9752405
368,9752598
523,9752632
818,9752692
125,9753074
688,9753118
59,9753263
952,9753264
1131,9753461
977,9753772
275,9754016
781,9754132
254,9754189
566,9754510
567,9754511
1073,9754898
175,9754936
980,9755120
122,9755462
520,9755616
674,9755775
400,9755812
152,9755885
1098,9756042
201,9756066
255,9756095
445,9756168
559,9756180
386,9756768
528,9756908
539,9757155
447,9757290
1047,9757830
1041,9757838
652,9757840
445,9758038
111,9758247
558,9758389
576,9758982
56,9759053
445,9759075
604,9759665
818,9759802
158,9760303
324,9760316
975,9760327
976,9760328
977,9760329
25,9760380
26,9760381
57,9760497
722,9760638
448,9760749
955,9760837
956,9760838
1073,9761056
917,9761157
444,9761260
201,9761394
965,9761687
1095,9761756
122,9762209
444,9762273
830,9762285
274,9762424
361,9762430
973,9762492
541,9762498
231,9762508
957,9763404
539,9763580
336,9763696
697,9763755
44,9764045
1090,9764177
105,9764216
370,9764301
194,9764322
169,9764640
111,9764646
722,9764750
445,9764808
175,9765823
1134,9765893
168,9766325
270,9766344
659,9766415
158,9766708
59,9766935
177,9767006
178,9767007
697,9767078
812,9767402
813,9767403
58,9767490
61,9767947
1050,9767970
168,9768113
804,9768409
197,9768639
447,9768762
192,9768875
870,9768879
445,9769285
954,9769465
191,9769541
604,9770093
867,9770103
868,9770104
953,9770612
829,9770779
444,9770984
445,9770985
952,9771084
651,9771105
445,9771230
980,9771255
981,9771256
589,9771298
1111,9771332
520,9771396
175,9771478
866,9771727
973,9771837
956,9772251
361,9772884
170,9773027
168,9773086
539,9773252
688,9773475
690,9773537
1106,9773631
818,9773736
286,9774669
818,9774871
722,9775169
828,9775204
829,9775205
830,9775206
994,9775245
737,9775520
865,9775534
528,9775624
1047,9775681
518,9776249
866,9776425
44,9776890
697,9777164
1008,9777379
1009,9777380
1010,9777381
576,9777995
576,9778549
577,9778550
829,9778600
704,9778811
325,9778865
690,9779013
699,9779494
177,9779642
517,9779807
975,9780008
976,9780009
867,9780273
868,9780274
383,9780422
274,9780581
275,9780582
736,9780628
737,9780629
964,9780793
169,9780912
660,9781088
780,9781385
541,9781763
847,9781829
342,9781835
204,9782055
209,9783034
394,9783079
905,9783355
998,9783450
324,9783451
334,9783594
652,9783670
692,9783765
996,9783911
905,9783921
955,9784152
956,9784153
286,9784212
177,9784284
178,9784285
942,9784891
400,9784918
829,9785296
1104,9785828
539,9785957
541,9785959
193,9786007
1104,9786033
1106,9786035
372,9786253
564,9786311
445,9786604
96,9786893
1081,9787473
444,9787672
1097,9787676
198,9788102
197,9788225
804,9788260
196,9788485
197,9788486
122,9788671
141,9788816
697,9789035
698,9789036
690,9789176
500,9789184
444,9789243
722,9789360
1081,9789456
193,9789457
952,9789533
500,9789574
445,9789775
447,9789912
448,9790069
622,9790086
874,9790377
444,9790482
1072,9790486
1104,9790583
382,9790633
955,9790657
676,9790769
382,9790779
965,9791243
954,9791427
688,9792131
754,9792512
528,9792521
474,9792779
177,9792958
274,9792995
690,9793011
866,9793121
523,9793124
524,9793125
525,9793126
526,9793127
542,9793268
199,9793400
697,9793430
967,9793787
200,9794221
275,9794382
1097,9794550
86,9794806
87,9794807
864,9794958
81,9795000
92,9795150
622,9795770
445,9795783
141,9795907
274,9795963
274,9795969
953,9796058
1106,9796153
758,9796308
944,9796321
542,9796385
521,9796386
864,9796559
86,9797121
523,9797488
524,9797489
59,9798153
274,9798368
209,9798427
122,9798520
445,9798563
169,9799005
830,9799341
674,9799532
590,9799668
368,9799669
369,9799670
604,9799708
274,9799744
692,9799753
419,9800119
420,9800120
421,9800121
479,9800168
521,9800466
1098,9800575
1099,9800576
1100,9800577
1101,9800578
830,9800627
964,9800986
194,9801337
197,9801389
1081,9801679
480,9801771
169,9801800
539,9801909
81,9802588
348,9802849
940,9803368
966,9803402
967,9803403
1081,9803610
758,9803699
673,9803843
336,9804006
692,9804225
373,9804778
374,9804779
660,9805094
754,9805128
688,9805313
942,9805325
977,9805521
965,9806017
1104,9806019
382,9806066
383,9806067
673,9806092
674,9806093
92,9806157
668,9806366
58,9806406
81,9806414
943,9806432
944,9806433
1081,9806742
370,9806885
445,9807035
692,9807054
693,9807055
1098,9807063
651,9807170
866,9807328
867,9807329
1134,9807414
847,9808193
92,9808366
361,9808524
92,9808666
169,9809054
1012,9809197
419,9809219
1098,9809220
698,9809332
539,9809366
479,9809476
523,9809532
111,9809544
1134,9809546
818,9809666
722,9809780
177,9810572
669,9810892
542,9810955
447,9810996
1112,9811097
525,9811247
175,9811263
169,9811345
87,9811522
88,9811523
89,9811524
973,9811638
56,9811664
674,9811669
370,9811752
479,9811772
122,9812038
1072,9812565
270,9812669
386,9812810
169,9812836
690,9813158
692,9813160
196,9813247
382,9813472
1019,9813791
342,9813792
56,9813868
542,9813881
521,9813886
942,9814008
64,9814150
753,9814288
781,9814472
541,9814517
374,9814520
480,9814719
559,9814868
479,9814884
604,9814905
953,9814946
828,9815007
829,9815008
1050,9815172
168,9815292
758,9815403
201,9815745
202,9815746
370,9815904
542,9815926
63,9816033
1104,9816270
1106,9816272
1107,9816273
1134,9816307
1090,9816316
447,9816476
965,9816577
1047,9816868
956,9816871
957,9816872
967,9816919
944,9816940
197,9817549
956,9818129
957,9818130
445,9818163
965,9818273
878,9818318
1134,9818358
1134,9818472
539,9818499
445,9818702
965,9818881
865,9819328
866,9819329
61,9819621
62,9819622
411,9819622
952,9819644
447,9819745
1095,9819879
707,9820273
122,9820396
168,9820472
370,9820679
177,9820843
220,9820941
1134,9820972
1015,9821413
541,9821418
874,9822025
690,9822118
177,9822164
178,9822165
965,9822482
710,9822495
489,9822669
445,9822964
818,9823599
56,9823745
25,9824245
448,9824343
524,9824365
904,9824767
905,9824768
847,9824838
197,9824919
445,9824935
697,9824977
692,9825003
192,9825062
688,9825197
541,9825274
542,9825275
523,9825335
1134,9825651
89,9825808
90,9825809
528,9826042
1081,9826252
1082,9826253
711,9826315
542,9826371
370,9826777
274,9827153
953,9827224
957,9827457
604,9827469
993,9827911
994,9827912
1036,9828081
372,9828082
864,9828251
942,9828461
1113,9828605
577,9828808
1036,9828813
967,9828814
693,9828998
122,9829117
942,9829141
209,9829202
25,9829256
204,9829299
372,9829345
197,9829582
198,9829583
199,9829584
1072,9829590
260,9829919
973,9830095
722,9830106
479,9830144
194,9830395
412,9832026
834,9832190
198,9832260
169,9832304
260,9832326
261,9832327
692,9832431
788,9832442
789,9832443
542,9832450
638,9832451
260,9832624
981,9832813
220,9833144
1050,9833161
334,9833263
56,9833292
559,9833589
559,9833651
542,9834016
542,9834047
638,9834048
1018,9834127
865,9834383
122,9834917
864,9835221
25,9835285
830,9835556
57,9835688
370,9836015
480,9836268
866,9836321
1081,9836495
754,9836532
637,9836791
474,9837030
479,9837247
191,9837315
192,9837316
275,9837443
904,9837470
122,9837475
965,9837726
1041,9837918
254,9838135
255,9838136
370,9838283
168,9838607
199,9838824
198,9838865
939,9839131
940,9839132
96,9839665
1112,9839762
969,9840377
1134,9840391
539,9840768
191,9840804
192,9840805
193,9840806
977,9841269
954,9841805
348,9841881
866,9842040
867,9842041
110,9842059
255,9842552
275,9842706
1073,9842755
957,9842992
864,9843042
523,9843103
1072,9843118
154,9843210
1103,9843224
368,9843296
479,9843439
1036,9843698
372,9843699
1081,9843708
690,9843766
965,9844057
445,9844079
447,9844192
737,9844250
275,9844380
1095,9844413
1107,9844420
1108,9844421
191,9844438
444,9844463
191,9844511
286,9844673
122,9844993
804,9845030
270,9845377
25,9845449
965,9845548
191,9845578
560,9845845
699,9845887
1012,9846017
528,9846069
965,9846228
1041,9846301
447,9846444
965,9846501
828,9847067
829,9847068
830,9847069
1036,9847483
967,9847484
478,9847589
56,9847730
870,9848035
953,9848241
175,9848331
940,9848385
722,9848461
56,9848529
57,9848530
86,9848778
956,9848836
956,9849058
957,9849059
942,9849179
942,9849414
92,9849531
969,9849630
92,9849883
175,9849975
528,9850090
1047,9850217
980,9850224
478,9850266
539,9850349
954,9850471
955,9850472
956,9850473
261,9851054
325,9851322
955,9851786
1071,9851847
1072,9851848
444,9852057
499,9852270
500,9852271
955,9852323
542,9852329
288,9852403
698,9852489
448,9852609
370,9853063
697,9853232
170,9853791
87,9853852
447,9853853
448,9853854
1134,9853919
368,9854053
973,9854102
26,9854215
192,9854337
478,9854524
1050,9854560
1072,9854657
1073,9854658
25,9854678
973,9854819
96,9854946
286,9855362
444,9855389
199,9855502
62,9855705
411,9855705
370,9856006
1072,9856027
191,9856069
904,9856481
1047,9856787
1041,9856842
25,9856915
447,9857020
698,9857500
59,9857580
192,9858054
192,9858142
1134,9858209
383,9858362
698,9858573
204,9858812
973,9858855
676,9858870
447,9858899
479,9859163
383,9860095
447,9860299
1041,9860738
570,9860850
154,9861099
818,9861537
274,9861780
394,9861852
395,9861853
383,9862146
1081,9862194
975,9862197
976,9862198
977,9862199
386,9862209
274,9862502
953,9862909
196,9863017
197,9863018
86,9863136
674,9863735
334,9864040
382,9864042
383,9864043
1081,9864144
193,9864145
194,9864146
220,9864155
445,9864228
539,9864592
500,9864744
122,9864756
122,9865005
372,9865134
403,9865207
539,9865225
400,9865228
401,9865229
940,9865592
980,9865616
981,9865617
288,9865708
1104,9865762
939,9865979
940,9865980
967,9866072
829,9866349
194,9866443
195,9866444
998,9866499
324,9866500
394,9866640
395,9866641
1134,9866704
818,9866725
559,9866974
370,9867221
197,9867328
122,9867398
722,9867940
847,9868398
693,9868401
521,9868514
980,9868544
955,9868597
847,9868800
952,9869118
122,9869123
195,9869315
196,9869316
500,9869471
1041,9869483
710,9869938
692,9870093
544,9870111
518,9870235
63,9870342
1047,9870606
994,9870620
539,9870832
325,9870980
122,9871006
1134,9871034
690,9871274
692,9871390
722,9871447
444,9871791
374,9872183
559,9872254
56,9872305
1098,9872328
141,9872543
818,9872633
204,9872662
517,9872675
692,9872754
690,9873020
976,9873024
977,9873025
56,9873030
542,9873086
521,9873087
1134,9873137
1131,9873277
690,9873280
698,9873375
274,9873380
275,9873381
571,9873698
572,9873699
274,9874089
170,9874204
474,9874249
967,9874329
444,9874409
220,9874493
994,9874546
688,9874570
690,9874572
479,9874819
141,9874887
566,9874905
567,9874906
478,9875001
479,9875002
1097,9875111
525,9875391
386,9875426
194,9875707
479,9875775
1041,9876117
558,9876448
523,9876732
394,9876901
395,9876902
479,9877498
92,9877933
1104,9878025
274,9878525
558,9878539
559,9878540
1047,9878713
941,9878769
942,9878770
690,9878772
92,9878841
828,9878900
878,9878943
1134,9879111
865,9879214
688,9879418
61,9879501
697,9879713
479,9880093
940,9880352
56,9880490
197,9880609
198,9880610
973,9880776
980,9881018
981,9881019
56,9881081
57,9881169
191,9881501
698,9881686
110,9881705
518,9882258
170,9882295
904,9882317
905,9882318
703,9882473
704,9882474
169,9883008
170,9883009
274,9883425
178,9883564
698,9883565
370,9883577
270,9883601
445,9884040
830,9884072
170,9884091
175,9884276
370,9884347
255,9884815
693,9885092
944,9885174
1110,9885251
274,9885258
382,9885549
693,9885676
520,9885736
847,9885769
542,9885780
541,9885972
1101,9886051
288,9886054
558,9886082
941,9886246
57,9886516
209,9886546
386,9886672
288,9886690
1047,9886884
170,9886894
692,9886927
370,9886937
371,9886938
967,9886939
943,9886983
944,9886984
977,9887166
704,9887216
1072,9887313
170,9887449
58,9887805
1097,9887811
528,9888108
191,9888386
192,9888387
847,9888497
704,9888511
965,9888909
191,9889116
382,9889446
270,9889496
967,9889848
1106,9889978
386,9890100
209,9890155
956,9890159
197,9890386
690,9890491
541,9890594
542,9890595
965,9890747
169,9890808
170,9890809
818,9891126
401,9891194
982,9891557
194,9891743
334,9891898
955,9892035
60,9892246
804,9892321
541,9892367
737,9892461
177,9892575
168,9893216
1098,9893326
847,9893925
965,9894095
673,9894425
1041,9894583
973,9894779
372,9895026
57,9895052
122,9895206
199,9895326
479,9895435
964,9895950
965,9895951
178,9895976
688,9896944
479,9897038
382,9897494
383,9897495
1103,9897752
87,9897922
208,9897962
209,9897963
269,9898012
967,9898282
994,9898425
692,9898599
175,9898726
199,9898977
200,9898978
201,9898979
722,9899550
122,9899721
255,9899740
57,9899771
169,9899933
170,9899934
386,9900300
455,9900613
456,9900614
692,9900630
722,9900699
191,9901383
975,9901411
976,9901412
977,9901413
1100,9901533
111,9901583
197,9901709
568,9901861
569,9901862
338,9901959
111,9901967
604,9902484
1047,9902606
479,9902668
480,9902669
342,9902738
722,9903069
400,9903132
209,9903395
403,9903657
980,9903740
1108,9903958
1047,9904147
370,9904443
944,9904501
370,9904662
274,9904723
275,9904724
478,9904793
528,9904887
62,9904987
411,9904987
63,9904988
866,9905199
867,9905200
954,9905264
955,9905265
956,9905266
196,9905373
197,9905374
1081,9905495
1041,9906659
944,9906792
474,9907016
830,9907358
544,9907467
56,9907587
125,9907725
194,9907852
722,9908154
201,9908296
993,9908648
194,9908793
874,9908816
87,9909156
111,9909182
539,9909444
589,9909550
590,9909551
368,9909552
369,9909553
1134,9909556
828,9909654
829,9909655
830,9909656
542,9909782
197,9909818
1106,9909940
1107,9909941
394,9910041
395,9910042
270,9910043
692,9910093
480,9910113
444,9910283
56,9910327
539,9910584
638,9910587
111,9910618
87,9910650
194,9910735
199,9910806
200,9910807
201,9910808
194,9910921
690,9911032
30,9911182
722,9911227
692,9911249
952,9911255
1081,9911268
193,9911269
865,9911715
866,9911716
867,9911717
1072,9911743
520,9911768
944,9911788
178,9911871
698,9911872
699,9911873
1106,9912218
1107,9912219
1108,9912220
370,9912492
604,9913114
1131,9913475
361,9913582
61,9913726
722,9914197
692,9914246
1100,9914752
699,9914771
419,9914928
917,9914950
688,9914952
965,9915053
638,9915137
25,9915153
26,9915154
419,9915187
230,9915188
231,9915189
622,9915393
195,9916284
196,9916285
63,9916643
447,9916835
448,9916836
1134,9916902
952,9917022
697,9917026
698,9917027
964,9917075
690,9917078
692,9917080
542,9917227
521,9917228
478,9917229
361,9917232
445,9917597
847,9917624
698,9917709
996,9917731
953,9917750
170,9917869
834,9917923
1103,9917950
175,9917954
198,9918063
141,9918286
447,9918758
688,9918920
690,9919122
638,9919250
403,9919270
87,9919537
26,9919960
447,9920106
571,9920364
943,9920557
88,9921176
89,9921177
401,9921354
447,9921385
197,9921479
122,9921520
88,9921529
89,9921530
90,9921531
1134,9921708
830,9921942
232,9922291
169,9922339
25,9922721
722,9922883
254,9922934
1081,9922993
153,9923328
274,9923362
830,9923371
479,9923433
590,9923626
177,9923794
178,9923795
1090,9924314
1134,9924378
965,9924637
870,9924700
209,9925125
969,9925467
1050,9925474
191,9925568
192,9925569
370,9925599
372,9926072
224,9926104
197,9926271
673,9926370
522,9926634
604,9926641
434,9926735
673,9926779
1134,9926938
169,9927229
61,9927282
829,9927318
444,9927460
368,9927510
369,9927511
952,9928431
707,9928876
204,9928964
567,9929320
209,9929860
371,9930008
372,9930009
61,9930082
325,9930096
674,9930315
324,9930410
1131,9930577
171,9930916
231,9931501
122,9931550
539,9931875
57,9931958
58,9931959
275,9932354
707,9932424
194,9932648
194,9932750
275,9933470
622,9933637
753,9933759
1073,9934027
693,9934123
1072,9934185
274,9934412
753,9934440
1072,9934876
1073,9934877
361,9935154
192,9935291
193,9935292
86,9935380
489,9936389
828,9936448
829,9936449
830,9936450
177,9936500
175,9936691
829,9936784
110,9936939
87,9937032
270,9937156
26,9937279
194,9937367
690,9937436
967,9937753
956,9937790
952,9938664
905,9938665
192,9938785
193,9938786
61,9939069
62,9939070
411,9939070
447,9939086
542,9939471
570,9939493
399,9939651
1047,9940203
1048,9940204
693,9940354
361,9940356
177,9940365
676,9940491
110,9940602
111,9940603
289,9940851
61,9940887
62,9940888
411,9940888
570,9940937
396,9940990
1089,9940990
394,9941023
395,9941024
368,9941414
1073,9941665
196,9941920
197,9941921
86,9941995
828,9942050
269,9942366
370,9942397
361,9942758
692,9942968
781,9943076
905,9943117
996,9943204
870,9943395
865,9943479
62,9943846
411,9943846
449,9944038
1047,9944123
192,9944543
541,9944753
866,9945060
722,9945236
996,9945382
526,9945431
944,9945537
690,9945648
342,9945679
576,9945747
1018,9945776
192,9945847
89,9945988
90,9945989
372,9946068
996,9946083
953,9946129
168,9946624
994,9946716
864,9946925
541,9947100
542,9947101
521,9947102
847,9947164
175,9947217
176,9947218
270,9947665
818,9947736
445,9947750
953,9947912
542,9948090
878,9948248
539,9948302
152,9948338
1113,9948342
965,9948367
524,9948395
400,9948567
568,9948647
479,9948733
865,9948832
539,9949166
370,9949204
361,9949265
1047,9949468
192,9949492
193,9949493
944,9949503
855,9949809
370,9950215
1047,9950333
1048,9950334
474,9950668
1082,9950912
943,9950930
192,9950940
177,9951068
383,9951191
444,9951296
445,9951297
954,9951536
479,9951653
125,9951658
1090,9951969
445,9952146
25,9952169
178,9952425
604,9952511
542,9952678
571,9952681
559,9952725
275,9953314
192,9953596
867,9953756
1090,9954324
1107,9954396
973,9954485
141,9954629
370,9954638
177,9955600
191,9955979
692,9955983
374,9956246
1106,9956292
1107,9956293
168,9956481
169,9956482
1047,9956527
1104,9956984
169,9957082
170,9957083
1018,9957305
1041,9957352
325,9957664
955,9957782
1047,9957987
955,9958218
382,9958575
688,9958781
170,9959251
1134,9959263
864,9959480
956,9959733
559,9959802
178,9960028
1081,9960037
90,9960129
111,9960206
254,9960697
255,9960698
191,9961199
706,9961286
707,9961287
56,9961305
190,9961308
191,9961309
192,9961310
865,9961479
865,9961636
444,9962049
370,9962547
952,9962711
168,9962748
396,9962914
1089,9962914
638,9963115
196,9963142
197,9963143
254,9963523
56,9963651
194,9963694
704,9964037
201,9964848
170,9964854
382,9965035
994,9965208
270,9965487
141,9966754
1104,9967008
372,9967036
412,9967720
973,9967900
275,9967922
904,9968034
1097,9968230
722,9968538
1072,9968601
956,9968828
667,9969100
479,9969170
622,9969290
382,9970166
383,9970167
1047,9970425
1048,9970426
559,9970703
828,9970979
1134,9971234
169,9971359
270,9971778
830,9971794
197,9971976
830,9972000
403,9972104
692,9972116
521,9972166
478,9972167
818,9972549
448,9972627
111,9972666
1097,9973038
230,9973039
231,9973040
1081,9973132
542,9973332
274,9973431
568,9973933
569,9973934
444,9974889
372,9975145
692,9975187
274,9975399
690,9975565
692,9975567
693,9975568
361,9975570
847,9975687
208,9975746
209,9975747
89,9975838
61,9976176
62,9976177
411,9976177
56,9976244
1072,9976286
541,9976342
270,9976615
980,9977097
421,9977099
941,9977128
288,9977247
197,9977280
526,9977318
386,9977671
1108,9977932
450,9978247
1048,9978415
270,9978723
474,9978824
965,9978838
1107,9979360
830,9979507
638,9979781
274,9980168
604,9980192
1041,9980196
201,9980298
758,9980311
1041,9980331
260,9980464
444,9980497
445,9980498
541,9980528
342,9980814
288,9981081
412,9981291
588,9981318
197,9981502
158,9981770
447,9981851
419,9981874
420,9981875
421,9981876
1107,9981925
1104,9982094
373,9982252
176,9982518
919,9982755
955,9983074
25,9983155
445,9983173
197,9983261
941,9983465
260,9983586
58,9983640
171,9983648
158,9984216
1104,9984363
444,9984408
967,9984510
1097,9984512
230,9984513
231,9984514
690,9984705
830,9984766
289,9984795
1072,9984999
171,9985025
447,9985137
58,9985308
690,9985328
904,9985523
864,9986062
220,9986544
566,9986631
567,9986632
576,9986711
231,9986936
544,9987149
1134,9987449
141,9987652
904,9987717
518,9987765
111,9987840
1081,9988254
193,9988255
386,9988676
1072,9989029
177,9989141
828,9989158
829,9989159
191,9989391
170,9989463
275,9989548
1041,9989762
197,9989978
399,9990068
88,9990139
736,9990438
737,9990439
499,9990559
479,9990688
175,9990695
444,9990803
445,9991156
542,9991231
521,9991232
781,9991294
168,9991342
445,9991773
386,9991832
1106,9992073
1134,9992106
232,9992324
111,9992470
818,9992709
270,9992740
111,9992808
559,9992903
539,9992954
638,9992957
994,9993147
653,9993209
401,9993238
286,9993532
447,9993569
944,9993967
975,9994008
348,9994082
697,9994282
944,9994324
780,9994553
874,9994734
1134,9994945
444,9995438
194,9995640
965,9996027
1103,9996165
169,9996285
878,9996462
111,9996859
829,9997244
201,9997397
953,9997574
690,9997929
954,9997939
955,9997940
478,9998023
479,9998024
692,9998067
539,9998269
994,9998503
622,9998794
25,9998951
26,9998952
386,9998974
81,9999152
193,9999173
698,9999185
286,9999199
87,9999215
447,9999216
541,9999312
542,9999313
521,9999314
478,9999315
479,9999316
373,9999475
374,9999476
955,9999556
864,9999868
1106,10000035
955,10000044
956,10000045
957,10000046
1012,10000232
973,10000554
447,10000735
1047,10000963
1131,10001199
81,10001232
1108,10001280
1109,10001281
361,10001438
199,10001450
690,10001604
399,10001761
829,10001877
994,10002278
541,10002467
56,10002552
1041,10002585
737,10002647
567,10002925
568,10002926
63,10002987
690,10003001
692,10003003
1072,10003138
541,10003185
542,10003186
941,10003276
942,10003277
828,10003505
829,10003506
520,10003729
177,10004042
178,10004043
698,10004044
192,10004192
543,10004306
544,10004307
830,10004336
953,10004507
175,10004526
209,10004940
58,10004981
153,10005519
996,10005614
917,10005680
917,10005681
917,10005682
917,10005780
953,10005816
177,10005940
178,10005941
976,10006321
977,10006322
517,10006578
955,10007110
956,10007111
829,10007172
688,10007286
1090,10007469
942,10007625
270,10007787
943,10007890
944,10007891
566,10008027
567,10008028
475,10008073
564,10008244
220,10008411
697,10008418
444,10008659
1041,10008682
169,10008816
122,10008898
995,10009333
479,10009781
480,10009782
444,10010024
141,10010834
818,10010855
445,10011140
711,10011220
394,10011524
175,10011581
489,10011986
964,10012216
867,10012233
818,10012386
722,10012466
361,10012650
690,10012791
456,10012802
955,10012819
524,10012917
89,10013024
168,10013197
444,10013245
523,10013278
1114,10013467
1115,10013468
274,10013915
209,10014166
348,10014478
697,10014705
56,10014907
57,10014908
58,10014909
918,10014976
697,10015203
1041,10015241
1104,10015505
1106,10015507
1107,10015508
274,10015721
275,10015722
87,10015788
447,10015789
382,10015825
383,10015826
141,10016300
342,10016322
941,10016747
942,10016748
277,10016808
539,10017058
541,10017060
539,10017136
447,10017224
500,10017369
348,10017376
953,10017602
604,10017630
444,10017720
1095,10017882
904,10018044
905,10018045
1098,10018129
667,10018497
1104,10018741
1106,10018743
966,10018781
967,10018782
97,10018880
169,10018976
122,10018986
1134,10019103
698,10019147
698,10019252
178,10019323
1104,10019402
942,10019530
980,10019551
1104,10019569
445,10019658
1081,10019872
170,10019895
423,10020139
63,10020407
64,10020408
781,10020416
57,10020420
835,10020492
737,10020519
865,10020551
1131,10020669
874,10020832
1098,10020889
952,10021161
419,10021257
87,10021277
1047,10021307
270,10021346
141,10021378
447,10021559
866,10021716
867,10021717
1047,10021818
479,10021903
722,10021969
1095,10022065
698,10022107
444,10022137
382,10022391
955,10022424
288,10022484
25,10022566
835,10022772
111,10022972
191,10023189
122,10023444
447,10023833
122,10023972
208,10024507
209,10024508
274,10024524
542,10024650
638,10024651
690,10025086
692,10025088
693,10025089
692,10025139
905,10025183
953,10025225
194,10025244
192,10025433
517,10025485
88,10025568
89,10025569
90,10025570
698,10025692
520,10025698
955,10025832
122,10025844
348,10025969
722,10026450
444,10026476
445,10026477
1047,10026489
980,10026594
524,10026830
61,10027226
62,10027227
411,10027227
568,10027415
569,10027416
63,10028201
343,10028473
191,10028513
1047,10028618
758,10028864
1072,10029035
447,10029055
804,10029345
479,10029603
692,10029706
57,10029717
500,10030105
975,10030135
976,10030136
977,10030137
667,10030840
342,10030871
692,10031173
396,10031252
1089,10031252
1090,10031253
445,10031437
864,10031504
722,10031545
1090,10031575
539,10032127
400,10032130
996,10032326
274,10032434
275,10032435
447,10032451
571,10032509
572,10032510
90,10032550
690,10032893
967,10033020
336,10033042
1072,10033348
589,10033664
171,10033733
956,10033815
957,10033816
944,10033855
973,10033916
973,10034045
192,10034258
197,10034436
447,10034547
274,10034734
59,10035166
60,10035167
61,10035168
62,10035169
411,10035169
965,10035238
558,10035323
559,10035324
1047,10035355
940,10035458
1073,10035821
154,10035856
155,10035857
864,10035953
965,10036006
374,10036326
605,10036373
526,10036553
198,10036732
61,10036893
62,10036894
411,10036894
828,10036901
829,10036902
830,10036903
570,10036978
87,10037043
692,10037123
209,10037347
866,10037587
111,10037692
830,10037817
942,10037951
690,10037953
651,10038062
829,10038116
941,10038127
692,10038148
693,10038149
828,10038323
829,10038324
1072,10038546
1072,10038690
517,10038722
518,10038723
403,10038887
847,10038977
382,10039021
383,10039022
194,10039421
1015,10039718
1073,10039744
1072,10039998
1115,10040000
1072,10040127
1073,10040128
1104,10040494
175,10040563
713,10040656
714,10040657
1041,10040759
638,10040898
1095,10041058
254,10041090
1113,10041254
692,10041406
1131,10041410
558,10041617
1131,10041944
169,10042125
967,10042252
1131,10042441
956,10042512
361,10042810
1106,10042853
220,10043053
368,10043161
369,10043162
269,10043199
270,10043200
559,10043231
722,10043366
56,10043667
941,10043711
942,10043712
445,10043792
567,10043836
1047,10043942
810,10043966
953,10043985
479,10044043
847,10044134
1097,10044174
1098,10044175
254,10044527
255,10044528
528,10044629
690,10044967
175,10045206
122,10045305
56,10045644
89,10045654
90,10045655
659,10046066
62,10046312
411,10046312
63,10046313
541,10046529
669,10046587
170,10046679
177,10046782
57,10046970
336,10047095
1072,10047123
1073,10047124
26,10047301
87,10047389
275,10047422
288,10047590
231,10047607
655,10047868
781,10048186
870,10048621
870,10048780
269,10049152
758,10049164
1072,10049257
604,10049500
122,10049627
828,10049948
829,10049955
473,10050069
1072,10050198
736,10050322
737,10050323
61,10050430
62,10050431
411,10050431
737,10050494
455,10050551
456,10050552
400,10050829
660,10051037
208,10051098
209,10051099
110,10051249
904,10051328
434,10051511
370,10051514
572,10052003
169,10052025
170,10052026
1074,10052390
1075,10052391
447,10052618
711,10052654
399,10053271
400,10053272
401,10053273
382,10053827
57,10054053
1047,10054060
444,10054204
59,10054571
952,10054572
905,10054573
722,10054582
953,10054868
198,10055130
866,10055171
944,10055349
1106,10055992
1107,10055993
1108,10055994
56,10056119
171,10056239
175,10056512
254,10056633
255,10056634
141,10056668
334,10056782
567,10056822
196,10056851
361,10056995
196,10057368
197,10057369
965,10057447
789,10057661
560,10057795
667,10057859
170,10058396
1047,10058576
955,10058614
944,10058850
737,10058996
604,10059364
952,10059390
955,10059517
122,10059631
996,10059707
175,10059855
688,10059914
993,10059966
96,10059979
202,10060074
201,10060106
177,10061162
829,10061363
952,10061506
830,10061699
667,10061795
651,10061800
652,10061801
175,10061819
539,10062008
980,10062119
870,10062153
953,10062181
905,10062208
994,10062216
690,10062572
865,10062882
86,10062888
818,10063048
141,10063253
382,10063725
269,10063802
270,10063803
169,10064314
170,10064315
383,10064605
964,10065070
965,10065071
1104,10065073
122,10065151
197,10065509
199,10065655
847,10065738
167,10065814
168,10065815
1104,10065900
444,10066112
1134,10066175
25,10066179
697,10066216
348,10066247
57,10066827
58,10066828
652,10066896
576,10066959
444,10066983
874,10067091
955,10067257
572,10067553
528,10067898
325,10068017
1134,10068409
904,10068465
1036,10068633
967,10068634
828,10068645
829,10068646
693,10068694
62,10069068
411,10069068
63,10069069
197,10069343
289,10069408
170,10069634
169,10069649
558,10069826
169,10069910
170,10069911
541,10069933
969,10069936
111,10070103
447,10070280
448,10070281
194,10070433
916,10070446
917,10070447
419,10070535
154,10070638
56,10070789
528,10070794
191,10070918
870,10071313
111,10071586
169,10071767
753,10071894
254,10071956
953,10072032
830,10072035
904,10072181
419,10072183
1134,10072216
401,10072281
539,10072604
690,10072684
878,10072695
692,10072831
693,10072832
169,10072862
334,10072901
335,10072902
1114,10072909
197,10073259
541,10073444
334,10073490
382,10073492
967,10073494
201,10073604
196,10073641
197,10073642
651,10073645
835,10073849
286,10073856
1115,10074082
847,10074137
176,10074348
434,10074479
904,10074588
541,10074744
697,10074799
829,10075573
61,10075879
993,10076004
177,10076120
178,10076121
830,10076162
737,10076187
541,10076277
542,10076278
722,10076405
171,10076486
1081,10076579
196,10076752
62,10077457
411,10077457
63,10077458
274,10077547
96,10077587
220,10077796
370,10077798
169,10078786
693,10079141
818,10079326
571,10079459
572,10079460
904,10079503
61,10079558
62,10079559
411,10079559
445,10079731
954,10080038
996,10080044
275,10080069
1047,10080109
88,10080171
89,10080172
90,10080173
622,10080469
138,10080519
208,10080624
1050,10080632
400,10081013
401,10081014
403,10081016
92,10081093
195,10081342
604,10081523
1047,10081535
1048,10081536
698,10081587
1047,10081709
368,10081751
369,10081752
209,10081783
275,10081827
1050,10081943
981,10081977
479,10081992
480,10081993
604,10082169
194,10082259
447,10082372
1107,10082402
520,10082546
638,10082547
847,10082550
690,10083073
904,10083186
489,10083306
702,10083518
1041,10083624
528,10083700
566,10083866
567,10083867
57,10083931
383,10084006
917,10084093
447,10084130
448,10084131
944,10084168
1047,10084619
590,10084692
368,10084693
87,10085516
518,10085572
169,10085744
828,10086577
829,10086578
62,10086699
411,10086699
422,10086813
341,10086863
994,10086958
995,10086959
996,10086960
56,10087274
1047,10087316
1048,10087317
572,10087495
62,10087514
411,10087514
92,10087576
269,10087728
829,10088118
260,10088185
688,10088187
122,10088542
954,10088583
955,10088584
111,10089253
177,10089312
660,10089432
568,10089478
371,10089625
967,10089626
1047,10089870
878,10089899
941,10089939
942,10089940
690,10089942
996,10090011
177,10090017
865,10090159
568,10090291
569,10090292
25,10090312
956,10090400
171,10090530
111,10090604
560,10090712
1134,10090797
419,10090822
829,10090895
830,10091057
541,10091290
421,10091423
737,10091542
403,10091883
361,10092146
965,10092257
447,10092260
444,10092844
445,10092845
993,10092881
523,10093056
192,10093244
1082,10093245
170,10093275
372,10093326
169,10093636
944,10093922
122,10094155
660,10094256
754,10094324
524,10094494
288,10094897
941,10095155
942,10095156
56,10095250
445,10095301
168,10095330
604,10095469
177,10095557
1073,10095581
348,10095681
541,10095726
944,10095782
447,10096189
176,10096387
57,10096399
1047,10096469
270,10096727
254,10096924
542,10096951
1107,10097109
62,10097243
411,10097243
202,10097365
373,10097456
374,10097457
1113,10097687
566,10097741
567,10097742
445,10097843
81,10098126
698,10098140
382,10098216
383,10098217
63,10098271
528,10098364
818,10098472
973,10098686
169,10098735
87,10098868
542,10098978
169,10099020
754,10099280
755,10099281
25,10099451
865,10099678
965,10100096
1134,10100217
1106,10100692
288,10100707
445,10100970
942,10101523
956,10101680
829,10101791
274,10102088
197,10102301
92,10102304
110,10102395
371,10102397
967,10102398
87,10102421
622,10102519
526,10102646
175,10102767
447,10102833
325,10102984
386,10103042
576,10103103
1050,10103122
918,10103306
994,10103558
539,10103745
122,10103888
96,10103934
386,10104052
90,10104287
286,10104463
818,10104551
361,10104597
630,10104638
269,10104756
399,10105276
400,10105277
197,10105456
25,10105653
394,10106865
395,10106866
274,10106908
444,10106998
445,10106999
57,10107160
386,10107530
693,10107556
1131,10107589
399,10108248
400,10108249
401,10108250
692,10108296
25,10108331
26,10108332
722,10108366
288,10108434
828,10108604
141,10109403
62,10109561
411,10109561
781,10109808
261,10109980
447,10110522
1047,10110538
828,10110766
829,10110767
96,10110772
975,10110862
89,10110873
90,10110874
274,10110967
527,10110992
630,10111169
830,10111185
956,10111192
855,10111518
818,10111543
941,10111802
942,10111803
204,10111835
847,10111976
92,10112090
542,10112139
539,10112258
1115,10112288
122,10112342
526,10112380
964,10112813
965,10112814
56,10112825
528,10112841
419,10112899
973,10113145
324,10113339
158,10113523
63,10113556
1134,10113607
423,10113674
976,10113702
977,10113703
953,10114018
1047,10114287
829,10114331
154,10114370
155,10114371
541,10114398
518,10114644
231,10114743
652,10114985
541,10115095
604,10115190
541,10115247
175,10115468
530,10115582
1072,10115722
995,10115751
996,10115752
560,10115772
980,10116098
1134,10116159
652,10116207
830,10116436
178,10116782
667,10116994
194,10117584
195,10117585
196,10117586
197,10117587
710,10118075
623,10118279
758,10118485
260,10118590
688,10118592
559,10118681
994,10118693
25,10118715
87,10118869
220,10118941
623,10119006
560,10119014
260,10119595
688,10119597
559,10119686
994,10119698
25,10119720
87,10119874
220,10119946
623,10120011
560,10120019
260,10120600
688,10120602
559,10120691
994,10120703
25,10120725
176,10120934
688,10121103
588,10121153
589,10121154
688,10121250
324,10121428
325,10121429
270,10121623
202,10121725
965,10121911
698,10122030
168,10122180
88,10122211
89,10122212
571,10122260
361,10122266
690,10122415
722,10123102
996,10123133
564,10123277
202,10123366
368,10123405
369,10123406
866,10123492
867,10123493
1041,10123533
977,10123729
956,10123768
957,10123769
382,10123925
835,10123975
973,10124129
195,10124215
338,10124466
904,10124472
866,10124597
867,10124598
868,10124599
818,10124764
201,10125084
254,10125130
1041,10125165
818,10125248
419,10125401
230,10125402
967,10125469
383,10125589
374,10125612
382,10125667
622,10125690
518,10125727
81,10125825
1097,10126060
420,10126061
690,10126147
444,10126720
444,10126729
286,10126956
830,10127788
688,10128238
368,10128249
369,10128250
964,10128433
1097,10128494
542,10128620
638,10128621
996,10128700
1072,10129194
158,10129215
828,10129371
994,10129381
692,10129554
1121,10130122
25,10130199
26,10130200
141,10130339
479,10130349
941,10130468
255,10130571
722,10130632
722,10130917
91,10130955
92,10130956
1073,10131268
1072,10131723
1072,10132007
1098,10132369
622,10132455
623,10132456
56,10132605
973,10132846
917,10132936
523,10132968
980,10133292
1099,10133294
445,10133383
1047,10133601
370,10133622
56,10133755
89,10133811
90,10133812
542,10134030
521,10134031
111,10134168
722,10134248
981,10134317
688,10134377
571,10134467
572,10134468
954,10134512
955,10134513
1036,10134721
967,10134722
571,10135088
169,10135246
690,10135313
178,10135388
698,10135389
699,10135390
944,10135982
952,10136030
199,10136443
474,10136828
517,10136834
754,10137064
542,10137346
638,10137347
191,10137394
194,10137526
1113,10137583
559,10137634
220,10137892
370,10137972
697,10138244
698,10138245
699,10138246
370,10138266
528,10138626
917,10138689
917,10138690
917,10138691
917,10138692
122,10138714
829,10138836
382,10139062
1104,10139064
111,10139070
202,10139200
941,10139301
1041,10139770
199,10139808
200,10139809
1115,10140015
530,10140270
260,10140331
26,10140373
622,10140444
965,10140534
528,10140556
865,10140613
517,10140730
916,10140917
56,10141394
993,10141397
994,10141398
197,10141421
994,10141641
818,10141805
819,10141806
673,10142026
274,10142320
275,10142321
688,10142489
270,10142615
444,10142686
270,10143107
194,10143190
194,10143392
195,10143393
399,10143414
274,10143423
604,10143545
966,10143626
967,10143627
688,10143655
177,10144076
570,10144323
690,10144368
191,10144685
722,10144691
274,10144723
275,10144724
1134,10144830
676,10144920
967,10145092
274,10145240
419,10145430
288,10145452
829,10145535
830,10145536
818,10145587
194,10145762
195,10145763
569,10145809
864,10145961
818,10146053
1041,10146176
967,10147052
1097,10147054
1098,10147055
1012,10147206
688,10147410
122,10147580
558,10147630
559,10147631
804,10147725
526,10148048
1099,10148299
818,10148331
125,10148414
274,10148454
275,10149841
804,10150186
917,10150219
171,10150352
382,10150388
1104,10150390
1106,10150392
1107,10150393
539,10150546
447,10150592
939,10150629
940,10150630
1134,10150662
479,10150742
192,10150861
542,10150960
61,10151136
122,10151277
334,10151452
335,10151453
542,10151576
622,10151643
61,10151685
62,10151686
411,10151686
944,10151896
541,10152108
542,10152109
952,10152551
1106,10152729
1107,10152730
1108,10152731
830,10153117
559,10153188
560,10153189
60,10153254
153,10153273
973,10153477
541,10153601
1097,10153604
692,10153714
1047,10153971
956,10154477
541,10154935
169,10155299
399,10155381
1008,10155390
1009,10155391
56,10155461
1041,10155515
539,10155746
26,10155935
191,10155951
1100,10155956
1101,10155957
737,10156234
370,10156324
419,10156521
571,10156606
382,10156616
541,10156886
57,10157168
1131,10157540
196,10157591
944,10157732
722,10157785
1104,10157930
566,10158211
567,10158212
568,10158213
630,10158465
261,10158648
57,10159061
758,10159083
804,10159104
702,10159805
955,10159859
660,10159885
964,10160011
690,10160083
1008,10160228
1009,10160229
1099,10160318
58,10160431
1072,10160846
651,10161137
1073,10161394
25,10161411
370,10161426
812,10161548
813,10161549
275,10161817
1001,10162179
904,10162215
789,10162573
1072,10162586
1073,10162587
829,10162687
1106,10162748
1107,10162749
421,10163419
904,10163561
1047,10163582
420,10163987
1101,10164169
1073,10164223
967,10165062
261,10165187
1114,10165424
1115,10165425
56,10166046
829,10166176
830,10166456
1041,10166776
444,10167290
965,10167620
62,10167647
411,10167647
201,10167673
1090,10167828
88,10167926
89,10167927
1109,10168168
917,10168530
917,10168531
918,10168532
368,10169142
542,10169234
622,10169482
175,10169639
125,10170205
1115,10170284
1131,10170448
818,10170898
444,10171049
61,10171362
604,10171502
61,10171582
944,10171619
111,10171643
478,10171710
479,10171711
275,10172108
57,10172587
58,10172588
324,10172701
943,10173114
829,10173165
828,10173311
169,10173389
917,10173476
917,10173477
917,10173478
622,10173533
348,10173570
111,10173621
1134,10173623
1098,10173765
818,10173775
737,10174024
804,10174288
199,10174301
177,10174482
692,10174634
201,10174764
87,10174858
688,10175006
79,10175030
1047,10175104
368,10175154
369,10175155
944,10175599
1047,10175740
81,10175795
197,10175810
191,10175823
194,10176067
61,10176137
62,10176138
411,10176138
1098,10176151
445,10176296
917,10176559
917,10176560
688,10176562
171,10176917
274,10176956
478,10176993
688,10177014
122,10177069
964,10177166
1106,10177221
1107,10177222
994,10177397
1041,10177634
638,10177862
521,10178160
125,10178638
722,10179100
517,10179233
865,10179260
334,10179457
270,10179689
994,10179820
444,10180004
688,10180024
518,10180253
558,10180553
818,10180580
87,10180667
88,10180668
87,10180748
88,10180749
558,10180810
559,10180811
170,10180835
941,10180899
604,10181057
191,10181277
996,10181519
403,10181628
904,10181663
905,10181664
542,10181796
525,10182110
526,10182111
261,10182369
262,10182370
195,10182441
196,10182442
197,10182443
176,10182703
977,10182806
943,10182987
944,10182988
692,10183139
197,10183572
864,10183793
61,10183800
79,10183803
866,10184210
334,10184235
539,10184305
500,10184466
1131,10184633
86,10184798
558,10184893
559,10184894
967,10184985
1104,10185100
386,10185138
169,10185458
199,10185528
200,10185529
386,10185570
690,10185803
980,10185939
1072,10185974
690,10186490
517,10186939
1001,10187001
44,10187051
590,10187129
368,10187130
369,10187131
370,10187132
564,10187240
818,10187440
904,10187791
953,10187792
940,10187937
382,10188111
383,10188112
1072,10188317
1073,10188318
711,10188443
88,10188458
89,10188459
370,10188553
828,10188930
829,10188931
209,10188950
325,10189035
541,10189425
528,10189528
693,10189859
111,10189864
966,10190057
967,10190058
1134,10190257
1098,10190430
177,10190524
57,10190584
122,10190623
942,10190897
369,10191002
966,10191134
956,10191241
944,10191472
231,10191552
849,10191789
394,10191855
395,10191856
1107,10191924
498,10192031
499,10192032
62,10192143
411,10192143
1090,10192188
737,10192213
818,10192261
781,10192476
955,10192479
419,10192527
57,10192615
169,10192663
170,10192664
171,10192665
61,10192798
62,10192799
411,10192799
255,10192814
572,10193130
622,10193713
967,10193728
722,10193732
994,10193745
995,10193746
996,10193747
399,10193789
829,10193803
419,10193844
1098,10193845
400,10193877
994,10194639
692,10194808
847,10195141
403,10195182
828,10195366
829,10195367
818,10195421
87,10195468
532,10195534
523,10195937
169,10196042
1100,10196201
690,10196263
955,10196393
169,10196584
170,10196585
976,10196748
977,10196749
122,10196815
722,10197059
192,10197250
193,10197251
196,10197316
559,10197440
973,10197522
361,10197878
847,10197966
1050,10198258
1134,10198391
348,10198732
194,10198791
325,10199067
956,10199198
980,10199511
697,10199597
704,10199995
690,10200326
421,10200352
422,10200353
423,10200354
270,10200449
653,10200537
111,10200587
690,10200750
277,10200878
1098,10201121
274,10201174
998,10201192
324,10201193
980,10201259
981,10201260
1047,10201330
722,10201439
688,10201501
254,10202533
255,10202534
270,10202591
270,10202907
25,10202959
386,10203284
980,10203300
274,10203325
1106,10203538
122,10204322
867,10204458
275,10204650
1106,10204708
274,10204846
275,10204847
202,10204899
517,10204937
518,10204938
697,10205152
667,10205172
368,10205463
1106,10205487
1107,10205488
622,10205526
862,10205926
863,10205927
588,10205992
122,10206214
847,10206353
668,10206369
993,10206617
336,10206693
89,10206806
197,10206983
169,10207243
170,10207244
758,10207472
445,10208120
201,10208343
1131,10208350
828,10208503
829,10208504
622,10208820
623,10208821
61,10209078
87,10209115
847,10209751
722,10210107
722,10210141
690,10210257
865,10210317
394,10210347
866,10210653
192,10210810
138,10210884
191,10210943
1108,10211170
956,10211183
201,10211287
866,10211307
867,10211308
26,10211356
275,10211440
122,10211517
194,10211639
195,10211640
196,10211641
1090,10211669
1097,10211980
230,10211981
334,10212012
110,10212289
637,10212335
847,10212406
62,10212511
411,10212511
623,10212758
623,10212822
275,10212907
61,10213004
62,10213005
411,10213005
197,10213027
447,10213053
818,10213099
62,10213414
411,10213414
198,10213517
571,10213644
523,10214168
1106,10214449
479,10214491
288,10214533
274,10214789
1113,10214836
781,10214880
570,10215047
571,10215048
942,10215169
865,10215253
866,10215254
867,10215255
693,10215426
967,10215846
178,10215965
1134,10215979
673,10216274
781,10216427
111,10216447
830,10216461
541,10216642
141,10216688
523,10216857
524,10216858
1073,10216978
866,10217164
867,10217165
141,10217393
518,10217683
905,10217695
754,10217712
517,10217767
478,10217946
529,10218191
942,10218639
690,10218641
622,10218743
952,10218857
275,10218910
386,10219022
169,10219060
170,10219061
604,10219132
62,10219356
411,10219356
167,10219377
168,10219378
539,10219443
288,10219471
1048,10219700
220,10220391
951,10220410
830,10220418
566,10220433
541,10220437
722,10220556
704,10220582
705,10220583
828,10220778
829,10220779
722,10220950
200,10220986
201,10220987
194,10221504
195,10221505
199,10221538
200,10221539
176,10221721
61,10221728
62,10221729
411,10221729
97,10222319
1047,10222479
63,10222537
447,10222620
994,10222698
688,10222702
590,10222772
368,10222773
660,10222938
698,10222984
169,10223269
170,10223270
334,10223449
444,10223664
445,10223665
1081,10224027
688,10224290
722,10224335
195,10224507
58,10224717
57,10225193
58,10225194
59,10225195
952,10225196
169,10225269
382,10225386
383,10225387
169,10225626
169,10225786
412,10226000
973,10226048
559,10226123
622,10226172
623,10226173
192,10226186
651,10226199
652,10226200
714,10226255
715,10226256
716,10226257
717,10226258
804,10226342
590,10226352
368,10226353
818,10226359
956,10226482
957,10226483
996,10226516
997,10226517
1041,10226555
1047,10226560
1107,10226612
1108,10226613
804,10226914
994,10226967
1114,10227532
558,10227715
255,10227827
1134,10227973
191,10228034
953,10228202
57,10228338
667,10228540
539,10228579
421,10228956
754,10228967
1134,10229511
973,10229533
942,10229694
479,10229884
178,10230060
698,10230061
478,10230192
479,10230193
711,10230466
952,10230468
517,10230546
520,10230616
1072,10230771
1073,10230772
539,10230989
539,10231010
57,10231039
829,10231058
421,10231615
196,10231649
445,10231758
539,10231796
399,10231799
400,10231800
737,10232140
447,10232426
448,10232427
169,10232499
61,10232607
209,10232627
1047,10232778
564,10232885
973,10233013
542,10233078
965,10233351
334,10233912
335,10233913
194,10233962
274,10234202
374,10234414
954,10234485
56,10234504
194,10234559
196,10234695
197,10234696
753,10234834
973,10234956
688,10235033
382,10235059
1104,10235061
570,10235350
86,10235693
567,10235983
568,10235984
447,10236293
790,10236349
1047,10236497
125,10236679
651,10236887
169,10236920
170,10236921
830,10236931
275,10236974
194,10237293
61,10237403
62,10237404
411,10237404
571,10237545
447,10237721
973,10237813
847,10237900
445,10238189
401,10238292
199,10238355
194,10238384
973,10238444
141,10238821
382,10238928
383,10238929
1041,10238942
386,10239035
342,10239095
1081,10239361
193,10239362
199,10239412
200,10239413
201,10239414
192,10239464
704,10239472
192,10239629
120,10239856
570,10239883
1047,10240178
698,10240181
169,10240285
170,10240286
604,10240558
965,10240677
864,10241216
444,10241242
194,10241252
955,10241287
692,10242049
26,10242153
1072,10242207
220,10242997
274,10243239
965,10243600
194,10243639
195,10243640
197,10243726
690,10243912
197,10244220
198,10244221
622,10244303
25,10244459
447,10244464
447,10244716
973,10245273
125,10245355
169,10245482
780,10245579
866,10246184
479,10246187
169,10246985
944,10247006
269,10247029
270,10247030
87,10247481
673,10247916
87,10248135
168,10248305
62,10248357
411,10248357
63,10248358
111,10248452
539,10248472
955,10248483
175,10248612
604,10249356
780,10249543
944,10249545
63,10249625
973,10249727
952,10249998
651,10250789
192,10250840
198,10250923
541,10251094
704,10251356
447,10251993
527,10252269
864,10252712
419,10252732
944,10252822
178,10252837
698,10252838
209,10252898
178,10253197
996,10253224
220,10253436
399,10253534
270,10253889
849,10253989
918,10254509
394,10254604
382,10254613
383,10254614
994,10254921
674,10255059
518,10255259
286,10255287
444,10255364
864,10255410
111,10255444
175,10255646
175,10255695
445,10256336
194,10256603
722,10256801
154,10256869
342,10257120
44,10257217
522,10257242
523,10257243
168,10257581
169,10257582
386,10257689
399,10257708
400,10257709
81,10257767
595,10257815
274,10258018
737,10258225
1106,10258790
558,10259101
88,10259164
89,10259165
194,10259288
993,10259528
828,10259541
198,10260103
847,10260584
444,10261004
61,10261245
62,10261246
411,10261246
722,10261437
541,10261922
374,10261925
736,10261997
1101,10262241
274,10262336
275,10262337
905,10262399
1134,10262462
829,10262490
199,10262505
1050,10263219
905,10263230
208,10263632
209,10263633
690,10264120
288,10264156
781,10264245
688,10264632
690,10264634
955,10264721
956,10264722
957,10264723
818,10264972
194,10265196
195,10265197
539,10265213
399,10265216
400,10265217
274,10265287
111,10265408
261,10265501
753,10265791
200,10266003
175,10266076
604,10266221
92,10266279
568,10266352
542,10266643
638,10266644
564,10266825
659,10266888
940,10266904
175,10267141
176,10267142
781,10267177
722,10267260
828,10267401
324,10267496
88,10267588
89,10267589
288,10267787
564,10268046
382,10268120
830,10268190
197,10268199
275,10268247
141,10268323
651,10268647
87,10269015
26,10269438
447,10269584
967,10269643
498,10270134
499,10270135
1095,10270243
63,10270314
382,10270442
209,10270504
722,10270817
286,10271178
570,10271198
1106,10271367
1050,10271457
965,10271615
566,10271798
567,10271799
955,10271895
176,10271968
542,10272012
386,10272357
370,10272478
973,10272580
942,10272593
178,10272962
830,10273017
558,10273107
110,10273118
651,10273979
711,10274395
87,10274494
576,10274947
638,10274961
788,10275411
789,10275412
1072,10275991
111,10276041
953,10276213
570,10276286
382,10276444
383,10276445
965,10276504
500,10276589
399,10276606
830,10277480
57,10277488
175,10277564
1107,10277690
96,10277910
447,10277935
1047,10277948
865,10277972
474,10278024
122,10278208
953,10278538
25,10278944
1121,10279441
829,10279515
447,10280155
1095,10280289
1097,10280291
1048,10280386
520,10280690
193,10280735
523,10281096
524,10281097
698,10281229
847,10281615
1106,10281630
445,10281639
192,10281805
199,10281930
523,10282080
638,10282104
528,10282145
419,10282307
230,10282308
965,10282537
168,10282686
169,10282687
194,10282827
111,10282851
994,10282925
57,10283159
58,10283160
944,10283297
904,10283440
829,10283585
479,10283690
518,10283964
830,10284414
541,10284513
201,10284613
275,10284633
423,10284659
673,10284667
270,10285234
710,10285296
447,10285366
169,10285672
455,10285971
479,10286111
445,10286135
1047,10286377
177,10286729
57,10287202
58,10287203
941,10287255
942,10287256
1081,10287532
651,10287538
673,10287723
445,10287845
1041,10288554
370,10288632
980,10288868
199,10289289
200,10289290
201,10289291
698,10289560
1041,10289696
324,10289752
394,10289785
395,10289786
1047,10289824
996,10289847
201,10290016
334,10290274
804,10290276
168,10290425
828,10290465
829,10290466
399,10290586
400,10290587
973,10290636
1131,10290649
175,10290664
62,10290701
411,10290701
1113,10290864
722,10291221
61,10291299
62,10291300
411,10291300
944,10291360
1106,10291539
270,10291566
169,10291718
953,10292226
270,10292325
539,10292383
521,10292386
478,10292387
528,10292543
1110,10292657
122,10292728
539,10292856
542,10293087
638,10293088
176,10293274
965,10293438
59,10293710
198,10294229
829,10294421
59,10294604
952,10294605
905,10294606
275,10294884
1050,10294979
1110,10295087
209,10295353
444,10295419
904,10295487
401,10295940
403,10295942
401,10296075
944,10296267
197,10296597
286,10296622
943,10296696
334,10297357
382,10297359
1104,10297361
944,10297564
56,10297869
57,10297870
58,10297871
59,10297872
604,10297998
198,10298190
660,10298216
702,10299043
419,10299246
62,10299509
411,10299509
518,10299566
829,10299727
1041,10299838
1134,10300015
324,10300114
489,10300147
56,10300655
57,10300656
523,10301523
169,10301773
478,10301812
56,10301932
208,10301982
1072,10302003
982,10302021
1050,10302064
170,10302259
542,10302279
638,10302280
942,10302491
690,10302493
96,10303133
97,10303134
957,10303161
1101,10303495
994,10303556
995,10303557
996,10303558
829,10303654
942,10303667
690,10304243
422,10304910
955,10304991
394,10305028
170,10305259
528,10305511
829,10305600
368,10305694
994,10305785
864,10305790
96,10305902
878,10305965
541,10305977
690,10306287
419,10306325
1098,10306326
64,10306329
372,10307100
87,10307421
688,10308199
192,10308248
520,10308267
954,10308382
878,10309119
967,10309204
63,10309486
952,10309501
194,10309598
818,10309647
673,10309724
953,10309829
26,10309886
370,10310412
371,10310413
372,10310414
373,10310415
374,10310416
754,10310475
168,10310478
169,10310479
169,10310497
197,10310583
1018,10310629
197,10310785
168,10311124
169,10311125
804,10311350
567,10311451
867,10311500
638,10311604
1047,10311745
96,10311758
168,10311873
955,10312027
956,10312028
969,10312491
539,10312754
522,10312767
523,10312768
25,10312804
444,10312903
288,10313226
964,10313320
171,10313370
955,10313526
676,10313757
953,10314150
444,10314414
447,10314421
97,10314593
956,10314745
61,10314777
710,10314789
96,10314994
1072,10315447
348,10315545
568,10315589
952,10315619
444,10315947
847,10316105
953,10316247
175,10316791
864,10316804
275,10317128
276,10317129
1009,10317135
111,10317151
953,10317235
171,10317517
25,10317796
26,10317797
177,10317870
722,10317936
980,10317975
904,10318042
61,10318054
520,10318084
673,10318795
25,10319020
542,10319030
521,10319031
660,10319089
692,10319460
168,10319467
386,10319609
445,10319655
942,10319801
348,10320022
370,10320136
703,10320500
704,10320501
270,10320742
942,10320760
690,10320762
570,10320798
361,10321071
995,10321092
996,10321093
361,10321191
1131,10321374
558,10321435
201,10321820
698,10322136
699,10322137
955,10322175
955,10322271
818,10322460
711,10322516
973,10322656
474,10323356
965,10323648
171,10323683
688,10323794
673,10323832
674,10323833
1134,10323904
520,10323929
209,10324052
690,10324108
111,10324287
194,10324490
122,10324939
965,10324944
61,10325105
62,10325106
411,10325106
1109,10325207
589,10325240
690,10325360
220,10325451
209,10325534
445,10325643
690,10325669
220,10325768
209,10325833
690,10325965
209,10326142
447,10326217
434,10326232
690,10326540
692,10326542
965,10326605
445,10327084
177,10327099
944,10327166
342,10327227
26,10327291
198,10327321
525,10327650
526,10327651
955,10327810
965,10328066
56,10328308
57,10328309
58,10328310
956,10328351
980,10328495
965,10328666
956,10329190
192,10329285
386,10329835
44,10329838
605,10329886
688,10330003
1047,10330059
383,10330108
973,10330555
688,10330624
994,10330810
965,10331021
688,10331074
419,10331270
420,10331271
421,10331272
870,10331676
994,10331827
870,10333053
828,10333092
1104,10333537
141,10333623
973,10334192
576,10334533
382,10334784
444,10335525
474,10335621
158,10336089
702,10336309
274,10336570
254,10336669
944,10336903
370,10337104
572,10337215
201,10337283
917,10337411
966,10337752
976,10337924
541,10338153
541,10338233
673,10339013
1059,10339125
576,10339152
325,10339171
447,10340291
196,10340311
197,10340312
651,10340519
541,10340588
61,10340699
288,10340794
403,10341136
940,10341184
474,10341240
274,10341452
122,10341688
659,10341720
994,10341923
530,10342004
952,10342282
692,10342285
956,10342611
623,10342647
944,10342661
195,10342894
122,10342916
904,10342997
209,10343541
953,10343802
141,10343986
829,10344013
370,10344095
543,10344173
544,10344174
521,10344285
559,10344327
325,10344753
698,10345086
341,10345095
444,10345108
445,10345109
1047,10345202
334,10345885
904,10346063
688,10346124
90,10346168
864,10346362
520,10346496
288,10346652
967,10346706
200,10346766
201,10346767
372,10346777
412,10346780
201,10346804
382,10347153
167,10347249
168,10347250
965,10347667
171,10347993
698,10348569
699,10348570
56,10348741
1100,10348817
1101,10348818
1018,10348894
539,10348991
399,10348994
755,10349215
88,10349283
89,10349284
199,10349342
866,10349489
976,10349508
977,10349509
25,10349524
62,10349545
411,10349545
191,10350213
711,10350249
967,10350263
847,10350431
92,10350478
370,10350595
192,10350632
193,10350633
62,10350703
411,10350703
58,10350794
89,10350938
1072,10351636
122,10351663
977,10351757
176,10351924
576,10352032
673,10352072
368,10352963
369,10352964
170,10353720
25,10353737
26,10353738
866,10354823
867,10354824
952,10355139
447,10355171
448,10355172
63,10355228
674,10355256
1095,10355350
275,10355449
690,10355556
828,10355585
199,10355697
336,10355777
197,10356004
168,10356100
847,10356178
230,10356197
673,10356255
348,10356263
699,10357110
955,10357150
158,10357299
865,10357482
866,10357483
1103,10357581
169,10357590
170,10357591
523,10357662
524,10357663
122,10357883
220,10358105
864,10358215
737,10358364
111,10358419
197,10358917
673,10359071
399,10359094
122,10359719
542,10359823
638,10359824
90,10359904
976,10360143
977,10360144
866,10360234
668,10360457
862,10360529
863,10360530
864,10360531
1072,10360962
260,10360986
518,10361229
261,10361582
383,10361712
158,10361732
191,10361995
192,10361996
193,10361997
569,10362410
1072,10362970
866,10363289
867,10363290
194,10363300
195,10363301
941,10363487
942,10363488
952,10363778
474,10363969
370,10363985
604,10364110
973,10364294
479,10364395
812,10364444
813,10364445
944,10364950
1134,10365527
980,10365701
539,10365803
372,10365847
176,10365882
348,10365954
474,10366266
444,10366324
447,10366776
479,10366814
542,10366944
523,10367474
176,10367742
168,10367816
558,10368311
325,10368485
996,10368578
523,10368701
63,10368805
64,10368806
710,10368816
1097,10368882
420,10368883
399,10368904
1131,10368984
192,10369104
541,10369196
275,10369256
559,10369365
158,10369558
1104,10369741
659,10370352
711,10370358
870,10370420
288,10371026
965,10371240
977,10371366
361,10372083
447,10372107
521,10372448
168,10372634
170,10373220
171,10373221
194,10373299
270,10373528
693,10373580
1095,10373716
651,10373801
652,10373802
198,10374345
994,10374518
62,10374922
411,10374922
781,10375097
690,10375593
904,10375866
175,10375899
674,10375936
274,10376063
1047,10376215
576,10376742
659,10377100
87,10377198
56,10377873
976,10377934
977,10377935
90,10378081
520,10378087
1081,10378178
673,10378208
674,10378209
539,10378347
141,10378372
199,10378474
200,10378475
274,10378563
975,10378688
976,10378689
977,10378690
1047,10378734
867,10378857
57,10379021
59,10379088
270,10379232
169,10379245
170,10379246
1107,10379290
198,10379635
87,10379766
26,10380189
447,10380335
170,10380524
275,10380528
1131,10380587
829,10380593
830,10380594
1095,10380704
254,10381214
722,10381420
804,10381805
92,10382418
374,10382421
25,10382770
952,10382907
542,10383036
521,10383037
527,10383138
528,10383139
542,10383154
956,10383290
444,10383366
479,10384097
474,10384304
270,10384320
269,10384394
270,10384395
274,10384420
275,10384421
270,10384587
274,10384825
828,10385711
474,10386019
445,10386366
1098,10386381
382,10386466
383,10386467
542,10386528
176,10386571
828,10386824
829,10386825
590,10387094
368,10387095
1097,10387240
715,10387262
325,10387270
177,10387333
199,10387599
198,10387851
604,10388008
652,10388115
209,10388305
1134,10388414
1097,10388524
917,10388532
270,10388798
177,10388996
178,10388997
867,10389028
566,10389033
567,10389034
382,10389272
383,10389273
865,10390296
193,10390576
87,10390584
447,10390585
541,10390962
370,10391037
965,10391384
870,10391446
87,10391499
334,10391691
659,10391744
788,10391967
955,10391973
518,10392344
192,10392352
479,10392361
480,10392362
1099,10392440
275,10392517
276,10392518
1104,10392611
445,10392623
275,10392723
276,10392724
690,10392759
692,10392761
274,10393064
570,10393443
87,10393742
697,10393805
199,10393946
87,10394069
26,10394492
447,10394638
270,10394913
1106,10394939
1107,10394940
175,10395181
192,10395229
445,10395307
692,10395522
92,10395618
953,10395657
520,10395678
479,10395776
474,10395807
445,10395904
1100,10396114
1101,10396115
196,10396351
526,10396379
690,10396921
399,10397268
400,10397269
804,10397370
542,10397456
941,10397575
942,10397576
604,10397866
260,10398170
141,10398292
59,10398512
192,10398519
690,10398636
56,10398654
57,10398655
479,10398662
542,10398882
638,10398883
96,10399011
474,10399263
954,10399276
274,10399530
707,10399824
604,10400128
231,10400389
386,10400794
699,10401096
965,10401128
500,10401279
255,10401484
1112,10401889
693,10402125
541,10402170
954,10402385
953,10402548
191,10402577
274,10402841
254,10403419
659,10403590
445,10403968
973,10404188
169,10404263
62,10404303
411,10404303
1047,10404674
1048,10404675
1134,10405005
542,10405153
521,10405154
478,10405155
523,10405896
524,10405897
57,10406021
692,10406109
169,10406156
274,10406167
269,10406468
270,10406469
604,10406565
122,10406751
698,10406834
325,10406869
59,10406918
870,10406927
370,10406960
220,10407081
403,10407130
1072,10407439
231,10407487
1104,10407706
336,10407856
539,10408124
445,10408191
541,10408214
542,10408215
543,10408216
544,10408217
576,10408279
588,10408329
191,10408379
847,10408482
382,10408801
604,10409331
168,10409611
169,10409612
62,10409656
411,10409656
660,10409722
755,10409896
967,10409918
87,10410284
447,10410285
722,10410987
447,10411071
866,10411129
1121,10411273
447,10411566
447,10411587
175,10412290
638,10412507
447,10412874
191,10413054
192,10413055
445,10413260
981,10413267
199,10413292
445,10413341
175,10413376
199,10413691
200,10413692
1131,10413704
965,10413967
447,10413982
690,10414070
716,10414092
717,10414093
1134,10414160
982,10414269
177,10414317
444,10414553
88,10414697
444,10414773
445,10414774
447,10414776
168,10414905
475,10415082
25,10415949
26,10415950
274,10416112
269,10416217
964,10416288
874,10416444
92,10416662
56,10416667
286,10416669
980,10416675
577,10416718
369,10417020
370,10417021
59,10417539
829,10417697
543,10417720
544,10417721
110,10417867
56,10417959
25,10418870
500,10418916
576,10419015
1098,10419141
324,10419664
191,10420273
192,10420274
1098,10420332
953,10420343
954,10420344
955,10420345
177,10420363
905,10420541
88,10420556
874,10420617
275,10420724
692,10420759
829,10420771
254,10420847
198,10420924
87,10421384
231,10421440
368,10421565
90,10421580
905,10421594
260,10421608
372,10421729
478,10421993
939,10422022
940,10422023
56,10422031
399,10422109
539,10422373
541,10422375
170,10422407
559,10422416
1047,10422618
274,10422822
194,10422903
195,10422904
847,10423042
111,10423206
520,10423239
638,10423240
905,10423277
61,10423430
62,10423431
411,10423431
996,10423490
444,10423560
942,10423635
370,10423707
980,10423716
905,10423737
370,10423788
274,10423810
847,10423976
394,10424074
395,10424075
270,10424076
541,10424094
1098,10424193
270,10424214
370,10424279
371,10424280
967,10424281
1097,10424283
361,10424344
1107,10424361
973,10424404
722,10424427
523,10424505
445,10424672
274,10424756
275,10424757
993,10425079
994,10425080
1081,10425098
193,10425099
57,10425112
570,10425429
953,10425660
158,10425699
220,10425738
668,10425908
197,10425941
674,10426085
688,10426106
56,10426152
622,10426510
870,10426668
965,10426887
964,10426967
965,10426980
576,10426998
865,10427040
956,10427136
957,10427137
194,10427243
386,10427576
780,10427777
1107,10427904
479,10427968
692,10428049
956,10428165
957,10428166
1104,10428213
1106,10428215
835,10428283
62,10428337
411,10428337
722,10428360
194,10428518
866,10428601
175,10429151
812,10429174
813,10429175
89,10429204
690,10429206
847,10429304
818,10429634
374,10429889
261,10429953
830,10430478
158,10430629
444,10430673
370,10430859
87,10431247
198,10431725
952,10432009
866,10432024
1072,10432171
870,10432206
866,10432345
955,10432594
191,10432615
169,10432829
528,10432942
690,10432960
423,10433365
479,10433452
168,10433455
220,10433468
1081,10433625
649,10433782
964,10433798
447,10434060
196,10434145
1113,10434198
372,10434244
373,10434245
374,10434246
941,10434254
209,10434268
668,10434367
198,10434593
369,10434980
370,10434981
371,10434982
372,10434983
1108,10435277
260,10435314
941,10435626
674,10435839
956,10435884
158,10435906
63,10436110
957,10436185
61,10436307
866,10436564
96,10436616
965,10436737
1100,10436882
953,10436935
141,10437116
177,10437245
334,10437297
382,10437356
369,10437395
711,10437697
1047,10437895
953,10438551
191,10438582
170,10438620
171,10438621
659,10438765
445,10438954
541,10438997
517,10439253
231,10439581
232,10439582
342,10439739
196,10439796
965,10440085
62,10440348
411,10440348
176,10440394
168,10441006
383,10441067
690,10441299
690,10441406
372,10441720
158,10441948
564,10442429
967,10442710
564,10442980
565,10442981
111,10443049
1090,10443102
703,10443886
704,10443887
705,10443888
847,10443896
288,10444124
781,10444199
412,10444680
175,10444728
200,10444908
201,10444909
965,10444945
994,10444999
111,10445235
368,10445253
829,10445382
652,10445399
1115,10445432
590,10445634
368,10445635
847,10445659
690,10445813
690,10445886
539,10445932
122,10445961
568,10446034
569,10446035
420,10446073
421,10446074
422,10446075
423,10446076
973,10446193
630,10446400
348,10446471
177,10446613
169,10447177
261,10447357
693,10447427
835,10447452
195,10447649
170,10447776
942,10447955
1131,10448170
220,10448450
780,10449073
939,10449421
940,10449422
194,10449444
195,10449445
697,10449476
690,10449947
1047,10450065
942,10450347
829,10450484
542,10450529
830,10450625
830,10450928
828,10450969
829,10450970
967,10451002
176,10451291
529,10451378
361,10451513
197,10451595
92,10451598
980,10451771
981,10451772
982,10451773
564,10452018
63,10452024
965,10452284
61,10452292
62,10452293
411,10452293
92,10452418
168,10452459
120,10452646
690,10452847
348,10453039
87,10453163
964,10453186
1072,10453196
1073,10453197
122,10453271
1098,10453468
368,10453748
348,10453839
474,10454053
141,10454210
275,10454271
804,10454406
952,10454429
1110,10454739
1111,10454740
994,10455087
178,10455185
690,10455289
715,10455355
651,10455452
973,10455489
975,10455491
520,10455507
870,10455511
952,10455620
967,10455630
479,10455702
63,10455775
403,10455809
399,10455843
1100,10456392
111,10456453
673,10456894
674,10456895
526,10457397
558,10457448
690,10457995
270,10458293
56,10458542
57,10458543
382,10458598
372,10458600
865,10458683
722,10458757
220,10458934
1072,10459000
1101,10459064
399,10459325
400,10459326
201,10459409
447,10459413
56,10459438
697,10459547
122,10459868
1134,10459913
63,10460009
688,10460275
975,10460279
976,10460280
977,10460281
1041,10460334
1036,10460379
372,10460380
373,10460381
374,10460382
141,10460630
444,10460679
175,10461058
176,10461059
528,10461200
87,10461389
26,10461812
447,10461958
1111,10462088
