Hashtable for reference seeds[4600000, 4641642)
<hash>,loc1,loc2,loc3...
179253374,4641640
3129148523,4641636
1006282050,4641634
3564005753,4641631
1352717748,4641630
4238603771,4641624
2975114260,4641622
2614737068,4641620
2502870768,4641617
2151684769,4641616
3440749181,4641612
68261875,4641605
1023422122,4641603
2987679366,4641602
4077448791,4641597
2686850182,4641595
3144551668,4641588
3367975183,4641587
438707322,4641559
2467087063,4641556
2087660182,4641555
324971454,4641552
3450271137,4641545
2237713145,4641537
1372650154,4641534
4262521026,4641527
2475033639,4641526
690397968,4641524
2260068407,4641521
3552815632,4641494
2228825264,4641493
3855960851,4641471
2013937473,4641470
2731699616,4641461
1344616479,4641460
3728787327,4641458
2139006665,4641457
1233397459,4641454
2740196195,4641415,4641538
1487627407,4641413
2175769171,4641400
3284841697,4641397
2286181046,4641388
410710467,4641387
2101584556,4641385
2395983881,4641370
968535729,4641357
589565067,4641355
737220176,4641354
1192747897,4641337
1749226167,4641335
2200204778,4641333
277423076,4641324
2013500895,4641321
3734417920,4641317
2299947791,4641304
465259962,4641303
341378524,4641302
1330156148,4641299
2804532508,4641297
2667122547,4641295
1141315441,4641289
2905625627,4641283
1148010,4641274
2002880231,4641267
324015294,4641266
4115264074,4641259
3853909753,4641257
2566806887,4641252
3764781172,4641232
2346460993,4641231
4173797861,4641227
2445024684,4641224
3597636734,4641218
2282180311,4641212
359063203,4641208
3840515242,4641201
895943224,4641190
121624765,4641166
2702690012,4641162
508337346,4641149
2424961441,4641139
1658998591,4641123
1550238952,4641115
145606895,4641114
3761391375,4641098
1954241317,4641079
1780120188,4641074
2425693655,4641067
4033787155,4641065
925531719,4641053
2641490439,4641051
3755366910,4641050
149515874,4641049
816616395,4641038
1574778935,4641031
192093427,4641023
2815538044,4641017
3656138713,4641015
1653626099,4641011
2292001747,4641010
2431984127,4640982
3222120744,4640973
1658447971,4640967
1756154484,4640963
1691939706,4640959
1667360626,4640949
3893212314,4640948
537499345,4640945
857053015,4640943
3034674879,4640940
2737704557,4640939
2528310201,4640937
3726592629,4640929
3202472259,4640919
3682613658,4640902
737275077,4640900
2101235260,4640894
378898440,4640887
178827009,4640876
4069049153,4640874
833488289,4640865
1031411893,4640864
1229622989,4640862
931203442,4640852
2529003802,4640844
1836309871,4640838
4198314150,4640824
397720357,4640819
4029042547,4640818
2586775034,4640817
3399232760,4640814
415432841,4640813
2728806496,4640805
953909422,4640787
1775763853,4640784
2643727080,4640783
2744637885,4640782
3017775670,4640779
53841899,4640777
578722085,4640771
1140034001,4640769
1205089881,4640766
2760698787,4640765
2435892303,4640761
3678107718,4640759
1661989995,4640755
2123506011,4640751
893993280,4640747
2928487867,4640746
1650595668,4640744
3502587574,4640742
1494143619,4640732
2890657363,4640774
3898738046,4640729
3475357898,4640725
3705921878,4640724
2837703332,4640720
3608537081,4640709
3090483413,4640707
1717949464,4640701
1256827811,4640698
1105967682,4640689
3268132712,4640685
3549680991,4640683
431064101,4640679
3680476935,4640678
3565814988,4640677
4140051599,4640666
373789071,4640665
2952362027,4640661
3784295744,4640659
219380523,4640658
3231646670,4640655
4185268895,4640654
1800453399,4640649
4062962288,4640648
2239410780,4640646
118801441,4640644
3438351495,4640642
3823449389,4640638
3159591606,4640634
885595630,4640615
2939770870,4640614
3181505730,4640610
2251488407,4640607
3257797703,4640590
3087581037,4640588
795127441,4640586
993015997,4640584
2863788864,4640583
3742361378,4640569
865278854,4640568
2313256264,4640560
1290975021,4640557
1510377110,4640556
1209966328,4640553
3559528322,4640533
4227768855,4640531
3838984358,4640528
3123111402,4640527
95214411,4640525
1914606666,4640524
2447276881,4640523
1108717778,4640522
2417843857,4640521
4122590929,4640519
733434125,4640518
2656558724,4640514
3961993717,4640512
612055764,4640511
4035190221,4640500
3675096865,4640499
2049653588,4640496
686741773,4640489
4086269780,4640487
1930801746,4640480
4007072637,4640477
394972826,4640473
3900652167,4640472
3440344469,4640471
264267530,4640463
3255576988,4640457
3035593224,4640453
3609960672,4640451
3345402672,4640450
702428085,4640443
3183559575,4640436
1369527432,4640431,4640474
1793928642,4640427
3113749740,4640419
1819910110,4640417
155513935,4640413
1079037277,4640410
1531452257,4640409
196342773,4640405
480583028,4640402,4640543
2237817774,4640398
977031308,4640397
2430747645,4640396
1086983266,4640394
1169540614,4640393
774645265,4640382
956894764,4640380
3406142458,4640379
1955243613,4640378
1890725250,4640377
4084921070,4640375
2579271551,4640373
2822906609,4640367
1523499432,4640366
3354949179,4640351
3691068920,4640343
3374670790,4640342
3459102328,4640341
3496202912,4640336
3534830638,4640333
339392596,4640324
3191912592,4640321,4640672
3685585610,4640312
1604834101,4640310
1798245946,4640309
4217857501,4640307
3219861737,4640299
549614255,4640298
2171054138,4640297
2394051445,4640296
2072947639,4640283
2129705736,4640279
128730806,4640277
1802672374,4640266
734864507,4640265
1536559205,4640259
2170621200,4640256
3610694590,4640249
3905724661,4640239
1878745301,4640238
3823862706,4640229
608486294,4640227
320411235,4640226
2288878517,4640222
1293454417,4640215
2454044977,4640208,4640232
1668551124,4640206
3544054349,4640201
1214907259,4640199
765158939,4640191
522061500,4640186
1384736723,4640184
4116404475,4640181
2490980407,4640177
672046116,4640169
1773840380,4640166
3095892247,4640164
1064052506,4640162,4641160
2388413691,4640150
1948565889,4640124
154196565,4640111
2403366954,4640110
2035311436,4640098
971228454,4640091
494781857,4640083
3406112289,4640080
2253174544,4640077
559264928,4640075
1975054362,4640073
850593696,4640072
1975433555,4640065
3104243102,4640056
3672130436,4640051
3822105989,4640050
2556845270,4640040
3870826099,4640033
2075178781,4640028
1269724345,4640016
700871592,4641401
75511303,4640003
3745550360,4640002
703185942,4639966
878669798,4639959
1768551259,4639947
3212244780,4639927
606013105,4639925
4181859743,4639897
2411577082,4639896
653177295,4639891
3173165164,4639887
2936231814,4639886
3738159011,4639880
1522601502,4639879
628227085,4639876
4266351925,4639874
2971606866,4639873
3996735116,4639870
3889904879,4639858
2841163951,4639852
4292504183,4639850
1169402670,4639847
2911147425,4639829
1194026511,4639828
1623124640,4639808
3245441237,4639807
289918234,4639798
1063389152,4639795
45861488,4639794
1709254358,4639791
1652529053,4639784
816375208,4639780
2042587453,4639768
3049093451,4639766
4103520504,4639755
3980233855,4639751
1829646500,4639741
2204616337,4639739
1705888675,4639735
2867473673,4639723
833390654,4639719
587568267,4639718
2937923425,4639715
428167557,4639714
747796705,4639713
2546690572,4639712
3339679248,4639707
513060098,4639702
1567364738,4639697
3402625892,4640546
350635200,4639696
411891469,4639693
3626938987,4639692
1988094718,4639677
2581256851,4639674
769050611,4639669
937388502,4639659
2444258554,4639654
1236058316,4639642
2549345393,4639637
1391372367,4639625
2545562902,4639624
2383188756,4639623
1760673091,4639616
1025854584,4639602
1593236684,4639601
3409302496,4639595
3878465314,4639588
4131956695,4639580
4262435444,4639578
551540385,4639566
4125582132,4639563
3924590319,4639562
890430538,4639561
3054210289,4639557
2873699008,4639556
2661658702,4639529
1130615597,4639525
3678263133,4639521
3314273319,4639513
2833151641,4639510
1424180888,4639507
3664391345,4639498
1278030954,4639495
115759213,4639494
2133005832,4639484
890884364,4639467
2086201403,4639463
3487758463,4640282
2615386389,4639462
1102893275,4639456
3909285553,4639454
2835213275,4639452
931519842,4639446
2411066812,4639430
365096684,4639971
575127423,4639426
3027208943,4639425
3652269498,4639424
139243416,4639419
2623429374,4639418
2423050111,4639392
604264853,4639389
541517932,4639371
859487313,4639369
2910676438,4639365
711810280,4639364
2453873488,4639363
3502707793,4639359
406946783,4639357
466808411,4639355
2808773273,4639353
763066279,4639348
458935902,4641165
1729227117,4639343
211975583,4639330
1256057071,4639327,4639381
3446058634,4639325,4639379
3436276302,4639319
648709114,4639313
3843495324,4639312
2790094607,4639311
2677568220,4639308
3888706544,4639303
3556879386,4639301
2949074391,4639298
720467147,4639296
4078961769,4639277
3041483121,4639271
572329856,4639248
1442135261,4639782
1664844481,4639243
2708180855,4639232,4639338
3972992962,4639227
2453478366,4639226
4209172637,4639224
3141993855,4639219
3963532155,4639215
4019648248,4639209
2916114836,4639205
1379972420,4639204
2823314801,4639191
1291879775,4639189
2124590991,4639186
3356642374,4639180
2932716944,4639166
406888973,4639164
2626013373,4639163
2764967313,4639151
1341927598,4639148
3494762572,4639147
3578713292,4640691
2857300008,4639140
1124555237,4639138,4640559
1599780248,4639136
3815390410,4639110
2818119218,4639109
964011601,4639101
1949956831,4639090
3366382462,4639216
1827425748,4639086
1707925511,4639085
3410865264,4639083
341976197,4639077
1010198167,4639067
1976308735,4639066
1940908565,4639063
3697828929,4639045
3239409829,4639042
891028119,4639041
2437518802,4639021
1006940484,4639016
1377968266,4639931
1392806975,4639015
544129151,4638992
459482477,4638977
4194623247,4638975
3983402501,4638974
2645638574,4638967
632714401,4639208
3904636877,4638964
2467871622,4638963
2616868256,4638959
1850368025,4638956
1948357683,4638941
1702837227,4638940
3990357566,4638928
882054030,4638920
286931919,4638888
2353722593,4638884
1661891569,4638877
3476027587,4638869
772799443,4638868
3117499787,4638867
783002228,4638865
1491720861,4638854
342032417,4638853
1926148866,4638850
28033977,4638840
3830028405,4638837
4036819886,4638836
456369656,4638832
503619716,4638826
3896403482,4638824
2154336978,4638823
1710106480,4638803
3334323459,4638802
779767769,4638799
2326544468,4638794
2111695519,4638788
1391164978,4638787
1038557187,4638782
1327131471,4638778
580341428,4638772
3805461906,4638731
2321506092,4638722
2898756885,4638717
2607492641,4638716
1929216233,4638711
1457370164,4638697
457420825,4638693
1009489798,4638692
1570652687,4638688
918968677,4638680
3221003054,4638656
1249619577,4638643
2295371001,4638630
2828497807,4638629
487701141,4638627
2285350202,4638624
85325839,4638619
780915301,4638604
3471417249,4638602
3442816384,4638601
861039258,4638600
3568991617,4638589
254536829,4638588
2288033830,4638586
334671057,4638584
608919728,4638583
2286618332,4638581
3604655631,4638565
2067194058,4638557,4638899
457062033,4638556
2957575167,4638554
3332712600,4638552
2743682439,4638544
2718810106,4638532
791874931,4638530
3874759546,4638529
1144351297,4638527
3714449454,4638525,4641406
630753163,4638518
3501676535,4638517
3296048588,4638497,4639211
965661671,4638495
1927884597,4638488
1105367585,4638487
321227292,4638482
3832412149,4638480
2554577584,4638478
3418843445,4640481
701533791,4638465
3189081477,4638462
3726879452,4638461
2573775752,4638460
3231469612,4638442
1802426080,4638439
2769622070,4638425
1827860135,4638420
136190088,4638419
3240508139,4638418
3068995333,4638417
3253743931,4638415
1830986143,4638414
1082861170,4638395
675921043,4638389,4640173
994376274,4638379
3092459471,4638370
2205732254,4638362
3711660727,4638359
3073028730,4638357
2895895786,4638354
432974151,4638335
1473845823,4638317
2799613319,4638316
1062565907,4638314
3031338553,4638313
853148300,4638310
3269028440,4638309
3255500164,4638293
726916028,4638292
653752245,4638286
709892592,4638281
450703136,4638256
2059512174,4640165
1925526604,4638234
2365747625,4638231,4639383
3720510178,4638230,4639382
2561340641,4638225
765963431,4638224
624216388,4638220
3017664918,4638209
846773362,4638193
2186589260,4640250
2188415167,4638184
3871583154,4638183
3112399296,4638182
2109992858,4638173
66544119,4638172
3877072049,4638159
1864011726,4638157
96517910,4638147
1248569917,4638146
1631317906,4638141
167040629,4638133
2939711240,4638132
502680703,4638128
555344009,4638122
1044808622,4638117
328659804,4638116
856723580,4638114
1248559058,4638110
2993314888,4638098
323380161,4638092
4081912411,4638087
3416804544,4638078
2727149576,4638062
3508463547,4638056
3297453375,4638041
3643728122,4638037
3412126459,4638057
3925772100,4638034
2703451110,4638032
1924541394,4638030
106251213,4638012
2154513934,4637975
1149135142,4637974
3521528512,4637973
1164171221,4637972
3554019100,4637970
299009210,4637968
3034883269,4637966
3569242541,4637960
4294020306,4637959
1031978527,4637956
1223230916,4639061
1617729696,4637945
1709837978,4637943
3765390934,4637937,4639200
788854021,4637933
495828141,4637924
931188452,4637907
425432593,4637900
88824370,4637899
3130458691,4639833
4188944694,4637898
1138610008,4637897
955503963,4637896
3221002287,4637891
2394085229,4637888
3816898672,4637886
715671125,4637884
3620408476,4637864
2697918288,4637862
1425478928,4637860
2719813845,4637855
3830393830,4637849
2987704508,4637848
3913383420,4637840
3670090942,4637828
163092757,4637826
3279022198,4637825
2503101193,4637815
3406699727,4637793
2520574425,4637792
3054454745,4637780
4180776144,4637777
2343052737,4637775
3630793701,4637767
276717551,4637766
2858616369,4637763
3085915252,4637757
2448233399,4637756
1338982743,4637755
3057580371,4637753
2134192041,4637752
1443155305,4637750
1220598588,4637747
522790240,4637746
1008011053,4637734
2344679980,4637733
807004532,4637728
1183439462,4637727
739928586,4637725
3917783791,4641193
2208194782,4637718
682542318,4637716
2828044010,4637712
729435155,4637697
1541439317,4637695
3939507663,4637680
3858772279,4637672,4638229,4639861
1009172313,4637668
34896399,4637667
3953455518,4637664
1378646368,4637661
3029988738,4637660
3040626776,4637656
2364158134,4637650
3888150773,4640807
1529078929,4637635
2549928250,4637632
2899823372,4637625,4641198
1887988152,4637613
1237677634,4641639
1964337186,4637612
2184046739,4637608
3716839188,4637604
141194958,4637600
3177805442,4637599
2463559305,4637591
1059549572,4637587
1212578614,4637584
1961072569,4637576
277760846,4637570
985573230,4637568
3787985254,4637566
3119995362,4637562
264580852,4637542
3690284378,4637541
782344601,4637540
3341504767,4637535,4641469
4112785747,4637534,4641468
979827264,4637532
3580086498,4637531
1677140076,4637513
3870760884,4637512
3634028271,4637509
2283952382,4637507
2149781595,4637497
825989291,4637493
2052089093,4641416,4641539
4090341362,4637491,4639549
1652145569,4637490
2040362819,4637488
1069814003,4637475
1844941198,4637468,4639671
225482421,4637466
3400530547,4637463
2502704224,4637456
3897615481,4637454
225407609,4637453
2207186867,4637452
1321250061,4637431
3602780966,4637426
3293176583,4637425
1660794371,4637411
3170478799,4637407
1768687316,4637406
2266341474,4637405
3335198935,4637404
1209423065,4637392
2839594849,4637375
3907318637,4637370
3950980435,4637365
3849234041,4637364
881972006,4637363
1716727950,4637360
1469899108,4637359
3020833155,4637355
3323513034,4637353
4204497029,4637352
1251636056,4639018
1630138862,4637350
1411583055,4637346
1707096719,4637342,4638250
2166423282,4637336
1193694430,4637334
1384593792,4637332
1750813919,4637330
51476093,4637329
554323334,4637325
2337451704,4637323
2627310079,4637318
150477491,4637313
720968630,4637311
4244216367,4637305
3797306834,4637298
431154017,4637296
1855688955,4637272
3236948070,4637261
1632781864,4637257
2316642706,4637249
2130875402,4637247
2006442610,4637224
1964370669,4637223
283596624,4637217
2563825075,4637213
117835079,4637211
1410050784,4637209
3271652853,4637193
4123051418,4637182
2677565030,4637165
3196722811,4637157
2914027765,4637154
512072944,4637153
579999940,4637141
249630834,4637136
2302780256,4637127
3275942887,4637124
1499453039,4637123,4637764,4641282
2706616684,4637106
1621349376,4637102
2993462251,4637099,4638156
870972905,4637098
3054151519,4637087
911227896,4637086
75816752,4637079
575773699,4639552
275579158,4637073
1626308736,4637071
6019179,4637068
177868035,4637067
612872808,4637061
80954161,4637053
1785337628,4637041
1269513274,4637040,4640952
2033287626,4637032
32248666,4637007
2761302279,4637002
1798026604,4638003
989921313,4636997
1173499143,4639342
121210937,4636994
1659256121,4636980
2451019517,4636978
3764928274,4636976
541843783,4636974
180763808,4636961
1735678800,4636958
227654147,4636949
3113127792,4636924
327330339,4636923
3308985892,4636916
2612331003,4636915
3276342345,4636908
3992548085,4636885
2117270635,4636874
2657907901,4636873
4118032205,4636864
728306265,4636863
3347249409,4636861
2207163297,4636860,4639185
59079403,4636859
3296301671,4639935
677565278,4636828
1745663947,4640216
4160130209,4636827
2714693156,4636825
356424391,4636824
3877623499,4636820
942677057,4638483
3151150149,4636804
2825899087,4636794
2711847094,4641155
1475965225,4636790
3537883304,4636781
3532543609,4636779
1731587115,4636778
2162813115,4636775,4639487
2374155940,4637985
1467220218,4636773
1011572137,4636772
1199261960,4636771
2922450751,4636766
1200100363,4636764
1453036448,4636763
1088339079,4636762
2428915105,4636760,4639729
4143743619,4636755
12743250,4636754
3139805239,4636753
2841612589,4636750
478640305,4636749
4185927857,4636730,4641328
3978464252,4636729
1115337860,4636725
359172864,4636723
3887617890,4636710
15306056,4636705
1156160946,4636704
1632640677,4636703
3013125685,4636702
2668287956,4636693
3598629513,4636692
289223786,4636678
2506139928,4636676
281400731,4636674
3193964504,4636671
1794957561,4636669
1112375977,4636668
2081814556,4636664
606724304,4636663
2467548146,4636662
1658117852,4636661
2589646395,4636659
2573556859,4636653
4165981207,4636644
475564922,4636632
7134919,4636619
1253368237,4636618
3281116318,4636616
95963443,4636862
27864827,4636608
1132916286,4636604
2076820643,4636602
301374606,4636601
2681444345,4636596
411349461,4636594
4121474689,4636579
2806758823,4636574
2865596887,4640591
2552878167,4636571
977170639,4636570
2340675817,4636567
3751511809,4636564
2916289596,4636562,4636990
3359854271,4636560,4636988
2644800577,4641366
3730520883,4636550
2171101202,4636547
3419344239,4636519
3140711247,4636505
923594271,4640587
3687503129,4636504
1058830901,4636486
3102192485,4636482
2036850114,4636476
883061280,4636457
454973507,4636448
4294760816,4636447
1628792257,4638691
3427799275,4636444
4263174541,4636443,4638935
210423705,4636430
3369154174,4636410
3526533295,4636403
3146144645,4636402
418056676,4636401
2735323250,4636398
2641290098,4636392
4041302563,4636388
24907185,4636384
2652746665,4636383
3517669664,4636364
3034678029,4636360
2502889580,4636356
1694319347,4636346
4219295837,4636344
3531587660,4636329
3143029161,4636323
1768800913,4636317
2995057671,4636315
3149609189,4636314
3131071243,4636309
2196224957,4636308
2270802757,4636305
1779296576,4637989
606112753,4636302
4167704365,4636301
529437363,4636278
2247580040,4636272
3738703398,4636250
3732176772,4636236
1179233710,4636234
2641782000,4636233
521648305,4636232
2529831484,4636231
3325641951,4636224,4637786
985396962,4636217
4005331480,4636216
2435499793,4636212
1722941223,4636198
776108740,4636197
141432397,4636190,4636412
2927295943,4638154
1537369244,4637398
4067484855,4636188
3186196223,4636186
448843213,4636185
1588663998,4636182
3859127928,4636178
3152163313,4636177
4042862107,4636173
2420660772,4636169
1462879225,4636155
3856035964,4636154
3516949778,4636153
3890203000,4636145
859513059,4636142
1319496782,4636141
857253676,4636140
2818779991,4636139
2310036587,4636134
4237038772,4636133
371045017,4636129
48049678,4636128
1074557142,4640882
2528802058,4636124
3086805417,4636123
3534496530,4636110
3401713023,4636093
1187430380,4636090
1340630028,4636079
3101058813,4636078
2597747848,4636072
1144753067,4636061
1431193594,4636055
127828445,4640054
2513131629,4636054
1160550729,4636048
1659924939,4636041
1052788564,4636035
1422591025,4636025
3784901287,4636006
3979998625,4636004
3551811609,4636002
3593373329,4636001
4212866322,4636000
3146145202,4635997
416078773,4635989,4640537
61699177,4635980
3213172210,4635977
3283518035,4635972,4641256
4201940675,4636761
696842160,4635962
14799773,4635943
1300896216,4635942
3471860619,4635939
2025895120,4635938
2896747704,4635935
1601710198,4635921
2221873696,4635919
111301457,4635918
530078223,4639005
1135327818,4635917
1297397226,4635914
928443508,4635892
3335108001,4635891
112953853,4635889
2540051338,4635887
619368530,4635885
3462956812,4635876
953100106,4635875
3818015254,4635873
147663040,4635872
1659739635,4635871
1726874331,4635870
356887525,4635869
1316500701,4635865
3496924560,4635857
3808488785,4635856
3583094957,4635854
3738623355,4635840
4275960002,4635839
3507198651,4635837
2155885418,4635830
3201530113,4635802
2539348144,4635799
3407979934,4635797
612442159,4635796
2162343412,4635794
2441210501,4639895
3101545910,4635792
2728477387,4635777,4636647,4639584
611084902,4635768
2921775433,4635755
2205590747,4635754
691214013,4640705
3017290946,4635745
3809695395,4635744
1843396739,4635724
1622441950,4635722
3430730890,4636460
2438954785,4635721
75421335,4635717
3637438576,4639447
3505767536,4635716
3186462403,4635715
3265796727,4635714
1504197776,4635713
4222419853,4635707
321802696,4638111
144201094,4635701
2115990271,4635699
2724227021,4635698
4194910561,4635697
2751614333,4635677
1494112119,4635676
49002350,4635674
2179730572,4635673
2604303960,4635666
3311489283,4635662
3000784118,4635628
871868301,4635625
2510123480,4635611
3734495971,4635602
318875050,4639275
612820360,4635600
510897114,4635596
3677798077,4635595
2659945054,4635578
3678729491,4635574
1194402602,4635566
970202418,4635545,4638781,4640821
3148116400,4641288
747434450,4635544
896291053,4635543
3020547586,4635542
2804588984,4635529
3036065199,4635527
3890479638,4635526
3448106517,4635525
454129327,4635522
2167440033,4635506
51285284,4635501,4639537
2729085100,4635492
451047114,4635491
3689824569,4635490
1114706522,4635489
2995790078,4635479,4641215
713688492,4635471
300342798,4635470
3012130198,4635469
2965831803,4635468
3375141495,4635466
1186407250,4635463
2283279253,4635455
3956245604,4635454
513362150,4635453
2527341317,4635448
3591196099,4635447
4274355525,4635441
2243461582,4635440
2712520745,4637563
3832521812,4635439
2265728700,4635438
3724607347,4638582
4227554716,4635435
3128446539,4635434
2302693976,4635430
3449863000,4635419
77585455,4635418
3804078443,4635414
3866341776,4635409
973296377,4635407
3990806731,4638580
4257543455,4635404
627690824,4635400
306638737,4635741
3290325077,4635399
2904307316,4635397,4635451
2826144674,4635393
4179693353,4635391
1109974670,4635390
964635999,4635380
1299205149,4635378
99721944,4635376
3615489599,4635375
2565214999,4640944
2108352494,4635372
492365859,4635361
3314994532,4635357
1570319868,4635343
2794099222,4635342
1014402506,4635341
424211322,4635337
1612135298,4635767
2883095155,4635331
2363925677,4635330
949251238,4635323
278985306,4635322
2993554326,4635319
2101034593,4635314
2582204630,4635313
2332525594,4635312
446834366,4635305
2081509920,4637085
1100097766,4635303
1680452777,4635302
64987369,4635296,4635548
1078178482,4635295
1808177493,4635294
999796670,4635293
3053464585,4635288
2307321500,4635286
3238128025,4635279
3877153269,4635276
794060989,4635275
81609657,4635273,4638528
3895087694,4639944
1637186528,4635271
2829634534,4635247
3849187543,4635244
2525530884,4635239
1681581851,4635223
4244787494,4635222
691824359,4635221
2654687377,4635216
1256046684,4635214
154269098,4635213
987060606,4635203
438443199,4635202
1233921218,4635201
3658460773,4635200
761428612,4635198
32341564,4635195
1934978002,4635194
2321952695,4635193
628074110,4635192
4021362376,4635186
3026368756,4635349
3475516161,4635185
3451397434,4635183,4637578,4640079
154150638,4635181
108637699,4635177
3631190218,4635171
3717911826,4638040
3172737143,4635167
2687408750,4637659
3919381635,4635164
3867466721,4635163
2932327268,4635162
1428836663,4635160
3690337344,4638650
871496974,4635159
776264773,4635131
1911156057,4635129
937317917,4635127
3955496727,4635126
1828532224,4635120
1191053944,4635119
329124661,4635112
3312316197,4635111
2928420871,4635110
3426908472,4635108
340132767,4635096
2000089454,4635091
3163615737,4635090
914416567,4637222
3027196702,4635028
2486345970,4635023
2668504271,4635022
1876762815,4635016,4637190
408688943,4635010
2001293952,4635002
848902199,4635001
2898377385,4634993,4637993
3618864788,4641386
263464930,4640684
3681537117,4634982
810329,4634979
1720600796,4634972
4044267889,4634968
1142936372,4634967
2423938095,4634944
2730697932,4634941
364543619,4634937
3874480210,4634927
1434254815,4634926
4103287506,4634915
1140606984,4634913
3740389912,4634911
676303207,4634886
959399235,4634885
2711046287,4634875
3782158258,4634873
1844389604,4634872
1174104518,4634862
1326761195,4634858
4231113594,4634854
128533205,4634853
895804125,4634852
510860873,4634849,4639352
934108198,4634905,4639592
1154477171,4634846
2113005642,4634837
2063830504,4634828
3224040767,4634826
2933216323,4634824
3577429325,4634812,4636610
380284381,4636809
2746814155,4634807
306278156,4634792
1399241751,4634778
2989130335,4634758
2652510639,4634757
2929015917,4634755
2971598716,4634754
109941650,4634747
3525276420,4634734
2179590402,4634729
4096545162,4634728,4635488
1175276175,4634725
849087662,4634723
3689166258,4634720
2697885014,4634719
3565153796,4634718
4085688125,4634711
2892351569,4634704
1622348628,4634702
544833734,4634701
1386332934,4634698
4138730185,4634693
543950625,4634679
2633612406,4634677
1376605533,4634676,4638112
895930730,4634673
3655819385,4634666
2962102770,4638055
1329896214,4634665
3404638934,4634664
713157916,4634662
715767495,4634661
2691215731,4634660
2691621170,4634658
2572407871,4634650
1399351776,4634646
3741764438,4634645
2024373785,4634644
1487249873,4634641
3869463203,4634640
4291150177,4634639
1831905753,4634633
3101305890,4634632
440235995,4634629
1240618156,4634627
3427345637,4634623
2639558420,4634622
885027652,4634620
2097223366,4634606
525345456,4636920,4638026
1438581843,4634603
3272378398,4635934
34556664,4634595
2207140149,4634592
375087937,4634586
2788718347,4634581
3529118870,4634577
1947315084,4634575
3393096490,4634574
3203435440,4634573
3574675085,4634570
1832384869,4634569
4168220248,4634567
2036783650,4634565
3543381025,4634564
347879288,4634557
1650610881,4634552,4639986
1817401580,4634548
1311363231,4634546
4126514745,4634543
2440780450,4634538
910494129,4634536
396984876,4639184
3884004340,4634519
3759407675,4634518
1753925134,4634517
1656292200,4641433
371085125,4634515
2561856085,4634513,4637387,4637915
1312266136,4640145
4153686032,4634505
1557710691,4634503
3734285313,4634502
4206909228,4634501
2823072030,4634495
3456509699,4634489
2266214690,4634486
2183990036,4636979
3636769083,4634482
3155284498,4637694
2121023909,4634478
2202836850,4634475
1534103459,4634474
2258935581,4634471
1962642551,4634467
3111446544,4634439,4639019
1921112276,4634432
2249953933,4634428
2945129535,4634423
3741590046,4634420
423285668,4634416
3152674263,4634411
2593902414,4634408
493113306,4634405
1609961198,4634404
3496410544,4634399
1325325915,4634393
2778028702,4634392
1128291186,4634391
2084080426,4634390
2784183969,4634385
1467580266,4634383
3179190554,4634360
1490485436,4634353
4010437356,4634352
3470863328,4634350
814456767,4636483
1330005466,4634341
918444046,4634336
1753041837,4634325
519530044,4634324
3390137525,4634323
1553857524,4634313
4188153956,4636065
1395030586,4634306,4640850
4028855176,4634289
2287982578,4634276
2201641607,4634268
2463327491,4634250
1826021688,4634249,4637274
775777920,4634246
2793786178,4634245
417106448,4634241,4639938
3971770406,4634223
3420491072,4634208
4215248784,4634205
2122441924,4634203
3038365422,4634197
446629404,4634195
61001680,4639179
1020914422,4634194
2204952671,4634187
2874816299,4634186
85211486,4640526
2301013923,4639244
3541550569,4634185
320496899,4639946
2459045468,4634183
1092946615,4634175
3248094496,4634166
99011641,4634165
3217619636,4636408
3278234605,4634126
2296623366,4634120
1223630226,4634099
2328667027,4634088
2764976798,4634078
1642004505,4634076
757714014,4634074
231901335,4634070
1099252895,4634069
2013374130,4634066
172898098,4634061
1631346914,4634050
2596505395,4634049
4279508184,4639316
3500977443,4634044
372614072,4634042
13501896,4634035,4639626
1104129636,4634033
2716075463,4634027,4636270
488772529,4634026
4028493120,4634020,4638235
1756565879,4634014
2539919942,4638226
775528006,4634010
937693625,4634009,4635172
1067845211,4634008
1139012849,4634005
3464857045,4634004
398380104,4633995
3545539460,4633991
3100337822,4633972
2754873649,4637208
596085801,4633970,4639646,4639655
4148237116,4633966
3739649683,4633964
2842692626,4633963
1817493575,4633960
1671395549,4633959
2243515030,4633957
99683050,4633952,4638288
2513444924,4633951
2328969478,4633950,4637389
1797024202,4637091
3914999171,4633949,4637388
74399490,4633943
1466950341,4633942
2520413101,4633938
791849328,4633933,4636226
3508963051,4633924
3204735840,4633923
2800480098,4633919
2523090139,4633918
734642248,4633914
724574751,4633913
61993865,4633912
1178695872,4633887
1303838370,4633879
378919985,4633860
656493791,4633829
2251397533,4633827
116113216,4633825
2180956688,4633811
1920576533,4633808
1221300630,4633806
1425733160,4633804
1160349504,4640708
3200633416,4633802
3691115631,4633799
65645922,4633795
1659983829,4633793
763486189,4637295
3294939084,4633788
1904587814,4633787,4637988
3740043246,4633785,4634059
622758885,4636691
2623927240,4633767
2473513451,4633766
1333140667,4633754
3731297243,4633752
621405619,4633739
387566827,4633733
4069066947,4633729
3888149609,4633726
1614795516,4633725
1013096843,4633722
4206885236,4633721
752236291,4633706
3245580485,4633700
673866647,4633691,4634871
2999039030,4633686
1889236757,4633685
2093755414,4634438
2807299296,4633684
1613457273,4633676
1804603426,4633675
1807215197,4633674
3053499554,4633673
1854614887,4633657
1308314558,4633648
3363330004,4633646
3394530525,4633629
1012196384,4633627
2475965514,4633626
3583211080,4633624
2211973197,4633623
790547306,4633622
2561530292,4633621
435244792,4633620
3952532276,4633609
3280165475,4633600
3635695326,4633599
3501400435,4633598
3327988973,4641334
758320616,4633597
2951329110,4633595
2582565976,4633593
3617902213,4633591
351355265,4633588
1768744060,4633578
3209137569,4634103
2405558470,4633577
3236668380,4633576
582025713,4633574
3168648492,4633572
1949809318,4633569
1537531578,4633559,4634558,4641312
2140047277,4633549
2238200027,4633545
3638399960,4633529
2238025061,4633526
212939845,4633521
3488471493,4633495
943931240,4633479
4199761282,4633478,4633523
3701706481,4633477
762401271,4633469,4638913
1235806866,4633464
704820336,4633444
2159076389,4633436,4635165
394909358,4633427
1395349613,4633417
2284055888,4633416
1608075039,4633415,4639600
1106732856,4633409,4635085
2327820525,4633400
2749832287,4633399
199393798,4633395,4639977
91939168,4634174
75017382,4633394
3338657295,4633392
2343085702,4633391
2189815976,4633389
2736604147,4633388
1033405878,4633387
2870419793,4633382
3665136853,4633378
4190421872,4633377
2622396679,4633375,4639758
4225950596,4633373
586321703,4633371
4053875526,4633367
306555132,4633365
3188153922,4633364
2592028640,4633363
3720669968,4633359
1867981627,4633349
2851046103,4633334
2956201896,4633332
1710228509,4633330
2435671499,4633326
2763681243,4633314
3054089501,4633305
1116714171,4633302
11458464,4634769
881053102,4633297
1608349883,4633288
1945633936,4633270
2416366071,4633261
194579172,4633249
2925808614,4633247
1133912590,4633243
503740536,4633242
894549800,4633241
604972964,4633216
4248236299,4633215
3616891775,4633214,4639010
50366482,4633206
127434282,4633198
3155827239,4633195
3709637932,4633193
3166839964,4637784
3551566284,4633168
3262364545,4634257
1175712882,4633165
2128496919,4635188
3051274313,4633163
2417745221,4633162
3215067715,4639133
730265458,4633160
479672542,4633159
4279887995,4633158
3663114871,4633156
1072393512,4633152
2456454168,4633148,4641629
131592313,4633139
1132669556,4633135
1260755039,4633134
3994636836,4634721
1876533282,4633127
4198827916,4633123
399807230,4636793
798214994,4633122
3353956590,4633120
4095968836,4633119
3843692555,4633109,4633219
3353705936,4633106
2723700161,4633097,4633201
2759656144,4633096,4633200
2967220913,4633080
1122850658,4633042
898343211,4633035,4634669
3852991053,4633033
3372396661,4633030
3993063494,4633019,4636677
3540299926,4633016
679329878,4633015
1872042119,4633013
1734102751,4633011
3162950341,4633009
2132918213,4639423
3180628793,4633003
1925249884,4632997
4034868125,4632993
833492624,4632991
1581637565,4632970
809099502,4632964
4228716425,4640884
2078158017,4632963
4179353916,4632962
90738395,4632944
1662962653,4632921
65749383,4632918
1473792078,4632913
3084099634,4632911
1405085861,4632910
4257763771,4632899
1661101132,4632897
3892625590,4632895
3306398167,4632894
1583553578,4632883
3832277623,4632874
4114641093,4632871
1723722109,4632870
2887381713,4638859
2738660302,4632869
2421436373,4632865,4634125
2190031384,4632857
1580745951,4634477
649507664,4632856
1847089563,4632847
2381829604,4632846
3706163885,4632843
1155856372,4632842
3870283377,4634678
1383578062,4632835
333974819,4632833,4640856
3558689358,4632831
3963866253,4632827
2295240620,4632819,4636767
1715419515,4638082
4061632859,4632816
836336159,4632798
3366799118,4632790
3342720798,4632769
3990538916,4632767
3954169606,4632766
607991965,4640770
1726089974,4632763
3005560697,4632760
2754214962,4632759
3806125776,4632758
1041865693,4632752
2163567926,4632751
3394436687,4638506
679390129,4632750
329211112,4632749
1876722209,4632748
1907531007,4632747
3752362547,4633083
2662398936,4632736
1843119596,4636053
3392465978,4632734
153481438,4632732
3200543591,4632729,4638127
2995060816,4632728
157938999,4632726
2472492407,4639740
4233978322,4632725
2546478192,4635073
579462013,4632720
213106809,4632704
112886449,4632701,4638901
1490088126,4632698
4124353627,4632695
229638071,4632693,4637962
2727624817,4632692
3160546693,4632686
2849469196,4632685
2989963662,4632683
643810563,4632675
4201684091,4632667
2455972880,4632666,4635301
2642404715,4632661
2204653555,4632658
100816338,4632654
3271895759,4632653
2126276505,4632651
523631630,4632649,4641014
4208291156,4632644
3575566981,4632641
1270252891,4632637
1641479563,4637210
1711661256,4632629,4636813
3978204495,4632620
2770290223,4632619
1309536819,4632618
362628716,4632615
3716861288,4632613
2154566135,4632611
3201521891,4632609,4634328
4145693002,4632598,4637623,4641196
3876849818,4632595
59846625,4632588
2741173182,4632580,4638274
3109665990,4632579,4638273
2657345411,4632578,4638272
118347577,4632571
482082650,4632569
2966548905,4632560
2512049722,4632546
817827452,4632524
618164028,4632519
3697401804,4634607
2066043909,4632516
2369556120,4632513
432787083,4632497
194670186,4632487
1291079224,4632482
82396729,4639328
1502155148,4632469
706532958,4632468
1891241846,4632465
3825093826,4632464
53946138,4632462
1127163008,4632460
142460371,4637895
3558783802,4632453
3376989334,4640236
1963171542,4632451
3670933588,4632450
1356027475,4632447
2500340794,4632445
2852384091,4632438
383565835,4632427
3711975161,4632412
1990144225,4632409
2984428417,4632403,4638433
258207028,4632401
1480515911,4632400
1788545161,4632399
3632890374,4632398
2664258715,4632396
1209057228,4632384,4636419
1731877866,4632383
455931624,4632381
370744256,4632374
825949553,4632365
793703152,4632364
227806432,4632358
26678756,4633372
3061181888,4632351
3072604853,4632350
1086639367,4632347
497320157,4632340
4271995711,4632337
2165716138,4632335
712281994,4634955,4636743
2635476405,4632333
575633366,4632323
432461896,4632322,4638378
415989678,4632317
4250040841,4632306
33387841,4632302
3344009368,4632284
242681314,4632275
2701227185,4632274
3987617310,4632273
390969325,4632270
2715973039,4632266,4633412
1777807298,4632256
199271497,4637146
4227659528,4632691
2159961294,4632254
3928063245,4636880
1291839292,4632252
2751830881,4632245
2293811861,4632234
2126477065,4632233
2089841469,4638571
1763415588,4632231,4634726,4635486
1136337593,4632226
4194748452,4632216
2240499728,4632211
187868282,4632210
423583358,4632208
1766841139,4632203
3034718135,4632198
4044065580,4632188
3494104431,4632187
1920963494,4632182
2269886995,4632175
3404325129,4632174
244884159,4632173
1332695453,4632166,4639493
2462462769,4632164
3877650620,4632163
2675314685,4632155
992356097,4632154
3396256055,4633254
3614156196,4632139
1854207623,4632116
1901604018,4632111,4633422
491466286,4632100
2880189029,4632099
1052643925,4632098
2684762912,4634048
27245283,4632091,4638805
1348603649,4641456
1234291584,4632079
4164617582,4632058
745156836,4632055
1632956532,4632045
1063908367,4634691
4105740844,4632043
2762490498,4632042
2815071637,4632039
1660521385,4632034,4632574
721215400,4637372
888941674,4632023,4633341
1672106200,4632008
919326265,4632005
1072778361,4632002
2019048159,4631991,4632135
1466902500,4631976,4639982
1263138498,4631974
3777049735,4631971
217553457,4631956
29649268,4631953,4640550
2930768154,4631947
2648167524,4631939
4236221549,4639218
3050462113,4631928
2683646928,4631922
4259719608,4631919
1582687838,4631918
1281970924,4638036
935228613,4631914
3805090590,4631879,4640687
2712816158,4631878
3811918364,4634312
2961765778,4631871
330998802,4631864,4633566
2098417378,4631860
2382250096,4631859
1868602828,4631851,4637203
1234103833,4631848,4641437
2261338915,4631847,4636005,4641436
650925342,4631845
4056286661,4638119
902868121,4631842
1730341137,4631840
3741180890,4631839,4636440
1276149044,4631834,4637853
138540352,4631833
3878649839,4631832
4010374902,4631829,4635442
313394332,4631828
2984731875,4631827
2462579237,4631810,4634469,4637433
3535794706,4638219
3676440979,4631807
3856283467,4631804
424816942,4631791,4638598
1199158913,4631785
1161799164,4631777,4636209
2001958799,4631776,4636208
1955883655,4631752
625608453,4631751
3036174910,4631749
2397428704,4638573
3003784130,4631748
485078298,4631747
3783582439,4631745
427632949,4640723
3567601498,4631744
1832489963,4631742
188679871,4631741
663068541,4631737
3600644733,4631736
1175682596,4631732,4634540
399996545,4631724
1945192990,4631715
106200198,4631707
4118754994,4631702
836149627,4638636
3239814749,4631701
2329390786,4636782
3923921937,4631697
2875956701,4631684,4635141
305046002,4631683
110834972,4631682
232121723,4631677
3411723696,4631676
1339395675,4631674,4633145
2388258203,4631672,4637458
1403095708,4631669
350436169,4631667,4635904
46607970,4631665
1031321935,4637877
3405001035,4631663
2864303053,4631652,4636130
1048885028,4631651
1774300537,4635158
2537066757,4631626,4632949,4641187
2787951376,4631616
2567068963,4631599
3778385649,4631596
2628981853,4631587
2528460888,4633708
3516765198,4631579
2171715374,4637362
2795198322,4631558,4639661
792265293,4631554
209558577,4631544
3660377638,4631539
3658377270,4631534
3633258502,4631529
1096902684,4631524,4640203
2029555985,4631509
2144823181,4631507
3295364041,4631505
2702504174,4631503
3872266239,4631502
1978004845,4631499,4636679
581395028,4634832
3055241843,4631498
965390927,4631495
2555958626,4631467,4636942
1927254818,4631457
3906944431,4631456
1997339521,4633846
1848386657,4631454
2951481440,4631453
1549037365,4631452
2161871387,4631429
902656134,4631428
3899337665,4631425
3746632505,4631424
1886325025,4640340
1898077694,4631421,4634331
2394635585,4631407
2897416567,4631404,4632001
3451321887,4631402
3776927180,4637185
3383302778,4631399
408210112,4631384
3718026577,4631383,4634831
824961796,4631381
75260691,4631372
2141068791,4631371
1804422260,4636479
898695237,4631367
1470262811,4632552
2247224815,4631357,4638280
960741040,4631350
193666619,4631349
3699779643,4631347,4633681
738502836,4631332,4635850
3584938965,4631331,4635849
3120379236,4631330
115838263,4631329
3506583555,4631328
3057996027,4631318
895137212,4631315
3680725488,4631313
3495333522,4631312,4634882
496434890,4641158
521328946,4631294
3486919084,4631293
1668123871,4631284
308809717,4631279
1806721904,4633476
1568479616,4631268
3785212414,4631262
1620497186,4641230
915928537,4631261
624950698,4631251
3901405955,4631248
591062551,4631244,4634367
2015763921,4631232
3353764131,4631225
3557950659,4631223,4638361
2175444994,4631219
2850606648,4631218
3653281846,4631217
99432289,4631207
1336144578,4631206
3681065883,4631203
1765328621,4631201
986810504,4631192
596039031,4631191
399562571,4631174
2015357136,4631151
3905849229,4639725
837965431,4631146
3225750093,4631143
3077286076,4631140
3085646061,4634444,4639686
1380866131,4631137,4632217
2759836732,4631134
1405303133,4631133
91179824,4641435
3857974531,4631125
1544933236,4631122
2475250636,4639088
1734343866,4638416
2809803089,4631121,4636960
2889945746,4637711
2449002064,4631119
3672932332,4631117
1638925711,4632841
1372651893,4631093
1174440540,4631086
3687504612,4631085,4640812
161580326,4631084,4633705,4640811
626776150,4631083
672017485,4631082
1430900538,4631080
124637031,4631079
419111652,4631067
1652744327,4631040
2445281607,4631036
491411482,4631034,4633344
518364088,4631032
3646190857,4631029
3759638133,4631026
2710016387,4631023
4020010430,4631016
2199725339,4631012
483466684,4631872
178694517,4631011
1102810166,4631004
2352018506,4630998,4640105
3306634605,4630994
996452981,4638908
345401409,4637162
1070003601,4630991
2701747705,4630987
489122037,4630981
3390497525,4630970
2304281145,4630944,4639597
1872117919,4630929
2165338858,4630925
4293479718,4630918
2402911083,4630916
1632804579,4630911,4641351
2429438580,4630907
559829325,4630906
4047788085,4640541
1858525592,4630900
4171826662,4630899
3633372289,4630894,4632838
3732678977,4638138
2310091688,4630893
2835452591,4630890
3010440261,4630887
2862859730,4630886
1192824546,4640267
304122177,4630880,4641042
533515087,4630872
2796689794,4630867
1202020186,4635521
516507834,4630866
4071596574,4630865
1646159171,4630856
3949706262,4630850
2575674469,4630848
3741578648,4634344
2697571316,4630846
1946840827,4630844
199827040,4630838
3093770352,4630829
3691335274,4630810
191341016,4636792
831179976,4630804,4635284
2169129129,4630803,4640997
314487291,4630800
220613540,4630780
2809198046,4630779
3055413382,4630778
3457718245,4630777
1863876298,4640086
1244508070,4630776
845055986,4630774
2412357896,4630767
1738294227,4630754
2910716847,4630753
1398597764,4640508
3561808936,4640498
3522307624,4630741
3819496328,4630733
3259773081,4630732
3809939198,4630727
4216046740,4630724
1719386161,4630720,4638618
3107070844,4630719
3807205112,4630713
3820786354,4630712
3246527329,4638889
244273315,4630711
2495559322,4630710
2787060252,4630706
12483048,4630701,4635661,4640000
2095075202,4630695
2631735773,4630689
490585508,4630687
4294345274,4630684
1329888828,4630680
2326877982,4630676
3134161771,4630671
3646272383,4630669
63124844,4630664
2341233636,4630661,4641531
1591215583,4630660,4641530
3421169113,4630659
277748728,4630657
4033330061,4630647
772802417,4640538
2078403073,4630645
1819467383,4630634
3394093830,4630627
983597955,4631653
1139237239,4630625
188571895,4630624
2454992972,4633452
865219466,4630623
260006749,4630620
1303173232,4630615
1916349804,4630612
2901504353,4630611
1755368071,4630609
1383171682,4630608
4158181553,4630606,4632768
2582101484,4630605
1248979660,4630599,4637114,4637149
106356866,4630593
2332303769,4637621
3137991662,4630588
296812440,4630586
1068653643,4630585
1868523724,4630583,4632733
3711819187,4640057
986331527,4630582
2125613475,4630579,4633405
3201249144,4630745,4631230
1598179949,4630577,4633403
2252876211,4641567
2598486974,4639928
287865958,4630576
54661470,4630571
3376471417,4630568
2242784827,4630558
1662984824,4630557
4257155387,4630556
1648685246,4630553
322465633,4630552
2204702646,4630541
1071462229,4630535,4632416
3871649351,4630532
1591156144,4630531
149274100,4630525
3386987505,4630521
2390271598,4630520
3751520972,4630519
3285779367,4630517
3197636391,4630516
1478303324,4630513
1585041738,4630511,4636418
83860140,4630505,4636803
3269759533,4630504
1771173910,4630501
3138776293,4630500
946807803,4630499
2867745807,4630492
2227036883,4634617
1425618012,4630486
1463780472,4630480
3501573988,4630472
2874177122,4630471
1039961348,4630468,4634779,4641422
2416410816,4630461
200075722,4630455
3352399888,4640841
2456728212,4630453
4274682840,4630451
1891633741,4630450
2513722718,4630445
3918042849,4630440
2010561351,4630435
1308123266,4630416
2270550619,4630415
1983478750,4630413,4640790
11296043,4630411,4634887
3121145895,4633116
1581932011,4630410
1815344252,4630409
3944053256,4630408
2264557600,4630392
2556338506,4630384
1095105821,4630382
2028905347,4630378
899769731,4630372
2156136637,4630369
1956166136,4630368
2976683817,4630367
1200231263,4630362
2015990328,4630358
2609329626,4633878
3632969094,4630356
2509868524,4630352,4641396
490614784,4630351
4283583154,4630350
1365158920,4630343
3199744718,4630330
3445591889,4630328
4032036499,4635125
2983091503,4630322
452384784,4630321
477363001,4630317
3173995968,4630316
513418893,4630315
977955079,4630314
396162828,4630309
2071218385,4630308
2068048435,4634753
2003293029,4630307
857852676,4641233
1182298348,4630305
577808805,4630299
3372199708,4630288
943964032,4630287
540719300,4630280
504711939,4630276
43547396,4630275
4042789951,4630274
1188232596,4630272,4641287
3879445187,4630266
3313330428,4630265,4635406
1789271966,4630257
1737317200,4630254
3457503608,4630251
3261186304,4630249
3433298703,4630237
3851777345,4630235
1290442783,4630232
2575648552,4630231
1711323876,4630230
563735531,4630225
4030589631,4630213
3689948724,4630212
2097643882,4630200
793106816,4630198
3786358968,4635209
3475157551,4630195
2240383193,4630194
4228459820,4630192
210849897,4630191
721882251,4638833
296651656,4630179
949792520,4630176
3605070449,4630174
1998972969,4638210
2304953835,4630173
265449599,4640858
638294665,4630165
1108890443,4641037
2695680777,4630163
261756341,4630161
1511418327,4630160,4635759,4637170
447159399,4630142
3334237036,4630131
1758858603,4630129
510451863,4630110
4195452573,4630109
699867769,4630107
2061822398,4630106
4139477568,4630105
2008537946,4641393
1359980923,4630094
3850282260,4630093
4250480784,4630091
3361122477,4630090
2942309669,4630078
2424496580,4630077
1864523328,4630075
3949556894,4630067
458156309,4630066
2443221908,4630065
877993801,4630050,4635658,4636854
1786458317,4630049,4635657,4636853
1321528843,4630046
3507934459,4630043
4153479741,4630038
2160068924,4630037
1391837384,4635003
836581637,4632851
1258289003,4630839
2477043350,4630036,4641022
3243605247,4630034
3165618410,4630012
1715666762,4630010
739157744,4630009
2009057613,4640228
3115197217,4630004
861856257,4630003
624153427,4630000
3260115187,4629998
164148008,4640433
1364746153,4629996
2199570596,4629995
4101626092,4629976
3444007885,4629974
3570429237,4640565
2286945201,4629973
4186142124,4639564
2050396708,4632828
3810236735,4629970
1138881531,4629969,4633791
452507637,4629954
2683498983,4629951,4633079
2917018376,4637571
1829575031,4629910
3357838852,4632830
3862046354,4629903,4638065,4638383
455212488,4629902,4638064,4638382
2901241770,4629901
2818266721,4629897,4637657
4068886917,4629890
2181621967,4629887
1086989499,4629885
671368119,4629882,4632168
555424619,4629880
2720163073,4629878
2928659494,4629859
3989920721,4635396,4635450
2868170898,4629851
296952036,4629843,4632311
1993208242,4629828,4637762
366598651,4629819
2859713534,4629815
3604304718,4635708
711013633,4629810,4639618
1991489344,4633947
3755726978,4629807
341076030,4635408
67241414,4629804
2902620370,4633226
3365860691,4629790,4632404,4638434
411984971,4629776
4026224647,4631844
3744906384,4629772,4634857
3012097487,4638929
2920879288,4629768
2915801057,4639307
1945395779,4629767
4055412931,4629765
2856809077,4637293
359868396,4629762,4636636
1376715180,4629761
2375124957,4629756
374580117,4633884
2254544251,4629747
3815419823,4633880
2623694043,4629746
3394209680,4629745
3704324011,4629744
2817883293,4629734,4635027
2944307601,4636591
2036651803,4629727
3197022027,4629726
4077948746,4629721
2433760626,4635922
1414235878,4629718
991582728,4629717
3672182476,4629715
491345173,4629709
1781189942,4629707
3641782019,4629701
2357860324,4629700
3332806510,4629699
1478328972,4629696
546630948,4629690
3476313823,4629689
3205562741,4640264
378055742,4637696
2513621139,4629685
3660464026,4629820
1472718836,4629682
40960771,4629654
578463247,4635879
2013831885,4629653
3829504890,4629652
3766323765,4629651
281920665,4629638
1535371428,4629636
2180952461,4629623
3197990769,4629621
988121250,4629605
2044870396,4631649
3154764682,4629601
3129447925,4629588
3967937895,4629586
2550530508,4637942
525548211,4629579
3914542550,4629571
1986541594,4629570
1420771267,4629566
3358633091,4629565
1119411444,4629564,4633204
3740082988,4629552
3631457033,4629551
995640779,4629542,4638994
3154036514,4629537
38427988,4629536
448624167,4629533
3943080095,4629532
465219561,4629531
2235648219,4629530
24116044,4629527
2786042573,4629526
271212104,4637731
3065647041,4629521
2988929778,4629519
530474213,4637689
11016530,4629518
3590631378,4634974
2963830937,4629517
2801660106,4629516
2748764355,4629501
4026193966,4629491,4635812
3497330414,4629490
667550390,4629475
2537612017,4629473
2494294209,4629472
2685362009,4629459
4074485070,4634801
638771021,4629447
2485679498,4629443
2514158193,4629442,4637715
309602914,4629441
989583783,4629440
3592803860,4629439,4637144
661057841,4629437
1887916875,4631400
2944576971,4629434
4261214084,4629433
4071135301,4629432
2707301694,4629419,4633781
3643195040,4629418,4633780,4633903,4634158
2774932342,4629414
3185207350,4629397
277475996,4629392,4638681
935543526,4629390
3663384794,4629384,4641221
4063111516,4629382,4638806,4641219
2822829052,4629368
3625253586,4629365
3639694175,4638553
2283019557,4629362
639032687,4629360
197396468,4629358
1006956796,4637333
3432841406,4629357
849561011,4638872
2490742800,4629350
2271305197,4629347
3271137554,4629332
3341406961,4629325
2737189031,4629324
1317432115,4629317,4638228
1241382908,4629314,4635369
3080039672,4629313
2692547225,4633774
3107542454,4629309
1537725499,4629308
3374820853,4629307
1043446808,4640432
3862158593,4629305
3398121877,4636485
1212408330,4633504
352406133,4629304
3601148733,4629303
1922351686,4629297
3589778485,4629296
3447676634,4629295
1526036942,4629293
3778464966,4639247
23680098,4629289
2418965728,4629733
2572059029,4629288
602284191,4629286
624997271,4629285
3580952421,4629278
2578121412,4629271,4641242
3003020591,4629270,4641241
1439018832,4636752
3257570770,4629269,4641240
3559717900,4629268
1924363830,4629267
4220831127,4629266
1246427278,4634119
3769342129,4629263
367966449,4629252
1204174747,4629249,4631432,4631696,4632064,4636890
616584483,4632994
577700379,4629244
1145326545,4638562
1116703524,4629243,4631057
3084530146,4629239
407244076,4629237
479066973,4629236
266959725,4629230,4630152
1563115937,4629228
2521279861,4629227
2875556120,4629226
3345821769,4629223
92710581,4629220
3337978041,4629218
830309549,4629215
3693760341,4629204
218998727,4629203
3261572741,4629196
1333402588,4629194
3547490866,4629184
1101251440,4629174
2003582023,4634192
1730544634,4629168
351534156,4629141
144460381,4630742
2567361819,4629140,4634648
2884906266,4629139,4634647
747594056,4629137
3522630117,4629114,4629960
3056606266,4639217
3726842720,4629087,4631997
1289915413,4629084
2140677713,4637686
813706230,4629082
825056874,4629079
3342793609,4629064
833856270,4632652
3340389392,4629063
1916867672,4629061
1262984933,4629055
2280042483,4632003
1227188503,4629050,4629489,4634163
151295245,4629048,4634161,4639161
2317090270,4629038
2790689481,4629036
2814169979,4629034,4636657
158760386,4629032
1323291739,4629031
1980600260,4629025
828840010,4629012
1450491452,4629010,4639390
498255622,4629009
1530346985,4635800
434777068,4630868,4634914
573880321,4629007
3114937365,4629000
1587427240,4628987,4636333
3063323118,4629732
1015606993,4628981
3324614248,4628978
866456864,4628976,4634935
1003895959,4628975
1745195704,4628958
3023860832,4628956
952497928,4628953
2495405916,4628943,4629792
4266998936,4628942,4629791
634331814,4628940
771197733,4628939
3698716915,4628937
1127019260,4628934
987848543,4628930
449370507,4636428
318728147,4632605
1339975934,4628927
3260768174,4628923
777149210,4628919
851487287,4641405
2475027214,4628914
1651136521,4628912
4221721725,4628897
513065645,4628896
1661700056,4628887
2065213539,4628884
1113687363,4628879,4640573
4252677266,4628872
3343333275,4628870
789720230,4628863,4628878,4640572
972043930,4628862
2938548200,4628860
2642253122,4628855
940918942,4628854
1163314502,4628853
2738893180,4628849
4164629725,4628848
3983045943,4628847
4112754545,4628843
3526618769,4628838
2719934368,4628802
3727524215,4631041
897882705,4628801
4039073552,4628790,4639249
3958382134,4628787
3965022124,4637572
1525301768,4628784
768005795,4628959
3069780163,4628781
3079897118,4628779
882228351,4628774
3987244263,4628758
4022354399,4628752
3640252799,4628751
57057236,4628736
1946819910,4641040
3919005206,4628729
1342498462,4628720,4628836
577335758,4628709
852463,4636144
3169083995,4628708
3379571434,4628703
97515252,4632678,4635881
1398383980,4629999
3477783449,4628693,4632020,4632953,4636423
390656988,4628689
449556580,4628679
1048872847,4628676
2433096146,4628673
2285135426,4628666
3115247052,4635109
3986204691,4628664
3111328205,4628663
1845380119,4640932
1767997666,4639267
1783196413,4628660
1914147770,4628659
2671525522,4628658,4636425
2323563624,4628656
2517364475,4628652
59602453,4628645
3200724968,4631496
4218243790,4628638,4639530
2708559349,4632600
31548234,4628637
2828403097,4628633
2717418260,4631650
2724619020,4628632
2485212812,4628628
1592473440,4628626,4634039
2381945017,4628623,4635584
1810303156,4633962
3308266972,4628618
165267714,4628603
3750357390,4628602
2420562013,4628595
1466267663,4633987
2444105154,4628592,4639506
53940964,4628591,4639505
270041160,4628583
2332029575,4641589
4089297902,4628580
29614852,4628579,4636477
1059472619,4639105
739990328,4628575,4635308
3033083640,4628574,4635307
2190262930,4628572
962154803,4628557
581483086,4628556
667504532,4635392
1722004400,4628543
3695562217,4628541
271625793,4628531
3257749191,4628529
313616128,4628524
183611802,4628519,4632201
3079126303,4628514
1598261247,4640916
3877841844,4628512,4637611
2331333230,4628503
3082394790,4628499
2286979281,4628498
2608027764,4628497
2765009709,4628495
2307211026,4628494
3530617071,4628481
925462095,4633890
1968749351,4628469,4636491,4640171
2898839198,4628460
3143693220,4640947
3105194871,4628458
3711938485,4628442
2831009130,4628433
1717922546,4628417
3357663046,4628412
835500712,4628406
2442285538,4636871
2412788139,4628405
3319870916,4628404
2218941243,4628403
1260799246,4628402
661063078,4640872
4052441019,4628401
1411176347,4628398
990761959,4631220
858087956,4628397
85615769,4628396
3945306506,4628381
1182049209,4628378
2615071962,4628376
2021975503,4628374
1911564917,4639011
3873797734,4628373
3300401668,4628372
2310268450,4634164
4072860196,4628354
308783089,4635134
3504763264,4628353
2370450707,4635493,4636689
3951789037,4628347
42558347,4628346
2260138207,4628342,4635558
2582775966,4628341
4032973102,4628325
72354243,4628324
1468760944,4628318
1017213044,4628317
1758610062,4628301
805607671,4628297,4629900
3287882389,4633925
356324408,4628294
2340873759,4628291
2050732741,4635951
3826363006,4628270
2075941620,4628267
2802967687,4640778
516263481,4628265
200513183,4628263
2104859868,4628260,4638010
3049821064,4628250
2357497880,4628247,4633496
3150319756,4628246
3387530599,4628243
2608258205,4628240,4631442
135928910,4628238
3257172857,4628236,4638979
1216889683,4628225,4632528
4157488948,4628221
3725119439,4629310
1699905689,4628218
2854342229,4628217
3078970875,4629229,4630151
622020129,4628213
1210131536,4628211
1799619568,4637316
206271399,4630744
735913014,4628199
2229402121,4628195
768868361,4628189
3416072512,4628188
2584252002,4635368
2197982662,4628165
3412395355,4628164
1295024646,4637202
3712679816,4628162
598219597,4628157,4636300
3413044413,4628156
4156728494,4628153,4637581,4637662
513679126,4628152
2501601185,4628151
1125406114,4628148
3582105370,4628143
1083549828,4628137,4640484
1737948524,4638945
1576857236,4634777
3829640719,4634016
1805301347,4628136
3828471359,4637029
2969086370,4628123
1920670183,4628121
26943919,4628119
120350476,4628118
2433940894,4630743
2310782181,4628117
3873808486,4628115
3301661228,4628114
3816786609,4628112
2209609434,4630355
2246796216,4628111
445028805,4637460,4639854
2259620325,4630252
835721469,4628109
63480278,4628108
2171144733,4637589
2115827466,4628105
2436839786,4628101
3011202412,4628088
4136178849,4628086
88285496,4634712
1035648342,4628079
2629945327,4628077
1716950254,4628076
4000098618,4628075
1348973939,4628071
2304478417,4628070
2593268927,4629363
3952052339,4628068
2821209575,4628055
961869790,4628054
1333043192,4628050
3677358759,4628047
4187956543,4628045
3962117221,4631957
3735113262,4628044
582842780,4636146
3334356044,4628043
3107138411,4628042
3055051828,4628041
4142899960,4628039
2287916197,4628731
1866517435,4628018
3139298441,4628017
2826272166,4628008
3268005086,4628007
1317078848,4628005
2161877961,4628004
15604985,4628003
1088730189,4628001
3499566131,4627998
637611446,4627997
1390802708,4627996
1353064158,4627992
3983181255,4627991
3775921618,4627976
1372648709,4627975,4634139,4637923
2813919826,4627972
3327953650,4640881
2274585330,4627970
2864038798,4627969
3195774220,4633625
241688147,4627968
2203873442,4627962
1366627165,4627960
68610734,4627958
2095110571,4627957
330491440,4627954
859706012,4627952
2666675444,4627945
2667743850,4627943
307259825,4627941
1254313428,4627934
3858291557,4627923
2638195082,4627921
1271154599,4627910
535275991,4627904,4632255
963183180,4637742
2306947864,4627877,4632141,4639516
2505629157,4627876,4639515
2129998678,4627870
3189736365,4641118
1817014339,4627863
3606510524,4627853,4636985
36467922,4627848
2336780109,4627826,4630178,4634445,4635624
1147383647,4627820
1742234873,4627817,4629832,4632253
874804653,4627816,4629831
3362336085,4627804
1663672509,4633594
845203267,4627797
3395306627,4627791
2919479695,4639875
782988486,4627790
3678549254,4627782,4636799,4641560
2225527985,4633329
1622387184,4627777
307221058,4638192
309921343,4627776
2184497629,4627770
1246022545,4638561
3167519634,4627769
2089120939,4627755
2144502646,4627738
61431663,4627737
295362546,4633650
3198374657,4627736
743689167,4627734
4132741289,4627732,4632077
1468053379,4627729
4133575589,4627721
2430596201,4627719
575136095,4627716
2358465262,4641223
3205094619,4627715
2264011067,4640144
2725348330,4627711
1846702548,4627710
258556567,4637400
1660673124,4627705
2576203041,4627702
781582092,4629108
1782204845,4627700
1403978756,4627698,4639089
1299133573,4627697
98055993,4627695
831012983,4627692
1247830789,4627684,4629100,4629592
2987285271,4627683
1191466376,4627680
1278405128,4627676
1418592997,4627673,4639687
3045726395,4627671
78166908,4627670
3197329721,4633753
3689990290,4627668
720161387,4627666
1312414186,4627659
1164705343,4627651
2577243501,4627648
3920737731,4627646,4628571
3150191887,4627643
3855945162,4637717
1629495887,4627638
828494784,4627636
4101456993,4640313
1863589370,4627633,4630145
1822939016,4627631
636437668,4627630
3936054336,4627628
4238314252,4627627,4633586,4634332
90757813,4627625,4633027
3640022569,4627620
133942416,4628649
1967975988,4627619
1862332889,4627614,4636588
4012371883,4627603
1912219923,4638991
3771327570,4627601
4108492884,4640408
1837733218,4627600
1662788701,4627599,4631644
2838589412,4627596
411093879,4627595
3030683028,4636900
1312350239,4627592
3759573676,4641541
3242173353,4639129
151941482,4627572
3054974161,4627571
2444318454,4627560
3006667860,4627558
1992519754,4627551
1260828265,4627549
2457473841,4627545,4637031
2153265984,4635243
1725335104,4627541
849271011,4627539
493781227,4627538
516600773,4627537
2507029901,4627536
1228314171,4627535
1756254205,4627533
3437565980,4627525
937587034,4627523
4142906372,4627522
4294005978,4627514
1696308986,4633337
666368853,4627512
22122134,4633207
445861143,4627505,4636817
3236710100,4629253
1335452290,4627499
3687448550,4627497
1849899990,4627491
457359237,4627482
2663616958,4632550
586557736,4627481
1382829310,4627478
3311927882,4634975
3134609167,4634653
303501788,4627471
2723625481,4635510
1461718008,4627470
602768069,4627468,4627994,4639560
188655955,4627467,4627993,4639559
415536592,4627466
3642203579,4627461
2428527098,4627456,4629908,4632718,4635994
3353263827,4627449
3845752229,4627446
3822457964,4627445
3483738993,4627443
1526070034,4627441
3330034180,4627437,4637841
1763464408,4627427
3224637966,4627486
3642204895,4627426
1134172952,4627629
2627559142,4627421
2269108419,4627420,4635884
651761158,4627414
368206045,4627413
1238674782,4635248
3469264494,4629684
183892027,4627412
2367161652,4627408,4627823
2364221963,4627406
890440931,4627405
646759980,4627402
21158794,4627401
1635035793,4627396,4633605
3818504307,4628496
3131834690,4627393
4067115668,4627392
2272004681,4627391
2880440419,4627388
4100219883,4627387
458059921,4635860
3997207744,4627380,4628214,4633508
94212245,4627373
615302640,4627362
451463133,4627361,4635224
2839770178,4638353
2267901249,4627360
890601357,4641459
2643523511,4627358
901531032,4638777
1934660073,4630999
984879829,4627355
629599116,4627354
2920995186,4627353
3734362890,4627351
1458580593,4627347
3373286767,4627345
4071824992,4627344
12927633,4627343
1206780383,4627340
282682207,4627338
3406589649,4627337
1704442354,4627334,4633039
3356710244,4627332
4094274378,4627328
2819309373,4627324,4632999
668352094,4627317
2854392815,4627316
1881352052,4627314
3639741162,4627312
765294332,4639877
432182031,4627298
2295596540,4627297
1464635118,4627462
2007109516,4627296
1128114706,4631876
3767321831,4627282,4629716
1208433081,4627281
1055909805,4627280
3853132639,4627276
2833824391,4627273
4248967248,4627272
622705876,4627271
2104642095,4627268
1712349326,4627257
4139384045,4627250,4632969
627644992,4627249,4632968
3492953772,4627241
3717747206,4627239,4637948,4638429
3412029913,4627238,4637947,4638428
3775178856,4627237
444546172,4627236
2686217816,4637637
1141320475,4627214
1503074316,4639082
1867612791,4627211,4635944
881126084,4627210
3168906812,4627207
396421864,4627200
1518330672,4627188
399142053,4627169
1763223962,4640675
2150856303,4627168
3621554025,4634576
3789588903,4629540
1985489919,4627152,4633670
2227254903,4627149
3157951285,4627146
960377423,4627135
4079324076,4627134
687099059,4627133
1288727222,4627131
598987971,4627126
150281241,4633659
771552527,4627125
1519272090,4629195
52117240,4627124
659337617,4636206
4176677424,4627109
1186460614,4635039
2917214714,4627093,4641268
3813563999,4627092,4635386
1774386035,4627085,4641087
641126339,4627084,4631992
4173281805,4627077
669188259,4627071,4627624,4629166,4633026,4634224
2221841530,4627070,4633025
3683504049,4627061
571457415,4633225
1903135109,4627053
186094565,4627047
1836934300,4627037,4637791
3683498345,4627032,4632103,4641309
3884200584,4627028
53882643,4627027
958098864,4627026
728178885,4633141,4640391
2300799152,4627019
4027603277,4627017
3751492614,4627016
3569632351,4627014,4627906
275137782,4627009
740815294,4626999
4089205908,4626991
1141680653,4626989
2139328040,4626988,4638271
2549682741,4633085
358851511,4626987
3268131594,4626985
2463156124,4626978
1666943790,4626977
1334773434,4626976,4627773
3825277572,4626964
2360637050,4626961
1245319809,4626959
1845962438,4636037
2032513556,4626954
1209680201,4626951,4630263
3776727002,4626950
3951605806,4626948,4640653
3283846298,4626943
2571523791,4626942
2541370538,4639936,4641244
669687278,4638101
1089620171,4628601,4635599
3815262133,4626941,4641581
1824927388,4626940,4641580
3792282504,4626939,4641579
387562286,4626936
3181647486,4626935
2919453353,4627483,4633299
31331385,4626927,4628339
705210831,4626925
1647622644,4631002
3406896897,4626916
4106438995,4626915
3246089974,4626913
3883104473,4626908
1194353476,4638873
4026669554,4626906
604272765,4626892,4636306
2160961227,4626885
209304551,4626884
161522122,4626882
920387806,4641516
2953933864,4626881
313432215,4626880,4630401
1478624800,4626877
111196940,4626863,4637739
2541594441,4626854
3718457479,4626845
378531519,4633571
3316750203,4626835
912244323,4626834
292791253,4626831
959515503,4626827
419108345,4626819
40759816,4626817,4636552
1952528608,4626816,4636551
1354454845,4626814
1210496047,4626812,4634709
3767306113,4634305
3661043469,4626803,4635385
3635220290,4626801
1039678432,4628677
2648096763,4626800
3013124082,4626794
2071164140,4635358
3877809107,4630527
1523083436,4626793
1550571875,4626792
1851561425,4626789
587782955,4626784,4628792
1999352772,4626771
1867127564,4626770
2054019003,4626768
77416608,4626767
3336182864,4626765
1699892082,4626764
261836066,4626762
2652655452,4626761
3599637703,4628721,4628837
1326383488,4626756
2559382654,4626754
4141066717,4639524
2459714974,4626745,4630789
3874769568,4626735
3541737611,4626732
2071849467,4626726
1938944724,4635182
604515311,4626725,4633438,4638268
758513529,4633172
3492462082,4630835
2021449682,4626714
3163338502,4631386,4639461
489876333,4626707
2390787630,4629394
3441018476,4626704
950495291,4626702,4632974
782355732,4626700,4632950,4636420
3734157005,4636683
2248691651,4626683,4630238
3903607500,4632859
950858711,4626679,4639538
3195250460,4632549
3445142549,4628293
2647529794,4626678
3755113569,4626677
2725215331,4626676
864703394,4631090,4640810
1901021343,4626670
2223257560,4626663
3282940671,4626659
1022305946,4626655
2185605598,4626654
3971703663,4626651
234141713,4626650
3399356249,4626647
3545411914,4626636
1402075781,4626634
1512718263,4626630
3118585490,4638555
3573416352,4626628
284562453,4626617
3621294045,4626615
646457869,4633492
3315059525,4626612
724827237,4626611
3713461964,4626608
2828399937,4626607
2919348393,4626601
2620532072,4626581
1937171719,4626578,4631869
2999253895,4634681
3742346610,4626577
1826638432,4626572,4633920
2359333544,4626569
997755188,4626568
1111570234,4634124
1855588761,4626567
2451958737,4626566
2538617328,4640636
2580638906,4626564
2861783579,4626563
3246476052,4636067
1062999884,4626543
1837016796,4626542
3283578054,4640219
2689052448,4626535
2288789168,4626529
796610723,4626524,4640574
3981395778,4626522
1460645389,4626520
3521436080,4626517
2151686977,4639511
3556349517,4626516
4243400515,4626514,4639182,4639272,4640914
4068352271,4626513
2937029977,4626512
319870374,4626493
2503356772,4633185
2770993591,4626492
2573773992,4626491
4165780075,4627999
3299605798,4626488
737290022,4626483,4631468,4636943,4639633
1735390085,4626474
3356190343,4626466
2715416393,4626465
2765524903,4635363,4640768
3185432079,4626464
1464730775,4641113
3666388862,4631199
3954264960,4626460
1146087710,4626458,4640220
1465099646,4626457,4633649
3117679351,4626456
1709467058,4626453
2145617004,4635068
3204411611,4626449
2839568309,4630847
3482956215,4626447,4638260
2044374521,4633976
3411181637,4626443,4635251
4178797903,4626442,4627903,4635250
554376136,4626440,4627901
3579489919,4626439
4030889107,4629520
1746962337,4626436,4636467
3338167249,4635986
20699966,4626433
2927955919,4630273
413759131,4626432,4626858,4627898
3104275094,4626430
1061942286,4626427
2661944182,4626411,4632575,4638476
2038942218,4635274
379372774,4626410
2130208129,4626397
1132428494,4639220
1766661148,4631010
2695662056,4626389,4641133
1563036520,4626384
1158210282,4630491
3195871060,4626376
2066702997,4631081
3919381394,4626374
1378932013,4637743
551101783,4636711
4186276884,4626362,4632414,4633182
3641735479,4626360,4631046
989684150,4626357
1112454825,4626356
1203595316,4626355
1158185246,4626351,4637354,4637573
713650971,4626349
2670452756,4629109,4629955
2919779071,4626348,4629665
922193756,4626346
2619048500,4626344,4631352,4637111
3512282207,4626342
1775720436,4634582
3718151163,4626337,4628019
3187529828,4626334
4077554236,4626332
272575684,4627828,4640178
1832517470,4626328,4635900,4638347
2910652805,4633143
1867828455,4626324,4637429,4637595
2819288301,4640475
149786550,4626322
1056997800,4626321
716480429,4626320
360713039,4636554
1506739710,4626309
1205403535,4626308
1338486199,4632446
897105328,4626307
137245756,4626306
3431563156,4626301,4638022,4638046
2562451665,4626289,4631608
887825498,4626286
1772035782,4626282
4039547156,4626281
2301529032,4626278
3918379038,4626274,4631302
862385363,4626272
1513295734,4632040
2602976458,4626268
1666153036,4640773
3065595025,4637586
2035706326,4626258
762193565,4626257,4627694
2982762161,4626255
1515833797,4626254
4072158352,4626244
2753099801,4641097
2108091724,4626242
1680301907,4626240
2683234106,4626236
1493472933,4626235
749399281,4626221
3491564933,4626215
1921036666,4637646
3207606742,4626204
2002353703,4626203
2182161032,4626197
430051779,4626190,4640337
2812394762,4626163
359933096,4626157
3163215491,4626153,4639488
3157917576,4627422
2773859898,4626148
1303434820,4626142
3128250715,4626136
2270398853,4639771
1101766939,4626131
2288512281,4626124,4631188,4636842
1248426795,4626116
3839551863,4626115
1510539140,4626108
3560655047,4640103
4059796300,4626106
2156056707,4626094
3549452842,4626093,4640348
3279703627,4626090,4626574,4633922
4005608456,4626086
4088696588,4626084
2153503634,4626071
1670596029,4626066
4258011831,4626063
1112428764,4638105
3764545823,4626059,4632191
2289227694,4626056
4174849323,4626051
2339100325,4626048
1454730145,4626047
3100763006,4626046
2526589895,4627500
1433720263,4626045
2386467430,4626044
3592584969,4626041
2696513563,4626036,4632089,4632436
409853915,4626024
3983630315,4628530,4634988
1895358481,4626023
3953219847,4626018
3347585282,4630626
2994027966,4626015
1330599916,4627050
2653302377,4626014,4628568
1825742325,4625996
1958069361,4625995
3742592199,4625992
3688353953,4625991
3420111374,4625990,4635970
1197126293,4625989,4635969
2109712046,4625988,4635968
1227086067,4629582
130436036,4625985
2742297466,4625984
2644513644,4625982
1671877700,4639455
430826714,4625981
3592279824,4626170
1047299787,4625980
459518365,4625979
2620348283,4629888
403491449,4625977
1697111286,4625964
1661568335,4625963
1762361713,4625962
2763865780,4625945
761109979,4625937
3230832859,4625935
1371519469,4636084
3600386142,4625934
3683468669,4625932,4639104
1043409724,4633306
2776452637,4625928
2024983440,4625921,4626531
694022660,4634446
1253727448,4625917
3650537287,4633934
3927612245,4625910
2181278747,4625908
1873164118,4625906,4639222
1509470417,4625901
1142699906,4633940
1718992159,4625899
1285197109,4625897
1104322028,4625895
3111952384,4640142
3677237761,4625887
2523366664,4625884
2904019665,4625883
1203036969,4625873
2587570495,4625864
3854795597,4625863,4639832
2399307296,4625862
1117844906,4640189
1022692006,4625859,4635484
1307891577,4625850,4638464
1234328608,4625849
2039015570,4629279
3889430871,4625841,4636744
3233719651,4625832
3783407212,4625830
5803919,4640294
3984712442,4625829
318832274,4632454
387188060,4625826
3696556794,4626666
828905558,4625825
1067661368,4625822
3711125839,4625818
66851743,4625811,4633092,4635297,4635549
3825881983,4625805
1190949922,4625804
4096063362,4625801
3452908032,4625800
2280684481,4625799,4631292
659828570,4625796
1910025601,4625794,4633499
1010650977,4625777,4639473
1980741556,4625776,4639472
886892052,4634802
2652621272,4625775
2745810461,4625774
475316290,4629312
4020944797,4625771,4626576,4630629
2773385712,4625764
1068291556,4625761
2625558546,4627836
1822108032,4625759
3510896583,4630365
2410980493,4625757
2449244663,4633645
963033516,4625756
381594734,4625753
2234760778,4625750
2838469863,4625740,4626901
4118768796,4625739
2128065888,4625735
3355862509,4625727
331107584,4625721,4631353,4637112
334000684,4625718
1884964310,4625715
1150395059,4625708,4641058
3632717026,4630638
625191027,4625686
587690913,4625683,4636432
3044814157,4625682,4636431
2473920761,4625676
3228782471,4625675
3036725443,4634829
182369896,4625673,4638181
3170255805,4625672,4633411,4635087
1035714724,4625670,4634867
1981860128,4625657
2274079100,4640905
1494622547,4625653
822568184,4625652
796231451,4625651,4631021
1941380077,4641225
585528403,4625646
54751392,4625645
3508995933,4634671
3765523008,4625638
2859856786,4631408
1299915000,4625635
251458190,4625634
3460912748,4625633
929050344,4628573
1510666016,4625631
3802730080,4636722
1282026891,4625630
1556059897,4639046
1343174571,4636073
1181851830,4625629
1517581749,4625625,4635095
4039507233,4625617
4207424163,4625615
2009762287,4625613
82396364,4625602
1721156252,4625597
4207657514,4625596
1852978223,4625591
2965310889,4625584
2691640243,4625578
464274459,4634683
2236098608,4625577
3086376165,4625576
286970884,4635025
211054300,4625573
1856990915,4625570
889859840,4631017
2396670304,4625569,4631902,4637487,4640540
519632731,4625556
2847466449,4628864
1331475016,4625544
3928951421,4625703,4631300
431748025,4625541
4252161154,4627731,4632076,4635215
2224452855,4625540
125177595,4640906
4031487027,4625539
1469577549,4625537,4636038
793520376,4625536
4249711484,4639299
1447998636,4638564,4640781
3467528929,4625535
4172868099,4640438,4641453
1309022979,4625529
372070725,4626722
2778384698,4625520,4633066,4636714,4639333
3846979462,4625519
3744700133,4640084
2482124018,4625516
4173506678,4625514
2254618304,4625512
3782780234,4637982
3645760058,4625509
4229484340,4625505
1244155188,4635174
1526373546,4625501,4636222
2242846548,4634938
4142201300,4625499
1010858593,4625491,4626547
702520110,4625488,4628223
2721473766,4625481,4625743,4626904,4636282
2990105462,4625480,4625742,4626903,4636281
2936769568,4625474
62994404,4625471,4631750
2926171261,4625470,4639607
674298599,4625466,4627451
3535816524,4625464
1884397891,4625463,4633381
3973408513,4625461
3813069082,4639146
3823998807,4625459
1640265324,4625458
1865172998,4640407
4226456504,4625457
1450967219,4633136
4225008575,4625453
2461027809,4634809
3932837436,4625451,4635893
705822312,4625444
304883133,4632815
380439679,4625419
135999578,4625418,4626498
2957462915,4639171
3130795495,4625416,4626496
1215344388,4630125
2282702756,4625405,4628262
3581455546,4633642
2469246730,4625382
1990744500,4629603
1998845355,4625379
322273903,4625372
362485826,4625370,4625690
4282710370,4625369
1012612690,4625368
1387431634,4628113
3178054910,4625367
223648667,4625364
2967469971,4625362
2258548824,4625360,4626341,4627058
3639573540,4625351
4060736424,4625349,4628842
231033278,4625346
1508951052,4625344
2459894097,4625335
1846236036,4625334,4635035
847193785,4625332,4635033
2661018619,4631419
3666630470,4625331,4636986
653367187,4625330
970860833,4625309
384729525,4625303
2030995477,4625302,4628622
3723272847,4625301
2072034623,4625291
4277911716,4625289
151844511,4625285
814868045,4625284
2587805042,4637081
1885062300,4625269
3280422725,4635147
3708585058,4625264
1208028670,4625262
638743657,4625261
701168192,4638246
3519262769,4635832
3935852452,4625258,4635270
3122445129,4625250
374492947,4625244
1012220540,4625243
3261191947,4625242
2701193844,4625240
556165286,4629528
3510482812,4625238
3666466519,4635629
914773236,4625237
3369018208,4625236
3298250982,4625225
1835994468,4625221
3544230698,4625219
3078369256,4625218
1482983223,4625216
1240237501,4625211
1139483832,4625209,4625530
3079713523,4625205
3035541324,4625200,4625674
3875104033,4625199
3741973129,4625190
1890485836,4625186
2630843811,4638424
672880016,4625184,4633325
4098087937,4641172
2618383191,4631970
2839960863,4625181,4640161
3748212920,4625175
2835741197,4625171
1017923441,4626135
241604362,4625168
749431229,4625163,4629799
3317353818,4636011
3526484462,4625151
530391694,4625150
364657263,4625147
3523188514,4625142
681189363,4625133
357352125,4625120
200170524,4625115
23291763,4625098
2324882978,4625093,4626478,4633273
2062927627,4641513
3042925346,4625088
2760454088,4625084
1641369773,4625083,4627189
3562295363,4625066,4639764
1205696540,4625063
510254085,4625062
1045712055,4625060
1403572526,4625057,4640971
3863243184,4625053
1962092363,4640924
86551553,4625051,4633352,4639036
4143976482,4640454
1882912125,4625048
1184714999,4625046
4107170705,4625041
1869767175,4625040
1376573995,4625039
18493501,4625037
3994199818,4625036
3536318350,4636085
3198448404,4625035,4629583,4630503
4152347923,4625027
412214930,4625023,4629867,4637514,4640466
3306986547,4625022,4629866,4640465
3690810134,4625021,4640464
417038030,4625018
2394890397,4625015
3643454523,4625014
594960205,4625550
520998113,4625011
3207789845,4625009
3432603222,4625008
2781425873,4625004,4634357
2175971513,4624996
472570629,4635051
3141609474,4624992
69446397,4624991
509304964,4624990
1223615423,4624981
1635615373,4629197
3003348301,4624980
4293168166,4624978
1961765523,4624975
2971521701,4624973
278265174,4624960
1550743337,4628051
1574968751,4624959
2598431945,4624953
3671672863,4624950
1251771976,4630666
1562870525,4624948
713115908,4624945
1245436239,4624940
298328415,4624937
3081345912,4624932
3349096905,4624931,4632696
3967356177,4624930
2195983033,4637341,4638249
3643258642,4624928
82650175,4637324
2941943386,4624917
612473824,4624914,4640357
3860540025,4631173,4631881
667440154,4624913,4625717,4640356
2494739980,4639466
2213318849,4624910
2233580568,4624909
2829790609,4624908
2064491278,4624907
1413212922,4624906
2417503783,4635467
2820206286,4624904,4638438
2225380601,4639181
3294899197,4636183
2967187466,4624895
3490838076,4624893
929160059,4640961
2339351754,4634114
2657933950,4624892
4013579969,4624887,4641632
1208565280,4624886,4638835
4276603357,4624884
1297516498,4639032
217402498,4624876
923991571,4624875
1154838692,4624874,4625348,4628242,4631444,4637833
2759753619,4633915
3219110673,4624872
287015648,4639756
3633748877,4624871
3919672727,4624870
3617576187,4624866,4629892,4638968
1058292556,4635883
3777608136,4624854
349915075,4624853
2473453628,4627051
2438298489,4624851
2829013368,4624848
4133194185,4624846
1264829920,4626910
3625290482,4624845
2841075687,4624844
2947543013,4628432
4081611279,4624843,4633536
3477734893,4637034
3275187801,4624839,4638072
3222080971,4624834
948435845,4624829,4630250
1850538571,4624828
283077381,4624824,4628348,4632380
207988265,4624822
913888796,4624815,4629126,4637138
940659960,4624809
1622986347,4624807
181687830,4624806
1437557678,4640674
485951527,4624800
638513343,4624792
3819678357,4624791
3562517252,4624789
1914102891,4624788
4275786692,4640369
3518961099,4624787
3339924765,4639075
3532030755,4624785,4634903
1464961830,4624784
241184025,4624782
4007034564,4624781
1051767506,4624778
466270847,4624771
3062309780,4626905
1211277271,4624768
1688858704,4640635
3582838603,4624767
1061184166,4624766
794096463,4624755,4632411
914529363,4634412
232257353,4624750,4630051,4631866,4635659
3856172457,4624749
2647064766,4624748
3341980924,4624747
466170417,4624746
72512565,4624745
30295345,4624744
1599004204,4624738
3311754089,4639443
4007733260,4636665
3684316268,4624735
4231308845,4625406
2933809044,4624733,4625059,4632037,4638748
1813615210,4638720,4640141
2700311653,4624729,4632038,4634866,4638749
3128422370,4624723
2948848909,4624722
2850811099,4624721
1107925215,4624720
714129943,4624711,4631921
1849329597,4624700
3689681107,4633786
1431188450,4624699
1377945452,4624690
320620355,4624689
2139125751,4628323
2350699510,4624686,4636311
2929660876,4624684
1718777367,4624683
2703721625,4624676
4147010239,4624675
1219534896,4624663
2945998398,4624662
529397792,4624661
2582879376,4624660
3489698249,4624659,4624984
2156331187,4624657
3359555208,4624653
4259292414,4636912
60194937,4628858
2003114287,4624644
2008665539,4624635,4626222
3038586888,4631152,4631360
1489163355,4624633
161990975,4624632
899560997,4624622,4634531
3206719233,4634040
696611448,4624619
212761864,4624618
2073593638,4627269,4631238,4639007
2099053468,4626680
1960001649,4624605
2426002642,4624601
2892110274,4624600
3208270240,4624596,4627927,4631888
1412693845,4624592
3593984431,4624589
4031882293,4624586
2696035926,4624582,4634235
1684044523,4624578
2004743743,4624576
1486568053,4624569
3963490429,4624564
884855722,4636902
3471291563,4624557,4631582
641845693,4624540
3979307781,4636385
191347983,4632708
1752601336,4624539
3383832954,4626958
1171708048,4624530
3444599221,4624526,4627231
2408573379,4640221
65163188,4624524,4627229
1073988271,4624521,4624551
771438811,4624508
1673561181,4624505,4633720,4641077
2844998765,4639106
2961291039,4624500
42591613,4624493
1658298725,4624490
3450111114,4624488
3498876918,4624487
2441845619,4624855
3924327801,4624484
1672259314,4624480
269589076,4624470
1452429639,4624469
1113868355,4624468
1262380191,4624459
3498289715,4624453
2686977744,4624451,4633321
797636870,4629359
3973480634,4624449,4630597,4639029
1363012043,4624433
770609898,4624429
3148217914,4624428
2010298480,4624427
106958907,4624426
3158458372,4624424
3890614022,4627557,4633151
2784757305,4624421
315631619,4633386
1315199975,4624420
307329032,4624410,4629587
3698951554,4624407
754017200,4624406,4626836
971067488,4624405
1289704726,4641280
48293702,4624400,4626353
3690070357,4631903
1754557503,4624396
3745837214,4624392
131718129,4624386
4217472102,4630008
2261617101,4624384
3356689081,4624376
484465016,4624365
848549374,4624364
1233212594,4637451
911852962,4624356
3068915308,4624342
1397039153,4624337
3041901691,4624336,4636548
3267140744,4624323
927461354,4632357
928618619,4624322
2755521759,4624313
4208201120,4634900
4164662239,4627060
4228157512,4624312
2177823748,4624309
3202813230,4624303
944985960,4633537
3244060043,4624298
1746848825,4624297
1566045121,4627570,4631222
2810387883,4624294
1073308115,4624290
3586169677,4629977
1244996865,4624289
817534324,4624280,4641449
1881608942,4624271
3560511064,4624260,4631355
3790306493,4624259
1362105909,4631648
1318129839,4624430
2959388779,4624258
4040641062,4624257
682127679,4632909
2178214154,4625252
763084795,4624256
3189275131,4624255
1302629923,4624248
3069970344,4624246
1525154588,4624245
3808435901,4624244
2179641534,4624242
3891146070,4624239
271207346,4635336
2049383594,4627913
2399957738,4624233
1773474295,4624226,4629200,4631447,4637836,4639315
4042627603,4624225,4629199,4639314
4267766283,4624224
2642285333,4624222
1790970868,4624218
2850042053,4624209
1887659002,4624195
2665270106,4639183
3058431602,4624182
400967333,4624181
3835144679,4624176
3725792254,4624175
2788614758,4624174
771803407,4624173,4638685
3020315082,4624164
3064464227,4624160
1163506802,4624159
2054432831,4624158
3320312612,4624157
3993601802,4624156,4637936,4639199
554635031,4624154
1145769401,4624151
2595730242,4624150
3817230908,4624148
3723221223,4624146
3961843210,4627548
1904920399,4624143
3416188794,4624142
3176440365,4624141
2629431603,4624140
2581995250,4624139
3651893665,4624132
145384236,4629909,4632719
4214868033,4624128
2974655821,4624125
3412958595,4635472
3839655059,4624121
374279087,4634073
3370052417,4624120,4634329
2066571599,4624116
202803178,4624112
3641214295,4639815
494816496,4631915
1898861828,4624111
3507677053,4624110
2565826064,4624106
4237875748,4628756
523492287,4624104
4037200705,4624100,4634951,4638819
2255635036,4624081
1429947728,4641455
292510535,4641052
659980748,4624067
868719525,4624063
839332022,4624062
3769494788,4627206
1916610655,4625345
3477632555,4624105
1987666726,4624059
836445267,4624056
3877399313,4624055,4625248
2480416018,4624053,4625246
3181072544,4624047
4044753112,4624045
1876353735,4624044
3904756084,4624043
1053772388,4624039,4635667,4639532
3933949331,4624036
886386688,4624032
2144645221,4624021
1427801218,4624020
776851872,4624018,4628501
1394155237,4624016
40196870,4624014
1144645693,4624006
1204495536,4624004
299294444,4624000,4638585
3953744736,4623999,4624474
487598268,4623998
1610804372,4623988,4640202
816065581,4623985
1861916784,4624065
118664222,4623984
3141754614,4623982
3613542332,4627365
903973495,4623981
1331738628,4625400,4625712
1774611085,4623969
2227494256,4623959
842089082,4623958
1122017069,4625896
2149539804,4623957
3356052156,4623956
2130756863,4623954
2570303806,4623953
1143420244,4623952
3546315560,4625132
1493661771,4623951
2143509928,4623945
3809000759,4623944
2845395105,4623938,4636363
2364673338,4623931
1704840809,4623929
1412095806,4638051
271006799,4629086,4631996
401469140,4623926,4624646,4629299,4638125
3744213533,4634288
235591789,4625874
3716336305,4623925,4629298
3139336040,4623920
774353794,4623913
3200976676,4623903
1919654792,4635906
1005955499,4623898
2054438129,4623897
853006576,4623896,4627961
2482113069,4635508
2475683819,4623893
798372743,4625462
27145630,4623892
2304209337,4623885
562521764,4623878,4631149
2820533761,4624879
2266306694,4623872
2527650904,4623869
906680289,4623868
2198955089,4623866
1666171229,4623862
1571663958,4624366
1965879851,4623855
1461235862,4623854
2524024287,4623850
984657803,4623841,4626673
1071587391,4625265,4630702
3434722521,4623835,4632587
580768858,4623830
498724402,4636955
71590749,4623825
3044721059,4623818
1563388290,4623816
1482785741,4630734
602492831,4623805
80954194,4623804
566060532,4623790
2878036407,4640052
774977298,4623786,4624611,4627438
1593059079,4623781
2814268780,4640647
183599699,4623780
134706367,4623779
1088450886,4623764
244887762,4623761
3817253826,4623753
416486200,4623750,4634307,4640851
146130028,4623749,4629602
1349298931,4623748
3862010470,4630017
2338123918,4623740
550794558,4623738,4629176,4630022
341580363,4623734
3765914072,4623728
2184702666,4623727
3626869817,4623726,4632626
2621596481,4623725,4624463,4626158
3197296153,4623723
1598477084,4623720
2662112850,4641536
494375486,4628379
2986944277,4623709
48037474,4623708,4629741
1829294980,4623692
181321919,4627455
1343576017,4623689
769050903,4623683
86150065,4623682
3914255127,4623674,4628102
3168301265,4623673
4270680055,4635874
1117158647,4625612
2727068564,4623672
719073186,4623663
1984841373,4623661
1571506526,4623660
224904479,4623655
2298081874,4623653
2647728710,4623649,4639627
2812822636,4624898
1442029385,4623641
3915915560,4623639,4626302
1487681247,4623638
2184835027,4623633
3287803975,4623630
2256718468,4623629,4629755
2891165503,4632882
2476530312,4624944
4270779685,4623623
1524596552,4623620
4155753462,4623619,4623815
2475096527,4623614
4233461840,4623613,4635720
3593649623,4623612
2217126929,4623609
508691717,4623605,4638421
3537446946,4641261
741263253,4635411
1966498284,4623603
4176069740,4623600
2791592394,4623599
159835645,4639490
4108218089,4623594
1700434189,4623823
4223554776,4623590
2160179828,4632466,4637823
2448956021,4623589
400194125,4629348
1134594494,4623588
539417731,4623579
2410778126,4623575
2085720264,4623569
393959910,4623568
4037893379,4623561
1070381906,4636046
1081697386,4632485
341253522,4623558
238396449,4623557
2987796723,4623549
86624392,4624701
869192702,4623543
3027309700,4623542
712780654,4623538,4624279,4627784,4632501
3874041272,4639376
525250683,4623531
3152102335,4639683
3969465746,4623521
904793381,4623519
994781798,4623514
1182171595,4625938
384250236,4623512
1841113256,4623509
3843999398,4623504
2991671810,4623502,4624934
724410136,4623497
1021061649,4623496
727197491,4623493
3740116327,4623492
3694335321,4627654
3139156725,4623487
2673212062,4623483,4634292
842182130,4623479
1978006875,4623478,4630364
2266872984,4623474
1434820339,4623473
780022757,4637822
346691307,4623469,4626326,4629169
2677911816,4623468
316664029,4639621
3832126495,4623467
3589112821,4623463,4624051
4093946584,4623462
349100203,4623461
2742189273,4623460
132505275,4623458
4211014670,4623452
1290738875,4623451
2654170019,4623449,4628520,4632202,4632617
2898655298,4640185
4032003488,4623444,4640022
3962248769,4623443
3867550846,4623440
3075423327,4623437,4632817,4638961
4290861847,4623436,4638960
912022798,4623423,4632431
3556693433,4623421,4632429
3816581037,4623418
2385174840,4623417
1695401767,4623412
749146957,4623409
3213481790,4623408
1099995201,4628138
1878011602,4623407
4191354571,4624541
1024408889,4623406
2269981965,4623405
2451434881,4625259,4634472
1958079953,4623403
938816821,4623402
1664982861,4634418
3210137372,4623396,4641498
2557236759,4623395
1601191398,4623394
2297381702,4623392
1187700230,4634855
945471807,4623778,4624441
1392767588,4623390
1901241745,4631738
3986376105,4627233,4627299,4632294
589314707,4623380
2832024943,4624667
385721035,4623378,4628410
4140551379,4623457
4110513923,4623372,4626723
440406801,4623371,4629404
396656466,4623368,4625810,4633091
1768192577,4623367,4631169,4638753
3699268246,4636565,4639945
1112960990,4623355
3830392261,4623354
3752396361,4631531
3032628965,4623350
3175392419,4628244,4633084
1582610024,4623485
3349856547,4623337,4638009
2186630278,4623331
3278633853,4623330
722118819,4623323,4634642
2349698607,4627035,4631774,4637789
2898319368,4623322
3554973096,4623321
1377888034,4623313
4105063362,4623292,4630574
1766200017,4634023
1704736387,4623291
2962756158,4623290
1714854349,4640930
2517739089,4623285
3590721675,4623278,4629242
110468031,4623277,4629241
1305300785,4623275
3501936873,4623271
726391982,4623269
1269216117,4623268,4633313
4156072838,4637543
112948966,4623257
1355677083,4639894
1926851653,4623256
3572781495,4638886
1408515926,4623254
4107418501,4623250,4623550
121120263,4640122
3745468507,4623248,4623280,4633292
1110296644,4623246,4630801,4631056,4631485,4633290,4640995
2856796304,4632356
850484549,4623222
249816189,4623220
4283649138,4623219
4059968436,4623218
1546008350,4623215
2645540805,4623213,4630140
2589988932,4623208
3038730941,4623207,4628275
960828690,4623206,4628274
3642277883,4623205,4628273
2155951962,4623198
485613829,4623197
1281161289,4623195
189128363,4623192
2434892856,4623189
3565763362,4623188,4631874,4636070
9037603,4623185
2628833793,4623184
3597159365,4639797
79562388,4623182
3789184436,4632426
3663582608,4623180
2870164413,4623177
590354366,4623176
3561612526,4623175,4633331
3006972178,4623159,4635057,4635088
764778150,4623155
2232095162,4641392
3424155263,4624858
3915298529,4623154
80949939,4630462
812264268,4624090
3274589867,4623151
1028720430,4623147,4623183
4197034381,4623145
2302675342,4623144
2144646668,4623141
365363185,4623181
913109568,4623139
4249207851,4623138
2898945099,4623137
1550946358,4637327
2852740898,4623817
2847777517,4623135
484857659,4638721
3805359548,4623127
2567861068,4623126
17249820,4629438
3958688674,4623123
2898611221,4623120
3943092361,4623119
618051531,4625647
3506713556,4623110
1439475886,4623109
2170835999,4623108
2709242947,4623104
3179596046,4623101
799259412,4623100
4231758389,4639589
3973353973,4628671
4284375371,4623099
424091225,4623098
1665595670,4623097
1017612394,4623095,4640322
1117931355,4623094
482931775,4626525,4629148
3153667942,4623084
3966053091,4632753
2722944745,4623083
1334792475,4623376
3779450495,4623079
2195720637,4623076
2582636158,4623073
924433561,4623070,4631758,4634086
3827112790,4623054
887250836,4623050
8118543,4629104
1525807298,4623042,4633128
2096468156,4623031
1528349369,4623030
3522866500,4624411
1866614549,4623025
4153118831,4623024,4635219
2856425359,4623023
3127932054,4623020,4630211
879950428,4623002
1067797792,4622998,4629409
2046762818,4627513
7276133,4622988
1505207355,4622980
3612145485,4622971,4632982,4636893,4637287
2776721319,4622965,4625677,4632157
2300907774,4640968
2267629976,4622964,4632156
1698808510,4622956
1734957223,4622948
200036582,4622930
2328156496,4622929
2444617659,4622927
3514733494,4622925
1053393985,4622921,4623420
2086727300,4622918,4626842,4628428
2444783560,4622914
1141968853,4622909
753994906,4622895
207880115,4622881
673372853,4622878
1717707064,4622873
486731628,4622872
2922138006,4622871
2272231876,4622863,4625722,4637113
686517719,4622861,4622907,4638152
404546899,4622859,4622905,4638150
1217621720,4631144
1891587139,4622856
1223871512,4633602
1940655736,4622850
2336881064,4622848
1210778052,4622844,4633031
1524598956,4622843
3967567780,4627430
4165562963,4622839,4623770,4625393
1763749606,4622834
1160538959,4629858
913167136,4629005
1072226781,4622833
1337338820,4622832
3825939495,4635026
3819201641,4622830
3009938502,4622825
523120165,4622822
4268998169,4625720
3409741765,4624529
1365137397,4622821
1831853588,4622820
2851398218,4622815,4631234,4635465
971393389,4622814
549837665,4622813
3671769022,4626193
3662459468,4622809
2445014466,4622805
4207160250,4638907
3213558238,4634976,4636214
4245864335,4622798,4624994
3269381069,4622797,4624993
3778929412,4622795
879412663,4622794
4139004724,4630359
2399841165,4622792
3854783552,4622791
1341331311,4622784
3352373136,4622782,4627785,4633425,4639302,4641438
110393201,4636319
2803143120,4632437
2466096118,4628491
3105060700,4622778
3153763723,4622776,4629556
512594904,4637748
556185219,4622774
3121977250,4634068
3648378523,4622769
2150762392,4622764
1259821823,4622762,4624030,4628227,4632530
79231057,4622757
752415717,4622755,4630127
764950961,4622743
3470885076,4634394
1520636381,4625449
1651278741,4622742
1933668277,4638572
1065668093,4635021
3717193661,4622741
1219624941,4622740
743272840,4622738
1488071322,4622737,4626487,4630798,4633103
3795981874,4622736,4626486,4630797,4633102
3444956717,4622734,4630219
1054265108,4622729
1997084114,4622728
2839163186,4622727
1526076712,4622722
705740939,4638411
1657398524,4631303
699363123,4622721
2859974269,4626712,4640270
71094204,4622720
3237427825,4622717,4633730
1360627264,4622716
2517876712,4622715
184996043,4622713
1863440374,4628909
2235642515,4622707
1916462444,4622701,4641586
881448724,4622697
2867575676,4622694
726310965,4639297,4639703
1455439349,4622686
810648981,4632697
4240756724,4622684
3338895459,4622681
96064960,4622679,4623871,4627675,4639689
2739938389,4622678,4623870
1514837452,4622673
1346299569,4639287
3816365985,4622672
684308905,4630001,4641542
4127866639,4622670
4143280951,4640730
1850044627,4633196
2381615017,4622668
1595683542,4622667
696468758,4622666
2827477907,4622665
3206744844,4628599
2986144418,4626631
2357466636,4622661
139893948,4640106
2026415917,4632872
344652702,4628352
2659748476,4622659
1989851924,4622658
3401964206,4636583
1587398403,4627622,4629164
2141316866,4622657,4633296
81029122,4628062
2996179657,4622636
1727926856,4622634
935482635,4634931
253493512,4622633
2904669081,4622957
1976131079,4622623,4631525
980379740,4622609
2848117870,4640657
2443615177,4622607
788968396,4637445
209281499,4622605
3200838980,4622604
1764178625,4622601
1771254376,4622599
2543229626,4622591
2304051197,4622585
2284644403,4622584
4206808884,4622582
1904168430,4622576,4623858,4625114,4626446,4638259
2402568538,4622573
129134758,4622567
4169564940,4622566
345243600,4639577
2808392143,4622564
3419074223,4622559
3132793494,4622555
3938598051,4622554
4088194888,4641237
2959115720,4641157
1590456980,4637320
1574203836,4622553
4054511040,4622548
163174539,4631301
2792763506,4622547,4639848
2522650074,4622544
433769683,4622533
1777056309,4635371
3222994634,4622532
1525001643,4622530,4632095,4632134,4633263
1194100513,4622524,4627611,4630785,4630977,4639569
575634455,4635473
247562686,4622520
679031603,4622519
1337666915,4622517
1672820383,4622511,4630842
265246243,4622510,4630841
156361152,4622507
3564365934,4641550
3928827258,4622503
4044012554,4622501
142049194,4622498
1296600639,4622488
827646724,4622487
3653090767,4622486
2291124556,4622485
3849897876,4622484
1355779660,4622481
62058798,4640207,4640231
3690444611,4630155
3502993398,4622478,4626785,4634910
597667905,4632243
2949358970,4622465,4634115
2395856047,4622458
1705695124,4622457
1444366955,4625164,4629800,4633797,4635863
8458260,4622451
3190210409,4627868
1172171702,4622447
998600376,4633891,4636800
3252669709,4622446
2307787461,4622445
2713052026,4638608
2271851174,4622444
114711857,4622443
2728500650,4634209
1990474184,4622437
2276792550,4624891
4096347451,4622427
638335288,4622426
791452699,4622424
2223726328,4622423
1003402150,4627574
235826851,4622419
2766883042,4622405
2636980718,4622402
1438424638,4622400
2200359602,4622399
2130924801,4622398
837685406,4622397
719557420,4627713
2287471476,4622395
3546454848,4622394
818489438,4622392
2595114719,4622391,4624902,4627326,4630749,4638436
499240820,4634413
1069052389,4622390
3348562255,4622382
647788631,4622380
471426945,4622379
1403706532,4622375
3108283510,4622364
1563884651,4622361
12695725,4622356
537917807,4625173
639319938,4622355
288481943,4622354
2424003407,4622340,4631388
709494728,4622337
1805026163,4622335
1427982279,4622332
4075048631,4622331
3067690508,4622314
1694108435,4622309
3727857848,4622302
1061373323,4622300
3550119510,4622298
1148186196,4622295
1077560248,4622294
547072794,4622293
1976426056,4622292
739027492,4622291,4622581
3748979155,4636694
2383355021,4622283
2952305113,4638285
1405787601,4622280
1625622663,4622279,4639317
971597130,4622278
1734269137,4622277
1337635982,4622271
2181237603,4622270
1706469033,4622269
2830926369,4622267
3808664910,4622265
2493663739,4622263
889412928,4622222
3996150931,4622221
1694860068,4634883
1329318630,4622220
2061493957,4622214
1198487121,4622212,4629861
3604172292,4624769
2515263078,4622211
827880296,4622210
1664793393,4640764
2899209393,4622209
568833873,4622208
3820309028,4622206,4631277,4632922,4635604
3577208826,4633831,4635401,4636027
529358571,4622202
2455228901,4638481
3130145849,4622201
3103866616,4622195
3253903829,4622192
3292453430,4622191
697358716,4622186,4639347
3084717324,4622184,4624923,4625486
2530271660,4622183
1566016546,4636810
1807139138,4622170
1456937118,4622169
1141957732,4622168
1116170136,4627730,4632075
4110966220,4622166
3313316421,4622164
3668169717,4622162,4627295
1913925114,4622149
2135756739,4622141,4639126
2909560353,4622139,4622508
3484717394,4622137
3690960789,4622136
2784351547,4622133,4641306
1112629645,4622875
2909527869,4622132,4638896,4641305
2062627574,4622131,4638895
1089104251,4629371
3779771093,4622130
2208612697,4622125,4631181
1466022988,4622118,4631968,4634333
3676493355,4624501
2293253076,4622117,4631967
753481094,4622113
3938844804,4622110,4635413
1638819799,4634386
1410504273,4622108
2488370709,4622106
432624997,4635743
3256814503,4622105
2447073980,4622101,4622653,4634388,4635006
1285275726,4622100,4634387
1282138904,4623058
2399311101,4622096
885499701,4638943,4640692
331401219,4622095
593385257,4622087,4639030
1293976835,4622080
3280022695,4634716
858381390,4622079
998719581,4622072
4213825945,4622071
880759581,4622070,4638939
2751205680,4622069,4638938
2552880962,4622061,4636446
1294716931,4622056
2145810231,4622050,4631614,4640490
2205428758,4622268
744188818,4622048,4632746
3977871904,4634155,4636168
680155277,4627309,4640001
45382566,4622047,4632745
2877497519,4636975
436337011,4628648
2741968929,4624534
3095757698,4622036
3000336269,4622033
3833329913,4622027
3523059322,4622013,4622685
2179169164,4623899
1755944495,4622012
2504229070,4622007
1799372022,4622006
4143139373,4622005
2867681822,4622004
4196152349,4622003
1810142822,4627959
2490357472,4621994
323413822,4621989
345768892,4621988
2442383012,4632474
4196436714,4621987
1840867895,4621984
2803545808,4622171
810015402,4621980
338422415,4621979
2020995705,4621976,4627225,4627845,4631098
3897432029,4621971
2903738752,4621968
2544399241,4621964
3040225008,4639238
1584848544,4621963
1567118618,4634562
1175654444,4621953
3480939722,4621949
443311960,4621942
3971757208,4623686,4631858
2280350118,4621941,4635780
1213039803,4621940,4630510,4635779,4636417
208274876,4621937
3045149166,4621934
2807584,4621931
3972818513,4621929
2129992880,4640806
3074912611,4621928
3686965448,4621920
3937855429,4621919
187308301,4622723
2913541754,4622496,4625846,4641132
2507676060,4621916
1632666093,4621911,4622789
2069417795,4636666
3084853540,4625318
2435679309,4621909
2999397977,4621904
1276361629,4621895
2552978253,4621894,4623853
726501423,4621885
1353544371,4621880,4625117
533006292,4621878
289797604,4625465
429980971,4621867,4624002
1809431761,4632643
2770193164,4621866,4624001
227153445,4621865
645927880,4621855
2580916585,4621854
1008233346,4621853
908270307,4621852
4227099368,4621850
4098956736,4624007
197456383,4621847
2253183220,4621833,4629712
132338568,4630736
3590529275,4621826,4631242,4637058
2560998489,4621825,4631241,4637057
1331492590,4629212
4060632064,4621808
3213874901,4621807
1262560575,4621806
365954466,4621804
71368195,4639420
490478144,4621802
2512530795,4621801
2666714490,4621796
2532785175,4621793
29838199,4637125
1690024851,4621792
2462561526,4621791
365355568,4624783
240216646,4623204
864445387,4621790
1772108871,4626083,4630377
2738553731,4621786,4636728
56677084,4638207
815740056,4621783
3635360064,4635748
1692723601,4621782
2571114067,4634229
3014372279,4621781
3169796123,4621759
2436030669,4621750,4639965
242351261,4637592
2291610406,4621746
1097945350,4621745
1948300558,4621739,4627924
2304195909,4621737
678913466,4621736
9671428,4621730,4621754,4622500
2016025789,4621729,4621753,4622499,4630674
2929908258,4621726
3853735494,4621725
1550254745,4630621
2710117162,4621724
1510674586,4621723
1513417656,4621722
3046571517,4626970,4628015
699200908,4621721
1484096738,4621718
1498814799,4621708
2957898240,4621707,4640243
2235735152,4631530
1482381354,4621706,4632176,4640242
743512872,4627448
3729796629,4621704,4640240
815083911,4621703
1030466548,4621702
913776534,4635915
899477882,4621701
1647635160,4637963
1211706293,4621697
4231700082,4621696
3586279177,4621692
3854328168,4621691
1592043192,4621689,4630298,4635285
2363366261,4624718
1309457884,4621687
2379404185,4638096
298667432,4626734
683573771,4621683
2405490527,4636275
50687705,4621679
2800175871,4621675
3700711427,4621671
888466397,4621665,4621742
4178085579,4621664,4621741
4052557870,4621659,4641272
240549624,4621656,4622107
1508233292,4621654
1653477005,4621653
1593139582,4621652
1434768105,4621645
1251973068,4621643,4623235
2334255012,4622739
2166708757,4621636,4622588,4628280,4631180,4632557
3766681938,4621626,4628690,4629737
4117735626,4621621
677688616,4621616,4624203,4627186
2890650348,4625097
201629394,4621615,4625328,4627185
82114469,4635379
1994199136,4630641
2649674032,4621614
2498464666,4639622
3245800686,4621610
464524322,4621609
3651893742,4625626
1912653032,4621608
1702965927,4632035
2954843770,4621607,4626305
2424853006,4634255
5629099,4632406,4636229
980817739,4621605
1816608463,4621603,4638546
839617546,4621602
1245813309,4621601
1638921920,4621600
142386764,4621598,4640713
104644917,4621581
2974206517,4621578
3668885658,4621575
2391124635,4636386
1530428079,4622275
1337087673,4621571
2518675606,4621567,4630858,4631989,4632250,4634190,4634253
3518941578,4621563
1696553759,4621562
579619800,4624436
4002243896,4621561
3407182631,4621560
1711041894,4621558,4630166,4637105
4196202074,4634398
841007952,4621557,4637104
163726643,4621552
4061977635,4621551,4640384
1556548013,4621549
2730742806,4624230
1603438111,4621547
139970182,4638628
2938699858,4621546
753177679,4621540
2695908802,4621539,4629808
3853714637,4621538
2739424033,4621537
2878351481,4621526
608598032,4621525
1398216426,4621522
788438591,4621983
1314839864,4621521,4625430
2622797517,4621520,4625429
3800073559,4626072,4626795
459280957,4621519
2693878702,4621516
2519863504,4638315
321831514,4621513,4630512,4637781
2338263187,4621512
3675965125,4621511,4627067
3310550132,4621510,4622054
4001293635,4621506
3240021590,4621505
3378870328,4639188
2406510558,4635781
578160443,4621504
4148793998,4621503
434738259,4632496
1528456552,4621502
4206042614,4621500
3238678802,4634730
3769246229,4634479
749658957,4633347
1716901044,4621498,4627760
154592537,4621496
3318422869,4633789
3500499229,4626657,4636318,4639458
3896926784,4621494
991005159,4624762
2997522650,4621493
2542316395,4621492
184999325,4621487
2247048429,4621486
1245988531,4621483
1936698474,4624394
3061920092,4621482
2698478307,4621481
2972531918,4621480
2948925012,4621479,4640012
2039614009,4621478,4640011
3687901692,4621477,4640010
4060482683,4621476
1107517446,4631448
3052211269,4621468
874262600,4621459
1912387515,4621449
1764655046,4621447
3013348041,4621446
2598216517,4624377
2565067304,4621445
3570550106,4621439
2285217091,4626176,4626998,4630755
3390636619,4621438
2994419948,4621433
3829460961,4621417
1964162431,4621412
3819145508,4621408
360809782,4635738
2404334036,4621407
1427788288,4621402,4623644,4628723
3824796598,4621399
3851929131,4621392
2760567546,4621391
2771289450,4639360
2773835433,4636367
2663020880,4622311
831584725,4621387,4630892
4004533625,4621386
3794359556,4621383
414150183,4621382
3259238166,4621381
4051723981,4621369
1263088407,4628581
2958198745,4621364
2224780196,4627270,4631239,4639008
2717055010,4621360
3979274138,4621359
3561151001,4621358
2979634943,4623363
1497667101,4621357
3808508037,4621356
2908633240,4630591
3648305594,4621344
4013027508,4621343
3219443873,4621342
1146240818,4621340
1172959896,4623041
1273744819,4621338,4621353,4623148
3673102987,4627529,4631862
922875573,4621336
1040140218,4621333,4623093,4626316,4633907
638872000,4621329,4622121,4623809
1267453205,4637508
49830406,4621328,4622120
3457202124,4621324,4640090
2774532184,4628271
807464571,4621320
1954169353,4621314
1593176752,4621307
1034270283,4634316
893881180,4626710
2341105355,4621306
658367029,4621305
4002480530,4631969,4632916
3287959402,4631305
2325629262,4630870
2828550914,4621302
3371924407,4621300
153703348,4621298,4623353,4624527,4624754
4028196315,4621296,4629156
1434122897,4621290,4632523,4633828
306196483,4621288
3105793409,4621286
3938994932,4621280,4625096
359957032,4621279,4637084
4048207756,4621277,4625017
770829708,4634184
1161445221,4621267
2984687658,4621264
2658551174,4621251
3040529669,4630193
3193340083,4621244
3485138303,4621243
850021091,4622165
4014677960,4621240
1568883968,4621238
1726764964,4621237
3231944038,4635416
1009043709,4621235
3944947283,4621232
3890834217,4621228
966955609,4621227
1931247325,4628883
4245211551,4621221
1044681630,4621218
1354923475,4621217
542058713,4628385,4631373
3077163422,4621215
1088832518,4621211,4640014
304244074,4621209
2728198294,4622386
2607714149,4621208
283463775,4627840
3914935628,4621207
3216151203,4639436
2477919001,4621203
1468004550,4621198,4625667
2434340583,4621197,4627386,4636472
3229532813,4621196
2234033892,4621195,4636939
139062691,4621191
3237377066,4621188,4632656
1768063966,4621187,4632655
971176727,4639080
2015055474,4621180,4623199
262835919,4621179
3455889805,4621178
3039080501,4628375
2272585316,4621176
709371966,4629080
3085211294,4621175
2907452336,4621174,4624291
3550624020,4621173
2216326741,4621172
2655018914,4621169
3320747198,4634173
3802760929,4621166
1668465007,4621164
3177851582,4621163,4634504
1708134673,4621161
1524606200,4621156
3326664175,4630324
2781798096,4621155,4622970,4632981,4636892,4637286
1465211146,4621154
600174228,4621153,4631482,4634356
1075614143,4632553
2465232238,4621150
2936633690,4621145
354704137,4629175
1386032988,4621144
1051586216,4632415
1576110148,4626527,4638308
1106594879,4621141
1582034883,4621140
895702548,4621139
1470206679,4621135,4625958,4640739
648232571,4621129,4627498
1118376735,4621126
1888908923,4629159,4637603
666862800,4621122,4627000,4633140,4639656
3487090016,4621121
2246300591,4621120
2449859604,4640827
2754786073,4621119
3368553136,4621112,4630947
4147293331,4621102
1618731853,4638440
307293438,4638048
3077014338,4621101
538724555,4621100
3450265649,4621099
284787462,4621098
154598809,4621096
3200362394,4621093,4621435
3438795521,4621869
2240229019,4621091
218059124,4621089
1095535680,4621087
2170526174,4621085
2568915062,4621081
1737724478,4639058
1538649181,4629809
2760335266,4621080
3073641001,4627076
3818148151,4621078
3923014740,4621076
3237623587,4621074
3069545683,4621066
2452582433,4621065,4621748
3796343318,4630703
3289975588,4621062
3048935168,4626788
460879156,4621059,4624136
2149458914,4621056
2266982660,4621053
372042713,4621052
1389957895,4621051
1151794058,4621047
4244511951,4621045
1067192377,4621043,4638327
2624560187,4621042,4638326
3285975385,4621041,4638325
2240948934,4622864,4641338
3614391036,4621040,4633024
498960842,4621038
3451210668,4633131
972734793,4621036
1638034705,4621035
1159916815,4633493
1332143564,4621031
2909885095,4640305
3334344180,4629370
2537142897,4621030
3339715451,4621029
199866293,4621022
3382621043,4641514
1094965308,4639116
3630507206,4621010
3119360813,4640364
1834565210,4621009
3816316794,4634243
3037143128,4633596
2371767187,4621007
3984632946,4625902,4633619
2257710679,4621005
4192306237,4632914
496850488,4620996
4291071313,4620980,4626120,4630438,4640170
4277802670,4620977,4621927,4632120
376020881,4636106
2360524620,4630290
491670230,4620975
2771695130,4620974
3517955839,4620971
1236385487,4620969,4623707,4629740
1149934983,4623022
3298127427,4622785,4632312
1858464050,4620963,4641389
3562703277,4620962
2256833903,4620961
2405118981,4620960
2375329425,4620956
1380989971,4631931
1609022610,4620954,4629024
348198978,4620950
1872612854,4620949,4624019,4628502
3069461418,4624734
485262956,4620947
2859680043,4620946
1131630123,4620943,4632316
2062279078,4629535
671503718,4620942
2900025142,4620937,4623628,4629754,4630207
3103039438,4620936
142894099,4620929
735869997,4626499
2147939033,4620928
3932128940,4620927
3744304926,4637749
4155699775,4620926
2257276282,4637713
2137049307,4620925
3695094536,4620924
3077740498,4638486
376401101,4633538
1496967942,4620923
3940930067,4620922,4623576,4630063
3658709635,4632937
1058103727,4620915
2896218649,4620911
1175284580,4620910,4635996
4157411232,4620909
1605158347,4620904,4639471
2422297809,4620901
4291542522,4620900
2353271879,4626924
415393061,4620899
70656082,4629558
2901300555,4620893
3343258287,4632740
3237947172,4620891
3366510672,4620890,4641141
2803915311,4636609
2669338250,4620884,4627530,4631863,4633565
629880506,4620876,4624826,4628446
4081398934,4620874
1640163104,4620873
2048298278,4621788
4082230091,4620870,4624555,4638393
653098351,4630639,4638524
2002237888,4620869,4624554,4638392
1883675584,4620860
894109384,4634242
4120384185,4620855
46677704,4620851
4176561225,4620848
2773910391,4620846
1193682174,4620845
2776174171,4620844
1625552896,4620828,4622765
1175461303,4620827
3973661062,4620825
2588234321,4620823
1503928539,4620821,4636539
1908946023,4620817
1539559154,4620816,4621355,4634322,4638191
1220702793,4620812,4640163
4035391647,4620806
2961202642,4620802
358541226,4620797
2531806747,4620795
3382501047,4636348
2696088600,4627395,4633604,4633883
49114941,4620794
4129132926,4620792,4632877
3274640336,4620789
2278349490,4620786
194025701,4620785
2454966317,4620781,4636411
2807744990,4620778
2204658529,4620776
2900046020,4622273
3110488231,4620775,4624293
3910527084,4620770
3865996312,4620766,4641496
2706547499,4620758
2131716867,4620755
4181426844,4630604
4107567620,4620745
2613499053,4623375,4638614
540348815,4620744,4623567
4190498201,4620741,4626501,4627779
717199975,4632334
2308310765,4627707
952536242,4620739
1242435943,4620737
2789683843,4628542
3181096583,4624880
4145175479,4620736
2573434799,4620735
2135781542,4623927
3018208963,4620732
2765592671,4620728,4630814
3684366399,4625915
3304114837,4623377,4628409
3084774544,4620727
3563011562,4620725
1451546323,4620723,4632056
3133617003,4634850,4638737
1601295275,4620722
2936876996,4626736
4228384736,4620718
3021386624,4631092
2604179733,4620716
1268847707,4638980
2392474871,4620714
3021049867,4620713
1902247442,4627129
3605330050,4620708,4626594,4631236
1400243365,4627336
3843178346,4620703
3171530239,4620702
2974277295,4620701,4627866
3834324837,4639558
596914575,4620700,4621069,4627865
864902269,4620699
1055679979,4637159
2029788505,4634317
2703316735,4620696,4634230,4637778
1530236551,4620695
2804761243,4620694
3419337248,4620692
3919056714,4620687
2383979301,4620685
92250577,4620682
376532788,4620681,4626986,4633144
1175367856,4620674
2579713833,4640871
2668823238,4637814
1433352841,4620673
649061937,4620671
1810742538,4620670
2709052222,4620662,4637078,4640789
215776144,4620661
886865646,4622563
1498364472,4620649
4155145389,4637878
178319943,4620648
1930653439,4620639
1667267876,4620638
2027311079,4620635,4639048
1800805497,4620632
656938606,4620630,4639121
3397974815,4620628
3124168652,4620627
330179240,4634320
2760795778,4620620,4634741
1820805191,4620618,4621998
295566623,4620607,4623201
3394919254,4620605
3182427497,4620601
1431683096,4620600
3800105292,4623739
1570698562,4620599
2356480220,4621499
1406185636,4620587,4623255,4623364
1774586990,4620586,4634508
2529669217,4630466
3990214798,4620582,4631739,4636170
4266921107,4620581
3875276371,4620580
765379165,4620579
440594325,4620578
1752175927,4620577
3542180899,4620576
1903674929,4620571,4621380
2972301480,4620570,4621379,4627275
2888917213,4620561
681823369,4620560
3676177808,4620557
342094841,4620555
3483601453,4632153
1769820573,4620554
3812136887,4620552
3346111093,4620550
1639410528,4620549
1456763320,4620547
729837935,4620546
588609511,4620545
3918508646,4620544,4634602
1196226541,4631059
993833751,4625366,4626671
4153192918,4620536,4621183
3846256904,4620533
1948579223,4620532,4638102
1959015116,4620531
2391678623,4620530
794623499,4625054
908395507,4620529
1924396847,4620527
3672446471,4631506
3063082156,4620526
2885957901,4620525,4635562,4638752
1749449206,4640941
2563700860,4620521
1824331216,4635228
1543810180,4620519
718799440,4634631
756680581,4620518
3942733816,4620514
7279403,4620513,4630809
3901870057,4620512
4243820791,4620505,4640579
1359468028,4620500,4629147
2400413373,4625798,4631291,4633155
2034589048,4620496
714986449,4631889,4634893
1521342984,4620491,4626713
3895428832,4620490
2884166400,4633525
4265246451,4620483
68171662,4623470,4626327,4635899
607328567,4620481
4240142546,4620480
896744528,4620468
4168566032,4620464
3041407596,4620458
3610148085,4620455
3114407243,4620450
3822444015,4620440
2795449553,4620422
536322408,4620421
2606098697,4620420
3222217039,4620416
1032534475,4636273
1418623796,4627935
3725335828,4620415
251579288,4620409
781743695,4628974
3937425331,4620408
3580477466,4639268
649433825,4634277
1232001026,4631728
2011148975,4620407
3202582200,4620406
2101149110,4620403
1907693438,4622994
3268457059,4620402
2644508058,4620399
3236438556,4620395
3047831195,4637714
620429282,4635338
791730219,4620390,4641206
4267314932,4620385
3314979976,4620384
1885478196,4620381,4631806
1034068437,4620380
248291255,4620377
2031048015,4620375
670348511,4629091
3621554280,4622039,4624357
4267333867,4620366
2974685089,4623161,4629344,4629504,4630965,4637308
4181326729,4620363
3135141166,4620359
2426679600,4620357,4629942
997312662,4620350
2737026856,4620349,4629039
51455102,4620347
2120339826,4629498
2363082589,4621856,4624495
232917762,4620346,4628643
4002212554,4620345,4635947
2174906610,4620341
3848569282,4620340,4627521
3967864035,4622908,4638153
2777861294,4620335,4640676
4248688321,4620334
1229894615,4620327
3656382532,4620326
2108190400,4620325
2548665603,4620324
2712163043,4620322
1409615716,4620314
1030121386,4620313
4273726664,4630949,4636645
1347980725,4620311
3604055116,4624873,4625347,4637832
3434297199,4620310
403467405,4638294
204032070,4620300,4628687,4629318,4630760
1945625895,4620297
3854311603,4620296
2905329264,4620291
551524154,4620288
2633792776,4620287
2434103151,4636131
2437857833,4620286,4626946
2135341093,4620629
1663511294,4620284
3740133437,4633592
1308642521,4620278
4162614779,4620277
2979690044,4620275
1680197462,4620274
4089991428,4620273
3691994887,4620267
1185810259,4620263
1147713613,4620262
2226915514,4634634
1194146511,4620259
3364138541,4620258,4637782
654832310,4636320
1471964268,4620257
1660781837,4639187
2369645225,4620253
1241042783,4620243
3163640733,4620241
1522815830,4620240,4624375
4201681828,4620237
3146012022,4620235
1598251934,4620234
870795510,4634034
2963644970,4620232
828652865,4620227,4640257
273843072,4620226
4080713416,4620225
2191729964,4620219,4636937,4639442
268204290,4639878
1314166114,4638158
995995390,4620215
2082392922,4620214
2073291570,4636805
3508171585,4620207,4622883,4623169
3754972789,4620198,4621773,4629666
498135264,4620187
2955694519,4620186
3062422490,4632762
1901274223,4620180
3092765627,4627288
3966243532,4620175
3318043642,4629500
4286648730,4626667
3940832231,4621450,4633688
1519062341,4620805
2740234086,4620172,4625341
1642433629,4620171
449505763,4622468,4629232
1780977721,4620167
2028435685,4620166
940784466,4630346
3820394107,4620164
1897339018,4622514
1204085849,4620163
1060676328,4620150
3798052064,4635436
873129069,4620146
4044171558,4620266
2101432227,4620145
2072847898,4620142,4631164,4638732
1741056194,4634945
2932627672,4620141
3971114378,4620140,4637485
3367858460,4620136
387554062,4624435
2749326191,4620135,4626343,4631351,4637110
2301091310,4620134
860876968,4620133
3862483892,4622711
1512567300,4620128
2982433134,4620126,4629572,4634907,4639594
881612615,4626643
1610329527,4620124
3679697949,4620120
716240264,4620118
2089549344,4620116
1548794540,4620112,4621347
1462134182,4620111,4621346
3828260411,4620110
1672504955,4632073
3732873844,4620109
3964546190,4621182,4631572
3832129357,4620108
3486748330,4620107
2582317795,4620106,4635739
3263591532,4639534
1360945004,4620105
680360809,4620104
1614472520,4620103
2610334980,4620101
47577182,4631403
1891666101,4625300
1680632399,4622714
2588108178,4620099,4638876
1677207289,4620095
278196571,4620091,4638591
2219496701,4621083
3469805807,4620090
1879653436,4620088,4627492
4201013401,4620087
139715695,4620085
1104255578,4641322
3620123971,4620083
103685688,4620082
3207859570,4630836,4633000
1924889874,4626475
3882493631,4620080
3810994298,4636529
1850047331,4620076
1292079487,4640192
3030985876,4620075
2859327754,4620073
1763979335,4627772,4630860
4128914655,4620065
1328793163,4620059,4634453,4637307
92521281,4620058,4637306
1758766567,4620057,4632372,4633008,4637876
4056594873,4620053
4161827745,4627543,4634748
2604509093,4620047
1489087649,4620046,4639706
941915973,4620044,4639704
2524813970,4620037,4620517,4624049
3220123834,4620036,4624048
691386705,4640820
3419574650,4620034
3935146715,4620031,4626128
2000017454,4620030,4627075
1397359177,4627874
3424167381,4625038
3381039972,4620029
3062123939,4630683
3472798712,4620028
909275158,4620026
1947606440,4620025,4626211
516812411,4620024,4627508,4636940
2508085153,4624654
2704022976,4620022
838130271,4620016
3120229101,4628320
343204573,4620014
3811834072,4620013
2986030917,4620003
3960845944,4638033
2760556403,4620002
3780361572,4641591
1576851861,4620001,4625926,4633443
4024767352,4619999,4625924,4626279,4626534,4633441
1982349371,4629326
2296688262,4625266
3497517860,4619996
1077467351,4619990
3736112276,4619983,4630816
3432642281,4619981
4179285640,4619969
2515237374,4619964
3613632894,4619962
1824512009,4619956
2362016992,4637317
905637565,4619955
486711791,4628377
2517866168,4619954
336725075,4621752
1461740957,4619953
4025111353,4619951
1272086163,4619950
2324120201,4619949
2385301073,4619946
2899930584,4619945
2990167032,4619943
3109112902,4619942
511466619,4630834
1268806552,4619933
365625846,4619932,4627096,4633187,4638213,4641271
1732585925,4619927
3770133355,4619925
1744683357,4619923
953108829,4619919
3759861958,4619918,4623941,4624343
1996408914,4619917,4630771
769947567,4619915,4636114
2631693387,4619909,4637810
4269482573,4619902
4171241645,4625452
15785917,4619892
1754169787,4619889,4636590
362955119,4619887
3226126802,4619886
4282796453,4619881
3360052122,4626711
3274645965,4619877,4623116,4636220
772801416,4622307
3486639275,4619876,4623115,4624575
2817871080,4619869,4621374,4631142,4631625,4632948,4638828,4639667,4641186
1929634445,4619866
2293768284,4625538
840912086,4619864
873613384,4627909
3278590073,4619863
860799864,4619862
3013601606,4619861
2382765741,4619858,4636881
3575881524,4619856
1122849376,4619853
3131655951,4638864
3590910137,4619852
2619474675,4619847
3810843073,4619846
735366800,4619827
4217349291,4627442
2736152959,4621972
3294880501,4619817,4630469,4634780
678154641,4619809
3281563961,4619808
199706444,4619805
131433706,4632213
88589184,4619804
509690066,4624123
3868458851,4619803,4639212
3450766617,4626642
1918522040,4619800,4638878
399758359,4619798
2039644808,4619797
4232359971,4619796,4635936
883507263,4624563
57657242,4619792,4631317
1353070676,4619791
2177180357,4619790
1018738798,4640258
539759673,4619788,4623270
3990701326,4622140,4639125
3883152832,4619786
783963149,4619780,4627112
1437060499,4619779,4627111
1829264759,4619777
3977772110,4619776
3175710759,4619769,4622846
3018917915,4619767
3201063339,4619765,4620200,4634079,4639049
726456573,4624247
1621562475,4619763,4622151
811992022,4640727
3688618491,4619762,4622150
791001240,4619761
2181893408,4619757
2100815809,4619756
2182096538,4637865
732043493,4619755
1473029147,4619752
1156557828,4624311
4198904645,4619750,4634888,4641362
780494781,4622572,4625622,4633282
889123389,4619749,4641361
1950999298,4619745
2476040295,4619739
3998592139,4619738
3604974522,4637152
389423710,4619737
1967855071,4620117
1821576775,4619732
921807773,4619730
2888788127,4619728,4620478
304304141,4619723,4620196,4620589,4626421,4634095,4640025
2822146017,4619717
2412657901,4619716,4634971
3628709696,4619715,4627394,4633603,4633882,4634970
1666906068,4619714,4633881
993869021,4619713
938146410,4619709,4628867,4628918,4639824
2568788979,4619708,4628866,4639823
2106354858,4619706,4633926
1608405852,4619705,4629294
4138381681,4619704
888569231,4619701,4633244
3990824603,4637088
2258398898,4620637,4621491
3874455178,4619699
889794939,4621785
3472347513,4619696,4638718
3732081160,4619694
837217759,4621373,4631624,4632947,4641185
2283927594,4619693
2098988675,4619692
1357345619,4619687,4624229
1374296131,4619683
1924823879,4619681
3075606366,4619680
3168506479,4619677
3536515203,4622363
2350987220,4619675,4622240,4627106,4636362,4638613
3180920351,4637537
900542527,4619674,4638612
2600882358,4619673,4638611
1925020026,4619670
975928515,4638426
2285103834,4619668,4635169
3998353184,4619665,4621888
3389582121,4630182,4640389
2693140044,4619663,4622597
1365139,4619662,4622596
1124969441,4633184
41177910,4626917
3276890850,4619657
953974104,4620643
1122291869,4619645
2577449197,4628630
1699213647,4619644
2389485565,4619638,4624706,4631837
1739698966,4619632
548247274,4619628
3326986693,4619627
457012870,4634206
2743639925,4619626
3434560883,4619624
180952304,4622251,4624083
1505814993,4619613,4626368
1854452754,4619612,4632533
3486984710,4619611,4632532
1691889515,4619610,4624031,4632531,4638596
2183953674,4619609
221494503,4619608
988782674,4619607
1627811883,4619606
3704851116,4619604
4200706106,4641080
2277923167,4619600,4624009,4633245
4235951743,4619597
3288160710,4636914
1067497760,4619596
3741754740,4619595
2678363583,4619592
758182426,4619591
390254206,4619589
3608535327,4640740
800521814,4619588
2255062879,4640456
1135113246,4619586,4624602
2754181656,4619585,4625900
1127152783,4627435
168628759,4619583
3488705236,4619582
1565877295,4619580
937597179,4619573,4624803
3361278965,4627878,4632142,4633540,4639517,4641367
3542069475,4619571
705169368,4619567
3589737415,4626386,4626728
2288688668,4619566
1178181263,4639512
4190464907,4630459
425238937,4619555
1944217994,4619552
1400811453,4619548
3161152706,4619546
3415102585,4632836,4633679
1560701149,4619543
3361746019,4619532
206950952,4619525
4253678095,4619524
3730807409,4619989
166971266,4619522
99648171,4627156
2729314289,4619520
213831276,4619519,4620393
1312203594,4625085
3708925126,4619517
3373192565,4619514
1448273391,4619513
48302169,4640875
417726874,4620285
1338138304,4619509
1029227474,4637955
3457632350,4636063
2378598464,4619506
1504827664,4630423
676148773,4619505
1893868765,4639368
2987329888,4619504
4132713636,4619501
1534282443,4619500
1500026876,4619499
3398796227,4619497,4621587
4021998418,4619496
3949285769,4619492
3922272447,4626146
1349003710,4619491,4628061
3087763827,4619490
3849617413,4626429
1192511256,4619489
331716550,4619488
2285431382,4620465
3569584060,4619487
484703921,4625624
4033109864,4619483
4219311111,4619477,4631306
1918991297,4626335
2540365451,4619449,4631430
1546391657,4635377
2553546528,4619445
2698290188,4619444
1119175807,4623642,4623990
4055774320,4621474
514363401,4619434
2171258288,4619431
1491153391,4619428
1639264560,4626238,4634228
4007800260,4619426
4149415770,4627761
283610613,4619418,4631271
1553424395,4619416
772931813,4619403
2750437119,4619402
409197924,4619390,4621582,4622758
2398828773,4619389,4635013
1798698709,4619381
1842138486,4630044,4638549
1267234951,4619375
1760885591,4619372
3471294056,4628625
3327793196,4619371
3109667395,4619370,4625508
1877425080,4619369,4625507
1034797847,4619367
3456102519,4619349
2477246285,4636235
2957768430,4619348
998294103,4637258
3525606561,4619347,4621350,4622482
4051196240,4619346,4621349,4633875
600337187,4619343
777906747,4625206
2293383840,4621981
3345337725,4621576,4639072
1847682513,4619338,4624285,4633112
3943943585,4619336,4622412
1866222666,4619333
740872448,4619323,4626172
4220267086,4619321,4620907,4635018
3288301783,4633515
2145206850,4619319
2976187952,4619318
688364689,4628264
2102671104,4619314
1594052177,4619313
3403269495,4619312,4631870
408605459,4619303,4624089,4628431,4631960
988259519,4619297,4637046
2316625504,4619295
1027830067,4619291
4082335505,4619289
3856276532,4633006
1853050817,4621922,4626027
166349938,4619288
2117964933,4619287
1360854547,4619274
675447294,4619273,4636768
94044954,4619269,4636081
1218277312,4619268,4636080
4220730836,4619267
426066725,4619255,4637338
1544703478,4619253,4635190
558903852,4619252,4622870
178147811,4637163
2444175549,4619246,4620419,4633073
569378022,4629975
2724616924,4619241
685502431,4637194
1474319972,4619236,4632879
4205307203,4622338
938322391,4619235
1748077066,4622526,4627931
1775517105,4619232,4622258,4632782,4634168
1101787368,4619227
2197516168,4637813
3851273570,4619226
2645642484,4619219
2077058049,4619212,4630006
2567681988,4619209,4631109
1677947651,4640760
150692172,4619204,4635052
3489257190,4619197,4638094
258096912,4619988
461081193,4619196,4638093
3467081194,4627215
2341653840,4619187,4621465,4631101
228035926,4619180
3389702,4619176,4626062
2728088960,4619172
3963310935,4619170
4071922217,4619167
4026300023,4636277
2892977550,4619164
231732377,4619159,4634735,4636097
3236458875,4619158,4636096
1902114664,4619152,4622329,4623426,4627493
2886764001,4622308
3614812271,4619148
108513201,4619146
1891007240,4619142
713569073,4619140,4635329
3259445177,4619138
3304446508,4632131
1770118854,4619137
1880042371,4619136
116224887,4632097
1535777570,4619135
3639528666,4619132,4619621,4627894
4099112661,4619131,4627893,4636117,4637901
1429437863,4619116
793665958,4619115
3877436419,4619114
796439688,4620466
1663282607,4619110
2254690307,4629330
4253698434,4619101,4631638
824364808,4633240
4119664037,4619100,4631637
1337920748,4619079
1569504040,4638526
3757660702,4638109
3980009884,4619074
2986346682,4621361
2229083900,4619072,4619237,4632880
3249556273,4619071
2683079273,4619070,4631494
515324180,4629952
3593469061,4619069
2057780834,4619064
2915719999,4619061
2148892890,4637055
3341287312,4619058
1264022971,4620644
2393539328,4619056
262137785,4629534
2275701734,4619048
1860156219,4619047
3524232691,4619046
3267408737,4619038,4619929
3936410856,4630717
1093859412,4620914,4621118
2038830577,4619037
499335865,4619030
1231914872,4621986
292678598,4619697
3264483684,4619029
1668084592,4619024,4636969
1979192034,4619019,4622217,4626698
2635243209,4638431
342084036,4630763
3918932981,4619013
1627947435,4625350
641340447,4619010,4629402,4636242,4637925
156333172,4619009,4629401,4636241
2645013452,4619005
1221651900,4619002
1884135074,4637337
15743590,4619000,4622648
3924519832,4618991
732059646,4618980
446389605,4618977
2488365375,4618972,4635005
3465054323,4618970
3030083523,4618968,4621890
1740888689,4618963
1041806488,4618954,4625113
1862801000,4618951,4621559,4628168
542526764,4618943,4631612
3133501251,4639955
3594529910,4618940
4016236668,4639496
79169704,4618939
1833341903,4618931,4639321
3024954576,4618929,4623891
16821328,4618927,4623737,4630021
483473568,4634181
302554473,4618925
2532640087,4618923
2953695638,4618922
2253451687,4624977
602934627,4618908
4128295399,4618907
1064000601,4618905
467701702,4618903,4622682,4624022
1108551303,4618899
2886648884,4620330
613677556,4618896
1081916288,4640750
3917164104,4618892
3911824329,4618883,4623836
725595068,4618881
396734656,4618880
951461996,4618879
4103367270,4618872
1983159995,4638695
2461316176,4618870,4626103,4627255
2785321361,4618869,4626102,4627254
1524384946,4620081,4626276
2750494355,4618868
3645341675,4618866
326264533,4618863,4628772
525197778,4618858
992444746,4618857,4623122,4626646
1619123831,4620497
390674175,4618855
363701921,4618850
2659311536,4622955,4638039
1074861449,4618849
1254438832,4618845
3926843638,4618844,4623243,4625003,4634895,4640992
2128029962,4618830
3955524933,4627464,4641583
109213262,4618829,4631808
1728671978,4618828
2211474553,4618826
1736997244,4618825,4619824
1387762141,4640485
736170512,4623880
2623052519,4618823,4620477,4624965,4625231,4628132,4633278,4639999
1534427418,4630234
372867679,4618815,4620435
3944060097,4632359
1541063617,4618814,4620434,4630327
3700952931,4618800
3959144250,4640793
1343005274,4618798
458833181,4624512
2164744659,4618796,4628418
1580136545,4618795
3748948991,4630889
3334133781,4618794
3236937385,4624033
3953413005,4618793,4620071,4628951,4631186,4632931,4634093
4107449691,4633473
802275134,4618790
983277683,4618789,4626296,4631891
3692584547,4618788,4618843,4619175,4623242,4626061,4630150,4631890,4632283,4634894,4636742,4640991
250663962,4618780
1699689282,4631027
135401323,4618779
1256775886,4618775
3813179216,4625460
4139785116,4618773,4633268
2195304119,4618772,4633267
3734137801,4628100
647274857,4618760
976602151,4626945
1122391824,4626207,4627382,4632192
2503960498,4618759
2723916080,4618757
693731387,4624947
910860018,4618756
2371943227,4618755
2685727970,4627806
448786159,4618754
3799794587,4618751,4631679
1749181469,4619221
2337534995,4618747
1586520012,4618746
1739440667,4640630
2859698904,4636295,4641490
371039097,4618745
3757561651,4618744
1561959777,4618743
3281734150,4618742
2369069278,4618741,4630678
2626707693,4618735
1123716689,4618734
917941886,4618731,4639433
3583986106,4618730
2568750634,4639672
2008737242,4618728
2804847653,4618727,4630007
834634386,4627310
1267245760,4618725
925445985,4618722,4629607
1112711829,4628915
3354179832,4622274,4629881
574892208,4618721,4630464
451168520,4618720
232905135,4640517
3678880267,4618911
807191462,4618717,4640697
4216527725,4633575
2690120907,4618710
3328225978,4640368
3982595043,4618709
1288710930,4636569
1810483143,4623071,4634087,4634804
684155694,4618707,4621650
1936538780,4618705
3471354662,4618703
646200577,4618702
1506570813,4618701
326581553,4628856
3831577200,4618700,4631387
597663334,4618698
1124005306,4620619
2941940036,4618697
1711982184,4618689,4621839,4635102,4635770,4641045,4641180
3417805987,4618688,4621838,4627105,4635101,4635769,4641179
390431102,4623528,4637281
4017325329,4618685,4620221,4628233
20158692,4618680,4637150
2043070023,4618669,4619365
784594627,4618668,4619364
2103112643,4624288
224331491,4618667,4620539,4636148,4637056
904896387,4618662,4625768
366610649,4618660,4641109
2447817846,4628885
778450225,4618659
2768642574,4618657
1523623159,4640248
1351627863,4631013
3782192967,4624454
4171085441,4618655,4628668
1519229084,4618654,4623307,4628667
1632358114,4618653
2841489027,4623381
2903184110,4618646
1725427546,4618645
4088321052,4618643
613844321,4618640
3442734475,4636672
3886172706,4618633,4635622
419356828,4618630
3901843138,4618629,4624857
2123466144,4618628
591071326,4618627
3919887152,4618623,4627278
3474915045,4618621
3542922195,4618620
2120522597,4618617
830432517,4622325
823463210,4618613
3244594966,4618611,4618761
2664474988,4618609
686595388,4618608
2709921073,4620641
977546802,4618607,4623001,4627122
2868526927,4618604
4080644292,4618601
3962913771,4630260
2089790359,4624028
500994099,4619032,4624515
4063801562,4618600
4134520176,4618596
3079318040,4624013
2663782754,4618595
504529449,4618594
901485747,4618593
868848344,4618591
3266727322,4618588,4624588
3994284580,4623584
3662895318,4618583,4622225
1209087287,4632567
2814882484,4618579
2345155000,4618574
1180041674,4618572,4623495
997152193,4618569
3662783702,4618565,4633719
3254562011,4618564,4640958
88337320,4618563,4619898,4636058,4640957
3821789771,4618561,4639203
885189114,4618560
437865026,4626192
2646981043,4618559
2621815294,4618553
620244522,4618551
4273413510,4618549,4627974,4634138
2591481462,4618548
1516273345,4636780
4183846321,4618545
3678140212,4618543
118549577,4639416
1400670612,4618542,4620210,4623632
2728917759,4618539
3176728070,4618534
4152999458,4618528,4641275
2245711746,4630811
2448876046,4618523
4229598543,4618520,4625952,4635563,4639843
2967728202,4618519,4618877,4639842
3310606484,4618512,4636162
223397582,4637687
989661314,4618506
2783269067,4639385
2496601668,4618505,4623762,4628881
3395914374,4623967
1069734573,4618502
1474002689,4618494,4631703,4637785,4638791
2696934357,4618493,4626995
3048973004,4628991,4637072
2952354235,4624823
990172852,4618489,4621440,4634100,4634362
677015326,4618488
2539176806,4618480,4625245
1388614985,4618479
3584435379,4618477
3399894069,4641593
1451728451,4618474
93301012,4618470
593815679,4618463
777361649,4618454,4627417
1231688538,4622698
857557622,4618449,4624704,4625828
2768840209,4640585
4069066012,4618448,4625827
994627045,4618447
2598979630,4618446
3680371098,4618445
3126246486,4618442,4631100
3294048808,4618436,4637438,4637639
3309732037,4631397
1867419809,4621162
543122894,4618435,4637666
4114793274,4618434
3173262383,4635809
1240475531,4618433,4636378
1286379918,4621548
896895953,4618429
471161909,4618428
1163010292,4633683
1356119245,4628783
2297670049,4625914
370643805,4621142
2609488674,4618423
1665961870,4618422
3334190745,4618419,4639664
1799876671,4618417,4626846
3531335265,4636292
1766351838,4618416
3517828895,4627912
2268497035,4618415
3804297623,4630526
3800800111,4618414
3576233262,4634038
1015308685,4618413
2224404886,4618410,4628998,4633900
915175787,4618408,4626641
3157524657,4618403
275757115,4618396
3528483460,4623699
1811487955,4618395
1143901613,4618392,4620596,4624926
4171110353,4637489
3502648372,4618390
3849724861,4625183
4088815810,4625141
325955804,4618384,4632304,4634260
1189271617,4625927
2730980050,4618379
3832803202,4618376
2501337422,4635961
1545359381,4618375
2199652618,4618374
1470678071,4618372
4173649410,4618370
4272005553,4633370
732189088,4620768
73936756,4618369
3412429622,4618367
410451520,4624943
4141473880,4618366
3038441711,4618362
192551117,4627703
1030410977,4618361,4639738
2314241258,4618358
612586628,4631568
666900932,4618357,4638593
3005251055,4618351,4620608,4622461,4626718,4629817,4635077
1719880870,4618350,4622460,4626717,4629816
3100920234,4618348
1446579325,4618347
2320503056,4618345
2936694239,4618342,4625089
2168066667,4618341
3522486903,4640756
2132534487,4634902
1391190528,4618326
2566119768,4627963
497804326,4618324
498339275,4618323
827209848,4618322
545271443,4639201
1010131935,4618320
939497321,4623758
1796953535,4618319
1342591227,4618318
2084411576,4618317
2811020014,4621720
3924591831,4618313,4625534,4627064
1313672629,4618312
3422745636,4637026
4162649443,4618304
1213100794,4640237
4272652284,4635685
2313248337,4618301,4632389
1650325574,4626367,4632925,4635230,4638265
961058540,4618296,4630347
1219805281,4618294
3350922653,4618293
3306179139,4618288
3868924396,4623129
588361008,4618287
4034918250,4618282,4621127
2445047505,4618272
256310993,4618271
3692220820,4618270
936998828,4635238
1963621468,4618921
4215890611,4618269
640933488,4618268
2497548997,4618267
1574282819,4618261,4626807,4629379
1118993235,4627339
4093807210,4622987
2113032436,4618258
2782680742,4618257
2890564913,4620861
1050847884,4618256
712218915,4632332
619534847,4618255,4640501
106330460,4618254,4641625
2805577637,4618252
1918153659,4627553
1058691519,4618251
2111667338,4622516
625764795,4618249
1496303186,4618247
1663641055,4618236
1136489574,4637890
1790935790,4618234
1816728797,4624548,4629207,4629342,4635615,4640386
1065046604,4618227
2970228452,4618226
4103035610,4618224
27615519,4629936
393131240,4618221
3879387894,4618212
1725116569,4632659
30623439,4618211
89608340,4618210
3514064069,4618209
38071690,4618208
2090314099,4619256,4637339
2313151904,4618206
2921620701,4618205
857856195,4618204
237096886,4618203
239471264,4618201
2167022367,4640892
3557874878,4618199
3275383639,4618197
3736279544,4618196
2479182384,4618195,4618777,4630529
2029371597,4627485,4633301
2650591449,4626763
1394033112,4622621
738121027,4620238
1026897220,4618193
2518527254,4618192
4137114961,4618190
2087135878,4618189,4627432
2991786468,4618185
2219726211,4618183,4623057
2721839510,4625763
1669139832,4618178
2299609911,4618176
1600975408,4618155,4620989
883470503,4618152
1157153629,4637941
1179115947,4618148,4639514
386942397,4639660
1115607875,4618144
1633959769,4618141,4625166,4629802
575147479,4618127,4627266
1768576580,4618126
1268188721,4618125
4250658292,4618117
856584032,4618116
3956370552,4618111,4625154
2421430442,4618110,4625153
1203646423,4618109
3653146315,4618108
3277923275,4635855
4019472970,4618107
1502739221,4621219
3485802808,4618104
2775855496,4638855
1947279473,4620404
1325725300,4618100
2637997276,4618098
82096733,4628444
805233056,4626867,4628932
3042869226,4618097
2242405594,4618095
2235337786,4618094
2109069666,4618077
1575255751,4618076
3968455251,4634803
98586808,4618065,4621064
319324363,4618064,4621063
2950171302,4637596
2738957581,4629315,4635370
1233047212,4618061,4619690,4620731
2542162366,4618060
4226521735,4623658
2611905607,4618058
101411812,4618056
2695264531,4618055
3666229375,4618054,4638642
2470548322,4618046
22019654,4618045
2603716978,4636180,4641601
2778926899,4633010
2269215959,4632788
3119471413,4618044
572741343,4619816
629678781,4618043
3296778685,4618042,4620089
2212906229,4618041,4619151,4622328,4623425
2395691842,4618038
484028816,4627379,4633507
2078148495,4618037,4626929
3887785002,4618034
2453194453,4619275,4624345,4628619,4635232,4638267,4640716
2014796754,4618032,4627056
1825705480,4624162
1265460635,4621060,4624137
2554010920,4620847
3055158099,4618020,4634493
2366706980,4618018,4634491
231349980,4618017
2850344393,4618016
1367900756,4618015,4632601
2089769477,4639276
3070950178,4620824
3167106041,4618014
2922647599,4618013
3116876431,4629798,4638129
598230602,4618009
3441141220,4631875,4636071
292094570,4618007,4638622
2783557466,4620606,4631571
3688358677,4618006,4638621
226541621,4637889
393187781,4618005,4626323,4637594,4638620
2005339699,4637397
1409451092,4636399
1742974865,4619141
615695887,4618004,4637593
183258046,4617994
2176620151,4617992
419204508,4617984,4626623,4637006
27303155,4617979,4626703,4632975
351819632,4617978,4632635,4632893,4634425
927164790,4617967,4630393,4639068
1669906193,4624270
89725128,4617964
875538227,4617963
2342267180,4617957,4620903,4639476
3125214846,4626434
970413133,4617953
1720483214,4617952
2115040353,4637403
1801190085,4617950,4636559,4636987
974464469,4617949,4618003,4635032,4636558
1862315135,4636274
417945547,4617948,4636557
157884753,4629316,4638227
3345018280,4617939
608944306,4620693
211950977,4617937
2510988001,4617936
3344550990,4639555
146179134,4638610
2367562160,4626837
4005606475,4617935
731699398,4622396,4631135
1865844815,4617934
831979324,4617933
2659492470,4639269
709038039,4632044
3855384404,4625441
496538468,4617932,4618919,4621411,4631247
2164626498,4617919
2430003509,4638469
3438495664,4617915
123921715,4617914
2764614488,4617913,4620360,4623685,4629595
140458843,4617911,4629593
1944875075,4617910,4637028
1409800191,4619182,4620863
1521051933,4617907
1342723251,4641016
93777146,4617906,4638398
2835890717,4617905
3296259057,4617904
1367502941,4631445,4637834
1786844343,4617900
2839095786,4617894
1100880738,4630869
2485664037,4617887
2100235815,4617886
3275193255,4617885
2561580090,4617879,4622751,4624971
3617069550,4641419
4078123926,4617877
3245359279,4626818,4636553
2863513263,4617876
4126648035,4617870
4239574948,4617869
496624244,4617867
1000421804,4617861,4619111,4629073,4633585
2226620312,4617859,4629639
3730204342,4617858
4152001590,4624108
3794046667,4617856
1997507912,4632410
4239310236,4618979
1983775034,4617855,4619508,4621975,4627224,4627844,4631097
3893918264,4617847
1386228747,4627739
1128595841,4617843
4191318281,4641558
2138793077,4636427
3600418772,4617841
2787552735,4617837
1610404061,4630914
1543668446,4617835
1089785896,4617834,4618456,4628222
1874931910,4637852
3353556542,4617833
1670696284,4617831,4634999
588006364,4622143
1834869392,4617830,4639576
2697343112,4617828,4639481
1029350880,4617822
22906256,4617819
2559226709,4617818
4176345517,4617815
1071305788,4617814
1035373592,4617810
867581452,4617807,4630522
3371617287,4621212
1662774071,4617806
3648212743,4634722
3257442928,4617804
277845816,4617803,4624634
792718483,4617802
1441813546,4617801
2112086100,4617798,4631307
1694621392,4617797,4625732
525633183,4624213
452751205,4620679
2457957129,4617793
1904659760,4617792
2652415823,4617791
1828592727,4634498
3701638988,4617786
2191183990,4617783,4623636
2773377047,4617782,4630233,4634878
1713568701,4617780,4619387
2479156292,4617779
3596085401,4621685,4626511,4629247,4630158,4632495,4637168,4639822
701457032,4617773
743023195,4617770
2730896866,4623598
1814908760,4617764,4623768,4625391,4628305,4629758,4636463,4638667
3906007656,4618019,4634492
417188002,4617763,4625390,4628304,4629757
2385769711,4617755,4619438,4625782
2769695688,4617743,4617922,4630969,4641421
3733751200,4617742,4617921
668855513,4617741,4620084
3835067136,4617736
815842833,4617735,4635317
3187789481,4617732
1001663930,4631944,4634743
3161351873,4617724,4618051
849290321,4617723,4618050,4631497
1050360643,4617721
1167659715,4617718,4631985
1836223142,4617716,4631983
2772149426,4617715
3187303358,4617705
715015760,4617703
3314419753,4637089
2935016852,4617702
2181540762,4617700,4636109
2966105726,4617699,4627477,4635417,4636108
1364592274,4617697
2415504191,4617693
132669091,4617944
1740418780,4617692
1031543924,4617689,4636686
1541521568,4617688,4636685
2713880100,4617687,4634351
1522274857,4617686
462229987,4617677,4620293,4620655,4623798,4631170,4631321,4632490
119616453,4617675,4625808
3221621050,4617674,4624681,4627609,4639567
1013992595,4617670,4624677
2154036196,4617669
3467058346,4617668
952332474,4628067,4634524,4636935
3354917482,4617666,4634550
2569873816,4617664
45300765,4634571
2699603769,4617659
999842174,4617656,4622612
345234584,4617655,4622611
2297512756,4617650,4619306,4626875
3676971909,4626022
3334138582,4624942
1672254608,4617641,4619294,4631422,4632007
3318586380,4624240
3050898127,4617637
4269167854,4617636
3193064875,4617631
2567487506,4636872
1214541853,4617628,4630267
4241324400,4638200,4638830
1290144348,4617627
1228564349,4617626
1477135742,4617620,4627582,4640888,4641292
3175606742,4617609,4617990,4636293
2114367272,4617608,4617989
661308234,4617607,4617988,4619130,4627892
2333502325,4617605
528955072,4617603,4636572
2082283149,4631123,4635514
1481251142,4626390
2927343769,4617602
2827957988,4617601
907684423,4617600
4149433943,4623736,4630020
3176585550,4617599
4067182975,4617596,4631378
3223299874,4640123
1135876701,4617592
4172325020,4627914
2586306196,4617591
1362270937,4624066
2624924203,4619616
962140134,4617589
422162396,4617588
2119665107,4621032
2740216317,4617587
3040493359,4624491,4634237
1701666339,4617586,4627951
3530309307,4617585
942759235,4617578
82694574,4617575,4625965,4633455
14725959,4617572
1209622447,4620387
2243368696,4617567
621541602,4617564
1881612012,4617563,4620617,4621997,4633369
2131074203,4641590
2438906693,4617561
1480666902,4640558
2266912743,4617556
1529683069,4617555,4622613
768976105,4623422,4632430
370902662,4617552
1408881229,4617548
210511003,4617546
2510095436,4637779
685371418,4622334
73795441,4617545
1782072250,4618641
1885866062,4617543,4629543,4638995
810625241,4625189
4097926483,4617538
3963695949,4617535,4620281
1621627130,4617531
2443925894,4623601
1989686523,4617529
2359347203,4617527
3943425066,4617526
912745735,4617524
3875894109,4625055
2112453702,4617522
3513872142,4617520,4617769
2151721363,4617518,4623158,4626229
1420013482,4638171
1301689565,4629702
2699614251,4617510
649858271,4629681
183223306,4617509
2942253406,4617496
822173605,4624668
625567140,4617494
3709820732,4634414
3028474534,4617492,4625643
2183088098,4617490,4618168,4628682
1146113553,4635811
1476165531,4617484
611465918,4617483,4625861
522779204,4634939
3373842975,4617481,4632229
2532835175,4617476
600021253,4617473,4630920,4634738
1808700526,4617471
3113247255,4617468
980520230,4628707
543202645,4626649
1036351837,4617785
4156132541,4617467
4064336210,4617882,4621109,4640147
4007398772,4617464
2866950013,4617462
3274457725,4625201
3657100968,4617460
2893855191,4617459
4017907350,4638942
1720736325,4636465
2221549183,4617453
926825622,4618924
1876502998,4617444,4630936
3341206749,4617442
1283743587,4623264
495414669,4619711
2477578161,4617438,4625598,4626758,4634105
426740305,4617431
3715735983,4617429
3010824412,4617428
2738267251,4620019
2125173971,4617427
4064918796,4617426
79685256,4617424
2834575964,4627132
2414077297,4617416,4619874
3636687938,4631740
1499116615,4626900
772302761,4617412
666803613,4617406,4623718,4624492,4626773,4633323,4636268,4641076
932900305,4617394
879986277,4617392
2620862248,4617390
506645481,4617388,4636821
1956484156,4619244,4619784
3983780983,4617386
3715877549,4617384
4167974129,4617382,4620613
2024653250,4617374
548895662,4632684
355529539,4617632
3392552937,4617370
2620616595,4617369
936523335,4617364
2736766584,4627078
333384349,4617363
2910941072,4617360,4618824,4622261,4625232
1584217993,4617356,4629427,4636263
40982417,4626709
3536797095,4617351
4261910829,4632912
4088526815,4618578
880922556,4617350
529759276,4617349
850661440,4618112,4625155
2819272073,4617348
3799981745,4617347
1152231536,4617345
368811794,4633205
2547350298,4625831
3858943015,4617344
1298101498,4629879
3769633783,4622704
1104349620,4617343
1481765349,4617341
507781627,4617331
1656974771,4617330
1724759720,4617317,4637051
707129791,4617315,4634771,4638295
561750575,4617312,4628094
2885659832,4617305,4629406
3356166049,4617304
728201635,4634476,4635350,4641398
1781132766,4617303
99923539,4620709,4626595,4637119
4205051098,4617292
3885509032,4617291
2523524518,4617286,4634265
485725245,4635161
839899769,4617285,4623548,4624581
3032566633,4617283
676340860,4634247,4639081
2003235192,4617281
1256847772,4635725
145744787,4617280
4209531112,4617277
4223025052,4617276
1518073264,4617275
703637328,4640602
2965318893,4632727
4203309556,4617273
2548426359,4617272
2537271776,4617270
1564927308,4617269
1733489522,4624171,4638683
535231624,4617268
4230988386,4601642,4632706
3836926795,4611824
668952433,4609405,4617355,4624082,4626743,4627103,4629426
3945786856,4606796,4611753,4618310
2446125718,4617258
3645640636,4617255,4621294,4629869,4631766
2233004754,4641142
4104507995,4611814
1847789811,4617250,4619216,4626224
1259637677,4601832
1346766873,4617236,4624283
511464230,4618092
885312259,4607772
3582254049,4617228,4639345
1158327458,4617365
2108982080,4617224,4640599
53023025,4617221,4635398
3817270492,4617212
2444280107,4626125,4631567
915635910,4617207
1613678854,4619240,4629722
1876686613,4605548,4619049,4626949
568334238,4617199
3728972551,4607081,4610517,4615318,4634463
3838861292,4617197,4637998
914904894,4621857,4624496
1173360744,4620162
4204469232,4617195,4617404,4641432
114220155,4630536,4632417
2545968241,4611991,4618096,4640745,4640826
2732622227,4617192
3721916304,4601951,4614191
7995749,4617191
957764867,4606923
878247903,4617190,4622317
3679269209,4619851
537809074,4617186,4628142
682866467,4611256
2752982099,4617185,4628141
1898998869,4614798
1425394597,4617184,4628140
4102486531,4638047
2813216170,4617182,4630101
370453717,4625997,4630930,4641055,4641547
385035256,4617167,4630507,4634036
3631099178,4620970
2545507457,4614929
430927132,4617159,4624796
4000265516,4617158
464136251,4635877
289183500,4618856
3442704908,4617152
3608509413,4633014
1349939605,4617149
358790543,4633996
2062696095,4617145
72047904,4617138
1436974558,4617136
809435160,4628954
3284156353,4607893
1770942356,4617133
3220567282,4624144
3070199983,4617353
2924744631,4617129
3923398693,4620372
1629030821,4617123,4617767,4618769,4635533,4636816
3469698018,4617122,4635532,4640917
3865515565,4617120
1678752132,4636789
2563854121,4607983
1335327314,4617119
2540190767,4622771,4640847
758182686,4617117
4128702425,4618290
4243991736,4617114,4627274,4628706
1458024500,4628917
2144616966,4603205
2293569830,4617109
227774339,4617108
1408152874,4617107
3102710147,4627789,4629935
965987485,4603216
4098060915,4617106
1635475195,4625343
2230798028,4617103
3366039514,4634528
3406620940,4606422
1721643100,4607699
1991337279,4617101
2370479468,4601798,4639929
2844829533,4617099
3494629983,4640839
3994054123,4604905,4610489,4619878
2244552330,4608348
2900078660,4617093,4617968
1494988358,4638678
222125443,4635507
383165297,4623559,4633396,4639978
3076763877,4615022,4634555
2745348898,4617091
3003799979,4632060
1109871514,4619664,4621887
2040724046,4617090,4627857
3812101657,4617087
598874401,4617076
4108500615,4622600
3427823059,4617071
3829559886,4617070
2978225495,4617067
583610650,4609769,4610072
2258893181,4617063
1077624292,4618969,4625978
3255442720,4604702,4607929,4627503,4632850
3128169287,4614928
226391592,4617061
2518449316,4605690
279990202,4617059,4634499
225067980,4636566
2593886567,4617052,4619156,4619822,4627307,4639788
616342622,4617044
3542630432,4617043,4630042
2202034847,4636903
2426749993,4609055
1668998588,4617036
1973691639,4630587
4029277166,4600869
3288756151,4617035
2687642656,4639547
3149880014,4617032,4623187,4636069
3150486822,4601316,4611276,4631523
1575937780,4617030
1889093175,4605930,4625723,4629453,4630950
2455690119,4617027
81580993,4631556
1805442937,4620951
4090912727,4617024,4619231,4632781
3795499950,4617020
604153177,4620788
3901484049,4616295
55583850,4617017,4629214
2910278963,4600364,4613013,4636166
1678537531,4617009
1218208887,4627450
3742100984,4618797,4627283
703148811,4617000,4620729,4621310
233286250,4623459
1973118451,4618964
1945524110,4618827
1152386113,4606917,4634533
382290548,4616999,4621309
1417710682,4634922
165755688,4620885
4018110854,4616997
2502178538,4634579
3581881066,4628928
1280518170,4616992
3487007501,4603016
4016237644,4616990
3263657885,4623193
665237922,4616989,4632554
1916222568,4636189
840583326,4616988
695964348,4616987,4621649
648118703,4616985,4621086,4629770
2828775850,4607242,4638981
1275031861,4616982
863189663,4632545
4222524222,4629386
3807760446,4606516
1426289095,4602285,4633067
4170601599,4616980
364714252,4609615
3502985479,4616958
1412628907,4616955
1211489940,4616952
212844592,4637314
3707784892,4611461
282846266,4616950
3793329916,4607045,4620414,4622044,4624362,4631688
1864297746,4612390
2719362279,4616948
418404840,4626220,4628513
3630586725,4607065,4620417
3396304855,4604110
3855224720,4616942,4638701
3685010315,4631557
2836040711,4612189,4616598,4621955,4623431,4625124,4631243,4631295,4633643,4634366,4637059,4638508,4639144
2534303150,4604908
3729886480,4616934
3295825852,4616855
3515757636,4616932,4631190,4632129
1692865360,4616650
171473357,4616925,4636074
3900205951,4616918,4619208,4620331
3155606906,4638659
3988889140,4616913,4625337
1444501380,4627496
1631386819,4616912,4618531,4625336,4632943
4214651115,4629049,4629488,4634162
4222417649,4616901,4617812,4623341,4630202
1854413679,4616151,4636641
857674193,4616900,4628968
1172190011,4627049
4088009188,4614182,4615255
1176536184,4616899,4628967
4198749015,4616895
3192935641,4616894
2545238060,4616891
3494009023,4607412,4620061
3509310638,4616889
4247328910,4616886
2874980282,4635445
2220842670,4616880
2867393033,4601632,4612989
415739989,4616879
3908845641,4629821
1850559829,4604152,4631926,4639605
38051386,4616877
3545502817,4604466,4605367
3561421640,4613484
2711731960,4616875
1891172113,4636350
3771007662,4617820
725651956,4601166,4608701,4625793,4626291,4633498
2242466333,4616868
3817041549,4626026
846702332,4616864
2480367028,4616861
2564023750,4600755,4616167
2462930223,4616853,4635960
1535658475,4611022,4613105
1926814045,4616852,4635959
643074295,4624685,4636310
3494189500,4616842
2167506223,4629124
3247774525,4623102
100605216,4616841
3134487311,4600129,4621938,4636287
492734203,4616834
64458875,4616825,4627639
3087294403,4640643
47442135,4631320,4633090
659223848,4624282,4640069,4641451
3980317228,4613794
1089520692,4616820
2141955720,4627199
2751782941,4616819,4624473
156159347,4601782
1054325572,4616813,4618426
46236571,4616812,4618425
3464259712,4616803
3133792797,4641099
4282185432,4619538,4623012,4631375,4632455,4637702
650610711,4616794
3250241998,4616792,4635262
1564536948,4631120
2766343792,4601928,4613107
160028710,4616791,4629795,4635261
3291384754,4633939
3397055907,4616788
991342800,4638714
2918883384,4616781,4629764,4636638,4638797
2801454853,4617219
3520837263,4616771
3214424944,4638471
4164513792,4626672
1716435411,4616769
1596172662,4616767
3328586310,4636500
1053814792,4616752,4621596,4626431,4637075
2217104684,4605574,4610660
4076340916,4616745
584398473,4622816
1895193963,4616744,4639483
2512833712,4614049,4622616
1394684269,4616743,4617829,4619143,4621891,4639482,4639575
740295998,4616742,4639574
1237433463,4616736
4219998788,4615288,4628072
2565341291,4616732
3900185431,4616725
3374611765,4627356
2291720329,4616723,4618500
2287859239,4638374,4638494
3918599926,4616715,4619635,4629934
3889664404,4612514
1692661094,4616711,4641253
1441069798,4600960
196752753,4610203
1924883719,4616717
2361615806,4616710
2463813516,4616703,4623327
4104767394,4620125,4634906,4639593
1835190710,4616700
1573980633,4616695
2248550337,4640109
2584594376,4634417
2497979520,4601319,4618027
4137206817,4616690,4631884
243211997,4616685,4632082
1289811332,4607033
3504276485,4616684
4265866496,4600027,4607257,4608837,4611114,4615469,4619126,4624369,4628033,4629161,4633841,4635235,4641374
1190190447,4616683
2562407789,4635555,4638245
263976631,4616682
2633083654,4602622,4608901
585470397,4616681,4619315
3720050668,4628982
2813474984,4603970,4606065,4609997,4612110,4619883,4640830
3206636480,4616677,4623312
3902882088,4616676
463251353,4603976
225343386,4609468
1913741587,4616675,4638376
999583210,4618029,4630132
2154276510,4603199
2069024655,4616673
1055404784,4639643
550297187,4619633,4621884,4629932
1433110363,4608843,4628636
1760822094,4616672
2642245931,4616671
586618022,4616668
1015453649,4616661
3746582091,4632840
103409003,4600783,4612475
2571443776,4616658
461400544,4616656,4624127,4629735,4635758
3980531333,4628578,4630551
2400761740,4616653,4640269
1539328341,4630600
648774348,4627783,4641561
492492139,4616652,4640268
3911010756,4612311
2592165845,4616634
2297933240,4639551
2148208866,4601122,4613384
3810838633,4605223
2689937471,4616633
2993016866,4608213
2268311806,4616630
2267834768,4618810
1730632355,4616623
2339718965,4608626,4641411
3591982563,4615180
1937813689,4616611
1797149661,4639942
2260852888,4618487
3412743035,4616608
274752091,4635047
312144609,4616617,4627008
3740323577,4608672,4625704
3768355107,4616607,4619926
1594573870,4602669,4634015,4635175
3763185612,4616603,4639350
3741722781,4634461
1113033909,4616600,4622173,4622342,4625126,4625968,4631336,4635728,4638741
2961991224,4616597,4625123,4634365
2682079243,4624688
3685325130,4616595
832980534,4616587
120686756,4616585
738039670,4639943
2598741771,4638430
1663337330,4630716
1070174725,4604711
1533723650,4610947
3920492703,4616584,4638713
1296197042,4631175
3598614335,4616581,4621409
1036257008,4603502
2059716457,4611284
3249050556,4616580
3932310903,4627693
3336730900,4616566
2304566427,4602720
698025437,4606587,4614335,4614537,4618139
722199417,4609421
1443509833,4616564
2165105471,4626428
1985806547,4600579,4633351,4639035
1721667240,4601567
332409183,4616563
1288316783,4600244
1158471650,4616561,4628027,4634149
3992683417,4624556
967592707,4618091
2615178029,4616556,4619320,4623481,4635496
2635478179,4605773
2332429051,4616555,4621058,4623480,4624135,4635495
1168910013,4623861
153680004,4616554,4635554
1111222359,4605838
3838073020,4616550,4633293,4635038
4059145232,4631574
3946504772,4609974,4617739,4627015
1350630792,4602733
2355136812,4616541,4618101
1227428381,4616539
3444692929,4616538
1574338248,4634874
934164967,4609757,4618238
1400954234,4616536
2064829291,4640428
3154175694,4608201,4640330
2802418568,4616532
2891161100,4612069,4639638
1061550852,4616530
748417679,4613042
1275693330,4616528
20308135,4625513
884399335,4616527,4637745
343819434,4616521
133236183,4616515,4635212
4108094872,4616513,4626001
1972171284,4616497,4626092,4640347
2012920477,4616494,4621589
3004299100,4616485,4632136
445604777,4616480,4629476
871780934,4616479
688366557,4615733
1513393634,4616454,4629545
2345253158,4631877
1049553547,4616437
2358833830,4616435
2107709782,4616430
1907969916,4622913
3902657587,4606918
3856212685,4616428
3721183297,4616427
3998900679,4616417
117867226,4614850
3258272964,4616413,4625075,4627046
2287711272,4626267
87544771,4600313,4629002,4640795
3078740475,4616401
2373393776,4621400,4625888,4633237
36772873,4616398
665356747,4628177,4633089
677598039,4606930
3677511806,4616390,4640036
3062637000,4619965
698498907,4616385,4624799
579069931,4616381
793290998,4616010
952710681,4616380
3245908513,4601339
11815744,4616379
2065858805,4617077
2551020031,4612825,4631253,4632236
720278235,4616375
2155037888,4601509,4607692,4631675
210549801,4616374
460878168,4621216
1949506713,4616369,4634952
2711250995,4640015
3224202277,4635394
3425232066,4619523
3338874380,4616368,4623134,4639437
1830538234,4601876
2211818476,4616367,4623133,4633171
41271427,4616366
1629480699,4616359
3884417853,4638330
3216855967,4616357
900926463,4616351
1189546323,4624153
1030563829,4610438,4627260
576710213,4616349,4623501
3278363956,4637527,4640339
601712879,4616346
1285064265,4607310,4614495,4621982
3779973303,4616345
4229102486,4616338,4619149,4619479,4625734
2040984304,4623597
389284262,4621617,4624204,4625492,4626548,4632227
1295757078,4616333,4636528
362700079,4616332,4640966
296407850,4616325
1993179923,4635726
338290973,4634315
2657527184,4601724,4629873,4639234
3578375803,4616324
3133517296,4616320
733735084,4616313,4638318
1942302919,4616310
1152140291,4627559
1377575513,4616309
83340437,4616307
3521787204,4613930
1285334016,4616304
2396874971,4616303
226303362,4612873,4613083,4634369
1171480263,4616293
2287296284,4616285
3869364372,4604233
408319078,4616282
4292022271,4616280,4618123
3081118391,4627294
3460701311,4616278,4639810
2512861539,4604897
2706407681,4616262,4629896
3990879336,4617154
3440065431,4639975
1365269305,4622669
341706988,4616259,4639486
2550398184,4613541
4243734049,4602038,4610896,4611288,4616217,4619053,4622045,4631689,4631769,4632223
1558879249,4616256
3929380385,4616252
870679025,4629121,4629967
2104837855,4625616
1090302205,4616250
610314511,4616242
2345239295,4616239,4630354
3499826812,4608950
3490491541,4600598,4608966
1910516212,4616238
1528800349,4632338
50792925,4621299,4639682
1526768706,4615837,4622049
3595212733,4610981,4613175,4619264,4628255
3678587247,4616234,4626895,4641502
1727870361,4601114,4628961,4641464
2588875521,4616099,4633870
359494508,4616229
774171434,4616227
1997152772,4616225
576488257,4623186,4636068
2911283253,4604909
589115304,4616220
1528220250,4616211,4616719,4633503
3271689481,4630387
1362047929,4616209
516182038,4616150,4636640
1493865227,4616207,4617865
157789506,4616205
2474620308,4616204
272542544,4609978
392126594,4615349
3219196404,4616203,4623881
3514770106,4605186
992318161,4616202
2648034062,4618625
3931723834,4606653
221017904,4616201
2313499807,4633888
1303130311,4622777,4629557
2047483159,4600582
4054746443,4605902,4611217,4612373,4613379
803860473,4616198
3912325898,4616197
1113988275,4616194,4626191,4640338
4022872631,4616187
865601224,4616185,4618468,4637673,4639862
3055167593,4616181,4618464,4618893,4625082
1063696412,4616177
2713899758,4616162
2082779168,4616160
3801708626,4616158
799697225,4613507,4640520
1091508024,4616544,4634172,4636577
3352188294,4606737,4606881,4621413,4623874,4625101,4628090,4628505
2465851889,4616146
1976483185,4616136
650018693,4602518,4623578,4624130
3077112002,4616135
3748385439,4616127,4624608
3285178653,4616126
3250693497,4616112
2911255013,4632682
1556277717,4616110,4622879
928547519,4621475
4251312504,4605780
1138166786,4616109
2348349205,4616108,4635886
3897534833,4623827
323360456,4623494
462540860,4616106
2530163706,4616102
2097075850,4616101
2508401821,4604691
4142048529,4616100
3471309089,4616098,4633869
1870782268,4640843
370503922,4616097,4629284,4633868
1282593925,4601541,4616926,4636075
300641714,4610219,4622683,4633693
352332884,4616095,4616335,4625357
1367752779,4638130
190222783,4616090
2838450693,4634270
3177092149,4616086
248113952,4603539
4264440710,4610948
33557021,4616082,4621225
3388183341,4616080
2425100659,4612598
873131143,4616071
2643522605,4616069
3401267835,4616064
404877310,4614791,4628355
2193211773,4616058
1450072605,4616200
3654571899,4640866
69030608,4616056,4621832,4626923
3528330089,4617034,4628147
1376118889,4620370
2312449142,4616051
1822899634,4638188
2727932298,4609396,4640923
802783395,4616046
2409029058,4605842
1585184963,4616040
3464613403,4611945
921202103,4616038
2802842409,4616037,4639102
2033211798,4616028,4625071
1805200913,4640786
3960516966,4612184,4637913
2350812785,4616025
1589089337,4600011
1573170514,4616022,4617155
595548170,4604714
4207037914,4602863
3045941081,4616020
92365707,4614200
3449540038,4616019,4631662
338794891,4630555
2578359836,4616017
2902933559,4616016
706703701,4636957
749471072,4616014
674863456,4617073,4639092
3309857462,4617231
2968648871,4616008
3070705681,4616001,4617643
2835481347,4638822
2541664622,4634156
2007111060,4627953
3457446992,4615997
2297692953,4630381
3597533001,4615989
193411626,4603089
1678979848,4615988
3067044545,4615987
1286129689,4606611,4628806,4633086
1809213469,4615985
2699972132,4605332,4620392,4626377
1913211951,4615981,4617299
1853588555,4615980,4617298,4620251
108441985,4615977,4619409,4625699
2853960747,4605219
3156701271,4611487
830598621,4615974,4621315
344838117,4619412
1543893242,4615973
561005952,4611053,4636181
2708015414,4615968,4629334
340464600,4622088
3435659852,4615965
938414129,4615962
2957587803,4625070
58484676,4615959
1673577431,4615957
1722860307,4628629
482272227,4615950
256059479,4603174,4617943,4622284
1587454286,4605760
266706317,4615948
1601707870,4606307
3345629074,4615942
925375673,4613905
1399365700,4614755,4615896,4617931,4618672,4626178
3068810472,4615939
381665226,4615931,4619062,4628990
1038075606,4629167
3852364067,4605806,4629142
3337586878,4611932
2179961840,4615930,4628989
2113238746,4606571,4610117,4619384,4631735,4636849
3624395383,4615928
4186895632,4632568
1370446943,4615924
3319352572,4633687
3654882271,4600334,4600601,4602382,4610083,4615157,4616288,4618087,4624235,4627657,4629143,4630653,4630792,4631540,4632433,4632456,4633209,4639818,4641573
2348921577,4610161
2201768903,4615921
281938075,4616107
2394923946,4615899,4626181
1021459029,4615893
898973322,4640921
3504722630,4619577
2163889684,4615892
2082418132,4615888
411060009,4602067,4604075,4619835
2285237818,4615887
1164931155,4628886
451284405,4615880
3709736667,4615879
920962564,4633012
892570996,4604411,4626165
1567539378,4603512,4608328,4609343,4614041,4620774,4624292
787388466,4615779
1551697706,4615877
3473163415,4603865,4617235,4619535,4623009,4636697
1092566442,4604457,4605176
3915778702,4615874
1731696233,4615871,4633988
3253977657,4633539
3792131599,4615870,4626331
3575272444,4632679
1838217679,4615869
18630854,4639198
3308195192,4615920
1547014633,4608197,4640478
1498203767,4610133
2834999144,4615868,4635572
3353140150,4615866,4635570,4637561
177693328,4615863
2328969823,4606402,4633348
947349715,4615859
601932679,4625814,4628525
564437293,4614765,4620976
3850118364,4615857,4635089
3008648024,4607308,4616865
2079492814,4615853,4623526
964983416,4602094,4623004
2957073670,4609980
1408447364,4615852,4623525
1296955341,4630543
1295849510,4628002
578859550,4617143
926219069,4615851
3760484379,4613674,4628972
2442745299,4615844
1478995307,4616406
2201629487,4628276
3512604996,4604726,4609629,4637130
2231769811,4615842
3974830378,4619775
1132896142,4606622,4606771,4614263,4614364,4614465,4614566,4618167,4628817
1878689142,4615832,4625949
525331893,4617029,4639329
3278208158,4615397
1995521349,4615825
1464720324,4605510,4607007,4613602,4621637,4622589,4628281,4638406
704371502,4615819
4026423500,4619961,4640212
1650841342,4615817
1256898165,4628876
1304166011,4603486,4640371
3845159913,4615809,4623046
2658851569,4625867
1905137733,4623571
1629014304,4602876,4616319
873628863,4609399
2489350822,4615808,4623045
426208292,4629711
2300540403,4615795,4628985,4633690
467887661,4635511
1762018535,4617658
4076008478,4615793
1563616530,4621422
2672404985,4614295,4614396,4614598
914493733,4615792
2522761408,4615789,4621529
2438626859,4615788,4621528
816739954,4607999
3660731550,4615781
1388840455,4635024
346813332,4616933
2726919019,4616358
754239186,4635272
2376030357,4617432
2964023845,4605714
953571653,4615772,4631592
460837031,4609625
4187513218,4615766,4639508
1601237027,4607754,4632054
3364626000,4615765
3124418252,4615761,4622367,4625877
368944586,4619857
865102667,4615760,4625876
3220866114,4615758
3465012792,4635415
2588165960,4615756
3712262311,4602887,4608377,4613587,4627191,4637005
650807763,4610839,4613439,4622689,4633420
3689991389,4615753
4212773894,4633974
1171095719,4610793,4639396
591254520,4615751,4616312
219798692,4601386
283139663,4616178
822322285,4615750
2724948764,4615747,4630089
4174957062,4624503
3183566712,4605794,4625671,4640623
3859203736,4615375
1805418399,4615743
3559838629,4615937
2524824860,4624987
632285113,4615742,4623404
1310510701,4628924
2134946287,4627623,4629165
2104265906,4618259
411752985,4615741,4636995
949435678,4640828
2990362515,4607808
450448727,4615737,4633125
3295147131,4641106
3175845968,4615736,4633124,4638687
3387543094,4615735,4638686
3266858239,4623430,4638507,4641434
2441702577,4611532,4616491,4625524,4628316,4631721
142577060,4615732
1224898410,4615731
3909833403,4606172
293997486,4615723
1844463520,4624190
3483022175,4618752
1329043406,4615722,4621651
2219288378,4621014
1624505602,4615720,4619813,4620689
3605982992,4615719,4619812
2088794002,4606120,4606241,4606356
3404192835,4600093,4615524,4630069
2182018127,4615717
3565680161,4615711
81467505,4607283,4607505,4608449,4609888,4610280,4614148,4616828,4624095,4625296,4625325,4631619,4635136,4637798,4641474
3498716748,4612823
3869710190,4615710,4640868
3888121841,4615700,4616115,4632394,4641126
1703229932,4612962,4615018,4627884
162550179,4615696,4617621,4627610,4639568
1651969654,4623006
1452791489,4615693,4618766,4625432,4633872
2616862358,4610659
3545168907,4615687
3123890854,4622310
2121262175,4615671
452614636,4615661
1671982518,4620902
2256504211,4615660
1805864872,4610943,4625545
1718375638,4615657
3684042249,4631597
1963677817,4615656
1403624247,4615654
3556582142,4615647
123064228,4615646,4620650
3766572067,4607404,4615709,4640867
3158262149,4615976
1145880792,4615752
247538051,4600916,4603352,4617890
1498284346,4615641
3576243216,4607861,4608518,4611031,4617410,4622074,4632165
2800669930,4615640
3760178554,4606150,4606271,4606386
3345260476,4602877
3298635555,4615633
4147505364,4611205
1363100057,4615623,4631417,4634615
3940094209,4613269
2694517031,4615622,4616873,4631416,4634614,4635259
2383615082,4602293,4605074,4608259,4611811,4612703,4623810,4624968,4626783,4626899,4632263
3995273755,4615621,4634613
3246445624,4637275
2217868492,4615620,4616567
985695717,4632844
2831456241,4603353
3769483816,4615619,4630115
2367096863,4615615,4621282,4625417,4626497
684687750,4620769,4622982
3532408311,4615607,4628149,4635825,4638221
1547963532,4628254
2910321607,4615606,4627091,4635824
2229964062,4636478
1501324301,4618343,4625090
332126613,4615597,4616800,4629774,4629915,4635264
3039242663,4615588
654416902,4621859
1529849299,4615585
2385836794,4615584
2914112614,4611394
1345118444,4615582,4617590
2124691578,4615580
2743125884,4616317
4245178703,4615579,4640254
3857043146,4604473,4608595,4611563,4622539,4636624,4639835,4640195
3710559114,4614108,4626069
1059907924,4615571
3078276941,4615570
906548162,4615569
4080572976,4631354
35546046,4615563,4628413
233428457,4604613
3241674532,4615546
2978413890,4615542
4128492475,4613926,4614067
2496594523,4615530,4637669
172896006,4604486,4608580,4621966,4639500
1478419511,4606473
3797681439,4615526,4634402
4147242753,4604848
116128720,4615525,4617866,4634401
2450580329,4602784
887089597,4602520,4602896,4606692,4613463,4620878,4632742
983014007,4615522
3830760750,4615521
2226456795,4615517,4640401,4640542
4292343632,4618235
3418685708,4616248,4622891
1599285109,4615515,4621775,4622153,4624682,4641293
1425840914,4627177
1448446157,4605926,4609445,4609750,4620446,4631639,4632638,4634299
3207951863,4615510
2895710638,4628691,4628807,4629238,4633087
3752935399,4615509
3020650082,4615572,4624072
651085702,4615507
257914582,4627854
2315788922,4615502,4630442,4631959,4638616
1644474685,4617889,4619377,4620793,4622161
330053098,4608272,4639131
278284777,4615491
4135233844,4638644
4127184423,4624431
1973771428,4611029
2657637892,4615486
4053088220,4613337
118695824,4615485,4633034,4634668
299578006,4615484,4631451,4634667
1049693660,4615483
1326100259,4623484
3019333256,4615473
2058507582,4617898,4637401
2210366467,4615461,4632049,4638413
3679390638,4613287,4629097,4629898,4634375,4635858,4637658
4016283338,4615460,4632048
8342648,4621128
3248118874,4615207
1733593310,4615637
784173104,4615459,4632047
618627792,4617218
3086199659,4615453
1221336340,4635955,4638606
4085618649,4616848
89895014,4619214
2424021368,4615450
2854480263,4634877
2035239511,4603934
3692828746,4615449
1872427020,4633470
1555619297,4607951
3591196998,4615448
2999719992,4635524
2961067341,4620881
3901126559,4600549,4617966,4620543
3511668311,4615447
3444682262,4615441
157000463,4619986,4620160,4625032
312845483,4615986
2868009030,4615440,4627937
481160368,4615439
1625943046,4606094,4606215,4606330,4607256,4611113,4620303,4623700,4629562,4630135,4634611,4636101,4641213
1632938070,4615437
970282869,4615436
241334998,4602099,4616370
732838302,4615432
186545660,4635916
3396515883,4611141
1900480842,4615431
4206009953,4615426
497461375,4620948,4636606
4268190783,4609966
1943271115,4615423
322289879,4616691
476595720,4619605
3286306555,4618532
518488713,4616610,4620365
523657830,4615421
2388024300,4615420
3268592939,4635632
2075169837,4615417,4629927
3749742874,4623884,4636622
867510099,4606109,4606345
4133800552,4615416,4629926
2574024298,4639451
312497035,4614232
2970168966,4615415,4629925
152401802,4625207
3292138898,4615414,4623955
3464034181,4615403,4630047,4636851
1455957913,4601692,4616720
697460715,4615399
1090172834,4629354
2899698105,4615396,4615688,4636227
4004507806,4615395,4638155
3009890926,4615390,4630489,4641143
685071316,4617671,4624678
4008607811,4615389
589998253,4602991
2787310167,4615387
2984491399,4615383
1785362544,4615380
308996626,4615377
2675836617,4615371
2919350333,4601019,4622205,4635603
1315895383,4614796
1956068664,4615370
3522598551,4617537
2098493959,4615368
1304453683,4631258,4634624
4027601096,4630633
2542058591,4615367
1177285925,4615365
986829110,4624897
3332090925,4615362,4615828
3468393718,4615356,4641543
2104646172,4615352
1243753665,4615334
1463537370,4612322
3411908724,4615331
3711933069,4603024
2467770326,4606990
3806520195,4615330
791820862,4615327
4239358954,4615321,4615558
3075433705,4610242
953215431,4615316,4624068
4226045924,4637938
2092949359,4615315
30710973,4626944
3426460804,4616824
1969791755,4615314,4622456
3808434097,4615313
264092163,4608827,4617542,4633512
2122582602,4615311,4623510
3709397714,4632540
3427410809,4615310
2142121808,4627678
1046551891,4616223
3707576961,4636623,4640194
1263741885,4615550,4616050,4616910
3951574098,4615305
3616964442,4616663
3243167847,4615301
3420221537,4634851,4640721
3040561466,4625920
1472055919,4618297,4629553,4630348
2341444821,4604441,4605763,4618738,4641598
3273866090,4615300
882835578,4615297
2122042377,4613688
1673666482,4615289,4633514
662849610,4639304
1918173531,4615282
531172168,4606617,4609578
3012965536,4606149,4606270,4606385,4633813,4637693
2439193549,4611158
579314392,4615280
46168501,4602033,4622017,4629904,4634213,4638066,4638384
508225840,4615273
430817952,4615269,4630643
3952521340,4610488,4614666,4639652
83990181,4604757
3325566597,4609202,4626336,4633150,4633837
3429823315,4615268
2752438647,4617336,4630849
1619244759,4600074,4626584
981308857,4616660
2159363425,4615265
3757937170,4630310
2720847711,4608782,4621515
3257998690,4611090
353186389,4615259
4258368703,4634923
2665123402,4606804
473752115,4615253
2448887700,4615243,4628181
1870581950,4610557,4612829
303567989,4615254
2552643369,4631686,4632295
537124928,4630419
1546928650,4615240
1691759590,4624419
3669911230,4615236
1550633525,4613663,4639763
1191264167,4603720,4627720
2871047173,4615231,4616996
3407924695,4616724,4638363
627910766,4615508
3837260807,4629529
3461972626,4623631,4625882,4626173,4629994
214172696,4615230,4616995
3832093396,4615224
2215109738,4619041
3146373742,4615219,4615278,4620379
269664027,4615218,4615277
1237686499,4615216
2045516150,4615211
4023103654,4631865,4633567
1200971508,4622082
3099580467,4615205
1819678432,4615204
3624526559,4611827
596144073,4615202,4629581
3671912282,4600180,4608597,4612649
891493110,4615198
3579348777,4615197
330161749,4615187
3142453208,4615184,4622726,4625137
4161397428,4615183,4622725,4625136
3410656807,4627567
3020967106,4606596,4634700
1936301197,4615178
3072918588,4606497,4608456,4630731,4634056
1238679280,4606949
3044784190,4615171,4618618
663937898,4601731,4622549,4632390
3354579023,4607384,4637499
1162179056,4615169
2238590516,4608351
2326516939,4610027
4260409622,4615168
544617272,4616592
3886059410,4604305,4627649
198627365,4615154
2410991710,4615153
3735079880,4615149
405048861,4615145,4620448,4641163
242919241,4633426
1407410718,4618891,4632996
2245502031,4615141,4632504
710134513,4603497,4607697
2767700249,4615139
2430522493,4607480,4607603,4628970
3386449100,4616361,4623800
2389658180,4609782
759586135,4615137,4634625
937840159,4615134
1570739467,4615133
215627253,4600947,4613671,4631835,4637854,4640681
2488135675,4610399
821674075,4615132,4638459
3889696317,4615131,4638458
3536464685,4620023
2602448962,4607365
2314521430,4609616
1761580213,4615129,4638456
1592210629,4615306
57266810,4615124
1951465034,4615121
1678051578,4600167
994545152,4615119
2901738114,4639202
3950271638,4615113
64493520,4615111
2448156241,4627724
2836894413,4615110,4621158
2861527188,4615105,4631962
3687456061,4615088
3135335593,4628845,4637472
951910859,4615177
1530278091,4641084
1363580497,4625033
1091031731,4615083,4641327
3660458255,4615081
3775735534,4618049,4621579
299774380,4615076
1495830455,4615074
2580759994,4615068,4641359
4225586333,4615067
416873553,4615064,4619807,4623410
2298712628,4601962
2890229345,4615061
1119544531,4640637
2062201166,4615051
2843096252,4615046,4627148
791302438,4629040,4639727
1676815899,4615045
3032099256,4627803,4639095
1651662130,4608562,4631128
1544396523,4603419,4605441,4626701,4632951,4632973,4636421
3734121922,4604057
3899276496,4615044,4626373,4638746
3346710198,4600632,4606305
2415703364,4615039
2479827510,4640509
2154584611,4612666,4616122
121835780,4617146
3083987320,4635113
3239498019,4615038
3319348609,4615037
2482028427,4631401
1288708193,4615034,4636269
1910911086,4605844
947115077,4616593
3222537334,4631346
1244694298,4605846
4000476584,4604875
2671704911,4615032
2965236319,4602884
2331080816,4615030
2722411139,4615138,4634626
1186643333,4615028
714868586,4607448,4612435
1671823873,4615024,4623993,4633748,4634796
262181928,4626275
2259955639,4615020
3829501936,4620177
3029600368,4615014,4634201
1301437880,4615005,4631005
1909399514,4602032,4622016,4634212
400917445,4614995,4630016
67839755,4601922,4611331,4613153
1768504965,4614986,4638232
3297781206,4614980
78858011,4614978,4619916,4624579,4630770
4000995540,4632218
1996715428,4621159,4640096
3816347480,4603593
3014671439,4614977
2383408242,4617127,4620621
3695360997,4614976
3023519535,4609953
2467337976,4614962
1533711448,4621599
552736483,4614952
1925017093,4600409,4613790
1454241691,4603334
243999671,4614951
1369420848,4628841,4632722,4637259
294398814,4615655
1673447222,4614950
1715322886,4614931
1458759592,4614927
2342725056,4604733,4639666
1818149690,4614925,4622506,4629385,4641222
2303691258,4614923,4622626,4636111
3719608110,4614913
2984945352,4630677
3769853909,4614907
1938852979,4615422
2517400351,4638242,4639256
2393032939,4601916,4604661
2408231686,4614891,4618421
3832631629,4614887
1092696673,4614880
3540265801,4614851
2413511777,4604291
2045012884,4614252,4618156,4620190,4620990
1040069675,4609870
2387229003,4614849
3319668445,4639366
759798265,4612088
1534368588,4614848
1107489955,4614845,4618472,4618715
2701392045,4602870
606536659,4614844,4618471,4618714
3135666230,4614839
739747542,4614838
3335245847,4614821
2736762829,4640555
2206786893,4614809
1386100176,4628504
2739663037,4614808
267864471,4614987,4632630,4636814
3483121644,4635306,4641518
593482373,4614807,4626826
2565822599,4606068,4619870
2353091575,4614795,4628359,4638401
3102746864,4624900
4126514917,4614788
2779962671,4636787
3392490177,4614778
3985454482,4627359
983406204,4614855,4615993,4636203
375302022,4614776
4006599655,4634210
1364126471,4604214,4616751,4618262,4618525,4621595,4622618,4622866,4634786,4635348,4641382
3900465596,4614773
4104538107,4621092
3130403864,4600604,4606801,4616523,4639362
4224867950,4614772
3334655714,4614763,4615246,4623471,4631020
2031528393,4613487
420846966,4614760
3450916698,4628734
104003450,4614739
3500487468,4614738
2991188020,4614730,4624595,4631887
4057063193,4630388
891917701,4623266,4633311,4633546
2684289733,4604116
3452070768,4614729,4624594,4631886
1507450923,4640815
1865971620,4622135
1253546982,4614727
906958040,4606712,4613001,4632244
3510572837,4614723,4638522
531465782,4601298,4602352,4605085
3400197132,4614721
1909332350,4606480,4626387,4626729,4628534,4629423
1547905632,4609428
1426572826,4614719
1068773677,4616431
3549769818,4607240
4202801599,4614718
1769748030,4615635
1568212990,4614716
2080273001,4634697
3710113593,4626139
1370638103,4615915,4621105,4629338,4634819
3045964330,4640722
36509556,4615006,4631006
3909542605,4614715
23183746,4633703
1817973176,4616362,4623801
220505344,4637399
3392080086,4614711
1913660204,4601099
2760160976,4604931
3652849480,4614706
115069295,4614705,4637326
1899022643,4614703
1923730809,4614702,4630968,4641420
409249839,4628895
933876639,4619656,4635577
3837660260,4602186,4621317
3153973815,4614701,4630967,4637310
1237035324,4614695
3262200678,4625388,4634973
4194493362,4602420,4605017,4611767,4640925
4008559452,4614681
2777577193,4614171
409195795,4614676
3636316364,4614674
2659637900,4614670
1168102347,4640710
106273134,4614668
1211467482,4625002,4634954
3289143912,4608838,4611115,4611659
3833315632,4609934
1017741321,4614661
472076539,4614660
2420878156,4614636
3791879605,4614618,4615695,4621348,4625807,4633874,4635420
1289024659,4614575,4623883,4623905,4628826,4636929
3007750835,4614573,4628824,4637042,4640870
2127457560,4636727
3917463628,4615285
3650121228,4614499
2922237461,4602792
2066735739,4614490
200294776,4614443,4614645
2614273744,4606308
3481039512,4612697,4636769
1351466176,4614442,4614644
2864162133,4610001
823415315,4612011
1166968718,4614436,4614638
968809357,4614435,4614637
1371885986,4614415,4614516,4630159,4630726,4637169
2561292301,4614352,4614453,4614554,4614655
1486981380,4638484
1869521755,4622578,4625821
2572701686,4614343,4614545
3393845056,4624584,4631910,4640134
1954824604,4614338,4614540
1673060093,4614332,4614433,4614534
3510421826,4639206
2086780140,4625579
1348959410,4607465
2425395879,4612544
3006060022,4614330,4614431,4614532,4625993
2660471730,4619826,4625583,4637156
348359128,4614325,4614426,4614527
3863468278,4614323,4614424,4614525,4614626,4626021,4628761
2952732867,4614320,4614623,4633004
421571142,4628053,4631259,4640749
2697114170,4614317
2380897202,4630306
136471744,4628194
989401766,4617139
1614093413,4617208
2793060544,4614315
3261272933,4614309,4614410,4614511,4614612,4628747
2959010312,4603660,4610231,4611578,4613535,4617054,4617977,4618280,4628314,4631162,4632018,4632634,4632892,4633280,4634424,4636256
2168341147,4614305,4614406,4614507,4614608,4628743,4640182
2569035568,4614302,4614403,4614504,4614605,4628740
3277481978,4625172
1482872567,4616489,4625620,4637187
2042037298,4614300,4614401,4614603,4618382,4628738,4630895,4632839,4634258
1145800008,4614299,4614400,4614602,4618381,4628737
4045909301,4614297,4614398,4614600
240273149,4614294,4614395,4614597
3638649206,4614292,4614393,4614595
3611682096,4635197
3395890749,4619910,4621814,4625277
3521312558,4617790,4640434
1102860161,4614278,4614379,4614480,4614581,4621231,4628716,4628832
2617181080,4614247
11898328,4619661,4622595,4637954
3114011453,4614245,4633764,4637577,4637769,4640078
1008778095,4614244,4637768,4638523
3475457364,4640200
3927176469,4614236
391033502,4627774,4630877
2153959569,4614233
289017287,4610275
713450655,4616525
2995358540,4635828
473292350,4614228
3786597933,4614225
1432567491,4611820,4630737
2352413147,4614311
1377747059,4610330
3625335708,4614224
496891369,4614222
2902355490,4614206
970098064,4614204
3415781765,4622827
520201867,4614298,4614399,4614601,4618380
4181468888,4614193
1090114289,4614192
2508953873,4615299
2225542574,4614180,4637395
3969939334,4614176
1219176945,4614168,4614794,4628358,4638400
7956467,4639800
2561911737,4604853,4609048
614466195,4614167
2210424135,4632407
2561229732,4614166
3657240208,4620328
2486756670,4616053,4617707,4627656,4633208,4639817,4641440
265732564,4614164
1159945438,4611513,4611642,4627794,4628268
2328165880,4603446
65249899,4617233
3718008234,4614162
3557013846,4614161
2532003302,4614160,4614867,4617243
2358600067,4624381
4291284051,4614149
1879475456,4631379
648968440,4614144
1428493083,4641325
2500146190,4618806
3701104373,4611317
3389954390,4614137
962486586,4615653
4007636556,4614136
1015367590,4614134,4631215
950257337,4632602
42370086,4613445
2452953081,4614131,4633867,4636247
3451938229,4600440,4637008
3271404889,4602089
2307068823,4612588,4620010
3305325612,4615724
3854341507,4614123
3780129482,4614122
1832926604,4607411,4609198,4619537,4623011,4636628,4640071
2601144828,4614119,4623730,4627174
2924659801,4641007
3858315486,4614117
3448880708,4638021
2136799368,4614107,4626068
2557139103,4614106
1392277114,4621914
3912260227,4601179
4158629087,4614101,4632470
2697642422,4637335
47376987,4614096,4624624,4629724
414553100,4614091
507454412,4614069,4622966,4625678,4629387,4632158
2490171171,4614068
3303660661,4638053
247889570,4614066
3744496717,4636480
1470136671,4614065
61241146,4632919
3395681649,4614064
258550370,4614063
1499387740,4605675
1395002437,4614057
4058546832,4630184
429800981,4614054
3740268082,4614203
2692992789,4614046
1977940220,4614043,4636424
1546585960,4600042,4638358
1938924512,4614037
4156659460,4632349
2731037565,4614036,4633046
3491917202,4636397
1309109676,4614031
2127429350,4639149
848677242,4601609,4603000,4617712,4623014,4632014,4637704,4640131
229154712,4616036
2407288357,4614029,4622535,4626233
192774005,4614027
1303420198,4600932,4635365
2991278342,4614026
1751571856,4614024
3088222168,4614023
1185018834,4640954
2167331083,4614018
3825730013,4607358
284782000,4614017
2165006830,4634553
3837023302,4614016
2274771955,4630199
3063640930,4614011,4619404
3596075214,4628786
516721634,4612107
3527359390,4614010
3119748631,4626489
1504258125,4614004
2746533477,4635539
351740720,4620482
1841552247,4614003,4637284
2613706007,4615945,4618848
1675622675,4632059
2139428770,4607521
406848763,4603042
971105460,4613995
786236878,4623808
3939449682,4615549
865959578,4611630
69144050,4612964
2654936966,4613993
2428042057,4630285
2004174463,4607651
1936641621,4609218
2922117061,4613992,4636718
1302252606,4619502
1507885738,4609446
1612116739,4613980,4614340,4614542,4616857
186118253,4635428
1312291400,4624306,4629319
682559221,4613978
624799718,4613969
2508537291,4634578
2184374506,4613966,4625410,4626310
1040139316,4602848
1429777583,4613964,4625408
14884160,4630988
822475111,4613954,4619080
373734315,4612232
3294774043,4612306,4617290
3014227290,4613953
2384931968,4613952,4626137
3528303592,4626147
2337580775,4613948
2411770205,4613947
3227807876,4603438
3615594519,4616253
598203995,4614732,4620759
3199709998,4613945
2377049883,4613942
853808774,4613928
3058106943,4601359,4630247
74806358,4614445,4614647
3604792837,4613919
3936863842,4606758
1542919746,4613914
1644131071,4635187
984824342,4624080
3879221258,4607156
3438174708,4613913
4015575687,4613910
2146807070,4613909
140446714,4619579
1572652161,4613903,4640365
3508738466,4613902
2446048680,4641191
488882112,4613895
4036811303,4640301
1292293063,4613893,4618599
1135028163,4641111
1832627505,4614866,4617242
2213177876,4617480
172765379,4613890
1926293159,4613889
2898805050,4614284,4614385,4614587
1123805750,4613886
77448213,4620183
278297983,4613885,4630258
3221849623,4610443,4616002,4617644
4059606615,4613883
1256506417,4613882
4178753717,4637983
183489182,4634768
260357295,4613881
4129718017,4634843
3544707701,4624408
412840007,4622509
2658602749,4615947
3772328868,4613872
1827117164,4613871
1514186608,4639123
778886144,4626629
1732652523,4610359
790381643,4613864,4615854
2329129695,4623237
1002826854,4602774
713664906,4613862
3276776539,4602833
433170698,4601789,4627661
2092920161,4605536,4609561
4128446428,4608850,4617995,4626705
963120917,4613861,4630769
2752042618,4613860,4630768
1883315835,4602359
3199640480,4616184,4618467
4000083918,4624714
671275438,4613859
3581340961,4613858,4625428,4626393,4634685
3537548607,4613857,4620009,4625427,4626392
522065774,4613852
3483055932,4613851,4635225,4639905
1048868534,4604670,4608169,4634917
219418133,4613850,4632185,4639904
2171876081,4621915
3332587159,4613849,4632184,4639903
1513366740,4613847,4633146
3716470715,4634244
4257993584,4613846
1594929942,4614998
2330183519,4625148
2860416625,4620137
2666073256,4613843,4619454,4621372,4622175,4627165,4632946
1654458801,4633071
3835311835,4600121,4617478,4618462
1345031857,4613838,4631954,4634096,4640026,4640551
3133819714,4614249
4207298728,4613827
3935505045,4602003,4628700,4636013,4639608
3769990433,4613824
1178866075,4613822
2038429230,4613821,4626866,4628931
1845574537,4613820,4633751
2241554118,4604185
3725579320,4605697
1698128191,4613818
340029394,4636160
2024261441,4613802
2313973437,4636981
1181962531,4613798
373451505,4605051,4612841,4614035,4614832,4619104,4623775,4625217,4629644,4632508,4637868
1189169028,4613868
1358206869,4617147
176668893,4600694,4618622,4621273
3662942564,4613791,4625606
2429554883,4620604
1264060443,4613789,4629463
1960171045,4602488,4636456
1784318199,4613784
2568575759,4609138,4617367,4621470,4622200,4623370,4629403
2137738858,4613783
329258866,4613782
2420067811,4608221,4626509
245078253,4613780,4614961
1421457665,4614152
1797079222,4630534
934299589,4601777
2392530640,4602062
41405349,4613776,4641085
3198195245,4626239
1462503481,4613773,4620156
3555579549,4622674
3614137158,4615966
1219687523,4613771,4619250,4620154,4636017,4637997,4639242
3536827345,4607650
3147909154,4615308
2935182364,4604205
2537031770,4613754,4636735
4095680077,4620798
4165964638,4605640,4614014
1531412290,4613750,4634708,4635704
3754674915,4604226
872956480,4613742,4623228
4149308138,4610354,4631588
2582474196,4613741,4619815,4623227
2915177826,4606186,4631369
3714950809,4613738
1794559784,4605311
2890052550,4613737
1373294460,4603895,4608400,4638203
2090258703,4613734
2880297609,4624466
3493956663,4613717,4617530,4618784
2148980347,4613709
2941080249,4621690
3283887859,4613708
7662988,4613704,4624927
420854517,4608785
2252367823,4613696,4632352
553572236,4611504
210661758,4613693
677148817,4610663
9921252,4615827
443181509,4609334,4614988,4616186,4618469,4630699,4632631,4637674,4638447,4639863
2550175319,4613691
1454527377,4613690
1343737084,4605990
2329341109,4614748
1965408414,4613689
3138974803,4613685
2072765111,4604338
2348759955,4613681
996170132,4610214
1385705531,4613679,4637465
2268095029,4613667
1488043471,4613666
3928639811,4613661
3186484814,4616878
381034798,4613658
1771959655,4616519,4624865
1752050358,4613657
2329725241,4613651,4626283
3354701367,4617554
4256442255,4613650
1485679768,4613649
803569173,4609600,4637991,4638930
3011090736,4613647
1701225334,4620185,4639237
3064920693,4613646
2058986889,4637585
1471713477,4613642,4622254
2641781890,4613638,4622351,4625106,4631909
667763095,4634460
3349120383,4632868
4027997749,4629847
2532837086,4626791
3124379520,4606991
3191680909,4605161
4208942561,4613628
4277178521,4602997
1882334330,4613622,4622429,4632923
463899337,4605492,4620540,4636149
2601882132,4613619,4614159
2430137943,4613618,4614158
3722246581,4640606
819080168,4613614
408556869,4613612
8396427,4613611
754903340,4600706
3758366053,4614841,4639239
4274557677,4613601,4624883,4635644
1358263686,4605356,4616572,4635773
774770673,4613593,4623536
869079788,4613584
1073816407,4613580
2420724914,4618878
3902667039,4610453,4627802,4639094
590060269,4613579
314038938,4627444
2387780667,4613576,4637633
4133353496,4601526
3867876905,4609513,4612245,4623149,4629398,4629624,4633611
4195948674,4613575
1132851039,4613572,4614007,4618172,4621124,4627002,4631062,4639658
3674906275,4640616
3893423624,4616168
3272970755,4613571,4618171
1336340222,4634773
3044514796,4614731
3964128999,4613567,4613744,4617746,4617925,4623400,4624025,4624331,4625339,4631781,4633553,4634958,4638322,4638814
987551283,4613566
4151204161,4613562
2952825113,4616326
980536949,4613559
3639462617,4613558
1562115481,4613557,4615551,4616911
1343361744,4630707
2097358467,4618363
2305949054,4613550,4629841
2328675588,4613549,4613963,4629840
3560080027,4613545,4625358,4626339,4629836
1097193109,4600065,4601439,4603477,4621863,4624818
688447111,4613539,4628473,4628612,4640548
477249224,4613533,4618497,4626780,4637206
731159417,4609233
1223048476,4608756
1058999733,4613531,4618677,4625490,4625694,4628012,4628995
1895119260,4630353
1538861659,4613524
336968126,4608982
106492372,4613521
2261498809,4613520
3842839862,4617640,4619293,4627626,4632006
2112060045,4613518,4636526
3785989311,4620678,4632009
1535546075,4601234,4606766,4610046
1062790464,4613517
3928133948,4611729
2346461297,4613516
1158009703,4603202,4604546
1273993373,4614052
2859394667,4604847
2975095450,4608236,4611479,4613829,4619446,4620999,4631395
1044983166,4604699,4606911
3306870467,4607185,4637178
2777203135,4613512
2609902775,4613504,4619225,4639367
3316391306,4613501
455486956,4611645,4623308
3154100351,4613498
308227765,4613485
529931532,4634440
3315211217,4631854
2816352851,4613483
3205419125,4613482
1192210052,4613040,4614679,4633164
568907123,4613477
239775590,4630739
2744354220,4613468
505313747,4604464
52797415,4613465
3054174806,4613456
3465557760,4613455
2400804466,4631743
1294896315,4602815
1713826245,4615616,4621283
2538081812,4614301,4614402,4614503,4614604,4628739
2518146900,4611045,4613004
1676558075,4613454
94101631,4613452,4629462,4641122
3447440907,4640293
4008765866,4615413
2894657296,4619642,4639545
2873466488,4606457
2769029751,4613451,4640488
1005290158,4613448,4628657,4632315
410102583,4616838,4621875,4627885,4635059
3049389015,4613443,4622376,4622709
3348207101,4613442
1795899423,4613431,4624695
3498013640,4613428,4629163,4633843,4636298
3170350337,4631929,4632541
1046717628,4622067
948915877,4617080,4619265
419735767,4622586,4627886,4635060
1315278858,4600468,4604704,4618770
1192583051,4613414
852746383,4630226
2358888205,4607175,4613366,4614689,4617852,4620978,4623908,4624628,4626079,4627221,4632121,4632887,4637629
3367354643,4613412
2337678580,4617260
3706440498,4632861
1555676354,4613410
121566080,4613409
48975532,4600673,4602160,4604396,4607723,4613532,4613900,4616412,4618496,4618678,4622959,4625074,4625695,4625702,4626779,4627045,4628996,4631299,4637205,4639635
3257094131,4601471,4604743
203611853,4613408
2339209197,4613403,4622550,4629015,4631602,4632114
913632941,4617334
3885720914,4613388
229883044,4613382
961403483,4613372,4613768
601524422,4613362
854387909,4615085
2662689332,4613355,4624266,4631477
1063880224,4631610,4636643
4291415158,4602950,4620373
138891168,4613353
2435150921,4622031,4631325
1644867511,4613350,4625095
121775900,4602777
341810552,4611745
2582378460,4613346,4640008,4640197
2421505320,4613344,4623113,4625870
1202419455,4613343,4623112,4625869
3800514538,4635333
1745057596,4630863
1413925504,4613342,4623111
14756292,4637564
4274108700,4624177
1696442356,4618482
3896608857,4613338,4630385
798650096,4601040,4632354,4633076,4634170
789237674,4613334,4634302
3308981840,4613332,4634300
1745703137,4613330,4627218,4639554
4041188713,4601755
909552472,4613328,4627216
1310018093,4608017,4637729
1838939632,4613326,4623488,4627810
655969168,4635576
3514207982,4619078
1794357890,4613817
2600450603,4607961,4608042,4618276,4619127,4624370,4628034,4629510,4641375
2951770540,4613325,4627809
3932414698,4613323
80735459,4613319
4185403963,4621136,4625959,4630912
3104441302,4613315
2903916295,4600736
446579794,4613314
389509756,4604669
2126230200,4613310
3481449088,4623986
3202702525,4600473,4614900
2868690129,4609562
4034158852,4613308
972221000,4613300
968996280,4618638
3476018025,4613299
3085815483,4613298
504376119,4640399
2067198209,4630035,4641021
460734370,4613297
2317523144,4626675
4015230899,4610797,4618948
1159306615,4613293
1363166551,4613290,4624852
3137509714,4603491,4622303,4638331
2643511861,4613286,4620223,4628487,4629018,4629864,4639708
2522975868,4601066
1215986494,4613284
309556692,4604602,4612315
3401923074,4613283
285252352,4613282
2916706083,4630241
1179754186,4613270
4223504204,4632074
2134100822,4611146,4624489,4636953
2215726580,4613267
4081646982,4624091,4630820
3612748921,4611442,4611727
1633208563,4613265
1521926544,4638590
3775712990,4637374
2907609938,4613264
3792396050,4627415
1760341578,4619855
3354126936,4602983
2696414661,4613263
530975094,4636913
4175459749,4632591
401027093,4626990,4640700
3371443461,4613261,4638169
717209221,4613260,4634145,4636492
3415593601,4618118
4023646349,4613258,4620192,4627004,4631064,4631550
1401078109,4613392
3708757371,4610725
4098858544,4613257,4613573,4614008,4614253,4614354,4614455,4614556,4614657,4618157,4618173,4620191,4621125,4627003,4631063
1254023284,4626815
1021515887,4621284
817682945,4613255,4626738
4032558345,4613252,4624017,4628500
1200422540,4634488
3355301404,4613251
2712517094,4625455
1984160220,4613248,4625502,4627196
1306624521,4631380
4278018135,4613246,4615721,4619814
2369495203,4613244
526592376,4613243
2981893431,4606536
1397417627,4613241,4634278
1394108871,4613240
1124825247,4613238,4618687,4619407,4621837,4622463,4629003,4630788,4635100,4637282,4641178
1803520483,4619429
3423768634,4615904,4619494,4627024
1401512339,4603133,4617214,4621049
1000430007,4613237,4619406,4624372,4627140,4630787
678931862,4604172,4612297
2345599198,4613230
720633312,4613229,4630329
4164380290,4617495
3699442647,4613526,4621889
3158962343,4609942
2495077988,4613227
3791585928,4632603
3755530694,4601998
3794234779,4613226
2801828112,4613225
208275359,4613224
3429030356,4602727,4623384
2356837192,4613220
1829989104,4613202,4629321,4638422
4055003704,4600941,4602659,4606625,4606782,4607508,4608293,4611713,4614266,4614367,4614468,4614569,4628258,4628820,4633556,4637606
3530248319,4608556
261669053,4613201,4622818
907677683,4615188
3579596832,4613196,4619118
1638386140,4620184
282071560,4613192,4633850,4640167
1140715649,4611954
535851809,4616154
3243182023,4613190
90125067,4613186
4017982304,4639384
1932693642,4613420,4619676,4622241,4623445,4627982,4629180,4629894,4630026,4637870
1632935976,4613185
3275500928,4602999
3423682282,4606932
2445793357,4614246
4060078745,4613181,4636615
3328263992,4637349
2633750690,4613180
3735760998,4629742
4198409828,4623518
193604286,4613178
1925825496,4618938
2848320003,4616059
820387279,4636617
1421110682,4608705
618045923,4609472
247669689,4613172
1168894270,4613169,4614090
1992853241,4606481,4626730,4628535,4629424
1424456107,4612484
67987225,4613168
3923983276,4632978
1896172109,4613162
3706207794,4620437,4639324,4639378
1203300769,4616885,4619698
3210850775,4633252
2426353690,4614227
509238014,4622406
2914934779,4613161
2095374215,4629273
2787572987,4613159
2391182319,4630686
3189515150,4616321
3510514744,4613149,4614994,4621846,4630015,4639910,4641320
1417148986,4613148,4615697,4617622,4630014,4639909,4641319,4641483
3944087974,4613147,4622523
2870144702,4613143
3292736203,4613141
1600388294,4622902
3022769847,4613136
1682801141,4613135,4626375
1330437442,4609015,4625414,4640469
3037686204,4613134
1795879772,4613130
3472417557,4613120
2791881729,4621204,4623659
3662119292,4613118,4613349,4627087,4628331,4632028,4641089
1309599396,4633445
8447781,4613113
1523794948,4615905,4619495
2764897368,4613106
4206183914,4613103
2320655641,4607832,4608748,4620064
421712361,4602443
2022801347,4608854,4611685,4613971,4614256,4614357,4614458,4614559,4618160,4628810,4631051
2867321910,4612030,4621641,4622347,4632125
2068731909,4613088
627417458,4604215
3443557543,4613087,4621313
3074316498,4602407
2488431804,4613076
1569660223,4613074
1365775548,4621094
4052739142,4613072
759712476,4613071
3030609544,4639115
2827625263,4638208
1203313826,4600743
1615248732,4613547,4613961,4629838
1621964598,4621363,4621680
59553980,4603677,4626981,4639427
4032779046,4610163,4618478
1606534398,4613070,4636879
3475649230,4613060,4619311
1360241328,4613058
3471332090,4629129
2712243401,4616735
1550933950,4632837,4633680
1826851643,4613056,4633418
2301797571,4606582,4612191,4620426,4622011,4636759,4639414
2973525611,4613055
3684066779,4605317
3523001208,4615136,4628052,4640748
2951347247,4614234
15725980,4613137,4626338
2629719974,4605979
3946584676,4613054,4624712
2996137492,4637271
2236071557,4614819
3473007823,4608703,4626293
141499058,4613053
2106741185,4622629
3528634115,4613413
1845533765,4613050,4625152
3483660456,4602898
2800359766,4613049
602574558,4613048,4624254
3988202570,4613047,4624253
1347258474,4613043
2245953682,4613041,4630871
3242799904,4628124
2098573423,4625518
1566848731,4613039,4614678
4247415463,4638587
599793334,4634949
1293200805,4634063
3865595164,4613035
3499278852,4613034
4054793330,4613033
2218120702,4613032
8150245,4613029
1648591186,4613026
814769689,4628480
2461943539,4603482
1357629842,4615126
425706692,4618492
4130009089,4613981,4614341,4614543,4616858
2050020952,4613025
195404174,4640452
259593806,4613024
3888593170,4637142
2008166130,4613019
3686438250,4613018,4627315
2645217093,4600654
1318425629,4613016
1789557893,4641116
4060806182,4613015
3357855738,4625875
3805640142,4613595,4633892
2406321179,4613008
1340671730,4612994
1483606678,4600994,4607550,4621452,4625276
877894177,4611819
1494124931,4617153
3027020647,4640741
2492595670,4603262
1349757907,4602918,4607502,4613665,4620742,4626502,4627780,4632051,4638660
1655224433,4612993
1068122588,4612991
1605017419,4612987
109008543,4603941,4614124,4630215
381042969,4612985,4613805,4616928,4619457,4629906,4630427,4636681,4640801,4640833
3289393798,4628191,4635227
2915468618,4622558
3319302669,4612976
1821529669,4639773
824507296,4630011
2813485793,4625251
3365758368,4612975,4638238
3984946569,4630227
4138297040,4612966,4617194,4626805
2921407306,4627108
3864346828,4612959,4613369,4615015,4616483,4627082,4629479,4633654,4634450
3741523031,4602018
837353655,4612954,4619305
3594983564,4608939
3331178578,4612953,4626637,4635355,4636543
3716779984,4617112
164413623,4612949
3377914959,4612947,4630927
2001481642,4612940,4630221,4634435,4636946
2403167943,4615949
384311390,4606584
3082384728,4612939,4630220
1377767978,4621738
1500026596,4612938,4618388,4618666,4626053,4629648,4633100
2830045911,4600809
3890872161,4610478,4611719,4636368
2391648212,4612930,4622639
1856827684,4602442,4615058,4616801,4630595
1648005644,4612929,4622638,4624669
2532816988,4627807
2765350102,4610618,4617498,4617753,4625385,4639289
1330881559,4615630,4631436
3216300982,4612926,4615797,4619045,4630313,4631606,4640160
1585821450,4612917
4180497065,4609070
2147902536,4612916,4619025,4636970
3046467336,4629978
1275183244,4617278
254912703,4612915,4614327,4614428,4614529,4616393
2098554369,4609301
3916154778,4612909
2757565945,4612900
1917251416,4615332
4123090472,4617335
3324989094,4612894,4618967
2679433895,4613014
1326848280,4612890
2061516231,4614924,4622505
4177865505,4612887,4616786,4630996
2402554786,4630074
1879110968,4603722
4006472642,4612886,4614574,4628825,4631420
4176192914,4612885
1900009836,4604843,4623361,4633130
262659880,4612878
518195622,4627277
2579953229,4612874
3585678908,4629221
3019442002,4612871,4631053
2235947180,4612868
1869798224,4622313
3379283256,4612865,4626909
3180983189,4637294
442585595,4600238
1936563276,4612863
2645692038,4618146
3160726397,4616829,4624096
867513046,4622066
2759435585,4601133
492764922,4616063
1509768318,4632247
976089134,4612861
3177907847,4636956
845427381,4612859
3422699014,4633665
1826007635,4633132
2863071377,4625080
3934801635,4616947
2476627128,4632724
3892810884,4612858
1378042015,4623223
4168902289,4614871
1075172906,4614734
2864747508,4612857
2724941421,4601752,4607139,4610886,4633929
407814004,4612854
943170163,4624415
161399080,4622828
2339989018,4606867
2471660058,4612852
3251509976,4616013
1152083034,4635861
2530462800,4616073
2572921567,4609647
1704818515,4612850
2173624469,4607144,4611224
1773390798,4612846
1282829091,4612845
2180575958,4602502
2678174191,4612835,4637930
1269066626,4612833,4637928
929494482,4640414
2375021335,4610172,4639913
4017180370,4612822
2034520951,4607645,4609770
2033492271,4612821
961032756,4612820
1650351000,4603215
2778812960,4612819
3435541960,4636358
3888701217,4617105
2461167543,4613668
2466722415,4617086
2045850930,4612815
1267123524,4627130
1475739828,4619247,4633074
711507739,4612814,4636335
3167217745,4612813
402423204,4630033
187660537,4612812
4229762317,4612811
1182523679,4604358,4613424,4625773
1299021689,4617238
952613699,4612809
3019626372,4619533,4621484,4627756
2833538160,4600674,4639636
970392944,4612233,4616500,4638906
2471699970,4600920,4616558,4623087,4631598,4636884
2330513640,4612808
1074877000,4628171
3414481075,4616189
835115329,4612802
2011245400,4605464
886409537,4612801
3583399000,4627677
506745705,4612799,4623061
1258313899,4612798,4623060
2589592234,4627669
3389493802,4607867,4634794
227228614,4612796
4283595461,4601156,4610174,4614861
731897742,4603505,4614629,4618130,4618299,4619844,4620246,4628764,4629849,4632421
1415867074,4612786
2987882993,4601618,4616389,4633702,4637242,4640035
1533175171,4612636
676979090,4605465
2702861482,4614154
2876651339,4631706,4634483
2588466637,4628120
1213558666,4612785
367172322,4641260
2170036890,4622439
2551882906,4621287
2411313784,4612782
4272297455,4612779,4623968
2772275372,4618476
2722641562,4612775,4617447
430330069,4630383
4089241961,4612772
4069161618,4603751,4606649,4610169,4610575,4618307,4637920
1839549152,4612771
3417640754,4613823
1141798603,4612760
4294252289,4607159
720540818,4612758,4615079
3727723523,4633115
1091319551,4612757,4615078
76817112,4633744
2072970652,4612756
3305319730,4612755
3457495067,4612754
3188274503,4612753
2985971963,4612748,4637248
1412037166,4612745,4626245
818672918,4613336
3039804399,4633361
1841623652,4617372
4201081251,4612741
3466792043,4613304
81106195,4612740
2930884289,4637467
3309284227,4623687
3173241297,4614289,4614390,4614592
2368692365,4609487,4611490,4621535
1232772475,4612730,4621428
3235669858,4632215
1230695387,4628518,4634389
2791974457,4614889
319609936,4612728,4613082,4634368
596496690,4611681,4629044,4631094,4631104
1481238641,4612727,4618916,4626586,4631070,4633457,4636845
2805120472,4639270
1084601738,4612724
301972895,4635220
714550726,4614172
4000985708,4612722,4631995
2406293027,4612718,4616647
2223415216,4605369
3610564479,4612712
845635785,4612709
2051541496,4621234
3735207769,4602586,4608395,4617125
4035273725,4615922
2614635644,4614846,4618473,4618716
3265712933,4612695
2480709930,4612687
1356463723,4612680
92404942,4605481
228807910,4612679
2266492162,4612678
2746413168,4612675
1854745391,4619963
3799824969,4607453,4622513,4623062,4628040
803691601,4612671
141445502,4612670
4256813593,4616035
3116393228,4612669,4617844
3183968698,4600648
1188638102,4604986,4605226,4605628
2279038902,4612668
2076119340,4612663
3772902927,4622942
1456238416,4612661
767134851,4612655
1277291452,4616314
1559646156,4612653
3906428967,4630658
59911560,4612644,4633431,4636998
348697732,4612642
2113443824,4611444
1958910371,4612640
1671046920,4639960
1869839330,4612639
2845441678,4612637
2153139468,4612634,4618220
3878843556,4612632
3892721998,4612628,4618460
1334208340,4621167
444657310,4612624,4616139,4634891,4636906
4136139134,4600352
1752610423,4613268
20569166,4629708
3326103761,4602986,4623544,4626438,4636469
2296549383,4612621
3142804470,4616179
3753454635,4612604
2321929270,4626686
3703163623,4615263,4619860
1582076897,4612603
3908555975,4612601
2216436133,4626380,4634652
2205300672,4615876
2492816732,4608192
3312546107,4612599
1898163039,4625012
1285095476,4620858
1829267196,4615940
2710037405,4630989
4001390843,4630607
3147843613,4612594,4617507
168768702,4612589
3377071184,4614156
2363072308,4612584
294505040,4612580
975565047,4615734
2636404001,4612575,4612616,4622664
1579018741,4619222
2047633915,4612573,4617472,4630919,4634737
2137696342,4631916,4636125
1785244857,4607960,4611658,4613426,4618275,4629509
2000779034,4612572,4623681
1887201143,4612571,4623680
760531099,4600995,4621453,4637811,4640860
3176231777,4601193
3819516815,4612570,4623679
3379441374,4620945
974567553,4612566,4638540
3083731550,4612563,4635320
773376311,4608699,4622440,4630018
2789460526,4612562
2092059399,4604592
3392490938,4612557
1782403572,4635902
3720719579,4626067
2535603068,4612554
3525789418,4622631
1087972120,4612553
611885097,4612552,4640094
538790118,4612551,4640093,4641174
3408620342,4612549,4629074
3732387519,4612548
84565028,4612547
2247111625,4601850
789652084,4612546
3225630835,4612543
4273106793,4617097
3095977641,4612540
1230489911,4627587,4633038
793018024,4612538,4639952
1786085258,4607188
3856869532,4612946
446878661,4612537,4614201
3296915108,4633481,4636875
909991753,4609660
1331441949,4614104
1099847398,4618078
1511988040,4612532
3814834058,4612806
3131233689,4615472
2231421576,4612521,4613878
3290192244,4612520,4613877,4618066,4640053
1866199400,4600499
2570896634,4612519
2956788489,4631655
4068611550,4612518
4135010411,4612513
4183377934,4612512,4625275,4635403
2883805759,4612510
3485040799,4632492
2540043917,4605008
2863486626,4612504,4621368
712278341,4612493
2118112427,4612492,4624777,4632486
3718623009,4612491,4624776
672620672,4612489
1881163718,4617104
4201608628,4612483
3578499143,4612482
1399643160,4640383
5987496,4612478,4616974,4631627
1303961712,4604264
1125177128,4612470,4620429,4620656,4636747
2592630862,4629467
3553083661,4613341
59789249,4612461
1924689316,4601576,4602981,4603467,4615496,4617310,4632241,4632716,4638165
772773452,4612458
5015319,4612455
572302919,4617362
2002142402,4603700,4607468,4614958,4615348,4624402,4631657,4638948
817283061,4603328,4614985
2869936850,4610714,4619559,4627829,4630956,4640179
2199957566,4612453
4276624073,4615996
1640568294,4618483
713521878,4618389,4622735,4633101
217620967,4612451
3164703783,4612450
2054332498,4640459
2038053637,4618809,4636019
3784855145,4614497
675759019,4608147
1773514881,4612443
4010334633,4629123,4639306
757391303,4624509
1222843286,4610335
693844596,4612429
1555154267,4612428,4615206,4622783,4641439
1408626393,4612427
2831792899,4641641
1071747136,4612422
1781597683,4612101,4612943,4613320,4624543,4633482
171404879,4612418,4634717,4639679
2191309219,4607690
3414332588,4612413,4613810,4616339,4619480,4619829,4633633
1902656815,4612396,4624197
1914521641,4607739,4613623,4618897,4630761
168208756,4612395,4624196
1184646374,4612392
3510542771,4625044,4628161
2869906584,4612389
3415514991,4614917,4616094,4625356
1456352270,4620213
2106143709,4611559,4631937
4083806726,4612388
874158555,4612387
2516492660,4637147
1369000120,4612386
689247276,4618198
1512345578,4608483
2437283200,4612384
4197930168,4612383
3236597812,4612381
1082539725,4612380
4074753486,4629863
77791629,4612379,4616149
1174221202,4612378,4616148
1844385579,4612375
3448113994,4629789
1848182273,4629170
2230671214,4626565
2612517230,4621787
2637514154,4612369
1928952268,4602581,4609431,4619974
430859867,4612368
739525841,4612367
2214172796,4612272,4619443,4619959,4640210
186747384,4614235
3032780614,4637276
2121215832,4604336
1305266856,4612365
2152779069,4636748
4183599125,4612362,4640416
3122619583,4629216
2138507144,4602133,4604754
3253339094,4612361,4637070,4640415
439707080,4616376
3413679495,4603381
3037388351,4612357
2868646238,4611458,4637783
3030843357,4613739,4623225
3065921345,4613503
1006389706,4609703,4612903
2010818575,4612355
3409076248,4612354
498042224,4612350,4612416,4619541,4630297,4635686,4641443,4641475
3060964803,4614491,4618670,4634790
303730282,4624208
1050089056,4621229
145004958,4619026
745368323,4612349,4638559
4011011987,4612347,4632699
3834192390,4606506
3738216546,4612716,4618684,4621194,4628232
1834315762,4609619
4205268860,4612346
3354099218,4612343
1269759419,4613164
1650499604,4601111
3790308306,4612337
3023067788,4625363
2716469714,4622081
1285961589,4612335
2901157558,4608764
1561404726,4612334
2803982572,4605449
4117452630,4612333
1020218698,4601093,4610814
494768954,4612331
815389068,4622920
307581186,4604652,4610352
2402822327,4612330,4638739
3567789066,4602185,4621316
473699645,4616396
2770106596,4612329
2210393389,4612324,4623241
2129879676,4605897,4615418,4634279,4641032
1011627365,4612310
1238191219,4614329,4614430,4614531
2551428715,4612305,4616388,4617289,4633701,4637241,4640034
3062155741,4604254,4626213
3378346256,4612303,4616386
738647570,4612296,4640854
517528287,4607124,4610253,4622934,4624518,4637699
3763373725,4612288,4640021
1216409403,4610250
1363922115,4612411,4613808
1224299976,4612287,4624765,4633177,4640020
3395745011,4612283
1498404079,4612282,4631281
3329887896,4607089,4607149
2444734473,4612279
1534199747,4628733
2646202827,4612278
455564529,4619570
1143828600,4612274,4627501,4641008
2613648411,4620054
3128425600,4612273,4619960,4640211
3390210201,4612270
3962694585,4605277,4623299
1796114486,4613345
1281387579,4617201
1949052333,4612269
3629647034,4600665,4601695,4605507,4608366,4619280,4621713,4622122,4627987,4637516,4638403
1517098352,4612268
514950660,4601726
634920465,4616043,4638284
4091516314,4612266,4619085,4623086,4625061,4634291,4636883
2796314043,4612263
1543485434,4610745,4622923,4640617
582183974,4613766,4623000,4627121,4627882,4629411
2466061037,4612262,4615535
3198701198,4633490
2588076750,4632650
2348059989,4615179
824980093,4634587
1285803016,4621115,4635121,4638536,4640017
1875288090,4612261,4630993
2456161936,4612258
3593456171,4616286
1265861935,4612255
1684556505,4629893
1338868591,4612691
704065008,4624726
3093765799,4612254
1354068511,4612253
482457945,4604676,4625321
3576521649,4612248
3468488003,4612246
1708380982,4601388
2496581315,4611772
3341667652,4612243
2359978439,4633429
3390458629,4607214,4640082
76617443,4602218,4605336,4610994,4612158,4625891
3413681080,4612239,4637039
802016682,4612238,4637038
3583755932,4636921,4638027
302909657,4628582
2986710060,4612237,4637037
1485689941,4615237
2537198916,4622712
121472521,4612236,4633710
2291616381,4632443
3039775345,4619758
274580637,4615152,4622404
3080982131,4612867,4633202
2178675469,4612234
1362586183,4618750,4640785
301219876,4600017,4600234
956077564,4604018
2661346117,4612228
1294061223,4612836,4637931
4089164802,4616283
3533233993,4612225
3240648558,4612223
4119739441,4612218,4640736
1581537425,4620651
966823974,4602306
893273354,4605733,4613472,4635910
1244979046,4610433,4617787,4619077,4622090,4632853,4634485
126958188,4612217,4640735
2704334904,4627872
3594734595,4612212
227513949,4625758
3816938507,4617863
214192543,4615823
3675492590,4612211
3531594505,4612207,4624355
3689745938,4612284
1276880022,4637218
3409822285,4610401,4623900
3916370034,4612203
3989675563,4612202
1463410066,4640564
1060090355,4612200
1880054473,4618614,4635845
3116733569,4617381
1192433327,4612199,4617638
1197800902,4612194
2193980210,4603307
2635823987,4612192,4639415
514872405,4631759,4634090
1319968807,4612177
2088152332,4631678
2462849022,4620573,4632824
4019499032,4607781
1469452746,4612175,4636276
3341981665,4623882
1643579551,4603220,4607248
928235479,4612173
4228776001,4616506,4617986,4626625,4637383,4638952
2901958820,4612172
1773940705,4637830
4213326740,4612170
3087483619,4612169,4630076
1757611977,4613351,4615901,4626183
877194330,4613037
3785390151,4625170
3663774458,4601083,4615428,4638861
422403778,4612164
2330743081,4633390
2514233876,4616365
1801678574,4619900
264110578,4612157
2788645821,4612156,4614972
3899379386,4635926
2584057704,4612155,4614971
3665564159,4612154,4614970
977519245,4601096
3262551846,4612148,4636020
1870464160,4605217
1008353169,4612145
3352768863,4632484
734546810,4612143
868834113,4631729
448746918,4615120
1774913560,4610043,4631398
1578358529,4612142
314997976,4641394
3282071134,4612126
2494713293,4612123
1255540115,4612121,4617204
2258974763,4609307
358771350,4616961,4630133
242041887,4612120
904766601,4628400
1987400867,4602004,4610956,4619603,4637618
2402293228,4616590
1877629695,4603566,4635015,4637189,4638764
1939736250,4614293,4614394,4614596
3720149877,4612117
2754597575,4612115
57314822,4612112,4617695,4640832
1711478669,4612111,4617694,4619884,4640831
1766195581,4612109
4168093924,4612105
3747801872,4612099
1051782961,4641353
928881418,4606027,4608411,4623305,4637651,4637879,4640329
3691118671,4610446,4614619,4635421
2226895559,4612098
1535975267,4636219
3167873219,4632514,4634899,4639649
3514204058,4615264
2091081339,4612463
3907531564,4612097
648717194,4623359
248689259,4612096
2479082981,4630497
2416950709,4600423
3641671400,4604105,4611506,4625661,4629078,4636991
11819718,4613931
2796379327,4612092,4628129,4630973,4635065,4639282,4641377
1995822943,4612090,4639280
1425339458,4612888
2905612265,4612087,4627709
3688397667,4617088,4627855
1115710355,4617857
2780397482,4612085
2003922289,4612082
866226457,4603254,4604212,4617256,4618455,4627922,4629870
1208674029,4603126,4603436
3891420035,4612081
2841102551,4600953,4641075
3292358750,4612079
2307951073,4612077
3536308172,4612075
2687505288,4636381
52284298,4634844
1820765237,4612073,4638875
520186175,4611889,4639720
3597302376,4612072,4638874
3898638314,4600396,4610770,4618332,4620195,4628279,4632147
4174993196,4617058
2870323725,4612071
3816608478,4612070
4099725958,4612066,4623648,4629328
825187464,4633736
3764357677,4617259
1229684508,4605621,4635255
2764115030,4601944
171661411,4612062
4087548703,4612061
3847649001,4612055,4635504
1323092002,4612052
3234087810,4613437,4622687
1613439777,4641192
1464152592,4612051
1338950174,4612049
1257396642,4627926
2560168428,4612047
2203312816,4612046
2096269562,4641418
3439494189,4612045
1628672483,4616088
3525645181,4605679,4605744,4630891
4250144505,4603260
1816519078,4612043
1841035862,4612039,4616415,4640286
2370980467,4612037,4631604,4635078
103541341,4610410
494131137,4612542,4627800,4638493
2904937128,4612025
2529555287,4612022
2017353250,4609276
3007200580,4612014
32062951,4620173,4635782
1276868619,4612012
807066187,4633167
3034698444,4612010
1548066217,4614826
567785611,4603447
3250685919,4612005
2810405451,4629089
413452466,4600537
640842180,4612004,4640411
2897591525,4631076
2329631580,4612003
192262034,4631039
2827328722,4608572
1970103961,4612002,4624998
1442060256,4609929,4630319
2178312249,4616517,4624863
1009216222,4612001
829579974,4611998,4612008
7891190,4639673
3145802379,4634441
1647941431,4611988
797312076,4603936
1118697425,4611985
26343451,4611983,4617328
1148576411,4611982,4617327
2244071122,4611981,4617326
1968851675,4610669,4611688
3738541313,4610605
1566380625,4611980,4617325,4619557,4630954
507083912,4611979,4635614
1688093702,4615425,4634442
88033396,4611977,4630123,4635612
2263641676,4637368
1893779782,4608801,4617816
3408716818,4611976
1039802274,4636927
1380372505,4615214
3707374129,4639453
331272086,4611973,4635798
2545119327,4615925,4641528
4144116745,4624446,4625399,4626034,4632087,4635155,4636933,4639026
3496485534,4611971,4627246
3300604873,4611968
208944594,4613469
2786699246,4627679,4634311
2646901634,4611967
1180420020,4611966
2050696403,4621669
2406645400,4610365
2511647911,4611964,4618053,4633070
1662191643,4602789
1056607727,4611961
2286033422,4618626
3883856349,4613303,4620640
3665818057,4612805,4622811
4237564073,4620230
1909712667,4611948
1096979229,4615482
628278355,4635844,4640350
245532244,4611946
3526033667,4623819
1585531715,4611944
2459086974,4611942
195430903,4615533,4621354
3789021615,4611941
2324234813,4616667
3531497678,4611628
3847353872,4611929,4634733
2522832356,4612295
4106228046,4611928,4620320
3237880551,4611921
1473706255,4611920
1579250696,4601923
1705881204,4612289,4625836,4638914
3746088007,4605304
1164898434,4611919,4612665,4616121
1227956402,4626381
3651140727,4600436
1504748473,4611918,4616120
2439186791,4611910,4634274,4636157,4636375
3939240624,4611908,4621160,4625118,4634021,4634272
1323211707,4611905
3045125706,4614872
1310591207,4611904,4636584
3534158388,4603608
3615732712,4603648
2492002680,4611903
3378969427,4618808,4636018
1943935110,4613500
2188606648,4611901
2269082066,4611917
1066231810,4609828,4627918
3144885486,4611899
1531684564,4611896
2921964274,4602216,4605334,4614745,4615401,4625889,4633238
2123785745,4615749
404577017,4606829
2942510596,4600773,4612968
84091763,4611893
1147019950,4611888,4630277
3441453128,4602610
200802524,4611887
347354267,4619087,4623697,4626260
3582835754,4601980,4619515
3566865497,4611886,4613062,4635589
81741855,4601597
3448174306,4611884,4613939
1940730571,4624380
539076920,4616575,4638241
2933410878,4612196
4097429970,4611876
658332980,4625813
627318278,4611906
2790012092,4622389
2858007840,4611875
1000212758,4611873,4615146,4620449,4641164
229740545,4623453,4639639
3313028826,4617068
478115331,4609101,4610849,4612302,4618285
156447095,4606091,4606212,4606327
3494359393,4614310,4628748
3474985227,4619075
3696305729,4611872,4613171
1726641397,4610189,4618839,4621331,4626314,4628362,4634880
788228067,4611871,4613170
63179057,4616780,4629763,4636637,4638796
3410750508,4637393
3557003087,4623049,4633783
4054061263,4611863,4637122
826635260,4640848
2344684053,4611860
744240489,4620351,4624756,4640055
2049198220,4604591
4109644260,4602022,4611818,4620808
2058867812,4605184
2102380976,4611858
1141037093,4617002,4625477
786721228,4636184
1366716729,4607671
930453541,4611845
1719383563,4630775
2131472771,4600351
1575548382,4614230
567859435,4624903,4630750,4638437
2072406803,4611842,4631578
1210839393,4630714
422459041,4611838
285078048,4605180,4633763
2147348886,4611836
3043602571,4630823,4639541,4640502
3695939993,4611826
1041125748,4626926,4628338
1929982419,4609096,4616493,4619498,4621588
182872307,4611823
1714899929,4611822
3779479412,4600438,4638539
468107058,4616441
1452243501,4623369
3283345335,4620542,4629515
2695506149,4603228,4605501,4624956
4222838779,4606300,4640247
2605599517,4611816
2681331856,4611813
1737480792,4619027,4640880
3276926129,4611807,4617827,4628083,4639040
1656718717,4611804,4628080
1291615351,4614143
4200571388,4635833
2414885776,4628938
2014240633,4620176
1943287430,4616448
2335625982,4611802
533082661,4608219,4616030,4618540,4625503,4626175,4626997,4627197
1337639006,4611801,4623890
1775080725,4612526
3492982999,4630958,4634822,4636538
2847923488,4600034
2270319668,4611798
2818018376,4611796
3559122324,4611795
82654907,4635597,4636050
1868649123,4604311,4605402,4620751
1895266218,4610087
1268465777,4611789,4623281
1688906344,4606001,4612650
647213542,4614904,4615883,4622986
2701718955,4611787
3875250707,4627938,4636435
1369360510,4611786
3875278031,4617657
776636701,4605231
2774719016,4607994,4619395
2055131639,4611784
571598052,4608417
1288125106,4611780
1712627654,4623983
889837956,4611773
3231279744,4639020
2424100265,4607962,4608043,4609993,4618277,4619405,4624371,4627612,4628035,4629511,4630786,4630978
1987065567,4611771
2462523446,4616733
4031759069,4611770,4620724,4632057
3318663102,4602533,4618090,4621301
3334556208,4611989
4010759006,4611769
3551548113,4611765
129964089,4610316,4610852
4114607503,4611762
683551521,4611761
3944688866,4611758
3833688528,4626055
4212114183,4604520,4621673
324372425,4611756
607751817,4611754,4618311,4626716
2423100250,4636783
3346597720,4635807
2436627392,4613692,4616881
841613951,4617738
618879014,4611749
3216009413,4611747,4616534
1310841814,4631171
1496518554,4611744
244645444,4629796,4632341
2636532180,4604779
1384448601,4611739,4631226
99439997,4611738
2501855780,4640896
643211039,4626303
1396230516,4611724,4622479,4626786
443167644,4611047
1513457750,4611722,4627397,4631895,4640031
682608086,4611712
979601015,4614336,4614538
2259400185,4632980,4637285
2530997422,4627735
2297564213,4608947
1207086262,4611706
844852916,4615800
2940333927,4615065,4623411
4010392580,4611705
766740464,4619084
3570510672,4611703,4616552,4625487,4633433
4051542906,4641316
3834234256,4611687
3551798361,4611679
1580620736,4611669
2574821977,4628936,4634998
3092196583,4622826
1078246879,4611668,4619203
795269497,4633430
3448158066,4612231
2968239899,4611667,4612130,4619202,4621190,4634377
1331305147,4611666,4612129,4629599
4183897242,4611665,4629598
3068938653,4609571
3360903754,4611664,4629597
691011081,4634406
2353460829,4601569,4617549
1790824303,4606021
2155619948,4611657
2046332565,4610625
3139433650,4616686,4641540
1603569291,4627933
89712369,4616153,4632801
397657396,4611656,4618385
2531706833,4611652
113928379,4613984
2690025416,4635207
2896635794,4617873,4621388
2717722625,4612456,4628681
656145037,4611646,4612646
2522545838,4611644,4620412,4630628
4120269330,4633432
846880985,4611640,4622301
692846968,4623036
3107313230,4608799
1250828717,4611638
4111739377,4618732,4639434
3734265251,4604528,4606511,4623306,4634345,4637652,4637880
3950750957,4611637,4639031
806348162,4611634
901114520,4600144,4603845,4603889,4613957,4617439,4625599,4634106,4635983
2853754896,4609825
2849794478,4611633,4626681
3474089650,4611632
1742702569,4613044
3991020240,4610150
3855285914,4611629
3282113721,4623949
1176354327,4613296
350537413,4608653
3593065358,4611625
2769276609,4611624
4288535430,4611615,4634775
200882366,4611612
1358590117,4614501
1758704007,4611610
1044849778,4611609
3190275050,4629265,4641336
2031492747,4611607
597706183,4631000
4099384337,4611012
1289596351,4611605,4640449
3879918606,4626385,4626727
2656072293,4604580
4119626763,4611604,4612426
415241964,4611602,4618315,4637574
170610471,4618177
2279918811,4615077,4635974
1844779891,4607247
524031922,4611600
3491620255,4612698
1850901372,4611595
1504252157,4616087
831950286,4615645
3109321944,4611588,4611654
2951930865,4607743,4608808,4609378,4615629,4626692,4631435,4632067
1069883654,4611900
3196416218,4640907
783801580,4611587,4638771
694302245,4608791
583641994,4611586
2006098063,4611583,4612497,4617928,4622371,4625881,4629993
3217082891,4611581,4631066
3120013326,4611573,4627946
4108103160,4611571
356147785,4611570
3694290619,4605749
1190997839,4611569
3082414176,4611561
2312668520,4634419
1638163044,4634318
1742419762,4616531,4640009
1610123833,4611554
2042079576,4611553
2495413230,4611551,4641246
4263295131,4609222,4613988,4615160,4625174,4626064,4641129
2320838687,4611550,4615249,4641245
178779563,4600559
209588529,4611546
3437219919,4611947
1821940238,4609026,4631800
360314543,4611544
2761115707,4611543
345880697,4615557,4618068,4633462
433448186,4611537,4614000
3842982307,4602873
2044489629,4612356
2098521726,4625515
3485259517,4611678,4611684
3040905601,4611536,4613999,4628220,4635631
1995206208,4634372
2368128425,4622032,4631326
3131563287,4611529
1370016110,4608119,4629171
3084568500,4613959,4617339
2456311334,4635461
950015210,4602746,4626471
1891283127,4611528
1555566888,4623566,4634990
3100489946,4603237
3757122107,4611526
4026247861,4611523,4612480
3972710083,4613544,4631211,4632281
1836373176,4611522,4612479
3413760280,4605670
690895754,4616434
3596246312,4630905
2752188655,4616542
3429574435,4611521,4631998
734477154,4611520
3900831662,4611519
2477149753,4611518
1990748904,4611512
511363449,4607014,4617569
849876320,4609116
2929815846,4611501
2387076524,4608905
2448205833,4611606
3406589778,4611497,4641003
1235229183,4612050
1235904530,4612257
332954943,4611484
460299982,4603760,4605818,4609127,4617999,4620831,4621768,4632362
2892562408,4611478
4007433850,4639431
1155187097,4611477
2150407640,4611476
3094942567,4611474,4639803,4641565
3806739006,4611470,4611785
2545662229,4601369,4628298
244659371,4611469
2170391892,4631559,4639662
798621395,4612818
4208952765,4611467
2304411383,4600421,4600574,4617730,4617880,4618555,4622752,4625725,4630952
2880832221,4603916,4631366
526569456,4611466,4615476,4626394,4634686
2917527750,4623019,4630210
873720609,4611465
567343008,4630080
1342401954,4611463
213026797,4618329
2836006495,4615372
1785393355,4618713
2213632839,4607989
3413073719,4608663,4617121,4635649
4059933420,4611462
3068560551,4611457
1050130860,4602737
2612952950,4611454,4611755,4620535,4623690
1781270421,4627419
633675013,4617261
2907626522,4604404
1408093969,4613718,4622981,4627363
4048832790,4611451
2234649222,4615716
2941834135,4611449
16261558,4604890,4613302,4613917,4623027
855844457,4613038,4614677
3944636176,4611447
191274545,4610592,4622730,4632803
1550495146,4617262
3916284951,4601964,4608767,4614631,4618132,4628766
3880718340,4616639
2960675309,4615944,4619383
1156756344,4611446
3050636277,4603453,4610790,4640491
3368472680,4611445
173579535,4611441,4626518,4636449
2058223780,4617134
674174181,4613599,4628536,4635992
50094077,4600262,4617533
3662278180,4611440,4631933,4634127,4640580
1994641424,4621054,4630635
3720097822,4617872
4046446552,4611437
1668151073,4640430
812417898,4610950
4093238456,4611435
4172907653,4609309
1700038084,4613740,4623226
3070206443,4612119,4628750,4632594
1213737576,4618763
3001043359,4614942,4637979
2462709398,4611430
2256818454,4625747,4637269
3755888101,4611429,4626587,4626932,4633458
305895624,4630560
1024814359,4613770,4618575
2155982815,4636361,4640788
1911774183,4611428,4613934,4626931
2672395916,4611426,4611828,4627040
1512432913,4602385,4622324,4624652,4630088
1650044580,4613915
1589476527,4619292,4630389
2811188329,4618906
924049152,4601483,4620537,4621184
2471929665,4611425
1907127727,4611424
4219802496,4632548
3644667508,4611420,4625642
4279481284,4611414
1026076651,4604141
2439122933,4611404
2574448828,4627690
1737129025,4622442
379605746,4604011,4610422,4619096,4621131,4631762,4633758,4641428
2781264942,4616216,4626873
3435119667,4611400
3523122996,4627180,4633663
106748131,4618853
4284834819,4611397
3717270878,4612124
3788438574,4638838
4011687851,4616562,4640706
3503738613,4634925
1589210831,4613470,4615862
2719370113,4611390,4616212
2114321580,4613958,4617338,4618088,4633550,4637992
4181341164,4634309
761391636,4633108
1025890981,4611387
3453938451,4611386,4621727,4630672,4640326
3264811770,4611385
229405866,4605830,4622249,4627306,4629784,4629856
1882803230,4611382
3355731340,4619885
3671844704,4611381,4617583,4632277
1862181886,4611379
1990906551,4629771
569219357,4611378
4030708938,4601681
958427533,4611376
2369021430,4628650
1217337019,4610040
2602917545,4611375
1257772993,4600429,4604341,4616066,4623295
4099090021,4616336,4624214,4626060,4630149,4632282,4638320
321760410,4613929,4624456
3929224539,4602892
2227350630,4606489,4613157,4617013
3118444680,4611372
63917682,4629256
557426912,4600378,4605058,4608064,4618983,4623499,4632565
412743070,4611368,4634864
3151235618,4630255
1077159568,4611365
2879071816,4611364
1299770134,4622455
2930690840,4611363
1238893684,4612317,4633857
2202999413,4612382
3249578445,4611362
3586122422,4619731
2851233430,4609482
1008533229,4611075
915231953,4611360
1429891643,4618207
4277997959,4611356
2043524177,4639726
2681460079,4611943
3502526738,4611373
1898318102,4611347
2726753924,4611345
3075765880,4631923
1321686461,4607138,4610885,4613232,4619450,4629248,4631431,4631695,4632063,4633928,4636889,4638847
278656375,4611344
560640537,4611343
854423312,4611340
1567172466,4617037
893148293,4611338,4621827,4626918
681940483,4615092
2934543947,4611336,4639142
1787516493,4617553
1018732495,4604223,4639284
1268290263,4611329,4630245,4632775,4639742
2135743946,4639793
3564529032,4603987,4605157,4608284,4632710
2758969724,4612222
1347563055,4630407
2943971547,4622319
1063621658,4616024
3074125284,4611327,4632773
1394889690,4611324
2295059601,4627667
951757823,4615123
819032386,4616221
288048843,4625445
2933325180,4611323
1400143254,4613114,4619751,4632024,4633342,4633516,4641363
1489989929,4640652
1960945350,4611318
3795591401,4611310,4624003
935821156,4612586
1356448950,4609364,4633468
93178476,4611309
173062100,4615404
2917061231,4638343
2858580773,4612063,4623792
103114734,4608505
3952538162,4611307
3762485525,4611305
1711230173,4611304
1873551811,4637291
265467801,4631778
3064994704,4628861
957615139,4611303
2458700118,4611302
382143516,4609909
3438943287,4611301,4619198,4640043
1846384186,4627875
2106048735,4611299,4620507,4621268
2262076873,4632606
694085666,4611298,4620506
4099599863,4611291
3918964658,4615082,4627036,4637790
2492688651,4606498,4608457,4613687
2396172750,4610059
2292404655,4611286,4618278,4639502
3787048554,4613496
448210444,4611283,4639429
3855795796,4630079
28951894,4611279
4280006269,4611270
1830380436,4619036
3285242560,4603958,4618538
2262837508,4611269
3031752107,4611268
1622969898,4604238,4610863
4197447334,4608537
3398445861,4611265
94736624,4611261,4620504,4640578
86972785,4613927
8561652,4601465
1307218718,4614908
2755510517,4609613,4610435,4622092,4632855
1306357567,4611260,4613288,4621189,4629098,4630833,4632657,4634376,4635859
790876391,4611259,4630832
2091969805,4611254
1903100506,4611253,4611434,4625939
3927701652,4611252,4611433
2106354281,4604934
631947237,4607797,4611396
3535705141,4611242,4631560,4639663
2240837637,4621168,4632669
1898930122,4617562,4620616,4633368
2615174289,4611239
3189071338,4610923,4611492,4631111
3537536688,4611236
337375221,4611235
699972626,4611232
4132973996,4637858
488129303,4611228,4616576
1007063551,4611227
3329559152,4611222
2820369610,4633967
2122667400,4611213,4613375,4638263
3363268431,4624077
1307605753,4606396
520485534,4615799
212653044,4612761
3939997873,4611212,4613374,4619355
3796680626,4616113
2900494610,4611211,4613373,4627507
252825016,4618768
2313013886,4600762
3392484961,4611496
2260552078,4638883
1226908697,4611209
3109335363,4618475
1015997280,4616068
3096785467,4614818
1696599854,4640582
1854039328,4636326
1238605801,4612281
1642336984,4611202
237572552,4601033,4629606,4634756
1540292904,4611201
3631669859,4611199,4621663,4621740
4226497272,4618186,4625911,4626088
628406085,4611197,4621661,4634514
1058382349,4623080
4007325022,4601136,4607179,4620067,4623210
526580506,4611187
4133246897,4639911
1716234652,4616718,4637829
4278930057,4611185
2337504101,4602676
4115886085,4613996
2659127065,4613271
2740293760,4611782
2522989522,4631488
2229738571,4620276
2008803824,4611173
1751112345,4611169
524754999,4611168
3444297433,4623288
3395075095,4611167,4611969,4613627,4627244,4634434,4636945
181580462,4640743
2306421870,4603906
703069788,4609694
2134143687,4611160
937337942,4611159
1490154662,4601225
2629854951,4613904
703048734,4611157
3002207811,4611156
1316381867,4619913,4636112
1557041553,4618079
54474394,4600359
702645662,4611803
1882975211,4611155
1217618421,4635784
2127743051,4613481
4065416133,4611151
1909184325,4635132
1635272558,4619903,4634188,4634251
2071664331,4619345,4622152
2185384905,4600349,4630130
380540128,4615275,4617246
2662435255,4611145,4636952
2332799414,4600218,4607000,4630938
4291380417,4611143,4636950
3597674381,4621077
3136800024,4600957,4601350,4605331,4618084,4620391
1806639633,4600956,4605050,4607360,4611048,4613399,4614831,4626032
695382346,4610877,4627331,4627740,4633022
972457304,4611142
3520208076,4620033
2030679436,4602503
3564184146,4611140
943114014,4612277
2553538271,4611138
3715734719,4611137
1328437311,4628605,4636865
2124121291,4611136
3487584676,4611128,4617225
2319605540,4611319
2571691429,4611121
4125701533,4615366
2622766879,4615382
3752488972,4611273
2989930739,4602563,4623345
682215744,4611163,4612791,4629669,4631935,4633865
1575706652,4638531
1902132533,4611120
730002916,4612622
3321656130,4611117,4611661
232475854,4625100,4628089
2489862680,4618233,4624558,4626476,4631583
265393614,4611112,4612017,4634610
1008326666,4611111
1425563586,4606138,4606259,4606374
1808335414,4608373,4616429
3340039934,4611098
1816138192,4611464
3430561195,4631194
1732236232,4605634
1486175976,4611096
2380381236,4615341,4636089
1292413345,4611095
1808691529,4611094
3955080936,4607282,4607753,4608448,4613825,4635135
1499647493,4611092,4622557
3791328565,4611091,4622556
1425428426,4618241,4633759
3141292383,4602060,4610402,4613391,4628900,4629750
3200441483,4608848,4610139,4630433,4632933
285522401,4611088
1064018479,4626485,4630796,4631853
1956861285,4618321
1949146185,4611084
4039909232,4617028
3456088210,4601058
509408633,4611082
3907069819,4620438
2763537697,4611081,4618309
500435334,4602545,4608945
1815242676,4611986,4628598
523389078,4617811,4630201
1060925812,4611080,4637579
2098534759,4600448
2040491490,4611079
3362620292,4605444
3522502881,4611078
1247521785,4611598
796330073,4611077
2084132051,4614060
4189788769,4638198,4640114
2089378511,4614933
130488904,4611076
2726395006,4611070
3475574573,4631836
1228345962,4611066,4624970
3184630504,4629997
1489262996,4610159
824864301,4611061
839956324,4630685
374710077,4611262
1455056139,4611060
1030343323,4611054
3709895434,4611051
1500786400,4611050
2909854403,4622632
849819835,4611049
730585153,4631265
3787847830,4621700
576848927,4611046,4629272,4641243
99303090,4611042
898062927,4611041
2377384915,4624705
1447921101,4611040
3248324063,4637371
456409392,4604490
3457403273,4616422,4624179,4625222
4106564767,4637481
1443826587,4611039,4633176
453720697,4640600
2384733076,4613156
1770325370,4623621
1670234806,4611038
3354233328,4611034,4611733,4635785
3143351423,4611033
607852632,4618266,4624076
1275825990,4601665
278006390,4607208
2182993165,4611030
1136082120,4611026
4066726229,4612529,4638077
1085909881,4611024,4627073
2344343791,4611020
1904579003,4619564
1607239049,4611930
88992822,4631462
582553486,4612399
568331985,4614722
3330841811,4625333,4635034
21501100,4611383
2783546535,4611008
1574097732,4611006
629329842,4611005,4625497
1822476868,4622002
2790181861,4608559
612440584,4614153
1152793557,4611004,4625496
3537468806,4611003
382909475,4639611
1713738508,4615232
104108976,4634234,4634264,4640704
2876324425,4621946,4627515
2020076910,4611000,4640121,4640420,4641323
2508215562,4610991,4615021,4634554
319445668,4614229
3524971015,4610990
3739233813,4600829,4617042,4620098,4630041
2153857914,4610989
774760028,4629608
2549027292,4619991
2369908387,4610986,4614045
3466926940,4614915,4615990,4616092
3864290288,4611355
424891832,4610979,4615090,4626141,4637759
1404108304,4624918
2647808141,4622812
1739612286,4614178
4236288531,4627094,4641269
724915068,4602457
1786641413,4610978,4615089,4618481,4626140,4637758
1996354016,4602431
3184916605,4612720,4627153,4637380
1776062194,4610977,4624052
4119959991,4639465
3961517554,4617512
1788379620,4610976,4623316
2597238819,4628327,4637378
471600184,4609676,4617513,4621809
4135938363,4610972
3934133585,4626549
118219408,4610971,4629446
3618327640,4626164
3404773672,4621462
1694284568,4609516
361218156,4610967,4623916
1062974432,4610962,4623607
1186251308,4610955,4616628,4618889,4632576,4637617
1978793056,4627753
4208585541,4610952
3072983848,4608013,4633259
4240047025,4610942
725043088,4607122,4622932
2376640262,4610939
4115972565,4602666
2009981718,4610935,4626746,4630790
2756685390,4633328
4028648210,4607191
100942234,4610932
3459991227,4605252,4619392,4620939,4621584,4622768
1135945937,4610930
3089644626,4604788,4635683
3888826118,4610922
3629184224,4610921
3316315809,4635359
955366624,4610920,4612452,4638352
4081853377,4610917
4010496907,4610915
2163766485,4616011,4639612
1712998909,4616356,4626799,4639722
65951224,4610913
3129675886,4602154
977240137,4613801
3090693151,4601507
1248327271,4604480
1177682672,4610912,4631666,4635903
2454514394,4612486,4622030,4624673,4626480,4627088,4631324,4634232,4634262,4636732,4639402,4639449,4641330
985072339,4619060,4628000
347316456,4610911
2267101922,4610910
1583775493,4610908
2041458288,4616449
3117637587,4612103
2779192391,4610907
626340088,4605431
1007466028,4614070,4622967,4625679,4632159
1641606146,4634487
2540775334,4613312
1133566811,4610893,4625434,4628873,4632289,4640423
3867689612,4620283
2360621978,4604139,4637245
3035178888,4610891
921859642,4610887,4618023,4620271
3464881484,4610876,4611861
1787750654,4630071
2055644643,4612974,4638237,4641284
1545791839,4611300,4618503,4620508,4621269,4629541,4640042
2324799646,4623454,4639640
2985109338,4610875
650176735,4604809,4622565
3393280540,4610874
966396350,4623877
2864876724,4610872
2607586578,4635740
21870813,4610868
3548063141,4631520
1720664555,4610866
1916237305,4613447,4632314,4638364
1537323027,4610865
3430298357,4610862
922415877,4625176
2651086900,4600445,4602604,4605192,4614863,4627519,4630340
2810197979,4602580,4619973
1871424611,4610861
4095745819,4615951
1192142217,4610859,4626154,4636372
2574628252,4610855,4627637,4628949,4632929,4633666
2694700325,4629950
855703372,4610846,4623067,4628439
1371166232,4614959,4624403,4641365
3847052475,4611962,4616382
534333108,4610845
3692756055,4610844
4217931442,4634017
805902750,4615388,4636593
2425669137,4632677,4635880
3322806682,4606813
3404149553,4610840
4249748819,4619342
1043764731,4610834
2037876902,4610833,4622185
2041035908,4632848
2485631404,4603642
3840222945,4610829
1779393884,4621694
3161219728,4610827,4625067
438219293,4618458
1694263290,4604542
1041694415,4610823,4641070
2104066688,4610819
2534012438,4610817
207049813,4630729,4635640
2786850668,4610813
19195077,4606298,4622256,4632423
4155697376,4610811
745969442,4610810
1713802783,4610800,4611538
3520755077,4604560,4607195,4608871,4610255,4615785,4619337,4621532,4622413,4624439,4628031,4633036
2104339868,4616862,4633975
483911698,4603045,4603439
2198001182,4616596,4634364
2968662521,4611764
303319410,4618873
2690628520,4605293,4613247,4618708,4627195
1063076741,4611171
4181547656,4615402,4633239
648439230,4605861,4619679,4635245
1405136238,4605691
826143700,4602629,4614047,4623675,4628103
1907389248,4610796,4619169
4286072038,4610791,4613813,4616342,4640492
2403906202,4604268
1840935355,4607545,4615900,4623665,4626182,4629381
2045359788,4610786,4611868,4619575,4623047,4625292,4634380,4639112
479616080,4617003,4625026,4625478
2034667394,4640715
4215623296,4610781,4621002,4636829,4638060
2609220792,4610780
1110459169,4641296
3418791372,4600530,4634140
1592807221,4610778
1148964582,4639695
3235796264,4620677
204739210,4610510,4622272
1557556278,4610777
3012009909,4608853,4613970,4614255,4614356,4614457,4614558,4618159,4628809,4631050
4219577361,4610776
1875169124,4640719
3889761753,4615480,4625159
3513882081,4610763
2090832534,4610762
376577012,4609800
1494700738,4610759,4616907,4627440,4627564,4628891,4629071,4633583
4196826988,4610747,4615774,4619043,4620593,4622064,4630311,4631867,4637675,4638448,4639864,4640158
1731307499,4610744,4622922
3581749332,4610743,4632428
3624301893,4610742
1461036621,4633902,4634157
3786444912,4610741
3986158215,4615325
168418131,4602506
2604589541,4610739
2743130345,4614042
2340767180,4610738
3501568770,4634636
3304473682,4630292
2589901120,4606585,4618137,4618862,4628771
2938392187,4610734
3375982204,4610733
1505052428,4612923,4613421,4617239,4617251,4619217,4627983,4629895,4630566,4636253,4636330,4637871,4638045
732567423,4622290
3640234311,4608681
357947884,4610728,4637721
2384151911,4637450
2415603802,4614742
1318818753,4612776
331451293,4610727,4637720
3348809611,4620333
102321248,4616798,4630084
975857512,4632178
97339075,4602929
1389746910,4610724,4638216
3453976988,4610034,4611781
3943114328,4612471,4620430
2683729815,4602241,4630984
3666376385,4610722,4615611,4622431
207007160,4601065,4633956
2406993642,4610721,4635567
128595346,4611978,4630124,4635613
813249581,4605065
2885165403,4610717,4619562
12659445,4616305
3775933282,4603529,4636136
2929843982,4609628,4637129
1028817625,4610716,4619561,4627831
3245366169,4610712,4611132
3479341682,4634032,4634314
532250633,4608421,4638989
2934424169,4610710,4632170
1035653583,4604501,4617775,4623334
542812995,4606190
2726083427,4616778
2713689667,4608866
2241011207,4611916
121204589,4623203
1953077933,4620944
3431676848,4606113,4606349
2915510941,4610708
1479675688,4610706,4635326,4640446
3701690660,4614770
4173228069,4620394
2672178213,4610709,4629883,4632169
601482795,4610704
1695456742,4622042,4624360
315251069,4604053
3847275283,4610703
3086862710,4640883
1612764270,4610700
825105407,4610698
3701455128,4636598
3239680676,4633992
3775134333,4610697
588165706,4610696
2981704715,4610695
3638256443,4610693
1431663249,4606561,4614308,4614409,4614510,4614611,4628746
1985273108,4610689,4620122
2807870205,4619147
1878252089,4610687,4616438
1807536386,4610685
3270337127,4609717,4619012,4636244
4120644015,4610667,4621681,4627054,4629068
3349268526,4617170
454100100,4610666
3351880297,4610661
4008504948,4615244,4628182
1939570967,4640901
1367290566,4610656
2250615614,4620583,4636171
1580713481,4600759
3762672346,4610655,4617006
2994527142,4624296
2112691212,4620361,4629596
2290961456,4600156,4635211
4156858391,4604719
2637215144,4614671
808069928,4633904
1129789598,4610654,4617005
4094220870,4617916
891399973,4615538
594677227,4610653
2572458694,4609400
3172230568,4610652,4633607
1826781565,4610649,4622608,4638161
3665833318,4611278
2067173314,4640143
2917583070,4610647,4628559
4109331364,4617673,4624680,4627608
3810319805,4610646,4628558
2395807377,4608184
1126133370,4613986,4630188
707104923,4636599
1612574776,4632200
2691480077,4606628,4614269,4614370,4614471
755375732,4610645
3693011343,4632440
793342442,4601669,4624450,4627852,4630598,4636984,4639582
475068850,4610643,4618936
566664111,4610641
2442942678,4623338
1988266118,4619553
3506983553,4607085
2072540727,4610638
430245806,4623118
2054531526,4604948
1121673068,4611503
3580901823,4610635,4615457
3541618731,4610634
352810970,4610629,4631817
4282611465,4610627
199775345,4625590
1770492554,4611680,4631103
3110237862,4610626
2118321380,4636633,4637376
3570200332,4610624
2548701716,4629694
4245355074,4611489
4067084830,4610622,4627940,4631266
2222447033,4604369
3612450883,4609339
3455474315,4610617,4618052,4633069
696319304,4640029
3699164809,4607934,4634904,4639591
1762288954,4610616,4627329,4633020
3569039590,4607269
2053793950,4610615
71644868,4610613,4625091
1089197637,4610611
2449385411,4612078
667702551,4610602,4610692
3182198675,4638099
1253037920,4610599,4617983,4626622,4636238
3122060337,4612122
3485541045,4638368
525591496,4630055
1717625880,4610590
2330997538,4610586
2385636456,4638148
2947707208,4610585,4623174
127491250,4610582
2414813691,4618194
511729974,4614683
2890323459,4627589
1407506956,4610581,4612018
1436420213,4610578,4629697
2010262512,4627795
1995398086,4604988,4620493,4638097
1341337625,4610573,4635168
52841524,4610571,4621026,4636509
759128542,4610569,4620494,4621024,4629188
243938169,4633149
672049068,4610568,4629187
1571081344,4611995
92720197,4610552
4258421422,4610545
57443394,4610544
744476710,4600609,4607870,4617970,4628144
2920906420,4616669
322371366,4626864,4637740
4104261952,4605426,4614943,4617314
4061288845,4614749
1105805645,4637117
4050402145,4618910
1406565960,4610539
2219665933,4618724,4631861
750067968,4610515
1236401608,4610514
1780238296,4605791
4240223648,4610509
1122532872,4610508
2872511996,4625249
914368182,4610506
3295535211,4623766
2575150607,4610504
2396304379,4635041
3864590777,4610502
957017788,4636461,4636546
1384640064,4610501
3773974006,4610736
2192880335,4624189
1224661002,4602266
1068738831,4610499
3348530985,4617521
398405330,4610498,4638578
2640196341,4600938,4601069,4619124
2191434691,4610495
3516904293,4619379
941861083,4610492
2272360103,4610491
3535577532,4610490
1619006041,4610479,4611720,4620143,4631165,4636369,4638733
406552391,4614762
2387388458,4608145
3676658819,4615604
2672749548,4610477,4611718
417892420,4606392,4634616
45767430,4610475,4611716,4632905,4638339
785066047,4601924,4626214
1705143156,4613994
3402469711,4604406
1964940845,4610474
1810850819,4600975
688792392,4610472,4637096
1289754885,4611453,4620534
3845818142,4610469
932976370,4636776
808583241,4600597,4632012,4637228,4639614
1072928284,4610468,4613023,4621006
1865077580,4610467
1430626471,4604967,4633735
3345154253,4610460,4611791,4611923,4628654
751623689,4610459,4611790,4620474,4621877,4623282,4628653
1311123197,4610445,4620919,4621774,4629667,4639920
2905199167,4630688
3269069000,4610442
3697456880,4610441
1674944276,4608058,4609161
463339255,4615130,4638457
478220914,4610980,4611806,4613174,4615091,4628082,4629178,4630024
3638325874,4610416
2625691725,4606168
3371973348,4610409,4636345
2737564364,4610408,4618956
1321960397,4610400
3550005570,4604269,4632318
4050329805,4610503
408329431,4610398
1772777141,4602272,4638637
2248953113,4610397,4610595,4620565,4628552
3094180664,4610394,4614802,4627749
2543269910,4610393,4614801,4627748
1856937610,4616219,4618407,4626640,4632225
465420418,4610392,4614800,4627747
1261179586,4624166
3405154442,4610391,4637292
3066027385,4639134
1470518988,4619528
1985373328,4610389,4611419,4625641
1681425375,4626162
1459230495,4609433
263184259,4610387,4623489
3692893532,4632834,4640857
152819897,4630693
1474442244,4608628
3702511690,4610382
2397799854,4610381,4635515
4290723588,4632744
2294184293,4628960,4630478,4641463
1232509382,4601589,4620598
3598833420,4608301,4626358
1735585336,4610380
3549468114,4615048
1558245660,4636712,4639331
587146023,4634966
589974893,4610379
217030702,4610378
1827988155,4615650
558562044,4632737
2619753877,4600487
600532188,4606927,4627842
257055936,4610377
3281092218,4626715
1689518522,4610376
1525755772,4625072
3886396353,4615272
1542049525,4637735
157729132,4610005,4615329
666385675,4610375
1507909128,4610373
1398819390,4603515,4612419,4625526,4630935
578447090,4610371
3817394737,4613396,4618576,4622991,4623717,4629513,4632117,4636267
3673142218,4636503
3747104310,4607555,4620966,4622494,4625475,4625521,4636715
44910707,4610362
2083909431,4620780
4094773095,4605705
3389818691,4610351,4626891
1226148699,4627472
750847105,4615391
3725699661,4610348,4621798,4636515
3945194071,4610347,4621797,4626161,4636514
2643398474,4607618,4619082
813145301,4615771,4631591
401758450,4636083
1064897012,4615770
3718848717,4611471
2234018745,4610346
909435279,4610344
474621786,4602795
2076225112,4610342
3929874626,4610339,4617389,4623879,4636822
2869310035,4610337
397650933,4633362
2479519234,4618776,4630528
2143295176,4610336,4613845,4627167,4627907
1780566765,4611698
1792579079,4624896
3096945319,4610328,4641083
973016973,4615726
592735262,4610325,4616620
916132293,4613119
3387404309,4610324
3463452896,4611589,4611655,4622075,4628048,4635846
653597781,4635932
1567117055,4612781
1066149895,4610314
890375411,4625128
1911391745,4601130,4607541
3789041349,4605560
719511663,4617142
2906218259,4610313,4622385,4640404
2233737480,4617417,4619875,4640510
2090776677,4604244,4612256
3803091688,4611341
3597250893,4611326,4632772
3000678898,4610311,4635608
311159999,4610310,4635607
255022903,4609131,4613441,4616568,4616943,4619719,4622691,4625299,4630563,4634147,4634961,4636103,4638702
1892398576,4610309,4635606
736768222,4631221
212089988,4600620
2843273409,4604474,4611564,4622540,4636625,4637827,4639836
370892463,4616486,4635791
4080576735,4610307
575810832,4610306
3736630903,4610305
229770091,4621008
4191422507,4601678
3320902057,4610304
1857162892,4610301,4615586,4616033
897382025,4610300
3958760991,4634310
2174309795,4621403
2185213803,4612664
1891230864,4636304
2483493374,4610299
624082901,4617954
3158107496,4610295,4625593
4110767912,4632607
3608103430,4609541
3194934108,4615050
2682321643,4613223
1050938031,4610293
552981007,4604915
2814816874,4610290,4611384
3463460674,4604701,4627502,4632849,4641009
707344067,4613316
151631049,4604303
1836043115,4610289
953968928,4610919,4638351
2784427837,4610288
113154235,4610284,4620068
452863365,4610283,4622416,4625839,4628564,4630137,4637233,4638972,4641000
2609245333,4610276
3926881715,4610271
3739990575,4617899
1603396498,4610269
2546339725,4600437
3779058403,4610267,4617634
1530671001,4600467,4610204
2744950590,4614015
2366878745,4635954,4638605
3871323245,4610265,4627617,4633169
2453609527,4610261
907683627,4614110
3480481490,4610252,4624517,4637698
177079553,4610248
3822325916,4606963
2139225417,4605113
71012843,4610245
2060753620,4615840
2602534433,4610238
1087182053,4640763
1318223581,4625424,4633669
368160450,4610237
2943700427,4623393
1451780106,4623136
3828725265,4610230,4617053,4617253,4627985,4631161,4636255,4639789
1883503083,4600728
3700589152,4608181
3470396285,4617232
2491433120,4600493,4615683,4623743
1473425675,4611992
3757956454,4610224,4611591,4617680,4620698,4626839,4628425,4632029,4639156
2647465998,4609353
2954861299,4615412
3065397099,4610222,4617678,4623799,4631322
3495118617,4617832,4635000
2002966843,4610221,4612469,4620428,4636746
3703784425,4638962
607560493,4635217
2357525192,4614979,4624580
979362267,4613031
1499433206,4610216
4039622551,4636605
210669855,4610215,4626635
1880492579,4604245
3977353891,4611596
1949150621,4603892,4604662,4625713,4630656
1407962073,4610212,4638175
2732885219,4637312
3096729335,4610208
3859463346,4636549
3688882485,4608530,4613480
724663914,4611996,4612006
4103820438,4610202
2814115143,4621623
1125871244,4610197
3349669252,4614170
569318584,4615689,4624901,4627325
455109387,4610196,4623763,4626688,4628882
1290997149,4618860,4620292
596535281,4600769
2689153288,4602286,4611933,4633068
1775916901,4610194
191823358,4610190,4621332,4626315,4633906
779546966,4610183
321170900,4610181
2039395113,4630441
1379342591,4610180
3925224587,4612891
1167877419,4619646
1479078836,4602962,4621939,4625260,4630509,4634473,4635778,4636288,4636416,4639585
640858938,4610164
2948651748,4601326,4609518,4615221,4630325,4634750,4635092
3367453093,4604813,4624103
2260644847,4615651
1361449942,4610160
3336073673,4639916
500748706,4639265
1510706730,4612875
3031687261,4612500,4614196,4619326
612005127,4610158,4611516
917712073,4610149
1473892033,4628920
3092185692,4609846,4628546
3302190714,4610148
494198519,4617387
1797510362,4610779
814790374,4604192
3862177723,4610147
2918005317,4635949
1129567986,4611069
952120686,4602751
2631517937,4610146
3282823619,4610144,4615534
3825756173,4613017
370435695,4622529,4632094
2467039837,4610141,4610597,4617981,4620567,4626620,4632935
3240958494,4610140,4610596,4620566,4632934
1207464044,4610137
322264033,4615562
987342518,4610134
1989585278,4633107
177025401,4611594,4637304
2145462351,4610131
3231126748,4610130
4037443794,4610129,4626156
842554375,4640855
2565850545,4610128
974064100,4610127,4638690
4090992422,4610126
3673129601,4632197
702327478,4610125
1988762493,4610124
2072398250,4607402,4607683,4615707,4625815,4628038,4628526,4632648,4641013
221674345,4603289,4605771
3507046812,4610123
3005916470,4640295
2626847890,4615208
1061403752,4603445
160280072,4611250
1735042485,4610122
3097443380,4610121
901375690,4610120
605309190,4638013
2315721143,4613436
1386722408,4618650
457798651,4608523
2611134495,4610116
1414940935,4631601,4632113
2799312762,4620321
1128736442,4618978
4220022710,4610115
3786255467,4610113
4234573775,4616034,4632214
3072268243,4610089
1551779334,4604635
1971403623,4610086
880785664,4630840
3367336677,4620045,4639705
1649081039,4610078,4638511
1261326768,4617069
4284102948,4610075,4613471
1633743347,4616657
2219406470,4632013,4637229,4637391
1186868920,4621794
1359044235,4602865,4612371
2692419251,4610074
2115924692,4608379,4627635,4630147
3954098701,4610073,4625425
2309464603,4610069,4611777,4632032,4632326
2113636808,4630048,4636852
3328405020,4625552
936749737,4623442,4627634,4630146
3209155291,4618962
1253248856,4600646
1319855886,4610068,4632031,4633191
1156064477,4610065,4610731,4639295
3391621735,4630773
1664107977,4610064,4610730,4623253,4623553,4634551,4639294,4639985
3379879870,4633997
1356054838,4610061
4081425258,4600375,4619922,4632343
3896674330,4607380
4204789707,4610060
2541873301,4616394
1703758711,4605888,4621874,4628030,4634152,4635058
3317449027,4610058
1147399512,4630475
2084038369,4610052,4637382,4638951
2747930438,4621146
305612665,4617862,4619112
1456319830,4610047,4627672,4630177,4635623
2480615209,4637373
3646623989,4610044
1276281636,4605476,4618354,4626721
1487829678,4610035
3793236021,4636535
2761984321,4616670
1761867687,4638199
3185586524,4615194
1946724413,4610033
420283245,4609217
2757855677,4611794
1314224764,4631204
520803880,4610026
989030212,4601296,4603326,4617618
2797603954,4612240
1172006667,4615008
2816265481,4627593
2214744851,4612462
2184009227,4610916
3395562814,4610018
2185725346,4619712
3465531851,4612565
2887211116,4610012,4613194,4618420,4630424,4639665
4168631197,4610011,4613193
1525047092,4604552,4612487,4639341,4641331
2024214062,4606469
1871763686,4616169
3745204042,4604397
2062617883,4610009,4610525,4613381,4616805,4619811,4630395,4634760
765748622,4620717
1069106354,4610006
550782244,4620654
1826036840,4610003
3391263845,4641608
2589330634,4609994,4634996
3119782345,4624861
704647441,4611815,4625728
3488641276,4609991,4618997
703991,4601437
1662279361,4609988
2498871700,4603744,4634977,4636215
1557346613,4609982
2371426768,4635795,4641108
3708196428,4632787
2386316911,4604247,4615217
966738511,4609897,4610621
1846619949,4609981
5331916,4638470
2000122455,4615875
3903133531,4636132
997961192,4609979,4619526
3102665309,4609976
1049046390,4612359,4640315
2914900906,4623048,4633782
3972795418,4609964
1908112472,4609963
2814912567,4612339
3619270025,4641466
710188702,4636709
2803552502,4629943
1717137837,4609962
898394974,4629650
3129781913,4609959
4191600331,4624703
3226158434,4622362
1913588471,4621044,4638328
1258962236,4604734
1549770072,4608501,4632181
1084446674,4612699,4619768
3564715797,4640965
765343196,4628056
2414908727,4619039,4619930,4638211
4135633197,4609958
457410133,4609957
2738526089,4609956
3791694129,4632199
1760153997,4609955
3232956638,4641404
1042974069,4609944
3617470569,4609943
1722596875,4609938
2269122699,4612564,4629474,4635321
376634386,4609283
4128770403,4610644
1628836197,4609937
1703525235,4608182
2992204105,4609936,4613311
3540345097,4612168
1450937344,4612013,4631014
2799331088,4609933
1155070094,4609932
1874349372,4609931
3778385988,4609930
404443976,4635029
2792061690,4616953,4640840
557179,4609928
1496321067,4616096,4629283,4631212
1348673751,4604388,4618273
3613827111,4609925,4625697,4625956
3827681967,4617486
3963004821,4610931
4292241957,4637560
1291891001,4625415,4626495
4133799520,4605011
4244562639,4609923,4618522,4625954,4635775,4639731
265334521,4636954
478296998,4609920
2035508372,4609918
590630833,4611535,4628219,4640281
2527428321,4620382
3267846468,4609917
3003492441,4609916,4614022
635518947,4639093
2986207049,4609914
3128794495,4625987
179774671,4611135
2081165776,4618753
1562582471,4602374,4603330,4603793
379111848,4609905
3996031207,4609904
1219965484,4635636
3700138681,4624770
2169822879,4609901
3503330014,4622760
2748407479,4617639
366678958,4615350
3144906320,4609900,4630181,4640388
3522374729,4609927
2328411570,4609894,4611984,4633486
3490428517,4613703
3960149522,4606050
2938618848,4601727,4607647,4617734
3898891628,4609893,4617751
2146237369,4622111
574337178,4600342
3068500423,4609885,4624272,4637882
3391868899,4609882
1113666612,4609880,4619841,4630032
4037437049,4609874,4617359,4621319,4628312,4640137,4641102
2774761981,4618048,4628340
1483305675,4613916
1198354665,4609873
989154360,4622035,4622570
2997574909,4609871
2337960487,4633901
2497740208,4602127,4641200
2648416111,4609868
2806845574,4630458
505071206,4609864,4625102,4625706,4628506,4628550,4636028,4638472
2037587800,4612585
1215997223,4620018
1486694365,4617519
4193460049,4609851
2623453839,4619350,4620484,4626004
2728996407,4609849,4611107,4611192,4640139
1474821394,4613291
261273687,4636347
4241802381,4609847
2281217496,4615725
299434235,4640081
2445029262,4604307,4604646
4067026169,4609844
1731830454,4609843
1516038242,4618934
4094861851,4609841
313115908,4602123
3434182462,4609840,4620668
580015741,4615503,4619941
3987114687,4609838
1913446740,4621289
160550303,4603096,4641047
3131712464,4602949,4621556
1828117734,4609837,4628059
1613407066,4628239
2770183443,4617469
3217222054,4606640
3838004717,4609261,4615891
1074893086,4609836,4628058
2248166454,4609835,4628057
1817630677,4634811
2986031138,4609833
1473956883,4615323,4615560,4629911
3783512453,4613795
2832107687,4611062
3137018313,4627107
1066182605,4609830
1776853198,4629210,4636629
2753662009,4609829,4627919
1777539498,4631427
3375233840,4614194
843653487,4624936,4632757
313163211,4619177
3072108688,4610999
697221081,4636578
787924940,4609827,4627917
161525223,4607665
3377101752,4611617,4620315
1728968161,4637216,4639733
3846428790,4602054
451476186,4609823
3519741654,4609821
2267802494,4624221
782054253,4609820
1868708729,4627403,4638779
1375430952,4609818,4620625
1233813094,4602647
2151575673,4609817
4012801088,4609813,4633318,4636454
4201939541,4635806,4638926
2827957382,4613069
2420156726,4628694
2481826092,4610985,4614044
3364672956,4609810,4636052
2224192357,4609807
2739362363,4609806,4625533,4627063
2693835629,4628665
2978934291,4609805,4621181,4623200,4625532,4627062
1881370422,4611335
2852258794,4603920
3967682235,4609804,4625210,4625531
441920383,4615984
1070342112,4609803
2690931905,4609801
363236840,4630444
3645497550,4609799,4636391
3798702516,4609798
3594037581,4609796
1814318721,4634280
439230731,4609795
2526615007,4609794
564195396,4609855
819584506,4609791
2186148491,4609790
1634354727,4623143,4630578,4633404
1066703386,4611514,4611643,4628269
369889502,4625752
2062170970,4622924
3678432986,4609787
2842521218,4602394
241298102,4606107,4606343
2390930698,4609786
1913248882,4612366
2003337647,4616642,4640213
358581195,4609781
2741998070,4628577
740263941,4609780
305347921,4613123
3569323844,4609778
1713182101,4627837
211797924,4621715
2727383430,4619771
2879859523,4603188,4619565
684527818,4609776
2580478913,4632636
71991299,4609772
2411515156,4616484,4627083
3461190923,4636876
2903826382,4602080,4636634,4637377
3528389444,4609771
2398659144,4617168,4618656,4628669,4630508,4633760,4636415
3926248944,4609764,4618515,4624317,4636488,4638176
2128985623,4611524
3475531959,4623018
2930460144,4609760,4617401,4617728,4619097,4641429
1726895277,4609758,4618239
896427037,4626979
395819915,4609174
1671640285,4609755
3861110204,4609754
3615219857,4620289
4260099349,4606093,4606214,4606329
1945929387,4615384
1074290339,4609753
4022202106,4638360
1090335521,4610974,4639872
1038555700,4631202
1087160830,4609745,4612715,4613491,4621193,4628231,4640038
916569784,4608792
1659765367,4609739
3736748433,4609738,4635551
1419403766,4617135
3739414437,4622528
3392697843,4610648,4628560
1292313302,4609734
4079114734,4621803
2307059132,4602958,4611103,4615802,4616003,4617645,4617765,4618509,4628306,4629759
3234902775,4615342
2796582227,4613142
2276623767,4604681,4631542
2103805527,4609731,4620602
2950403971,4604267
4159488726,4610831
2205447136,4609728
1946084232,4617079
877711286,4605254,4625378
3921421104,4605488,4621821,4628020,4633581
2243669741,4609725,4630379
1981202356,4609722,4611950,4612091,4613756,4618586,4619470,4624599,4626209,4627384,4627930,4628128,4630972,4631464,4636737,4638784,4639281
3298816006,4609721,4613235,4613755,4615703,4618585,4624598,4626208,4627138,4627383,4627929,4628127,4632193,4634994,4636736,4637994
1633657372,4619331
2132670040,4618981
1048467037,4611002
4075001506,4609714
1325758705,4609713
716148378,4641167
1447591292,4610909
4173310405,4609708,4621263,4632688
3560371505,4628776
514115704,4618303
23023872,4609707,4632687
3452047264,4615312,4623511
1556513045,4610540
3328208609,4609705
1820077059,4609701,4619653,4623309,4623351,4635736,4638300
3103738061,4633805
3653644672,4613609
2296584299,4609697,4611475,4613605,4613635,4617945,4618803,4635732
2211804404,4634705
1195442847,4618961
3564698623,4609695,4615041,4629492,4635813
4229847163,4609690
402506942,4609687
3998186427,4626350
1025506963,4609686,4611418,4611671,4617684,4621463,4625640,4627947,4639469,4640234
2950586188,4641519
2608035748,4601213,4605887,4608977,4610531,4630167,4630963,4633531
2223926636,4603692
3032134795,4604077,4610628,4613834,4619837,4622146
2325405918,4609683
418493456,4631392
3145344117,4605673
1894932143,4609680
1161358155,4630667
1417268022,4609675
586687981,4609674
960922419,4609669
6887323,4601496
1482245896,4608856,4613973
188655079,4609668
2183898348,4604427,4627689,4631233
2065831601,4613307
2794493877,4609667
4065190909,4609665
156875934,4609664
3721684100,4609663
1826808299,4609662,4635210
2606319190,4609655
44906028,4610185
3709024083,4633794
1731232481,4609650
1095923857,4613565
1979387665,4609648,4630262
1322730718,4609645,4634630
624447700,4629929
3469519410,4623971
703810362,4608495
1136113132,4609641
3679120321,4621285
3633472646,4610906
3342124753,4609640
940278112,4634594
3651338535,4609636
4039995402,4609634
1763058261,4600379,4606893,4608065,4611866,4618984,4628466
3465703680,4604260
778997256,4613997
1917723211,4633374,4639757
3889317016,4600906,4615830,4625947
338236505,4602805
3761203,4609623
3603034929,4613352,4616965,4626184
2317182250,4609621
2556578291,4609620
294890614,4609618,4637622,4641195
871059010,4615087
2749222954,4609617
2778977438,4615434
693079578,4610949
572699063,4617630,4620123
1506123295,4609612,4610434,4617788,4622091,4632854
4222195481,4635700
155180516,4604594
2759695408,4609611
1758687855,4609610
1190548528,4634407
3264701729,4600614,4607756,4618337,4628454
2182581803,4609598
3028965255,4609596
2994176176,4609592
174274076,4641619
455026565,4609585,4625235
1468562343,4638548
2000004148,4609581
1680299531,4615019,4629113,4629959
3864178467,4609576
2638001915,4606438
3076759652,4609575
88697210,4609574
4092159561,4609573
1753500665,4626571
3277644387,4605872
2224224633,4609572
27380811,4609570,4637859
3603277198,4619845,4620247,4629850
2620116288,4602219,4610995,4612159
357380326,4614708
3090763105,4615195,4616060
2414900953,4609569
2186210566,4634568
68929956,4623190
3110453829,4609567
1347584802,4602764,4603985,4623162
2160267719,4609559
85628583,4627154
3341992274,4609557
1504329125,4609555
2253718441,4629704
2280361253,4609553
660323355,4624674
60088575,4613116,4632026
4140106336,4609549
1415242929,4624193
1405341884,4609548
734405342,4609545,4622939,4630617
478822979,4609544,4622938,4630616
3086878166,4609543
2544481466,4609542
3234596590,4609540,4610658,4632308
2187593314,4609539
2070246685,4622213
39812384,4600658
676462436,4601052,4602255,4604921,4605995,4606566,4613080,4622009,4624183,4633286,4636835,4639193
2791968573,4609538
2289436841,4625042
244318133,4609537
2655077654,4614680
3366414086,4609535
1157527488,4634089
27599659,4618706
947162428,4609528,4610317,4611180,4614812,4616638,4630397,4632107,4634762,4635383
236213732,4609526,4629695
3195706238,4639117
3467252041,4638319
1035478238,4609525
1036527543,4638918
3762400958,4606846,4631472
2866163508,4607120
2681515448,4609521
1283549861,4603070
232367486,4609519
2876179108,4623142
2564771955,4605496,4608604,4618405
2508323140,4609512,4615532
1135843402,4611367
1747106376,4609511
662084369,4634024
3307797895,4616641
2196925958,4609509
895786209,4609507
1133821461,4629301
3482246467,4628869
1881131764,4609504
4294786649,4633522
2775632025,4628411
1494385368,4609501
2113288474,4609498,4626011
4166605005,4613453,4618624
2138331361,4628229
1851818264,4609492,4619351,4626005
3553245469,4614238
2917626425,4624310
462373001,4608381,4626035,4632088
4118738910,4609490
1739116063,4613450
2324899643,4636600
2772812632,4618865,4620170
442903866,4609488,4611491,4631110
1572253419,4613608
1801176615,4619725,4620591,4626423
663019346,4611055
1814159732,4609483,4618099
3494889025,4609481
2823254504,4609479
473910795,4603168
1530416589,4609477
1754150010,4613652,4626284
3538316467,4603087,4608136,4635497,4637981
2329411731,4609474
1773903360,4611123,4630164
1413953608,4635590
2137655705,4626541
774783290,4617266
2886107041,4613203,4621137
3193486536,4609471
380047625,4619510
1576659635,4610367,4610427,4610751,4638804
3723714726,4609464
3063568749,4627352
1092720737,4609463
3015899662,4613359,4624962,4625078,4637918,4638626
198741378,4630242
3111603100,4609460,4621760
1287510469,4608746,4616061,4616145,4621259,4632735
1293476813,4615400
149495548,4609459
1218761998,4629944
1638051966,4610938
1278451155,4612965,4617193,4626804,4640893
3367417348,4609457,4629264,4630482
299013437,4609453,4611086
2533956576,4628988,4636334
511340243,4600760
3158442487,4615455,4628266
1285036188,4604502,4617776,4623335
1843789447,4616453,4620268,4629544
3814861202,4632085
3454411730,4609452
2073046437,4609449,4612171
2724480539,4621037
3606727941,4614169
2379176470,4612393,4640334
2546432559,4609448
2751001796,4609444,4614686,4618081,4634298
1129588892,4616549,4632898,4635037
860997147,4609075,4623251,4623551,4639489
686790189,4614440,4614642
1317268398,4609437,4611019,4618841,4624328,4624840,4627371,4628364,4636740
3525209235,4608346
2057282875,4610340
2119667056,4633563
3705685880,4631805
2912625034,4627205
2085206276,4609427,4639274
1829195834,4609426,4639273
1177130092,4609424
3076680515,4603212
3105869310,4609422
2229333528,4609420
971885013,4624398
2859538530,4609419
2905983780,4609418
31763682,4614413,4614514,4614615,4636887
3724681417,4629255
43189999,4609417
1634132708,4618289
541134491,4609416
3862053065,4636660
3177080770,4628245
2316564233,4617566
3536064373,4609415,4617625,4635229
3447651687,4625894
72089701,4612978
1636763415,4609411,4630460
2429543292,4639941
165392895,4617385,4617559
1843401428,4609410,4632590
1289198270,4604367,4616761,4628470,4640172
1588492716,4604783,4635049
4171431045,4609983,4627155
2250280282,4609409,4630104
1807096436,4611139
4187947597,4609408,4630103
4216395321,4620515
587392300,4609407,4630102
742901642,4618371
2722107679,4604092,4612769,4636122,4637906
4284492580,4609406
1483901149,4635069
3025018091,4609403
1950934525,4625866
3311698146,4613560,4616118,4619178
298848728,4612578
62086127,4637908
2460144943,4609586
4102282782,4609401
4180017474,4609397
4226346413,4626737
2252052323,4609392
21026699,4633224
3324529651,4609389
1881585653,4609387,4611058
3163812829,4609386
3830761672,4609385
2989799231,4621553
3088963983,4616764,4640927
1329011127,4600226,4617503
3472831681,4609374
3167849288,4640076
1677986327,4609373
2662692902,4603214,4609064,4613513,4616477
3410903300,4609368
1869471511,4624482
1855301444,4609362,4626656,4639457
3049592830,4636510
1448786731,4626129
2132241723,4600876,4601201,4623627
3369332291,4609361
2610713087,4617371
632407145,4609360
2609886451,4633590
3346832803,4628782,4631172,4631880,4640688
3634811769,4609359
3720196655,4609357
1608907100,4602303,4609756
2988572716,4609351,4613796,4624387
1592278699,4635664
4093462685,4625162
3627316343,4609350
2702292169,4631249
3477145379,4612856,4634284
3033861450,4609349
4167265421,4629554
1772832702,4609467
1739580621,4616615,4625898,4626013,4628567,4635820
2190155389,4609560,4629983
2122240137,4609347
371447984,4621913
2629657754,4617781,4619388,4635012
1390304090,4603423,4610497,4612057,4614696,4615908,4626110,4632386,4635310,4638577,4641611
2081088427,4609341,4620371,4620715
923638606,4615706,4628037,4641012
2837707366,4609340
4086828470,4610024
1564890865,4616180
1954530053,4626526,4629149
2869412328,4609338
703376188,4601551,4615813
3105061101,4604805
1255520178,4609336,4609862,4625272,4631595,4640620
3265374314,4639421
770851031,4624115
835246399,4609332
1272645164,4605788,4627814
1003053853,4609330
3940751339,4609211
3676277711,4609329
268460402,4609326,4615003
2057539713,4632642
3879100540,4627264
1989466814,4604977,4619823,4637873
1283689466,4612889
1359760352,4614881
347817956,4609325
3074769711,4634052
2804072569,4614936
2669963047,4635042
3334130289,4612927,4615798,4623987
779322110,4621345
2919079378,4601851,4605078,4619261,4621970
2803172859,4609324
3435767885,4609323
4140595790,4609322
1524629988,4630484
2832313721,4610794
3075210786,4609321
2068243283,4608354
150192272,4613707
2861558328,4609320,4625495
1428088891,4609591,4638617
3961416950,4625256,4626444,4629093,4629939,4635252
137196182,4605052,4637196
4017402859,4609317
552813429,4609316
2431875590,4638825
2484518289,4613360
1108017506,4639899,4640245
166569570,4601610,4623015,4637705
4032168991,4606066,4609998,4619740
1969845610,4609315,4619374,4632662
1782089308,4628684
1600835892,4609314
3023733761,4603682
1047382311,4609313
3040877111,4609312
1967525860,4624546
727143516,4609310
4187161630,4613561
2273432272,4609305,4635538
1106235764,4602217,4605335,4625890,4637685
1801572010,4602821,4611927,4620319,4625689
3058233215,4610761,4627566
92857379,4609298
1092982940,4609287,4639963
2389820585,4602806
1585701429,4613009
3297502528,4609286,4639962
817043343,4641412
1023628004,4603841,4605291,4613589,4627193,4630270,4633613
2494897574,4609284
3692948588,4636228
4139832897,4609282
3747833191,4640311
661047398,4609280
2230294500,4638944
229666202,4612855
3219227958,4635626
3206678062,4609277
300203437,4609275
3571780240,4609273
1024359671,4620952,4629022,4636791
545354829,4608509
182565110,4609270
2273093276,4634018
921279171,4607948,4608443,4617324,4619556,4621108,4624547,4629341,4632664
905154612,4609266,4614884
66943430,4616070
2640441758,4638894
3322225145,4617896
3961832652,4600779
251589628,4609265,4614883
3888676170,4624719
1863462420,4609263
2347266889,4619153
2670169541,4610428
1755698738,4613068
4152277157,4628759
1487893089,4605834,4633063
948273278,4609259
1692498283,4613894
646177922,4604183,4619871,4640980
727417925,4609258
3315355920,4609257
775385792,4603082,4605666,4615104,4619304,4631961,4636044
665111296,4610315
375482710,4631660
1515208716,4609252
3855925396,4609247
2379960932,4609240
3194692797,4613036
4015639726,4631823
2594286853,4600500,4601606
1711576545,4604456,4605175,4618712,4631512
3835080669,4609239
2361922143,4609237
3684900639,4616579,4616612
1220877715,4609230
3656273432,4609227
3872830088,4602203
2763784463,4612688
89679254,4609226,4625944
1559408273,4619654
1652452379,4609223,4613989,4615161,4623634,4641130
2908318769,4605302
1733797662,4605680,4618260,4618737,4630545
1742387140,4609221
73396440,4631946,4634745
4266013233,4609220,4627042
3287180087,4632966
3734655887,4632084
3114644734,4609219,4611427,4611829,4626930,4627041
1692362601,4617598
1710493086,4613494
3820037787,4617010
3568264796,4617731,4618556,4622753
2562652945,4603749,4617007
12118036,4609215,4622483,4632826
266932131,4609151,4614747
3192858089,4609214,4624912,4632825
2101860839,4638516
224674141,4613435
4179885087,4610414
854214081,4609213
3564197078,4609212
2542558466,4640920
2490584409,4623317,4623464
2803997488,4621236
1899427730,4608623,4628097,4638767
548359418,4612658
2879366645,4609210
3969413314,4624702
3818171637,4609209
4051254211,4609208
4229668222,4641107
2767090998,4609207
3726039236,4610182
1404487321,4600353
517893746,4601504,4608091,4612933,4613730,4618438,4619648,4620563,4628608,4630931,4632143,4635560,4637049,4637419,4637440,4638195,4641056,4641368
1895784889,4609206,4614145,4618888
1292922850,4622115
4151187381,4609188,4636159
3933164304,4620659
3012830025,4613433
1942445038,4609187,4618431,4636158,4636376
1228621678,4609185,4625404
2503112649,4613121,4638217
4043068047,4604283,4616499,4624084,4638502,4638905
2182571682,4609184,4625403
2531750541,4609183,4627717
1695974341,4601221
2489035187,4607676,4634198
197804789,4609181
3221286310,4621177
2109401,4610631,4631819
1721393719,4609179
4161335362,4625719
1642483797,4609331
3916210265,4638144
1192497078,4609170
1826124616,4609169
1158133641,4609168
3827215010,4601544,4606046,4622179
3838993396,4609088
4011220145,4609153,4638275
1656751644,4609164,4610535,4613786,4615979,4617297,4620250,4625611
3111654687,4622034
3029231702,4601534,4622260,4632784,4637131
1058306539,4609159,4609741,4613816,4629788,4632810,4638451
1253139635,4621206
4274707116,4609157,4615775,4622065,4631868,4638449
341928423,4616699,4623077
4177322383,4605746
1846359220,4609156,4641144
4203535673,4617581
1011438765,4616709
1380961090,4629198
3067044761,4614787
717067427,4621090
4200615096,4609155,4617611
1198881780,4605730,4606578,4635907
1550330302,4609154,4638276
3113575733,4633472
14214327,4633393
4083903860,4609579
4112680411,4604898
3078959879,4609152
1541138458,4609150,4614421,4614522,4621327,4622119,4634334,4638551
282027179,4608001
1944091172,4609148
252531035,4602765,4609563,4623163,4626416
3750145903,4615335
1020373028,4634580
4154298082,4608563,4623977,4631129
1203760955,4609147,4638050,4640101
2122785080,4602702,4606059,4611690,4626299,4631894
840715479,4604495
3059398220,4612376
2956670437,4604833
417939631,4609143,4610466
509941584,4609142,4610465,4616814,4618427,4640118
3548739829,4609139
1787159568,4609135
3949368959,4609132
447496578,4615644
3084113941,4603002,4609176,4612844,4614835,4624583,4632296,4636192,4638903,4640133
159165229,4610662
2669706068,4609268,4620657,4630898
1746307989,4609130,4610282,4613440,4621901,4622415,4622690,4625298,4625838,4630061,4630136,4631783,4632110,4633421,4634612,4634960,4636102,4637232,4638971,4640999
1638412936,4609123,4628533,4629422
1142645162,4609122
3946553632,4609117
2285601348,4620451
3801695649,4612742
3645441728,4609115
2959949053,4612446,4617908
2374996170,4609114,4631647
3813368303,4609113,4631646
2828861597,4609112,4631645,4632299
424630676,4604514,4619300,4627879,4636868,4638001
1867071489,4609111,4628107,4632298,4637151
3909885593,4630323
678184505,4610821
2311282283,4606818,4629374
1780689139,4609108,4610053,4620152,4629257,4635592,4638541
3956380610,4619266,4637538
1417032596,4609105
4268056615,4608538
1009892734,4609100,4610421,4610619,4612301,4617499,4619095,4631185,4641427
3935203986,4609098
1049976068,4616452
187936917,4605703
1071393018,4609092,4623776,4627182,4629645,4632509,4633839,4636785
2339576521,4611880
4183827785,4610386
639021797,4609091,4620720,4627018,4636784,4637195
933256746,4609089
3483986142,4640188
977144416,4615506
3616416077,4600824,4627128
3078159267,4609078,4609162,4638006
3489191515,4609077,4614288,4614389,4614591,4637723,4638005
2236889393,4616968,4636613
3329434714,4630681
230253327,4615125
3234963402,4609074,4610858,4636371
715753052,4610591,4632802
521658967,4626194,4628570
1944114,4600155,4610937,4621335,4629136
3979489636,4609067
1543088063,4609065,4613514,4616478,4623455,4639641
360715531,4609062
1506796375,4612800
2468817719,4609061
333239433,4609059,4625227,4628424,4639155,4639401
3624455233,4624458
552070960,4619529
3968985882,4609058,4625226,4627895,4628423,4639154,4639400
3241749768,4622089,4634484
930331525,4618686,4621836
1805429601,4609056,4639152
3050282482,4610067,4622433,4627099,4633190
4129137596,4609054,4635999,4636858
925043736,4604558
2749587735,4609053,4613921,4629431,4633955,4636857
1201024731,4609049
2157815243,4615511
4003524333,4609047,4628852
1136773257,4604108
204120535,4610640
1578259721,4618105
3683453341,4609045
3189011510,4609044
200694075,4619789
2650881250,4609063,4616476
2609734050,4609040
1035340161,4609039,4634031
3043895288,4609038,4622518,4634030
1279100294,4609037,4617342
3972583617,4601276,4632285
3966385820,4609036
2477861932,4609031
1114872671,4636207
2070104919,4613461,4635512
3800704717,4615369
4222128881,4609030
3933018574,4612674,4617287,4632703,4634266,4637239
1635465098,4605118
2032201257,4609029
1266811693,4628295
4255307112,4609027,4619578,4631801
804585830,4609022,4617198,4619772,4637999
2012824869,4619914,4636113
2666293839,4609021
934865426,4623007
3782894591,4621276
2677089308,4609020
661805259,4637315
2441267357,4609019
2961072250,4609018,4626017
2168180300,4624483
3725653254,4609016
1864789077,4641358
790229949,4603726,4639776
810700681,4614005,4629251,4631060,4631274,4634561,4640390
3547108122,4609014,4625413,4626313
314766883,4609009
627940584,4609005,4621622
3290060804,4609003
248621921,4632360
3955958924,4627602
4227221840,4612210
87591865,4608994
2541339549,4624385
421641541,4611742
3392946669,4611597
2116272844,4616089
1300709623,4608986
4289170028,4636271
2722670407,4632004
2723467634,4604725,4625604
3536124834,4608983
1903249005,4608976
3633066472,4601591
3436717177,4612602
3110483907,4627741
2595963888,4608974,4622384,4627424
813372707,4635990
1126657201,4625564,4625711,4641061
2217289454,4608973,4611074
4144260087,4600397,4600842,4600850,4601612,4610771,4618333,4620470
2098318435,4613030
205727038,4608970
3400060003,4616405
1281345777,4608965,4637390,4640931
1619700978,4601208
3881794015,4608961
1248277044,4608959
2301207529,4603547,4604350,4605495,4615537,4617046,4618404,4634835
2519493425,4608958,4630394,4639069,4639881
3233273966,4612837,4635150
2150715034,4635500,4639536,4641621
2940792708,4622305,4638333
52310702,4608957
2090642278,4628735
1320418128,4618587
2678532898,4615281
577118810,4608956
2951215859,4637348
3444596504,4601986,4630827,4632959,4637225
2669537558,4614314
1302756159,4608955
410154192,4638085
2763233975,4604400
4071200595,4610519
1792089518,4638997
4155893290,4608022,4623053,4633530,4637737
3214368203,4608953,4614316
2567703453,4608949
1894636021,4622756
2724755064,4608948
2052560608,4633178
1159383481,4608942
268944955,4608941,4611118,4611662,4619806,4639716
3384133242,4622551,4629884
1379878847,4612617,4618149
1723709450,4608938
3227909598,4608933
4234704410,4619378
3387509279,4608932,4620012,4620585,4634507
3350186616,4615903,4626195,4627023
436219063,4608929,4627074
2732731140,4615839
713396310,4615746
1042947289,4613736,4616594
3777281597,4608921
2445580081,4633435
3641960638,4613946
2238506797,4608920
3485716195,4627416
2705256679,4607376
3006094145,4608919
4273905896,4632992
3427122237,4608918
4005134905,4608916,4633983
904646359,4608915,4617517,4633982,4634842
3541467938,4611488
2690774140,4630592
569301659,4608912,4613633,4634839
419094715,4608911,4612956,4613632,4633651,4634838
413563134,4620043,4633617
1428715992,4608910,4612955
2819408765,4637447,4641235
2443863414,4608908,4610895,4611287,4617648,4619052,4632222,4632785,4641103
2889407555,4608907,4619051,4632221
1143712527,4638390,4640174
2528752996,4628584
961096110,4608900
394424579,4607068
523626787,4615539
1793595073,4603093,4605096,4615667,4625320,4630303
76316681,4611878
3005218829,4635258
2446259834,4626091,4626575
3191049871,4604451,4628185,4634521
2556662915,4608898
3428529440,4618106
4170259154,4610505,4613546,4613960,4617340,4618033,4618533,4625359,4626340,4627057,4629837
1286625835,4617597,4633517
1944209525,4608895,4610449,4629674,4631087,4635647
1718126985,4608886
3715642489,4635432
3923281547,4623943
1399955224,4608884,4640780
965635726,4608883
2938124437,4608882
2463938112,4618036,4626928
2929210076,4612648,4640007
3716353502,4609954
1237822600,4615548
3814897453,4608881
997627655,4608880
870416027,4604653
313617260,4610023,4613660
1179447993,4606108,4606344
3941068038,4608869,4634176,4640442
581543395,4608868
1939021922,4609520
1822806799,4608863,4634110
1104494596,4608862,4634109,4636441,4638933
1623716792,4608860,4622322,4626505,4630824,4632794,4638663,4639542
227192268,4603631,4605916,4633712
16441453,4609171
1018127155,4608855,4613972,4623698,4631955
951747503,4603336
2520947409,4608847,4610138
654184302,4607381
1721208349,4613207,4623936
3645154601,4626618,4639445
2488352507,4608845,4609883,4613803,4619205,4635053
2268847936,4630781
2892896658,4621677
3638998262,4608842,4628635
1897734508,4634072
3348687648,4629550
1191134216,4626506,4630825,4638664
779610782,4608840
1682808249,4606288
139942551,4608836,4609033,4609289,4621900,4629160
4276007014,4625019,4640004
2137741332,4608833,4621897
491466189,4608831,4610936,4629135,4639753
2989763599,4640421
2089925769,4608829
1360241547,4625824
276218563,4608824
4021165064,4627728
2618148412,4601601
3898340672,4608810
1001559932,4620078
2211210461,4615209,4616998,4621308
2808988983,4607197,4609531,4620304,4634765,4635138
138484269,4608806
223403902,4617257
2663936530,4628178
3841157922,4608797
1515698461,4608796,4634340
3989150040,4604102
2406474426,4612000
3893153422,4634847
2815611122,4608795,4634339
3017097902,4606736
4032713666,4608794
1110533797,4610232,4614797,4617055
1143709884,4600767
210079916,4608789,4615295,4622575
4241487571,4608786
3959197221,4618573
3949681931,4603210,4616722,4618499
1320555870,4608783
1580635887,4626138
4026579757,4608780
2824601169,4606800,4623541
3678045531,4608779
2852302654,4608778
1686368621,4606573,4614321,4614422,4614523,4614624
3774331851,4608777,4622562
486933897,4618733,4639435
3632920224,4600970,4614076
2084936843,4607938,4618765,4630584,4633871
290044545,4608775,4636948
3021257223,4610273
1533065867,4610360
4077947224,4626822
1782833559,4616032
711951962,4608774
284985130,4608772
2092726893,4613875
230031574,4608771,4609552
1660140417,4622677
3818953982,4608770,4609551,4612459
217912811,4636996
3546927027,4616540
2164647332,4637961
1919692907,4602078
1752866728,4610675
455472055,4608763
2414411111,4607026,4611314,4611953,4612407,4613759,4616509,4622917,4628205,4633821
210592796,4608761,4639760
3639960944,4627911
2863976186,4608760,4639759
4027144287,4608757
2289054770,4609178
2819022519,4608755
987155922,4612015
3223007676,4604868
3925158927,4608752
3845150395,4608749,4611408,4630904,4631906
550969957,4608745
1078763877,4608744,4615691
4254537177,4608742,4638726
718054126,4608740
2211644850,4635852
702957045,4600570,4602989,4605472,4628130,4641378
474050028,4608739
345061691,4608738
2734187846,4637013
3158698365,4616329,4641066
525118665,4608736
3861480251,4612807,4635878
860291898,4608735,4624616
432769707,4608728,4608822,4617189,4619358,4622316,4633768
924451541,4606903,4610206,4628016
3348433093,4608727,4619357,4628479
1481475426,4608726,4619356
2122456025,4632472
2289076468,4629743
1509337028,4603315
2488254633,4608724
3256124150,4638118
3594251266,4608723,4640422
3174585918,4622944
1663943621,4612377
2655745366,4608722
719192752,4635598
3913372737,4603485
494374738,4608720
3642362673,4608719
395719637,4617115
1781583050,4615790
641123507,4608718,4638545
4170492129,4637014
3294853996,4636316
1872395292,4618935
1396167886,4608844
2402879111,4608717
2558582199,4608716
2511759024,4608710,4613102
3523443291,4611833,4612501,4619327
2845061951,4608709,4613101
474317373,4608708,4613100
316944451,4616041
103956257,4616023,4617156,4622831,4627318,4638595
2001072021,4637402
3262876626,4608707,4613099
3410472316,4615000,4630083
1530618588,4620454
4178646644,4602756
124567330,4608700,4629812,4630019
2598191774,4608698
3515753323,4622296
2512430285,4605269,4614353,4614454,4614555,4614656,4618993
3326579071,4608693,4625649,4641495
3418269073,4616373
4146111607,4605723
862513613,4615514
627438599,4600026,4610152
2716019037,4608692,4625648,4636466
258942297,4608691
1152410535,4610000
2303538068,4608689,4635648
1978622587,4608688,4609961
4076413102,4601766,4625354
1925391788,4600693,4621272
2632815024,4608683,4637469
4033133645,4608680
3988225596,4613490
1036156225,4618639
3516946630,4603154
3542355026,4608671
550218443,4624938
3606272421,4616589
3961207906,4616748
656059066,4608669
2983827499,4615858
1735784777,4635987
4117153260,4629824,4640593
1714079629,4612907
4186585533,4608668,4626645
1269090812,4630957,4640180
299919950,4616662
661204927,4608666
2779761537,4608665,4615804
2391249791,4635462
2746170108,4617118
1913605033,4627955
3415863588,4610883,4632061
1166819942,4609922,4626967,4639730
3238826632,4637893
143142757,4608661,4618295
3813739634,4608659
3696745132,4617642,4631423
4087412079,4608658
874044935,4608657
3694979631,4623196
2010053225,4608656
3398099544,4608652,4609582
171808082,4616241
3273584013,4608651,4639354
1208834505,4624054,4625247
2037564830,4623586
3940339943,4608650
269184235,4608649
1309981653,4600377,4612631,4632345
3729642749,4608646
1469597767,4608645,4627293
3154227048,4640728
3518868391,4623507
136568551,4614777
1047321195,4625282
2515247555,4608638
3257672228,4603314
4168388349,4608637,4635206
3617692398,4620443
3478306258,4608636,4615566,4629578,4635205
2164175348,4615438
2410261321,4608635,4629577
3120055971,4612221
3136849172,4616173,4616260
263857884,4608622
1992071395,4608621
3477907008,4628955,4638563
3477032630,4608620
2801815653,4612460
1476798662,4608618
953140844,4612147
3341009743,4608596,4640196
1133223598,4636060
1893263816,4608594,4611562
3558264398,4624878
1417452733,4608590,4611711,4625387
4122286480,4606136,4606257,4606372,4618008
3469691888,4608589,4610286,4610670
2876885056,4632160,4632583
4241429076,4619512,4619787
2601070231,4600347
673349628,4608588,4641279
2038317657,4640344
4200268696,4608585,4618529,4635281,4639012,4641276
2769141333,4608578
2009082636,4628351
3666671871,4627012,4627029
2977379120,4607807,4629461,4641121
2771154497,4608576
944964317,4604096
4109466884,4616904,4627561
4021959572,4604213,4611956,4622800,4629871,4635347
2286473544,4608571
4274938999,4608569
796930099,4608787
1015370297,4608566,4631132,4632599
4096971941,4630481
884687188,4622401
1594244935,4607351,4630283
1069798154,4616529
1178891053,4622189,4634924
1126659826,4608565,4623979,4631131
3544888696,4619952,4626969,4639846
2218843025,4608564,4623978,4631130
1648661424,4608557
3293071910,4609884,4627145,4637881
181321337,4609970
93445376,4608547,4615836
941784007,4620622,4629205,4634689,4635298
579380043,4608999,4617173
3489283954,4629503,4633743
4097542438,4605879
2803848753,4608545,4615834,4620835,4623017,4624201,4632901
3181802433,4608542
2598211480,4608541,4626049
617778909,4610630,4631818
1901078942,4608944
4030561259,4608535,4609866
3420777109,4638866
3922772949,4619150
143762667,4608532
2153920241,4620660
1271775707,4608531
3054120532,4639670
979658727,4608154,4626888
4161726005,4608526,4637121
3442766774,4615001
359370633,4608524,4619957
410875465,4608522
2678329895,4609503,4613607,4628476,4637422,4638070
2312841236,4637610,4639170
62578019,4610500
181107672,4608521
2867308222,4608517,4622073
3944202341,4623735,4636642
1629080850,4608511
3312828331,4640731
3276978833,4607274,4629923
2683481907,4613309,4623424,4629547
2140931071,4608508
3421975006,4608506
3964284398,4616896
714169938,4616586,4633737
70421994,4608502,4615885,4626249
70081300,4609999,4619741
45974322,4608500,4613066,4632180
1801285452,4624227,4624383,4629201
67522463,4611922
341701474,4605109
1800112544,4611741,4613892,4615983,4617301,4618598
4130664235,4608496
2860435970,4620799
469989386,4607793
978954533,4616845
1367754837,4626325
2573650684,4608494
1554231212,4608997
3844535798,4608490,4624374
2150529699,4615200
1735225866,4602975,4625111
217665696,4608489
2149393137,4610926,4619518
260479487,4608488,4610017,4622250,4636262
462104692,4635351
3574941806,4608627
2319383648,4608482
1766320020,4602804
3271175992,4608481
3297414906,4610334
2757897791,4600067,4603479
4049045493,4608478
984044673,4608476
171531006,4612308
2585133092,4623318,4623465
548603862,4610542
671608273,4600095
177739005,4608474
2008158464,4633790
1760349452,4630418
1862960282,4601945,4610010,4610526,4616806,4630096
2185682915,4616983
2738727000,4608465
3406347102,4608099,4612080
3816790422,4608464
2656866653,4622425
403311660,4610220,4633694
2049945453,4610419
1942764794,4632570
2813002357,4608462,4631802,4637200
2273075466,4608607,4627033,4631772,4641310
3562340024,4635663
895538558,4617267
994523291,4608460,4635835
1172143695,4639940
121012754,4619192
1501218427,4608454,4609293,4610100,4625572
1193556585,4608441
326527692,4616144
3133306789,4615768,4632814
2270973313,4608440
3189144063,4624533
1509643944,4614824
3092902190,4608439
2258708931,4608438,4616643,4628288,4640068,4640214
1717656187,4608436
2064838179,4608031,4614948,4622904
3756785326,4615147
230177908,4628868
2006065343,4608431
500287608,4608430,4619980
2326101364,4615886,4620000,4625925,4633442
1141440354,4608428
59114099,4634028
2155461071,4616867
1605758007,4618589
838414161,4608423,4624199,4632146
13161544,4611486
2506878356,4636720
1266778899,4608419
1332520256,4637710
2394015148,4622368,4625878
543111224,4608413
4189523267,4635831
3223155558,4611627
2621449298,4600667,4601697,4607813,4619977
2159237657,4607606
2965825645,4608410,4623304
7984195,4608409
917849558,4610246
405592635,4606676
2602595945,4608401,4631365
868084162,4629619
1746885486,4603693
2976595275,4608396,4609136,4617126
937951088,4608394,4613792,4617124
3805395316,4625139
2967844060,4601961,4614025
678748173,4608306,4620149
3074261006,4608390,4628309,4633077
3226514051,4603790,4621845,4632627
3933834419,4608389,4635099,4641177
551110038,4608385
4209046367,4608384
1771922479,4602027,4618859,4626159,4634222
3683827127,4603808,4617175,4621688
2996771755,4616679
772675782,4613837
1712929015,4635971,4641255
4036537116,4632449
863445071,4618035,4618047
2482818844,4609430
808501414,4632660
3232380098,4608383,4612438
2569797243,4625407
634490125,4608270
2275209008,4608382
3610447625,4608614,4633471,4634889
418511001,4623556
2725043014,4608380,4633179
1895046441,4615176
2453110848,4612862,4630740
587883488,4608378,4609514,4629625
2412639310,4608375
1725755647,4608370,4628158
2334119344,4634833
562809535,4618507,4639917
286994710,4609306
1093042641,4608369,4616919,4621021
379246966,4621222
1634596604,4603169,4603929,4621404,4628261,4639071
3812903655,4608437,4627873,4628287,4640067
3918863787,4608365
1753904475,4634703
3347278361,4614854,4615992,4623593,4636202
1251982301,4608361,4612533,4632370,4636120,4637904,4639335
3157652567,4617809,4630524
1971301640,4617132,4624566
3459801600,4608360,4632369,4636119,4637903,4639334
2537684662,4608359,4636118,4637902
162924460,4608358,4619620
3411980278,4631824
3849323580,4608353
1871324007,4604230
1601629828,4616787
3505233320,4627838
4173155244,4608349
442765882,4620872
3789190507,4619335,4622411
1165156412,4608075,4610094,4613091,4627584,4634129,4635475,4639922,4640890
4221801881,4605288,4605543,4621377
3316794934,4608347
3087942509,4608344
1642375790,4615589,4616163,4638355
2092516425,4630897
3348946177,4605001,4609950,4636898,4638958
553302541,4608343
3416366408,4635638
1797172654,4610623,4631267
2667899139,4608341
2286637705,4641352
3937643388,4637482
3882840461,4620040,4630271,4633614
589881479,4604169,4636414
1259449291,4615636
3643144688,4624219
3003408596,4608339
1466849915,4604812,4612436
2383069474,4614669
3062311965,4608334,4610899
547735810,4608331,4616975,4631458,4639372
4119817570,4617918
905321155,4604284,4624085,4632475,4638503
3966004193,4608330,4609345,4624416
1187031288,4610395,4627750,4638750
3730802626,4608329,4609344
3349745446,4640964
3408868829,4625204
319717072,4607387
1622463141,4608326,4620772
2654458029,4608325,4620771,4626087
1197204098,4601911
914960023,4608324
331529509,4624423
2331823486,4621210,4640013
1805859402,4610588
4251108913,4615865
1236315613,4623515
1504826810,4621772
3204643359,4612853
3386469812,4600084,4609118,4612931,4613728,4619298,4622640,4622887,4637047,4637417,4637804
3337916116,4608321,4608803
2990154723,4606542,4615831,4625948
3761330402,4608320,4608802,4617817
4005094601,4608318
871185419,4641515
1037291522,4635838
3667986320,4601441,4624820,4634815,4640969
3557763258,4611359
1505783904,4604306,4627650
479212698,4608317
3397577358,4608315,4625448
3327677851,4608312
1753354422,4600210
675040612,4615694,4620634,4625806,4633873
1404684151,4624841
3408449923,4601412,4621398
1274118942,4608309
3617559683,4605314
530053814,4600466,4616646
1611607966,4608305
2691395168,4629814
782653711,4608300
2721586472,4605701
2807609837,4608477
10898999,4617318,4637052
2236551047,4608299
3392887253,4608298
1971688850,4631240,4639009
4006237871,4608282,4609245,4626415,4626750,4633911
3935925409,4624813
844510556,4612606
2247337509,4601543,4622178
867131836,4608276,4613417,4615953,4631475
1247999393,4623604
2642709454,4608274,4631473
1076534519,4624617
204265313,4608273
3121126046,4634969
3152757956,4608271
4091393524,4636297,4641492
3345831977,4634154
3857574560,4608080,4621246,4641478
2981730691,4613683
2553210269,4608267,4617903,4628641
2766687353,4626682
3232345072,4608265,4641604
462998276,4635094
2283993329,4632493
4099690680,4603461
3764546736,4608264
3239553350,4600199,4604975,4615794,4616247,4628984,4633689
3698318913,4601013,4610444,4618398,4620918,4621266,4622838,4623769,4625392,4636464,4638668,4639919
2013161054,4605953
1814034323,4608257,4612701
1018101020,4624373
2089882712,4603589
1276762606,4608255
1815320959,4621932
4081863037,4603830
3458045768,4617144
2736503899,4608253
151248514,4615631,4631437
4189648261,4608252
4047966086,4608250
3615059669,4641615
3776562429,4608987,4609494,4626007,4634654
3555109410,4601291
1376493755,4607155
3425161409,4608248
3783323061,4608247
1915181700,4607529
2450146734,4613509
1366535030,4631673,4637459
1759465073,4608246,4626883
393531633,4614021
3904585643,4608244
334393918,4608243
4049911559,4602938
3970908935,4608241,4638569
2525513279,4608240,4638568
2971038274,4620680
3861952305,4608238,4611481
1343031311,4640175
2481805788,4612176
240170355,4624537
2812976186,4611073
4254770764,4609960
2099531862,4608237,4611480,4613830,4619447,4621000
290606523,4608233
44590746,4612044
2774907899,4633961
2538362933,4617774
778162868,4608232
1857450398,4607703
536162372,4608231
1951422747,4641347
2857689827,4619724,4620197,4620590,4626422
2912338452,4604861,4617594,4626759,4630058,4630295,4640130
4044195056,4615505,4630862,4639233
2141312692,4625790
4174833033,4603052,4606017
352952512,4603135,4635124
718982573,4608227
4090295944,4608226
752911671,4608225
3909426350,4608215,4610297,4625595
634347480,4601494
2753402563,4608212
1433463826,4608211
448077428,4631924,4639603
4162898078,4630766
3423482894,4608210
1383358068,4608209
341067441,4611275,4638350
846586510,4608206
3863762650,4604616
3397281987,4616228
3909413027,4607863,4620295,4631727
3631360823,4608203
700209693,4608200
1001218395,4617489
1140835988,4616644
398746419,4616619
17491894,4602335,4619468
4025126306,4608199
1612517149,4608198,4640479
3726974941,4623940,4637424
2385910542,4602426,4605475,4611391,4614990,4618353,4620610,4626720,4631635
2250973443,4612743
3902492628,4622877
1123822212,4608196
1130617833,4614237
2486457593,4624727
3762818020,4607776
2210179862,4608194,4618365
1265865933,4639278
3881824890,4605029,4622973,4631538
2121753410,4608435
3377144621,4618933,4633454
1123126722,4608187
2473709042,4606410
2900791261,4608186,4630488
1605263315,4626317,4633908
3470028702,4610707,4635327,4640447
873777450,4609308
2868540489,4633714,4638632
2285844703,4611059,4634304
2940458404,4636062
1293464573,4608180
4033283900,4628840
867392615,4623051
626141438,4610975
281045015,4607450
2246415306,4603071
2004984110,4608179
470402039,4641063
2323800512,4625851
4097939191,4606647
3622997635,4605627
801971320,4611608
2883120640,4626669
1430444461,4608178
1397021217,4607680,4610228,4611065,4611316,4621936,4622654,4627102,4631159,4632645,4634783
1472294876,4608177
684205272,4605991,4614081,4631792
1769025483,4608176
2603090432,4610572,4621027,4632271
4014567977,4608175
257271681,4608174,4609285
2484899573,4608173
967832212,4608172
4205183346,4608170,4634918
3428435374,4641637
69203683,4621250
4079821267,4608167
849263078,4614912,4623379
1479291432,4608166
4018218715,4608164
3727662927,4608162
1967484933,4606748,4619872,4635045
3278203272,4608158,4617095
2555501484,4610234
2653861354,4640066
1852211030,4608150
1859304647,4615663
2831865451,4609262
1695930164,4608149,4640102
2688096923,4612804,4622810
465980312,4608146,4615376
3114434751,4607168,4607586
79108675,4608143
3949346225,4634075
1035250087,4615151,4622403
2498792336,4607959,4613425
733268852,4608142
3020721040,4614930
1545427994,4608140
327560443,4611119,4629083,4639717
3044741512,4608138
1507187799,4641027
2292533545,4608137
4047621039,4631356
2731039224,4627871
4227357152,4608134,4620905
3797426693,4608132,4635143
3971137412,4608131,4608835,4609032,4621899,4635142
1970941719,4632544,4637690
1458839098,4621871,4625197
1906032011,4608130
2124857409,4608117,4614761
1651651364,4628894
3252303161,4603143,4603832,4614350,4614451,4614552,4614653,4624780
3664160916,4608115,4608218,4623765,4626996
4011038330,4620983
3394936161,4608109
3167171836,4613365,4614688,4617851,4626078,4627220,4632886
189622160,4634948
2348461442,4608106,4609193
2499113423,4614997
2815509674,4608105,4609192,4638073
2267638726,4622949
714743398,4608101,4621973,4623741,4631949
254971253,4620779
3287699912,4608098,4608118
4114231091,4601287
961506910,4600102,4630404
154404582,4611854
527527172,4611357
3938584842,4608097
2230200887,4618590
777653293,4608095,4611582,4612496
3912773507,4610543
1137832056,4608093,4609251,4612935,4638197,4640113
2333487288,4627990
4070387751,4608089,4608432,4621565,4631987
1185085608,4608087
1831297245,4639957
1267863492,4608085
3917761383,4612618,4618150
421635686,4634319
842160070,4607849
4283994765,4608082,4617450
1893551095,4612108
3165289545,4636878
2284379427,4635665
1937097059,4608079,4620810,4621245,4641477
2138278557,4608078,4610775,4612291,4630805,4641476
2741760157,4640262
537813257,4614741
3509879776,4605803
2811586075,4608071,4620666,4631411
3838348887,4605534,4629052
4116195355,4602183
2278998592,4608069
1750940388,4603069
3541537947,4608068,4610407,4618955,4626494,4629574
3079707106,4613208,4613419,4618886,4623937
1998800027,4639492,4641535
4001537119,4608060,4613234,4615702,4627137
85104151,4611339,4613719,4621828,4626919,4627364
2415038634,4608055,4629585
2198315188,4608054,4633637
3959918677,4608053
4261933308,4639523
88501397,4608050
2974663161,4608049
3617611704,4602665,4637322
3004775594,4608047,4619901
4282267431,4608046
153451556,4608041
301301016,4621034
148824923,4608039
248353114,4608038
53182516,4608037
2038557290,4611085
361012106,4623303,4634545
1873994650,4601542,4604529,4606777,4608846,4619206,4622177,4634346,4636076,4638067,4638385
2187767767,4608555,4616446,4621991
2493746285,4608034
1229343600,4614817
523217020,4640772
1955319599,4608033,4609733
2338466212,4627786
3409270658,4605876,4620826,4638492
2066817541,4616785,4630995,4634330,4636928
2077871021,4628799
1402568318,4601807
1807662502,4616377
1197832269,4602084
372342286,4609358
3741627680,4608027,4629567
1246315257,4632681
2072113844,4608025
2466269460,4625741,4626902
4032229024,4603150,4605766
3059432065,4616632
2616890422,4608021,4623052,4637736
873939039,4600399,4607180,4611164,4611558,4631936
1242000743,4608018,4637730
1408880569,4603630
1516583365,4607981
2305220887,4608016
3740963224,4610570,4620495,4621025,4629189,4636508
3039417510,4639890
4030782143,4638020
2338989298,4617413
3107156088,4608015,4616821
4078669164,4608014
1453666228,4619530
1919092494,4612065,4622912,4623647,4629327
76428709,4600284,4640898
481780063,4608012,4613364,4614687,4617850,4618082,4619102,4622842,4623773,4624443,4625396,4629351,4632885,4639023
339241065,4623849
1502343824,4608008,4614617,4639047
3973560259,4627546
3719630601,4607169
2166400952,4616811
511679240,4632050
3475049150,4618723
483467691,4609505
3798245369,4600944
2202505519,4609097
2832392000,4608007,4614616
4209898695,4616783
1946883838,4608006
3267256475,4616978,4631692
292131343,4604583,4608616,4616837
1019536688,4608002
1729664013,4607998,4608790,4615098,4616706,4619399,4633800
2820248212,4602249,4613132,4614803,4624730
606323116,4607995,4608875,4611675,4612750,4615680,4617178,4619396,4628695
2783171105,4607991,4615923
2839437199,4607990
2124670495,4607988,4614132,4631213
2579216465,4629720,4633336
1270941241,4612732
2284576796,4616224
1922279456,4614823
4289092117,4607982
1201689502,4640535
1954914715,4607980
1132880670,4630197
2597566688,4617633
414604860,4607977
114835869,4614675,4620859
2508058324,4603204
298788005,4611885,4613061,4613940,4626579
4163073274,4600169
3610234925,4607972,4623966
4287503356,4621352
2882660797,4616799,4630085
2890721163,4600911
2526542726,4615769
1858006784,4607971,4623965
10713412,4630697
1096433718,4621375,4638829,4639668
4124713336,4615347
2599129462,4607970,4623964
239179732,4634881
209013691,4633807
2500706995,4622857
812103058,4607969,4623963
908403934,4607968
1761720192,4606040
941142156,4612316
10006737,4607966
3560903535,4616348,4620548,4623500,4632566
3197350397,4641205
2850865256,4607964,4628704,4629259
4245560885,4608418
3938920494,4632189
1088936837,4627411,4636205
4062927868,4625511
1700127059,4607963
2081922024,4610345
1095861680,4612528,4638076
2699942671,4607955,4619162
1587800579,4607954,4619161,4629676,4636099
1942444466,4601299
1566256190,4603637,4603999,4608513,4617094,4638338
2671007076,4607950,4628169
696159697,4609367
1826889519,4608684
3068177533,4623947
1086682683,4603230,4604496,4605503,4624958
3917301439,4607947,4617323,4621107,4621778,4629340
2727408650,4606646,4617551
75240157,4607945,4617321
3995163036,4622577,4623859
4199150280,4618570,4624842,4628382,4633535
3227896341,4610758,4626075
169794904,4607942,4609715,4621469,4622199,4631943,4640352
2271563040,4624038,4635945,4639531
3741829647,4623711
2246051776,4608426
81940973,4607207
2785852070,4607939
574954239,4626253
3719886169,4607931,4612569,4623678,4632172
1790725977,4628839,4640767
724910629,4607930,4632171
38230521,4605785,4611500,4625779,4631304
2787557840,4607928
1685344626,4607926,4611371
827469552,4607923
2462774974,4613705
3062701602,4607922
1872910130,4607921
1311810480,4621514
2796144286,4607920,4611958,4616739,4625306,4625558,4626809,4637557,4639340,4639630,4640702,4641341
305289215,4626073,4626796
3193154013,4602464
3458784906,4607918,4611542,4622617,4641381
996599105,4601355,4605033,4608551,4612882,4616273,4622977,4628390,4634458,4639748
1239650472,4607917,4641093,4641380
2935970213,4610104,4616161,4620332,4628509
1065884419,4607916,4618822,4624964,4625230,4633277,4637280,4639173,4639998,4641092
1514460958,4632473
1249087235,4607915,4610429,4618821,4624963,4625079,4625229,4628333,4633276,4637279,4639172,4641091
2219583666,4614783,4615873,4633450
2032080548,4639176
2761568970,4607914,4609060,4618820,4622077,4625228,4628332,4633275,4637278,4641090
139975546,4637776
2789932377,4619828,4623759
4064981237,4600248,4603519,4624315,4635678
4117289615,4607912,4619896,4636520
3680228444,4614441,4614643
2896735270,4607911
3128231704,4607910
3252585363,4607903
2251037665,4616355
640312558,4607902
3455373957,4607901
672815652,4607900
3865648545,4607897,4633304,4638998
2323500779,4607896,4615405,4631519
735601339,4605715
4018530691,4607895,4622962,4629458,4631518,4640349
3392631487,4607892
4066355262,4612224
1904848953,4613772,4619251,4620155,4635011
713277475,4607891
1297077764,4607888
3103180572,4607887,4608512
210957816,4604744
1447791214,4613045
1043389627,4606847
2295190319,4603932
2563727233,4607886,4626196
349891540,4607884
2583160473,4612128
2115652503,4617991,4629538,4636294,4641489
3468058099,4610587
55823671,4607883
2117710686,4607882,4614205
4035325900,4621879,4625116
286995999,4607881
3577396563,4616395
1846097068,4626241
795300448,4607868,4634795
4262993324,4635149
805162655,4612654
4199281041,4616420
3415735485,4607865
3894856233,4613242,4629928
211233035,4622630
704536529,4607869
8581200,4637262
2992653295,4607859,4617408,4633333
3836079657,4615938,4640381
2442321125,4607858,4617407,4633324
1188494835,4637035
1468732984,4630618
407803866,4607857,4624504
4163082075,4607855,4621923,4626028
3759766924,4607853
3648502053,4607852
1469305543,4633491
119214477,4608152
194828676,4607847,4618263,4618526,4622619,4622867,4626992,4634787,4641383
3265661314,4602712
2774672350,4607846,4616237,4624301
3385780379,4634256
1281152533,4609550,4618443
3033174592,4607843
2341017108,4623336
2599704411,4611751,4613873
3641534893,4602602
2698646805,4607837
1587270002,4608302,4628957
2443800404,4607532,4608902,4620896,4625050,4633230
1805195860,4607856,4621924,4626029
205974188,4607833
119120020,4609945
4176002381,4607831,4613833,4620063,4622145
1768466921,4607829,4636534
691494879,4607825,4633770
3955722265,4628908
675107443,4607824,4633769
3133435668,4612187
1231354914,4607822
2080758871,4611071,4635449
196358999,4603102
2139818406,4608424,4624200,4626123
865263514,4607820,4608063,4619423,4622229
2890291246,4607811,4617505,4629058
3129744568,4600163,4602367,4632329
1893708397,4616605
2341988600,4634566
2320874943,4607483
1306004972,4607985
3863241317,4617959,4619021,4632385,4641188
2863518659,4607809
1703036832,4601468
1323325327,4610302
2005819627,4607806,4629460,4641120
784448951,4621165
3147609798,4620921,4633845
3018459024,4607805
2372051580,4600928
3122602225,4607804
2845829306,4607800
667742514,4607799
2227406269,4607798
3790097544,4611127,4622353,4636194
903374610,4633718
1241861764,4607795
3876505198,4607787,4622645
179330399,4608721
1312008160,4621253,4630479
3789403921,4607786,4622644,4623670,4624882,4635643
698104316,4607784,4619702,4622747
1699522573,4607780
119853330,4602875,4616318
250007067,4607777
2760727203,4612723
3824312953,4611800,4623889
2810043044,4625797
1838017595,4617888,4622901,4628547
3268268550,4613998,4635630
2692464920,4607773
4079259825,4615478
1145212403,4607717
1513145522,4613262
2701006929,4607771
171040317,4607770
5950969,4608188
3117199561,4607769
1201454460,4611415
1558922096,4607768
2232363541,4607767
1314177239,4637492
138678886,4609865,4610396,4620564,4628551,4634772
1738101925,4634226
546144692,4607766
2368373463,4603470,4628209
897232478,4613519
542798150,4610162
1127056971,4607765
1886191942,4638120
2777980351,4606755,4607091,4607151,4616693
1921964289,4609989
868434367,4632167
1368089960,4607764
545176317,4603472
2671740764,4607763
235128364,4635585
3218531817,4607758,4619572,4624802,4640861
2400066894,4607749
498133509,4611179,4629445
646277187,4607742,4608807,4609377,4613880,4614291,4614392,4614594,4621458,4623245,4631055,4631434,4631484,4632066,4633289,4640994
3280085090,4607741,4614290,4614391,4614593,4621457,4631054,4631433,4632065
3832770861,4607737,4610211,4626364,4630704,4638174
3765319918,4631229
491391516,4614672
802549793,4607736
3349825235,4607735
1839058290,4605551,4639175
2556125401,4607734
25092778,4633161
3617037602,4603239
2961588423,4604879
1656862145,4615587
1049249423,4607732
2317737187,4613624,4616116,4616409,4633560,4641127,4641313
1179912509,4607731
74606980,4602422,4617083
3502554495,4607728
2147015026,4620233
3176543687,4607727
2544863294,4616692
42711598,4639464
3904839224,4607726
2777592325,4626591,4629041
2456104108,4611023,4627072,4634225
249835246,4607725
3572503323,4627606
2238588250,4607724,4618679,4622960,4625696
2125654741,4612165
762066109,4631008
3889536196,4607722,4618495,4625073,4631704,4638792
3412049650,4616067
2764219891,4608128
4159488839,4600524,4621523,4632604
2509871874,4607721,4608335,4610900,4637506
604219120,4639796
615791770,4607715
1704673085,4607714
2280868874,4607713,4640425
4182767220,4612444
728511214,4607710,4626859,4627899
1612648737,4611247,4622103
1967931363,4607709,4629949
1173344318,4629416,4633778
359221249,4625847
2401433936,4607708
12796950,4607706
380443733,4607704
3786039452,4621223
319722173,4607698
3192898230,4607693,4622407
701496814,4630728,4635639
568308471,4613610,4637529,4639767
2441483317,4600012
3019421458,4607691,4615094,4617661,4619998,4633440
1484635959,4601294
367155158,4605793,4606738,4612511,4621414,4625274,4628091,4635402,4640622
4224267969,4607689
2547497893,4641068
1833773992,4632382
1829016347,4610452,4627801
2827813193,4617264
1194780799,4602773
301937993,4612053,4635502
1572512095,4607686
1342807290,4620814
2545128474,4601449,4606529,4612180,4639993
701528178,4607685,4614439,4614641
2978025545,4607682,4632647
481997465,4608416
3510212349,4630420
486613225,4627279
470077194,4607624,4622746,4624008
1895339051,4607681,4632646
1413423574,4630148
3118254938,4600588
837979982,4608003
515453020,4622671,4632551
776506287,4608350
2503859516,4607674
2021456852,4636811
4166768992,4607672
3442823172,4604644,4620856
332300588,4614138
2428891563,4604220,4619354
693611271,4607664
1566159840,4635528
1772410180,4628085
3805004709,4607663
2543911107,4607662
944076569,4604683
3286998137,4607660
2191934672,4619891
219466489,4612816
3185185225,4605689
3895463048,4612267,4619086,4623696,4626259
4207667735,4640592
3309115755,4606586,4614334,4614536,4618138
3954843908,4607658,4632521
610924576,4640041
2148724025,4607803
2849049369,4601570,4617550
2283995445,4603444
3247997190,4607656
529756279,4606667,4608239,4611482,4635895
2535425109,4607654
2621207098,4641171
4246984404,4610118,4636850
1204856992,4618245
3601295637,4600935
1863855117,4606914,4608205,4612276
91053722,4611097,4616951
2133412891,4602113,4608617,4634670
854249311,4607646,4617733,4640626
535233732,4637965
1731640006,4616635
2094622125,4620784
4036949984,4600005
1769096339,4616946
329715849,4615672
2553516203,4607641
3545195158,4608208
1734546569,4605782,4641635
923740993,4606951,4607668,4610584,4618504,4620509,4621270,4638095
1422522208,4607640
777795402,4616249
3079297806,4628173
2364982414,4603923
2735512950,4607639
3910969245,4630721
3682550851,4607638,4623441
1141941355,4630722
4262236399,4621646
1597055104,4601753,4624651,4630087,4641314
4135194419,4612138
1273204056,4607637,4612259,4635446
3842323963,4610681,4619001,4622649,4638380
1428183532,4607635
3168567457,4607634
3747768181,4600950,4616469,4635344,4639839
303850409,4607632
1515719639,4607631,4624528
893271168,4614257,4614358,4614459,4614560,4618161,4628811,4640552
1841359860,4610374
3893353105,4623065
1702238988,4607630,4639681
3518201378,4607621
2350119605,4635751
3591222025,4607620,4607925
3677000692,4624656
3842489587,4608544,4609442,4615833,4619107,4620834,4623016,4631116,4632900,4636841,4637706
3715627626,4606925
42391365,4607619,4619083
3329602268,4607617,4619081
2099551374,4640370
3904730472,4612135
591856869,4608776
2525302278,4641402
1156309217,4607614
2622669179,4628078
2206542402,4611834,4612502,4623914
3126531898,4631972
1960548835,4607609
1145425676,4623034
2188815800,4621672
3893312843,4607608,4611306
1546461650,4607607
3618024281,4607598,4616936
2530044938,4628911
2984130007,4616850
4217966595,4607596,4612400,4612996,4615293,4617757,4625784,4631156,4638706
3332095243,4605717,4612353,4615814
3323042859,4607595,4610153,4615292,4631155,4631621,4635692,4638705,4641182
3291535873,4625146,4627234
2921159639,4624241
1088334766,4611297,4620839
2527920992,4607593,4635283
3507603944,4619545
3614355211,4607592,4616548
3289299297,4607590,4613555,4626536
97141958,4605722,4636040
2344267701,4607587,4614847
3302800720,4613765,4627120
3658507495,4612352
3775124,4633738
3255869793,4608493
3176532848,4607584
3165011798,4608670
645841322,4626960
1866935916,4607583
2699702516,4620456
4019113201,4618867,4620764
1143412544,4607582
173881937,4610019
2801170843,4622312
3205082045,4607578,4623202,4626539
2514963034,4635157
2326688877,4607577
2144215548,4610308,4622207,4631278,4635605
114241643,4607318
206385654,4607374,4611621,4617960,4619022,4636967,4641189
1278655969,4607576
2901300286,4611723,4627398
2192102577,4607575
2916224804,4602020
821626588,4607574
3006624813,4607569,4612522
813509547,4620584,4636172
2573992499,4607568,4627765,4634539
1452002782,4602744,4616005,4624751,4628874,4632290
1205813941,4615608,4624304,4638222
3164816789,4615010,4621886
163331133,4628780
557907064,4607566,4635140,4641569
124234858,4640372
3769773910,4607560,4631898,4636473
2549443453,4610079,4625885,4638512
3264574791,4620245,4632420,4640037
765268146,4612777
1948995939,4612364
1694371922,4609454
3755620385,4607559,4633801
3331539054,4603019
3812472671,4615918
1175220842,4607186
4081036106,4607558
504658335,4607539
1240931585,4636195
728134605,4607536,4625528
530386004,4600020,4603893,4604663,4625714
2629484695,4616984,4629769
2817424531,4617039
1387788598,4636396
658994535,4607534,4617443,4633232
1860114344,4621758
1559996954,4612633,4618219,4620017,4628941,4630747
2295689821,4607531,4624888,4641633
2058596867,4608268,4628642,4635834
1010294796,4615012
2324576234,4624073,4634236
1548154287,4614089
1029442078,4631327
3226265369,4600657
4074874935,4613716
3532143367,4607530
3330507782,4635362
2798628788,4622000
274350936,4605148
2311523091,4609191,4611018,4618486,4624327,4631466,4636739,4636941
156139256,4607975
578925838,4607520
2437011422,4616027
3176451886,4631841
3774963627,4619317
3066280258,4600142,4610889,4622945,4623171,4635981
605034773,4607519
407200840,4628489
776959866,4607581,4607748,4615298,4620401,4621075
2411834609,4606037
3165754181,4607518
4185634029,4617980
3583624776,4607517
4097808574,4615541
2434295780,4608737
1653990566,4611468
595391780,4607516
3432622393,4607515,4630923
11949967,4629862
3051390763,4626661
1948080029,4624590
3708562981,4601121,4640225
2531084419,4615727
1592804761,4630449
1036057428,4622614
699010426,4605554
566002102,4607514,4617475,4630922
110711375,4610579
454182094,4609274,4628322,4629364
2681156101,4635557
940732409,4607512,4610960,4615191,4624307,4629320
3728968266,4621001
337538891,4609129,4610096,4616570,4617747,4621770,4631782,4634959,4635477,4638323,4638704,4641373
1979214022,4607511,4608296
1323938722,4628350
3703815619,4616826,4627640
1132354468,4616624
3125870723,4601522
161009227,4601402,4636487
143753120,4607510,4608295,4633558,4641311
683485054,4615344,4640445
2101954987,4607504,4609887,4610279,4610789,4614147,4625295,4632053,4637797
703576120,4634544
2497234002,4603551
3282219710,4613090
72247225,4607503,4610788,4620743,4622593,4625294,4626503,4627781,4632052,4638661,4639114
1764066186,4607497,4608451,4609290,4609890,4610097,4610257,4617748,4621534,4631363,4635478,4641214
878130206,4615361
2350643868,4622052,4634863
913809361,4600346
2087533241,4614020,4638579
1632736783,4600633
3569689789,4607496,4609530,4613176,4615291,4615468,4624368,4625837,4631154,4631362,4632109,4633840,4634764,4635234,4635691,4635771,4636511,4638970,4641181
3681761261,4612441
3223552584,4625868
397125699,4607492,4619394,4620941
3027804540,4601620
2552734399,4607491,4610902
2739019335,4607490
910944956,4603407
2567145473,4607489,4608470,4610353,4613530,4618676,4625489,4625693,4628011,4628224,4628994,4632527
293033174,4610701
1798160863,4634825
8566267,4604322
2701161884,4606716,4607941,4622198,4631942
1611249707,4607488,4625692,4628010,4635978
2642050501,4612652
495838266,4605043,4605892,4613095,4641505
245637573,4606840,4607455,4609899,4610532,4623064,4624549,4625608,4633532,4635616,4636438,4640387
708286403,4608185,4620684,4630487
1310036092,4628539,4629028
1134569001,4607487,4625691,4628009,4639223
498408488,4605668,4641105
2261103102,4613046,4624252
1313901267,4607486,4625555
2144723038,4632639
2336906179,4607482,4613204,4623933,4630073
236709696,4620804
2497285430,4607481,4623932
3416929730,4608788,4639349
2392673054,4611731
1801390572,4621647
603647014,4600853,4601206,4602391,4605526,4608714,4614198,4626461,4628368
2446270064,4607479,4607602,4616466,4636394
2684231868,4604119
919402743,4600090
1967449216,4607478
341270912,4620178
4254035311,4607477
2341726001,4619536,4623010,4636698,4640070,4641452
2482912331,4616344
2431432488,4631855
2950633001,4607475,4636147
3355576634,4607474
1825363976,4607473
2810077695,4602235
126765915,4611436
3283286714,4630637
3424318742,4607470
1301643091,4628877
976708796,4600497
1501129860,4609249,4610593,4622731,4634816
2899954641,4607466
294375376,4633977
3383372831,4606465
1923933081,4603612,4616360,4626217
1128155657,4625119
2256411881,4600651,4605737,4608224
429501918,4607462
3239739429,4607459
1599181937,4619587
1658022433,4607452
3826414318,4630498
2567670036,4627011
2964046157,4610363
3866313904,4607469,4631658
1949463981,4630111
518595818,4607449
385729380,4605365
3675216567,4607443
1609856277,4622360
2161434493,4607435
2037354242,4600533,4610767,4624920,4634143
2430438587,4600682,4615340,4636088
3739484549,4632209
3369854108,4604407
4205142268,4606043
246725777,4630883
1772335368,4604477,4608111,4611567
3914972940,4607429
3490614861,4607426
833804814,4607418,4610103,4628508,4634818
3617672775,4630990
2269999107,4600761,4617500,4636796
1114045674,4603064
3843956658,4607415
2713023190,4624915,4640358
3552940410,4615175,4622441
1220176741,4608202
2712302798,4607409,4617418,4622541,4636626
1887161923,4607408,4611267,4628969
1633815203,4609099
4112486023,4634516
1200524396,4631385
2650654592,4607401,4635040
4267654405,4628624
1826853935,4615500,4636370,4638734
2545129745,4614710
2592884117,4636452
326393473,4607400
4266696909,4627699
3169249651,4611072
3296751411,4607463
1701714022,4604800
4233844993,4607398,4617399,4634805
661357727,4627766
2748858051,4624847
863339045,4621566,4631988,4634189,4634252
161650700,4607391
3357139788,4606071,4606662
1533954591,4607386,4637501
3828863039,4607020
3721931753,4612910
3701765396,4609872
1288488207,4629450
1003672432,4621883,4629931,4637012,4638253
1488926505,4604297,4608759,4613368,4616482,4629478
4198366757,4600702
1323430749,4641403
1495888951,4638946
3739902937,4622926
4292921305,4620488
2425584218,4604777,4609761,4637000
728699407,4604503
2103726200,4607383
3765710552,4600145,4603846,4603890,4616289,4617440,4625600,4627658,4630654,4632434,4635984,4640933,4641574
2287445958,4607379
644928554,4639253
3493343474,4607375,4611622,4617961
4108473918,4614949,4620603
658857248,4607369
4028229028,4608207,4621776,4622154
2588774634,4633166
832792157,4614843,4620369
841284454,4605798,4632441
3133286362,4608629,4624835
4189597314,4602743,4609860
672232481,4605221,4636481
3428284428,4618093
612993004,4607356
774568399,4607355,4623961
4197977746,4605967
252403192,4610567,4629186
130273159,4607354,4629953
3104622085,4639893
2239322186,4607352
3534770157,4607346,4608926,4633451
1092183505,4636400
4217647666,4601263,4608005,4632310,4641571
2540138371,4607343,4625214
1514083919,4602851
3573989902,4607342,4625213
2937093370,4607316,4619753,4620008
1105393702,4631786
2133225041,4629860
3042063821,4600389,4601307,4608533,4615565,4628415,4635204
1737004318,4604991
3610436334,4600365,4622237,4629948
2801832608,4621550
3963906687,4607341,4625212
575451631,4639954
4043877704,4605234
408604706,4603586
2109115614,4605353,4617420,4624284,4633111,4633221
901897589,4607340
1795895952,4607336
250332442,4631521
2790529117,4601112,4612020
769382014,4607334,4618912,4622884,4639409
4185802817,4611534,4637020,4640280
1159194804,4607331,4628436
4031086141,4607457
4251631714,4608930
3947452616,4607329
324174371,4601917,4625401
1350179803,4608397,4609137,4634529,4634742
2397379617,4607021
3328232149,4612568,4636635
4046250789,4607327
2098631245,4633792
3693548151,4601648
301011654,4607321,4614743
1997202557,4640032
1985475605,4604058,4622326
3188782372,4606874
285487374,4603030
373388080,4606156,4620747,4631418
3516660930,4629886
1576133261,4607311,4614496
12250171,4641238
2025454082,4630813
2049422326,4606959,4621542
497427093,4607307,4609376
2386895395,4601023
3080148564,4609987
53828547,4616128
2111651453,4600320,4637857
2437177239,4607304,4608992,4614736,4615072,4620204,4622781,4623166,4641448
1615506157,4618501
2556722640,4613523
3169168090,4609850
3671907343,4620931,4625435,4627376
1762420093,4607301,4610970,4613151,4616637,4624609
2712072220,4607298
3676813584,4610262
4183412767,4607293,4619195
2842797302,4609672
2961559022,4607290
466102541,4607289
2707780750,4607287,4608427
1884638989,4606674,4615591,4616444
1049325112,4607281
3970156014,4613506
3247216,4600517,4618819,4624672,4639448
106475254,4607266
4094543999,4624418
909544983,4603973,4606030
1164772277,4600108,4607659
3225835525,4607264
350066978,4621518
3469204757,4605428,4614945
3631782354,4607261
4128412997,4638870
456436869,4607255,4610580,4618328,4629561,4630134
3589701668,4627808
110834493,4626911
2027805390,4607253,4629067,4629982
1568085034,4603413
3789725230,4603120,4612214
205289770,4603592
2128702217,4627556
3989507186,4607246
680734432,4607130,4609886,4610278,4614146,4624273,4626412,4636798
3802521062,4607244,4638983
1324662326,4615489
3508987155,4615714
3264006550,4624395
4169167799,4602878
2248005031,4604753,4607657,4632520
3803240862,4624510
4050355515,4605515
4293876433,4629714
2983106660,4607243,4638982
1928856451,4639150
2660890856,4606926,4627841
3756203603,4604313,4605404,4610048,4615118,4615860,4635789
2929247751,4604170
352303130,4607229
1082683370,4613968,4633894
1429121692,4626955
2364011793,4610296,4625594
2506877400,4618603
1715050970,4608469,4614758,4618675,4628993
1213664023,4608798
3657627684,4600358
1927575325,4607227,4619947
3287060841,4608256,4608492,4612700
613883357,4630642
589503641,4623152
3312908224,4605754,4606474,4613641,4614968,4618682,4622253,4625109
1919557337,4607279,4611737
2931212683,4607225
2911384153,4600684
2159984847,4607220,4621735
1847730362,4620559
94731057,4602145,4640493
1097076849,4609856
3389831337,4623035
3435093257,4613222
1081216247,4607217,4623325
2451991073,4607216,4623324
1040331396,4602707
994765475,4617525
1885910959,4600922,4608076,4608290,4609128,4610095,4610773,4616569,4621769,4627585,4634130,4634962,4635476,4638703,4641372
1059623749,4607210
1743912073,4616935
3948424747,4614283,4614384,4614485,4614586
3947589302,4608463,4637201
2317901559,4609028
3205964659,4636719
2960341592,4607194,4624438
3674166405,4624986
2878868180,4617430
2551259317,4607193,4607984,4624437
2951626762,4628060
6798809,4611970,4627245
2988504940,4608554,4638307
4276532843,4639460
90679621,4632812
1084153048,4607192
2110878171,4638965
123391260,4630476
2561157124,4622536,4623319
1049306128,4615319,4634464
1007130248,4616450,4630228
2515326624,4625316
4288179453,4604790,4605868
4048651315,4601289,4609737,4614303,4614404,4614505,4614606,4615360,4617128,4618115,4625812,4628741,4632876,4633093,4635550,4640362
1938595829,4624163
746407143,4607189
1518324266,4626247
416016495,4621728,4630673
2412144318,4603104
2707298327,4605852,4638278,4639078
4233053983,4616694
4115659655,4634431
678428303,4607627,4627752,4630933
2905372237,4603121,4612215
2166779997,4607174
42580604,4607083
3935072224,4607163,4618568,4631714
2018256909,4635793,4636971
2793058685,4615573,4641510
1191201293,4615117
1673986534,4608573
1612215016,4607158
3113638748,4619199,4620501,4640044,4640323,4640575
2804417540,4612494
1311557660,4626733
3190055925,4613187
1853131963,4601497
1664626353,4607152
3183180733,4607146
4104580323,4637946
219230246,4607359
4207508992,4622163
2348709949,4607140,4633561,4641128
1204133530,4622537,4623320
3567165792,4607132,4615155,4619230,4624275,4629117,4629963
627315938,4612928,4622637
4146784220,4608467,4611882,4613937,4614756,4615897,4618673,4618901,4626179,4631073
1122207850,4604207,4621925,4626030
1426039917,4604412,4609711,4609774
731476650,4606704
3977257593,4606885,4609297,4626504,4632793,4634991,4638662
2435386007,4607131,4619660,4622594,4624274,4626413
842439604,4615849
3002377845,4636826
3135077565,4607066,4619245,4619785,4620418
17122768,4607904
1151507055,4607127,4629484,4629852,4636092
969953887,4603034
1950239344,4603618
14044108,4622281
646450855,4616847,4634065
134554424,4607107,4633573
2989972079,4614279,4614380,4614481,4614582,4628717,4628833
4237690838,4603915
509420197,4601903
694529103,4607102,4608686,4629657
2339404134,4607267
3149823955,4605344,4626040
2811689728,4630209
4128014373,4607098
3593307723,4625317
1272451341,4617169
2013043779,4613831
2427704687,4607097
3012941819,4607094
3021271676,4607090,4607150
1240926093,4601288
471756340,4609524,4635564
3755842957,4611774,4616507,4617987,4626626,4628395,4628728,4629618,4636471
2197944370,4601407
1063876104,4607049
3037707288,4607199
2513304888,4607082
1787162780,4624281,4634628,4641450
2450069889,4607078
2859177858,4607077,4608151,4614576,4628827,4630391
3853134874,4623895
3449249389,4623824,4632689
1890464868,4605319
2671503119,4604709
496004615,4628253
152014023,4617536,4627010
3079585869,4607071,4625215
2896171591,4600990,4607546,4623666,4632092
2084080165,4607063,4625383,4633485
1109686522,4600485,4610783,4622473,4629846,4636831
2600857881,4620733
1838271680,4607062,4613322,4633484
2007627862,4635829
2007833598,4617405
4243258106,4606652
4270300818,4607060,4623760
1442200230,4604263
1210987613,4607059,4612412,4613809,4614412,4614513,4614614,4621903,4633632,4636886
2215714609,4602841,4618937
2076611356,4607224,4624763
3650099457,4634146
1238282046,4614055
499800078,4610633,4631821
1743470086,4605321
4221463584,4633937
3449156357,4602616
857448531,4607037
1500404729,4609352,4613797
3374383867,4638239
2625761997,4603293
8880839,4604601,4612314,4634715
2922436920,4607036,4612516
3072442915,4601022
3028981185,4616930,4631566,4632127
420635805,4606636,4606854,4614277,4614378,4614479,4614580,4621230,4628715,4628831
2845543169,4607035,4609104,4612515
2439761785,4620672
1274833119,4607034,4609103
157795938,4605285
1649201919,4607032,4610458,4616945,4617653,4617800,4618336,4619015,4620473,4621960,4623090,4624217,4631309,4632481,4637238
2234314037,4634680
692477019,4624210
156226135,4607025,4636365
2185439626,4640863
2456522523,4603894,4617320,4638202
3410987157,4607019
547327991,4600241,4637964
3876347,4607018
4175633258,4627209
1304715963,4616190
72533663,4630514
2605426710,4612174
1925462046,4639060,4640825
409213443,4637883
1134509994,4604979,4634337
1029610351,4611799,4623888
824344878,4623296
3445781556,4607012
2685131500,4603128
1789592927,4603599
210543410,4605371
1853683783,4607009,4608913,4612402,4619819,4621639,4622345,4625312,4625786,4625971,4627115,4628283,4631158,4633980,4634782,4634840,4635424,4637524,4638408,4638744
3263067316,4615933
547322123,4634619
535106548,4604107,4610551,4621812,4622436,4622477,4624631,4626082,4630376,4634909,4636342
3753846268,4601116,4628963
3971113380,4607105,4623585
2941536957,4638427
4082728832,4607005,4607028,4608287,4612409,4615913,4618142,4618518,4624320,4629336,4631107,4631340,4632477,4635815,4639841,4641566
96574277,4606998
638878397,4612659
4277754023,4616537
1997453350,4609333
3344899704,4602505
3099430939,4600105
714415406,4604176,4609398
219433523,4606989,4607571,4612524,4615555,4625006,4626589,4631730,4633460,4634359
933316809,4633745,4640439
4204596360,4609475,4619329
2643509539,4606987,4615553
2971698514,4606985,4632942
231737944,4609642,4617523
3494890923,4604649,4614420,4614521,4621326,4630045,4632915,4638550
1562798430,4607048,4615943,4619382,4631964
114281901,4608729,4608823,4619359,4623103
1421864704,4640303
650637591,4606984,4617704,4632941
1774059370,4635569
768036047,4600765
3553498816,4600062
3315050792,4606981,4632938
1329534952,4606977
2494595083,4613475,4631078,4632287
1194555773,4630013,4641482
1457794985,4612118,4628749,4631600,4632112,4632593,4633423
315176138,4606976
2379534596,4609267
2458799047,4607335,4613250,4618913,4639410
1129995263,4629213
1162655853,4610341
3074251897,4606968,4616408
2190132517,4638694,4641557
1386784871,4630845
2880633967,4623520
2223513183,4606964
34648936,4639260
4191184778,4635930
3717066166,4606960,4607303,4621543,4628074,4640274
1615773427,4618346
1011938267,4614174
421270211,4602657,4603095,4611914,4621840,4623777,4626850,4627183,4628256,4629646,4639053,4641046
1984143735,4610045
2738963402,4609256
3607404415,4609784,4627374
2129474142,4606675
143377170,4601472,4606462,4631044
3688371888,4638978
3736848433,4634808,4639967
2840302379,4624046
1083599826,4606957,4630337
1793493320,4606554,4620935,4625439
379366924,4606955,4630335
3128325130,4600979
3171838294,4606954,4630334
1377830014,4606952,4630332
3707829337,4635547
3707649318,4606948
4148887121,4606588
3489053244,4637019
2766508412,4606947
2349852797,4605419
4010708076,4609173
1255465847,4616979,4623172
1949207639,4606541
607037409,4606945
1394700830,4610620,4633668
1430769049,4637212
2784897684,4625749
2494218433,4620119
2055486413,4602224,4639849
2550279940,4629522
3178649118,4600107
3170934018,4606934
4070027189,4611776,4616708,4619401,4632325,4636366
4099150614,4629250,4634496,4634560
1891551900,4627908
2059252457,4606924
2323550353,4608133,4622218,4635144
300320177,4601776
2449695603,4606425
3697947349,4604136,4630537,4632418
2215803654,4605411
1192501895,4622719,4631668
3721434524,4606921
3558698454,4608753
1108954150,4611907,4634071
883743884,4607364,4621545
534332630,4615359,4618114,4632875
1756717657,4604174,4618188,4627431
687584816,4605797,4633985
2747259346,4606913,4608204,4612275
3539750370,4606907
264786156,4606906,4612084
1050431989,4639885
2669882913,4623140
3223621357,4604799,4607889
1397439969,4615718
3082249768,4606898,4623450,4628521,4630443
3877893684,4602926,4612784
3566563682,4608499
912933302,4606895,4618986,4632907,4637266
3060270419,4610963,4623608,4630175
1495982460,4606887,4633551
2945253706,4600969
1661615368,4605859,4624761
1046446506,4621800,4623791,4627723
3386950676,4606886,4613713,4634992
1532360485,4601129,4607540
2691489565,4628200
271236978,4606884,4609296,4619659,4632792,4637796
3984684690,4628753,4634207
925338936,4602166,4614767,4629559
3540770200,4604690
1355670229,4606880,4623873
264033629,4628646
4097795404,4606878,4615409,4620487
1605416417,4612676
609707300,4601286
1872489151,4603675
1571420232,4606877,4615408
3431025521,4602318,4606660
2532036352,4600721,4617151
713338920,4624494
3923129124,4601438
2691747730,4603847,4617441
3420301270,4623055
98667833,4606868
110758007,4615271,4631275
476818900,4626956
1671608,4602181,4610166,4611897,4620041,4620691,4633615
98804717,4609279
2951683665,4623428
1085452409,4606866,4622068,4638937
2506768691,4622504
3666656825,4601967
810398220,4606857
4105978471,4606851
4176758889,4600488
991579854,4615095,4617662
3540149812,4602104
2319255083,4604049,4604203
3043034331,4606850,4609908,4615257
618310750,4641258
2353539608,4617557
2315118410,4616977,4631691
2933604770,4614810,4623783,4628724,4635381
184597004,4621004
3310961260,4620389,4637627
2006543586,4606848,4614775
2090833673,4629415
3584116995,4612216
1936846489,4608332,4616976,4631459
3952210628,4608429
444488979,4604636
998354083,4634179
587447857,4602312,4632375
3619970780,4615659
4286771067,4629219
2274647270,4606844,4608337,4631470
881652569,4633608
775724246,4627527
1808313230,4602769,4604509,4613553,4629193,4638567
2340037922,4606843,4607182,4612610,4623434,4631469,4633463,4637175
3223473145,4607649
3412230038,4601587
3763807145,4601337,4606456
2035264707,4603696
3386000314,4631809,4634468,4637186
3083208356,4606841,4607456,4610533,4625609,4636439
3786767603,4610165
3713274149,4601212,4628167
2796474063,4606837
624814748,4605718
2443439808,4633638
510190050,4619004
1475606230,4606836,4636328
2347277693,4602670,4635176
2053534898,4622854
557705593,4618305
336590827,4600610,4615445,4617971,4619122,4628145,4635070
2895689497,4606835
2949488625,4600837,4602697,4610853,4623785,4624610
3759151123,4633173
32526370,4631654
2766089168,4604302
4106412861,4606831,4637145
2552971145,4602812,4624831
1224745298,4622702
651513368,4600955,4602164,4605566,4613398,4621926,4622993,4626031,4632119,4638025
3891701066,4606823
3426877785,4606819,4629375
4084968923,4604654
2359126770,4606816
3844421796,4606814
410279002,4638334
2922624166,4625919
927473589,4601382,4601888
3563851844,4610277,4637616
4101496436,4632694
1887082717,4617771
817718423,4609384
2869404254,4603242
1270276716,4622304,4638332
1984257787,4617821
3596482234,4611162,4633864
2425046961,4610266,4627618
194087486,4606811
3725534858,4630361
765842479,4601349,4605330,4618083,4619103,4623774,4624444,4625397,4629352,4632507,4637867,4639024
4196585706,4623178
3728047683,4606808
3879297131,4628548
1606248652,4606807,4612167,4623887
2998183598,4613022,4614572,4628823
474574166,4606805
2066595582,4604131
1912627903,4606086,4606207,4606322,4607878,4613763,4627118,4630029,4636807
250872514,4606798,4608586,4618530,4641277
728881203,4616874,4635260,4640223
351984753,4630515
2940735124,4628437
2684310917,4608654
2557792005,4624334,4625389,4628303
1702341717,4607232
2726095964,4638719
1341004061,4611282
1846371168,4606794
1360728260,4600312,4608906,4629001,4632220
3976475951,4600249
532275292,4606793
2170327641,4621351
3467801725,4619415
3172364829,4600798,4608553,4612980,4638306
338065355,4618373,4630457
2620912011,4606419,4607551,4628794
1635950911,4606747
1016274079,4606781,4612937
3557390488,4606780,4608094,4612936
2874263093,4607936
1480144523,4606773
2608670196,4627335
1937662232,4613027
1944554388,4609554
1614119123,4637181
45690727,4606760
259593147,4606759
1515788980,4619686,4624228,4629202
2550358173,4606757,4607093,4616269,4640671
1958153109,4604289
3587016455,4612351,4612477,4619020,4619542,4626699
1226550152,4606756,4607092,4616268,4623344
3821428649,4608040,4616941,4638700
3759270660,4605181
3464175896,4630414
744037372,4604837
1367134565,4606754
2507235499,4637851
2213418774,4630214
3735145098,4617031
209858738,4611746
2816022989,4604109
1219847421,4638345
18014860,4606750
1810792174,4604360
1415701903,4612667,4616123,4625922,4626532
3952297274,4606746
1295678815,4615528
3752568324,4606743
2597672645,4632522
1711387674,4625716,4640355
3571343982,4606787,4607794
3474361198,4606734
3789605587,4606733
1782281208,4636299
1656525078,4616863
2512281453,4617951
1211669895,4604004
3658452316,4616516,4624862
964853736,4600385,4604420,4610356,4612612,4613277,4631590,4639003
3686792102,4628992
4228417839,4619729,4620479
64192614,4606730,4608814
3799200064,4613182
381230745,4606723,4606983,4632940
755839214,4603652
3361465531,4629131,4636200
2770488871,4600064,4601226,4613416
3044477789,4604525,4616467,4639837
4018123409,4606722
2001145689,4632672
3694713007,4606721
3273026827,4616545
394651602,4609906
3593364859,4606719
888089108,4601463
3825947754,4604426,4627688
586583000,4606717
3213416072,4610437,4622094,4627259
2315029931,4606713
2303012934,4636407
2030104130,4600884,4613815
2940305260,4606163,4626469
499119035,4607136,4638845
3838874212,4635808
2800627488,4627372
222626823,4602698,4610854,4628948
189014704,4606711,4613000,4618080,4634297
1030867328,4602474
1706227719,4623194,4627594,4633941
3961068562,4606703
2711283266,4600630
3142480205,4606700,4609631,4612901,4616006,4624752,4632291
247366185,4639792
3804335889,4606014,4630548
3475261157,4602486,4629346
3445815192,4612102
1806659249,4610192,4620264
2473864417,4624114,4640946
2901872448,4623904
4232881500,4607276
823467841,4601381
2238520049,4606699,4613405,4629017
300689804,4611651
1428095614,4637043
1088271176,4617717,4631984
1285109094,4608546,4615835
2197882575,4603256
1331010288,4603995
3137938142,4606695,4631630,4639799
3656368574,4625581
2925620019,4606693,4634118
2794394511,4628680
3586683847,4620236
926183046,4606690,4614498
117314624,4601594,4609493,4626006
2476000713,4606689
2023292733,4606677,4633271
789467610,4638145
252162329,4617141
424174028,4606673,4609278,4616443
999363997,4601341,4608193,4618364
1661576747,4606671
1349898879,4618063
1563684300,4601979
3951397879,4634409
622435097,4631316
1009115909,4606670
343032165,4637588
807609770,4606665,4612100,4612942,4624542,4639044
4024349844,4606276,4616898,4628966
1836323377,4604807
805328847,4606664,4639043
1451550881,4608951
695085582,4622134
4245523168,4606648,4610574,4618306,4639266
1120532271,4619982,4630815
1296282249,4600814,4617041,4618360,4639737
3954205531,4606644,4620348
544779295,4608549
1640992137,4601185
2749464428,4603867,4619639,4624707,4631838
4152738250,4606642
3592345075,4609393
741876428,4619018,4622216,4626697,4638955
4064641413,4606638
3388127982,4622829
759773431,4607653
865804622,4611203,4624413,4635609,4640544
1773213569,4603624
3905911859,4606637,4606855,4607233
2524141601,4639300
720531240,4606635,4606853,4614276,4614377,4614478,4614579,4628714,4628830
1800808258,4611730
810857345,4607523,4610076
894883627,4636387
2930512762,4632755
3001311663,4603537
519749748,4606633,4614274,4614375,4614476,4628712
3658108033,4612328
564687254,4603925
2663492183,4606631,4614272,4614373,4614474,4628710
906344823,4606630,4609146,4614271,4614372,4614473,4640100
3643331748,4619880
58510533,4616327
1431716384,4624999
189919605,4604320
3113578662,4606627,4606784,4614268,4614369,4614470,4614571,4628822
2496392446,4638108
1272906171,4606624,4614265,4614366,4614467,4614568,4628819
3539469258,4607314
3880176939,4641300
2735307533,4615336,4621254
2533012836,4633072
1814942762,4606623,4614264,4614365,4614466,4614567,4628818
2311960024,4618200
1479166413,4600525
387220540,4634695
2739708832,4604642,4610451,4638373
1776375729,4608168
2957913460,4606621,4606770,4614262,4614363,4614464,4614565,4618166,4628816
1598420407,4623654
4289112966,4607661
2858946803,4606174
322738251,4615728,4626149
3695677103,4606614,4610799
2327165869,4602308
3045107358,4601952
1309014089,4606608,4619271,4628803
199978053,4608603
293587933,4606606
50352940,4624511
3281256801,4606978
829037983,4604340,4616065
3661337916,4604359
2948739836,4630229
4095409432,4606601,4638063
3281195413,4611144,4636951
3198798145,4606600
183077802,4604845
4139123912,4608444
931313917,4615658
3619428383,4619316,4634430
3402454054,4604664
2709252319,4608434
405369157,4601039,4614487,4619233,4619248,4622259,4632783,4633075,4634169,4638289
4042472538,4607076,4630390,4633028
4108026499,4606973
2340111334,4606599
3475871760,4606598,4627204,4637066
3065718906,4608762,4639761
4217316793,4619975
63506953,4602753,4630428
2689778427,4600125,4600198,4600992,4607548,4616246,4623668
2817180445,4606592,4611311
1444671314,4606591,4611779,4613538,4636259,4640547
2850469303,4609635
1799362184,4622339
4034915277,4600314,4601041,4632355
3655107222,4634713
3895021115,4620100
2127054516,4603487
3944635805,4607265,4611204,4624414,4635610,4637022
3258527723,4606574,4614322,4614423,4614524,4614625,4628760
140750431,4621912,4622790
591415139,4603276
2409433430,4606570,4607866,4618847,4631734,4634542,4634793,4636848
4209561525,4636196
1562767885,4601254
916468486,4632862
995239657,4624223
2119818350,4609656
2112206118,4616770
3859290513,4606560,4614307,4614408,4614509,4614610,4628745
3846147616,4606559,4614306,4614407,4614508,4614609,4628744,4640183
3518691971,4609834
1780876400,4606558
2443828164,4600914,4609335,4609861,4620339,4631594,4640619
1682964402,4609348
1385392995,4605752
3136360657,4606552,4620933,4625437,4627378,4633506
362808109,4625563,4630154
401460760,4621507
4268834654,4606551
1685521023,4624194
3625200031,4606545,4611692,4613806,4616159,4619458,4636682,4640549
1727865418,4625817,4628528
2930006583,4621993
1568677188,4615471
1869705619,4618958
1482999090,4605056,4608550
3445380458,4614906
3980960898,4607088,4607148,4621996,4625614
3990476188,4614707
3510330904,4634384
1517366272,4619059,4632130
1636898888,4609652,4610812,4619912
405363192,4608543
1976360374,4601881,4623572
1674237058,4606650,4618308,4622579
3820347151,4606527,4612178
2002582704,4606525,4606603
2151032531,4606523
333105689,4615567,4635520
288685309,4623508
579184541,4615662
2903924190,4610249
1778695452,4603032
1388426960,4606518
41680946,4606933
3933967789,4605289,4617629,4630268
2291758616,4630294
2728973333,4606508
3152852965,4612391
3578316002,4629335
317348968,4606864
2880099452,4606505
1883147886,4622961,4637115
2708380699,4606869
2268387279,4601184
4007422253,4610676,4611013,4612033
2191605483,4621039
2483544867,4602229
51157144,4613778
883256396,4606504
2645128205,4604317
590409066,4606501,4635669
1854570132,4613731,4618439,4637441
818386978,4607198,4634766
1097759503,4610925
3200728804,4604938
1694873661,4633153
1388918512,4606499,4621393
534656736,4609167
1281891597,4602360,4612768,4619285,4624830,4630874
1000742758,4635804
3357011449,4604472,4639834
2087928933,4602068
405858200,4603211,4612880
3606416001,4603785,4623432,4631296,4634928,4638509
1435287241,4606496,4609024,4609120,4625998,4626605,4631798,4634055,4637794
4158642516,4600763,4627147
2847083837,4606487,4637082
3562358777,4608461,4635836
1815635714,4638657
2477565577,4600010
4272007533,4608879,4616938,4631257
1547132744,4626168
2396848141,4613540,4640802
495950369,4601424
2877251385,4604195
1521165,4606479
157221182,4609808
2285699796,4635332
343166201,4614713
1182980553,4606477
3975657655,4606475,4618683
572664090,4613221
1965471093,4613775,4620056,4622297,4632371
1587824247,4600229,4626843,4637267
4197039124,4604619
2818093584,4606466
1997675704,4635742
3521150784,4610973
2875088310,4602678,4608057,4609160,4636022
3095148679,4610684,4622652
1333225575,4603456
1641186650,4606124,4606245,4606360,4623273,4638729
3731010300,4636359
1861024362,4607324,4613126
2818072942,4603391
3698185833,4603007,4621434
154301108,4628926,4638140
2507843797,4607222
1382454247,4626889
1177026851,4601163
2781433957,4606464
3036508237,4606229
945896156,4611439,4631932
1036265599,4606458
945946625,4605406,4632137
814327019,4612941,4637477
4123796315,4606056,4611965,4631755
2672637439,4606450,4638912
2671391925,4600252,4613339,4629435,4630386,4640125
3040459810,4624665,4629388
1972741404,4606448
1363264354,4612924,4613422,4616175,4617240,4619218,4621593,4636331,4640928
1863670203,4611052,4613163
1954965062,4606447
655239891,4611593,4637303
327809716,4605750
3029831641,4606826
536376702,4623867,4628621,4640718
1560993416,4602261
1301170021,4606446
2289488288,4620074,4641568
1792352961,4616522,4639361
3646468037,4601883,4607993
4264498981,4605564,4631580,4631710
911918359,4622817
3175194378,4606445
3829125050,4600418,4620338,4631980,4638454,4640157
4175353021,4602867
2442490127,4607396
3669922066,4606444,4622057
729785400,4622860,4622906,4638151
3240201789,4604304
232081910,4632556
60575237,4606443
2404749654,4639135
2384767545,4606439
3402078789,4635956,4636459,4638607
1247688548,4613063
3586726849,4606519
3090189753,4607086
1708350870,4606688
741178578,4618527,4619899
2479673495,4606436
1968918977,4612385
1196211281,4623788,4630190
110208088,4610350,4626890
57658781,4601192
102303493,4606435
956667320,4627978
2106062918,4600713
476251106,4606434
3641330437,4601812
3623225669,4608254
2875990808,4606430
2644605571,4626769
4091675444,4600332,4616455,4629054,4629546,4629984,4634859
1492278235,4606429,4624071
769533821,4633379
3341593859,4630648
3518475385,4626361,4632413,4633181,4640935
4227364490,4606427,4608575
2497291104,4634098
2593189797,4605514
1042083073,4604952
4122722503,4606416
4265138894,4606039
2302957511,4606414
442716571,4616949
3306069352,4604656
2591396967,4633826
1058998088,4610251,4624516
3932512800,4603821,4608917
3088609445,4606412,4627248,4632967
3609941647,4638052
2826267506,4606408
1889896003,4631775
3215015862,4623662
14303759,4605610
745253869,4606399
1735331643,4606398
947387304,4631698
3680744366,4631490
2000755624,4612830
3143335912,4600538
2519415979,4628198
799025830,4606309
1486847863,4628661
2149677821,4606303
2899550040,4622109,4635412
3609673561,4616352
426860114,4618250
94313587,4614896,4633266
3069667619,4602245
2755653816,4608615,4612623,4634890
2853348011,4641170
573021621,4601936,4616774
741251017,4618025,4637682
1801202889,4606291,4633727
3204054663,4624929,4639074
4087176443,4609854
179009384,4606132,4606253,4606368
3384170528,4603743,4630082
1607125828,4606287,4620953,4629023
2333495237,4638860
604052704,4606685,4620558
1931021688,4619511
3367830478,4609124
3366017660,4612656
1744637961,4604864,4611697,4624268
61884809,4606161,4626467
400397680,4602547
1924541402,4605279,4610928,4623191,4634287
4098921409,4621917
2333912265,4610901
854927595,4606286
1258017508,4606284,4612895
4000824555,4640695
2394154980,4636230
3037054263,4628125
3891784475,4600791,4613209,4615738,4619106,4621634,4626419,4631115,4640023
3598459255,4626844,4637268
4215590104,4606282,4614142,4629560
1391015881,4640853
2398479356,4600569
1339173655,4606237
3290020960,4606233
3026063113,4633835
2526844709,4606232,4610871
3998126778,4606231,4610870,4624079
2596710072,4623439
2237032110,4603683
263458266,4633524
2386833805,4602655,4611035,4624352
2266683981,4606230
1765488952,4616797
3535975817,4604143,4605606,4609590,4619302,4636870
563027686,4606228
4216474636,4627434
813292592,4601030
1776239940,4613218
3182409552,4606196,4606311
4015024787,4625208
2708781206,4603946
175965310,4606595,4634699
3872015815,4627265
2498753732,4620318,4627664
4101591474,4603601
2250044625,4606194,4613525
1675646569,4633897,4634481
106369512,4633750
1830205739,4603979
461502622,4606191
3848554465,4603986,4608283,4626751
1000473866,4606182,4611106,4640138
2850456706,4603681
1671049369,4615106
2397936227,4618562,4619897,4636521,4640956
28037526,4606178,4628585,4639565
1105066477,4613324
2538394478,4606175
324879552,4624715
1854449561,4616888
3140456476,4606407
1046311007,4605459
1837340210,4606173
3900561830,4602772,4637934
2897187358,4606171
2098185156,4626968,4639845
2631735755,4606170
3222564198,4605040
3775729242,4614814,4620763,4624354,4632510,4635103,4636786,4638915
3420680340,4606167
3920449334,4603981,4612137,4619341
349667433,4601043,4633812
1821184185,4606159,4614786,4624506,4641078
1096370034,4632663
2202895393,4606155,4606391
3259151898,4608452,4609291,4610098
55398100,4601741
1592966096,4600290
1282157358,4606148,4606269,4606384,4637692
611259249,4606146,4606267,4606382
1228169247,4612908
2895351069,4600058
352917015,4605556
716992584,4611417,4632257,4639468,4640209,4640233
1704784193,4600576
3244735552,4620383
559752167,4603772
2505500387,4606144,4606265,4606380
760794879,4606140,4606261,4606376,4619801,4638879
2384147715,4606137,4606258,4606373,4619386
4188622071,4615333
1840762839,4607046
905049794,4607347,4608927,4613648
732209316,4606130,4606251,4606366,4609892,4617750,4638204
2745328642,4604919
3218984348,4608592,4624442
3356933816,4629065
1317755735,4600405,4608445,4636818
3638848931,4628193,4638233
4250347757,4615956,4623840,4624447,4628187,4639027,4641062
73212598,4606128,4606249,4606364,4608368,4615914,4621020,4621104,4624321,4629337,4631108,4631813,4638759
1991931854,4609515,4629626
3617040518,4606126,4606247,4606362,4620968,4621018,4623706,4638757
1155362528,4611649
3099601874,4636353
2820649575,4633784,4634058
2277532252,4604193
3310732434,4626907
218186033,4606123,4606244,4606359,4623272,4627327,4638728
1017641790,4606121,4606242,4606357
3505118890,4615304
3999711927,4636597
2560820060,4633544
3010687541,4608711
1308950341,4606110,4606346
413409304,4612323,4612466,4618031,4623240,4627055
1344673308,4610041,4616012
2973186078,4604910
1202364892,4608163
1347167136,4613922
2924725067,4604658
1294807399,4623946
4036368184,4606106,4606227,4606342
2452474065,4639769
454134580,4626398
3188983228,4606101,4606222,4606337
1087303810,4613067
3090606676,4606099,4606220,4606335,4609328,4615004
3664435605,4606720
866844414,4611530
1459573362,4606089,4606210,4606325
363045101,4624382
2095959429,4624161
318811861,4616199
668408759,4612714
1254004292,4606088,4606209,4606324
2578461755,4606078,4606199,4606314
2426959955,4624513
4238285416,4607309,4614494
3438787443,4606073
470681974,4606092,4606213,4606328
1668096781,4630338
1017019492,4606070,4606661,4641041
3668210590,4604366,4607395,4611580,4613259,4616760,4631065,4634144
2407777107,4602469
3662020914,4606057,4610847,4623068,4628440,4631756
1090045386,4612307
322624389,4606724
2430629674,4605446,4620307
2101888493,4606053
2399258410,4606051,4610632,4631820
3251088071,4613084,4634370
3570043501,4609949,4618665
1334258955,4609802
2605766099,4619286,4619985,4620159,4625031
3710079796,4601858
1137068229,4609388
950512093,4624379
4243856830,4607115,4640291
3880094425,4634806
3136307351,4622703
3211529576,4606961
671360314,4606562
291528458,4606049,4628443
4272931378,4638074
692584921,4607967
1763337933,4606048
2562945813,4615241
1412778705,4612227
264234625,4607022,4608630,4624836
3715908226,4636451
2795471079,4619435
3538640945,4603571,4607625,4635518,4640753
3250404809,4615226
2525604078,4633728
4044913004,4606045
2410320642,4638489
1965185089,4601711,4622232
66756149,4605950,4608056
3308192778,4607058,4621902
3278255127,4619259,4630490
2199709864,4607038
822976297,4605300
2642901606,4621436
2631740428,4606100,4606221,4606336
3762144001,4606042
1155070533,4607212
1312430724,4612605
2410502651,4605947
3668794983,4610987
2054358874,4606038
3485175390,4606555,4614822,4625440
3995735998,4627973
696064879,4606036
552154045,4606035,4620343
2904396172,4606033
4274085070,4627977
2043418207,4606023
4140952252,4622422
1116607335,4610333
1023975764,4609632,4612969,4616007,4623310,4628999,4638301
1037953467,4602444
2144710279,4610264,4627616
2807797799,4633043
2300890012,4620244,4630538,4632419
70403168,4606008,4631513
447972953,4625241
3702613605,4619254
1100233224,4606002
396273581,4609149
3437896846,4634694
1726559081,4606000
1489515441,4600496
805439570,4630812
579464291,4601308,4634817
987258760,4605984
4170490806,4617528
3417522763,4605982,4638810
4118071136,4602087
1285651673,4610914,4640849
2466576313,4605980,4638808
442690471,4616085
2638496991,4603112
163787122,4619736
1081035361,4610614
1981001776,4605974,4620485
1345115412,4609536
793734565,4601191
1767606375,4605972,4625755
1465905792,4617777
3666046576,4606593
1027381962,4618225
616758623,4605964
132506679,4606581
816141690,4607707
42390283,4620623,4629206,4634690,4635299
3884972989,4608466,4611881,4612527,4613936,4618900,4618918,4621410,4631072,4631246,4638075
4251157352,4605962
2705598183,4619485
2969814641,4605581,4614209
2197893955,4620551
1129121152,4604132
3989648779,4605959
4077650128,4614712,4625187
3655017782,4600308
42862074,4605955
1144960458,4622806
3759659282,4605949
2195970347,4600158,4620522
439885002,4605948
2572525927,4622708
704700217,4605945
2530529838,4628087
725119287,4601256,4612264,4615261,4623522
716889847,4613950,4629979
3149063037,4603898,4604078,4607422,4613835,4618875,4627158
4137008882,4605942,4634740
2183025046,4600435
2902708192,4627517,4629615
3101089130,4605941
322630643,4605940
2457376063,4609951
2522952069,4604650,4638623
3986137589,4605939
2556549957,4635586
2491819,4609404
3910281106,4636352
1652559959,4605936
3239934010,4632770
1212071409,4605935
545208488,4605934
2847038028,4604862,4613812,4616341,4619482,4626319
2496022598,4605931,4618554,4625724,4629454,4630951
1981964997,4601835
557217480,4614492,4615627,4626690
3681691809,4605929,4610244,4633320
2152821065,4605925,4608011,4609749,4613363,4617849,4620445,4622841,4623772,4625395,4632884,4636380,4639022
349343582,4606605
2146747685,4619433
561088899,4606236,4608475
159017000,4633954
3888547774,4624231
4235212934,4601760,4602640
3042233247,4617955
1906879131,4605924,4636379
663876799,4626167
3666233681,4601949,4614189
2947957871,4607154,4609093,4610319,4610982,4612290,4614348,4614449,4614550,4614651,4618690,4630399
3456720411,4630183,4634897
2556445392,4617072,4639091
3333754307,4633986
183190354,4609775
1256647208,4605918
174985320,4605800,4629125
2387008083,4628110
3538795362,4605912
3851558804,4638107
3133565881,4637684
2359098426,4635081,4639867
2686064364,4606003
2244656921,4607103,4610541,4629658
3530789808,4615222
661744231,4636237
646571201,4621497
1019802022,4605911
948247779,4621658
1237461161,4615053,4629066,4641117
1106613065,4612876,4625030
1021746965,4605905,4611220,4620052,4626199
944076040,4618103,4626273
4129743698,4608964
60548163,4605497,4608605,4618406,4639096
575529668,4605900,4622025
2685629488,4605899,4641034
1063999027,4624697
3285973544,4609355
3867931678,4600730,4621256
422357956,4637969
3050069582,4605898,4615419,4641033
2302767902,4626600,4636095
123457888,4607906
3927560298,4605896
3545595462,4605895,4641346
1638310826,4600777
2989199119,4611883,4613938
4201815404,4608805,4639856,4640503
1995456571,4601001,4626934,4640506
1698208734,4624716
4244217451,4606478
1326084844,4605894
3704676627,4604168,4609175,4612843,4614834,4624347,4633126
614496190,4602459
2095101031,4607454,4623063
3699797674,4622845
2039816758,4610209
1821591107,4602899,4603818,4604353,4613166,4617049,4631500,4636680
35982646,4606687
1236850908,4605886,4610530,4630943,4639596
1144024630,4636393
1176376616,4605882,4637649
1909504693,4605881
3454008088,4633618
1363318856,4610417
323986717,4604855,4617544
4256715718,4640532
3700354140,4605880
409148986,4600899,4637179
101290779,4605878
116614079,4615286
242226448,4605873
2495824712,4607850,4621444,4626304
1499059509,4610440,4627262
2369528525,4608088
3860321143,4612990
431449215,4605869
1023002967,4612591
2161803161,4605867,4637134
1608178810,4613112,4619995,4622239,4624391,4630882,4637077,4641044
2950682997,4627685,4629101
677505933,4605937
1893336944,4624867
1820789287,4603879
3993387164,4605756
2197157582,4605862,4635246
3271817473,4600552
791123541,4600608,4617969
3998624932,4604187,4626333
221749161,4605860
3259270467,4640663
4180710577,4601853,4601872,4602499,4611494,4626058,4638881
205659604,4600927,4614075
870339215,4630926
661002835,4605856,4607872
960276817,4630485
3118267438,4603610
3057163846,4606715,4607860,4607940,4617409,4622197,4631941
995526087,4607330,4628435
311685340,4611768
3464255219,4603918
148116954,4605854,4615444,4619121
2325858814,4605299
3163990091,4605853
3978286474,4639062
629212998,4632555
1771665006,4601501,4611423
225713268,4601280,4601636
119013435,4602501,4628216
3360641285,4605850,4617610
893502605,4616782,4636639
861600158,4635334
4158802445,4601365
3028180257,4610201
876577872,4603574
1501372387,4603268
3878530004,4611263,4632867
2987333086,4615780
1095024792,4602413,4606943,4638924
4083430240,4619766
103313018,4603882
1613959493,4612423,4636687
1866448999,4605845
3634193611,4628210
464599078,4614726
427952353,4609659
4096057170,4606572
856091303,4614740
2316963283,4602209,4606842,4608406,4610534,4620249,4625610
2112702346,4639358
3104812772,4601293
3076755525,4605969,4640306
1024683982,4603092,4605095,4615666,4625319,4630302,4638839
1092396843,4605841,4612590
231314026,4621674
1427360262,4607080,4610516,4615317,4624069,4627860
2785356154,4636724
2996801328,4633303
1434725031,4605839
2402688605,4634002
2678529147,4604418,4608336,4639001
1904058779,4605831,4617878,4622750,4633060
2356536638,4605829,4617309,4619907,4629781,4637643,4637808
980247925,4639826
3904425127,4605823,4633050
2312796867,4608122,4618941
255256848,4606616,4609577,4613239
1801395630,4605820,4613093,4616235,4619309,4641503
1265962749,4605814,4610824,4641071
476122757,4640601
2010836166,4606411
1008344699,4605812
1164770383,4600826
1715962844,4605809
3879099636,4607591,4613556,4616547
906500938,4618153
3449963672,4600948,4640682
1401876681,4604954,4625658,4637408,4640092
3139756517,4605807
1881956714,4600637
9733397,4605805,4624604
3105300418,4610860
4006600177,4622894
1582001417,4608100,4631948
968628529,4600081,4613249
192077997,4605804
16083295,4617131,4624565
2976545468,4623105
2531255613,4604836,4623082
402633806,4608073,4631413
2617527031,4604802
1211597258,4601545,4606047,4615499,4626821,4627846,4630430,4637443
1047940009,4602672
705394706,4605795,4640624
1170938005,4605779
2268308112,4605792,4609587
406616002,4604434,4608715,4613188,4618635
2509752262,4616967,4626186,4636612
1121898175,4603828
3920788612,4639543
2308769901,4605787
1080698792,4607556,4610825,4620967,4622495,4625476,4636716,4641072
2494512613,4624467
3456354130,4605602,4605825,4627768,4633052,4638985
2301172207,4608081
428897456,4601909
3297503145,4605920
799237730,4601639
2667192025,4605781
3215300149,4636568
1236094112,4618652
1714738916,4607072
3191476328,4606607,4619270,4629311,4636082
2830255346,4606972
1771447236,4606996,4627528
2534779230,4606995
4116760485,4606449,4614121,4638911
1369336373,4635494
3817671924,4602787
1485191458,4604878,4607458,4620272,4638665
2444629349,4605768
2265775769,4603200
2699904446,4605767
2987196504,4605765,4641096
4176742474,4612911,4626632
396392408,4612048
4056052804,4600949,4616468,4639838
1675612939,4605758
3606232969,4606118,4606239,4606354
3458677640,4607349
3877273249,4603373,4625305,4639339
4267258769,4635191
4011863242,4618726
274180179,4600733,4611044
3989103697,4604125
3426364303,4605753,4613640,4614967,4618681,4622252,4625108
1186910779,4605745
1580086696,4641462
2732568334,4603431,4637024
2788245639,4610199
3006505818,4605743
1331682835,4605741,4612764,4614874,4637977
2860771920,4633639
1317469033,4617663
2302430133,4606461,4615783,4629111,4629957,4631043,4638014
901269271,4629120,4629966
4065566102,4605740,4612763,4614873,4637976
1691706691,4605738
3659233438,4638189
51215489,4637539
4021045911,4633183
3642080199,4611083
649554419,4606946
2707394602,4623146
1266599677,4605732,4606580,4607522,4635909
3263734200,4609225,4615163,4616436,4624562,4641073
1378313995,4640545
2941547557,4625099
3453778763,4617593
2762402935,4605728,4622662
2059858901,4601659,4604155
4186294763,4603705
344404533,4605726,4629524,4638491
2737637405,4615954,4623838,4626403,4628064,4634800
3907501319,4605822,4633049
189106006,4609381
183803245,4636721
140830138,4605725,4638490
4264095182,4613935,4618917,4631071,4631245
3844238476,4628434
1730506812,4605379
4025954798,4601675,4637820
1755562319,4605724
2612723001,4610951
3097353072,4616433
754032671,4608678,4625473
3590355593,4607302
2569756906,4605721,4636039
3416286723,4633170
344493941,4605719
698313595,4634767
2211784762,4608937,4610677,4611014,4612034
1038627187,4605710
3706580095,4617096
2855167376,4605707
3059181298,4605702
3961083357,4605700
2271293831,4624946
3242110581,4601769,4627013
4163390127,4629692,4636143
1123254972,4606761
1536038561,4632621
1285837868,4629306
2672652810,4602971,4605769,4609742,4612150,4630663
260243908,4607612
4008191561,4603883
3617408949,4605699,4613695
1610052445,4621079
2095435103,4606942
1188911240,4612643
1658686727,4604925,4607390,4612795
2535482125,4616155
1528608825,4617373,4628046
3950867338,4613115,4631033,4632025,4633343,4641364
612249176,4605694,4624741
929237970,4601521
4205918091,4602728,4603754,4623385
3066346387,4608316
491841088,4605688
2968383944,4605685
367865121,4603417
1444610194,4602940
614242129,4605681,4606012,4630546,4635552
1668013240,4605678
2010948342,4635897
1386308129,4633568,4636855
1466545169,4601343,4616960,4623238,4624648
3911280340,4601764,4625352
1508669615,4605676
1902015375,4607280
4250308058,4616991
13483697,4605669
1704621708,4612340
562531092,4636525
3624602848,4600679
2661624671,4619992,4641523
471847838,4601860,4611456,4631438
4117335456,4606468
1247006400,4624155
884936757,4611740,4618597,4631227
1620064216,4634876
419928977,4625443
1552094185,4611999,4612009,4625121
2965963411,4604593,4640656
2778615066,4605661
364776304,4624397
1918108821,4604122
1209682622,4605657
781673421,4612131,4634378
1011305195,4602169,4604394,4609079,4609163,4613625,4613785,4613898,4616410,4627242,4628905,4633930,4638007
1401766406,4605160,4616810
3355043762,4639526
101740394,4615999
1055069584,4605656
1137740155,4609011
3257823918,4613982
4121209922,4605843
3403345584,4605655
908043518,4620752
1739808449,4605652,4616557,4623482,4623695
1871002580,4605651,4608135,4620906,4623694,4635017,4637980
2311043927,4604279,4638498
514477293,4605647,4639609
3274553395,4625140
678525113,4623262
3030704801,4622963
1256437537,4605643,4618801,4628516
1860591267,4608851,4617996,4626706,4628175
212912479,4619184,4620865
366211516,4608536
3478570880,4622733
4006798060,4605637,4609992,4618998,4622646,4627889,4635063
1397974780,4615847,4617974
3211666205,4605636
4153712739,4639107
2414626331,4617116
868577520,4615740
3949364393,4624165
3511043845,4600982,4622147
4220061535,4605635
3986537716,4602575,4616986,4621648
590350696,4611249
751219132,4630518
1952511636,4605633
4132316193,4602643
4003027866,4605632
1066146674,4600174
2418912308,4602015,4609235,4636656
4169865003,4628170
230252056,4605631
2836595609,4600885
1919295936,4600880,4607494,4615466,4621632,4623373,4623973,4626724,4632022,4633340,4635689,4638366,4639051,4639479
564956900,4620239
3312458312,4605629
1015340301,4605390
2024487331,4602007,4613012
1686231630,4601927,4641069
3103904817,4636501
2292250580,4605622,4619099,4631636
896006768,4600233
852185000,4610191
728479334,4619521
2791445640,4605612
943209704,4605608
290021360,4628371
374218818,4610665
3394905172,4607075
3560900914,4636151
3202071613,4605603,4605826,4608484,4633053,4638986
3862131914,4600712
1551697892,4628099
2463571278,4605596
2747079126,4624739
217812176,4620738
2727688508,4602435
3871612094,4633095,4633199
400562887,4604963,4622449
814624034,4617796,4625731,4632212
3800727772,4615964
3274557952,4605593
2001255633,4623059,4637015
3667048591,4603362
3469310578,4605591,4609608,4618605,4621568,4631990,4632251,4634191
4251253623,4605965
2527365962,4605590,4608648,4609607
998068282,4605585,4614213
1391990203,4603195
3640864702,4605582,4614210
458307388,4634791
3116879414,4606102,4606223,4606338
2417374474,4601801,4628284,4632378,4638409
296750654,4616854
2540645890,4620985
2028466118,4620624
3605329690,4605333,4614744,4623300
4180156074,4606406,4610998
2573156677,4606992
3936234828,4600458
3221415233,4602783
2412247265,4638655
1015248391,4612093,4630974
1738307563,4605573,4627764
3283107861,4604312,4605403
536943733,4614914,4616091
205254433,4609087
3011004850,4605568
3312134539,4603535
2221259546,4626523
1084825316,4605567,4625865
2105717893,4637474
877293954,4625748
313037257,4605432
3736443215,4638113
228747283,4605565
2143857469,4635044
230461235,4630772
3856378216,4616254
3471454235,4627647
472003374,4604405
1977355286,4602170,4609080,4633931,4638008
3597011946,4605558,4608342,4620646
747349879,4616424,4625224
2443122267,4605555
3007450984,4605553
678227632,4605546
877636356,4632668
2000697746,4606774,4609971,4610154,4619440,4631622,4635693,4641183
281902051,4605544,4621378
1715511593,4605542
2419099129,4615493
1444631415,4629777
2897899085,4611443,4611728
1083196868,4605541,4605742
1809840818,4603500,4618243,4635634,4640950
1171727927,4604255,4609246
1910440441,4633589
2873902129,4605533
1725977686,4605530,4634589
3902504739,4611181,4635384,4640596
650412973,4605527,4606619,4606768,4614260,4614361,4614462,4614563,4616403,4618164,4628814
3950044487,4629971,4636972
3469522342,4601422
2893204372,4609042
1005623841,4634506
2662544434,4603279
3929297555,4605445,4609533,4620306,4620575,4625551,4633877,4635116
2816545222,4604706,4621572
662026396,4605520,4606858,4625255,4629938,4630205
3727415202,4621933
615709636,4605519,4625254,4629937,4630204
3999724471,4603634,4641525
3518932300,4605512,4622357,4625129
2702040075,4612824,4632235
2071739916,4623530,4635656,4637116
3999023330,4605505
4127790829,4623976
923169742,4610997
45062023,4606543
3599305725,4605504
2116789714,4622112
1584653550,4605499
1030512408,4637861
2184228462,4612363
2300202909,4639108
3828435634,4607377
2653571985,4603149,4611230
830939467,4605493,4620541,4636150
709725815,4611452
2249784339,4603035,4610039
3655115521,4610959,4623919
189543241,4610818
141220998,4605490,4608732,4609603,4611166,4612507,4613626,4616316,4619362,4619411,4621823,4624238,4624613,4626484,4627243,4628906,4630795,4631852,4632796,4633212,4634433,4636944
2950679980,4627286
1210847779,4605489,4612609,4615978,4616315,4617296,4619410,4621822,4624612,4625700,4637174
1002800344,4619655
462100419,4614785
693273900,4617893
664573728,4613329,4627217,4639553
361435723,4612834,4619210,4621536,4637929
1696892165,4634604
1656516475,4610816
3690121754,4637074
3351120260,4605486,4621819,4633579
3396770826,4603290,4605772,4622807
2345974206,4604408
3582471365,4605485,4614184,4621818,4623997,4636337
1887376778,4601607,4630649,4633548
880331375,4605484,4612442,4614183,4615027,4615256,4621817,4623996
2292880041,4614032
751970499,4634537
3430858955,4605477,4618355
685995935,4629634
1751811283,4619825
1946103218,4606290,4621509,4622053
3521033256,4605468
1170167315,4605467
4030188887,4611176
1798416193,4608568
3957777538,4601563
2653462732,4607350
67566948,4600545,4600818
3897736490,4639320
2725427045,4605463
63203183,4615036
2775600834,4626914
1431604697,4603115
453972942,4605460
2309361950,4634830
3896023699,4603348,4606006,4614963,4619073,4619257,4639076
1352278078,4607405
3083762891,4612345
2609978585,4602757
3324191109,4601857,4635075
1119388762,4629211
4271572886,4607204
137400803,4605455,4610769,4620194,4626122,4628278
1423506183,4605452,4607393,4616758
955817271,4640360
743266266,4627473,4639111
2510332770,4605451,4607392,4616757
1294020951,4600220
1043825054,4604344
2274434938,4603844,4603888,4604860,4613592,4613956,4623535,4630057,4640129
4131727538,4605392,4607432
1407680030,4605450,4616756
1444628982,4621613
1071423878,4608690
1120586603,4606833
173423180,4601725,4632439
3743482837,4611990
4215309913,4637533,4641467
3007099536,4626798
2127192381,4605448,4620309,4629133
4090885631,4613842,4619091,4619453,4619463,4619781,4621371,4622174,4624035,4627164,4632945
297759683,4606540
3929289914,4612788,4620442
1075601500,4623132
3722472291,4605434,4606902,4607949
1812327567,4609593
2163596070,4605430
3069794623,4619173
3084299011,4615642
3206609063,4605427,4614944
1186031349,4628569
800122047,4604688
2345625160,4618040,4622327
1246994920,4605025
807542824,4606891,4614179,4614982,4615764,4620015,4628464,4631977,4637394,4639983
916994376,4607306,4623540
1316190573,4624544
4294450626,4620697,4626838,4634231,4637277
3139628741,4600561,4602207,4604025,4608404,4620757,4626112
3882361418,4601285
2873584848,4624974
3825833924,4606277,4633660
814960698,4600239,4618202
937475494,4605414,4623498
2224601888,4603238
3847756060,4616117
1003018671,4605407,4632138,4640627
2789209105,4625267
2901720980,4605405,4635790
1761429763,4605395
419044677,4605394,4607434
1614759662,4605391,4613979,4616421,4616856,4624178
4108387036,4608023,4637738
1249531014,4603343,4635405
757183996,4607385,4637500
3103230213,4614053
1610101193,4605389
2495988288,4614226
2900433639,4605386,4607986,4612625,4616140,4633533,4634892,4635617,4636907
1120345455,4621325
4284436550,4611472
2576724882,4602450,4612448
2496976465,4605385,4629482,4630180
1517149880,4605383,4612960,4613370,4615016,4629480,4633655,4634451
408930591,4605381,4614202,4628135
2889069078,4633137,4634182,4635747
3029998238,4621103
1475354154,4611837
2311921908,4619971
942105903,4616451
2301300787,4605378,4638135
3053684416,4638185
2458130130,4636312
4238260870,4616755
3932912039,4618175
915202108,4608743
905635384,4604287,4619821,4623812,4625314,4625788,4635008,4637553
1619385002,4605377,4634933
3865440463,4608567
1106801073,4602857
3294240290,4605375
1178773689,4634193
1151899424,4613629,4636458,4640455
217203558,4605241,4630402
3825259159,4605626
3299748493,4637887
924629241,4634596
264859606,4605374
275542093,4632860
1022723811,4604431,4615115,4620378
1047722896,4605373
1807885153,4605370
1969696703,4602539
2573868004,4635036
4181591976,4621985,4630670
1234886682,4606575,4616655
1003870871,4605364
3127164401,4630692
1989007132,4609824
47193613,4609382,4615805
500557482,4600395,4605018,4610673,4618331,4627743
435161418,4605363,4612660
2141868080,4605362
2743192629,4637351
824112938,4604138,4637244
879483662,4604275
2620435365,4605966,4632723
4219739519,4605360
1654751443,4628179
4043449271,4611251,4611432,4617839
2969285502,4605357,4616573
3672356365,4614282,4614383,4614484,4614585
1040022843,4601830
1720031757,4613321,4613832,4622144,4633483,4640690
323563649,4615203,4622421
1170810214,4601820,4609534,4635117
1511221802,4632467
2141776925,4624655
1043223836,4619970,4632207
2881012090,4614905
3304751099,4602204,4616882
3254345779,4605847
3254337000,4624838
2181269458,4601527
4065747162,4603520,4604784,4624316,4635050,4635679
1519635577,4605354,4607196,4608768,4610256,4614632,4618133,4621533,4622414,4628032,4628767
3429024096,4605352,4626382,4633110,4633220,4633946
1757322374,4602042,4612499,4619325,4622373,4628024
2644899142,4605349
2003508557,4603246
2037737884,4606097,4606218,4606333
3804367199,4605345
1286624093,4618535,4633998
3355376724,4605337,4621761
3486614932,4603429,4603565,4610038,4617377,4625523,4630121,4631720,4635014
2643740257,4613333,4634301
2773124711,4638727
2698056788,4609508
611947605,4602814
1520477781,4609229
910410136,4606067
4246771762,4638712
546944123,4621443
3396464874,4600092
737995716,4600348
3200229264,4601783
3752707575,4615165,4629096,4634374,4635867
690815838,4602493
802864807,4605328
930129354,4636630
1437782934,4605326,4613529,4632526
2850535083,4617487
630386473,4600848,4606657,4609441,4616916,4619721,4620833,4636840
920363006,4602247,4604927,4607924,4614902,4615881,4616076,4622453,4622984,4635764
2493608765,4605325,4605821,4605891,4607447,4612434,4613094,4613528,4632525,4633048,4641504
567339618,4605322,4615784,4629112,4629958,4638015
1184379463,4605312
229974364,4616602,4619818,4622344,4625311,4625970,4627114,4630470,4631338,4633979,4634781,4635730,4637523,4638743
1410212233,4630062
4213236648,4620042,4633616
1985141485,4606641
3851307998,4610737
597332589,4600305
3198169950,4606612,4621627,4629738
176750975,4605308,4623581
1026285473,4641228
2237118984,4613295
1184673532,4635082
3986849286,4605305
1927586881,4640146,4640385
431268953,4605296,4608472,4609165,4610536,4613787
1775100661,4625762
1428281199,4620121
2826771659,4611272,4637331
4247747927,4605295
3082328225,4625045
1889959520,4600748
2801916573,4639615
3948123263,4601608
101650080,4627081
2998464394,4619432
960057823,4605413
1968187512,4638658
3089294410,4613621,4622428
151872953,4607705,4632452
1358962448,4605292,4614752,4624169,4627194,4639644
2199503314,4625202
969793525,4605290,4613588,4623150,4627192,4629399,4630269,4633612,4636239
891800804,4600830
2253181633,4606577
3312747750,4614876
2067716199,4607513,4610961,4617474,4623606,4630921
1828497730,4605287
2895094198,4641054
3730973849,4615544
354207983,4613684,4639386
93526905,4612629
894688606,4608577
3210530173,4605284,4621421
340189090,4633099
2775203235,4631790
1374912585,4609465
2591873494,4638136
818249155,4605283,4607696
3375859303,4605282,4613073
3121801062,4605883
900715178,4612083
2020197577,4625025
2533483180,4600519
2277263203,4604534
3799066678,4605278,4610927,4634286
470151779,4605276
984521859,4624698
756952126,4607345,4608925
1901070246,4639783
2993425538,4605316
3933421412,4605274,4607425,4623236,4630434
927460612,4635537
2219817013,4630417
3079587757,4610830,4637614
1727696364,4605270,4611188,4618994,4620740,4620991,4626500,4626740
1032074366,4613726,4626853,4637415,4637802
2714269371,4612979,4637510
1585575958,4605267
1921940467,4605266
3050197647,4608793
1012727234,4605264,4615063
590867209,4613003,4619643,4639546
4261940235,4624101,4638820,4639438
507746858,4605261
3344527673,4629033
4079956722,4608183
1827442766,4605260,4614975
387057943,4631235
2530364157,4611699
3171897890,4618352,4620609,4626719,4631634
2686566666,4605259,4614974,4626829
2286757509,4603190
2425423573,4602927
3472711719,4607211
3240271802,4625081
227756705,4624149
3214991991,4604228
703875675,4604939
309032295,4635948
724644732,4601401,4616183,4618466,4618895
3672713027,4605258,4614973,4626828
3598556052,4628183
1785867590,4601626
625627280,4605257,4614622
74852618,4628459
4200862381,4613179
3977201632,4605256,4614621
2535661095,4600612,4615846,4617973
645487312,4612332
1954446019,4603606
821149263,4606460,4615782,4629110,4629956,4631042
1772816330,4624507
2520100916,4605253,4621843,4639056
183206651,4637761
418568635,4615748
4263465871,4607055,4628561
16385628,4641553
1405643685,4610600,4610690
3136542149,4617942
2720981146,4605245
1558092351,4639587
1316146815,4634776
1036140119,4629661
1525714648,4616816
3525474359,4605244,4626097
771814609,4605240,4609857
3246981260,4605239
1290400440,4612770
1197227749,4605238
128420508,4600930
465184623,4605236
1281562855,4615242
1519921740,4605235,4605301
2838325808,4605233
3635575785,4616414
1139096206,4638651
3168990450,4606728,4608812,4626862
995466761,4612582
644708391,4605232
726506800,4632232,4634727,4635487
2329370259,4605230
4097238880,4635575
2285784834,4606062
1515050180,4634635
2439036273,4605220
3623441196,4604533
2728875351,4604708
1040903384,4604421,4606193,4612613
1286912206,4610171,4639912
1936400002,4605212
3361225458,4605211
4116446513,4613876,4621747
4093650788,4629633
1436801801,4614837
3461732664,4606735
3600012973,4605208,4610366,4610426,4610750,4630878
800181785,4623712
3925028738,4617378,4630122
1499272713,4601641,4632705
4057342703,4602132
204724472,4640673
106922721,4625454
3349939289,4605202,4606655,4607041,4613743,4617745,4617924,4622374,4623415,4628025
358037757,4603768,4608849,4621644,4628553
3533650068,4605199
3871559659,4605198
718765963,4605196,4610057
3306234602,4624743
4080804925,4605194,4608029,4610055
2104791823,4605193,4610054,4625271,4627520
3889968956,4608943
2945234897,4600195,4603951,4623657
348282447,4631289
2971442164,4600117
3076394750,4638919
3909676984,4605695
3178259787,4605187,4609614
1468032446,4615227
3048522984,4604942,4629191
143839268,4604618
3535583993,4624856
1931023212,4605185,4618647
9854757,4638795
3314694993,4626347,4629664
2595596239,4611975
3357171889,4616504
2604385814,4626288
588095863,4603388,4605672
451198283,4621716
1221653886,4607932
1561066852,4605182
2267702941,4610195,4626687
2839134468,4606915,4611757
3886476657,4637812
562040067,4618253
1479956948,4601914
1776885430,4605179,4633762
1054109489,4605178,4633761
776697413,4602269
1173747332,4634978
3589267991,4605086,4640918
2657960750,4622561
475050356,4607362,4613401,4622780,4623165
3167162941,4612881
135437245,4605757
2014940997,4605173
2369971621,4609657,4624409
1401392250,4601101
142879421,4600360
4200842002,4602516
2389121681,4605169,4625156,4626477,4631584
1163226153,4605168,4632246,4638646
4104842723,4638134
811575137,4613478
365626651,4615040
2050244453,4605162,4629011,4639391
758321257,4602193,4619462,4621370,4623212,4627163,4629671,4630139,4637521
4155838387,4618550
1804378775,4604531,4626100
1556364027,4605152
4263929551,4600989
1756393466,4609425
4260288149,4620973
710390620,4605149
460444563,4639939
3355844442,4606104,4606225,4606340
2464140924,4629274
1833637235,4605147
3422026710,4627187
934807055,4605146
2286746946,4638514
2055165361,4636707
1850560909,4618490,4621441,4634101,4634363
259244383,4605145
3183585944,4616331
167779071,4616613,4632536
1549887867,4605141
634728343,4605139,4640205
2371129184,4614342,4614544
2904939980,4608940
244330421,4605138,4638088,4640204
2014335674,4630735
4026305169,4605136,4617436,4623640
505080003,4603596
1955129757,4607027,4612408,4626560,4628206
621205421,4618557,4622754,4627832,4630126
4145977441,4605150
3371047080,4601264,4601414,4610082,4641572
2916241935,4600251,4600298,4600974,4607839
426275717,4628490
2753947104,4606852
275621825,4615452
47126280,4600710
3314268909,4604020,4640567
4003040779,4631493
3419702068,4605135,4617435
1196936379,4605129,4617824
867710363,4617319,4617380,4638201,4638831
781069790,4605128
3096456565,4614165
3338632791,4614163
1628846538,4625632
3228623957,4600019
1996625355,4613749,4617284,4619017,4633886,4634511,4635822
3955653909,4603978
4004946883,4600931,4635364
184686533,4605127
2888750962,4612208
3289241803,4600506
1762973759,4605123
987766924,4615628,4626691
2222683164,4605122
4164473048,4605121
4063192789,4600465,4616210,4619353,4633502
2386928978,4602524
1988315478,4615673
3837513699,4625361,4627059
3600505827,4615274,4617245,4626938,4641578
1959383375,4606879
4075272492,4631528
4151086208,4622235,4629946,4636023,4641211
1374344567,4622188
162919565,4601290
3942986865,4602717,4605255,4606563,4614095
2514210982,4628360,4638402
4161873455,4605120
1538878234,4605119
612283830,4621095
3119176990,4609085,4625280
3406737159,4605116,4623622
1944246192,4620866,4631825
3685261375,4617092
1971760467,4605112
359174347,4607908
104035990,4612440
2059329703,4606744
2196992804,4605110
4249782733,4610903,4639255
6940639,4606521
1225751345,4635291
836807437,4605107
1635506625,4605106
933792493,4608558
2525142013,4603603
1878359463,4602449,4606967,4612447,4615189,4616407,4617909,4637027
3655383354,4622580
1085612129,4601929,4613108,4636056
3385939245,4605102
3034495102,4601078,4614033,4615890,4623906,4629642,4633029,4636930
3211685232,4605101
1735086809,4622418
632624736,4604576
2473756200,4605099,4606533,4608619,4635706,4637464
1381364309,4634403
1892001061,4605092
4172376918,4632873
2516047816,4605091,4614875,4626962,4635043
2600209423,4616039
3988646874,4601811,4603182,4636043,4640758
1903615382,4608216,4610298
2286609076,4605089
2255098663,4618180
3714615564,4605088
84511496,4627605
3725730092,4615260
1141827237,4611725,4611792,4612094,4613089,4622480,4626787,4630975
2568153726,4627240
1809039320,4605117
3209993659,4605713
3805787374,4617672,4624679,4627607
4111459636,4611028
2479686555,4635523
904880343,4605080,4627542
2921974842,4605077
643742080,4627792
2631871916,4610904
1514208573,4604178
1555998698,4605070,4621709
2291874062,4605069,4625835
1307976783,4638547
2531643077,4608471
205327195,4605068
3919770016,4624335
2759804731,4616079
793773415,4640300
1449891236,4612342
3018522768,4607251
3901452744,4600328,4605615,4606279,4615593,4616818,4629150,4633662
2657847876,4600915,4603351,4623286
2337369730,4618817,4641263
868337539,4601630,4608425,4610482
4025773625,4611450
1095424343,4603685
1087648212,4631555,4634845
915395746,4605064
753402943,4627555
2215903016,4607056,4628562,4630561
1379817629,4605062
1918917806,4628420
3397593872,4601100
3122473406,4615287
525363627,4604413,4609712,4629691
3275951079,4605059,4609881,4628594,4639528
1536389569,4605535,4629053
3200948111,4600088,4625194
87774243,4638124
21424383,4605054,4613444,4613975,4624869,4638270,4639988
367683035,4629021
211529411,4610815
3134160228,4605003,4633465
120805796,4632761
3024357964,4605487,4621820,4633580,4633664
3997519967,4627031,4632102,4641308
1630398702,4605049
1984044866,4617884
1416084921,4605048,4614781,4633448
74671846,4618807
3359195652,4603101
2020526046,4626404
21003579,4618451
3742562083,4605046,4623506,4638084
1073885556,4603517
2331395422,4609869
3487708893,4607024
2703508804,4601637,4601779,4608387
853120491,4605646
2670489447,4605045,4623505
1790353867,4603803,4629612
145461478,4627835
697682619,4605038
4195244547,4636925
232254847,4605224,4623921
2102320603,4607312
2331819111,4605037
347249449,4600625,4601200,4607002,4624058,4630940,4637549
415605235,4601893
2071264430,4605036
564297348,4610964
2970174132,4615513
2325982291,4620255
882409930,4600148,4602521,4604098,4620879,4632743
1318100924,4605028,4622972,4631537
2996377311,4603627
2588620839,4623747,4641137
2066205701,4605027
753513581,4632448
2051321986,4605024
1314806817,4640486
2494548475,4622299
1598362459,4602172
1319127273,4616959
1415421949,4600933,4635366
4288100084,4612244
1357133594,4605022
2477689980,4605020,4627745
1981781668,4604120
4201055900,4605563,4631709,4639690
807080542,4605015
3630774793,4627404,4638780
72287786,4603225
468352981,4604876,4612579,4612608,4630278
3098533240,4628084
3698125095,4618926
2412095076,4602880,4622897
1851078721,4605014,4634060
657632563,4605104
163901640,4630320
2836489431,4609095
3796102015,4630985
190450030,4601933,4640006
953704873,4605013
3481430565,4605885
2421888513,4605012
548703959,4620079
313161956,4605009
3604591438,4626216
875271945,4602387,4607816,4617577,4620425,4625967,4639413
3853247780,4604035
17483313,4604997,4630113
2589869326,4636706
3473299710,4604993,4616815
430784712,4604990,4629361
4929393,4618704
1751756618,4605971,4606424
1742371057,4603275
250721299,4602000,4611064,4615969,4634159
3664267294,4604981
1638517938,4619139
1750798360,4602439,4638857
1287326586,4604980,4634338
2572391523,4619795
4126161229,4603960
452927016,4618649
4001178657,4604970
2393993706,4637198
4124953542,4604969,4638715,4639065
3825535524,4631753
3470203735,4629235
1054477340,4604968,4639064
3882825698,4612992
1176780784,4604965,4627862
2985035882,4640504
2851821822,4602358
562185878,4606112,4606348
3045777310,4605919
3029945304,4630885
1766366226,4600115
184256386,4611939,4619220
2987058684,4604962,4622448
3840155055,4602855
3644371534,4604961
3620322400,4608124,4621114
2930758950,4604958
2444749174,4604956,4625627,4637410
3737998326,4636690
599521363,4607344
257332734,4613884
1971634093,4607235
3094549291,4604953,4640960
2568103874,4609637,4627484,4633300
1062446948,4618074,4622693
1150399088,4603105
1795535750,4604951
3200770759,4602726,4605189,4623383,4634981
1375107489,4636115
137116826,4604950
348581530,4606187,4631370
687515140,4604946,4608450,4609889,4610281,4625297,4630060,4630852,4631620,4635137,4637231
3516638151,4604941,4629190
538595879,4611855
2861331534,4617573
2757717741,4601981,4619516
2330338567,4604935
3461288329,4621255
2407071348,4615229
1276675704,4604933,4615583
2117911444,4616419
1738739996,4608112
3872389408,4604386
2045821130,4619569
629817393,4606643
579823545,4604926
2163121018,4637161
1930407885,4600912,4622062
3035030186,4613404,4629016,4631603,4632115
3624520178,4602924,4616678
992804163,4600732,4621258
3219497317,4637732
4179024304,4604920
4286477654,4610760,4617860,4627565,4629072,4629640,4633584
1000569645,4604917
1770148798,4619733,4623716
838421888,4601977
1830120809,4604914,4622787
3980284651,4618300
2818519176,4602762
1291559147,4636631
687749704,4607712
3059602897,4604913,4622786,4632313
852740133,4604911
1384295441,4613327,4627811
2784433847,4641294
2094446737,4624472,4627179,4635940
1399779133,4600553
2916877065,4631197
3231215956,4604907
3110214858,4604423
66813644,4608190
2697707067,4606409
3292156517,4601048
3055971589,4607201
542898908,4633935
2831583323,4604906,4619879
2144069765,4604904,4614280,4614381,4614482,4614583,4618181,4628718,4628834
2958872506,4604901
4252963252,4625034
1460662826,4600565
776011320,4640255
699168924,4619527
3265185467,4604899
189697695,4604895,4624207,4637773
524421557,4628289
3220823290,4614888
449759984,4635335
17534365,4611631
480885015,4604892,4620852,4623029
1699919568,4634077
4152575575,4623829
1006177776,4601454,4610430,4628334
2468883585,4613585
2276510245,4624005
2930390687,4604884
982307197,4614753,4615894,4624170,4629393,4633969,4638682,4639645
1770201146,4605422
3411100048,4600701,4607716,4618582,4622224
1306717913,4637528
585896120,4602725,4605188,4623382,4632547,4634980
1604880811,4604883
3801102915,4613613
781827580,4608867
2801692194,4605437,4606928,4615912,4627843,4639840
3786609384,4604881,4631426
1194056716,4600205,4622635,4626287
1774241136,4603756
877693943,4603933
484789617,4603361,4617166
2160028043,4605480,4611295,4613214
1658783019,4611572
847781115,4604870
3637125221,4627381
3971111900,4601787
4197292915,4600638
1899819165,4604866
1775441319,4604856,4629797
3432908124,4616524,4620165
2892041031,4607234
3622615182,4604849
1722593991,4627480
2210316896,4600698,4601511
2342021587,4604846
3136723792,4615932,4619063
2819082265,4619008
1359153892,4607111,4616416,4640287
124921776,4634674
253789663,4626166
879407122,4602974,4612153
3447481025,4606666
4070645877,4605992,4614082,4631793
1562186487,4612645
2957006900,4604842,4615806,4623043,4623360,4633129
409903539,4612977
2373507761,4609556
2690423253,4622040,4624358,4625684,4636433
3323627227,4600695,4617393,4618944,4621274
519886660,4604841
1417591222,4615745
1504141954,4625134
1537394035,4606179,4628586
3208849567,4604839,4615826,4617871,4629275
3269269622,4616104
1552094098,4609709
1025018274,4604838
1053293405,4602849
595824951,4606849
2241190218,4604835
2742808659,4621437
3405818636,4602233,4619188,4619743,4621466
1270279833,4604830
2754424308,4604823
3270234757,4639724
1693114015,4607695
1038524382,4603435
558362275,4600528
3951411821,4604822,4606872
2175782913,4604821,4606871
2214161152,4605961
1021325634,4604820,4606870,4613254
2090684,4604819
3561082516,4604818
4164891791,4626755
3764400950,4604090,4639229
756413158,4602621
1658359782,4604816,4614868,4617244
1802449875,4636788
722387309,4604814
1543791268,4601538
2774298284,4613495
354763977,4604996
3619871448,4608608,4609082
1534177027,4631333,4632581,4638079
1052343315,4604811,4605682,4606013,4616553,4630547,4633434,4635553
1585551117,4617813
3262170932,4603870,4613331,4615143,4624710,4631920,4637254
1127302359,4602011
1594734551,4602208,4604026,4608405,4620248
569489300,4604797,4605958,4623992,4633747
3110070034,4618359,4639736
2892529931,4604796,4605957,4623643,4623991,4628722
78549300,4614105
3291445419,4606550
3455141436,4600459,4616222
1723148274,4604775
3735132965,4638724
1654781967,4625746
3553159473,4600269
3561475364,4604774
3204588225,4620854
4026477828,4618774,4633269
375461055,4604764,4610784,4622474,4637264
3889114808,4605518,4616266,4616902,4623342,4625253,4630203
3125039242,4631628
274566962,4604761
404477495,4632866
3624888820,4604747,4618696,4639974
1709936219,4604746,4639973
3882431595,4604731
861638847,4619200,4620502,4640045,4640576
1677716408,4606739,4607785,4608420,4619703,4621415,4622643,4627454,4627966,4628092,4635642,4638988,4639519,4641549
3568758484,4638137
877963057,4622420
2713256762,4604727,4613698,4638290
1567429572,4601194
1222538885,4602173
257188614,4607268,4614682
1583393991,4619978
1128665997,4604722
2188253141,4616487
1556206432,4604721
2488404968,4611229,4640981
2535389927,4606589,4619793
3302990943,4606894,4608066,4611867,4618985
4007537777,4601165,4602608,4625792
2424270672,4605142,4606441
190128669,4604718
2883944181,4621321
2221757148,4604713
1369127119,4602013,4626003
2389398259,4604101
3173585495,4604712
696646901,4629451
714803103,4607209
2983797804,4601131,4605071,4611808,4619277,4621710,4624267
1177770045,4604703,4606727,4608811,4610711,4627504
3752236483,4601027
513694673,4604700,4606912
1767567720,4633335
561517571,4613578
3387622358,4612972,4634271,4638304
220866934,4602913
839566520,4601265,4624277,4632499,4633634,4640529
4213749892,4630095
2833672804,4614118
2904104709,4604696,4606908
3611873998,4631723
2788544243,4613848,4632183
2361156287,4613233,4619451,4638848
648262683,4604695
874581173,4628910
1173978487,4628725
1417672779,4605242
3341963006,4604692,4613462,4632741
2011462190,4611759,4625380
1326152940,4627674,4639688
2318109064,4605616,4629151,4635941
4123447490,4615665
2867657978,4604689,4640074
2412168959,4624725
427896673,4603542,4604355,4606061,4610016,4617051,4633059,4636261,4637655
1856880360,4600091
922714103,4640733,4641517
3470728746,4604687
3145603361,4602380,4608278,4629134,4636530,4638841,4640320
1942082211,4638205
4176915228,4605498,4638609
3468096304,4625169
2459141243,4602192
3655624668,4605840
2883074802,4619544
922385005,4600186
2380153522,4619181,4620862
1372252858,4604680
1439605087,4641585
916701326,4604678,4608858,4609242,4613711,4622320,4622377,4622710,4625323,4629115,4629961,4631617,4633889,4637952,4641472
128587815,4602985,4626437,4636468
1606695668,4604674,4608611,4618884,4623837,4623864,4624264,4626402,4628063,4634799,4640318
1593303107,4610184
2171212546,4604668
3549035979,4640808
1621855433,4604659
2148741878,4605030,4622974
3889513638,4630765
313667656,4606865
2682586449,4604655
2853768306,4602001,4607010,4615043,4623564,4626372,4627475,4628698,4638745
3354739687,4607271
2260367824,4608962
4183665103,4606105,4606226,4606341
1202703538,4625016
9409021,4620032
2244062019,4616689,4631883
4283941659,4608685
2527727729,4604647
2228295527,4615475,4626127
3907744212,4602071
4126977833,4604645,4620857
568512723,4602507
1913656291,4604639
1319106889,4600505
1687808047,4604626,4638388
3765581649,4628212
2410681504,4605298
2629196437,4611483
203642542,4604625,4638167,4638990
2072502240,4639474,4641005
257370663,4614438,4614640
4215474133,4608935,4638916
1488144651,4604623,4606431,4606544
2316657022,4601281
3071162027,4610470
828356740,4604620,4616730,4618072
3526020342,4622306,4632976
912195896,4606941,4617019
1923617859,4618831
3955903784,4610263,4619888,4627615,4636589
204832852,4605943
1789575291,4602178,4630053
3877146698,4604615
1255205788,4624064
3069025798,4613887
3033227746,4620749
2898573534,4612068
1140225093,4603358,4604012,4610423,4611702,4611937,4617163
364574656,4604611
4006951337,4633121
820074980,4615097,4623857,4627368,4636138,4638258
577949425,4606437
1308241860,4604606,4609517,4627544,4634749
3712395084,4640908
4239207829,4604605
2290420030,4627025
1244458206,4612424
2690446412,4612140
3808450622,4612141
3196905009,4633235
1526765878,4601625
835325421,4620838
3570894145,4604599
3768467586,4638786
1294183582,4604596
2882019382,4600151
3118115200,4636751
1436403419,4634770
3555509936,4634535
4117812141,4603458,4625178,4630875,4639231,4639337
3691244262,4604595,4607979,4630223
4228582509,4634921
1816405060,4616391
1688513758,4610178,4627932
3106315335,4608817,4624461
106341617,4633040
3967594865,4603597,4607880
3918975016,4640664
2539592287,4604590,4640792
4077769908,4609602,4624237,4626777,4630794,4632795,4633211
1204878401,4635953
3129050058,4629217
3282477680,4602723
3091392129,4606459
1668250985,4605778
1243125176,4635888,4638887
1753916230,4601757
2370140462,4604587,4607544,4611994,4613358,4624961,4637917
3094312961,4612906,4618616
2540541456,4608529,4622660,4627798
1992309594,4604585,4605324,4605890,4611196,4633948,4638017
2905457632,4640120
1130470292,4604511
2086093069,4619966
788773287,4604579
1785820789,4608975,4627425
1857931257,4604577,4608234
76558289,4603023
3443685099,4602014,4609234
2083529227,4606726
2691709517,4626452
1218665474,4606535
2095531491,4610418
315750875,4604569
2104716459,4614922,4622625
4186499332,4619067,4619939,4634848
1763469309,4614827
1936210893,4600275,4616697
2718136278,4600803
2423393741,4604060,4604944,4612414,4613721,4613811,4616054,4616340,4617711,4619481,4619539,4621830,4623013,4626318,4626921,4629989,4631376,4633772,4634861,4637703,4641441
1771039726,4607317,4619754
1621704418,4636999
2295232648,4623570
1353913297,4618957
3639923144,4604565,4611292
336660285,4607702
2885909344,4604564,4610494,4619393,4620940,4621585,4639254
727643505,4637620
3019979734,4616922,4626757,4638254
3284479079,4606151,4606272,4606387
732913732,4600571,4602424,4602990,4605473,4617085,4620476,4623284,4623527,4626448,4628131,4641379
1515687778,4604563,4610493,4621842,4639055
1616220120,4619689,4639774
1066879283,4612201
4108027613,4607997,4608102,4610406,4615602,4616705,4619398,4620355,4626445,4629940
715194194,4637126
27110142,4605158,4613367
3927382937,4633117
1068938387,4606890
1646696509,4605055,4613976,4639989
298236867,4604561,4615786,4624440,4633037,4633222
134132356,4640271
1892840835,4604559,4608870,4610254,4621531,4622935,4634177
72970883,4600815
2619253007,4604556
3168589900,4615251
2225038317,4611549,4615536,4617045,4634834,4637483
4242432344,4604555,4630092
4211931996,4604554
447177445,4602445
507492135,4604614
2861703466,4604549
654106987,4618932,4633453,4637044,4639322
360856036,4616851,4635958
3691130385,4604544
397461260,4641613
965832677,4636496
818937173,4602905
2268347293,4604541,4607291,4612372,4632821
2601902676,4610135
217541996,4629505
1220504996,4627321
3915106539,4604540,4632820
2122277250,4621699
1617966880,4600247,4624314
3452026169,4604539
141631482,4631522
2279151371,4604536
4102143609,4624985,4634281
2136619016,4622583
1497963038,4604824
4098306520,4630799,4633104
1059508649,4606165,4607601,4612647,4616264,4616465,4629496
1289045914,4625510
1554753958,4604535,4624145
2869917107,4628627
2173937936,4608647
3905680417,4639539
1362037664,4604532
3864196868,4609051
4185341926,4604732,4614890
1776072899,4602362,4608364,4612536,4630819,4641249
3595782102,4615843
4042385293,4614312
4193780780,4607572,4626590
2901385924,4604530
2508889250,4630986
4033650180,4607095,4629548
800326349,4632559
1976493344,4603274
673490105,4617263
2215002417,4615531
590922433,4604527,4606510,4617737
350769308,4631699
2121024720,4605976
3073891699,4625220
2025409609,4604526,4606509
2883358904,4608593
632939987,4602105
81033788,4627333
828472676,4604521
3563258094,4637319
864001774,4606234
1912698494,4604414
645058516,4604517
3845577100,4606162,4626468,4640794
1959260867,4604573
4067218922,4602544
1803625680,4604362
2258104526,4600254
282421718,4604510
1129285932,4604508,4609199,4638566
3804967587,4625892,4634436
1680846255,4604506,4637700
3929727571,4637023
528551453,4608004
3378097921,4617064
3294380022,4602244
3585213575,4608655
2077117261,4613680
1988277325,4604505,4621530
2204570492,4604500,4619145,4623333
567872330,4602344
3307915812,4604499,4619144,4619882,4621892,4640829
1817696323,4604498
3624887937,4620396
3279328608,4604493
2928041408,4640562,4641410
365830981,4616447
2566483082,4600799,4612981
996355202,4632205
3532154270,4624939
1509615088,4600106
1279422221,4604488,4609723,4626210,4631465,4636738,4639571
2922525443,4615838
2974841140,4602886,4608376,4613586,4627190,4637004
391979378,4604484,4612472,4618811,4620431
650934375,4604483,4619134
28416657,4604479,4625656,4639122
502021503,4605387,4624597,4627928,4628126
2668222545,4636252
1734978332,4628493
2725365719,4600661
461781096,4604478
2224341983,4611839,4629088,4631575
1350452606,4611108
266360304,4613594,4633635
3285568563,4607762
2550279707,4639417
1425443844,4604476,4608110,4611566
2870883709,4605952
3587457081,4601899,4623844
979444961,4619794
893164426,4616047
1723746375,4605508,4606127,4606248,4606363,4608367,4608891,4609990,4613836,4618876,4618996,4621019,4622123,4627159,4631812,4637517,4638404,4638758,4640986
745678877,4613697,4632353
1864003678,4615166,4620224,4629019,4629865,4635868,4639709
1204018837,4628407
151447744,4619334,4622410
1164954714,4606982,4632939
407639683,4620850,4625931
3540741793,4604470,4614829,4626553,4636918
899114509,4601024
3658265722,4601470,4604742
4172194250,4604468,4611215,4612449,4613377,4626551,4640049
2704806848,4611912
3788006888,4604080,4605439,4615812,4619282,4628208
3773553934,4604465,4638337
1203705055,4600044,4609304,4635967
236977308,4616629
1992442866,4638635
1535117455,4608028
4277420842,4637219
3886573876,4628844,4637471
3255375828,4604463
484309325,4633816
2488923758,4612213,4613715,4636909
1987001255,4604462,4613941,4626580
206301030,4619035
871728405,4608468,4614757,4615267,4618674,4618902,4631074
719523179,4604995
2442262313,4629680
943732723,4626095
2919646984,4622129
3109592746,4604460,4635587
2739566535,4604453,4630279
3203999723,4606413
87870965,4638696
3102700592,4600471,4608989,4609496,4614898,4626009,4632269,4634656
1012540276,4619109,4637708
1686377110,4604519
1844374933,4632832
2133382579,4624952
2739429401,4616869
2356580422,4602703,4623357,4626300,4632539
947724533,4604450,4634746
2117853970,4603013
1856346832,4604447
2490996562,4628492
493428587,4619746,4631018
2406079028,4604446,4639250,4640985
3314385746,4603938
2952701858,4604444,4640983
4126825312,4616957
3004992185,4605410,4608985
2158418785,4602462
4097326283,4600503,4601354,4605032,4614285,4614386,4614588,4616272,4622976,4628389,4634457,4639747
3149841682,4604632
1182654536,4620151
1916540565,4611891
3519326873,4604199
4010224991,4634752
1799668822,4623917,4636812
2229168439,4604443,4636179,4641600
3268619780,4606034,4620342
552113251,4632083,4641417
3120547192,4616267,4616903,4623343
2453396778,4605863
1626495255,4601874,4625565,4628066,4630248,4633180,4634116,4634523,4635156,4636934
2149551027,4602850
2142684588,4605801,4614869
4098962866,4631491
2809023863,4604437,4611150
178265151,4638475
2152302071,4604436,4610559,4628523
3417198229,4639246
4120146707,4636592
778788331,4635097,4641175
2132454060,4604435
859402416,4608141
2836808263,4602590
4174632320,4604433
650206781,4612778,4624455
580376432,4604430
1691532034,4604428
1149145953,4635862
279525598,4621214
2431729894,4613701,4627775
466776414,4630698,4638446
3831562977,4603764,4625588
3532354987,4602956,4622836
2880707887,4606515
1032120452,4613289,4629099,4629591,4640047
446801958,4616191
2533582206,4604425,4622234,4627687,4629103,4629945,4641210
1145190663,4638521
4092641750,4617580
2097285437,4605438,4611508,4615811,4628207,4629803,4633854,4636993
1960824838,4617897,4630646
3938333553,4617038
219848148,4606192
888643335,4627936
2978432472,4615998
2655092631,4606861
3090681753,4619770,4619894,4622847
3388947519,4603557
520392482,4624302
693185005,4604409,4623005
1703019625,4614103,4614199,4620753,4626462
3370559656,4602673
2698574446,4602031,4622015,4634211
552331264,4635776
3577730578,4603151
1358584931,4604716
1555072013,4601968
3375633295,4620908
3710622937,4604399
627247855,4615099,4616707,4619400
2308941432,4628380
1270771859,4609010
134873831,4637498
1823014862,4600669,4602156,4607815,4612726,4620424,4631069,4636844
1249731498,4604398
1155676567,4629222
1007418062,4604983
3523971753,4609241
400281457,4608570
2520782250,4604393,4613897
3271481576,4604332
2734047710,4608322,4609243,4629116,4629962,4637953
2908799012,4632829
3403414073,4621618,4624261,4625493
1251621249,4604392,4611686,4612870,4613839,4613896,4619088,4625286,4626261,4631052,4634097,4640027
726409348,4620704,4623289,4628098,4638768
3552347610,4615066
602185667,4611258,4625020,4630831
2871190022,4607745,4610679,4611016,4626694,4632069
1104622290,4604390
1028024021,4600918,4617892
3989748043,4611987
2678004693,4602630,4623676
4249441978,4604146
1637340571,4609395,4640922
3506719450,4604887,4629876,4633519
3777633066,4616323
3880161447,4608507
3205264862,4637358
3051297183,4604385,4607944,4608399,4637927
1386661408,4602090
3339610388,4614030,4623466,4626234
4172246353,4633327
1364181406,4604384,4607943,4608398,4609716,4619011,4624621,4625548,4634530,4636243,4637926,4640353
1652087643,4615047,4617012
2945960594,4604736,4607498,4609891,4611405,4617749,4631364,4638170
1535305285,4606467
2443298945,4621896
3203853503,4604383
3231059316,4603957
3633114009,4604382
3528239183,4600376,4612630,4632344
4069479165,4604381,4609653,4622627,4625751
3173053117,4604380
1278052751,4618904,4636307
1817312524,4615776,4627048
4161031319,4609073,4610857
633123416,4603798,4622026
1092300451,4608969,4609200
1830178328,4600135
2171831989,4640327
497835308,4603029
1852478283,4600470,4614897,4632268,4640149
183966088,4604827
711622272,4636032
2362936559,4633002
2482186288,4601971
15874554,4604379,4634196
3086264552,4632673
3894935617,4607783,4640752
2716325507,4605739,4612762
3222714650,4621067
247746373,4604378
81448172,4633640
2864593346,4604376
2971132666,4618248
2030173353,4609681
3166274769,4605315
2687732833,4604374,4604982,4630910,4641350
3016859617,4623652
1478211507,4605280
1050216599,4611670,4612271,4617160,4620710,4624797,4626596,4628596,4637120
716514160,4608625
3395459208,4618491,4621442,4634102
1052923395,4600874,4611351,4623625
4069964684,4604373,4630909
41627430,4632133
809639918,4604371
2999886444,4611507,4618802,4636992
1602544771,4635929
1788993021,4607157,4630108
1800441664,4604364
993017353,4637683
1741382053,4609002,4615755,4620664,4625983,4631409
1658351678,4604135
1357848533,4607112,4640288
2551686585,4606283
4224809632,4604759
1161014837,4601580,4616193,4633058,4636260
1975300850,4624485
4025537241,4605154,4610512
995693134,4625916
2716211868,4604363
1579715539,4629436
3179030052,4604758,4616604
3082051245,4614214
1756727003,4604769,4607272,4612738,4623671
4118673419,4638031
3762750139,4604361
3770592753,4626000
2936796179,4602595,4639399
2776249356,4601312,4620615
2968777616,4615778,4631857
3652489778,4606792,4607913,4612485,4622029
3377641536,4603513
3316422697,4604356,4623813,4625315,4625854,4629785,4629857,4632807,4634870,4637554
105624146,4604349,4620138
1611788957,4611812,4617784,4632264
1371336634,4602810,4637817
1668085097,4608584,4635280
4270589900,4628192
1647764504,4605816,4608852,4617997,4628176
3049516854,4619850
3451036375,4605206,4610424,4624349,4624924,4630630
3310210083,4604347
2740741250,4605286
980080728,4617789
3532621563,4605589,4609606
511594139,4604251,4617654,4619016,4621961,4623091,4623939,4631310,4634510
3730884908,4602889
966693163,4604343
1050015542,4617756,4619439,4625783
190244798,4606706
1994285958,4638575
285288440,4605639,4614013
3837033812,4611850
2576207170,4611648
3054080464,4607087,4607147,4621995
3459524679,4602588
1452798642,4604339
4105685969,4602716,4614094
3305115759,4601310
1227608251,4604331
1905304194,4603081,4605665,4615103
826167440,4601423
4075470105,4604329,4615392,4620048,4635594
4137032356,4632206
927885077,4604328,4608044,4608582,4629512,4630979,4637996
376400639,4609231
821705677,4604326,4630971,4631463,4633307
2241909916,4608458,4637448
2939108048,4604325
2800048107,4637670
3182202727,4604323
1606936531,4620344
2076580385,4610021
3261151424,4608291,4617926,4624026,4624332,4625340,4627586,4633554
928701444,4626912
3642282133,4601473,4606463,4631045
245092150,4604319
1219870363,4604622,4612922,4630565,4636105,4638044
3363793785,4604316,4631035
1649424372,4638966
2548927881,4620388
367637658,4604314,4610049
596009786,4615122
632306658,4613183,4630281
3439923393,4605986
2701408304,4604310,4605401,4620750
2208261456,4605951
4059748959,4604301
3957406198,4634618
2892208058,4620323
975854369,4604300
4020802862,4612089,4639279
173259237,4640823
2152002368,4603853
3540858989,4604299
3856410546,4603872
2137848022,4604882
2829254881,4604294
30837363,4630128
1274177162,4623618,4623814,4629786,4632808
615307622,4604292,4604872
211080345,4614251
71740972,4606732
4183495323,4604296,4608758,4616299,4616481,4629477
1396335239,4639781
2008168386,4633636,4636801
2836050050,4604518
1397903976,4605398,4607357,4618230
4075789469,4604290
974964715,4633428,4635805,4638925
1801046189,4609626
2001921676,4614895,4621570,4633265
837318285,4635048
2824599460,4619242,4619441,4631182,4635694
1229811139,4615767,4632813
2785934331,4638287
1499364255,4612925,4615796,4617241
4135514555,4604280,4626868,4628933,4638499
3905031399,4610022,4613659
951224316,4605214,4615577,4640252
3313870823,4615598,4629775,4629916,4635265
1119567798,4604277
209372928,4615199
458015434,4635311
3946680786,4600961
1446782650,4602847
1380596486,4623477,4630363
769380547,4604609
909301087,4639976,4640099
189790861,4636116
301814113,4604274
4110719592,4604273,4630928
59489880,4604272
1877362961,4611851,4621950
2022805058,4637967
875955443,4605131,4626105
3073601678,4601082
1247257489,4611089
866474511,4604271
1534400752,4602057
240587983,4622862
4134681840,4602932
1786642589,4602936,4611775,4611952,4613758,4616508,4628204,4632324,4633820
3643819082,4635925
1972496969,4605164,4617295,4632956,4637173,4637251
2500655539,4632041
382397683,4613617,4614157
2937199779,4641002
29790061,4635641
2249732935,4604262
3447002565,4608696,4610008,4619629
3320040631,4608052,4613965,4625409
279766305,4602532,4623389
2871073689,4610032,4612984,4621591
1215206800,4632463
2279993468,4627726
228368359,4604333
538242181,4624206
735002948,4604985,4605225,4623922
2639706836,4604259
1440853950,4617422
308714459,4604258
1450820096,4607864
3236264325,4601353,4605031,4616271,4622975,4628388,4632425,4634456,4639746
963190129,4605870
2133182746,4638898
3036595239,4604257
4133763385,4610050,4631993
595129902,4604256
2963516197,4615248
822485044,4604047
1577127333,4620132
756214976,4605372
1569305850,4612851
136163774,4629138
1394676603,4604250,4612673
928097754,4604801
4107065808,4619685
3444904492,4617183
3315694742,4635756
3222136296,4603432
2567097259,4635853
1268645929,4631231
2504064892,4601087
2635197713,4623902
3316106722,4622941
271985432,4609133
2295853844,4611641,4627793
648268522,4607933,4639590
1072084682,4606682,4612920,4624024,4626894,4638813,4641507
1917942275,4604242
2761983062,4624666
564979752,4620705,4638769
1754802474,4605630
3968403698,4604240,4616823,4616970,4633756
1068217536,4613215
1547608133,4605453,4607394,4616759,4632572
1495488422,4618151
2398823764,4606788
70675981,4604485,4636405,4639499
2340201231,4604745,4639972
1366658571,4600898
2590324865,4604235,4607300,4616636
1837307695,4623056
1388186007,4605382
4198367962,4636518
244739250,4615150
3774319151,4603122,4613006
1840143581,4603471
870103172,4602083
2369738593,4605355,4614633,4616571,4618134,4623701,4628768,4630853,4632488,4635772,4636512,4638324
4060820799,4601300,4601456,4605561
486569271,4612635,4630837,4633001
3166102762,4613669
3576700384,4604234,4607299
260822481,4610142,4610598,4617982,4620568,4626621
2030500639,4604248,4617248
3667549335,4628672
1664503639,4604231
2907763360,4622236,4623554,4629947,4636024
110576704,4606041
1961068832,4635509
742365919,4604227,4613165
821643126,4617397
3586143475,4611170
3743351496,4616354
3199219741,4604224,4639285
4050794905,4605674
957180504,4631015
3800529175,4608751,4611410
3842190715,4605559,4620647
3160006651,4631200
683382400,4615898,4626180
936976000,4608313
2280046325,4602801,4605671,4614878,4616835,4624740
2811055167,4604222,4639283
1077934111,4602321,4610753,4612252,4616740,4626810,4627089,4633715,4634233,4634263,4637558,4639403,4640703
367304594,4604221
2936052686,4620875
815197413,4610929
2926807385,4601385
3121710277,4606044,4631178
2445949858,4625905,4639221
4104902094,4619328
3763174598,4604217,4611198,4621662
419516477,4608601,4613128,4617868
827355020,4604216
1706004809,4621088
1605991396,4615033
3985996878,4617237,4622543
3672139471,4615322,4615559
3587839607,4628296
1941720154,4603702
2612989220,4631280
1632039972,4604209,4620139,4634240,4637484,4639937
2456971049,4640651
2523140890,4616021
4127414447,4626937,4637137
2037059536,4603921
2402642561,4635020
4163511268,4604204
1632676940,4606686
2042595105,4600889,4618782,4621667,4621744,4621756,4639914
252126131,4607440,4615625
3775200829,4603555
2992581085,4612692
3510672702,4637100
2759350547,4605153
3082225303,4602232
3322679253,4601954,4621247,4641479
1097462000,4637628
3718204319,4618947
3418421250,4604200
244530497,4621341
2676612904,4604196
2268606057,4603823,4613117,4627086,4628330,4632027,4641088
1442812652,4622060,4636445,4637297
800864898,4608340
876140814,4601018,4622204
3319718720,4606158
4211422253,4604994
3411292042,4627759
4027625664,4623669,4624881
2322125658,4615762
2299787385,4631822
2258202996,4602467,4605248,4638412
3350944043,4604190
3697858002,4626869,4629258,4636161,4638542
1355939397,4605532,4634591
2033479479,4604189
3770886446,4634827
3687949121,4604188
3166005109,4618062,4619691,4635723
3222865396,4607231
3516604052,4611377
319286593,4616257
217956875,4613097
1975478138,4629575
4034381158,4618229
1850159197,4616503
828834259,4600460,4618558,4627833
4119296705,4621111,4630946,4633414,4633474,4639599
2906868740,4604179,4610671,4626408
3256349933,4604177,4631760,4634091
3248153544,4628315,4632019,4641251
174020515,4610651,4633606
3219692340,4640536
2708181210,4600619,4629130,4636199
3011127470,4602668
1265419067,4640406
2533832941,4622615
1658606280,4604401
3757591151,4604586,4607543,4607845,4607957,4613357,4616236,4616343,4624300,4637916,4638018
1740947026,4608228
3239605511,4627531
597723818,4615926,4641529
3373509110,4614181,4637396
4251588105,4639428
1433287792,4637270
2928036983,4612587,4634684
761419626,4600361
2922094940,4630554
2420510572,4604167,4621633,4623374,4624346
340000599,4634180
2335536931,4601690,4621834
490136445,4600054
2342677894,4605114
3489230063,4617368,4621471
599179320,4604066,4634462
2308974065,4604163
1999723432,4624951
1736175616,4604160
1105046018,4635712
3848458427,4628685
641959999,4610036
3796347000,4602369,4602427,4606821,4611152,4611392,4614991,4620611,4635256,4641512
752637182,4609735,4626395,4634687
2550681911,4604481
3371253606,4604159
536122609,4602271,4605341,4626037,4632090
645758699,4600149
380452264,4629683
97873868,4604157,4621390
360323271,4603917,4621262
3107567513,4600652
1470860482,4604154
859659017,4604151,4631925,4639604
1551970015,4602130,4614093,4632625
3525008615,4604145
1761616259,4639197
2704118592,4604144
200832473,4604142,4604515,4605605,4609589,4619301,4625574,4627880,4636869
2150023338,4604140,4621071,4621200,4624339,4625669,4634045
176897667,4606293,4625940
3098454734,4607613
1447329584,4620889,4641140
1860473189,4613430,4624694
573753408,4617137,4639770
4252067683,4620800,4628095
1177291729,4616616,4622610,4633885,4635821
555454655,4622138
1357619319,4604137,4610358,4613279,4618852
3410536903,4607774
3918021014,4623733
2740362433,4603924,4607909,4610603,4637347
4001755566,4604129,4629889
2021231759,4602202
832843379,4602879
3853643776,4602646
2895891262,4604128
3631963800,4604127
2858303175,4611007
401825655,4600810
2383449090,4603671
4198315011,4617558
2505107731,4600764,4633248
1051068551,4604126
792291915,4640936
1583964043,4604651
1932499662,4640696
4145627531,4611505
523512984,4627704
479305461,4600202,4612220
3806210883,4604121
3444917108,4625288,4626263
2182495295,4604118,4605457
3104123638,4601956,4616870,4624692,4641481
569687571,4605466
4010089519,4614932
3000825854,4604114,4623038
3109028955,4603267
3222488195,4618026
810593633,4611704,4618457,4633692
835024783,4605115
2083022264,4601560
2216544928,4604106,4625662,4628517
2946739232,4607047,4631963
3812807211,4608560,4624388
4156720652,4606415
3456831601,4640190
3049371453,4630185
184317634,4604104,4625660,4629077
3101732014,4605268
688937357,4616124
3294507735,4601833
1678014266,4609253
4128378868,4631565,4635993
4088003178,4606403
3872705258,4628892
1132687493,4608230
128992784,4600120
2512084306,4605456
3007919790,4638083
1099204050,4623130
3989897718,4601232,4612321
2755250265,4615343,4640444
1279964023,4624172,4638684
572926542,4609583
4030749527,4600746,4617846,4621907
951473098,4604945,4612415,4613722,4619540,4629990,4630059,4630296,4630851,4637230,4641442
3306734327,4604099,4639373
995072367,4601384
4167912535,4604097
3682524787,4604087
2568890577,4604095
3276856012,4611473
2972802647,4630293
1506933647,4600143,4635982
3830309933,4637565
2555543960,4601556
4212618855,4605989
277973422,4604088,4630494
3146676435,4604084
686844038,4603129
872340759,4617174,4636100
1958020816,4604083
1746290808,4604497
4098290477,4606969,4615701
3258826607,4607580,4607747,4620400
3540350606,4617111
4074398784,4600112
3399224666,4612327
1441864379,4632616
3401191175,4610522
3340409338,4604076,4619836
2025835850,4608995
1705409485,4631382
2190277803,4604072,4608968,4616459,4619832
4048111119,4636389
2370925530,4610650,4638162
2588760803,4632589
3904776844,4609546,4622940
2292804996,4604067,4622450
1062184565,4606827
2298557083,4637095,4640605
360061057,4604065
929987221,4611210
3350914036,4604062
1188878850,4624401,4626354,4638947
1422749248,4604061,4626760,4633773
3833946005,4626345
1972189507,4607118,4638653
3896489749,4606639
2752497376,4641348
1835120552,4604052
2124692259,4613920
825737097,4616206,4617864
4233625352,4604051
2191761901,4633475
1918698795,4604050
3748918697,4635786
3567742432,4602935,4628203
688389961,4603083,4605667,4635356,4636045
1428131523,4606471,4617222
1664816858,4609921,4626966
384709470,4600069,4629823
3186856265,4604930
3833742540,4616049,4616909
4254973909,4613086,4634696
261829575,4609004
4021820489,4603968
24765824,4633147,4641628
197481196,4620312
1985018432,4604048
2555361815,4610496,4611620,4615907,4626109
1444850321,4609052,4629430
1802780665,4604045,4612898
2674346165,4638652
3144015736,4604043
3323286894,4611448
3967904328,4621962
3244562269,4604042
3945166703,4606393
1551848110,4604041
6464348,4604039
410525962,4622598
3229572068,4605921
3904849054,4604003
3585310621,4604038
4034499046,4604370
4196670448,4604037
3504962864,4621213
517316106,4604034
2435379579,4626609
1197748954,4601186
1270715583,4635130
1222290472,4605167,4638645
1742772707,4605877
973999080,4610210
1314693551,4607528
936648262,4604033
3943749519,4639310
2501771612,4605509,4607006,4608892,4622124,4638405
70420296,4609250
2750999865,4620294,4632491
54881019,4602623
3252874508,4604032
2935798019,4615670,4617534,4620280
3531174685,4613305
2792859806,4604031
2665995025,4635920
4108358687,4604682,4631543
1891833131,4602043,4623229,4626295
270450678,4641030
1967926980,4630081
155418537,4604021
1064051443,4605420
3446239316,4605044
1596835560,4630924
82952921,4630496
305353537,4621604
2188583730,4604016
1309756348,4602625,4635290
1692065270,4612247
262270532,4639103
1578955215,4601852,4605079,4619262,4626057,4637909
1437254545,4604015
2780414854,4632391
3753186096,4618386
3980138621,4604130
3258015645,4626152
3421627199,4604014,4623651
796151573,4612344
1587535023,4639084
2432338473,4600100
1786282428,4604013,4623650
1853991867,4631177
158058585,4601890
2413651471,4613662
3578184683,4604008,4606055
1717523861,4600602
2068989146,4605963
289803464,4615518,4621303
3546064287,4608960
2482324301,4604006,4612298
4078317149,4615713
2653202215,4607099
218330640,4609678,4611010,4612133,4612592,4615810,4618517,4624319,4624805,4631096,4631106
2887292334,4610107,4625456
3844913095,4621220
3225236263,4604005
1615961493,4638689
912395807,4617606,4633819
2027330625,4603033,4607562,4631900
1718280240,4607116,4640292
4160382329,4620398
1035483942,4606451
3436411927,4605421,4620645
2666519553,4639930
3935936390,4634011
1659801871,4611592
1151942555,4603011
3504158499,4630196
2389377983,4604002,4614219
733658923,4635946
2894504131,4605137,4617437,4622622,4634104
540446241,4634361
3820083817,4603755
1838460382,4607976
2852652053,4604000,4614217
1608412760,4627253
2565753802,4603994,4638115
4152261201,4603993
1687071882,4616956
3688085935,4609622,4636303
274689019,4603992,4608263
3554297923,4603983,4607410,4609197,4636627,4640437
694854456,4612879
3873347366,4627459
631308044,4625644
1805983453,4603982,4609196
146498712,4636279
1767672675,4608996
2858699580,4601075
1607639972,4603975
926389161,4603971
3366786933,4637427
3014284014,4611285,4617227,4638603,4639344
635627235,4635973
4077924836,4627540
2365275504,4618838,4621330,4628361,4640468
3258041159,4605265,4611663
2614276763,4627712
1793287255,4604100,4606133,4606254,4606369,4639374
3063343597,4604046,4612899
1359999980,4603969,4606064,4609996,4623332,4623851
4009636071,4603967,4607611
2034917892,4611940
2871622486,4603965
1390878745,4637971
3003848985,4634597
4032040362,4615568
1849099695,4601244,4610456,4617651,4619307,4626876
3799632416,4603962
882107864,4626544
50702971,4609845,4628545
2773382690,4626025
2292603375,4612229
4208674177,4603961
3132268027,4640048
2459614175,4626797
2789331832,4606812
681347221,4623486,4624037
933425255,4603959
2175048175,4608258,4612702
2505678747,4607573,4639728
338940640,4640589
1694920899,4630284
118957422,4611124
1392923536,4627252
2949727848,4607183,4623435,4637176
2485720062,4606180,4615127,4620930,4628587
1692983397,4635546
1397597935,4603954
1950606664,4602919,4616512
3609378881,4616426
4275498459,4615995
3962333487,4619615,4632754
1708675626,4604249,4607114,4612672,4617249,4619215,4626223,4640290
2583876570,4606678,4610944,4625092,4633272
4074359186,4626752
2608207299,4603953,4610179
3938753975,4617466
4184351325,4605611
1488362752,4615374,4625374,4637679
193066491,4600631,4606304
1417195691,4603948
2153774160,4627479
3794930232,4601682,4604940
3329555400,4611274,4626330,4638349
523252811,4602242,4603302
949049180,4608144,4615140,4620206,4623168,4631850,4632503
3380253619,4622853
2850534853,4607428
91489591,4632596
626480342,4623294
883624625,4622381
3008260297,4609939
3650343519,4637192
3833551427,4603945,4631118
945079227,4600817
1412665721,4606962
2098019614,4619322,4626171
2349429006,4601913
1697631641,4613616
915089589,4603944
1697687194,4603939
664420200,4615848
197009729,4637839
1845675165,4602794,4637987
43819169,4617482,4625860,4632230,4635485
901043930,4607057,4619718,4628563,4630562
1904146397,4613486
2129943113,4636587
2651972496,4612759
1700400641,4603935,4623948
4190483456,4625122
70260018,4613888
3099841191,4612205
571360472,4610746,4615773,4631593,4640618
2463733368,4605978
1024711488,4605380,4639951
2020679323,4611892
1303841807,4610412
1397184534,4615252,4622264,4624658,4624983
3340463922,4601602
3521087131,4603931
2501682360,4630917
3071802533,4605483,4615026,4621816,4623995
609347675,4603930,4609186,4618430,4621405,4621849
2842411908,4600681,4615339,4636087
3576966579,4601161,4615605,4626953,4634512,4635823,4637386,4639573
12778424,4641395
2145900706,4603927,4613020,4620050
3632897323,4600894
2022010160,4609035,4618444
4027830636,4606032,4620462
1337086643,4603560,4638996
1962818449,4624434
3420252273,4608839
768638426,4606484,4612405,4625665
4012078893,4635975
786318432,4635890
4225298540,4603922
870736254,4604040
2448795804,4603913,4605061
2510880948,4607862,4618615
4139348102,4630888
1976522685,4623117
1753993484,4607305,4608993,4614737,4620205,4623167,4623539,4631849,4632502
1908337603,4611025
3040091339,4612912,4613489,4623820
4281254137,4605539,4614939,4637016
3084332378,4627235
669326059,4603912,4633704
491064011,4603911
366525154,4625903
860291554,4601152,4601713,4614857,4622951,4624643,4629629
3611084742,4602310,4616363,4630590
3954928198,4603905,4636152
4029474503,4609447
2258031524,4603903
1243102077,4602265,4614056
2143145643,4603901,4639806
3865580131,4612251,4613677,4621430
1460662695,4622489,4635482
2975882618,4601241
526608526,4601258,4621072,4621201,4623524,4624340,4634046
2464744514,4603900,4605273,4607424,4637436,4639805
818272528,4603896,4604737,4607420,4607499,4611406,4625064,4631815,4631904,4638761
1952624400,4638054
1875396249,4634269
2460149395,4621015
577047787,4612595
1263487958,4607677,4634199
3758113875,4603881
3866143646,4613347,4640198
412696782,4609831
2226456030,4603027
4221786626,4608682
103954869,4600029,4607259
40293960,4601687,4615346,4632764
2888120317,4601034,4630465
2523647796,4604900
1332935010,4608706,4613098
549790137,4620376
2006658187,4619838
1568491941,4603880
2956128185,4627796
691900637,4601488
972370239,4602973,4609744,4612152,4619843
2820582302,4603408
3056124305,4603878,4619239,4630783
2397847145,4634003
1706239864,4603956
1457631586,4603877,4619238,4630782,4632881
1083389881,4600895
428917948,4608386
3420209491,4603875,4606004
475704284,4617210
3774681044,4601846,4605617,4610404,4614186,4629152,4629752,4636339
1810112847,4603868,4604027,4619640,4624708
1993592640,4630746
731247978,4603217
1061885854,4620520
3086868151,4601963,4608766,4611194,4628451
1872459977,4614724
3821268520,4600686
2318410410,4618377
3569671045,4604749
1467092881,4609666
539018076,4623026,4627859
3426497119,4604429
444067077,4612104
1356000280,4610177
3933771942,4603171,4622365
208407322,4608009
2673322632,4602162,4624452,4633322
3892411300,4603863,4607460,4610485,4631287
2288981231,4633157
2429936108,4604198
3262283535,4604684
2112580416,4602101
1967639404,4603862,4610484,4631286
1793093495,4606111,4606347
1952135244,4603861,4610483,4617762,4631285
1194149077,4617560
1528855832,4603852
3249254200,4600273
1582921185,4609177,4614836
3422738164,4603851
3329095561,4639710
2720939945,4603849
3850773462,4604698,4606910
3137496227,4603848
1282386412,4615624,4641356
750044512,4603843,4613591,4613955,4630056
3729285781,4621431
3669596624,4611056
489226668,4603842,4613590
2740454626,4616687
875818504,4611963
4042015012,4615192,4619427,4624308,4634739
2385931668,4612780,4632562
1342679364,4603840,4615324
1836425795,4606896,4624087,4628429,4632908,4639351
1553121446,4615946
1166965914,4605023
3695889606,4603854
3646659799,4603838
499862781,4613177,4629563
2031861504,4626602
3298037999,4603836
1121178713,4620688,4637922
2542505869,4603831
4193496346,4611290
1471726067,4635339
4280665392,4608904
1426336930,4607106
3045453533,4605572,4625143,4627763
3530769960,4605361,4635146
2153321753,4615674
3688850050,4639825
1420919254,4603829
125406833,4609826,4627916
4044683473,4606528,4612179
3477263585,4606922
3400685411,4603826
3587185776,4604974,4607221,4617307,4624821,4628983,4629779,4632804
2810875099,4640816
501797103,4602454
3360678842,4609748
3316817529,4622038
2137333041,4601658
1469848306,4605170,4606679,4610945,4625157,4631585
683010544,4615385
3635759333,4603907
1874165712,4603824
4245496899,4622330,4623427
468363958,4614109
1957365899,4635882
4163241574,4611100
3153342805,4605409,4634012
1990510552,4602519,4602895,4608640,4638821,4639258,4639439
3871467962,4638282
1412511290,4623942
1111673824,4603820
4265007180,4627052
3790399945,4623928
220468873,4609158,4609740,4629787,4632809,4638450
1680501474,4636896,4637412
127143240,4608123,4621113,4630948
1036316351,4630723
1028086911,4625371,4631680
2501002369,4601508
4180696674,4603814
1291725087,4605100,4610370
1033937879,4603811,4613449
3650859061,4603810,4610984,4638679
1249201650,4619040,4620441
219210083,4601295
2180388503,4604266
4181736486,4600752
853313761,4606235
3749647340,4601059
4053163361,4605578
735471502,4630694
1078021942,4622954,4638038
1933652249,4607108
1312826454,4609269,4620658
4077789709,4604597,4626570
457958945,4640734
4030770321,4608821,4617188,4622315
286465045,4625912
575318389,4603005
645213003,4603807,4620302
1783532827,4603498
471297185,4603805,4615609,4624305,4636164
4141033368,4616844
3500628634,4612488
221980598,4601743
737426429,4603804,4609762,4618513,4631930,4636163
789120734,4628226,4632529
1464886343,4605307,4614500,4623580,4624890
2441206531,4603802,4629611
2453859553,4616738,4638625
3018694830,4624593
2634277114,4603800
4188941910,4614281,4614382,4614483,4614584,4614667,4618182,4628719,4628835
2420748171,4631535
2466061525,4606115,4606351
50672938,4634122
1912918059,4603799
1404478837,4621705,4640241
92886120,4614926
2695279307,4603789,4621844
3095586410,4616103
1556581043,4615215
3925337531,4604064
1354155987,4629030
2133458238,4606916,4607205,4610447,4614620,4629723,4630690
2527017098,4603784,4618785
967441388,4615490
3233469126,4600147,4616291,4634117
2798780666,4606028,4608412
1939500387,4641623
4238471602,4603783
791680069,4601172
704628024,4612957,4633652,4633707
146267998,4603782
887520678,4607249
3827991459,4603780
187450094,4605412
660298955,4605124,4636815
1356188152,4601158,4605470,4610176,4624325,4628394,4628727,4629617
402791171,4604723
1810951711,4611402,4634714
3622929092,4603777
1454323113,4612817
995599543,4603550,4613466
505309005,4605143,4606442
3774121286,4611330,4632776,4639743
658335585,4602059,4613390,4629749
2419929206,4603775
172784295,4603774
486296284,4603773
1007174198,4632676
745503723,4606583,4612468,4620427,4625842,4631716,4633017,4636745
1501642246,4603770,4628555
3774070895,4629405
1569815391,4609532,4620305
2205983322,4633007,4637875
172360113,4600371
4287518613,4601219,4619637
1371262247,4603769,4628554
243211141,4624899
970205014,4614946
3826424380,4607142
2437391597,4600203
4189641087,4605693,4612559,4616137,4630589,4636904
1409513887,4632408
3638046239,4615284
427958077,4601761
4035552453,4616297
3951365303,4607203,4632518
408083145,4603134,4617215,4620913,4621117,4624118,4635123,4641152
1142534948,4603767
3714661812,4601920
1262553684,4635457
2644662415,4606953,4630333
1845565852,4624736
2618593155,4603766,4631283
3779644532,4606524,4606602,4610683,4622651
4201332268,4614083,4620964,4631794,4641390
59505882,4632800,4636507
1708814243,4603763,4625587
2402114288,4609671
731743704,4603762,4625586
1734721168,4603761,4605819,4611695,4613092,4618073,4622692,4625976,4640891
4255475624,4612614
1127788856,4601553
2134223651,4600070
72859511,4603623
1527705707,4626219
3647789470,4605111
1101703602,4603758,4611683,4620829,4633994,4638341
2522104133,4603327,4614984
1021079994,4600337,4632459
205145848,4606432,4628613,4640834
2320742544,4625180
2851438556,4615919,4629457,4631517,4635655
2713063158,4600449
609167360,4635498
1243348580,4630436
508125267,4612106
4097395523,4603753,4610577
3323685240,4633398
3460936869,4615393,4620049,4638443
4026857012,4602907
3960790039,4600966,4624572
2495830805,4601525
3743060219,4605215,4615578,4640253
199947671,4638594
4141720846,4603752,4610576,4637921
3093516352,4603884
4165130981,4622223
1560178900,4615307,4639830
852370666,4632093
1568486248,4608345,4627323,4632998,4638279
3045164445,4637502
2007843533,4612139
1906600452,4608372,4635226
3751425667,4612694
3160809045,4603747,4612249
1847000244,4612086,4627708
2886327082,4600227,4607810,4615096,4617504,4635240,4638890
3123793990,4638059,4639128
4097336742,4600526,4630243
396302539,4603746,4609303
2949828301,4616298
1995276548,4610601,4610691
1900457969,4612193
4220488734,4603745,4609302
831556314,4607368
1794866771,4617698,4634989,4636012
3987241021,4616397
2872281075,4620021
1642031229,4606810,4617449
2023344129,4601238
2352187408,4605359
157874060,4603742
3162882254,4608725,4617479,4627322
3483187489,4605163
3470226121,4609609
3942652186,4624363,4641104
2407347286,4607250
3407462983,4603739
1662819119,4603590
838640703,4603738
1024314834,4639491
3792261261,4603737
4283922606,4629627
2709965055,4604826
4081178210,4613280
1864241101,4631607
783072704,4601661,4609594
1092572944,4603735
1663877486,4628477
1622010210,4614909
139039405,4606615,4611126,4612219,4614001,4640737
4194125014,4635189
4044220621,4615777,4631856
159709843,4612576
1450965266,4637455
2011415847,4603734,4626556
678148982,4603157
3198108162,4607052,4612641
3376123239,4609271,4616404
2911808614,4603730
1807792165,4607585
1222190358,4603729,4623732,4639779
3763163850,4641006
1105260466,4606417
4098873568,4617001,4621017,4621311
3790658628,4603728,4614120,4623731,4627175,4638910,4639778
1620782054,4613840,4619089,4625287,4626262
2806618641,4602836
3585986002,4603727,4638909,4639777
3698796402,4608356
469968566,4604494
3078904301,4641153
1252508678,4603812
3305186252,4620807
2109680073,4603725,4639775
1379848710,4622706
4186499222,4606538
3442805295,4608083,4617451,4621260
1890818073,4629145,4637166,4639820
1260545837,4605759
1886447302,4623179
3641041061,4601826
3983077161,4612884,4639934
45175021,4609698,4613606,4613636,4617946,4618804,4635733
307466192,4601947,4610528,4611244,4616130,4616704,4623328,4630098,4631562,4633852,4634984
4116208535,4605006
1959967460,4611277,4616713
1099361542,4637939
1482519125,4618418
1868351276,4603724,4620730
2867104791,4613064
1532435815,4607171,4633315
2094995190,4611852,4621951,4636390
1744189593,4604206
503922232,4602330,4641423
1148255902,4624949
1569114607,4603721
3564447707,4631334,4632582,4638080
2619785146,4603400,4606493,4614084,4631795
3252484340,4605609
513681444,4600161,4619650,4625104,4625484,4628610,4632145,4633056,4636030,4637421,4638297,4638474
3970354848,4603295,4627320,4635531
2444359502,4605968
3596309627,4603716,4619908,4637809
2266220029,4607270
2487262041,4600945
452995907,4603711,4615910
850228783,4603710,4615909
3127134094,4605835
1924084704,4615556,4633461
3867312658,4603709,4606295,4620218,4628449,4634525,4636936,4639441
1515684253,4627213
93045530,4626266
2192864297,4604815
619231301,4603708,4604693,4606294,4620217,4628448,4639440
3743111877,4603707,4620216
438488272,4630539
3268052631,4606680,4609919,4615479,4625158,4638811
2133014062,4626366,4628688,4632924,4635637
1503719072,4604164
3327697297,4612847
1173236836,4606177
4243023692,4603703
3387994293,4603701,4638949
3459659741,4601943,4613583
1994407949,4603699,4620006
1278992368,4608734,4624615
2540514086,4603698,4612558
3482194312,4603695
2523632890,4611093
2097585816,4600722
4010982050,4600856
2199056539,4601598
3444910381,4639087
1702763650,4603691
278394238,4606629,4609145,4614270,4614371,4614472,4615712
3353176304,4613266
288288483,4603638
885409968,4639772
2368997981,4630533
3724078145,4627691
3807632678,4603688,4618658
1552712323,4603687
3622949571,4632612
3470962101,4605784,4611499,4625778
3287726024,4604417,4605294,4636223,4639000
3671757323,4620631
979341725,4601190
576124882,4604147
121069665,4618128,4622773
1301377097,4609180,4626107,4638240
76965010,4605461
242037298,4603919
4165345667,4610792,4631479,4639395
2621320417,4639261
3118970084,4607013
2878000174,4602671
3766831128,4607338,4631569,4639812
840332050,4636049
3024965483,4605134,4617434,4637215,4639732
1114791182,4603680,4626984
187254816,4638885
974503620,4603676
3605472236,4628290
3104145038,4613826
2839874295,4600299,4607840
586679340,4604791
3625777166,4603674
4145036361,4603673,4604781,4612242
1137099432,4615639
2511959136,4603672
442963126,4600692
1952458005,4603670
2779413236,4623980
2856667104,4603669
118670904,4603667,4622534,4626232
1072533832,4620653
2459451642,4603569,4635516
1356008739,4600794,4607788,4632149,4637847
2095686036,4603666,4626231
81985091,4614577,4628828
3255946536,4623950
15141630,4600973,4607838
2437451577,4607730
1212175087,4603665
31638017,4603656,4611574,4617161,4620711,4624798,4626597,4632258
3259505904,4601748
2820336695,4611913,4631153,4631361
2350066678,4641169
1909740204,4601235,4606767,4614259,4614360,4614461,4614562,4618163,4618634,4628813,4633133,4636175
3120664432,4617333
375580418,4603655,4617683
358544571,4630709
408975608,4606534
420653072,4619678
1928440782,4609969
3087766433,4637885
2792175235,4603645,4612541,4627799
338190504,4603653
3240163606,4641019
2029021491,4633494
3945812369,4611221
622979514,4612300
2782255985,4608153,4626887
3288214330,4603651
1998137012,4630493
1205719091,4627463,4641582
277592561,4603650
432932443,4607067
1810089368,4600278,4609766,4628468,4636490
2676831215,4624205,4632228
3939381613,4600703,4606568,4636846
3603095721,4604237
1470797199,4603649
870277084,4601379,4633631
241893808,4623125
4141182499,4620260
1323910866,4605397
3756948623,4612904,4631725
1009935725,4602890,4630437
2435351884,4600393,4622181
120770450,4606522
3288239233,4635901
2408666399,4626441,4627902,4635249
1648497596,4616866
1924090199,4639177
2828891410,4603647
4027366514,4605408,4640628
3329339776,4636325
3244139355,4603644,4613479
1286613106,4612076
2371535716,4602338,4615705,4628036,4632195,4633309
3691640760,4609688
2976666929,4603641
758096689,4633520
241905065,4623513
2547228379,4603640,4605849,4641488
3973850878,4600068,4629822
487037626,4602288,4609895,4611700,4611935,4616384,4617726,4618833,4625422,4633487,4641301
4005520670,4604621,4606548,4607031,4616560,4616944,4618000,4618335,4619014,4619720,4620472,4620832,4623089,4630564,4631343,4632480,4634148,4636104
3992659604,4601268,4636007,4641563
1878027845,4607292,4632822
4138289135,4630682
3943354275,4615807,4623044
3708451545,4603633,4639141
3878658731,4615233
1759103174,4640470
4146746605,4605748
3176244560,4603632,4605917,4606470
3172363272,4606970,4612467,4638849
1486814288,4603628,4623610
1166921376,4603626
2577231594,4638206
2704633612,4629580,4639522
3767465788,4601770,4607642,4610013,4613195,4627144,4630425,4640063,4640799
2470209040,4630253
1102656131,4601332,4624445,4625398,4626033,4635154,4636932,4639025
1145420804,4638479
334049454,4635513
3933580793,4603622
3044235492,4629107
440697846,4603621
1876291098,4603620
2696199019,4604197
2371140858,4612190,4616599,4618786,4621956,4622172,4623397,4625125,4635727,4637060,4641499
3759596052,4601926,4607074
641461236,4601151,4614856,4618695,4624642,4629628
3368415767,4621061,4624138
2231724367,4603617
3704390559,4624894
2537867439,4618636
4074895378,4603616
829500323,4630360
2813412571,4624425
1124371445,4603611
4077605980,4636324
3110415327,4606125,4606246,4606361,4623705,4624561,4625845,4633697,4638649,4638756,4638774
3665811257,4622979
529134484,4603609
1718402600,4607537
2277539134,4639079
1694148989,4605708
3181516373,4602893
3330958204,4603607
3185465746,4641173
365648130,4610272
80496270,4601533,4622989,4628485,4628702,4629464,4636015
2501294555,4603605,4606705
3301980893,4609523
3073883170,4631224
1951619007,4601822,4633815
3713906690,4605944
3031268706,4607973
2534474550,4603602,4609007
2181509127,4603598
170415515,4629429
3134505501,4607044,4617714,4617975,4619935,4631687,4632016
3598857337,4638344
210025379,4600114
3762424398,4606278,4615592,4616445,4633661
1313780243,4608574
3706353340,4603595
3404323946,4635318
3512463931,4613432,4624696
2347745489,4638100
798990598,4617391
3501975883,4610918
4266588000,4605922
3932847072,4615501,4638735
2196672922,4624916,4640359
3918271770,4611320
2139776454,4601960
2327946174,4602137,4602511,4608103,4615296,4615603,4618974,4620356,4627369,4629941,4633905
2898117781,4609646
489272786,4607406
2638888745,4603591,4641028
213785639,4603588
3858065071,4602153
3831422259,4607738,4626365
134372056,4605237
998210116,4604834
4136695967,4627956
3952305077,4603587,4606188
1163122873,4634429
388063927,4607294
2226494914,4615114
1258892789,4606993,4615172,4618619
1617878877,4611890,4639721
2501052091,4607965,4610688,4611068,4616439,4617113,4628705,4632331
2613346435,4623298
2378370206,4607796
790369203,4603585,4633384
793303614,4603584,4605166,4619641,4631938,4639544
3567051458,4608928
3050014932,4609913
3408021289,4604795
3987022122,4603579,4629090
858988411,4626753
3410114811,4601132,4603321,4605072,4611809,4619278,4621292,4621711,4626897,4639950
368770957,4609346,4624417
1996176677,4620386
1431277055,4603575,4631999
2524842632,4635395
220316545,4602600,4617808,4630523
1303862419,4603573
3851232424,4601818
1736189193,4605727,4631789
3189514906,4615276,4617247
548080320,4603570,4619599,4635517
225429166,4635565
1883044118,4623729
1643567414,4613085,4634371
557231854,4604685
538829419,4626019
2995703014,4603568
228825443,4601177,4632101
3774068195,4607176,4620979,4623909,4626119,4629753,4637630
3262815333,4604469,4614417,4614518,4626552
3099227516,4603563,4617375,4619688,4638773
94646962,4602262
1660056524,4639827
3813932425,4604957,4625628
3998925654,4603562
2743912556,4611974
83213026,4604036
3363630560,4612739
4130517604,4630189
1756761353,4611130
673343424,4603559
1001838969,4605716
1798963101,4610832
3571974075,4635460
2677433947,4634896
3338720885,4606405
1880129796,4603558
1334233497,4607239
2339717150,4603556
3035656322,4635367
2556368593,4626633
531617749,4615398
9972220,4613891,4615982,4617300,4635128
2104133247,4612505
2455736071,4600716,4608952,4625446
3889899517,4603552
3674555949,4609986
2370522272,4626537,4632561
3645159660,4603679,4626983
2184979917,4614918,4617539
1921373558,4601790,4604568,4627662
1244862156,4602635
398644271,4603549
3185440509,4629604
2103886357,4617848
2312194057,4603546,4604208,4605494,4634239
2126128966,4609915
594913069,4603543,4604288,4625789,4635009
2824696178,4606965,4632863
3103854213,4613005
3108212370,4621339
2432318176,4601794
1453194835,4603540
766908071,4605393,4607433
289330721,4633350
2851155393,4616954
3177107473,4603536
4166498915,4634912
724278465,4603533,4610565,4616133,4618988
3556189961,4622462,4629568,4629818
3892182566,4612945,4623096
3609038396,4609458
1395900075,4613285
3092579150,4606776,4610156,4619455,4622127,4622176
1383321899,4625909
3340179863,4616488,4625619
2158843751,4603532,4616132,4618987
2433426691,4634593
3607639194,4625431
2323486516,4603528,4636135
4197357047,4600557
2291084422,4611825
92018743,4601643,4632707
2873723765,4603524
2247951801,4617701
1319876705,4602246
3568109702,4640953
1221124848,4640263
3855162856,4633138
2398320523,4603523
749782191,4607161,4618566,4623719,4626774,4631712
1276463178,4619165
3854283824,4605388,4607818,4608061,4619421,4622227,4624186
1237630508,4603518
4283093977,4603578
1047125615,4627208
1694782543,4605970,4606423
1946896699,4621868
1199920717,4601716
3688246203,4604063
3262734938,4636856
599482418,4603094,4614347,4614448,4614549,4614650
935896840,4603514,4621396,4624042,4625525,4631722
2138008432,4601183,4641203
3452687189,4607339,4631570,4639813
3379271931,4627925
2051323202,4605790,4606031,4620461
1089264511,4609700,4619652,4635735,4638299
1366390903,4603511,4609342,4614040
2549996224,4603283
2721788865,4619707,4633927
2813238517,4603508,4622937
3149966075,4604949
474395477,4625013
2698375920,4604085
3327554528,4609086,4625281
446221848,4603507,4611195
3144389853,4627818,4629833
3370313698,4620892,4636595
1269260515,4603504,4621192,4629848
2266019383,4639980
1844749206,4624664
232061853,4607278
1157302269,4603503,4620229
590625677,4619023,4636968
3015275871,4600303,4631533,4634947
2086892171,4606764
1301392123,4610223,4611590,4617679,4622076,4624905,4625094,4626218,4626479,4631323,4632305,4633274,4634261
3773143894,4622675
3707771280,4621893,4623852
3252503229,4603499
1151337604,4603496,4621420
1590534006,4603495,4621419,4631145
190851369,4623573
1241005064,4611869,4625442,4629420,4634381
2497717703,4607987,4612626,4635618
1576376104,4603493
44654147,4612950
2757562563,4603492
3834555680,4603490,4615456
1500837727,4630506
1345172726,4600943,4627034,4631773,4637788
2154743886,4603489
2392142172,4603488
3472505670,4609896,4625423
3327626654,4602251,4608676,4614805,4624011,4633834
1773506159,4604194
2862621034,4604253,4626085,4626212
1039866319,4621473
1949270873,4603484
3517731407,4603481
2501471691,4638262
4117219367,4629719
3380015845,4603480,4633262
2766245361,4604891,4608229,4623028
3171697364,4621046,4637103
277351882,4602571,4610560,4616215,4626872
2467762465,4613348
2672675521,4603475,4611349,4624816,4629262
3533115961,4603473
3628057744,4603690
3794554274,4603463,4608643,4620992,4626741,4627291,4633677
2971036619,4603209
2385074774,4607802
1618877984,4637199
2861394839,4603462,4627778
2755230025,4603459,4625179,4630876
3395733240,4639190
1136649092,4627547
2409126252,4603980,4612136
600767679,4603455
352265861,4640570
2777198942,4630610
2776684602,4603452,4624094,4639263
797390234,4607166,4610303
1185680946,4603449
1891863112,4601329,4614097,4624625,4629725
3820006063,4602683,4610882,4611735,4622469,4629233
2067880561,4609081,4614215,4633932,4636225,4637787
619746771,4615481
1068456987,4603443
3852527073,4616084
3069448495,4624860
3392273996,4605660,4612560
87214812,4602049,4629412
1924807453,4622852
4180291221,4603437
1387227735,4603402,4604513,4606495,4614086,4625191,4626604,4631797,4634054
3226682811,4602541
2058848124,4615632
2797911052,4621573,4628292
1740170842,4603427
1574729327,4601406
1683154333,4602522,4620880
760761966,4614243
4288008475,4613407,4626451
1391142727,4602745,4606164,4626470
3259692253,4603418,4605440
4156204215,4626515,4640915
1861270569,4603416
640719280,4603415
811167912,4607337,4616279,4618122,4639811
2961040711,4603414
5344809,4603887,4604859,4623534,4627490,4640128
1721774125,4614684
2143275755,4602405,4614489,4619734,4629466
368167876,4604276
1682284302,4604665
1529865751,4607173,4637754
1496178038,4600801,4610031,4610136,4612983,4616495,4621590,4623847,4625769,4626151,4640345
1926057567,4603409
1816848965,4600157
228129856,4602825
1887596432,4603404
1130474046,4601273,4606546,4611693,4612116,4613807,4614128,4619459,4621423,4625974
397359527,4600412,4602355,4603822,4628329
1971977631,4607579,4607746,4611017,4626540,4626695,4632070,4634706
4248011537,4602946
3619410906,4603399,4607760
276319894,4641606
1448577905,4624568
1753787261,4610463,4611926
1230361689,4603378
454338892,4603398,4607759,4617016
796688383,4624877
1962517144,4616784
720283176,4603365,4628678
3718881597,4608217
458017431,4603393,4604829,4637457
3643012157,4625239
4293086483,4605201
3478669763,4607501,4613664
1021214751,4624577
930999515,4603392,4604828,4613317
847971434,4609644,4610609
2399572741,4600804,4603952
1470010992,4603390,4630675
1528117189,4622793
1389451125,4618292,4628913
164396113,4613777,4641086
185213887,4625450
3630057471,4601443,4619658,4624477,4632791
3268836489,4604584,4605323,4605889,4612963,4622936,4634153,4634178,4638016
4131204650,4601098
915521164,4603554
3960465398,4603389
2018412527,4605130
3422471123,4629706
4060227006,4612803
3109901892,4608139,4625047
957869188,4601431
1867530912,4602693,4606520,4608606,4631771,4639097
1128479893,4612360,4621815
578500023,4611613
3261444311,4632373
1677688583,4603386,4614956
4137841261,4602988,4605471
1017931972,4603384,4614954,4633227
590002783,4603395
1731657564,4615029
2503647303,4601492
2636314199,4612765
2578168062,4608072,4620667,4631412
3390516658,4602103
3997255376,4603383
3408841194,4631348,4633682
3096379644,4602645
3568740247,4603494,4611206
1341284687,4621625,4629736
3626368722,4603382
756155687,4602052,4606905
2048150226,4613361,4619669,4635170
1373560521,4603380,4606651,4614996
3279652215,4601624,4619213
3158936617,4603376
4207659278,4603371,4626975
2968841815,4607263,4622383,4641110
680113083,4614313
1627559125,4603370
3357547717,4619854
2187372783,4615581
3847508001,4601646
3029543743,4628604
4229961869,4603360,4617165
3527653505,4612146
2997021038,4620843
4194327407,4601895,4613211,4627849
3061493557,4603342,4609435
1740975243,4626134
60780765,4603359,4617164,4625772,4633295,4639628
3728336863,4607297
2094819355,4620254,4635923
2481165846,4602402
1497268729,4622868,4636059,4641384
3302936450,4621795,4623366,4625951,4631168
1497191578,4600977
571186251,4638029
2399716385,4603354
3080956992,4621851
1165297662,4617202
1528420618,4605910
3291107764,4602047,4627815,4629830
3124847359,4600550
2758085852,4637345
3512828368,4632435
1258321846,4607245,4629395,4630757
2146994571,4603346
365646354,4624167,4624786
2810998733,4606956,4630336
2170205769,4601671
833538977,4602044,4623230
1246165279,4603345,4621013
131525757,4600400,4607181,4611165,4612506,4625375,4626545
3410329029,4610217
2337252644,4631126
2048733621,4601390,4633836
2019929189,4600600,4607133,4615156,4617710,4624234,4624276,4629118,4629964,4629988,4630652
2244805277,4603350
1536779612,4601377,4610092,4611650,4613146,4622522,4627621
2428162484,4603347,4603876,4606005,4638247
1014550428,4603406
3864868406,4601540,4617395
2153942113,4603338,4603530,4616461,4623856,4625737,4627367,4629057,4630374,4636137,4638257
3694998519,4634395
104339545,4603337,4616460,4625736,4627366,4629056,4630373,4631489
4073405253,4622851
425937426,4613643,4622255,4632422
3347450032,4610511
1476896766,4627407
887051654,4600555
3873484763,4607332
1232270263,4603332
3176036765,4601260
599324912,4616425
4242986406,4637357
489693124,4620362
4134820704,4611399
1080618350,4610285,4620069,4626297,4631892
2322192444,4600126,4617308,4619154,4629780,4632805
4039134743,4603329
3844494902,4612336
4146181029,4607842
3747198203,4601768
2189986385,4611411
3743498921,4608113
4059528485,4601773,4601941,4613581
615437468,4605645,4610787,4616511,4619576,4622592,4625293,4633823,4639113
4016280021,4622819
3249759119,4607320,4614935
1286065997,4608539
883647607,4617423
982709491,4603322,4605073,4605506,4611810,4617211,4619279,4621293,4621712,4626898
1506996713,4629589
1050211359,4600542,4638798
3719792312,4601237
3214085188,4603795,4638599
4087577244,4600078,4602258,4602327,4607525,4607719,4620208,4626507,4628022,4637504
1069392616,4627123
3393952246,4603320
81437387,4627532
2881144309,4606135,4606256,4606371,4628893
4055564472,4603318,4631406,4637602
3298394687,4626538
3073833843,4610091,4622521
3584134307,4628421
325121765,4625765
4221555869,4600855
1546169167,4603317,4637601
2209862349,4603813
3729620634,4605144
1777828919,4613644,4614699
3942935196,4603311
4135847172,4613774,4620055,4620157
525195265,4603310,4604751,4611161,4628155,4633863,4637583,4639907
339999220,4633856
1541831781,4603308,4608371,4628159
1541754452,4610610,4625960,4630913
2817478967,4601084,4615429
4015549035,4609682
3578804095,4603304
2319889130,4602620
1524249871,4604553
457109940,4637774
3057124357,4603301
1499801381,4603300,4640641
4120355404,4635431
308144475,4609066,4613515
536974249,4634013
3193077443,4601579,4628611,4633057
1076483001,4611182
3794810069,4624378
3322337345,4603285,4616300,4624060,4627578,4640153
1830922643,4639868
777862927,4615381
668817537,4630483
2262680046,4605813
3478668913,4619414
1778003703,4603277,4634326
3346035070,4604741
2539168299,4620516
1635961542,4609429
830258384,4604133
125794460,4621695
1276655927,4604438,4622158
2657317522,4600080,4626174
1220894487,4611568
1900528173,4640608
3441773700,4636442,4638934
4171159254,4601958,4617676,4625809
1692522355,4640877
3330978142,4603261
141401500,4600097
759013856,4604724,4625603
3855627151,4638399
428219693,4623297
3867585556,4607160
3659084190,4603339,4621935,4625738,4630375,4635241,4638891
681858846,4640842
4280207203,4605060
3208341495,4602820,4625688,4640116
1304722224,4602970
474920073,4621918
3625766913,4601399
1760047305,4617379
3782303600,4603264
934606559,4635931
2251805582,4618022
633794810,4603668
868984809,4615675
2322034465,4619366
1348414562,4604657
1889441586,4618874,4627157
2678310561,4604557
3101097143,4603259
1316833482,4602478,4604009
1529850157,4603255
1083293684,4612209,4631536
4045074739,4603253,4604211,4610798
761450595,4640603
1480549349,4602496,4622603
676185566,4604171
4245808034,4605836
634125455,4602504
1399720545,4600878
3109740939,4626459
1172890801,4603249,4635458
2362864061,4600617,4618340
3215228309,4603180,4627227,4635582
1841851434,4608591
4105573206,4605019,4610674,4627744
2579808765,4603245
1097610859,4603234,4613191,4629614,4632543,4635827
2672168479,4603324,4609878,4610564,4617616,4619839
3238317554,4621143
1850653951,4618298,4628230
694186178,4616631
2409210372,4634427
336805927,4624525,4627230
1394571854,4603244
2356401477,4629655
3209717254,4601086
1195745243,4601605
971398109,4606397
341074439,4612421
2211738618,4603235,4621948
2168942430,4603231
2116747137,4627995
121339390,4606029,4614892
1395796759,4612280
53172379,4603227,4624955
1593454041,4615442,4616890
734745111,4603221,4630447
4276585486,4603219
1660145932,4635098,4641176
4033310692,4620887
2663443253,4600523
1680978885,4603218,4619928
2203728558,4604471
659077030,4603208,4611190,4631767
1009006627,4607213,4610028,4634637
1179747227,4619868,4631141
3790871388,4605041,4634934
3619306816,4602592
884719519,4609394
1235653701,4602182,4610167
671950480,4632592
3018935334,4600006
1275527459,4618651,4627944
302601915,4601320,4618028,4619967
2291493823,4603271,4605108,4633993,4634946
1641084059,4615975
235958613,4602283,4606421,4606492,4607553,4622492,4628796,4632367
2006856950,4601767,4607001,4630939
1036545217,4641254
75449493,4604667
1136744478,4600291
1618248847,4603203,4604547
298804061,4605824,4633051
27933529,4610607
242948427,4631873
1361637927,4603750,4637919
4223053841,4600717
2608297054,4626684,4629729,4630239
3712044977,4603198
518586941,4603196
2169716187,4621132
3242423691,4603192,4619993,4633809
2223396439,4618719
669729601,4603654,4619473
1584689027,4607039,4623413,4630467
2506420819,4600678,4625086,4629127,4637139
1777414353,4637932
4234802288,4602118
772190780,4624113
3327431900,4603191
2585900326,4622775,4629555
2858834847,4603189
1151658871,4603186
3597714418,4603065,4613841,4619090,4619452,4624034
3810525621,4603184
936207995,4600509,4607436
442087263,4603181,4605789,4620460,4620868,4624523,4624553,4627228,4628674,4635583,4636042
3658251568,4601474
2526814831,4602005,4610957,4613010,4637619,4641124
2598958720,4606306
2038010295,4608304,4614771
256404553,4603179,4627226,4635581
3269187332,4601046
2024818853,4613065,4617917,4632179
3273922229,4637256
2635240534,4626963
3730681866,4608528
3174249790,4602674,4603108
3502913853,4600786,4601869,4634965
1371694059,4603178,4615498,4626820,4630429
4168477515,4603335
1579982081,4613129
2438081220,4602307
3827876110,4601476,4625052,4633353,4639037
3137001654,4601549,4603468,4617311,4634217
977040414,4603172
2273249974,4606698,4609380,4612036,4631633
2250793555,4613853
3623361279,4609730
1121611519,4605580,4614208,4623033
75725620,4600136,4618120
2102669426,4603914
557430354,4603781
7729421,4639888
1469535135,4628321
3892719460,4613460,4640776
553376296,4600724,4607407,4611266,4623340
84882172,4604082
2554228512,4603165
3218643971,4606143,4606264,4606379,4630412,4633356,4637911
3783209272,4613855
562739964,4619531
4038906854,4604628
3281508101,4618498
1758007304,4614185,4636338
3759432829,4603163
4160816979,4603160
1867467785,4604633,4624295
220926154,4601662,4609595
1158696559,4603155
4178264803,4638142
3792252633,4619442,4635695
3844638162,4609948,4618664
1806668780,4602920
2642548431,4608108,4609195
1614205607,4603148
2908961363,4613406,4626450,4628875
644502362,4609372
771348619,4603541,4604354,4610015,4612113,4617050,4617696,4622019,4634215,4637654
2595467899,4622700
1579234927,4605399,4618231,4634025
1462454030,4615477
1950660258,4600841,4620072,4631167,4631179,4634094,4637845
3007346071,4609965
777273123,4622393
1798315174,4614061,4637590
1769666436,4600581
1282098220,4613393
2415437201,4602494
2200252275,4603147
347495477,4600228,4603531
3207689212,4615258
3780560275,4603136
417590249,4603778
3159955587,4607751
4242872740,4613457
1525221567,4602489
2028174456,4600321,4615547
1878784403,4600689
1636607414,4604984
822369864,4601615
2240004352,4603131
1465214762,4610843
1817147438,4620820
3639196888,4602447
3610289546,4603130
411684859,4625161
566809803,4600800,4609946,4610030,4612982,4615729,4621241,4626150
2648009462,4613645,4614700,4629345,4630966,4637309
350136859,4640631
3938404152,4634134
2809865041,4604803
1853552679,4605597,4618536,4630291,4633999
1937726976,4603127
1897473155,4634422
424557697,4618010
1150445739,4613828,4631394
4266441505,4600901
1000613958,4602747,4630112
920659805,4603629,4623611
2054013512,4637892
4188601663,4602392
3545136606,4603119
3174406946,4640609
2396107658,4604705
863811647,4607673
3448034387,4615664
1347057301,4603118,4640822
1513467779,4637494
2053679081,4607319,4609172,4614934
473170644,4602140,4625561
2495177047,4618971,4635004
696555784,4603733,4626555
3986467949,4629323
4091881932,4620595,4624925
1166418880,4603117
3273271963,4602923
679326758,4603072,4639675
909205473,4607285,4613724,4617927,4622370,4624333,4625880,4626851,4628302,4629992,4633223,4637183,4637413,4637800
2925506995,4606937,4641485
2686209066,4607740,4618898,4632395,4634559
3867272598,4601211,4628166
3984284948,4603374,4622802,4625857
4258095636,4615454
3429033705,4607589,4613554
648659892,4600664,4601694,4602292,4609876,4610562,4617254,4617614,4618837,4619937,4624967,4626782,4627986,4630960,4631765,4632262,4639790
2327584446,4603113
3306596026,4611231,4613318
3583719559,4601894
2208724817,4624479,4632577,4638468
381892005,4602859
3203638396,4612530
904570874,4608156
836052690,4631359,4634283,4640261
2257894186,4603972
929173947,4604624,4628474
1204474335,4617078
2780732414,4633647
3821422253,4612627,4623106,4626264,4626592,4629042,4635619,4636248
3891423603,4639375
2066571000,4631198,4640516
817264857,4611191
401675955,4603110
1410773621,4602838
2445934305,4603106
2161501689,4639100
599836864,4605624,4635340
1413023398,4603061
2374543475,4604760
1115258571,4637530
2069745026,4602028
499129160,4613096
2779289919,4603103
1634063894,4601978
1702683927,4601126
3309867842,4603097
1779375874,4618368
4288634998,4608191
383328529,4600639
698361779,4603839
3690714748,4603091,4605094,4630301
1657560620,4600903
1706494263,4628215
53302635,4613706
1422509197,4612597
1372432880,4633601
2727050138,4604912
3495221009,4617148
1162787099,4609910,4610243
2036264126,4603137,4619810,4634759,4639167
1001674744,4605327
1584301039,4633253
1226320399,4601925
4234900795,4617140
3718246265,4603020
357996504,4603085
3253091075,4637760
306745819,4627580,4640155
1725192671,4607123,4622933
2460782714,4605216
1733775702,4603079,4605663,4612827,4626973,4634449,4634584,4640482
860935737,4612744
128687474,4606074,4610996,4636289,4638631
1871309888,4614820
2131467461,4611186
1539394016,4604352,4617048
2232887700,4603074
3756068590,4605808
1453391953,4631393
3662893725,4609000,4629677
2612212387,4603483
3903321383,4600854,4601207,4601236,4629449
2890117421,4626133
135235230,4617901
3407286291,4603073
3022097652,4600951,4631255,4635345
1661662381,4603516,4607535,4612420,4625527
1750219551,4602377,4614344,4614546
2897986293,4633953
498641627,4622952
2937564756,4605599,4634001
27952950,4627487,4630581
1088676332,4602555
3501194183,4600727
514593985,4603068,4634534
2567193768,4630665
2070058441,4603344,4621012,4632072
244254309,4604402
1009718775,4610119
2794787179,4603866
819953032,4603067
2908249450,4603098
3674136900,4607061,4607830,4620062
791620930,4630908
1520312125,4630901
1147107021,4621876,4628453
777913769,4612913,4623821
3803171772,4610218
86473781,4606081,4606202,4606317,4623232,4623356,4629485,4629853,4632538,4640030
2866526928,4603084
609290787,4604461,4635588
3110999474,4638852
2997227466,4601957
3726288185,4604348
27608600,4631681
2643181802,4600369,4607322,4626378
2417238915,4603062,4619931,4627095,4633186,4638212,4641270
2652899205,4633383
1889824381,4613371,4613767
2753700217,4603060
107866946,4629020
2521124509,4625618
1908108380,4602432,4605346,4610520,4632397
1986318885,4603058,4636484
2329514611,4603056,4628457,4634920
1043855154,4602466,4605247
3613112039,4603250
1022019917,4616074
2967744127,4622167
3327833561,4613918,4633817
1228374832,4600772,4614304,4614405,4614506,4614607,4628742,4633094,4640363
1165968583,4627733,4632078
3983317367,4615590
2414369906,4632989
1380083600,4603051,4606016,4608642,4625942,4627290
733028987,4615052
1574566309,4610606
2113611970,4600986,4602967,4635536
306087628,4602477
649341468,4610892,4632288
1061961327,4603050,4606015,4608641,4621764,4625941,4627289,4630549,4631548,4636962,4639259
1084932267,4637437
1952520979,4612731,4621429
51417471,4603048
3708578331,4606095,4606216,4606331,4621771
500547133,4614240
3358572873,4618378,4622055
4082094951,4600691
2714104853,4606160
3034993489,4603041
1932246402,4632789
93429468,4602345
4051994471,4631138
1522213181,4603037,4606503,4616577
2143004940,4606971
3320635257,4610702
334986181,4605306
729645353,4627342
2921299527,4613654
2356605641,4604180
677020966,4631237
841404030,4604375
3606856810,4603949
3275800656,4613122
449720072,4603021
424880309,4621657
2844618556,4607121,4622931
649205065,4621084
1644144361,4610933,4613111,4616753,4617223,4619994,4621597,4624390,4630881,4634113,4637076,4641043
3698280469,4603015
218001684,4606899,4610558,4628522
3586285104,4621460
628161462,4605528,4606620,4606769,4614261,4614362,4614463,4614564,4618165,4628815
241206550,4637824
3022551534,4616114,4632393
1102681316,4618401,4628163
4031204691,4600833
1329325237,4602340,4616939
4268958356,4601032,4631038
3608893727,4640230
2194844482,4611226
3218071812,4603009
1451742561,4614853,4623592
2202447732,4609751
2301133066,4603008
2013714989,4616601,4622343,4625127,4625310,4625969,4627113,4631337,4633978,4635729,4637522,4638742
2164858266,4603006
2289808517,4618011,4630982
2955570213,4602543
2850443556,4641638
2768586345,4633032
3245096638,4609476,4619330
1994150703,4621055
4102276061,4606418,4621813,4628793,4640859
4120108491,4605002,4629062
3969539348,4612525,4631731
2427894353,4638897
3059195269,4637765
875307629,4626865
2108489213,4603635
2108868052,4603003,4621133,4622352,4636193
3670281358,4616526,4637744
2531422088,4610439,4627261
3597050383,4636922
2700401461,4619042
3178891963,4601721,4616749,4620994,4622655,4623617,4634784,4640284
2799288299,4611388,4627506
799920189,4629523
1068045631,4618145
2138078567,4604978,4620822,4622262
2855349211,4602663,4608515
2382255680,4613212,4627850,4634219
846661833,4602998,4637990
4234225404,4608587,4641278
2760616101,4602995,4639550
4185906660,4622078
2414416832,4602807
2679463087,4618637
3390975326,4614133,4631214
1836237887,4602994
1573090934,4613394,4614842,4639240
341966329,4602993,4605747
310048904,4615239,4623224
1038004265,4604218
475197194,4601391
2561821126,4603197,4604715
2833814440,4607819,4608062,4619422,4622228,4624187
80504154,4600893
2557514160,4607485,4625554
1117108848,4621943,4637184
2360217194,4618154
1406630834,4600643,4621147,4635964
3997512868,4606997
2115212272,4613256,4626739
3184076160,4627771,4630859,4634254
2877632388,4626947
1601863452,4603114
2420682214,4602979,4603465,4603715,4607876,4612705,4613762,4615495,4623156,4627117,4632240,4632714,4634987
4084859408,4632614
1096441140,4616606
2412678311,4612657
736976234,4635464
1471273735,4633217,4634400
3003364010,4602977,4603713,4616470,4618213,4632238
2474257898,4615186
3149778224,4624737
1642967760,4600236,4636651
2025791022,4605156,4632709
4131207366,4618642,4618749
1676288263,4611960
1130305676,4602976,4603712,4615911,4625112
4284405811,4608024
873302931,4604889,4607079,4613301,4632640
856883122,4608415
1608680798,4603732
994544974,4612019,4638369
400993434,4602692
3426749488,4629372
2918530134,4608297
1302985152,4603369
1028924057,4612058
961368689,4603059
194356750,4638103
1151492056,4621151,4634354
1662848884,4613552,4615354
1735300687,4625585,4639948
234147963,4607974
3489005547,4620492
2005031779,4602968
1615157564,4602966
3603338627,4602961,4604458,4605177
4059430967,4602955,4622835
3284108297,4607053
284554568,4601475
136373214,4609046,4628851
3036941865,4617271
47032011,4601327,4618813,4620433,4630326,4634751,4635093
2184552181,4624591
2660651002,4606900
526513176,4601026
166026307,4616475,4638871
2405027553,4603736,4610369,4611959,4613678,4638633,4639450
3230906003,4623216
2218196260,4601617
2733024883,4615427
2519896437,4600087,4605828,4608486,4619906,4622748,4625193,4625852,4628345,4633542,4634868,4636284,4637642,4637807,4639786
2826646135,4600770,4605907,4620790,4626201
2708498549,4603926
2614348612,4601002,4623260,4628617
2255302531,4623081
4255930829,4620707,4626593,4629043
540878726,4601346,4628890,4629070
4085511856,4610589
247017260,4636585
1629177425,4634898,4639648
2555092293,4607848,4618264,4622620,4626993,4634788
285021139,4602945
410880313,4603947
1316764938,4618012
4041146767,4602944,4631264
3242151505,4614333,4614535
93861027,4624393
3861967301,4615086
1889160331,4604278
1169957863,4605623
2641297872,4604804,4640331
2318726131,4602943
3791656245,4609673
18478424,4620912,4621116,4635122,4638537,4640018
588778616,4601613,4606547,4607030,4608289,4610772,4611694,4618334,4620471,4625975,4631342,4632479,4641371
1505294874,4617883
4102300402,4603636,4615394,4638444
3927995141,4618169
520955547,4602941
1209307433,4617313
152544469,4606718
4105526281,4609232
2570537394,4629383,4635196,4638807,4641220
422216365,4600792,4600849,4601611,4616917,4619722,4620588,4621635,4622587,4623365,4625950,4626420,4627887,4635061,4640024
1624640221,4603581,4629281
305371299,4602952,4620129
4093223084,4602937,4610554,4615100
2103542847,4627552
52509229,4610007
92379235,4600071,4607792,4616275,4621882,4637011,4638252
211714101,4601528,4620796,4627869,4631746
1966259268,4611207
4114220259,4602960
1279891158,4623713
945595875,4602775,4610664
2101394171,4625043,4633862
2599326725,4602411,4638922
1914147817,4616649,4633671
2973145046,4608864
1883454853,4601500,4611422
1732240303,4600490
662225600,4602930
474584238,4639214
2512939375,4611844,4615411
2761751350,4603886,4604858,4623533,4627489
3613792366,4602928
3931559686,4638736
1653599260,4618671
1897293552,4609940
2981584370,4634007
2232962500,4601918,4625402
228551648,4623587
2626301860,4619344,4621488
2791893623,4609977
917771610,4619551
2751650880,4602925,4612783,4636708
1814058020,4615055,4618631,4634608
2007194392,4621395,4624041
502929911,4608510,4635118
1410454535,4602922,4627171
1852369323,4611131
1529235218,4602009,4608857,4613710,4613974,4637951,4639987
2677586121,4602921,4627170
2784058010,4608773
872131953,4610326
4034908222,4600055
3632170180,4620457
1811612316,4600999
169530432,4602917
3906018587,4605350,4625795,4633500
2958097184,4617941
1509561442,4616251
1598054347,4602915
1780637039,4609763,4618514,4620228,4638223
483831597,4604282,4609110,4614966,4627141,4628106,4634171,4636576,4638501,4640060,4640796
300814061,4639958
1646687539,4602910
705988687,4634490
2813445403,4630980
3237415865,4611874
319487894,4602908,4638597
2300911831,4619486
412332502,4605712
3268110186,4610037
3868730721,4600453,4608923,4634599
2373678964,4600451
3253637553,4601680
2248622924,4602906,4632858
104051929,4621789
3660841614,4615174,4621023,4629811,4639619
2427326351,4600476,4602566,4623348,4626270
834058490,4633965
1428326926,4600959,4601352,4611736,4616270,4622470,4634167,4639745,4640246
3907564920,4602904
4282592573,4617172
4238995220,4632811
2343780905,4605683
747449564,4609747,4639444
1534518349,4613292
3748883329,4633105
2571481918,4621152,4634355
536598576,4608624
1843130097,4618424
3259262419,4608010,4620444,4622840,4623771,4625394
2987815750,4608581,4621967,4639501
2766726701,4601031,4631037
1900344530,4602903,4612684
560049687,4611748
1248717934,4620092,4638592
1749016452,4609627,4637128
2486161708,4602901,4635056
2411553167,4608874,4611674,4615679,4617177
556543693,4601229,4602176
1214283115,4602332,4611708,4619093,4619243,4619465,4619783,4631183,4641425
3285447296,4602456
3153494838,4602885,4637003
1645835560,4612338
3726209941,4633424
118783483,4605977
4085925644,4641168
2346170594,4603510,4614039
3084562753,4636675
780551006,4602882
511855402,4625802,4638049
2525059313,4608473
1149544106,4602872,4605251,4607834,4619391,4621583,4622759,4633896,4634480
3300766295,4602869
3704725288,4608660
332072382,4603309,4604750,4628154,4628160,4637582,4637663,4639906
1118057708,4628251
2997173181,4616302
494858041,4615212
3777530223,4604265
4002399691,4602868,4607733
1980434472,4602690,4608479
2478098448,4630380
4235032454,4606929
2337671817,4638131
3193404992,4602864,4612023,4612226,4612370
2665309414,4628482
3816762372,4608865
2481811233,4603076,4606025
2010620253,4605687
2251999593,4604365
533722129,4601559
3299791215,4602862,4638723
2297995748,4603001,4617713,4632015,4638902,4640132
4218193101,4636502
3676721666,4602691
1602948517,4636765
3528534609,4616892
2772867008,4601420
2144574981,4614437,4614639
985835502,4617930,4626177
1157289,4602835
2644993970,4633406
4092629617,4611183
1652420638,4610836
2461465576,4600546,4600819,4626473
1475002694,4632917
785427056,4603940,4604295
4020394203,4601248,4611412
3086275612,4602652,4604728,4610748,4613699,4614050,4614865,4617229,4619044,4620594,4630312,4630342,4631605,4635079,4638291,4639865,4640159,4641094,4641145
1239942287,4602041,4631461
3313041091,4602846,4615841
3467461124,4614088,4625469,4639606
1621423273,4635459
1488029194,4626206
1032889728,4609995,4628935,4634997
2162354651,4600527,4601155,4610173,4611328,4614860,4621732,4629632,4630244,4632339,4632774,4638356
2243881230,4606476,4613492
4251005710,4602491
1137973683,4610726,4619003,4637719
649865023,4602845
2287061826,4602844
4136977640,4607670,4639548
4041876174,4606825
676689589,4633757
635825276,4610327
477502022,4603063
2423330928,4602843
3160803914,4605424
792138556,4624147
89241512,4602282,4606938,4636832,4641486
1637057475,4607064,4617329,4617497,4617752,4625384
7811195,4602840
892074736,4622919
2786183220,4606817,4629373,4638312
734844420,4607262,4625766
3114287232,4602839
1692308516,4602837,4632936
277588884,4606401,4606753,4620452
275041024,4602626,4613656
3116302898,4641414
4039877519,4603291
420183555,4637021
1049838583,4602830
2537101665,4641194
3510104360,4616029
2129705013,4602829
2235398185,4602280,4623860,4627400,4635067
2635335176,4635328,4640448
489251526,4629487
4154309781,4608897
2580205350,4638851
2017028767,4635184
2868235750,4614051
3986719514,4602828
1756915424,4615031
4147007892,4602827
3198949315,4629417,4633779
3463242924,4600053
286771088,4630572
2449210750,4606103,4606224,4606339,4607905
3119481847,4600415,4612149,4630662,4636021,4641532
38743836,4602826
804561794,4622366
1509541915,4600154
496278808,4610553,4611313,4612406,4622916
703083578,4602824
3295312116,4616924
4134099177,4603014,4609752
430902611,4603038
1972094507,4604730
1560662511,4604059,4604069,4607826,4613720,4617021,4621829,4626920,4633771
4216322123,4618871
1048090591,4609423
3074648807,4601572,4627300
2619234147,4606433,4612032
1570682487,4609107
1538097801,4640886
2783854998,4608251
554702172,4619171
2364870368,4606763,4635842
2731389052,4600288
3882235926,4620282
3671613696,4600224,4610954,4616627
1904869610,4617660
2505618730,4606147,4606268,4606383,4637691
494292160,4615054,4630580
1776284610,4603316
3455210633,4622116,4631966
4139565720,4602909
4115003595,4613502
101538668,4609985
671331772,4641592
3540243141,4604285,4611245,4612028,4614125,4614691,4615042,4624630,4624760,4626081,4626371,4628697,4629291,4631563,4631950,4632123,4632712,4634985,4636341,4637551
3275773303,4638149
1380610422,4602819
3122317939,4605848
1892968635,4617823
2453779254,4615443,4619120
2337742370,4602818,4620256
3865280404,4605985
2269071974,4603086
1253296200,4601666
2883393962,4604186,4604308,4625182
3466823904,4606537
3896088398,4603904
3699154633,4622001
968343554,4603731
3738383521,4626359
1690770264,4602813,4624832
3286242924,4603450
3107990172,4601090
3513618786,4616827,4625324,4627641,4631618,4637461,4641473
3271896260,4612683,4635534
3632255821,4609789,4617875
1385486092,4612304,4616387,4617288,4628272,4634267,4637240
3306305173,4601864,4603138,4622910,4638674,4639168,4639882
1132472880,4602252,4608677,4613077,4614806,4624012,4625472,4626825
2112907788,4600472,4614899
808879112,4621678
4242047178,4603116
2072522253,4629662
3591136820,4604720
3881918939,4614782,4633449
575857426,4601218,4616716,4619636,4630172
2977405072,4600318
1963692366,4602798,4640979
1524248290,4638513
2160924059,4627202,4637064
2502805857,4610642
3792861467,4606597,4627203,4637065
1161737005,4608269
1917505681,4602796,4610388,4619185,4623490
125547950,4601168
3803915387,4620299,4628686,4630759,4639860
3639815210,4604419,4610355,4612611,4631589,4639002
195352689,4627436
594892001,4607187
130725868,4603910
2440256362,4604840
4233117017,4601989
2322626565,4622676
747974655,4600038,4601426
352729417,4609777,4620988
2459492205,4602790
3613311275,4618740,4630632,4640495
4224038591,4602274,4610226,4612734,4622434,4626559,4626841,4627100,4628427,4639158
3629075152,4602788,4614870
3135152971,4602786,4636066
2776662919,4613933,4616230,4618959,4636757
2929421899,4600778,4600883,4613059,4613814,4619310
3823627706,4606302
378218035,4606702
2987223349,4630282
2953045456,4600414
3268121784,4600168
2863079034,4601366
2722621450,4602781
1052310918,4639853
1125064311,4602779
2947577117,4613231,4622947,4628865,4630725,4631694
2192044184,4600861
2871564475,4603902
306027585,4603580,4629280
2528002623,4605711,4610546,4637837
3133748219,4635672
1369922057,4634663
371845287,4601224
64089948,4612040
1694043143,4605607
2155988814,4602023,4620809
2746708304,4602770,4635896
1769019652,4603025,4604022
994243593,4604372
2537258482,4602900,4603819,4635055
3462084550,4619234
1760390660,4602636
597961447,4606822
843788431,4619065,4625024,4629868,4637515,4640467
3266458416,4602759
89643533,4611223
2949500298,4600357
4215117924,4602366,4620982,4624922,4631908,4632328
2599369146,4602754
89360832,4602752,4611691,4623233,4629486
514584175,4635843
3172924748,4626132
2477125596,4613493
105605713,4606762,4635841
2266707585,4602749
2373090999,4604334
2179622008,4612577
3223948667,4619207,4620469
622056909,4605777
323815190,4639889
3811168975,4606420,4607552,4628795
982853472,4605686,4609043
3876737746,4602688
3287509842,4607315,4620007
387221363,4632186
2472818629,4600739
787952891,4600231,4635718
782938076,4609090
845532186,4602740
2627725613,4605204,4606549,4607043,4618001,4631344,4641509
2408075503,4619417,4631270
1612674410,4615861
248944410,4602679
822202057,4608121,4625138,4629173,4639120
4005438526,4604610
1665757300,4602736
3921572461,4613534,4626781,4637207
1145761857,4631205
966925839,4614328,4614429,4614530
2917740308,4606741
215908891,4607684
827171865,4602735
1075273840,4638740
3297736980,4602734
3102601063,4640513
2848028480,4609809
342541778,4602729,4623386
4243613768,4603525
252155349,4605938
2414696647,4628921
200308645,4610518
202771726,4613735
1085173430,4602722
288310984,4602336,4611949,4619469
1179096314,4602721,4629389
2079869953,4602628
34612914,4624587
1644034208,4607467,4631656
3070684783,4607567,4613985,4630187
3363524262,4606289
3512683327,4602719,4606565,4622008,4633285
2105178198,4612545
2355219478,4636670
2760467964,4618758
2868350779,4611547,4617216,4624119
2614105586,4600003
259847282,4606076
1784623792,4631843
3856719633,4607527
266729301,4602714
1647499575,4615364
3341460239,4626246
1239121206,4600082,4618057,4622885
2721120566,4620027
4290577642,4602627
2331484276,4633338
1362467716,4626455
499765234,4603410
781537949,4601283
3194452003,4600917,4617891
1828982171,4600875,4611352,4623626
1313844944,4600592
631517733,4603156,4622705
1099539278,4613124
3050971709,4601878
2096182907,4615002
3547565428,4602713
3559646919,4602711,4620148
234998390,4602709
2741452635,4621910,4622788
1262365097,4602708
1716351813,4641349
1303336793,4634884
1032485349,4616535
3984037629,4635937
2548360387,4623842,4626674
1214342446,4602704
3006220459,4602800,4614877
2429748187,4617265
2263263278,4602036,4617252,4627984,4630567,4636254,4637872
643417872,4620212
767836718,4600688
258485816,4602700,4609071,4618791,4626406,4634084
1155535023,4604445,4640984
3628095925,4608155,4627722
1270439383,4603873
3085185205,4602874,4623807,4629649
1581924131,4615523,4630068
2900336170,4607791,4612883,4616274,4621881,4622978,4634459,4637010,4638251,4640097
2195503356,4601585,4623259,4628616
620297636,4601462
1416315937,4602689
3878864689,4615935
813003721,4634657
2366953446,4613779,4614960,4624404
437062643,4601865,4603139,4612064,4622911,4623646,4623793,4637609,4638675,4639169,4639883
1824590960,4634447
1765776181,4629276
3726671714,4600214,4633777,4633803
867609956,4602687
3162575136,4627313
1029735741,4607978,4630222
636754264,4602556
679315899,4610323,4614735,4620203,4629013,4641447
3809905720,4602686,4624251
2529725443,4602933,4623714,4628201
3834235772,4631031
1414086053,4613438,4622688,4633419
3801954660,4602682,4635761
380488099,4601834
3171636072,4639956
1971166512,4624212
1730892581,4613510
3595580817,4601127
553466633,4633098
2715983446,4607675
724770980,4602677
3646756299,4616208,4630070,4633218
2487788436,4602485
4139146269,4630357
3538808621,4609402
1661976033,4628483
4191114398,4614746
3072741247,4615013
2460213741,4610294,4622388,4625592
2428375660,4618402,4620811
1830198240,4602699,4626405,4628438,4634083
3670521794,4632342
1013878543,4600954,4602163,4603545,4613397,4618577,4622992,4629514,4632118,4634238,4638024
528830206,4615173
3955529977,4602667
1817490484,4609765,4610476,4611717,4636489,4638340
1729396022,4602552,4625929
3505892067,4610873,4629421
4289475212,4600132,4600235,4624889,4636650
103257888,4637476
539212472,4606654,4607040,4614195,4617744,4617923,4623414,4626294
1017445804,4602492
126917528,4607219
1625643655,4634732
2726099802,4600079,4607720,4618541,4620209,4637505
1399839367,4600568,4633818
581447276,4602661,4611715,4614216,4632904
2696492667,4635737
3942609902,4629331
1034454391,4618222
3887549805,4603213
2962560749,4606189
470430194,4602649,4620367,4641100,4641148
4169519696,4625843,4631717,4633018,4633695
970607783,4611172
1440997430,4602221,4602964,4603387,4604831
2737025892,4630762
38129610,4628190
3655611415,4620020,4627839,4628122
2295156398,4600267,4613140
3919345148,4608453,4609292,4610099,4618602,4625571
814541165,4622560
591909096,4601173
3888437061,4619764,4621489
3286196355,4612265,4615262,4619859,4623085,4634290,4636882
1849038160,4602648,4641147
3477715728,4634397
4078259112,4609318,4626399
1184491917,4627568
3357887021,4601246
3878800460,4640571
842317119,4624107
176529706,4607416,4610101
2422444114,4618075
3275477004,4616432
4039205455,4637940
3180874863,4624109
2620578584,4615220,4615279
3971646896,4609497,4626010
3628883092,4606751,4607241
2979366837,4603909
2137217085,4606714,4631940
969830569,4615007,4631007
2599412576,4629620
4133508777,4623249
3377068939,4602638
3351529875,4636926
3762821856,4605904,4608697,4611219,4613021,4619630,4620051,4626198
164031372,4615820
2388371853,4610612
715115720,4625498
1288810556,4602637
52177347,4610213
2376894688,4622869
512489339,4601930,4613109,4627896,4636057
2087552721,4602634
2576236637,4628249,4629813
2700475464,4600867
1402569868,4620894,4641408
2627110540,4604524,4624535,4624574
3180883397,4628349
1234260799,4602633
2433813746,4620888
339009794,4602631
2448249235,4604598
3085846289,4621508
2486974510,4603099
3439548899,4600870
498827214,4602776
995026304,4600407
1803157312,4615955,4623839,4628065
236542737,4607125,4624519
1981646923,4609369
1285556888,4600430,4604342
2115470195,4613458
591361455,4602618
1637419410,4603857
2860022757,4600336,4632458
1695532961,4610020
251742618,4608480,4619380
1449962535,4634218,4635427
532097088,4624742
3856250791,4601050,4603639,4606939,4636833,4641487
3849414781,4608893,4632558,4635645
282077350,4603281,4616152
3377452621,4603166
868250491,4609354,4615049
661779899,4601328
481340914,4600245
2024463782,4602617
1234855244,4607313,4633740
1300715441,4600293
724376542,4601837,4608308
2723101782,4600650,4605736,4608223
2376325033,4618291
1738491999,4613923
3407389784,4606184
2593007291,4602793,4637986
2771021341,4602613
2876401912,4628478
323912511,4602612
771562486,4640088
516758450,4618973
203473956,4606731,4608815
706954114,4608832,4639754
3513373173,4601146,4604079,4615463,4619281,4621629,4621714,4627988
669867683,4611240
504510134,4607628,4629805,4630934
3638280886,4602607,4625791,4636506
1201757940,4637636
2957946153,4606634,4614275,4614376,4614477,4614578,4628713,4628829
542057714,4602601
2972924409,4630454
3191698928,4624772
3224153782,4611763
3347902466,4607143
1426661732,4604697,4606909,4608800
1234463226,4608114
2467881437,4631290,4633154
3626303702,4602597,4619623
8961352,4602593
3005323726,4641048
2943371473,4640885
2113020977,4622196
1323200473,4602587
1427601702,4641082
3698027047,4602585,4626230
779483547,4616226
83120860,4602760
1536456895,4600640
2082094484,4612838,4635151
4141762028,4606514,4636107
3058442422,4604955,4637090,4637409
2484285623,4602451
2725433932,4616134
2751752240,4636726
88216833,4602583
2962162375,4611134
3053842824,4607284,4607506,4613723,4625326,4629991,4637799,4638560
3648190241,4609017,4626016
1809656194,4607775,4638187
1076977664,4638336
1796102135,4618450
1664791133,4617465
706318543,4601405
1045783971,4602579,4619972
1464076431,4601806
2108037437,4602578
2830856629,4601330,4608242,4609260,4612839,4614098,4624626,4635152
277608179,4602576
2155076574,4605997,4614072,4631273
3017544060,4632379,4638410
1767029218,4609691,4616981
1887821712,4602574,4607701
58692323,4628859
892025991,4602567,4623349,4626271
4252922945,4602562,4640670
1277224386,4629899
4056177689,4602561,4640669
397724129,4616364
3713905562,4602119,4623114,4625871
1643297382,4600745,4621906
3301809772,4611459
3383477734,4601529
751735371,4627212,4628639
2315791877,4604387,4604575,4610105,4628510,4635480,4641216,4641522
713116698,4602553,4620849,4625930
939730702,4602550
554802674,4638002
3256656411,4602549,4622194
1648261165,4604124
489951291,4602546
892093975,4633587
3667626917,4624814,4641577
1269799554,4604694,4627706
1105174256,4600127,4608487,4619155,4622749,4625853,4632806,4633543,4634869,4636285,4639787
2119529987,4636373
4009472317,4618067,4631508
2791412329,4602537
2437145607,4612341
3713101476,4601919,4621947,4627516,4633849,4634137
3272442657,4601524,4614941,4637978
1475342626,4639137
3143064359,4602536,4615643,4640325
2035811185,4635278
837038947,4628116
66300457,4625028
563487218,4602822
829785311,4610561,4630959
2825226414,4605105
737693680,4613879
491637325,4628789,4635437
3282754769,4600747,4618729,4621908
3353783871,4602534
1826366201,4615009
1825273696,4602531,4623388,4627136
3472949175,4615108
1782034201,4615060
719066277,4621033
3571673068,4602528,4603054,4606019,4622387
1752205068,4602526,4607557,4610188,4610826,4621312,4633698,4634879,4638775
43109874,4600662,4620413
2792408308,4637544
3243355903,4600113
3683708461,4602523,4627805
4220202802,4604337
3204825436,4600408,4628484,4632995
374145728,4630261
1731077516,4601800,4602314,4604766,4607679,4610550,4617515,4621811,4622476,4627474,4629046,4632377,4634908,4638178
2496969087,4616182,4618465,4618894
1015414339,4620096
3514849569,4613160
1850726113,4608032,4609732
2271461758,4626329,4638348
4201136853,4617366
2979682221,4602517
811352865,4609489
3392453766,4602513,4616618,4618976
694519397,4602831,4637160
1052650030,4602512,4618975
3208135242,4640869
484267753,4620676
313275420,4613245,4641285
3305179358,4612235,4633709
40457642,4609203,4633838
2780591823,4639356
910271564,4603835
3225004361,4609903
1138306958,4602509,4607678
3821682810,4637446,4641234
2593336022,4600096
3620653021,4617057
29913043,4624713
1165627197,4601934,4616265,4616772,4629497
3505628760,4603615,4633810
1687788651,4619682
3933088487,4616045
2716590596,4601375
4101643169,4604648,4614419,4614520
1363530037,4603046,4603440
21826478,4635388
2342528558,4614769,4621682
4107978079,4607616
2688470701,4621655
2589794572,4604851
1414218629,4600036
3023732173,4602490
1258723911,4610969,4613150
1110773028,4602002,4623565,4627476,4628699
994730512,4616462
2304207005,4609134,4616057
619628560,4601821,4633814
209527889,4602487
3053892588,4623645
202005873,4612619,4615351
2320424480,4609729
1227847827,4637863
3649051943,4606701
254962579,4608352
2990775041,4602482,4604603,4610321,4610880,4618692,4624639,4635688,4639478,4641445
3268916660,4604115,4623039
275292356,4602481,4610879,4611673,4627949,4639477
2071891230,4622808
2125896930,4601336,4606455
420396252,4602397
3086657661,4601297,4602351,4631979,4640156
2749806237,4602480,4610287,4616972,4640978
910111862,4602479,4623069,4625781,4626407,4631757,4634085
2024043435,4640976
3593577662,4624795,4631089
140067449,4619802
1167050127,4602476
1158685308,4600494,4615684,4623744,4641134
206667685,4616143
1819205065,4600962
436243576,4610170
2067575754,4614840
1684954797,4602475,4623037
3792802689,4605786,4625780
4044676769,4602472
32728552,4629287,4636527
1518682529,4609205,4618887
2947460568,4602471
1139509716,4602624,4635289
881195330,4614919,4617540,4620498,4630156,4633510
2445006987,4607286,4613725,4626852,4637414,4637801
3020290061,4603441,4616887
809607789,4640645
1439211383,4625203
1145008903,4613819
2205680245,4619700
3008822155,4602470,4610233
630327373,4629972,4636973
2896406545,4625760
3168363820,4604492
2495827358,4601478
1818996819,4640193
3211572369,4602468,4605249
2229221915,4600023,4610842
914480384,4613615
3199088281,4602463
1679946502,4613682
3276404779,4604874
4148166009,4600426
3160856431,4626957
1236221868,4612206
1959138853,4602461
1526492682,4603460
2673151805,4609365
1176422965,4638976
2401400826,4602353,4605125
500956246,4603270
3554652827,4601403
1524965758,4631830,4635443
2965272060,4601627
466083328,4602458
412733834,4621376
997126942,4605857,4607873
3565726812,4639139
441574218,4603412
2017857805,4630318
4269123985,4602738,4619191
2651528910,4602455
198055007,4612312
704373236,4609779
278656468,4614793,4628357
1237257643,4601816
1318005369,4617493
4153176034,4611696,4626896,4639949
1956341382,4636959
2409834960,4625933
93041864,4602866
2052658898,4631127
2830598148,4607366
3027433903,4602957,4622837
1945621750,4617836
3643560958,4602452,4608899,4631670
2225927215,4627143,4640062,4640798
72745673,4602390,4608713,4612326,4614197,4628367,4639685
4262255543,4603331
4068549889,4600204
78283174,4629688
2691207525,4616000
2791203865,4604117
371823680,4605684
525258976,4612556,4638520
2250476191,4633527
653913397,4601621,4638375
1024109612,4600909
3486344302,4610274
1646257410,4601795
251663958,4627465,4641584
1677800193,4602225,4608887
353789292,4613907
3046436343,4602436
445479168,4608000,4609506
4189339567,4600191
4193452527,4605545
2926236072,4603375,4603396,4613158,4613799,4617014,4622803
1296189039,4601999,4611063
4164220312,4604932
4213421273,4601387,4604019,4613007,4640566
3966550875,4624192
667754134,4602434,4605348
2379246474,4602433,4605347,4610521
2253567418,4604243
3470002245,4608388,4623715,4635952
2470853650,4624412
4081663662,4602548,4622193
371337289,4602430,4611879,4621425
2239243550,4640836
2065730951,4605893,4624023,4626893,4641506
1969284388,4638747
906915118,4624040,4627714,4635668,4639533
1030999643,4602428,4611556,4635257
2853436433,4628286
126277168,4601340
591722616,4602423,4617084,4620475,4623283
4013334752,4602419,4605016,4611766
4154079198,4635452
967434294,4619007,4623315
117693180,4616075,4622452,4622983
1125310957,4601487
1501709977,4602771
3028134175,4631028
2628491995,4630715
3288235913,4619695
1426890887,4616042,4635601,4638283
3055610194,4602418
1269341308,4617004
418951512,4621693
510555466,4603049,4606691,4620877,4624827,4628447
3175891063,4607218
1197980334,4630708
4199334253,4605343,4625307,4625559,4626039,4626481,4636733,4639631,4641342
206288304,4602414,4606944
594462895,4602238
3054127385,4635389
2909777864,4617234
1998795484,4632983,4636894,4637288
126777903,4622058
3541404012,4602410,4636756
3641367995,4606795
3189882265,4612810
3505500593,4602406
2891365624,4615864
3761415943,4624982
2788053210,4600879,4632021,4632954
394413314,4603689
2526487365,4634932
2588156731,4618265
2806776948,4605042
1611730275,4632979
1836393987,4602403
1624584810,4602401
3566345924,4604918
92655555,4602400,4607016,4629035,4636658
3757393290,4602399
1678828779,4604330,4639734
3548646404,4605200
122751113,4638634
964674259,4601085,4615430
1930534792,4634572
3411962577,4601335,4606454
562367724,4602395
377810108,4623302,4640441
3315514452,4604113
2009116569,4605866,4630569,4637133
787150792,4623261
3023321093,4601633,4610890,4622946,4631693
4172621100,4627681
3637347462,4602386
677470696,4631486
1556349171,4623419
408316574,4602384,4610085,4622323
3802454152,4604055
1574609430,4602184
757220302,4601012,4611102,4615801,4618397,4618508,4620917,4639918
4003001245,4600194,4603950,4617282,4623656
2782660301,4603100
932666120,4623752
3133732716,4614337,4614539
4146873631,4601070
2730754094,4600532,4603428,4603564,4610766,4617376,4623274,4624919,4630120,4631719,4634142,4638730
660149839,4605751
1925359726,4623602
2270893338,4615302
3606499980,4613144
50513081,4632665,4635300
3022575337,4606440
1658335709,4625745
2065770140,4615357,4641544
3990506890,4614331,4614432,4614502,4614533,4625994
2283487107,4611909,4634022,4634273,4636156,4636374
2649977549,4603963
879547876,4623244,4631483,4640993
3135571701,4604086
2746447774,4616765
74984862,4633509
1289624489,4601959,4623703,4630118,4638754
913225469,4602750
67045950,4611271,4637741
2439121121,4639676
3238148311,4608035
2643365535,4610682,4622650,4638381
17712978,4609684
3685753530,4607907
997464285,4638790
1731684635,4638496,4639210
2306356717,4603874
83230575,4616328
2221815539,4612285
116249932,4602372,4603791,4606936,4609413,4615698,4617623,4632628,4636495,4641484
3308650813,4611233,4614223
2959434803,4609580,4609727
285766007,4618547
1969895186,4608934
2327362822,4602239
4171095392,4615822
1668886205,4613854
3922942521,4600784,4608077,4610774,4612476,4623401,4626878,4634963
3669266817,4625816,4628527
4170851185,4602371,4609412,4614993
3220993933,4609272
806643251,4636462
1094056443,4628871
3762220910,4604543,4612294
103560794,4600310,4632320
4095679808,4627858
615218179,4602542
3622219048,4614774
58930173,4627696
3194861153,4626832
2079797750,4602364,4603661,4611579,4613536,4636257
1988850307,4606740,4621416,4627967,4628093,4639520
3860289016,4631642
3161326673,4606026,4640328
1436817312,4630542
862736721,4601275
2123616021,4602363,4641250
1095325579,4605511
2187372267,4614151
2914804966,4631282
2854910073,4614789
3492194003,4641064
4168165348,4602147,4602654,4624351
3333267011,4615326
477625614,4615936
2316006098,4640140
2773254358,4622606
3991648667,4602808
919903847,4615520,4631917
2557915873,4610820
375283678,4602357
2645437399,4619157
3786114934,4608455,4609294
3695695907,4602356
3852900955,4640217
335175393,4607096,4629549
2877866617,4611200
407687106,4604922,4619419,4622010,4624184,4631335,4636836,4638081
4092208044,4637135
1044409223,4636475
271536222,4602348
1747573536,4604794
3504845388,4635556
3185954588,4602596,4619133,4619622,4628798
3770760865,4632563
3814762652,4615181
2904715173,4602343
179225884,4602341,4616940
3168972127,4602339,4623265,4633310
3965291616,4602337,4604327,4613236,4615704,4627139,4632194,4633308,4634995,4637995
3075139564,4607361,4613400,4622779
291950942,4613281
3550692564,4641154
4290570654,4601866,4603140,4623794,4638676,4639884
1282621427,4601145,4605271,4618995,4621628,4629739,4631811,4637434
1872826577,4602334,4619467,4619476
752598271,4622571,4640539
290618083,4604947
1686338396,4608527
1386362229,4600838,4629827,4637842
3377287309,4635316
3098849350,4601392,4606707,4626118
664477114,4633380
3291957287,4630289
1385170322,4606576
1954261815,4602605,4613395,4620153,4633859,4635593,4636266,4639241
981945449,4621860
4286811402,4602329
679068579,4616172,4636774
3030502474,4603248,4621763,4631547
1868522417,4606802
3364305902,4602296,4618216,4622021,4629183,4630030
4150937498,4602322,4610754,4626811,4639404
1115702648,4629731
4212595222,4613205,4623934
1122039960,4604608
2629710023,4600302,4603757,4611682,4631532
3099005343,4616026
3590311268,4607215
3270904170,4602695,4632105
2686283138,4615148
2881876311,4640376
2710421072,4607413
381573263,4601516
1859194932,4606532,4610732,4612183
4122376878,4602554
75859476,4622538
887436562,4602317,4628538,4640803
1068185466,4601953
2142075952,4609816,4609912
1291262478,4601164
3059436278,4625907
3811967132,4604640,4617470
133678290,4613228
3802155844,4602316,4614693,4628537,4635426
2502347718,4615283
485435226,4624531
2725154473,4601051,4605994,4606940,4617018,4636834,4639192
282066709,4602313,4611009,4632376
400473903,4605550
3115564112,4615824
1379573667,4601566
1129642663,4600188,4636498
2387604806,4600984
2006898946,4602515,4615073
879632777,4602311
2762113776,4616240
3558889538,4622997,4629408
4237303998,4601376
3597189329,4630559
2537777514,4601413,4613551,4615353,4629842
2945526086,4602309,4604581,4633741
3545627409,4607110
352887576,4614634,4618135,4623702,4623797,4628769,4630117,4630854,4632489
2224479784,4602305
3588305026,4602304
4188331827,4612662
845960589,4609236
4132357012,4602302
1510689598,4607821
3203541184,4623456
3087146042,4617508
2882798760,4606169
2978263297,4605975,4620486
2394924586,4602301,4637101
3725410379,4602300
191332981,4604686,4613911
3150361887,4604410
553628786,4628800
2671989510,4622999,4625575,4627881,4629410
800923458,4602297,4609792,4618217,4622022,4630031
180970766,4601503,4609023,4619647,4619773,4620562,4628607,4636867,4638000,4638194
451277297,4633360
3668525431,4631025
2947652204,4630005
919969622,4609502,4621870,4624198,4638069
3460369278,4640912
3210142868,4606645,4608834,4621898
3010621486,4608026
1293162535,4629600
1074490884,4610538
4000905465,4611416
3487153370,4609470
42798409,4602289,4603657,4609759,4611575,4611701,4611936,4617162,4617727,4618240,4618834,4620712,4623040,4626598,4632259,4633488
3289817278,4605996,4606567,4613081,4614071,4622968,4625680,4631272,4633287
442353887,4600463,4601593
820720263,4608116
298912594,4632388
92250782,4602381,4604943,4608279,4616287,4618086,4626747,4629234,4630791,4632778,4636531,4638842
47696836,4617938
3492386118,4606301,4640699
2838814280,4603263,4604548
2591214088,4602281
3084912841,4614910
2114070374,4604916
3196175820,4602277,4603341,4606483,4609434,4612404,4615971,4616472,4622287,4625664,4637526
1988880277,4608963
4255352591,4602275,4610227,4611315,4612735,4613760,4622435,4627101,4639159
3800335132,4611585
3545023974,4624623,4634532
2015916871,4601887
1988331520,4636582
3807629251,4622024,4635928
2373289293,4621384,4621944
1446860085,4603991,4631768
1508529451,4602273,4610225,4612733,4626558,4626840,4628426,4632030,4639157
2273719928,4600319,4637856
417012839,4604309
2359186396,4602270,4605340,4611255
788042334,4600404
1666432186,4606197,4606312
1308638989,4616645
3185829879,4602264
37880848,4602294,4603464,4606482,4612704,4623811,4626731
3059873799,4624773
2684534184,4608214
3309022826,4624810,4631545,4633228
514613606,4603600
3972272539,4640693
1922910526,4600433
3645615205,4602260
1836810488,4602254,4613079,4626251
3146461663,4618237
3066507510,4616698
3118732827,4635675
3976111890,4629085
1277369910,4602250,4606883,4608675,4609025,4609295,4614804,4619601,4623876,4624010,4625999,4626606,4631799,4633833,4637795,4638466
2324449429,4640846
4077628753,4619448
1236697480,4600585,4605874,4626145,4631787
4005494599,4641607
2463966185,4605927,4631640,4637255
3148141623,4611174
401912363,4607200
3029906876,4602248,4604928,4635765
431309921,4623517
554751521,4615210,4617719,4621564,4631986
3909133721,4619484
1634670807,4604786,4608159,4635681
3503859518,4606022,4636251
841048545,4626237,4634227
2051316282,4607399,4617400
1768906850,4618718
89766769,4607835
2316214841,4604924,4607389,4612794,4616337
683438183,4635746
1315279156,4631643
3179298750,4628647
3561093332,4619125
974117434,4603908
3362592220,4636321
497204080,4602243,4603303
4280482276,4608609,4609083,4634797
82803131,4640127
3099458665,4602237
3280948131,4631526
3396777499,4616763,4628472,4640926
749252294,4600338,4622718,4633731
895185256,4603028
2409602834,4602234,4619744
3312832197,4601080,4614100,4629353,4641207
48639795,4602231,4612398,4634349,4638168
3058711445,4603424,4634526
952837770,4633005,4634335
2849749407,4625685
2999216611,4616496,4623848,4625770,4640346
3622484287,4602230
485488121,4605010
626211545,4613057
2885456963,4621779
3614842517,4610639,4622882
365604484,4602228,4608890,4615462
2532729374,4620077
2991417786,4602223
3487374825,4640694
4170238326,4616840,4618002,4631345,4635031
329088474,4614981
1890933622,4606725
3746666832,4602220,4602963,4612160,4639586
3503824551,4637340,4638248
2046879350,4630540
3532061817,4615821
864254578,4603224
1383701012,4633641
3891185663,4620511,4624462,4638091
804939927,4602213,4614411,4614512,4614613,4624465
3840871115,4602112
4024229191,4600807
1126028354,4604202
3792341197,4602211,4603788,4618070,4625377
3978687281,4628631
1505200504,4609450
421281308,4602662,4608514
2674386816,4602210,4603787,4618069,4625376
2560712950,4637430
2154512935,4621337
809796722,4602206
1612341292,4601841
3661420418,4617203,4622772,4628419
2192837345,4624790
2341430171,4602201
3166232087,4604030
2895349360,4602197
3982516902,4628180
79447812,4623391
2718937824,4601461
978050386,4601448,4608841,4639992
1412591561,4603405
737140472,4607273
350634354,4602065,4604073,4615355,4619833,4639901
3123467011,4602195,4629673
3508032585,4621291
1785353623,4606594
1239330279,4604999
1264002592,4601701
2780122610,4616747
3380177371,4602194,4603066,4629672,4630573
4188858732,4616846,4634064
2017384694,4634057
2381151659,4631450
1262770763,4631276,4634135
3890096634,4631250
2168523503,4624850
2433974377,4602191,4625373,4631481,4637678
1285010592,4602189,4612038,4637676,4639346
2461574055,4617075,4618854
2537072577,4606285,4612896
2457477861,4600964,4624570
308982454,4633916
2660519217,4629637
984722346,4602131
4036570549,4609106
1678295932,4602897,4613464
2173623177,4600998,4621456
3449263528,4609480
4034139293,4605575
3993680572,4602527,4603053,4606018,4638776
801457222,4604487
130237987,4602188,4602651,4611541,4614864,4630341
1421004024,4633824
1540022300,4632878
3372821456,4616789,4623721
1735780104,4608971
2007573484,4637615
3801539970,4602179,4630054
3952266527,4600690
1319884736,4618949,4626388
3267047391,4606815
1673906928,4602097
1987140672,4607325
2713530005,4633234
2530682135,4629728
2859011074,4605376
866176879,4616474
3031855967,4602095
1245482257,4629225,4635711
1390706156,4602174
2957861596,4602111,4639970
3574786709,4607476,4621186,4626054
1880427673,4600419,4614989,4618511,4635651
2414698348,4602167,4614768,4615596,4628903
4001168512,4630718,4638391,4640757
594437522,4615934
1762004042,4601482
3085583745,4625542,4633041
195584436,4601016,4624486
3468858358,4600083,4613727,4622886,4637416,4637803
192538275,4603044,4607648
3481881409,4602969
1904924530,4629635
2855399133,4603522
3911054582,4602161
3824153708,4606116,4606352
673142809,4622104,4640835,4641551
1244728851,4602199,4635179
2639596915,4602155,4631068
3248073001,4602755
2727150348,4615941
1203838494,4602152,4629507
3727989997,4610051,4612721,4631994,4637381,4638950
2057199162,4609102
2816982210,4607295
1164974156,4619581
3175760669,4606072,4606663
3536610356,4620997
1459216813,4602148,4611734
3053513555,4602146,4640494
580833190,4607841
2236262394,4617220
640471110,4605709
2790152284,4628922
256050538,4605026,4615107
1532629579,4636524
736791297,4601809
2026144762,4639387
3247007903,4602142,4604166,4607444,4620761,4633437,4635166
290634872,4631846
4065016094,4600811
3075740654,4602141,4604165,4614733,4620760,4622467,4625562,4627822,4629231,4630153
296592704,4607296,4638371
3260587516,4616125
3981910729,4615190
1461464850,4602138,4608104,4618840,4627370,4628363
695945000,4610198
1731562622,4602136
3471507049,4606131,4606252,4606367
134290303,4621249
1418674434,4613488
3590397986,4637771
3728626861,4637226
1869287761,4602134,4604755
312268293,4610090
2434722742,4600587,4629525
2659245849,4601616,4634672,4640791
3496755520,4601198,4614852,4623591
1887231430,4624514
3137437668,4607588
3307413469,4601303
3529249984,4636354,4641326
1114629420,4635719
2101545012,4629705
648843116,4621784
1004200622,4621097
2097996066,4620290
2912864928,4602129
4234504500,4613577,4624724,4637634
1177709269,4601270,4623563,4636009
867305680,4614779
2937576949,4602128
2515225877,4628730
3966719074,4616400
1974234161,4615213
4183202153,4602809,4637816
2351050920,4602440,4615056,4623387
224931583,4611805,4613173,4628081,4629177,4630023
830335480,4601311,4620614
3949732815,4616871,4624693
2830040352,4602125
2868288943,4605642,4628515
207685274,4611830,4616231,4618960,4622341,4631389,4636758
1336702728,4615474,4626126
2245001451,4604806
3325153190,4611184
2725316533,4604007,4606054,4612299,4625913,4627447
3816268904,4627080
1556541831,4602429,4609718,4611557,4636245
779601906,4634916
2260592502,4620986
2218288037,4602124
4240779927,4626454
2061778517,4600847,4605203,4606656,4607042,4609440,4612921,4616915,4617799,4621959,4623416,4624216,4628026,4631308,4636839,4637237,4638043,4641508
1821170265,4605197
360463761,4608189,4624117,4633570,4641151
1491065053,4600287
3633801536,4605318
3492261970,4632670
2055350312,4602684,4624249
1528402241,4636731,4641329
4082280360,4601672,4617361,4625233,4636540,4637874
1626881799,4602121
1352993576,4600410,4641024
578990855,4639926
2220146927,4605594
4288957310,4620686
1022461121,4614112,4615069,4616284,4619748,4628184,4634520,4641360
1657901756,4606139,4606260,4606375
1865515097,4602117
4277913373,4621239
956511389,4617150
828729110,4635236
2386099196,4619735,4624075,4624997
4279127566,4602116
3508379012,4629081
4238227472,4602115,4616964,4627021,4627644,4633358
3982825135,4602376,4619710
4113017861,4600836,4602696,4609527,4614811,4623784,4630396,4632106,4634761,4635382
2366627825,4603010
1034816687,4617455
214444387,4602114
163006553,4629679
2964307929,4613002
2902499434,4619166
1060853630,4609254,4613570,4616831,4618170,4624098,4624287,4632987,4634133,4635105,4638817
3914632478,4600707
2615718242,4602948,4621555
2001377989,4616849
2844149796,4602110,4637648,4639969
2350063277,4629641
610256793,4625654,4633446
495970445,4608245
471498333,4602058,4613389,4629748
3712833047,4603039
3951101052,4603827
2175847125,4627346
1184482492,4604467
1816811533,4603797
2652725990,4618039
1474475918,4602108
3137657678,4602198,4635178
2774042869,4601910
2977503840,4601003
2077228821,4616768
2028292760,4632990
1949110117,4602100,4616371,4618459,4620706,4625160
233629798,4607104,4629659
2186226160,4634856
668948877,4616665
667046633,4616188
2963633526,4605172
3338870345,4604677,4605053,4615093,4619997,4624868,4625322,4633439,4637197,4638269
1764098265,4636947
3140600690,4609281,4619201,4620503,4629590,4640046,4640577
3897873744,4602098,4612918,4625000
3941735907,4601188
3441154502,4602088
150074205,4605443,4607564,4614659
625144346,4614714
2402534304,4602085
4164192410,4602082,4613866,4617768,4628336
3447574877,4602081,4608393,4610803,4612682,4626861,4630603
3983892678,4621676
3940739552,4601546,4611721,4637444
3943156950,4604762
2794251485,4639057
4194825022,4605140
1115008536,4602570,4604439,4605932,4606010,4611149,4616214,4617403,4622159,4622333,4624972,4626871,4629377,4629455,4631515,4635653,4641431
916649758,4604432,4615116,4617805
3757763560,4606539
3019648237,4638785
3991930856,4623962
2303018315,4618244,4637688,4640951
614414378,4602240
3352191440,4602079,4605191,4605469,4627518,4628726,4629616
671184523,4604442,4605764,4641095,4641599
1708740898,4602029,4622097
3410203335,4602077,4610851,4616666
3696392404,4615337
504173527,4616296
4041521160,4608266,4628640
1089135171,4640974
842997764,4606087,4606208,4606323,4607879,4613764,4623448,4627119
3313887124,4602075
2742482847,4602074,4603356
3632356514,4600286
294325276,4629369
424607598,4602073
3661985424,4610905,4635208,4639613
39161726,4600621,4637545
2491201420,4601754,4604454,4631510,4641315
630329007,4629622
1837484987,4603273
1868653456,4601197,4606806,4612166,4623886
2801717650,4609069,4610668
3107753148,4602069,4640107
2317505074,4635360
975643448,4627181,4633045
1122898990,4605083
868017803,4612638
3669354859,4605098,4615669,4620279,4637912
3122202186,4602066,4604074,4619834,4630002,4639902
249052510,4612539,4639953
2147327148,4605227
1886154320,4610260,4615917,4622156,4634821
2559818609,4604627,4604629
4121199239,4602120
2977770653,4603193
2329349656,4603451,4624093,4630822,4639262
950850850,4602064,4602768,4629192,4639900
2472939008,4611599
1575694190,4629710
2122643346,4609547
3882203083,4628386,4631374
4042754314,4602034,4606512,4610014,4613804,4616927,4619456,4622018,4622128,4629905,4630426,4634214,4635054,4637653,4640800
1503484563,4626562
3902237738,4606789
2003937383,4613745
4020894408,4602061,4633044
4273898743,4611856
2228838330,4636221,4639653
16199084,4635898
1151244596,4611057
3691081233,4602525,4609224,4610187,4613990,4615162,4623635,4641131
1255601372,4608357,4619619,4636291
2419659023,4603313
806918146,4609255,4632988
1431055316,4638710
1772139887,4602911,4618147
2298128944,4602055
1801959468,4641554
1628472586,4623516
242763475,4609670
1499337020,4604537
3266176495,4627812
575175332,4603288,4619842
2056460336,4602053
262735851,4611087
250031653,4609597
4071575584,4603280
4188914067,4638576
3339481557,4604111
116380292,4637118
1826432207,4627151
1715206182,4611840,4631576
3984634686,4601708,4611864,4623074,4639292
3167157112,4600056
3513050762,4602050,4629413
2953377451,4600373,4602438,4638856
3980868240,4619979
2590941541,4601684
2590921117,4603815
1784417284,4617346
2276897834,4604148
2952207307,4602718,4606564,4607206,4608894,4610448,4630691,4633284,4635646
615036776,4623596,4629356
3586713277,4610993
1966907845,4627172
118138432,4602039,4610897,4619054,4631690,4636545
2637622093,4608662
1672104733,4602035,4616174,4616261,4621592,4631501
2550922598,4616701,4630421
4140661790,4637709
2601062151,4614242
976703888,4635709
2463197922,4601255
587224257,4600330,4606281,4614141,4615595,4628902
277673137,4639006
3741958773,4627285
2707698184,4602799,4606069
2457528227,4621733
2954406384,4602222,4604582,4616138,4616836,4629502,4633742,4636905
4194372092,4605815,4625522
249847198,4609558
4048384259,4600896
3625719051,4605864,4617612
192875546,4602030,4622014,4622098
1380321880,4633192
2927019411,4625029
776821041,4610473,4630696,4637097
3570501195,4624499
862501095,4603233,4628150,4635826
2745507930,4605588,4609605,4612509
4131948187,4604886,4612163,4629875,4633518,4639236
3295020584,4630640
1012765419,4601222
229644982,4600281,4603664,4621872,4625198
480171905,4620317,4627663
2610079562,4601430,4616520,4628947,4630246
3645523133,4614339,4614541
2344683856,4602860
2401623295,4633233
4111135153,4602025,4604567,4604571,4616727,4619194,4630807,4634220
4042684415,4600170
2634433304,4630650
55172506,4613138
3941868294,4602021
4282270675,4602016
2300932167,4614231
2226607540,4629008
654064424,4603090,4605093,4628540,4629029,4630300
2930968437,4601262,4632309
2539247093,4605007
1123095943,4612074
523747700,4612024
1571999821,4611848,4615196
1094686471,4612567,4612681,4628326
1495327334,4600296
2959934511,4603576
1498841148,4602010
2007564274,4614250
520664969,4602611
4200211434,4603363,4620984
356985803,4616018,4631661
3697801828,4611358
740915570,4628857
2819440661,4602006,4610958,4613011,4641125
2176880467,4602842,4628732
2230158440,4635750
244651738,4602954,4612689
4262184438,4640639
1993945038,4600008
48041642,4611032,4617411
2265091970,4600474,4602150,4602564,4611332,4613154,4623346
1757001201,4611859
3726132213,4606079,4606200,4606315
3099622668,4626099
1222950310,4602510,4608067,4620127,4629573
2296127753,4600075,4600138,4617576,4618915,4625966,4626585,4633456,4639412
1628418631,4640726
3030843792,4607275,4629924
631908890,4627767
1763894079,4610145
3094295256,4607844,4607956,4612433,4613527,4621660,4624299
2937994987,4600479,4606839,4609898,4621873,4622546,4628029,4634151,4636437
4207231805,4601686,4615345
2899968355,4601997
3947077742,4633723
85130135,4615080
1137957924,4603604
738385515,4601996,4605571,4627762
2808049786,4601993
1379664826,4600987,4613675,4628973
3434576760,4601992
3164124670,4600355
1896113853,4640507
601905828,4633480
2798163345,4601991,4616621
1701955188,4603207,4606613,4611189,4625943,4634470
2312087098,4605309,4623582
2423487217,4627964
1327608696,4601988
1357718299,4601987
4239680437,4609140
1453355685,4600862
383328210,4600021
148480566,4604739
2446378532,4611243,4631561
3826018431,4616664
1328414758,4619308
699865561,4617571
1493903653,4617454
2400505054,4601323,4618632,4638858
3382999166,4634051
3261872096,4630902,4639762
2258960530,4601985,4630826,4632958,4634466
3314547601,4635933
627455422,4606490,4622490,4625858,4635483
3242334044,4605303
186228632,4610941
217821306,4605210
3171508108,4619183,4620864
3360785228,4603897,4607421,4607500,4625065,4631816
571817457,4601984,4604877,4607333,4628021,4632957
1022974103,4602107
1150284945,4600384,4613276,4636899
1440443514,4601982,4632190
3089282809,4602092,4630072
600941125,4610513
3974442329,4603686,4641407
1578621926,4604321
1573047788,4607935,4619968
1739208692,4600704,4606569,4618846,4619848,4626042,4631733,4634541,4636847
2496702927,4601017,4614351,4614452,4614553,4614654,4622203
2499215205,4625986
2310735312,4618816,4620436,4628172
1282183897,4601976
2835139296,4635076
3623133893,4625549,4640354
3921502527,4611366,4622318
952479384,4604225,4639286
4091264951,4607431
2363630691,4601973,4602383,4609601,4610084,4615158,4624236,4630793,4633210,4634107,4638931
2000604326,4601972,4617337
2934874729,4618783
2375401394,4600802
1786667782,4608600
2955378219,4601970
3601109860,4614754,4615895
379096664,4632301
4005527985,4630463
1415080292,4603850
3582971382,4602259,4602328,4627198,4628023
3547265445,4602871,4605250,4633895
2779676929,4601810
3766655904,4608129
2781512013,4606830
918284590,4632623
3531028922,4601955,4621248,4624691,4641480
3847058839,4606778,4634347,4636077,4638068,4638386
3657658602,4603175,4605858,4607874,4622285
1908028806,4628452
77595614,4602453,4631671
2036902707,4636823
3588177864,4615250
58152826,4602916,4604210
2789128065,4609456
2828629377,4611817
1402621733,4609797,4631449
2713049348,4600521,4612198
3473786830,4614911,4619006,4623314
1238156586,4611398
3402499306,4600634
866392391,4637624,4641197
546061439,4602093,4621138
1709210783,4619296,4637045,4639323,4639377,4641262
437196529,4601948,4614188,4616131,4624086
4245089573,4621170
1848728079,4601946,4610527,4616129,4616807,4630097,4633851,4634983,4640168
426178422,4629302
3658008095,4601578,4608422,4622349,4625196,4628475,4636555
1722359148,4607172,4609811,4633316
4040073327,4634410
3192183837,4600980
458276141,4601583,4611248,4628614
1334608635,4640395
3104195405,4637033
3942363869,4601939,4616777
920859660,4607752,4608447
2327813305,4602939,4616301,4624061,4639932
3522486136,4618546
58251934,4615902,4627022,4627645
3721357004,4622896
505934777,4601502,4628606,4636866
3353298240,4612919,4625001,4634953
837390184,4630477
3265692192,4608275,4623624,4631474
3859834970,4600392,4601664,4613733,4618441,4621977,4622180,4631099
3162287084,4630730
683579756,4600250,4600297
2956319631,4605205,4616551,4624348,4633294
4131573280,4624532
4152558352,4601575,4602980,4603466,4606084,4606085,4606205,4606206,4606320,4606321,4607877,4612706,4612707,4622244,4622245,4622246,4622247,4622248,4626227,4627303,4627304,4627305,4629782,4629783,4632715
2034732400,4601571,4625145,4631685
291281001,4631480
3220575886,4601938,4616776
2148228070,4601937,4616775
3181582258,4616712
2251539178,4601935,4616773
1929388995,4607378,4611732
2908317344,4625848
2084576117,4606075
1049196720,4638936
254695722,4604455,4605174,4618711,4631511
2940292561,4617457,4626613
3418628761,4602551,4608249
835620626,4624732,4625058,4640972
1669108596,4614628,4615543,4628763
2694737346,4617352
2429183604,4610332
2819493772,4639130
1646644270,4617008
3563435148,4600516,4618818,4624671,4626855,4641264
3268556134,4625547
907504081,4601932,4640005
2279733201,4618544
1941066028,4610856,4611689,4620070,4626298,4628950,4631893,4632930,4633667,4636795
1154963695,4600795,4607789,4632150
2367327044,4600133,4630366
1502130013,4603891,4630655,4641575
793566242,4600343
3867530324,4630446
2766585554,4625580
719898109,4601931
4021795341,4611241
3080663771,4615516,4640400
3322955674,4603004,4621134,4625957,4640738
4184178255,4601149,4604604,4618693,4624640
2860291381,4637143
3904350147,4626117
3596183336,4601763
1170170141,4609001,4615612,4616963,4620783
416667055,4601775,4610719,4615686,4623746,4641136
4197207974,4605577,4614921,4623834,4632586,4635913
928159621,4633876
1723432129,4600367,4610934,4616754
2860972190,4603553
4141200627,4611898,4612195
289333787,4628134,4628590,4639504
1828110482,4609822
215804456,4607323,4613125,4626379,4634651
656520548,4623923
1078202197,4601029
1638112927,4601667,4602024,4612292,4630806,4638533
1442818029,4609702,4612902
260885014,4612060
2047242699,4617425
4279452582,4601095
1026748447,4602398
363374102,4605222
1289525580,4636901
2648849049,4606745,4638574,4641618
2984620767,4607017
1364629786,4604241
116424839,4600076,4600139,4600670,4602157
3176876424,4608086,4612059
2817562224,4632086
3138124629,4601861,4616726,4622085,4631439,4638671
2059689794,4609852
2631766021,4618610
3047661345,4609461
2693259605,4600696,4618945,4621275
2917563279,4601907
937000712,4619031
804635313,4615497
1074586662,4602701,4604010,4606058,4609072,4610848,4618792,4621130,4628441
375686476,4608303
2927558669,4603187,4603292
382899749,4608525,4609685,4619958
212807511,4607779
1824418763,4639017
984707279,4601906,4617619,4627581,4641291
4061321185,4614248
2041019382,4601904,4602349
1524064769,4617110,4618736,4622900,4630544
2956861707,4608998
1819396913,4602268
248518280,4616609,4620364,4638801
2934268307,4614759,4635979
230714154,4625834
2885814385,4601257,4613131,4623523
146928168,4610372,4629391
1279299137,4625185
2692834042,4601105,4610108,4617681,4638638
3933062084,4601223
2418399552,4601902
3593379959,4616255
939942374,4606779,4612397,4634348,4638387
1091551059,4607757,4613198,4624801,4628455
3635404145,4600382,4613274,4620938,4622767,4630208
3785231387,4600201,4626744,4627104
3369488249,4601901,4609967,4623846
1559179405,4612204
1446384643,4605677
2415195467,4611877,4616729,4623574,4624464
1300288803,4621978
1057288870,4602603,4609050
2138217015,4606491,4622491,4632366
1894365306,4641229
516397012,4625329,4633898
2926774271,4602559,4640667
1553466045,4620898
3184000996,4610454,4615225
3159220412,4601898,4623843
1830841314,4616808
2062259579,4601409,4607238,4637018
3251504095,4601823
3022451193,4608165
2226542021,4606526
1615150517,4603997,4608818
1399115972,4601892,4631263
2918416991,4619160,4634736,4636098
3242039719,4605987
969449108,4600831
1853779587,4608687
3858629086,4602139
3326039308,4634940
1686812011,4615245
2033573098,4612394,4640335
443746969,4605229
1080259944,4617181,4630100
1124673203,4601891
3421635490,4601889
3990547263,4628073,4640273
2496235261,4601886
3994487919,4610713,4619558,4630955
3021040258,4602811,4608362,4609584,4612534,4612951,4619984,4620158,4625177,4630817,4636121,4637818,4637905,4639336
3776577268,4615529
1984830509,4607750
65926074,4602782
2637590698,4601557
3454002580,4601884,4607493
2156904546,4604093
3656119249,4628850
2944709878,4602388,4604923,4607388,4611831,4616232,4618787,4621957,4623398,4631390,4631779,4636837,4641500
404317714,4611902
1199911601,4629499
2143879803,4601882
3461589069,4601791,4611619,4615906,4623124,4639370
2410096206,4622114
4037750853,4601243,4610455
10340068,4607051
1009919755,4615228
1040474152,4629686,4633630
2686593605,4600740
911108290,4600022
44741066,4603222,4630448
178924110,4631973
3103229897,4600381,4603272,4613273,4622766
3429552910,4601880
3130457264,4636891
3093964841,4617691
2755914876,4612713
3061816276,4602731
907650990,4630828,4632960
3977643582,4604637,4612690
825131888,4608407
4229621675,4602761,4605351
441003091,4634649
3315777936,4622336,4640426
141965815,4601067
2553886094,4603031,4641081
2164356708,4603544,4638023
2970935949,4637480
3398763961,4625144
3257011857,4601867,4603141,4622823,4638677
3303940221,4608096
804233495,4600182,4608599
1240949691,4635568
2823985343,4629930
1377378376,4601862,4605479,4611294,4613213,4638672
2084420907,4602791
2780863857,4614882
3455787740,4600529
143244690,4618184
3033938358,4604345
489087355,4601859,4611455,4623691,4623970,4631573
3573253715,4605698,4613694
423954769,4639711
1072511792,4602724
1528924279,4632671
2779593423,4606395
304917411,4626847
2875614448,4619368,4625506
902991963,4605415,4610063,4610729,4613306,4614287,4614388,4614590,4619424,4622230,4637722,4640911
2586456164,4601416,4608281,4626749,4633910
2146533790,4613702
3045169747,4626050
3753235908,4604091,4610329,4611552,4639230,4641247
2009548397,4601854,4601983,4604452,4633255
2144518979,4607952
1827510785,4601849,4606557,4607599,4616463,4629095,4629155,4629494,4635866
4021228181,4600324,4623782
526378189,4609288
439324820,4601838
4284104863,4611603,4618316,4637575
1399855683,4607101,4629656
4253498168,4601284,4630286,4635963
11993358,4610765,4624560,4638648
2852462618,4613051,4627591
1609076821,4621003,4624607
618869453,4612767,4619284,4630873
1150671296,4615193
1076638016,4612495
1494052044,4601828
1438460679,4601141,4603420,4616490,4628692,4632952,4636422,4636964,4637188
4036050545,4601827,4615135
1348232949,4613563
3600612085,4638104
1832131146,4635783
2172958547,4601599
560793904,4603974,4628675
1341837039,4628463
4229778988,4601825
4189581929,4615062
4280171178,4617458,4626614
551026159,4603448
2665508769,4614790
742070172,4603367
1441051253,4601824,4604964,4606428,4624070,4627861
3592159879,4600892,4634942
1546042248,4601817
1653577232,4626886
2095806764,4609692
2514981653,4605171,4605983,4610946,4630752,4631586
707816659,4601815,4618909
3131513583,4625623,4633283
1122064354,4613383
3086478315,4601813
3547615109,4622761,4624029
3657683869,4602817
515337981,4639801
1568757735,4602675
734088589,4601786
2990740675,4603077,4605435,4618952,4626971
2811698921,4602912
3704964534,4611234
2470759251,4605183
443627543,4601808
2758525099,4609204,4612842,4614833,4619105,4620721,4626418,4637869
3155747064,4604600,4612313
3032876910,4624989
1292298916,4609624
2327521970,4630371,4637092
452032594,4623831
816005295,4601805
2136104576,4609436
48975901,4634202
486242052,4625049,4640561
1087299776,4601804,4619594
2309383459,4632818
3094292016,4601802,4628285
1672246447,4601574,4606083,4606204,4606319,4622243,4626226,4627302,4629855,4630028,4636806,4638164
4108700744,4615410
2181617137,4631455
2699197479,4623907,4624627
691368421,4610403,4629751
2919693031,4601797
3673530544,4610268
4034945887,4631314
487260020,4600771,4603801,4605908,4620791,4620819,4626202,4629610,4639245
4090751777,4603426
2789521802,4600859,4629470
1409302397,4602331,4611707,4619092,4619464,4619782,4641424
3459995822,4610349,4619033,4628757,4636516
1614966414,4640563
1691345904,4608019,4617902
3167951769,4631019,4638346
3283909722,4603527
1419953024,4640424
1267476931,4627524
3204044182,4601793
1269655163,4615084
2727269006,4607129,4617501,4626823,4636797
4119172977,4602180
2403591907,4601792
3149892636,4601491
3487891167,4615109,4621157
1671548298,4609975,4617740
2322034096,4611308
181241618,4636655
2085971223,4601912
3790468266,4605547,4613944
1515835437,4602295,4618215,4638893
1682070645,4632721
458224332,4602705
1678350577,4637432
3799874492,4627588
656459865,4600886,4609658
4027267786,4636563
2204884015,4601788
4021737676,4601215,4608979,4630169
3128110082,4611895
2759697112,4610524
3360253537,4608946
183718,4603817
447720997,4601785
494502153,4637935
2819936161,4637369
2808492096,4617720
340843078,4601710,4605416,4617667,4622231
2767425213,4601836,4608307
2886731167,4600882,4602144,4607446,4607542,4613356,4631478,4633047,4639394
1115305001,4601784
2074765216,4616031,4625504
1953337470,4621799
3228154877,4607669
3981605056,4603306,4620746,4623722,4639617
2761772725,4600531,4634141
152743866,4622219,4635145
1501189044,4601781,4616243
38802007,4601447,4639991
3854536165,4601778
3984176971,4602681,4617293,4632534,4632926,4635231,4635760,4637171,4638266
1072424374,4620004,4621524
1560738770,4603723
1029406653,4607885,4619493
2201955863,4619778,4627110
919834828,4603368
3054567065,4602051,4606904,4610207
2013823461,4606994,4636910
762936825,4602778
2218284467,4636770
3669469060,4601772,4607644,4620182
594856836,4607778
3821340139,4617206
1382958950,4601771,4607643,4610157,4620181
390605619,4626994,4634789
3266666314,4603509,4614038
4289841064,4607073
417002216,4636977
1179356964,4613508
1244071819,4602947,4611639,4621554,4627428
4100373449,4605310
4219820942,4627038
3443347561,4612708,4623157,4626228,4637644
411993217,4611843
3488435885,4610241,4623901
2779682906,4601765,4625353
101750492,4602441,4615057,4630594
2875534678,4601762
3345135174,4635433
2088396818,4600718,4614725
2448486252,4607260
2239933082,4605648,4613446,4639610
2672323355,4618778,4630530
2155643108,4601756
2758793792,4601654
1004660334,4601347,4603869,4604028,4611560,4615142,4624709,4626076,4632505,4633257,4637253
2868823924,4608820
140010595,4638329
228168471,4602298,4618218
754441159,4602644
3256303315,4604634,4612439
306708810,4627905
3533446517,4601751
4052953690,4628384
673122682,4619760
101768093,4606119,4606240,4606355
2463771675,4604459
2179514005,4602785,4620813
1333825138,4604748
622558126,4601750
524273297,4637751
1102571476,4612685
2918379665,4623247,4623279,4630802,4633291,4640996
2706600170,4609438,4618842,4619174,4624329,4628365,4636741,4641344
824240679,4600333,4616456,4629985,4632432,4632498,4634860
2749368222,4612607
4158454086,4601749,4631001
442932591,4639459
3605480666,4615519
1363271536,4623826
4135461268,4601745
2364449852,4610555,4615101
556870110,4640938
3917901991,4600822,4602165,4614766,4633990
298972752,4601742
1358395371,4615458,4632046
3940015577,4606749,4635046
43371567,4602931
1775321513,4610168
4052706024,4608051
3445942613,4601739
3372054465,4616702,4623326,4630422
1527391905,4603247
2615055350,4615574,4632330
2101336492,4622796
201930306,4615270,4630644
2120561881,4601737,4626582
1723688091,4604346
3911896256,4620188
3406762942,4600653
4030218243,4614241,4638035
1864982010,4634930
469037533,4601735,4640904
3543593601,4626070
2632723178,4607326
1068145326,4628925,4638139
1766413310,4616311
1657238437,4601734
3731255846,4637598
1801014977,4637036
2862535586,4601733
2656173440,4609842,4615201
3054536297,4633402
4001539105,4614048,4628104
3265923356,4601729
2848412038,4601728,4633945
3146566287,4600540
2074126077,4601417
3414257564,4627915
1399587784,4601315
2050751019,4601595,4621233
273449149,4600362
97258572,4621016,4621580
3917364620,4601723,4629872
2821496898,4611395
817058695,4602758
1071149022,4605720
1320471516,4601715,4624191
2666418352,4613874
852898611,4601712,4622950
2646139723,4620113
1702943031,4601707,4639291,4641281
3031659449,4641307
1804572794,4602694,4632104,4639098
4062809174,4620410
3186348097,4618452
1243737351,4613294
2071805864,4631659
1948955755,4607167
2646231408,4601196
543560761,4605783,4611498,4641004
905584455,4601479,4614114,4615071
3415460787,4602417,4616171
2588378394,4607226
1578369643,4617920
2404759721,4609473,4621365,4623755
4239795384,4603704
1546571144,4601705
2508615853,4610106,4628511,4635481,4641217
1999849018,4641036
4124304671,4630855
1474244972,4601704
2921752076,4603411
1055798729,4630345,4635540
1515721557,4601702,4617098
27685365,4627727
928423290,4600329,4606280,4614140,4615594
23546384,4606863
1399255334,4633197,4639422,4641596
141745468,4615967,4629333
342779241,4605827,4608485,4636283,4638987
3829471528,4636537
2879202661,4602019
507568634,4626256
3262476542,4612725,4620423
3692499363,4601700
2866243805,4601699
2944217663,4603534,4618989
2510017617,4601698,4609867
1927122245,4636701
2922755900,4628399
1013474386,4604161
4162298904,4601435,4611280,4637957
4092173468,4634643
614000652,4600477,4627150
2858914733,4601689,4623802,4630864
1873092911,4621624
767827685,4620222,4628234
2545592461,4601688,4605659,4632765
491436510,4602614
4257591629,4621057,4624134,4638244
178489674,4609371
4156472385,4611849
3597392591,4603201
1649143468,4634621
3554387413,4606292,4637356
3863145715,4601380,4602214
1526534580,4601685,4610705,4632081,4635325
4251969637,4606668
2792147531,4617912,4623684,4629594
121102760,4604778,4629613,4632542,4637001
3674478446,4631958,4638615
1742565972,4624833
1319367020,4604937
2125106347,4600280,4603663,4609768,4610071,4631552
973618930,4603152
3068336293,4600881,4602143,4607445,4619276,4623974,4639393,4639480
2971420952,4607953,4608896,4629675
3913695947,4625961
3232246881,4604808
473074547,4630808
3631096430,4602984,4604449
1372324718,4613522
2341081034,4601679
1525909882,4632444
1826310159,4616923,4638255
1581884658,4611043,4611847
695266256,4625636
3623146706,4601404,4604001,4614218
3204481831,4617171
1326041587,4601674,4602361,4608363,4612535,4612877,4612952,4630818,4635354,4636542,4637819,4641248
1232575409,4603442
2989069133,4604798
2624004792,4628898
2234726563,4600675
1557263800,4635387
3579340076,4616105
2862642504,4628544
4067972577,4602323,4610755,4613751,4635705,4639405
2458945066,4639814
1315747265,4612125
1611484237,4638763
3557258174,4600554
2264637253,4630668
1674766424,4612127
2328495371,4627178
886928936,4611626
3055828891,4636051
3068070183,4610062
2088987828,4629366
1433050026,4601651,4602560,4628979,4640668
3681832991,4601650
3295516203,4601649,4605658
2025036637,4609057,4628422,4628797,4639153
1937898219,4619944
451712789,4611653,4621467
2286980777,4600663,4602291,4603659,4611577,4617976,4618836,4619936,4631764,4632017,4632261,4636033
1003980826,4601106,4610109,4617682,4638639
145855970,4615634,4620777
438669732,4605595
1374372366,4608861,4615159,4634108,4638932
3426675798,4610828
3110864735,4601446,4613977,4639990
1828824286,4640804
1446798251,4628788
3679342455,4613686
3232712,4615164,4621295,4634373
3553905241,4616921
4214986443,4607070
2085493898,4604880
620101329,4606610,4628805
2894425170,4640308
3954299891,4616510,4633822
1175583213,4639059
3491476214,4601640
2782201169,4631139
4031507312,4610239,4610940
2167633233,4618119
2609682746,4606809,4617448
3812593056,4600331
1268997209,4601855,4623787
1802517837,4641018
3799057132,4601419
469266081,4619376
740811884,4601415,4604070,4607134,4607827,4608280,4616457,4617022,4617708,4619830,4626748,4629119,4629965,4629986,4632779,4633909,4636532,4638843
1203592617,4601634
4272055106,4631700
2507894623,4609649
2951660499,4641159
1746741898,4602715,4620572,4629663
3185893444,4622157
1414146446,4616651
3209218763,4614006,4621123,4627001,4631061,4639657
2135765466,4601631,4612988
1659423656,4617685,4619186,4621464,4623491,4633023
2735320068,4601897
3850604982,4639118
4037310402,4612849
3055405467,4601796
3617799938,4636561,4636989
2453925669,4614258,4614359,4614460,4614561,4618162,4628812
631273304,4629396
3171752866,4600618
242666172,4626772
3045304832,4601623
1168033572,4601622
1151453895,4624344
723728751,4601157,4610175,4614862,4624324,4630339
2651678948,4602730,4612016,4634609
1816593413,4616418
2990657480,4627971
4034253340,4620439
630968428,4605981,4609654,4622628,4638809
385566697,4613459,4640775
2039912053,4605613
3729287500,4610415
2078281091,4601531
1146025945,4619865
1267435902,4604422
543326642,4600671,4602158,4603786,4608731,4615320,4619361,4623433,4627043,4631297
1475591035,4637246
2920526397,4604793
425932095,4600863,4621858,4624497,4630143
832124847,4623217
2625911314,4600782,4612474
2275902944,4604765,4610785,4612132,4618516,4622475,4624318,4632906,4634379,4637265,4638177
1216573048,4608704
3633721042,4616078
2753676132,4610357,4613278,4618851,4639004
2675221420,4600750
332346546,4634810
1947888486,4621304
952563435,4601362,4615600,4620353,4624758,4627576,4629918,4635267
1425563799,4600719
2248538663,4622190
4294711768,4612230
3536783211,4611374
723690306,4603401,4604512,4606494,4614085,4631796,4634053
2854351243,4637597
1891249593,4607184,4637177
3475724274,4608548,4613788
261289284,4602599
3404413316,4601604
2158522576,4604666
608467492,4601603
3680238800,4624645
2250013562,4605103
3344069808,4600478,4627939,4636436
1146500724,4609819,4620626
1586073741,4601873,4602500,4611495,4628186,4634522,4638882
3289387802,4600259
3694276250,4601251
1208919820,4635976
2107420366,4601588
3983889103,4605384,4612961,4615017,4627883,4629481,4633656,4634452
4288134826,4638011
935923876,4601584,4623258,4628615
1772759784,4621171
2368956995,4616055,4617595,4621831,4626922,4631377
504539091,4638106
1032277648,4612596
358431059,4630961
1265418215,4600184
2437464393,4609630,4628486
2874827412,4614092,4632624
2055431353,4626290,4628248,4631609,4633497
2787028569,4601144,4603206
417435571,4601582,4602982,4612031
1767322882,4636213
1690866241,4623924
1198359974,4600164
422966707,4613476
3276222204,4601577,4622348,4625195,4638166
2559235055,4626833
292152920,4601568
1175451581,4625342
515167606,4602326,4639408
378086234,4601564
25485485,4613217
2543278089,4622502
967674650,4600744,4602685,4621905,4624250
4058229188,4615754,4620663,4621028,4627020,4632272,4633357
2313717204,4612042
733505119,4600502
3118915038,4639898
448744645,4617187
3662060487,4626790
773655632,4601660,4604156,4609788,4617874,4621389
841131019,4619034
3699215531,4615791
1385675531,4602498,4606141,4606262,4606377,4617825,4627979,4638880
299300703,4631527
3593416950,4602040,4608333,4610898,4631460
2246824217,4602046,4624522,4624552,4629829
2325443188,4616147
529110738,4603794,4614080
3231949014,4612998,4613604,4613634,4617759,4631339,4634295,4635731,4638708
2496214514,4600372
1481730298,4601562
2807701894,4614324,4614425,4614526,4614627,4628762
1162427923,4601301,4601457,4605562,4631708
3322780041,4609566
2377387011,4614111,4619747
88975826,4627039
3992559256,4608816,4620787,4624460
2619691767,4600327,4605614,4616817,4621990,4634638
267138621,4607252,4629981
3922311159,4607348
261367624,4601558
662398253,4619584
3159981859,4604389,4618274,4623795
154074182,4602856
2090716335,4641594
627856224,4605281
4147465597,4637470
1698847159,4600066,4601440,4603478,4621864,4624819,4634814
122055674,4626603
2986286549,4615446,4635071
2595570016,4607927
525452983,4604252,4623092
2478979353,4635133
1159388649,4600520,4612197
1373624147,4608781
501792130,4611951,4613757,4619129,4619471,4627385,4627891
378041926,4605155
1248383216,4602894,4608639,4635287,4638243,4639257
180589755,4603837
3100040911,4634029
1113094057,4613869
1149977501,4637328
3264326373,4600731,4621257
151451257,4601550,4603469,4614694
2008855466,4622695
2256741629,4601548,4601581,4612114,4634216
733027177,4616588
1113450271,4611614,4634774
1679662675,4639318
360149122,4606052
1471200673,4600981,4618453
713909178,4640115
89063229,4638061
3174897493,4615035
3219857287,4601536,4636034
3502604455,4607141,4633562
2821794427,4625268
2406953500,4601060,4604566,4604570,4611293,4619193
2066239517,4625833
3135192339,4613028
3895023140,4601140,4621765,4625567,4631048,4631549,4636963
1690945306,4627173
3600021084,4600456,4605928,4609814,4633319
1665090253,4638862
3303391738,4606683,4606889
1460135933,4612620
3206614426,4601720,4605075,4608260,4608644,4617354,4620993,4623616,4623637,4624969,4626742,4627292,4629425,4633678
956150307,4605810
2813925395,4604936,4614493
1526743841,4632348
2405699467,4600341,4636167,4640462
354951017,4601514
4266001609,4628237
1933804030,4607117,4636777
2759705485,4601513
1934631205,4616378
899615989,4617985,4626624
1354292549,4607128
606646826,4620815
3151549712,4600246
2257770501,4627201,4631196,4637063
743399239,4600513
3788737647,4602333,4619466,4619475,4631754,4638641
2244067006,4614885,4630751
658726574,4600315
822596805,4600913,4622063
2430706532,4602215
4235205656,4618349
3689053727,4600216
3848503629,4605604,4625744
3809194267,4602854
1691657480,4632961
2097085985,4601493
1967169719,4602594,4639398
2957152419,4600512,4607439,4639915
3059274331,4634901
909847471,4616688,4631882,4636877
1155121270,4614751,4620039,4624168
4096594585,4601489,4623153
2679031621,4605262
2078414038,4624129
1826567457,4617584,4632278
1289262176,4605320
710686285,4617842
3621002024,4606117,4606238,4606353
2468573792,4640962
2806778059,4615878
3692487357,4628006
1117109826,4609189
2149593636,4625582,4637155
551564973,4601485,4619672
2882478077,4613932,4638921
2309279060,4636210
3657801389,4605960,4613216,4641138
2388517372,4605871
4036723862,4600897
570527713,4616737
3741658432,4615234
3219106864,4601481,4640276
2245525665,4626662
649451494,4610699
4135971398,4618281,4631163
194223940,4603474
2569345971,4600253,4640126
2696855793,4601469
1231940446,4600316
3476295140,4633672
3036354421,4604103,4625659,4629076
1171047102,4633534
3530684720,4616292
3149888889,4612309
1703810712,4601730
3181760493,4636684
2963628899,4600221,4626187
24762329,4635573
1751761747,4626830
946022420,4602408
4052374904,4600649,4631077,4632494
2327283537,4621668,4621757
2731066154,4603613,4614296,4614397,4614599,4628049,4635847
970480334,4600403,4628014
882443600,4608632
194568608,4620726
754479132,4600940,4602658,4604562,4607507,4608292,4615787,4621841,4624027,4625327,4626052,4627184,4628257,4629647,4633555,4636897,4637605,4638957,4639054
3088347083,4618223
2172127524,4607761
2089425633,4627068,4629508
2884003782,4601467
2892709282,4629584
2657604468,4604246
1486535416,4639694
2770533792,4630756
89459391,4607370
2206949701,4600666,4601696,4603859,4603899,4605272,4607423,4637435,4639251
2627244784,4604966
3599124872,4614113,4615070
3574226462,4620665,4631410
3489103192,4603173
200345488,4618592
3346923306,4603080,4604298,4605664,4610556,4612828,4615102,4626974,4631492,4633376,4634585,4640483
2460354353,4625500
1652429081,4610114,4610390
1829067860,4603123,4638396
1907011351,4632845
3462709832,4601148,4613542,4615465,4621631,4625709,4631209,4632279,4641059
488653353,4616920
681975326,4613272
4001416812,4607526,4608220,4626508
1142425409,4620652
463213722,4600024,4607113,4628461,4640289
2004484966,4603741
3148058645,4600925,4619340,4633114
531980448,4603561
4146094535,4622359
1158884966,4611997,4612007
3762424669,4623021
2145699747,4602037,4608262
1657688189,4609462
3922851234,4614664,4619534,4621485,4627757,4632515,4636696,4639650
1045321594,4600615,4618338
460082924,4618982,4632564
2720530073,4616714,4619634,4629933
1284565721,4616966,4626185,4634813,4636611
797205667,4609706
1670943353,4640151
2376283512,4611175,4628319
2047683869,4608442,4610715,4619560,4627830
1932212517,4600793,4627888,4632148,4635062,4637846
4134406978,4601460
502285750,4605914
1393057546,4602572,4634823
3266438553,4624979
3593995982,4609201
1863403797,4601261
4180684020,4602508
3981153135,4601455,4610431
1315874005,4636187
2878773246,4603506,4614630,4618131,4628765
2153005499,4637191
1649260903,4603312
2835670256,4624793
476418393,4601459
5015983,4618232
504928746,4601819
1479011555,4607164,4613714,4618089
3198815489,4616659,4633848
4282850362,4600046
1286222018,4623751
2866685970,4601518
2871794993,4616859
3210582130,4619283
67321805,4609973,4613844,4627166
2764527795,4627429
830120772,4625754
4287822856,4607397
2516730868,4601445
2493589831,4602992,4608045,4608583
1242803157,4632010
2355474879,4611911,4621406,4634275
3270081041,4627825,4635788
807138234,4609633,4612970,4623311,4638302
1147035819,4602834
2485380885,4624545,4636536
460810060,4614173
2516266360,4617066
2076495898,4631504
1517408318,4601451,4606531,4612182,4637300,4639995
738536484,4601425
3470476506,4640662
64311290,4608784
1294921775,4601814
1461757070,4605478,4618356,4636982
2281354321,4601450,4606530,4612181,4637299,4639994
1160842211,4600873,4615952
2252798754,4641399
3928107002,4600501
2466168259,4641020
883466928,4611511,4637984
183136476,4619924,4640903
1230975641,4618383,4630896,4632303,4634259
4293921775,4611545,4633175
788360354,4601444,4619602,4624478,4638467
1696643015,4616048,4616908
1658336684,4627341
4102583232,4605583,4614211
690980391,4603282
4228868120,4614019,4617463
474205879,4613189
1619496661,4635444,4637260
2331420372,4626766
1790206107,4620220,4636938
1594654039,4611972,4627247
643819398,4602072
1811184640,4627824,4635787
2754509917,4601433
3084959067,4602227,4608889,4609013,4613597,4625412,4626312,4627349
3929064969,4620882
686511307,4604149
2361782312,4603145
1505694846,4611354
3615369917,4624825,4628445,4630474
2511724862,4601217,4608981,4627788,4630171
4281461513,4612872
1173405056,4641533
3897143960,4608990
2409961889,4601421
138069695,4625605
3901804079,4604789
2008830300,4617772
4186005803,4609529,4610318,4614813,4615290,4626849,4630398,4632108,4634763,4638969
3838730596,4600363,4603806,4615610,4620301,4622430,4636165
2923046657,4603816
3520616031,4624269
2606273813,4622409
1925699125,4604852
2106602838,4625290
2532579226,4601418
691492090,4600050
564707280,4604825,4611325
2754348162,4605039,4636802,4639851
3678600006,4636607
1901478155,4632405
1494429479,4600018,4624812
2538231075,4601842
1298798073,4603236
812863839,4619547
4090238319,4601010
2809387446,4601408,4605540,4614940,4617302,4637017
2415749322,4609793
3575821368,4621749,4628651,4639964
2078500477,4620767,4641497
2466750026,4602200,4635180
2649242698,4617547
3373459135,4611531
2883574586,4603521,4604785,4635680
2535392123,4601400,4610025
3345014077,4637511
1777331474,4613781
993357604,4631058
2537869190,4609947,4609968,4615730,4616591,4618663,4621242
3387367422,4628785
4217280729,4604638
2529830087,4616843
3176803497,4610507
3796608914,4600660,4620467
394669344,4600141,4610888,4618024,4623170,4637681,4639196
225965824,4609638
1396771300,4601398,4606626,4606783,4614267,4614368,4614469,4614570,4628259,4628821,4637607
1196003380,4610480,4620144,4627847,4630431,4631166
642116198,4609121,4613133,4624731,4633246
2386859536,4600179,4600968
2070926416,4616009
1185747276,4600040,4601428,4616790
1179144435,4616833,4633142,4635107
1350693426,4612041
3936974086,4600219
1570196960,4601397,4620836,4627457,4632902
689963634,4636064
3558103493,4616281
1680241634,4601554
2637532477,4637567
3141148488,4601396,4629060,4630218,4639252
341007461,4606145,4606266,4606381
423538391,4601394,4601466,4603942,4606709,4607004,4608286,4609696,4617854,4619507,4621974,4627223,4630216,4632476,4633853,4635814
1483006941,4601995,4605570
1828053373,4641204
2516266010,4632248,4641546
3342681805,4604792
40552150,4600475,4602151,4602565,4611333,4613155,4623347,4626269,4629506
1828976270,4602739
3469823738,4600025,4610151,4615676,4624636,4637536
1813495199,4601389
1046705853,4611380,4617582,4620329,4626098,4632276
780944372,4610523
1883172576,4605993
3533352684,4600596,4632011,4637227
2687256680,4632920
874645369,4602378,4614345,4614446,4614547,4614648
3538888147,4628369,4636176
1072936451,4604201
3091175848,4601220,4617419,4622542
2377270537,4604229,4628408
3350000669,4601371,4610838,4628300
4021959241,4616795
3137248692,4616383,4618832,4625421
798234046,4608020
1096552176,4603996,4620510,4621271,4638090
3935507432,4601370,4628299,4638218
1118534139,4603694
523098512,4605762
864363206,4627390
3858310629,4601839,4606618,4614102,4616402,4629448,4632471,4634659
2822939116,4641119
3115727161,4634123
723891859,4615816
2276857349,4634200
1405076766,4626610
2302780085,4601368
971079131,4603385,4614955
3709176923,4610132
2570632477,4601108,4610111,4610420,4611709,4619094,4619436,4631184,4641426
2370338797,4632196
830713441,4621202
953640701,4613467,4614893
3899792508,4608826,4617541,4620499,4629146,4633511
2271497350,4601364,4606860
2696437129,4638311
3089367172,4600539
1423506090,4601363,4611676,4629919
1032481472,4607190
3296097337,4620840
3091415734,4601673,4603457,4625234,4636541
2839594870,4600206
795960838,4602589,4603706,4614886
3489681055,4640633
1429415034,4613564
806532948,4604607,4608579,4610966,4611835,4621965,4623915
1374592397,4601358,4629826
2577407200,4603372,4615504,4625304,4630861
3893526109,4602803
739663332,4601718
2687354015,4601036
3219963,4620242
3671801447,4601877
1102656230,4601344,4609068,4612465,4618030,4623239,4624649,4629914
1425042371,4612848
1418448320,4601590
4272811914,4604844,4623362
3804531061,4612161,4614957
2585878361,4600725
1081510125,4607854
1458822793,4601342,4624647,4629300,4638126
482463838,4618882
1317391960,4604973,4609248,4622996,4624475
984268039,4628241,4631443
262777604,4600212,4619549,4621068,4626813,4627864,4633775,4634710,4637080
960564228,4635352
729291247,4601334,4601432,4606453
378441825,4621612
1789482181,4620489
2029113187,4601061,4601668,4620093,4622086,4627851,4631440,4636983,4638534,4639581
2010705546,4601333
1373479535,4600720
3149740073,4630370
1498657239,4625517
4167567499,4602732,4610066,4622432,4627098,4633189,4637301
1723876044,4600461,4633345
2972120845,4601325,4610965,4621366,4623756,4637030,4640554
2012331920,4632300
4070309128,4631176
1250980135,4619478,4625733
132547805,4609390
449818434,4600077,4600140,4602257,4607524,4607718,4634465,4636211,4637503,4639195
4254821546,4633644,4639145
2501667939,4602953
2554757090,4633397
2089382258,4601324
2567798660,4605207,4610425,4610749,4613700,4617230
4165962907,4601322
3918020784,4601317,4623989
3967454111,4600177,4604522
472285792,4607202
2184901333,4601490
4250287669,4621848,4625823
4029070035,4604771
2515640335,4602086
2967030415,4618990
3464062874,4605729,4612574,4622663
2965992701,4618228
148000992,4613197,4619119
3257414466,4601249,4611413,4612286,4621050,4624764,4638538,4640019
1618820463,4640218
2280981779,4611296,4638445
423530123,4626528
965258728,4601079,4601331,4612840,4614034,4614099,4629643,4635153,4636931
1536994228,4601309
1008482640,4602680,4641035
4200005936,4617157,4622763,4628228
2899041833,4606862
259073367,4601990,4608954
40163790,4639213
375359168,4619625,4633251
3673615852,4616350
1600915366,4616330
1772764844,4627267
409172353,4600274,4604424,4622233,4627686,4629102,4638432
1298693206,4614177
2409320936,4600958,4601351,4602063,4602767,4609565,4618085
3881853893,4601434
1560064271,4616582
2447229743,4600900,4637180,4637949
998452436,4601282
3461781503,4602048,4614894,4640176
2051373598,4627142,4640061,4640797
2195311647,4621472
1977977280,4606672
322085367,4605081
383743863,4640064
4149818494,4600217,4606999,4612773,4617445,4630937
3676018355,4604959
2207098386,4613865,4615855,4628335
2345113900,4611601
756560218,4606297,4614698
3830536916,4605218
1169648832,4601277,4605576,4605735,4613474,4614920,4621684,4629246,4630157,4632162,4632286,4632585,4635912,4637167,4639821
1701638943,4600039,4601427
2511266834,4615238
1601660615,4631945,4634744
899303628,4614221
2441654986,4612425
59865422,4601565
20244759,4614635,4618136,4618861,4628770
3938790281,4614418,4614519
658529160,4601552
499673089,4626169
23445683,4614207,4623032
18224354,4609907,4636336
1308188760,4601272,4604768,4612737,4613600,4614127,4625973,4631952
3284318882,4641332
1374651613,4600317,4606507,4623930,4636218,4640435
2312602037,4609724
488748484,4604491
756244391,4610450,4624794,4631088
3178253700,4640095
1278513193,4603643,4620642
2450377201,4627942
4129234395,4627494
3666791301,4601266,4623537,4624278,4632500,4640530
4130320528,4613991,4636717
3801720757,4624808
1973782114,4607782
1392419283,4614709
2026226419,4604315
4144302904,4608828,4633513
1234563795,4605601,4638984
3624289817,4603161,4628196,4633081
3368958486,4602412,4638923
571217873,4618524,4622865,4625076,4641339
3134482697,4606824
3943890168,4639933
1089791791,4609853
421947018,4606803,4614764,4615247,4623472
2194104492,4601719,4635991
3678957501,4605004,4633466
732527547,4601259
1545417689,4616565
1517243913,4615386,4632731
1699756513,4600775,4607688,4618412,4627232,4629158,4632293
1445151407,4626363
2336631212,4625923,4626533
2797454135,4624124
95986153,4618191
805261013,4609848,4629277
3962510492,4601253
2571600744,4636003
1836557450,4620734
3235845137,4611485
1981508014,4611264
1123570987,4630256
2293797355,4601252
452547302,4608936,4638917
4278948577,4636404
921259906,4630502
3019432785,4600594,4640878
2156094471,4604850
1418830798,4640909
2382472505,4614059
3716907242,4628565,4635818
1047868397,4602972,4605770,4609743,4612151
993319180,4637428
1586430351,4637344
2216471134,4601250
370427686,4611846
558521824,4603185
611386660,4609238
2695171260,4624481
967323181,4605761
3182591850,4634509
102209590,4600263,4602324,4610756,4613752,4639406
1742396392,4622266
2914371516,4621586
2718047938,4601247
3419100876,4614953
2060901961,4619598
1993086232,4614444,4614646
2764754646,4605775,4627598
1145297965,4601271,4602315,4603176,4604767,4611246,4612736,4614126,4614692,4622102,4625972,4629047,4629292,4631564,4631951,4634160,4635425,4639160
1283427628,4600700,4618581
2922030892,4601242,4634836
2906217930,4602370,4611153,4614992,4620612
1274712113,4625872,4636395
3094704203,4617579,4637726
3202046961,4617011,4624399,4626352,4627066
1007538594,4601267,4641562
2839854130,4619373
1116043620,4601345,4602168,4620270,4624650,4628889,4628904,4629069,4630086
463908621,4631311
3183507088,4616258,4639485
3798780198,4615815
3403736384,4609935
1349318827,4632096
1605820185,4601240
2506060467,4636493
3284231170,4601239
1213191896,4617294,4632535,4632927,4637172
2697628570,4612914,4614326,4614427,4614528,4616392,4620231,4623822
2245113637,4601231,4607894,4612320,4623529,4629569
811432556,4600265
313577043,4604617,4619190
3952316002,4641298
2761953223,4600611,4601068,4617972,4619123,4628146
2165886913,4620553
2137109590,4600173
3307387392,4611635
1484794928,4601216,4608980,4630170,4636700
4229725252,4602171
1123977049,4600150
4140554692,4637302
1083472034,4603226,4624954
2133447823,4601210
3726752268,4639207
2314220326,4603594
2360062907,4619430
3598645061,4601204,4605524,4623912
3588697327,4618284,4631761,4634092
1169293401,4604044,4612897
2810615320,4610471
4193836420,4640418
412768778,4633973
3879523246,4631831
1541076436,4605641
902240439,4601203,4603759,4605523,4607178,4620830,4623209,4623911
1106120380,4600134
3128670788,4625069
1109629118,4607538
3912906977,4601054,4610077,4638510
3717194346,4601202,4605522,4607177,4611677,4623910,4629920,4637631
159688611,4634563
2581124180,4633699,4639765
1854516062,4600152,4610080,4625886
3625672315,4605537
3199852425,4600387
1830474561,4638123
2207588649,4601195
3156467743,4600729
274053963,4604293,4604873,4640187
1070219172,4618283
3191254464,4604738,4611407,4631905,4638762
4177122399,4602267
1516027730,4612615
3431716492,4620115,4620842
3230686703,4611797
1838475449,4601555
1381550668,4600045
2794421087,4602396
3006410292,4631664
3825522459,4605946
349021248,4616192
3104138916,4609084,4625279
383377152,4625687
3664583465,4601803,4619593
803702112,4625068
2052185311,4608157
834228191,4602276,4602978,4603340,4603714,4604286,4607875,4608914,4612029,4612403,4613761,4615494,4615970,4616471,4617516,4618214,4619820,4621640,4622286,4622346,4625313,4625663,4625787,4627116,4632124,4632239,4632713,4633981,4634841,4634986,4635007,4635242,4636010,4637525,4637552,4638892
1502339984,4605696
3855004104,4605097,4615668
1216800900,4616746
3271877115,4619867
3665475800,4609041,4622899
4219080216,4603834
3733242636,4625420
1447207072,4611214,4613376,4626550,4638264
800508377,4607414
1762483628,4600616,4609319,4609651,4618339,4619911,4620130,4621619,4625494
3966979580,4601182,4641202
1647197142,4601732,4614116
3265630616,4610186,4618059,4628174
256451339,4600556,4601561,4607729
1505795611,4606797
3897740110,4601181,4615144,4620447
2031176108,4618946
2947292799,4601180
3166643994,4600603,4639857
1035141883,4616622
34728628,4600687
178144705,4602609
181462198,4607801
4129235442,4601178
3028877420,4627357
534096967,4603144
1689947035,4622459
3014398252,4618812,4620432
3639552805,4602389,4608712,4611832,4612325,4628366,4639684,4641345
2121527432,4634019
1418578954,4600584
3161700101,4612905,4631726
1346368087,4608561,4624389
2291625412,4601176
1086406765,4604867
1726348593,4606897,4619068,4619940,4624088,4628430
3313799581,4606742
2525934911,4618121
965375917,4611618,4620316
3439402383,4628777
936186754,4601691,4611389,4613769,4621835,4636586
2727962405,4601171
3000626211,4636513
3623800555,4620459,4620867,4631826
343160016,4600109
1765375496,4601170
1791631011,4614434
387633556,4609812,4613052,4633317,4636453
2842353658,4626660
3077124151,4617279
3607640144,4601064,4608126,4635998
3062273778,4623828
2512804356,4601074
3569644471,4605005
1963886021,4603998,4608819
226754709,4605442,4613574,4614009,4614254,4614355,4614456,4614557,4614658,4618158,4618174,4621766,4625568,4625621,4628808,4631049,4633088
1569803174,4601535,4601693,4609875,4617613,4618279,4624966,4626426,4628133,4628313,4628589,4632633,4633279,4639503
4111000822,4606153,4606274,4606389
444924499,4601143,4628576,4632972,4635505
3866458027,4611438,4639309
1940460463,4601088
1645021258,4614720
1246898332,4631784
408446981,4607008,4607597,4612401,4612997,4613603,4615294,4617758,4621638,4622574,4622590,4625785,4628282,4631157,4634294,4635423,4638407,4638707
645715723,4635851
3848253733,4606310
2846642242,4636355
1595433041,4604740,4626708
2632092509,4602373,4603792,4609414,4615699,4617624,4623918
3440571610,4618461
2599908597,4601138
2984979336,4609006
1651100335,4634929
2752405143,4610735
4042549882,4601147,4615464,4621630,4631208,4633855
434262511,4601135,4605817,4609126,4617998,4620066,4621767,4632361
605583096,4601774,4601942,4610718,4613582,4615685,4623745,4641135
549125227,4606659,4629027
2340939005,4608972
4169735024,4628532
818115565,4607623,4622745
45736080,4602190,4637677
2615119151,4609008
1415137365,4601128
1217415820,4607633
1743861847,4601123,4613385
3996982244,4622020,4623447,4629182
681649472,4600047,4617414
2634225808,4627920
3685973957,4604440,4606011,4626806,4629378
3391573531,4613912
2557143143,4637894
604477050,4626965
1149934620,4603266
215121670,4601269,4636008,4641564
1615438651,4604717,4610292,4612358,4640314
1089448411,4600902,4619934,4635030,4636191,4636413
573287441,4601896
915000219,4601600
920831280,4600655
3517951452,4619117
736529317,4601091,4637140
3559188075,4601071,4614150
297706506,4615715
649840147,4609726
3291671473,4608374
1065126350,4619554
1475286783,4600548,4615872,4641161
4146691592,4604270,4632319
918348437,4621495
171218153,4608148
3901415813,4600921,4616559,4623088
1519569397,4638543
3095764327,4602278,4615972,4616473,4625819
3020000244,4618242
2664359851,4612866
182342727,4608048
1674170521,4615170
1056545312,4605799,4632442
1507182870,4625560
2562351380,4601738,4621606,4626583,4639809
2994218999,4602591,4603109,4612437
3402192396,4628462
2527711528,4605587,4609604,4612508,4628907
2466747722,4608120,4629172,4639119
3280342622,4601103,4606488,4619617,4621278,4637083
444261387,4630636
3303014541,4610537
1355206656,4601102,4617840
3592797394,4611037
186893687,4640873
1359228849,4638028
2354836787,4635353
968381883,4603012,4617965
3574247917,4616176,4628986,4636332,4640285
3518607280,4602448
560209356,4610720,4614078
1964769028,4611841,4631577
3461099729,4640119
3148355292,4620453
1153641904,4606181,4610894,4611105,4615128,4617647,4619727,4626425,4628588,4630700,4631981,4632632,4635660,4638455
578367473,4608074,4612790,4620920,4627583,4629668,4631414,4631934,4634128,4639921,4640889
783351565,4630186
2025405514,4600605
2515802987,4607011
1356151124,4605000,4618387,4621527
3964552714,4604391,4612869
2190071888,4615757,4621205
1778095327,4620405
906186159,4600309
3806986608,4605552
630395811,4637850
2959224463,4605923
1261499221,4602076,4610850,4618286
3740884801,4607382
2232145256,4600816
3031627562,4600009
2579546259,4640534
67535416,4605082,4615994,4616696,4627410,4632402,4636204,4641209
2953280499,4603243
2513787260,4601097
252880495,4606799,4606986,4609375,4615552,4636429
833727878,4607451
3608207350,4641520
652964012,4606166
2066874633,4602619
1173272866,4601845
3789153048,4608885
2317368871,4601092
3316937426,4631030
1355527553,4607170
3760025447,4635957
3345853162,4604810
3817558262,4606856
2935866487,4622969,4625681
3315809445,4619223
4191910484,4613543,4625710,4631210,4632280,4632955,4634081,4637250,4641060
3462399910,4601089
2379365153,4605263
4006584571,4605417,4629105
94745984,4600839,4609499,4616614,4626012,4629006,4632537,4637843
2613732389,4628888,4629773
1312143585,4604112
379445877,4622624
640910616,4603229,4605502,4624957
2240016611,4602823
374977319,4631269
4023268090,4601573,4619590,4622242,4623446,4626225,4627301,4629181,4630027
1884361801,4604888,4629877
899728697,4608534,4610594,4622732
1122509746,4608459,4637449
392529750,4630495
1286169783,4623003
1970782040,4602473
1520399629,4640975
3327353200,4613867,4622515,4628337,4637107
2396089984,4612054,4635503
3352867304,4601383
594960876,4611509,4627989
1615815911,4612864
2213878854,4600564
2924867720,4640429
1342166389,4623475
428338511,4610385
2049564519,4600007
3330037849,4638261
2115218203,4616111
21104619,4601150,4618694,4624641,4627409
1239168658,4613951,4629980
2640942544,4601703
401939180,4600434
2798344022,4616872,4629687,4631415
3206118300,4601081
1825933775,4619550
2105374697,4600939,4622369,4625879
3536641857,4609832
3250868255,4603379
1740650451,4619684
2393450779,4602342
563024986,4609299
4188085106,4605933,4622160
2016848989,4605913
2970131020,4633713
2153616270,4627827
4080668231,4623358
1811580170,4601077,4636621
4247479672,4601038,4614486
1141896329,4640762
1070891692,4635199
2680030099,4601076,4636620
615837618,4600388
3241389016,4604672,4624262,4625278,4626400,4640316
2478458638,4600427,4633401
240806337,4623221
716313667,4604854
623376113,4603567,4630456,4638765
3988515429,4628488
3304263210,4619890
2073473307,4603476,4611350,4621862,4624817
2079596094,4604094
3708588025,4608314,4625447
2741431955,4626619
1704625383,4602187,4607711,4611540,4617358,4621318,4625270,4628311,4631912,4636265,4640136
2434541038,4600057
943830582,4600292,4611743,4617274
913124795,4640304
1675042354,4619163,4623555,4641273
2036546223,4603153
4168254792,4627251
3339755920,4625729
1055803433,4617940
3855433204,4601063,4608125
1706568613,4604787,4635682
3367085501,4637831
3301275698,4617074
1835849560,4600295,4639326,4639380
3137772685,4601519
555527867,4601056
1374784487,4638570
1011248975,4603583,4605165,4616906,4627439,4627563,4633256,4633582,4637252
2954054210,4621401,4633746
2551197405,4601055,4612581
2618354202,4617929
1020788445,4607594,4640998
1981694338,4623231,4628566,4635819
1043718197,4602017
303823182,4601053,4602256,4639194
131358488,4633658
1181846504,4601227
2403552831,4630550
4088376369,4602045
1287043256,4605132
2313086951,4601304
1085773175,4605297
647786948,4605579
2620977353,4621574
4064961186,4614825
1269761404,4637367
3117862175,4604335
2997900015,4614139
3360238938,4600094
3987014970,4631611
2756199350,4601047
3531361121,4600872
1550682690,4621385
3325901483,4600551
960943810,4616353
2615433382,4605776
1413425608,4631260
4110393115,4608491
29909999,4607427
1404845453,4635066
1614773324,4605851,4638277
1451210120,4623429
1587150182,4601512
3235084171,4630259
3407928128,4615759
1364853807,4608540
1356125224,4609228
102420126,4601045,4607484,4625553
3573118461,4634121
594704106,4603928,4639070
3627612822,4616993
2976851,4601677
1800506033,4612746
85930828,4603779
1793435253,4600482,4606299,4610807,4622257,4628387,4632424,4634455
2608402379,4605600
756497069,4626065
862708279,4617209
3415725375,4600871
3523304985,4603294,4627319,4635530
755583767,4610992
1091874472,4621945
3466042195,4620972
1050572970,4600425
3487371982,4600294
925309120,4619055
1888050732,4613653
1369624977,4612550,4629075
3266252470,4636322
3536100951,4602320,4604551,4605342,4610368,4610752,4626038
1961836060,4601035
4065832130,4604377
3106739449,4607636
2627232764,4602816
3251499962,4636036
2364392047,4618748
3804364028,4604175
3096904669,4601495
634522306,4615235
2023981344,4631091
1868702098,4611322
2148091586,4602126,4637626,4641199
3499256003,4621426
3629512608,4615451
3423993138,4611857
989262201,4601125,4613387
2050663078,4603287,4628593
3829958432,4618391
380974411,4602290,4603658,4611576,4618835,4626599,4631763,4632260,4633489,4636094
1693390190,4623832
895263095,4603955
2607737591,4607823
2198115921,4605067,4629254
56584180,4600510,4607437,4616442
2584152791,4615626,4626689
3153090836,4601028,4634396
2942574900,4621265
3192466989,4600193
4211232154,4634343
2231897532,4612971,4638303
644166442,4607371
2686150056,4601537,4624092,4630821
29300966,4630614,4639014
3946360104,4600432
2270454672,4601020,4602883,4634136
2542470158,4618799
2492913499,4616893
756408908,4601278
606927940,4623128
3428468595,4609839
3022354236,4636667
3264325489,4622953
4287142013,4610002
3336559839,4603284,4640152
3100460541,4626653
1561298091,4617200
2960241252,4610270
513659849,4601233,4606765,4623754
2749826761,4609484
371901710,4640278
3116599969,4601840
4201529845,4637109
3214819989,4606183
1268178261,4606157,4620748
3305506503,4601015
1219266079,4600323
2422619268,4601619,4637243
2356847672,4600441,4637009
2077345290,4640845
2948071476,4600923,4613568,4634131,4638815
21463622,4622028
2918946578,4606785,4619631,4627725
3841655976,4601014,4618399,4620199,4638669
371275907,4626530
402393477,4602664,4608516,4623078,4637321
3742500540,4641236
1514431094,4627256
398724766,4617398
2674962153,4611548,4617217,4632610
1760953052,4641039
1411253286,4624126,4628916,4635757
3639348449,4604403
3907676360,4641614
2034527231,4632965
2816246880,4600232,4605915,4633711
3620066389,4634724
3005918712,4604752
1384994010,4611129,4617226
904921607,4601011,4611101,4620916
3752102372,4602375
2910914284,4620179
3298238021,4600002
498935064,4617396,4638827
621296550,4611116,4611660
766574009,4601005,4627577
666140495,4607153
4163581052,4600946,4613670,4640680
3529003324,4604368,4616762,4628471
3867749830,4600207,4627652
1630808019,4606681,4638812
2728954932,4601940
2921047878,4600443,4628392
1034304596,4603614,4603825,4613110,4626857,4627897,4634112,4636522
441761848,4615561,4629912
641762905,4628096,4638766
1253210297,4611257,4630830
2939677680,4621517
3482460682,4601000,4606988,4607570,4609902,4612523,4615554,4625005,4626588,4626933,4633459,4634358,4640505
959477821,4619224
2183195549,4601747
3229900093,4600997,4602530,4621455
3331203156,4603132,4617213
376959151,4630162
1141602712,4600623,4637547
269555573,4614416,4614517
1867238076,4622187
3447959198,4622099,4627079
724400313,4603855
3902440184,4638698
3098012424,4608327,4620773
2823742257,4601436,4637958
4095247076,4600985,4634692,4635535
3390388556,4602122
4104821431,4606472
2492187281,4601062,4620094,4631441,4638535
3368794564,4633064
2315503395,4600996,4602529,4603055,4606020,4613199,4621454,4628456,4634919
1288218622,4600171,4640612
2930326223,4611894
1325821968,4608036
718425260,4631022
3098122138,4603297
810794668,4625283
616554167,4601279,4601635
1863908347,4600153,4610081
3779798132,4630915
3008108113,4600522
992474947,4602748,4616044
2185447761,4606185,4631368
2939888218,4615540,4640458
2895912148,4601965,4608872,4617421
1014683968,4617456
3388594521,4602212,4618071
1750788143,4601118,4616897,4628944,4628965,4629793
1823088100,4630983
3351963750,4614728,4618179,4631885
2311995944,4619385
2746407508,4606974
1128347613,4600988,4603748,4612250,4613676
3427429103,4631446,4637835
1579199747,4606791,4640955
1272622681,4603164
3159721212,4621992
1167965279,4601532,4618890,4628701,4636014
753937515,4615488
3202228367,4604675,4608612,4613354,4613418,4614346,4614447,4614548,4614649,4618885,4623865,4624265,4631476
188732788,4603678,4626982
3969947130,4611001
338028267,4601592
897835923,4600983,4618950,4622148,4622497,4630962
1886624401,4611611
4064599793,4629282,4629835
3141025172,4624811,4631546,4633229
2200503048,4621861
1880403549,4603776
2464801762,4600978
791751000,4611760
1120550287,4616423,4624180,4625223
727042839,4607228,4619948
2904401912,4609736,4626396,4634688,4640361
2741923839,4633917
254395580,4627127
2419098338,4605209,4630879
962407959,4633174
1740732964,4608520
845833114,4627423
2004872587,4623562
1920289374,4600972
2900338763,4600073,4616277
393419886,4600457,4609815,4609911,4611636
2834383115,4626521
2857116943,4623583
1727472001,4606426
1224328463,4600965,4624571
4256387495,4625010
824582430,4622051,4631615
2786069454,4620411
3469344427,4611342
1623280890,4600963
1877973210,4602460
301120529,4603296,4608664,4635650
602292316,4600116
2137961152,4627604
78852396,4602540
2547001372,4601395,4603943,4606710,4607812,4609679,4612999,4617760,4625167,4626561,4629059,4630217,4634296,4639804
3997470069,4628773
124438435,4627389
1563767491,4601758
3703419254,4606154,4606275,4606390
3517650409,4621501
2045712197,4608070
2002757471,4602577
344733890,4636174
3899980555,4608414
1263303282,4601167,4608702,4626292
3730224842,4601453,4639997
2872026869,4616166
1204811793,4627569
963714918,4610604
1078028473,4600599,4604071,4607135,4607828,4608967,4616458,4617023,4617709,4619831,4629987,4630651,4632780,4636533,4638844
2312444473,4606486,4620959
3707614028,4618648
1132005044,4605531,4634590
373584997,4603298
2155293788,4600059
2219603415,4601357,4605035,4629825,4639750,4640594
1688422239,4601676,4637821
297119959,4601314
1213837757,4636695
182560340,4619563
3703526244,4608667,4626644
2621981773,4603183
296597360,4600344,4626472
4134159325,4603833,4627754
362169784,4604181,4604630
2854566643,4607992
3092038671,4600937,4615845,4617033
731084407,4610413
4134414473,4620675
4060632400,4600936,4615433
3709628808,4617993,4637665
2815834473,4602881,4622898
3134734013,4641570
1877944223,4613340
506802765,4615613
3559454530,4611555,4612831
3022931751,4607464
1951716321,4600934
143895197,4626519,4636450
3362120577,4603162,4628197,4633082
952735416,4635801,4639540
2845738069,4604482,4613411
2231224957,4600924,4601373,4613569,4614815,4616830,4619339,4624097,4624286,4632511,4632986,4633113,4634132,4635104,4638816
3263873960,4611011,4612134,4612593,4617506,4638709
1382851940,4633971,4639647
1218726046,4627097,4633188,4638214
3392224018,4603125
309697893,4622849,4639698
397161410,4603177
2690739553,4626685,4629730,4630240
1371483170,4609356,4612677
221158143,4601169,4611460,4614704
3050108995,4601486
2009266889,4633236
2390367112,4606873,4618612,4618762
379256652,4632984,4636895,4637289
2802620996,4605706
3585392264,4602056
3568984706,4633628
1550303074,4619920
524966284,4616832,4624099,4634950,4635106,4638818
1692082949,4600356
170010943,4600908
95998855,4619568
3883109992,4604902
2847749178,4610205
2450398683,4600905,4615363,4615829,4625946
2977941108,4611133
404030592,4602409
3656710998,4606772,4611403,4612457
1450631910,4631553
990940535,4601110
1783119734,4635429
3529406902,4602568,4604776,4612067
756085619,4610042,4619028
2060122757,4625479,4636280
3184161393,4615011
2338228345,4600562,4626113
2071616342,4600004
3671278048,4623615,4628791
2324041569,4600887,4601153,4614858,4629630
1906337339,4609216
1774126242,4615527,4632140
3938841355,4604489,4621011,4627509,4630264,4632071
1400976458,4610740
3298246347,4601411,4607629,4621397,4629806,4639680
3012231948,4635905
2069292426,4603394
1818098877,4616578
150441848,4640913
3860479136,4600030,4639432
1144262672,4611993
1019444494,4626664,4636351
1025745159,4611208
2965977423,4637479
4290222904,4607755,4632702
2405086247,4601645
459360850,4614828,4636917
3420524961,4602656,4607495,4615467,4620762,4624353,4624367,4635233,4635690,4638367,4639052
1398985148,4606832
2457381182,4601372
3483710341,4633847
3533858491,4606080,4606201,4606316
1199133298,4603043,4633944
2895343184,4601717,4622569
3594288267,4604773
473204181,4638179
1476270049,4600560,4606296,4614697,4626111,4628450,4632387
1340861461,4600866
1004064246,4600864,4624498,4630144
3083722853,4600300,4610547
4265517748,4600952,4624995,4638505
2145642732,4626668
2386688173,4608323,4609244,4626414,4635803
3612196017,4606098,4606219,4606334
2185053699,4607126,4624520,4624550,4629483,4636091
642633799,4614135,4640515
3147799176,4606696,4631631
2008949913,4600868
2229917213,4601498,4617491,4628683
2433352195,4623595,4629355
2744810782,4600860
1125563292,4607054
2170093046,4605339
958920282,4617130
1085059624,4600766
2607698561,4601318
35278799,4601109,4610112,4611710,4617754,4619437,4625386
519472903,4616971,4640977
4235905000,4612431,4621686,4640460
3359047634,4608498,4616876,4621734
1156557554,4603719
4087869059,4613987
936184929,4610236
1838863972,4605802
3899170533,4625803
3997563775,4606892,4611865,4616347,4623075,4628465,4639527
147636498,4612944
3258271388,4634285
1941509554,4632132
3430986760,4611281
2169032643,4617102
2670848257,4623677
727157397,4601517
4082579672,4638485
1081251470,4611122,4630452
3364562356,4624102,4624131
3812629647,4605988
4169638144,4627550
2143858620,4605865,4616721,4631982,4637132
720813244,4626856,4634111,4641265
4156681595,4604415
1436747061,4628977
4198264238,4627613
3583782240,4616170
1084121224,4624717
806017586,4600852,4601205,4605525,4634443
3795958866,4604538
2614813511,4604782
2628626808,4635139
2965133753,4629678,4633734
3037604259,4600845,4612793,4634956,4637235,4640990
1054262272,4603357,4635277
3963148949,4639979
45652622,4639869
310769175,4614058
1745736132,4634936,4638019
2541574414,4600534,4602365,4603662,4605454,4608750,4610768,4611409,4613537,4620193,4624921,4627005,4631551,4631907,4632573,4636258
3681254007,4606513,4613167
3137019428,4600001
213058054,4615512
58023477,4617604,4636573
3187088018,4604780,4612241
4238516856,4636654
4255618661,4603966,4634421
1225192885,4629144,4639819
2216171763,4611623,4617962
3047015389,4609510
2682310967,4600738
3164376132,4603223
2023220901,4601117,4628964
2094341699,4604671
4222979722,4613943
2438970469,4607655
3477711370,4600796,4607790,4624188,4632151
2474149116,4633078
2570382130,4604679,4608804,4608859,4613712,4622321,4622378,4639855
1234953015,4620801
1020858990,4600835
135305259,4600834,4611750
2173939875,4600196,4608633
2421932928,4600642,4634605
3043848411,4627682
3650975347,4600481,4604507,4610806,4615487,4620060,4629209,4634454,4637701
1345941837,4632928,4634082
2694849921,4601160,4622215,4623547,4626696,4626952,4634707,4635703,4637385,4638954,4639572
2951873272,4639099
4285119703,4617056
3735661300,4622282
2125879968,4610837
1807652541,4600832
2579506204,4627287
3098243811,4600000
4097366675,4615185
939550528,4603265
2286354824,4625149
2205269123,4615266
3282748966,4600413
4120841229,4622552
434695034,4614965,4636575
2562959039,4609639
2870230924,4622512,4630843
2573842499,4613949
2983077120,4605368,4614079
2046655429,4625365
3036502759,4613434
3524526521,4626285
1251658061,4600828,4608754,4620097,4630040
2797083333,4622043,4624361,4625263
3628951132,4603937
3159135211,4606129,4606250,4606365,4607419,4631814,4638760
1190324844,4639225
1651996428,4612986,4616929,4623234,4629907
1362623986,4611125,4614062
393494933,4601007,4605513,4616502,4622358,4625130
2373311177,4605076
4222523387,4613870
3874759739,4613639,4616498,4616543,4625107,4632297,4638904
3789834387,4604184,4635671
3712734821,4611515
3469093353,4600825
670572133,4629349
1339368435,4604707
1511936309,4617062
3753105808,4601429,4606958,4621541,4628946,4629891
2669614816,4626144
2065368184,4618432,4636377
3829091478,4607162,4618567,4626775,4631713,4637164
2444815559,4616680
2334962763,4627819,4629834
1880029033,4600104,4630406
211278307,4618302
1299158841,4603717,4616195,4622288
3496762470,4610804,4615856,4625607
4044946042,4609141,4610464,4627665,4637025,4640117
587398260,4600823
355033265,4634006
1849088097,4600726,4634682
2740299469,4616994
2333154988,4612561
3048678655,4638463
3025276185,4607472
396837685,4603088
3387408319,4602650,4612318,4620368,4623263,4633858,4640058,4641101
859309905,4600821,4614830,4633989,4636919
1279229764,4615358
3354886440,4602558
686224237,4627460
28691981,4604896
520465264,4622142,4638058,4639127
3664754269,4600390,4627495,4635579
1495928693,4600411,4602354,4605126,4612719,4616648,4628328,4637379,4641025
3809329949,4603718,4616196,4622289,4622438
2126781607,4613901,4618409,4628997,4633899
4044860503,4610968
2167807720,4601021,4627718
2659580251,4638515
337489453,4601175
4054938116,4602996
3628565547,4600806
2880017084,4601137,4622417,4638973,4641001
110244058,4621362
2276515553,4600431
341187931,4600805
3023077987,4600255,4602236,4604416,4607898,4638999
468029091,4631228
3595576329,4608222,4623833,4626510
733977165,4600929
1198956864,4610841
407636213,4600787,4601870
406756193,4624911,4635114
3851342607,4616884
995046123,4602437
1030239488,4621418
1568084826,4601670
3149373413,4618661,4625767,4635710
1744427986,4601868,4603142,4622824
3759087005,4601115,4607100,4608741,4628962,4638725,4641465
1611295995,4612958,4633653
3105198602,4603796
443266104,4613505
3086948262,4609661
6701106,4604894,4637772
913351726,4601515
1055603158,4621717
2442726704,4601974
4076588680,4600788,4601477,4601871,4633354,4639038
436702830,4613200
4270503649,4614318
3322080779,4604545
1678489103,4629106,4639871
3898020505,4621432
714204471,4601139,4601875,4625566,4631047
2058453950,4603964
3139415312,4641112
1215423674,4630997,4640104
4024311565,4617100
2196139404,4615929
4161890077,4602535
1803950661,4616533
185439246,4601374,4614816,4616308,4632512
873856883,4633203
2905242713,4612260,4630992
4112653533,4600450
1047302237,4605195,4608030,4610056,4614947,4622893,4622903
1162877153,4626638,4636544
2621416808,4600790,4627981,4629179,4630025,4631114
3678869152,4628620,4640717
347643274,4606669
650746387,4635292
35415728,4604516
1623220785,4607565
3784684089,4600118,4617511
4290933357,4632483
206147945,4629224
400877069,4617895
1379280334,4609710,4609773
1202674318,4600271,4611110
1296770140,4606452
2598880698,4633065,4636713,4639332
1091658762,4612185,4616741,4627090,4633716,4637914
605089410,4632799
889442279,4600416,4620336,4638452
4045149632,4610331
2643834339,4635315
730309520,4600266,4613139,4631195,4637062
797867770,4608519
1310432557,4603771
2857224304,4605458
2184541081,4604504,4608408
2114524152,4600647
508647843,4636406
3161202091,4616164
1941260181,4635684
828074119,4603858
3424472107,4602861
851515377,4613746,4617081,4618330
3072822249,4600774,4607687,4618411,4621297,4623352,4624753,4629157,4632292
500907295,4614784
1467748514,4602379,4608277,4640319
3639374703,4641150
137387945,4600808
2697689514,4626130
3174842732,4601969
2349924625,4635019
3605865754,4607417,4610102,4612600,4620524,4628507,4635561,4638751,4641369
2401746200,4601442,4624476,4625056,4640970
1331515449,4603885,4604857,4623532,4627488
3221523695,4622059
2093318905,4611527
2178804208,4600541
4130916628,4601506
389183250,4634282
136925197,4600339,4633732
188346050,4620574,4635115
1760554845,4615167
2545787211,4637093
3527970875,4600741
3356092202,4624211
2742201695,4605586
2141247463,4603377
3438584829,4600063,4613415
3953640041,4601629,4610481,4628952,4630432,4631187,4632932
544316257,4602641
189879451,4622928
2225842907,4619229
2641506778,4602802,4604832,4614879
2409382133,4612490,4624775
1181733324,4637366
3001905433,4601189
2316981916,4602766,4609564
1977607269,4605956
376139151,4641026
2007857084,4613908
3879322707,4640085
1045257873,4618767,4625433
2636651550,4611154
3149394222,4609783
2559814259,4602706
2309976789,4620528
1114753497,4600464,4619352,4633501
960220044,4601744
1081427561,4622874
482710084,4619228,4631613
3448008769,4602008
2135517814,4601378,4610093,4613429,4615424,4633844,4635474
3744684624,4602102
2284117429,4600368
907306400,4600812
3871280316,4605047
1528233310,4613906
814698508,4630679
2029981060,4619113
3169141292,4601113,4612021,4621252,4623710
3654443837,4600307
1760562588,4641226
1747138314,4602987,4618484,4623545,4636470
285237717,4612711
2407730725,4602325,4610757,4626074,4626482,4639407,4639632
3288569885,4612454
4136096705,4604869,4639165
49631379,4627554
962713464,4600715
2904887566,4630344
664885432,4603366
2116148717,4600758,4617795,4625730
3033037521,4600751
576458455,4600677,4605213,4606980,4611348,4615576,4629261,4640251
985414292,4600354
3692558688,4601452,4619667,4639996
1444639042,4600711
2350381237,4612293
3335152391,4604998,4615618,4630114
1835527841,4600709,4612693
4191316539,4620803
570980147,4615867,4635571
1858604402,4635810
4087239622,4614685
3771402853,4601306,4615564,4628414,4633408,4635084
4043077988,4638160
1035680574,4609370
2779922645,4601706,4627813,4639290
2372006984,4603425,4634527
4005308738,4621620
13618866,4601844
216474465,4601004,4612026,4626369
1849394025,4605584,4614212
205045627,4623767,4638666
3659173048,4617461
1677086707,4600776,4603319
2312471485,4611938
2053637771,4600865
1563038761,4602393
1298280993,4629693
3135529190,4600705,4619849,4626043
2152620395,4608769,4609034
1974811993,4603864,4607461,4610486,4610608,4623008,4631288,4640632
3012695681,4614239
339361652,4610088,4613253
297130562,4639892
3445148532,4606845,4608338,4609952,4631471
4050924935,4606517
2065861575,4624988
946374848,4600215
3486491485,4600322
1246140152,4601367
1207787519,4600447,4619260,4621969,4628235
3194294099,4629329,4638441
2102324562,4600256
215814246,4625381
1282195368,4600734
1047790047,4610867
251828423,4606609,4619272,4628804
1330561326,4607223
2309260520,4610637
775805514,4627284,4632461
2695733866,4625007
3815760650,4605538,4612797,4614938
3075327854,4625893,4634437
4000239759,4602858
221557512,4628846,4637473
1045453041,4600844,4609719,4612792,4614130,4619461,4623211,4625840,4627162,4629670,4630138,4633866,4636246,4637234,4637520,4640989
2603292848,4607029,4608288,4612410,4618143,4627160,4631341,4632478,4635816,4637518,4640987
4183203412,4639497
4134855452,4600595,4640879
1867443620,4612967
2144756761,4604972,4622995,4633260
2434931287,4630884
2297036733,4618699
2051653,4610436,4622093,4627258
2173973084,4629456,4631516,4635654
3750939524,4617452,4621261
2634564554,4601049
2430215577,4620883,4633564
2529354612,4607165
2056348035,4619189
2201726236,4609704,4612948
3287714765,4608319
2685718804,4603697
218246458,4637108
1706309229,4633528
238897209,4610384
190799186,4600890
3023330473,4600123,4616244,4622527
3353694738,4606114,4606350
1519850781,4600683
3241593333,4604182,4604631
784205398,4601759,4602639
3809575126,4600279,4606590,4609767,4610070,4611778,4620981,4626121,4628277,4630439,4632033,4632327
2481870769,4600301,4610548
3301324597,4611321
2034275857,4606950,4607667,4609689,4610583,4638993
1885844933,4621921
2591853734,4620556,4631975,4639981
1222732088,4602780
2244327306,4618644
2131378242,4614799,4633194
1548042505,4623164
150657876,4615435,4635072
3970415240,4603434,4624687,4632622
171054504,4604989,4639620
2047497213,4601187
2672174921,4600676,4605833,4606979,4615575,4629260,4633062
487726544,4604903
687675814,4600991,4607547,4623667
1279526852,4614937
3783974414,4637950
758549383,4630619
113412721,4613219,4634675
1165610713,4608679
1536164973,4637094,4640604
826067169,4630857,4632249
3449741226,4613620
3299247,4613511
2807772435,4600272
1795313956,4600289
3479270810,4607615
1565405056,4618187,4626089
3600211247,4600189,4609391,4636499
2809439214,4608090,4608433,4619904,4628343,4635559
2863203313,4600213,4633776
913580896,4604089
984906005,4623173,4628880,4630331,4638089
2630691137,4600260,4618864,4620169,4639700
4239077754,4609466
2288852210,4620754
2772666131,4602205,4616883,4634067
2820892894,4619976
700731980,4604960
2523163696,4607622,4622744
3108587491,4611238
2739899186,4600041,4601120,4640224
1710411019,4603286,4617665,4627579,4634549,4640154
3223722247,4627642,4637462,4639264
2505009248,4624074
2599622091,4615638
1800435404,4611289,4616218,4622046,4626639,4631770,4632224
1491706344,4600489
3530869048,4617065
910322290,4611726,4611793
3703536250,4601458,4622680
2222874010,4600926
4288772590,4604448
2000165326,4616734
3457875468,4603158
3197947590,4624471,4635218
2231708466,4603017
3198361428,4617383,4635237
2396685387,4602741,4609858
2972228108,4617722
3760016969,4600110
2087459150,4631150
679607702,4630473
3612785854,4603740
3350288953,4600659
1969296859,4610235
1240184728,4609383,4610247
2066189442,4618781,4621666,4621731,4621743,4621755
4184087260,4605649
2760363202,4628901
4273217161,4600656,4604239,4616822,4616969,4633755
3248913897,4601230,4602177,4604281,4609109,4612319,4638500,4640059
2269609999,4600444,4628393
492679005,4631405
3083743906,4623664,4625557
1416459362,4618930
3739115934,4602226,4608888,4609012,4613596,4613967,4625411,4626311,4627348,4633893
1912288532,4605653
4018639253,4603078,4605662,4612826,4626972,4634448,4634547,4634583
2203867714,4616973,4617958
4266629199,4624133
917684308,4603684
98289254,4600780
3959505069,4613335,4634303
2268750991,4605832,4611067,4633061
961067258,4600645,4621149,4635966
2877795065,4620189
3752095914,4614028
126894411,4600735,4605228
1122184491,4615379,4623560
2730208994,4623293,4630575
1693736743,4603258,4640660
2248010926,4630349
2362168689,4602569,4611148,4617402,4617729,4629376,4641430
3152696433,4636688
3226427072,4636047
4155736584,4600644,4621148,4635965
3049785322,4640272
3442483912,4611021,4613104,4616142
3641021008,4622568
2830138281,4603323,4609877,4610563,4617615,4619066,4619938
1839753574,4606195,4619666,4620782
2475508645,4619211
3617163426,4600635
3620262229,4617415,4619873
1054708592,4607069,4609568
975160920,4612503,4621367,4623757
919483615,4606920
1871690797,4633861
3077278040,4605625,4635173
489993879,4601539
2489949003,4616514
2864413310,4615744
4041491489,4624502,4640650
2518787919,4600627,4601848,4603989,4605619,4606556,4608877,4612752,4617180,4623329,4625257,4629094,4629154,4629493,4630099,4632889,4635253,4635269,4638504
3161936775,4603241,4632739
3233554166,4628662
3199401990,4602135,4604756,4615492
252993581,4641626
3053729183,4632336
2820887465,4601313,4617568
2397198187,4602582,4609432
3021340138,4626101
1488452636,4600469,4618771,4621110,4630945,4632267,4633413,4639598,4640148
3762143206,4629037
1538754254,4600383,4613275
1614742662,4640332
4116723875,4604612,4637221
2843621396,4628370
769031006,4616793,4620269,4629698,4635263
1414264459,4605423
1780723771,4600737
1457226561,4634426
1986893893,4627510
2629047383,4600607,4605366
742791791,4601656,4616157,4626189
232410071,4615692
2346526814,4640581
3178806085,4612860
1045898262,4601663
746505674,4629367
2659979059,4619799
3797236233,4607561,4631899,4636474
3955790841,4601863,4605903,4611218,4612374,4613380,4616804,4638673
2574154044,4603871,4609478
3069108614,4635749
2728718402,4627834
682339561,4609311
3649388013,4632036
4045481247,4600507
524930799,4612095,4630976
2223110200,4624976
3524879023,4617845,4635950
1561103186,4601393,4601847,4603988,4605618,4606708,4608285,4610405,4614187,4614690,4617853,4624629,4626080,4627222,4629153,4632122,4632711,4632888,4636340
3412076569,4605731,4606579,4635908
850525344,4600567
1999818074,4616546
3170131742,4611533,4616492
2689082511,4600591,4628755
1233754612,4620298,4630758,4639859
567530010,4607996,4608876,4612027,4612751,4615601,4615681,4617179,4619397,4620354,4624759,4626370,4628696,4635268
3334729498,4605433
200281241,4600035
1252973912,4608730,4619360
3809242817,4602642
363521991,4611431,4617838
1930557597,4605429
429166769,4620102
3451917232,4600590,4628754
585705957,4613925,4615690
4201789499,4638770
1878772889,4600583
696972653,4605425,4605650,4623693
3157936481,4601484,4619671,4620538,4621185,4623806
618335977,4600578,4635456,4639034
3580518227,4627511
1385958032,4610694
3152886648,4600685
537449405,4600575,4625726
934748316,4602959,4609785,4611104,4615803,4616004,4617646,4618510,4619726,4620592,4626424,4627375,4628307
1386004515,4615182,4622724,4625135,4628252
4039030804,4600572,4602425,4605474,4639174
2340446455,4621577,4639073
1333523037,4600033,4602149,4602484,4635762
2007613318,4604056
2964877209,4600283,4640897
5677558,4612517
2927781402,4600708
2443364734,4611853,4619893,4621952
1285579347,4611502
1717105969,4606152,4606273,4606388
1228308435,4605313
84839341,4601209,4620871,4638394
2687106605,4611616
966822190,4618521,4625953,4635774,4639844
7912411,4600877,4602891
1592102740,4624243
1192897749,4604134
3971943240,4624849
769765268,4606176
320463561,4600813
1050736312,4626980,4640302
1470694922,4600181,4608598,4608984
2283061359,4603619,4634308
1684533369,4612749
1712693568,4618394
3246892637,4606931
1734379796,4610240,4628899
640563790,4603146
2531509456,4610461,4611924,4628655
3038688836,4606090,4606211,4606326,4634204
2236378465,4601162,4612186,4633717
3998669375,4604173,4626573,4633921
1095451389,4605692,4620005
795211597,4633298
921379199,4622037
1596733336,4604976
2874615072,4600558,4603577
3546464096,4627632
2971200523,4600891
2150197880,4612892,4618965
1564718024,4605909
1786766532,4629322,4638423
119610573,4600398,4600843,4601274,4614129,4619460,4621424,4627161,4635817,4637519,4640988
708298420,4606966,4632864
1799241794,4608747
3306748002,4605954
2953156037,4638186
1225950883,4608673,4609337,4609863,4615850,4625273,4625705,4628549,4640621
2705652508,4600566
228718602,4635752
1477278952,4618246
208556474,4609366,4632080,4635324
1813986145,4602446
1039942275,4611510
1343183104,4604971
1293795879,4614319
3298185042,4629245
480913409,4620987
3863573287,4602196
4055891120,4631136
3743018098,4607442
2199416119,4603040
765675644,4606553,4620934,4625438
2207755860,4607137,4610884,4612430,4614414,4614515,4632062,4636888,4638846
528764578,4600628,4611955,4622799,4635346
1157036792,4624620
585296448,4611370
190169522,4604817
2929068735,4610312,4640403
3244802680,4604673,4608610,4623863,4624263,4626401,4634798,4640317
3060214491,4626554
4219099662,4625650
1792906448,4604589,4610657,4632307
496281323,4630784,4636296,4639908,4641318,4641491
1401571157,4600543
2740132416,4635148
606084322,4608931,4620011
2728665703,4600264,4613753,4625308,4636734,4641343
2956438743,4636290
2403806130,4629471
836560716,4601547,4606060,4606082,4606203,4606318,4629854,4638163
2676689536,4625936
3733195330,4611237
3345690233,4603433
2979201537,4621780
1177288498,4610200
1660909512,4600742
3710603128,4602763,4603984
1199438316,4601037
69376162,4612348,4632700,4638558,4638900
310125705,4609300,4616796
2258434857,4605529,4619987,4620161,4634588
2012382137,4600535,4627006
3079784280,4637838
2041228952,4602465,4605246
2263940768,4615614,4621281
1784382485,4602832
413301782,4636673
2052117607,4614780,4625655,4633447
271607268,4600258
2833178159,4601009,4601736
3316857754,4630748,4638435
1530709236,4603252
3590796784,4605243,4626096
943711643,4624202,4635995
1911185183,4601360,4622466,4627821
3985989286,4626104
102773720,4620358
103570947,4601905,4602350,4614983,4631978,4641290
3403078772,4639388
1952305651,4612789
3998644634,4608830,4632777,4639744,4639752
460888386,4605906,4626200
3411235150,4602951,4620374
965806401,4600518
516987244,4611177
435614901,4606394
1523958528,4637944
1536328405,4600442,4601356,4605034,4612973,4628391,4632152,4637343,4638236,4639749
1271248897,4616399
1966711874,4612432,4640461
1527754233,4603075,4606024,4606838,4621751,4622545,4628028,4634150
4146424453,4604643,4624933
2480898449,4634293
2690080527,4606935,4636494
2731853646,4622699
1082159530,4619614
996984826,4600514
3588439677,4609588
2454406230,4605521,4606859,4630206
182508747,4600345,4605066
2142159338,4607441
1639285713,4602902
4149156112,4637638
789975855,4628644
2498098995,4608694
713074355,4603856
797041772,4601530,4604158,4613075,4631147
1825732489,4639228
827938606,4607563,4609125,4631901,4637486
3320006776,4600511,4607438
1997116290,4614717,4636349
1133978179,4618140
4096910900,4600508
1091500859,4615649
3662257988,4608991
2141902324,4600060
123027212,4620168,4639699
1748650216,4610680
1104624945,4603526
1626066091,4627308
3123669869,4600037
1463470084,4617635
2905036519,4606404
4025439063,4616860
256476755,4600504,4605057,4614286,4614387,4614589,4640910
3214725525,4609924,4625955
1111242104,4601900,4623845
1289824394,4615545
3831483915,4627469
2829395293,4605999,4614074
2897351843,4610487,4614665,4627758,4639651
3540139779,4607937,4618764
1474807509,4605774,4627597
198415782,4626243
1929504203,4601829,4623267,4633312,4633547
3785547050,4605491,4608733,4617778,4619363,4621824,4624614,4632797,4633213
1362820277,4600439
1209794073,4611346
562872569,4630403,4635083
3526268196,4600495
3414123493,4616640
223893216,4602109,4637647,4639968
1153768486,4626652
4043022002,4626383
3131174333,4601879
2339554666,4600178,4600967,4604523,4624573
836599593,4610869,4624078
211571056,4600103,4630405
4141498428,4640837
3067222187,4600492,4610529,4615682,4623742,4630942
3199714021,4601499,4611421,4620765
3131425589,4628416
3030254911,4620818,4629609
752654523,4609327
3949414124,4603022
87774607,4610029
2521785776,4600386,4632674
1120388602,4621719
1583680357,4615961
2704796135,4610291
3594994915,4608878,4616937,4631256
3072211993,4601740
3678545497,4610636
4151728692,4600486
1070722705,4620114,4620841
259917129,4600483,4610808,4617025,4622471,4624606,4629844
224874228,4623121
1929525573,4620690,4641286
3849916831,4600325
3084630496,4602853
4102962340,4617196
2727731347,4634248,4637273
3506082069,4610822,4625188
1841888482,4607145
1343190926,4603018
1209385601,4601586
1204059150,4616518,4624864
2563433931,4636426
2823072763,4620035
3529390168,4607958
2311375029,4634731
3448195014,4612651
1785055373,4602497
1279238144,4617040
2958829625,4611099
93353751,4624122
2382578223,4610193,4620265
2993712667,4600175
3366770182,4602026,4604572,4616728,4632823,4634221
3762201009,4620955
2062873083,4604162
2979370641,4623438
2917341237,4601799,4609677,4610549,4617514,4619574,4621810,4624804,4629045,4631095,4631105
630474601,4632177
3791325354,4607084,4615059,4616802,4624448,4627660,4630596,4639028
3458252711,4603333
1356764727,4623214,4630141
1366768640,4621322
2719662859,4616962
1478279825,4601709,4635927,4639293,4639984
3311494206,4605796,4633984,4640625
3075510056,4628597,4635696
3404070448,4613598,4627350
446391059,4626848,4640595
292500531,4600350,4614750,4620038,4624050
1559696902,4620719
4012250041,4600942,4602660,4607509,4607836,4608294,4611714,4620837,4627458,4632903,4633557
4224391151,4626463
2437239670,4626160
4078215723,4600785,4609094,4612417,4614349,4614450,4614551,4614652,4624779,4634964,4639678
658368776,4621073,4624341,4634047
3682019334,4601647,4623476
1407038334,4604929,4607610,4635766
2683942377,4619742,4627433,4637495
4036322256,4604885,4612162,4629874,4639235
4153344981,4601657
3846110478,4601966,4603809,4608873,4610320,4610983,4615678,4617176,4618691,4624638,4626879,4630400,4635687,4641444
944192178,4600209,4630613,4635282,4639013
3103577700,4615889
1829352173,4637054
3566844127,4631009
1139107893,4602742,4609859
3523356680,4600130,4628670,4636648
1079501605,4606882,4608674,4623875,4633832
43511781,4600462,4633346
3596129792,4602606
394302090,4602299
871703214,4621698
3543210891,4620932,4625436,4627377,4633505
1016489924,4610364
342608119,4623704,4625844,4630119,4631718,4633696,4638755
1632418537,4600015,4608311
1013206073,4609984
1406470091,4600480,4601214,4608978,4610805,4623160,4629208,4629343,4630168,4630964
868392522,4623066
1407780880,4606919,4629660
1846087085,4600636
394731754,4600454,4606632,4608924,4614273,4614374,4614475,4628711,4634600
2231998483,4616077
3369605866,4623503,4624935,4632756
2536503651,4604475,4611565,4624536
3634645268,4600452,4608922,4634598
2207918349,4613631
3990655155,4600680,4615338,4636086
3819277503,4636523
938510597,4601722,4604357,4613423,4616750,4620995,4621594,4622656,4625855,4634785,4637555
3307344420,4618102
4227755850,4601856,4601975,4635074
2828723518,4607328
2268041798,4605063
1024757447,4613630
2684306234,4632985,4637290
687201165,4614662
1732394272,4605151
3956716919,4616165
2093160449,4611334
3703551378,4601107,4610110,4619474,4638640
2115190506,4615112,4632346
3226113855,4600428
3921459917,4613127
1959494883,4600789,4606142,4606263,4606378,4617826,4619263,4627980,4631113,4633355,4637910,4639039
1721377317,4603167
362409996,4613497
3766296820,4635374,4635410,4639178
428204503,4601638,4601780,4602934,4628202
4225330591,4626616,4632517
2579751195,4623577,4630064
3832143378,4600424,4606729,4608813
486903165,4638477
1086212133,4637569
2955066523,4600166
1807165093,4603454,4604863
799782845,4605811
3959081791,4600624,4601199,4624057,4637548
3260971357,4636580
1927570624,4610432,4619076,4632852
1207018809,4605517
961745497,4611517
868831160,4602319,4604550
2806849485,4600491
3738228780,4639924
965576142,4600277,4600380,4628467
298886694,4613655
2454695223,4602263
592681308,4637361
173159887,4600422,4606901,4617881,4630953,4640895
1356797429,4618021,4634494
3851037825,4600857,4629468
73595288,4636808
3539835416,4606658,4613210,4615739,4629026
2465689581,4635621
3181753729,4620131
1937616703,4612766
2363272055,4636357
434162734,4607851
4075199133,4600061,4605418
2380323451,4605159,4616809
1012601538,4623960
3282461109,4600417,4605084,4620337,4638453
1799723734,4627787
917502049,4605396
3139257105,4609720
1793084059,4616119,4619179
3609113763,4632771
84881800,4607050
2836318205,4600622,4637546
3321485811,4601008,4625131
1411511900,4632597
4175626494,4600420,4600573,4606009,4616213,4626870,4631514,4635652
3026587377,4640497
550451749,4623975,4640597,4640711
2519036665,4602287,4611934,4617725,4627330,4633021
4122784826,4639288
4075336961,4617306,4629407,4629778
1970400511,4610383
3145615977,4604772
4047486077,4639509
1923879085,4608160
3525046920,4630903
1565694407,4627263
1018436647,4601746
4286234812,4610143,4620569,4634321,4638190
952539349,4607288,4618914,4619057,4639411
709331132,4600589,4613924
3850186895,4612747
4055912013,4600641
1395840381,4600401,4600672,4602159,4604395,4613899,4616411,4622958,4625701,4626546,4626778,4627044,4631298,4637204,4639634
1713711739,4600394,4610672,4622182,4626409,4627742
328188034,4609522,4629921,4631319,4638342
2354103600,4600391,4613732,4618440,4635580,4637442
669322972,4603860,4617761
1376859383,4602942
1090485947,4611525
3132827219,4611369,4624728,4634865
3766638273,4641239
2976200561,4601908,4618400,4620636,4620669,4621490,4622084,4638670
1744476530,4623803,4629713
3222998294,4621334
1832222934,4600993,4607549,4621451
1346842708,4633724
1156099719,4621954
3502647384,4605644
1204473384,4616654,4626020
4020051564,4602598
3322997869,4641627
10648269,4600586,4605875,4631788
2753797049,4602557
3044296643,4602368,4606820,4619098,4641511
4114175277,4606828
176983064,4604987
2227440974,4610566,4626155,4629185
3952784722,4639802
2469376728,4624432
2100054891,4604024,4608403,4608765
4110527780,4600137
2201769164,4626802
3538667409,4614175
2295235178,4622880
3694574299,4608613,4630304
2262543292,4600146,4616290,4625601,4635985,4640934
237875899,4600032,4601885,4602483,4610881
111066583,4606975
111438725,4600374,4619921
410969500,4614903,4615882,4622454,4622985
2546065877,4602797,4610878,4611672,4627948,4639470,4640235
228701383,4623131
715858514,4605620,4610686,4635254
858321364,4629092
3502183266,4604578,4608235,4620998
3124860332,4615960
4258983346,4600366,4622238,4640598,4640712
3918800318,4605190
3582764193,4630622
1555801687,4600192
3523150225,4623789
3077937521,4600749
2116329106,4615223
1809770924,4601124,4613386,4624422
1607059366,4616334
75367225,4607946,4610259,4615916,4617322,4621106,4621777,4622155,4629339,4634820
598034470,4600230
4168363333,4600119
1905755956,4604191
2070042352,4603194
2482865203,4613856,4625426,4626391
681195928,4601348,4604029,4605329,4626077,4627219,4632506,4633258,4637866
2934408780,4631075
2775426286,4626648
2528234482,4616083,4621226,4630224
487776534,4636313
3795368489,4600049
3341516568,4620463
3062589986,4612445
1172029363,4600756
4067203111,4624567
525946494,4624232
3784907602,4602965
2410085200,4600208,4627653
3005521094,4616674
808879666,4600240
1427346680,4600304
386384,4625087,4629128
1643522665,4600043
1003160553,4603646,4640809
2226802952,4603026,4604023,4608084
3533385076,4601464
179273264,4615958
3951487381,4612481
2958117301,4621448
2267615851,4608909,4617649,4626874,4632786
1119937058,4604865
3884848712,4600613
2013002184,4640244
1734564225,4618571,4628383
2999017681,4608261,4610229,4631160
4123899388,4601104,4619618,4626557
2652095298,4615617
3607574465,4600051
2358748012,4622083
261166624,4607652
2250232639,4600099
1861279935,4604153,4622890,4631927
2819299556,4602584,4632265,4638180
1109768925,4602514
3040538049,4607666
2007015466,4601044
3519381986,4602284,4607554,4620965,4622493,4632368,4641391
1912116129,4640942
2989272674,4600797,4608552,4638305
3191251075,4603047
3931683842,4624859
718473277,4612696
1985038821,4614155
1952816490,4638121
480081051,4603305
1605963233,4601025
3112367191,4634062
1187835496,4605400
659124525,4631024
326989470,4628069
1179070831,4600222,4601655,4616156,4616625,4626188
2111147034,4600183
2819571266,4604992
3600760994,4631581,4631711
921975406,4608504
2963981787,4626114
922154855,4619168
2455813867,4600311,4632219,4632321,4638377
2700383015,4621805
921949597,4610004,4615328
1082856304,4608161
2456423966,4620397
1795599934,4605436,4605884,4618953,4631254,4632237
3794480493,4633385
253352461,4618129
3731319541,4600306
3576072151,4600907
2821435742,4601006,4616501
361427957,4611915
4251311289,4600753
3464056753,4604574
702398217,4600498,4637220
2676006781,4614663
1698377752,4600910,4628634
3593312143,4615378
296453378,4611312,4620957,4622915,4631896
4039748560,4636127
3948864682,4608497
1223223460,4622943
1376033874,4607119,4616081,4621224
1958525372,4626776
1819756440,4600014,4608310
99764658,4600326
2593046679,4636581
2525513837,4603430
636092524,4631965
1059548646,4626143
541865436,4601831
498703746,4638519
1229709471,4610343
3216661759,4618580
4191876116,4600285,4640899
3312488058,4620633
2844027186,4611027,4625543
2012622293,4604236
2341793692,4607109
4065078601,4640686
3179385121,4634037
3615802611,4607230
1655633338,4600668,4607814,4616931,4631189,4632128,4636843
1925124898,4606134,4606255,4606370
3813605208,4603625,4612464,4629913
1880009867,4631252
369676174,4603107
3451473608,4635422
1613968241,4616779
976848316,4626417
1209561449,4605500
3890812132,4641156
1649061242,4616294
574306235,4600159,4620523,4625482,4633054
1496260391,4631487
1814765436,4611862
1533528943,4610723,4638215
2987312400,4606775,4609972,4610155,4622126,4631623,4641184
3454798481,4609166
1122930103,4605598,4618537,4634000
1790436788,4638927
2193576480,4601321
2773570881,4637559
3746933614,4614901,4635763
703235663,4632204
2517235692,4601245,4610457,4617652
1518574479,4609363,4633467
2717209487,4640476
3461922373,4600089,4621642,4632126,4632242,4632717
900143138,4601305
1019436062,4616015
637672978,4640087
2484950805,4621070,4621199,4625668
3620202053,4613548,4613962,4629839
784547487,4600781,4612473
1471995971,4607694,4622408
1684195678,4615303
3397460051,4628775
1293706583,4618992
3672503366,4604219
3143807948,4637671
3570144374,4626665
2734110421,4600162,4609699,4613637,4617947,4618805,4619651,4622350,4625105,4625485,4635734,4636031,4636556,4638298
260655828,4624152
1903020599,4601338
1274676513,4633958
3379150057,4600626,4607003,4611353,4629290,4630941,4637550
3734060408,4629051
1651549182,4612717
1749426889,4630764
3176334634,4626252
2542924924,4600697,4601510
1338029888,4600270,4611109
2525651065,4605462
2418972571,4604735
2308808821,4604318,4604871
108097622,4633968
1576846926,4600111,4600370,4629122,4629968,4639305
896315235,4610338,4628600
505022308,4640392
2479033511,4623724
1878387259,4603582,4616905,4627562
3590803957,4601174
418029840,4604261
3480853083,4635499
554824257,4623894
1922222864,4615818
341738165,4620252
4014048614,4606604
8590950,4619503
1399160574,4603990,4632890
388122518,4630570
97160380,4613863
187395059,4618124
2635447723,4601042
1588556782,4600723,4623339
1517283891,4609486
2962320975,4600268,4608402
2127734697,4604770
1983329654,4623287
1910679129,4603501,4635635
3904165249,4615884,4626248
36980315,4605358,4616574
1592836681,4630705
811142749,4601950,4614190
1405308690,4600846,4606888,4609439,4616233,4616914,4621958,4623399,4624215,4624330,4625338,4631391,4631780,4633552,4634957,4636838,4637236,4638042,4638321,4641501
1397845622,4603355
4283309929,4611821,4630738
3905366086,4631396
785405363,4604150
2546084460,4604763,4604893,4620853,4637263
3465171224,4600085,4609119,4612932,4613729,4618437,4619299,4622641,4622888,4625467,4627452,4637048,4637418,4637439,4637640,4637805
1903657694,4605654
2282582957,4631803
3406287272,4600257,4620211
2435916587,4638738
3842790789,4606697,4607744,4608809,4609379,4610678,4611015,4612035,4626693,4631632,4632068
2577281173,4607919,4608355,4611957,4622801,4625077,4625856,4626808,4629380,4637556,4639629,4641340
757167843,4605557
98714825,4624603
1673521037,4606122,4606243,4606358
4289918218,4625165,4629801,4633798,4635864
3414074349,4605998,4608107,4609194,4614073,4634497
2578613159,4616062
3741596941,4641029
1594587479,4608391,4610801,4611539,4617357,4624585,4628310,4629428,4630601,4631911,4636264,4640135
4278803716,4623301,4640440
3868128943,4601057
2858670691,4601653
712905702,4637478
765522684,4627311
1249593775,4602415
352072517,4607600,4616464,4629495
3216466391,4600851
255238050,4601073
822346903,4633830,4636026
3896865687,4602914,4608602
59786995,4601228,4602175
4259214671,4600858,4614999,4629469
437881613,4639691
1948935382,4600243
2433075069,4616583
175302879,4637580
418868586,4616505,4635591
2537068692,4600242
518672494,4600261,4617532,4639701
2816742279,4613184
422106270,4616440
3677616934,4601652,4628980
888694368,4600402,4628013,4631705,4638793
1398629010,4639535
1576410631,4621048
4160763395,4618113
613771887,4602347
232300993,4600172,4640613
2606504855,4639162
1118184914,4635848
3576781548,4600276
977015885,4603232
1663358011,4600629
603594722,4638397
3858826865,4605592,4618606,4621569,4622531,4633264
1017758630,4631641,4636455
3260435332,4608988,4609495,4626008,4634655
3357128451,4600223,4610953,4616626
430409966,4602253,4608503,4613078,4626250,4626280,4636603
2844360882,4609746,4640039
755369370,4613793
2067914659,4608171
484160033,4632680
2971662575,4616306
1101994581,4624220
931850909,4601644
618548316,4624774
1519183373,4609693
1356500505,4626658
1332172223,4602888
2762817797,4601480,4607363,4613402,4614115,4621544,4629014,4640275
3826102279,4633118
1623209776,4601302
3764411365,4620886
1888150479,4600131,4605338,4620895,4621762,4636649,4641409
337447590,4634415
3475744534,4610361
1494326054,4604081
3124423867,4613983
2800551486,4629703
3103137708,4624338
552679950,4604710,4639961
2133240691,4640629
3079703442,4606485,4620958,4625666,4631897
2224733878,4640611
3139230398,4621461
3864629817,4612787
2082497102,4602632
2025546499,4622770
2598058353,4607605
50098078,4625918
3180422752,4610411
1407753211,4638863
4140853103,4635988
4044208617,4607403,4615708,4625589
3011383301,4603257
1951005278,4624457
3143219681,4618344
2986191679,4613313
929685973,4611788
4077963097,4620683
2667899987,4600919
780436920,4611337,4612188,4639143
1470984486,4638783
2415518462,4600016
3165450152,4612710
4319067,4605755,4614969,4621930,4625110,4634342
1798975424,4622602
55079937,4606684
3176298665,4611870,4630236,4634382
532116099,4628778
2679768486,4603240,4632738
800550145,4611401
1133642101,4636699
217062504,4600185,4600971,4614077
4152098332,4600190
2548427210,4625546
1032744381,4601843,4617089,4622696,4627856
2551710965,4604123
1560668141,4602416
2226751746,4624885,4638834
4090642755,4616839
3534814770,4601094
3124410240,4615075
2070717582,4623072
4062653534,4611225
1067351855,4600225,4617502,4626824
125079252,4603325,4609879,4617617,4619840
4092517993,4607471
1044193940,4611783
417766791,4632690
875529391,4609455
2624571360,4632891
3722995864,4604068,4607277
2907013834,4627590
1526988180,4600580,4607533,4608903,4620897,4633231
3453013831,4622276
3121367399,4621082
158023206,4607372,4632971,4641609
1743355264,4606096,4606217,4606332,4631102,4637496
1215252189,4607604,4613673,4628971
1495923150,4600237,4636652
3568436014,4610764,4624559,4638647
2662955017,4605516
4206128457,4605275,4632977
667151363,4622855
645574800,4601994,4605569
1088469743,4600176
4224900400,4600547,4600820
2572688558,4623796,4627069,4630116
3064371881,4614792,4628356
3680583260,4602404,4614488,4619249,4622990,4629465,4636016
1201329850,4611647
1082998643,4635894
376989842,4601523,4605090,4607237
3644609596,4603278,4612144,4615963,4632608,4634327
2552447077,4618314,4627065
1317491020,4600888,4601154,4614859,4629631
817991726,4635753
430950876,4601134,4633281
2143421397,4600754
2035207651,4618942
513841365,4610795
2503848982,4633936
1907831790,4628139
2797665707,4618928
3157137933,4607236
4010238177,4600714,4614220
240806965,4624941
1597172979,4600976
1196458825,4629539
2742101959,4600048
2462325648,4637148
840560194,4635541
2066206697,4621323,4639831,4640089
4225303149,4604588
1673413770,4603572,4607626,4617316,4625707,4627751,4630932,4635519,4637050,4641057
2200354672,4621999
2369289645,4603170
2209715523,4626490
97861200,4607015,4617570
2541954157,4617956,4639475
528775963,4607890
1054050060,4633366
3465738886,4627867
2440684983,4618393,4620597
2419056986,4609643,4638143
1840730056,4600052
2814589082,4602096
3967929557,4600165
1967358336,4616766,4622892
3636808800,4610988,4636327
3165038821,4611361
429620463,4601714
3965668963,4615648
2035148363,4605549,4619050
648842306,4610924,4611493,4631112
2621237980,4600577,4639033
2141006320,4615309,4617485
3493420382,4632896
1369993409,4600187,4605482,4615025,4623994,4633749
2555840100,4616322
1291778517,4631216
815962583,4602091
1850788323,4627950
3385810336,4623276,4629240
1042091541,4617332
2634462464,4616072
1435429612,4637645
2372068469,4615373
4166769320,4633796
3660838779,4605638,4614012,4618999,4619128,4622525,4622647,4627890,4635064,4639570,4641376
1123552744,4601915,4604660
585835991,4606500,4621394
1313671031,4603349,4606007,4614964,4619258
618990793,4618920
2041629516,4608195
1918793395,4602852
1217741566,4611752
3349864545,4602615
3286042034,4601361,4615599,4620352,4624757,4627575,4629917,4635266
1169474354,4602573,4607700
3420456607,4637158
3997468936,4636497,4637069
1022732112,4600122
527430656,4639397
3448418950,4606876,4615407
3315397488,4609599
2907456121,4600028,4607258,4613427,4615470,4629162,4633842
873909388,4609485
1291740781,4635304
2173576711,4631358,4640260
3456314954,4613145
4257414568,4635627
2796997572,4631193
2128998497,4601292
687657788,4615763
2643383121,4600563,4616141
850276313,4603036,4606502,4635670
1995793374,4626265,4635620,4636249
1390543779,4607899
518531994,4602495
2029131952,4619425
4045884809,4609182
3917551596,4635373
2976695151,4600757
661194958,4627573
2104767319,4603057
3203065328,4607430
3687064677,4629766
959519657,4619332,4636382
3636890810,4600593
3701890458,4613672
2394657205,4619413
1281522577,4609264
474038793,4602710,4620147
2853136490,4629400,4636240
909728517,4600101,4633407
2756919809,4627418
3842588681,4604324
1351366037,4615677,4624637
3012577728,4600211
1600260354,4634041
3664409642,4600282
3765794262,4605973,4606400,4606752,4609491
390350738,4608127
1615535522,4600086,4603403,4614087,4619774,4619905,4622642,4622889,4625192,4625468,4627453,4627965,4628344,4633541,4637641,4637806,4639518,4639785,4641548
969515121,4635924
3748905613,4601596,4624538
3625529037,4626277
2105885790,4617690
1918974634,4603422,4607373,4612056,4635309,4636966,4641610
3699285741,4610322,4620202,4641446
863365481,4617794
2476155702,4600699
3264993147,4622876
1889905157,4600098
426517354,4639579
1559814110,4610462,4611925
1456591667,4605021,4627746
376948299,4632392,4633765,4637770
3448201024,4609451
950665589,4617488
2223811391,4601159,4609190,4618485,4623546,4624326,4635702,4637384,4638953
1099632004,4602070,4640108
3615018450,4600455,4634601
125177829,4607353
2945102896,4631003
3118949816,4604232
2134933331,4615652
4019298808,4603124
1998884682,4612774,4617446
481702777,4636646,4639583
3939533446,4600446,4631913
1322238995,4601520
2136321438,4614673
2810898290,4609926,4614002,4619408,4622464,4625698,4626205,4629004,4637283
3932129745,4606875,4615406
846057874,4631124
933187070,4621670
1776601802,4612555
2854929943,4606063
389621483,4622858
1629798091,4600031,4620201,4623972,4633339,4634080,4638365,4639050
3278576681,4605447,4613206,4614916,4615991,4616093,4620308,4623935,4625355,4629132,4636201
993264755,4617766,4629760
4137399458,4604641,4638372
2972443849,4602346
1574265052,4615023,4634556
3837755470,4607023,4608631,4624837
2138641424,4627534
3916483351,4601072
2675116070,4612686
1379417993,4600200
4116455252,4620086
1567386212,4617574,4624015
2548824083,4603765,4603977
464030396,4617205
3432417893,4601614,4616731,4632363,4639923
1902468494,4620261
305545662,4600072,4616276
7821524,4633250
3542237419,4619895
3864419995,4612893,4618966
1286169377,4632730
2595087526,4607817,4618584,4619420,4622226,4624185
4259718115,4600335,4631541,4632457
3272945498,4615927,4620174
3063317261,4622041,4624359,4636434
1941696023,4606077,4606198,4606313
2270878897,4600013
4044070956,4608392,4610802,4626860,4627900,4630602
1151761191,4634043
488751214,4600124,4600197,4608634,4616245,4629576
3138658720,4638654
2497662495,4601921,4613152
1926489331,4636343
1064892680,4609443,4619108,4637707
3316815398,4603159
1324570670,4628929
3417703017,4608059,4637724
417130202,4605704
4286308256,4625904
2910988813,4601683
2892635331,4638800
3817855840,4602421,4613747,4617082
3309897902,4610258
1394111863,4638086
300599306,4602279,4625820,4627399
4177928891,4639132
475220948,4605734,4608825,4613473,4632161,4632584,4635911
781878482,4606694,4631629
2556736307,4635633
3399045208,4631148
3720481991,4600840,4601628,4609500,4637844
4054151092,4603538
957608497,4636126
889869919,4616052,4617706,4627655,4639816
558905169,4611178,4629444
3738772739,4632000
858223,4619472,4626627
4016670641,4602538
209059970,4638789
2413006870,4603548,4604351,4617047
679113917,4636517
1417731874,4600606,4608695
2699681699,4600768,4627526
3050865454,4619290
3444592724,4616372,4623107
1066703209,4602106,4619759
589474222,4627701
1387575600,4606786
4204706603,4606790,4636911
1274785040,4603397,4613800,4617015,4622804
376512273,4609144
2384686397,4621611
4097952937,4601142,4603421,4636965
858178100,4616263
2855740286,4633610
1052001340,4605087
2704112085,4611036
988564643,4640714
3887590619,4606834
3691917932,4610864,4636614
39943042,4613499
2845842913,4604054
741873112,4609076,4622023,4623252,4623552,4638004
3794457444,4617565
2882069718,4605901,4611216,4613378
2510053398,4626435
685843720,4600827,4630039
837612065,4640374
2194106664,4600484,4610782,4610809,4617026,4622472,4629845,4636830
2846775259,4636409
117430049,4605837
3941007129,4600340
3269090675,4603299,4603364,4640640
1431214677,4623688
3331238071,4604017
2625233472,4610835
3926471192,4600536,4613748,4627007,4637423,4638071
3819861126,4627176
1743444829,4612995
1517720443,4600515,4624670
2786514883,4611393,4612832
2931933725,4603269
1914986323,4600544
297734864,4612583
3798827799,4609469
3536663862,4617477
1766794205,4607254,4618327
3956989480,4611193,4620756
3756058531,4603251
84824468,4611931,4612531
1190505976,4641576
1215451466,4600406,4608446,4636819
3196675737,4639124
1389104958,4612729,4621427
2378965900,4611147
857233326,4638699
4166471169,4600160,4601505,4608092,4612934,4619649,4625103,4625483,4628609,4632144,4633055,4636029,4637420,4638196,4638296,4638473,4640112,4640754
3542200171,4629922
3466772210,4627030
480025547,4602012,4626002
3047422396,4607367
91803012,4601119,4628945,4629794
1114354202,4602653,4604729,4618739,4624350,4630631,4635080,4639866,4641146
3167350013,4605133,4617433,4618552,4637214
3101221371,4600904
1017493779,4629452
1842160818,4628308,4630052
1638044989,4611584,4612498,4619324,4622372
2090918689,4625637
145196186,4603111
2023646637,4640412
2127851921,4625639
1826422964,4618325
3567489581,4600128,4636286
1579210272,4605855,4607871
461104907,4601410
1134163914,4617060,4634500
3490367933,4634943
2850297520,4633410,4635086
2787753776,4609941
