Hashtable for reference seeds[0, 48493)
<hash>,loc1,loc2,loc3...
3710543959,48455
3845835580,48427
1113837283,48422
1806134814,48421
1608712118,48411
1943505564,48385
1187068643,48310
2168698494,48281
3262136877,48259
3502759862,48244
3415001729,48213
866569001,48212
698907888,48211
282087192,48210
847287315,48204
858332859,48202
845321735,48180
362485714,48179
1213830680,48178
2655277522,48145
1968052224,48144
2132672122,48134
108587281,48132
3928186423,48101
4192395170,48046
399846809,48044
2014791794,48036
869254314,48035
277176259,47992
552178558,47975
3566382382,47963
363473578,47952
43713322,47946
1667929183,47943
322976420,47918
3960474288,47899
222495789,47897
3950766589,47859
1222824428,47856
3744552423,47848
4146174795,47845
1111541533,47820
3671902606,47813
515715753,47811
3910387372,47804
2093398857,47800
3194361937,47799
830964973,47795
2923270335,47792
3060823923,47791
126914955,47782
2158498534,47773
901815191,47767
4038198054,47763
3544443043,47761
1557324108,47760
2891135220,47742
3084951632,47727,47978
3256051597,47716
1779391578,47705
460849061,47701
344010253,47698
2547841096,47670
966238557,47663
181683911,47659
1910565184,47644
375051842,47593
282062320,47592
1648900385,47589
1376589503,47585
222125862,47572
1199962378,47571
2428665751,47570
1534340779,47568
3080644819,47567
2102510589,47556
3989402412,47533
3239087901,47523
3351772244,47521
3580294418,47503
2726265848,47494
1615954543,47482
3813095629,47471
3694518700,47464
3387755738,47425
3251302148,47406
2146573164,47403
3997568696,47399
2088822637,47393
2167427687,47392
1241015072,47363
263455630,47347
3276877856,47341
4153444811,47330
2796809004,47304
2416324074,47302
2625851397,47298
3135343950,47273
3896746312,47270
339975369,47269
959158748,47251
2428152,47244
1081972071,47236
2782305896,47226
100356071,47220
2084086412,47217
1489991363,47215
744719261,47214
3616626941,47199
3583317514,47175
1303705043,47166
2330252983,47165
1680171251,47162
438829555,47161
3013257255,47155
3589485889,47154
1012138744,47112
180092059,47096
1174479967,47085,47107
4285730212,47073
1894159370,47055
619639691,46993
411249014,46991
4226983446,46988,47488
3046531003,46979
420118808,46975
166280520,46968
50388090,46959
4171234076,46958
4199015084,46926
669992784,46901
515866070,46898
2758747644,46874
3309583003,46830
2192870076,46826
1804746664,46813
66689486,46807
3958114713,47964
3139131131,46806
1747194570,46803
3852634653,46793
646935932,46791
352759628,46790
4077188057,46778
750114066,46776
440540439,46711
855306466,46709
1080253502,46703
1666586985,46702
3113377255,46686
4008110841,46670
2811038412,46665
2614156107,46661
217886347,46655
3589370721,46644
3506804346,46616
2644535417,46615
3819916336,46614
31814427,46609
2247963337,46606
2619036768,46604
733782277,46599
3815105154,46575
1620038205,46574
2367455870,46571
3534429717,46569
1438299735,46565
3846166795,46563
515337733,46544
2204719730,46542
2627293858,46541
4111129804,46503
136702239,46477
4211123045,46475
3560581989,46474
147515729,46470
3807013635,46469
299901359,46419
570191406,46394
4029789685,46390
2912728205,46379
1227786165,46375
1211744254,46369
1560090367,46365
3834908757,46364
1192206187,46350
3143594678,46349
2607529515,46346
2781066881,46342
1234642791,46341
997301232,46340
1314707023,46305
1479088366,46304
3189744082,46286
1047061556,46283
1634976369,46282
2744503604,46280
948153443,46268
2859268646,46267
1721309173,46254,47997
2269088095,47364
2018193043,46243
1777269445,46238
705670558,46235
1270613186,46233
3143740161,46208
1659760279,46205
737457020,46204
4077806756,46177
2164403493,46174,48471
938011425,46173
3931081521,46148
1426642173,46147
1357276358,46112,48034
1210183586,46080
3950407931,46056
1475229708,46026
4023571218,46003
328126249,45990
3490361766,45974
4143613983,45925
3727532415,45921
372758640,45918
562777281,45917
1825020450,45867
98141277,45866
3524517126,45865
1026892481,45864
140632542,45842
56211898,45827
3528961038,45826
2829973162,45808
2522413132,45745
1168160904,45722
1586740376,45721
1663648750,45677
2197343871,45664
249535889,45657
867840548,45656
3420131350,45654
3822274589,45648
2343987124,45640
2005508454,45639
4232309188,45635
551684786,45634
3572911768,45632
1066116321,45631
3282609248,45626
3787489524,45624
1743652173,45621
334787921,48321
1063479116,45620
2431789427,45619
259583645,45613
228177493,45587
2372469509,45571
58631091,45557
1439266618,45556
2251887926,45555
1775893430,45554
2737892780,45523
3553150987,45522
2805443557,45517
1473382095,45510
1539534288,45495
2418676976,45494
2060890311,45491
1737490194,45485,46795
3824807216,45467
3235342314,45465
1843130075,45457
3203606327,45452
4269672754,45430
4072032674,45422
50362239,45410
1097232227,45404
1014249847,45401
3080070656,45393,45446
1294909151,45378
1006625949,45367
3526338953,45366
1163660473,45362
843244553,45343
2129083177,47163
1897167271,45342
457234079,45336
962260830,47034
4245293050,45309
124886396,45306,46373
1224428084,45305
2198626642,45300
2329795861,45287,47343
1286442234,45269
4058534082,45260
1212139920,45257
954451753,45252
4227497719,45249
662420787,45238
3275096864,45200
2456967226,45198
1853395093,45162
299553656,45151
2434966803,45150
3361760211,45141
1907580574,45138
3208674142,45137
887744235,45136
1942034568,45116
1760628845,45099
1878127209,45095
2992840281,45093
3745869668,45092
3103028788,45091,45618
70006148,45077
2731989862,45069
4197784462,45068
2305988908,45065
4180231575,45053
1955410751,45051
596143002,45048
3674946280,45047
776652318,45046
1554914419,45044
2754529745,45005
4265257308,45004
1578677875,45003
3487860567,44993
1146652047,44919
3013764691,44918
553194907,44902
3511418127,44894
2430542997,44893
2084349757,44842,45384
1103353589,44811
2389394899,44808,47687,48450
44109976,44785
348596474,44784
982644287,44779
1729680289,44759
3923393387,44756
4256373751,44755
492650487,44751
740377629,44750
2428534480,44743
2244090003,44730,46775
1183766157,44709
932311104,44690
3071004151,44683
2164434726,44680
3338667581,44669
2225313433,44657
1145459806,44650
1426104671,46449
67141240,44649
1924958178,44648
2895118794,44647
2072495917,44630
1980850176,44573
1705156184,44571
2507257138,44542
4037938364,44541
792946889,44537
1918019203,44534
2980182865,44532,46402
583503968,44517
1477102526,44516
3717204624,44511
100961825,44502
1840523598,44497
1719338759,44494
2267938282,44484,47279
3267075820,44480,46558
2179059348,44478
3449775604,44472
2289974976,44471
4163587105,44470
24941987,44468
1550827384,44456
2862906390,44454
1656849899,44423
3355393053,44420
555281934,44419
4025425922,44412
2473122167,46736
4070456471,44395
4137424889,44389
1219263229,44386
2751266126,44370
2904852709,44365
177461505,44353
2139736728,47237
646684859,44347
2117805530,44341
822982565,44340
4189627376,44337
862953446,44322
3856572140,44258
1173956859,44257
1260001710,44256
4226153511,44235
3166572965,44229
1994366840,44226
2280027127,44216
2510596988,44204
1899422611,44180
886489834,44178
2409864203,44177
3734240309,44169
1281496754,44167,46545
4080714252,44163
586690690,44156
4022358816,44131
3749536289,44106
1760153907,44104
567550483,44102
3024945315,44100
3552527607,44099
3390583581,44088
2754428477,44078
3814690190,44053
733390517,44045
3275347066,44027
2874177684,44009
2644298836,44005
518636388,43988
2344183027,43985
382517966,43972
2014794576,43966,44847
3003120076,43964
3341884508,43963
3254479709,43959
3927665391,43956
2880442621,43904
3429114274,43903
2921683153,43881
863784834,43879,47718
883141512,43868
4138887358,43867
2964864027,43854
866430160,43833,46724
732742082,43800
300365737,43799
1900914653,43798
3444320477,43794
2757575758,43793
938655818,43765
2631145171,43759
847079718,43755
3541135902,43746
4285312400,43733
836658467,43732
3193509921,43705
3241770358,43703
933254458,43702
400268163,43701
2211935143,43628
2574708337,43580
3185335558,43573
1380468912,43572
1132832058,43567
1029739465,43562
3601285047,43558
527769816,43557
3841622780,43542,44459
1655002585,43538,46073,47728
3572747688,43522,47424
2565557826,43499
4161231955,45663
815810293,43498
126605160,43467
201277225,43449
3159841564,43424
3129433485,43397,45713
1422856985,43363
2457774147,43334
3515921223,43333
2955752910,43319,48379
2004338188,43310
2357526055,43307
3038855232,43292,45717
4016240473,43290
3075655682,43289
3270399647,43223
526310247,43222
2710266051,43202
886198786,43201
2337965358,43199
1219822677,43173
3523325470,43168
2216559192,43105
3627358398,43103
4061949721,43081
4055935460,43079
2312289508,43069
2936985849,43066
865906698,43065
278740996,43048
2515761484,43035
1868498900,43033
3905400446,43020
373200632,43019
3347894923,43002
3857261153,42980
2999756952,42969
2835596561,42955
2753887877,42951
2113696231,42950
1139902198,42947
3406117139,42939
3615529602,42937
116094384,42936
1729330943,42898,43032
310532804,42897
3549227593,42879
855950271,42856
193004539,42839,43377,45536,45817
3583636190,42816
4090804101,42797
300608872,42796
2105329492,42793
786062662,42752,47974
2827132180,42747
1599048600,42735
3092237596,42733
1700031232,42730
3393360496,42718
3688198260,42715
2358547060,42714
3689672128,42704
2180659452,42703
3090678997,42695
1129613427,42685
1455206788,42680
266277933,42679
3932583094,42676
1222878851,42654
1785269373,42650
3773664119,42645
3618372039,42644
688258387,42627
2832396986,42626
913659664,42623
2017737288,42560
3280590291,42559
401849561,42558
3819532349,42556
4148465814,42555
1494739169,42554
4011967871,42553
2726435239,42535
2021926970,42510
2852804870,42498
720254559,42487
309083649,42486
3907632014,42485
1195266484,42482,46345
1956359813,42481
4285267359,42456
1719483348,42396
2745565316,42380
4258176771,42379
3234256458,42377
2346617224,42369
1179657612,42360
2030226028,42359
2124416545,42341
3383520259,42333,43133
1960912591,42327
3490638042,43767
759338340,42326
4086315681,42320
47645302,42318
3943601289,42317
2519936493,42313
4220033162,42312
3998707962,42290
182774144,42263,44108
1056804933,42252
2537921372,44368
4222590608,42246
158820969,42218
384228846,42217
82821407,42213
924196486,42197,43051
3632755908,42194
2678304754,42180
849761958,42171,44013
3938809812,42155
4294416853,42151
631350117,42144,44923
173316355,42143,44922
1987308384,42132
2088922560,42131,46564
2754544880,42115
1276607368,42080
4148239083,42069
1955861017,42068
847613459,42067
2813814942,42066
2012706002,42065
1497431310,42064,42209
3563647265,42062
2517749333,42059
1530278039,42045
3013395871,42033
3371706346,42026
2472031820,42005
392437274,42004
1693397431,41995
4225432197,41975
2963786870,41974,44321
3344730844,41925
3027482350,41923,43907
1065614002,41898,43013
3806263217,41881
3033350635,41880
4080823356,41879
1478762199,41877
887020241,41874,43825
426333867,41854
2812043942,41853,44248
1637365810,41815
562743187,41805
4153169014,41803,41843
2876930211,41862
2146387392,41793
2827136082,41748
2103831228,41736
2576042168,41710
2468504681,41709
2407302864,41697
3144754172,41681
463298896,41678
4120638624,41674
1825673941,41672
1079855652,41660
3753341042,41646
826037312,41634
2891664853,41632
2440865107,41631
1388216943,41608
1087611830,41596
2373763657,41991
2314897444,41582
1659233133,41581
2486860789,41580
419523950,41542
3357274974,45638
4293168038,41540
158374567,41539
2118160147,41481
3003933662,41480
431524804,41441
2904643392,41437
3898972220,41411
3478150011,41408
2827233550,41407
326594801,45055
880616132,41388,43776
1078409827,41382
3182814287,41381
3824535510,41367
2834830714,41341
1410940165,41333
321584508,41309
92067945,41304
688314271,41251
1222671422,41250
1171806378,43520
809222395,41248
3908791269,41216
1468529880,41215
4020448328,41212
2358954305,41205
2960442479,41197
216191356,41193
827497069,41183
2305519536,41182
3955087208,41167
709466350,41166
3263613773,41164
1099337395,41163
4165301579,41156
751137377,41142,42858
4138701420,41106
1832075376,41098
971215224,46165
3889631818,41091
2179387830,41077
2414932481,41073
144153012,41070
2654058447,41037
1070536406,41016,48058
955493431,41015,48057
1586844075,41012,48354
3179924735,43566
35867183,40999
1930722948,47208
3252216710,40986
3652456755,40979
1702038371,40978,44746
1962236605,40976,47549
2700563148,40975,47548
2137972461,40965
3584025760,40964
495519418,40953
2816256221,40931
2814812428,40925
3685104827,40917
3537798162,40879
1729264449,40876
656074302,40874,46685
3740383766,40868
3946312461,40866,45000
4160952116,40851
1908577692,40824
521832996,40823,42402
4051659006,40808
816346342,40804
451979136,40802
1258283118,40792,43346
2256097474,40775,44277
668767344,40769
3909157760,40758
4212113686,40739
1174011190,40727
3702570817,40725
321180947,40724
4293893638,40719,46391
4227616288,40702
1091062051,40674,46697
2428877881,40649
1898992906,40643,44620
2901456753,40641
3336286015,40985
2897451127,40606
303553261,40588
2218774472,40587
3351612688,40577
1982822323,40576
2389994558,40575
1048746301,40556
318322587,40553
1001609396,40522,44212
956365745,40515
159209331,40501
1771988000,40500
3749012998,40499
2442135037,40454
3025106723,40447
1330390928,48045
4025403943,40424
2768351697,40396
875168998,40395
31570177,40364
2515933401,40358
893988526,40357
658949688,40348
3449290243,40327
1557262281,40319,47906
3846781690,40313
2035427523,40309
769264744,40305
4168196112,40286,45928
3361545086,40259
4232124068,40248,45380
3001395881,48420
2106547149,40247
2206506077,40211
219440761,40208
756883443,40205
1111157391,40204
1193665019,40202
220374550,40200,40593
3715210479,40190,46021
177420841,40177,46815
1047584952,40173
298891382,40145
1768872979,40131
3724445584,40100
2317727006,40083
1653304174,40080
2655099272,40079
1462457290,40070
1790044248,40044
3382672465,40034
1544640415,40032
274284220,40024,42931
3310798765,40012
2712174432,40009
270568871,39966
1090743403,39935
2942734717,42956
2706986978,39933
415684301,39921
3826073350,39893,47484
2804062036,39892,47483
1008561570,39891
1226358368,39890
141207468,39881
1354192607,39880
2646731990,39872
1874616445,39855
2201276394,39836
4246518938,39831
2737790977,39827
1180986276,39812,44891
1195270081,39756,44060
481234172,39746
1139806896,39742,41129,43552
2652673769,39731
1353314389,39724
3813616783,39716,42661
1386080875,39715,42660
3919604494,39704
728788954,39697,45507
2469902284,39696,45506
879710390,39686
1859710237,39643
2395642284,39626
1384330867,39608
678218610,39594
2913036505,39593
2389748151,39592
2957665492,39580,40642,44619
3225965879,39579
4234546474,39575
2922448816,39550
2307670782,39531,41317,42647
2694575303,39515
356850220,39514
2910272282,39502,42831
3927090581,39500
3699648323,39499
1512578824,39498
3445135705,39493
3609245380,39491,41274
4012713366,39490,41656,42002
2880763925,39483,39798
935101203,39480
1700109790,39478
2570820426,39477
6860813,39463
991755335,39460
1875785341,39455
4140355950,39444
582530720,39443
3773636578,39440
3184197845,39438
1351494925,39425
2997204504,39424
3499138511,39386
3767227069,47656
2992811048,43169
1161889233,39385
3807234561,39382
3815633572,40764
940395821,39379
3867805991,39369
1196416644,39352
4258213070,39346
1915522407,39331,46536
2856255287,39328
3547889176,39309
1589461010,39307
1601572636,39306,42153
3295979814,39305
2526798749,39281
4080869304,39271
2364710328,39255
3883163137,39254
4106374313,39248
3480993971,39241,44278
3978038654,46372
1933151399,39125
2414602491,39124
1111729439,39123
4218328244,39118,39133,44457
1807993541,39099
1095085401,39098
1589862202,39079
2610491746,39078
3396959093,39041,39061
2539715318,39035,39102
287342617,39034,39101
1795586676,39029
3392746188,39028
4070222022,39026
3240035914,39014,41623
3037783252,39003,41293,41997
2385280853,39002
2086051192,38998
1772104883,38994
1083201477,38990
805377154,38983,39525
1512945432,38975,41830,47094
3526312010,39934
1116757695,38960,40811
3742796189,38950
1944814164,38949
2792754520,38930
1760721941,38929
1485642678,38928
3546586629,38919
1591257030,38917
3506910797,38908
2252588983,38906,44503
1362125420,38905
2657112088,38904
2692188321,38903
2411421371,38902
3114624182,38901
3651696880,38899
2039624455,38898
239812869,38884
594395417,38854
260543825,38853
1256643440,38852
1255588281,38851
2773322704,38850
1364399094,38830
3057908104,38829
3537088777,38828
847226541,38819
2975781853,38818
152027249,38816,42271
3999881733,38798
2232762919,38784
1173788988,38778
2873022515,38777
39050059,38732
1621475071,38705
4151161266,38704
1630578778,38700
2541300955,38684
1202778570,38671,46779
3077365061,38667
3572490246,42681
1488101679,38661,39573,47770
3950756043,38657
3926590840,38654
3675823474,38641
1916902983,38629,45084
2406323059,38594
704375229,38590
1823746770,38589
316894341,42024
2208122521,38576
3357263080,38572
2374628459,38558
2084720100,38557
2241908808,38555
3422921899,38522,39402
1388136981,38509
2974563502,38507
3116961891,38506
2629168665,38494,39558
333255482,38467
3717046375,38419
1310937231,38418
549069199,38417
581555131,38410
1411895193,38408
1333145370,44070
1722295014,38401
3135460455,43332
3868832144,38387
3136138980,19389
2745703486,38385
2035061807,17648
3102574477,38384,40221
700117158,38374,40754,42818
2526685355,38369
1252075528,38366
1253451312,18316,20096,20742,25184,40050
3213189580,38364,42968
1982040349,38357
1957968881,38355
3318443852,32063
574157065,38350
2901010989,38347
2463780319,35158
2399256366,38346
1039357744,38338
2842101346,38337
125120008,38325
3572549845,42113
1507577613,22742,34809
2959122244,16921,32864,41776
765950767,38293
3870385597,3240,23485,28296
3582895254,38290
1276656072,38287
2493587900,17461
873828372,38277
2392603696,38276,41490
797780324,2162,4224,4607,7719,8809,13815,18699,19174,31927,37003,42265,46636,48481
1152649207,38248
1486095143,7384
2537843292,38241
2775996326,38223
3801351949,38215
2402122485,38122
2473529838,7998,31645
3257203979,38114
2417234030,38110
3414690881,29050
3808135264,38096
287197527,38049,40316
4287768936,38048,40315
679224566,38047,40314
1211624675,38040,39824
4090124288,25977
2813686710,38024
1841979675,38022
346714247,34167
1781414243,38020
1755704047,1236,18706,47033
3436027110,38014
1608464787,37996
3541931996,37973
416548675,46344
127541029,37972
1485199351,37951
3582649491,2035,4085,10092,11641,17288,19252,20338,30673,33623,37468,44748
2607435134,6451,17352
994542045,37933
2794926646,4110,8927,22432,27770,36090,38922,40302,46053
334478388,14411
3707622976,28222,41455
3957335046,37929
2429354607,37920
3331966321,37896
60534928,32011,34998,36464
1045573179,37891
4155218932,37884
2733134952,37877
69883978,37858,37921
2521857121,21826,42154
2957323082,37847
110606055,37823
1494461778,37821,44122
3454370152,2456,5133,45322
2338766692,37810
3867410159,41607
4259054352,37795
3306089252,4064,5365,6196,7178,10097,28819,29016,30171,31095,32053,35314,47239
1662901537,37786
940485914,37782
2422390314,1634,14921,22749
1840774642,31978
188534543,37778,37939
3906010035,7142
3332675237,37755
708506753,37752
3657661974,37751
887014143,7672
3162042831,37747
2003019110,37736
3506353816,1308,22908,29364,35001,45169
3088169679,28787
361087565,37735
3647271225,37703
2481644742,1057
756496948,37673
562937112,1164
2527998799,37658
157487701,4503,23513,28512
1913958801,37649
2454929986,37634
3584836457,1294,1713,3929,7053,7236,7873,15770,15940,20410,22309,24409,27377,39336
1334778976,3823
2458303272,37630
1273952978,37629
1039741956,37619,39106
4067318818,28428
558517055,37618
4103349564,16580
890679056,5322,40806
2047661169,37608
1980516188,37602
79759629,37595,39073
2599983830,3999,11354,16995,18720,33256,41195
966620009,37577
2745097753,37572
3248417469,37499
2053619178,23568,47135
3863993110,37444
2532720157,35103,38519
2047414650,37410
1261224656,37409
1880421757,37383
2515730137,37381
2275463177,14174,21244,22401,33720,40330,45333
3258624087,4710,5087,5873,8013,8572,13595,24614,26086,28334,32564,35753,42686
3795337877,37379
1021810137,37377
1356111516,37374
3012063122,4740,11241,19995
2920716338,37348,47938
476284173,1418,4444,18976,22398,25708,28415,33717,34141,34706,39975,44201,44269,46217
2762525473,37344
3804474588,37319
2986914146,76,3417,23082,23546,25744,29699,29942,30595,33874,36541,36734,36848
4132169307,37304,44164,45297
1325738322,37303
4009430844,37294
497845727,21574
3141141855,37260
2466654064,14495,33936
2769497456,37258
1403112369,2539,5016,9235,11770,15024,17552,30564
675295552,37245
3879736640,45042,46553
710579296,9831
790482015,37234
3189341621,37233
52722878,7852,9588,18581,19866,22178,24293,36134,40567
2248414621,8587,12071,13267
2179518778,37232
241517927,37229,39940,44388
14999172,37227,39457
2284943364,37226,39456
2134042575,37209,47724
2880632,3344,4686,5002,10996,11041,13718,14325,16151,16203,17501,22883,28911,29089,33834,34290,35401,36778,39433,41019,45538,45885,48123,48395
3719578623,37202
830310605,1975,2079,2113,4797,7619,16712,17021,18215,24891,26282,29227,29604,29950,33357,42270
2608461136,8172,27556
686192537,37181
641941123,37179,48209
1594819358,37176,37358,47243
1170982129,37125
2168613991,7832,24188,42791,44992
2553031707,30173,32055,36380
2934852006,37122
1286513325,37097,43052
2421741657,18941,26858,39069
2522320844,37076
1265541130,37073
380016050,37065,45986
3767087392,37060
3411233251,45511
3799817121,37030,40504,45786
4236282103,37029,45785
2334783803,36995
467576875,36979
881914175,27070,35187,40427
3368336603,25317,47256
735095822,36978
1796302837,36976
2336552407,36975
3769967378,35482,41723,43410
744619498,36925,37906
1470085231,36923,43560
667339653,33022
3676022917,36899
4028317664,36869
496768270,4765,6016,33014
2064810911,36868
296159692,28256
2979805793,36840
4066846852,6837,10795,18070,18450,26766,30413,33359,38872,39469,42162,42621
1168772405,36825
2289704634,7383
1045490457,36756,41651,47785
3777399034,36731,43502,47794
190918480,36728
3471437622,36720
997315876,36717
3973673833,36696
2903315244,17090,21249,43640
1346999555,36692
1015420551,36690
3959870486,24373,35074,36726
1315134206,36672
3706774356,36671
136218947,14230,15252,43417
3334385067,36668,43777
2673861470,36647,41885,45118
3626666148,6108
39016063,35211
3636027136,36642
1635831749,36641
2845018539,4367,5211,11760,14291
1339108170,36627
145235126,42585
1257289640,36623
3919830096,36610
2504985309,36609
1600671638,36594
2517846438,36588
3399047762,36581
1463882900,36537
1706412710,42987
4262631076,12428,12908,19649,25118,30044
2770119264,1581,19148
205362854,36530
981142827,1124,5606,5952,9484,16064,16970,19735,20867,37789
2822325725,36500
3468376453,36490,42196,42455,43050,47428
2923373471,36448
968805972,1897,9682,22108,22708,35593,35617
2016670854,3803,4076,8390,16726,43559
1760966723,36445,43766
1545452235,36444
2998600111,6399
3096118975,36426
2428347274,43965
2651262230,10756,12103
2056350869,36424,46027
3031334086,16720
141386211,36418
2696367291,36400
2245990189,36336,45386
3522078983,36333
4132957034,1087
2431828918,36296,44997,47277
2004487556,27039
3362216571,21447,24282,26374
1185555408,36294
4202692730,2485,8512
784646260,36282,38723
324915149,1732,4169,9148,12421,16706,39557,43313
1736418411,36274,45251
3020253846,4901,5539,9818,18873,19152,19515,36971,45183
2811303221,36260,45622
3969254306,36257
1203622196,36253
733972017,36251
4293664490,36250
2696390465,24876,39141
3066843850,36244
1440178207,15035,22898,24096,46834,47547
2497224058,36238
3007681615,3070,44361
1497090752,25205
3603441637,36236,45675
3511481705,36227
3062723353,36224
435866847,36222,37126
994410001,1277,38382
327208153,36208
3563237405,36200,47900
1953066201,37133,47119
3145306321,36197
3274105596,36190
3128068394,36158
1365528449,2114,2368,5791,5941,6556,7377,8446,11227,16340,16713,18216,20850,23456,30463,33785,39183,39752
2985982336,36157
1597212524,37246
976378427,36142,47812
1725143303,36140
779293395,36128
1289971172,36112
2931491835,31188
1354371093,36110
359684241,36102
1657006897,36099
4083328158,36095
3433438703,36093
4182653963,36029
1275396171,18828,39748
1620209707,36022
3330089212,35995
4237452147,35993
3629591990,35987
3646732400,35971
2462192627,35969
2317449274,35968
3391431371,16158
3535678024,18777
325502065,35967
1579686793,35966
719081966,35965,36566
296653293,35964
1532229041,23366,24274,25625,27005,29515,31948,35671,35743,37070
3382104285,35958
3242194146,35938
3484536842,7441,8132,9055,11801,14559,21143,22726,35441,43601,48223
1812623238,10983,36821
3047862182,35924
3367412776,35919,38744
2848091496,17529,27051
988623811,12067,13263,16417,21454,45428
2126421042,35909
1467072304,21324
1177653186,35893,44450
2570630419,35871
1186895862,35865
3141081161,35861
52634830,35860
509482521,3057
1468237998,35855,42257
1622723447,7833,24189,42792
812329343,35851
1515447878,35848
4207240744,4654,20170,20569
2202780613,35841
2736015463,35840,38280,39081
2956309657,35829
2343793769,16224,24456,39154
749211184,35776,46769
3739541883,26890,31666
3068945391,35738
2628269223,47950
4058031555,6589
1441146786,22800,32807
614885293,35737
226878404,35720
3027538882,46114
829892647,35700,40798
3928242710,35678
1435192448,33073,44254
3722873900,35662
4131427896,11601
85192267,35654
3439739730,4392,34802,46518
3673250090,35653,44431
1775648761,35618
2876480052,35572,47606
4115070053,27426,43492
1397631814,35569,47603
510904529,35566,37890,37979
4120512587,4725,6665,11381,14004,16487,17715,19224
3177264461,35549
865779208,23018
2387634117,35547
839577450,10448
2402296672,35538
1098687442,10742
352894442,35537
4037142468,35528,41315,42526
3790973016,35516
2773016142,35495
3782700348,35486
4112505155,35485
1764683257,35455,47407
1779026717,35453
1516446370,48356
1086278111,16499,26901,40105,45512
364324770,25813
1154582463,35452
2854546852,35362
3190315564,35359,38495,39559,43325
338427229,35340
436176275,35564,46265
560310549,35322
3495426118,1591,10647,12270
314181784,35277,44397
2148940546,23174
911155619,35275,35489
1190232681,35248
2448803024,19417
724118136,35230
3097977836,8000,16695,18982
4061799562,24945,34425,47227
1270990722,35225,40450
2918849680,35224
1889440317,35214
2017178702,35206
2032427751,35204
4017333194,35195
654663978,36218,47555
3181693549,1880,9568,19873,34428
2464214966,35186,40426
30743768,980
227453101,1412,10626,13758,25077,26062,26473,26828,27302,36405,41175
3359989437,38367
1301440104,35184
1331048914,25458,26066,31902,35192,39096,45122
786259986,35183,43992
2038934096,35180,42370
676125505,26798,31370,36804
3002639627,35159
3467519001,35149
1799043198,35130
1666406112,21550
2707224536,36412
303650171,4893,9622,13934,14011,15677,24810,25823,26964,27184,28286,30181,34237,35611,37429,47652,47987
1413364438,35129
675438447,35116
4291260177,33520,40172,47451,48018
2625904408,5482,10395,11536,13157,25495,40847
3033647443,35114
2204866485,10231,16374,18693,25681,37476
63566197,35111
2364002978,35087
1842509261,35072
1294707294,35056
3096129806,35036
4020472641,35014
2587608434,35038
846322553,35013
3519943500,35011
2064687650,35010
1543511375,4693,5444,7380,16057,18352,20122,34513,40334,42779,45376,45680,47025
376911104,34996,45289,47345
198791551,13001,17966
983468655,34993
4006877851,34992
2209515868,34990
577649895,34986,45807
2723663299,38412,45919,47229
3219564210,34983
314043714,34947
2374123162,34938
4201563047,34911
3976722807,34910
3757572234,3018,10559,33802,47512
2738613260,2664,8826,8876,10352,12680,20844,30540
1451168806,34889
4138846820,42376
2407064040,34879,35729
2825621062,7617,10336,35223
2793989152,21688
4253068864,29052
909344524,34872
3447265832,34855
2398724097,88,955,25192,25434,26663,35985,36427,38831
1166648344,34847
1235124244,18414
1113740004,34825,44271
4087227248,34818
25271547,34817
3972187568,34810,35262
4193382734,34807,37127,38295,46897
1807956896,34805
869606934,3443,3782
3704597580,34804
2181034030,34759,39038,46951
1905168240,34752
2945528781,34748
3925235131,36221
1521784518,949,35821
2826690815,2666,7457,8828,14896,15859,16147
1605904825,7975,8053,16316,30523,30877,42896
2221981277,34746
1079743009,3004
3810374069,34737
16131313,34736
3589369598,20738
1380073562,34734
4155436158,34733,44422
346392989,24389,36292
84002438,34731
158130660,34725,37757
852319886,10221
3928510275,34721
4065951064,34689,35348
3091992833,34687
283599826,34678
2264882295,34663,37905
1489693674,34659
1193023744,34656
780704491,34655,36679
942946860,14852
428118237,17590
2376026685,34648
1738076563,30354
2986945517,34647
2493652099,34646
170010993,34591
3155771472,13167,14466,15839,16445,31572,32344,35378,38075,41559,45799
3887754443,34590
245057005,34589
484635785,34585
2544080334,34556,36111
3064119182,3258,5489
4075183037,23640,23877,26632,28232,29330,40207,40374,47396
2092839526,34553
1486275609,1494,2301,10078,16054,17668,31934,44219
1905051237,34500
363454873,34493
3446740203,34490
2307993236,31330
198402009,34454
3451743019,34434
2569278125,34433
2133925599,1220,2414,5068,6584,15615,25772,39570
2383586235,34430
2736012791,27461,39784,42917,43787,44612
3071105301,34413
892619900,34399
3313687581,34391
775948519,1451
2447322066,25432,36298
3060389629,34369
182821478,4377,9034,9722,14682,15744,17970,22848,25943,38390,39174,42929
1456867375,4124
1030633817,34353,35664
2852806213,46947
2837478881,34308
505987109,34303,42873
1345090590,5156,8935,10512,11742,16904,22586,22736,22824,23604,36658
116615217,34234
3342756109,34231
1876806374,288
1883081322,34230,34505,37286,38458,43144
2061981922,34225
671232675,34223,34232
694517249,36446
697680440,34188,37356
2294347680,10264
2702373602,37806,37812
4021037033,13210,18063,18758,20045,29864,44346,46994
1263428840,34166
2552722652,34146
1404189957,34145
4087925015,24685,26200,43521,47423
3719297537,34108
2876548136,16609
2843193187,34104,40865
3520542358,15014
2625179286,32066
2578322912,34101
2053070228,34063
3705121601,34062
1951925680,34060,35084
519619041,34059,35605,47133,47544
3276335728,34013,40297
530839037,34857,39103
1768818937,4724,11380,18068,18578,19223,40564,41451,43149,48448
2964350833,13950,16608
1848104448,33989
3670542932,33983,34102
1526873002,33980
197369661,7082,10763
4156321792,33977
210036842,33969
3155854756,37796
845121839,18389,22527,23614,28377,30513,33281,36173,45106
652835830,33952,38152,47049,47678
2753957239,33934
3599170073,923,1354,2955,3079,7207,7985,12134,13116,23090,27929,28054,33498,36396,40482,41686,45488,46732
3936654264,33901
2014840324,33882
2043201610,33861
914198265,33843
3618140830,33831,36097,45579
206105630,33829
3815119722,33818
3096468330,30973
1903893889,33809
3729933628,33798,43407,43489,43590
1506433712,33772,34629,35168,35601
2578495942,5075,44505,47435
1387181634,33748
1708090327,33727,44509
1756456675,35157,45390,47510,47748
2385778114,33707
3188110850,27932
167263445,33704,34722
1441945774,7230
2196431120,33703
1336413831,5139,11389,19611,21395,26000,27114,29183,29305,34350,35055,40126
3504716969,33701,46654
1434873178,10226,24248,24671,29828
485993029,33690,44187,45394,45447
2381287447,32355
2094208576,33678,36667
1417569247,4982,6912
1648610775,33676
1394410521,33672,35614
2410241802,5004,29091,41472
473417381,33665
3213189351,3171,16357,44540
2223239153,33662
414611016,33638,39869,41454
535246705,4471,5044,5854,7106,11852,23021,28344,33200,38173
372200925,33629,40711
4077924826,4995,19341
1090920993,36907
1148667331,46810
612905070,33593
1517136439,33552
1384742120,33528
3426566031,34201
3507394562,33527
3450243125,23749
3534260564,20945,41360
2598084613,37660,39745
3197522166,33525,43792
2436405980,33515,40067
4129518762,41298
480790802,36872
3399747453,33514,47855
1416879164,731,40350,40589
240917905,33491
1292208617,22145,40361
1165578109,33484
1181942597,29044
228561973,33481
903280614,36675
4107181625,33464
1818827414,7242,14736,21989,38042
1380995489,33450
2421131461,33449
1976453309,30065
47009667,33436,34077
1491318462,33428,39503,44925
2951766630,33404
2389347187,5933
1733049347,33392
3633879135,33377
59965836,33362,45901
2036587901,33347,41013,48055,48355
1780697202,33314,34043
2013374569,48095
1122511972,19246,36141
3735050568,33283
3303376091,3949,21086,23893,25650,30088,30256,31882,33859,35300,45697
1191444617,33274
3031619148,33242
3029265683,9567,10289,37975
1673414009,33241
2956741494,2515,3005,7646,8630,15531
1804902781,32683
4221426403,33240,45591
2648808270,38023
2117777937,33235
755325253,33233,37753
1800096314,33231
3462195792,24813
2341243196,33228,38155,46739
2816967598,33163,38953,47557
2463008760,41464
1597528842,33161,36062,38282,38951,46799
3691717771,4896,12970,17237,28049,42545,42593,43182
1932520669,33158
2267470565,15142,18149
2420975338,33150
1907489921,33146
1273788752,4632,36454,42655
1741375246,33142
2790833074,22228,24658,25893,30579
1810938223,28086,47749
3829825591,33131
3472925352,33127
2303331894,33100
1696840512,33097,46708
2734169487,33080
3690590997,33079
3509829966,33076
3781409326,35844
666669154,33059
1454179737,33032,37236
734564436,33031,37235
598810432,33030
3851197459,33024
562545673,33023
1682368123,33020
3353369678,33015
2942493298,28092,47486
2985517839,33010,46010
1374663888,32968
260321802,32966,36670
2287731894,2902
3709830560,32952,41610
4261220661,37212
1249382616,27322
2889355706,32951,41609
4268805613,32934
1058834805,32912
3338933444,1920
1607253532,37331
335410623,32907
916202416,32902,36676
2891387093,32897
3542921780,42753
1312460653,26275,28343,29968,35826
1166773848,32884
2976553338,10427,14086,16447,16807,26618
425041183,32882
3851338405,32881
326277650,31342
2845643555,16302,21807,28139,31192,34283,38066
377145876,32880
3692594359,9915,13156,28037,39257
697721124,32879
3505511682,32876,39874
1994371407,32854
2797760786,32831,41273,44081
3702795036,32816
1086763593,32808
1724747708,645,1129,2109,4817,6356,7497,10190,10854,11566,13693,14505,21635,35862,41728,44342,46336,48099
405234155,28814,32441,33323,33615,34228
3228652151,32801
3451137881,32800,37626
2392434611,32799
579250080,32791
2580201818,8919,27878,35928,44190
2501096326,32787
3393339503,32759
3687145277,32752
4288473617,9032,21040,32477,34376,40608,40967,41334,44692,48261
886808876,5092,22653,23026,23209,24525,28889,34169,36882
531168483,10069,11432,12558,12942,23865
949815526,37177
14014302,32744
1854381203,32742
3468643563,32729
169922432,19915,27578
3109298381,32705
1295096860,1139,8563,43938,47151
2272934351,32699
3121395157,24587
3319544642,32693
3789597960,32682
1418939611,6123,17947,28622,32928,44769
3922721014,32680
3010956222,32659
3053472292,5297,7478,13457,27853,28023,32104,42409,46956
1270358380,32636
2763952417,32156
3201604323,32617
2725812785,34785
1330742686,32580
3501661253,22565
405180151,32578,46278
3841242834,23305,26840,30265,42700
1054137242,32571,34933,41116,44359
21598816,38582
3727212780,32529,32909
3167640606,32523,32754
932889587,32521
3575644756,32514
3396903757,32512,47658
2651032130,33871,45505
513578230,32511
1584082275,840,18831
1800696566,24372
971631920,32510
852880496,32497
1599272645,32492
2495891125,42198
4041637127,32491
15557864,32490
1264708846,32474
4034068649,32448
1070461831,32404
2150809281,48001
1961455010,32402,38095,41861
609731189,32400
3058163233,32378
1005171673,32376,43631
3291552293,12579
3738642338,2612
2244690374,20972,25334,29539,32032,36636,42139
1697381180,32375
957818926,32374
1413741834,12988,38699
3307978903,32373
37841661,44940
2192411921,3093
695605370,32360
2095893043,3113,5836,8681,12322,12356,35807
1600866510,32353
3904373039,12556,22391
3458928882,32329
784323167,32310,45667
1820215819,32308,40706
1594812174,32290,45253,47524
2487595302,2153
2495233251,32289
628248317,36742
1947941889,32281,41779,44301
2384419787,37278,43717
1516610933,32277
3348201827,2821,25662,28620
2706716979,32272,32847,35997,36118,46465
422899372,32271,32846,35996,36117,46464
4283992548,32264
3029898091,32211,48454
765939029,30456
2194878417,32207
1731798619,26839
1512664062,14821
1213523918,34641,35389
3773327398,32161
3894800316,32155
2726930491,35246
2246382629,32146
2166917047,8249,14095,27133,31527
3602079949,32117,45224,45279
1520812103,7915,8968,9758,9880,10628,18185,22230,26475,31758,33848,35065,39790
2011672482,19938
1826998705,32106,42411
1419716899,26486
1062147731,32064
2463444112,26291,26477,27197,38927
311857024,32050,34100,46546,48282
3428197726,14980,18799,20115,37768,41391,44500
546659310,32045
2335635324,33677
306583626,32044
876060554,2759,6032,24519,26306,29103,40644,43234
1770497814,32030
3258444471,32029
2545864467,32027
2568192865,21309,26499,41412
666292130,32026
889747194,37197
3234430013,31985,34311,40676,46699
3759242952,31956
1170421116,31955
1343012672,12855,32238
2729673312,31951
3013799521,9846
1781929504,21379
3657135993,31898,35266
2611671647,31864
3203694584,14560,23276,28566,36369,43602,44593,48224
144580283,31838
1743139445,20370,26435
4097479361,32297
1676488281,31834
434406883,10304,13910,23652
975029657,31828
207285261,3099
76154278,31802,48150
4162593393,31801
613850214,31800
887648154,35837
2718214853,46658
261675579,6569,13140
1567276235,31784
1318052733,11174
159090411,31776
3830577085,31771
4198301822,31748,32976
1584134925,31689
617506764,31687
2766065611,616,13113,13282
1801138054,22450,25787,34535
302351294,16358
2683642626,31685
2183790022,31660
3481530224,31653
1143569877,31605,36013,40189,40639,41178,46020,47124
2314939899,31585
3836285861,8278,29819,30779,32785,33101,47887
118919228,23878,47397
3911456652,31584
3495411644,31583
1698357473,32965,36669,43778
532888750,31579
3190045737,1584,3913,15681,17863,27696,36314,36518,38111,41208,43818,44776
925869623,36688
1657169153,7882
4175712114,31563
4108391080,31548
3651808603,1840,4455,7899,13697,27357,36399
1572100530,21432,23058,24973,34922,38177,39822
1808311175,35721
2349834911,45550
604319253,31547
2175392517,34431
669468490,4388
3950160463,31543
2246586286,44838
3518626257,17793
2521578167,31542
1123297058,31535
2090238257,4771,6731,27792,28635,38123,42394,42976,48483
614673948,23020,28308,28600
2103739682,36019
3860311034,29119
2320197055,31534
1373144240,9033,21041,21605,28373,40968,41335
4160841323,31513,42989
223359762,31512
482171823,2703,23277,25472,26802,26982,28567,29432,35532,39654
3430137250,31511
2292128227,3211,4107,5390,5962,9048,16572,18786,32243,33504,38619,43039,47354
1256118882,37969
313402451,9674,21925
4040181506,31503
769993282,31501
2482846913,31500
3277422001,31479,40692
294619351,10209,29520,30737,32755,35895
3378087651,17157,18670,22484,29353,37187,38333,47293
791677527,34184
3867970514,29593,43280,44780
3119502946,22948
3136141845,31490,37393
2752222735,31470,46299
3415266753,7982,41864
3188031341,31455
2024126591,31452,38244
553143697,4574
1241047730,31441
1122577933,31440
4063929453,46804
4253232290,31439
854606673,31429,39534,41422,45660,48021
1664171489,20756,20862,37412
411702155,31414
2132547123,4299,45059
3162898728,31410,33116,39462,42803
3181767743,12935
1306921292,31397,31522
1275196201,34498
981247265,25643
1043276669,31392
3634201020,31365
4061339039,31360
4108566648,39354
3718774079,1309,15605,26853,29489,29721,37697
465264975,25536
2978253064,37739
427766196,4994,19340
3947754854,31358
754700080,31356
4219777951,40359
2394745329,31341,46129
3012125033,31329,45982
892010362,14057,25197,37322
3315811895,31290
2025129365,6297,30740,38894,44641
184692260,31289
2349880841,31279
2174890745,10654,20542,24432,39012,39071,39584
180074489,13204,14881
849693735,35029,46504
678131891,31275
3587496695,21593,22142,35282,42046,42992
1516403817,31254
2209285663,31243
1519675315,31242
4039192255,6764
2078733911,31233,37539
2834733369,31218
973073738,31201
3178892446,6501,8756,20061,37421,37932
1442840644,31189
518321317,38073
4289102159,31183
2951012766,31176,34796,39192,39319
464504263,42999
814615501,31172,42993
1048430861,31169
3028135735,2187
2137658893,31168
302835500,31162
534764334,36334
1028653712,31161
2682787679,31146
3742275630,31145
3644585846,31143
1359100404,15091
3573488406,16015
479527570,31135,43094
815309716,14111
1129468588,31119
120649495,6456
1483573344,31116
4017225701,35899
2037068135,31112
1305617262,37861,46740
983212610,31093,32051
1771951783,31091
1855405885,11680
3562346043,31090,33009,46229
2919531574,2425,26719,42072
860525686,31057,42034
637036489,41387
2046302372,2223
3724593792,31046
1352457525,40031
743839003,31032
2686123827,31028,35297
3025775437,25250,25741,26674
767231346,31025,35499,41641
464193898,532,9534,23561,26592,30612
3769419889,31015
3391310983,31002,31488,43775,44916
218761001,48155
3298628921,15281
1689233344,19421
3389589950,20672
267571867,30988,32763,34207,43761
887176897,30985,36661,43140
2333538303,30979,45193
1971595056,30978,33788,35970,39190,39317,42157,45192,45572
3904158903,30952
1847971810,30946
935090842,30944
3182100437,21800
4287237078,30928,33970
2000525132,30895
1993166791,16610
1027930630,30796
4083861575,30781,42774
2094950541,4240,4692,5443,7379,7411,12829,18179,28263,32092,35370,39712,43673,44015
3050722846,10175
4289947925,30749
4115436087,30748,35099
4120332018,35131
955550681,30741,34213,42807
1102559844,30739,35897
2534998633,461,34819
450044292,30735
3635302601,9554,25855,25910,29295,47379
1964649130,30731
1786271961,30722,41160
3048322491,35847
1540483347,30714,33904,47122
2582773660,13875,20920
4212511384,30713,45518
3731591971,6680,8737,13954,17404,36499,42959,44363
1163929540,30704
1900454489,25203
1867073823,30701,31446,33264,37370,46446
929182993,30683,36569
4074917690,30680
1120796133,43067
895566647,14044,32955,43453
2519235159,22418,30894,46472
2411249476,30667
1934449751,30666
4091970113,6269,36368,47448
2885457058,30631
1460023295,18684,24544,43976
303941277,30628
2368425704,30608
2722029500,35491
3266161255,30607
3781043556,150,29675
513055781,31357
1383268146,30576
3692914260,30570,37708
285258843,10561,11483,13361,14409,16096,27653,46226,47450,48017
4064423427,30522
887712626,30506
2169652737,30502
574805346,33096,46707
2337760814,1032,12959,13172,15426,16002,16629,18861,26332,28293,28520,32724,45820
1948456868,30499
4121255528,30496
2908008178,4806
4041073481,30493,31035,33929
3281485331,30467,36235
2554272488,30461,34761,39196
918693426,11804,38627,45082
1636763500,30451
3492760299,30406
1172724261,1924,16352,16658,30811,42208
3268814063,33234,37754
3180945702,25313,43850
348166718,27806,32212
248410475,30403
2227888439,30400
1922324678,6791
4002135619,30388,37635
3261509525,4585
4019338081,30376,40554
4283273045,30375,46172
2437039959,166
883964612,30363,40696
2118915334,4270,13355
2961867160,30362,40695
1550428461,30355
2253714572,1113
162459566,30340,30987,34206,35138,43142
1833408190,30410
2842980459,30338,34204
1284930952,30328
2873166942,31952
3563033091,5225,7343,35842,42332,43132,45945
3125792657,30322,38279,39080,45665
434846039,12129
1402525315,4842
954303722,8559,21144,30624
3051936544,18682,43974
888108164,30319
3281463370,21576,24869
3967901534,37787
168284821,30283
2305339516,30259,45700
1493864365,30258,45699
596228291,15290
1496914782,30253
1847334557,30248,45877
4154594678,602,1410,27057,30904,41173,47299
1030004895,30212,33909,34356,41575
2275578602,30196
3944184058,30190
3008503101,30184,47990
847698681,30177
3627943981,15808,19707,27713
3498998943,27924
3042419325,30169
855699927,30158,32410
1814050068,30695
2056252000,30146
3961476275,30141
1684046734,30136
2897752268,30377
753995726,1737,28036
1326841901,37500
1906785968,30125
2780432713,30105,30641
1738746944,30087
2651286058,31538
2621737011,30086
3139394201,13619,19292
4075621586,30085
1557957026,30083
1440629443,4892
2222066205,21798
1415606802,30067
1713542212,30062,46642
122065893,30059
3933701909,13029,37954
1245941088,30035
4004919693,30024
564514433,38218
2266037501,2951,20240,31590
482923589,30023
889704623,29981
1170778017,4437,4940,8333,14912,18742,30113,34164,39730
860476695,29980
277270846,1940,4021,5498,6652,14139,15144,15488,16360,18151,22546,23263,23482,29574,32746,47722
799325946,34632
3945227490,8734,27626
696964654,29959
2732338834,29955
3129573293,3607,9139,10109,10377,10639,13115,13513,15608,16754,17128,23504,36395,37363,44317,44702,45186,45952,48013
509756786,22804
2512725331,29943,30596,33875
3393351500,23355,27487,34371,34965
3158169535,5886
4129629210,29931
1858244875,29918
3850256207,21839,48266
2137066818,29916
1706339893,29896
3633999196,29895
380724543,29894
144889135,1423
1368246825,29893
4162690035,29892
1019521593,29890,30139,37633
364358474,29865,41778
1211854997,32513
774181216,9537
3336365926,29850
2680623801,40809
3906321738,29839
1076661813,2429,2760,24878,26307
2550785970,29824
157620640,29823,37059
2453117609,29814,42827
3603948223,47562
2957165673,29813
3787919275,1241,5257,29490,40118
817734360,29794
2554067886,31749,32977
1824493047,29784,33128
1749440059,36127
573081321,7694,22700,34852
1656641399,29779
1439499676,10748,13378,31540
393152097,29764
2528569389,39726
3095860692,2946,3140,4142,4238,8146,11053,11332,15056,19780,30968,36990,38945,46716,47984
2586072601,19955,27414
2226754677,29763
2130223271,29762,29914,47519
1023806743,30137
627302037,29736,33652,33862,43924
3218570585,29731
3269825705,2615,14890,39997
3652957571,32703
1290074904,30980,45194
2964460920,29729,38702
1462143901,29728,38701
2561765853,29727
4202791905,14583,36708,47210
3314655310,29713,36155
3740837291,29712,41372
1267799388,29711,36944,41371
1703443058,3546,7139
895749239,29683,34735,42238
1786310130,9555,25856,25911,29296,47380
3017485788,29679,47506
3302921675,29648
4239157433,29647,31158
3063755554,29621,37075,48206
77837889,14161
4249701063,29958
442462521,29620,48205
3177734512,29618
2234532893,29617
2122329497,29615
1710475869,45167
1521687372,34222
606373830,29611
337989765,1376,3684,19272,22233,37052
333926479,29602,43855
1787615117,16789
47371444,29592,43279
4224917621,29572,36108
1488207796,15199,21458
559386907,29568
1640852911,763,30384,44597
1750124444,23845
1627840109,29567,44959
2874797966,38045
969294960,4762,6013
1827496967,31075
1759740084,14113,24493,30611
3583075384,29553
3519598149,24927,26924
851973739,29552
2025653605,47578
2392378025,29551
481140101,29084
1080243333,29549
342027461,11979,15008,15248,24769,25874,43886,44679
3460830919,29537
279747984,29535
594455844,29533
2511140286,29523
2452671211,46792
918009236,29496,29550,29654
3183340736,29494
3299291334,29474
2813058308,29465
2397418960,46814
1213279695,29460
4080758483,9152,25514
2519993753,29436
3329797757,2509
2290805240,29430
938186346,29426,45552,46043
2667091473,29415
3840791554,29412
1866173567,11528
2366240632,29411
501590488,29408
393212639,7713,18552
3500366296,29403
1900968955,29392
1084251178,5309
2804049836,29383,32162
3637752539,34499
905924507,29373,43592
415862199,29357
358562406,29355,29705,35929
185528178,29352,30629
746887949,6631,16454
1398273842,29348,38490,41695
285208241,27875
1990733964,29345
1127326683,29293,43569
930135578,29277,41165
3454960734,29276
3765937323,46015
2474558168,6757,30707,36648
1960758225,29264,47976
2294619826,29233
3561190237,29232,29636
3729942652,5665,8678
1253446986,29192,42397
2711664061,48154
3167575037,29190,30116,30266
2210246253,43282
1580565508,2421,9404
435104611,29185,46432
4168131021,29181
3028622569,29176
494216919,29171
1479906795,29166,35078
1327709820,29165
2805403164,2740,20345,28218,31877
1099594554,29164,29569,41643
2236779654,29096
3099866045,29094
287487199,29077
155885851,29075
2306020015,29070
3743877306,29053
1395359372,29032,45559
1409094779,29022
1971256948,728,14987,35123,35255,39830
2468417992,13854,26413
106182957,31860
754462571,29020,31640
1449184971,29019
369441009,46895
3800140243,28990
1212235734,37555
4240546960,426,17559,22028,24976
2821122862,28989,32198,36105
4192288220,28968,34198
3145239003,9110,11488,19668,21287,34292,35403
177780090,28966,36276
3450229848,25277,44707
2520071675,28957
1310677029,4510,11633,35268
2128297610,28956
45145632,28955,36025
2234474309,28954,29646,31157,36024
2089742797,17956,26845
2557380725,21734,26254,40419,42961
1140322591,28953,29645,29889,31156
1594789151,33405,34382
3346657836,10823,20618,21596,28659,30965,31293,35285,35666,38470,42049,44788
2674389739,28933
4133878165,22286,24031,38977,41832
2269164212,28926,29500,37716,37794,38170,42693,46998
2974986952,47515
281388372,27313
2931833826,28921
684044888,39581
3466752873,28892
1871365020,4832,7511,8454,22966
165710712,28882
692105294,28860,45368
1622653003,11308
470659988,28841,45481
2139885064,28838
218416563,32296
2294510241,28836
3930962900,28829
3889340396,28822
1835095697,28803,38907,44504
3865617182,44174
2427882580,1122,31051
2161737347,28802,45458
439171495,9649,12799
4060073661,28799,40055,41839
3198714455,28795
1250059583,32618
784549629,28789,33468
2701390859,3087,19845,23703,27112,33001
1616930686,28784
3398853774,28774
3741392213,28773,39458,44939
1883692979,1406
1356288743,28770
1942555807,9614,42368
2544642211,30045
3755317693,28766
4077870737,28764
2823641679,6143,7144,30430,34464,44933,47261
3046942390,29984
4034219879,28749,35232
3076381311,7514,38309
3262572391,28748,35231
3478395318,28747
2784641311,28743,31308,32463,47540
451773114,14085,43769
3605191654,23925,27701
4239707195,28729,29263,30676,39992
2994517910,28717
315057555,28715,31167
839498558,28696
3087254190,3447,12691,14973,29870,41112,42301,42884
3325625063,28690,46918
2351326974,28676,34112,38505
2682653554,28673
2627078932,10978
974530229,28650
3778352176,28649,33093,39961
2672139603,28640
2935318986,865
3432428596,8306
3008020945,28630,29310
136159519,16997
3834135534,20536
3540215941,27664
3854091926,28608,33817
2849418825,34426
1488568891,28577
3171038594,29450
286464757,332,12518
2225938029,6101,34394
1910879062,28572,29623,48208
1752829303,28565
3482145538,28563,37876
2709950627,19809,29749,43129
978965074,28558,33471
3477999826,32570,47263
3716641477,28525,28592
3485232587,28490
2989930464,23536,27723,33229,36513,37530,44771
2281967171,14507
4075779355,28484
506558519,28483
1504606733,28482
961312918,28480
702575791,28478
1079865058,2608,3146
2264158625,28469
289408480,12427,12907,14771,19648,25117,28404,30043,43244
474673748,28456
2531943201,43104
3280127882,33858,35299
2172257014,34660
2457972884,28455
3414779985,8376,25223,32021
4020723939,28454
2252365517,28453,36279
607803585,28433
947310480,36447
2662414800,28432,29780,34235,42948
1299517718,28430
4289676002,28420
1279091003,28405
2487599905,4348,16294
3726156342,9985,16790,24673
1022682434,28401
2902126213,25712
269451206,28389
1012632842,18969,18971,18973,34639,39396,42364
2089249330,11738,38806
3148738296,28388
4242938435,20352
3522142359,24552,47947
983025798,28365,30166
1659580000,28358
763345789,28354,37994
3159714022,30068
740421942,4256,12813,14026,16792,20325,20577,24675,46167
1365833665,28352,29662
2355544353,3786,39270
2486109562,28350,29660
885957841,28325,33773,34630,35169
766376736,28323,33391,37002
2480733567,33526,39591
1137508940,28299,33395,36242,36487,36852
3695054951,28571
726593075,28287,37430
2880519180,44455
3307164210,28274
462251040,28273
532263352,42672
1579973932,28272,32950,45916
1052756734,28253
4053076210,28231,40373
764635675,32559
1728019437,28219
895396289,5313,12990
2076115193,28215
2597489869,7908,37819
21778017,28212
3109627643,5318
3564484222,36895
917061841,28198
3088266292,28180
1141823588,24422
1207633391,28177
1271843656,31408
105099728,28176,30696
3354761694,28175,33196
308717672,28174,32932
2903320364,37366
810003666,28173,29385,47531
1088600264,14788
2424495546,30189
4099896949,28172,29384,47530
800994730,47409
1039622773,33282,37691,38001
395734331,7837,11189,19458
75840568,28163
203495604,28149,34022
188211001,28137
872962532,28128,39915
117007162,28107
2124269842,28091,47485
268579054,36342
3540888589,28090
2714054615,25677
4294415699,28072
4143627445,13569,20218
1351018415,28071,30252,37919
3301559464,28046,47404
4237086731,103,2142,11868,12384,13556,27400,37616,38269,44621
3360111314,28045
3629106859,15747,18329,30425
4057269192,28027
4185285255,28026,30199
2077041921,4321,6970,7660,18959,24728,27224,32587,35881,42460,44585,45327,46954
2854389680,28019,33541
3285507083,799,1063,2343,3542,4479,6808,13622,14892,14963,17577,19963,21201,23769,24223,28998,29239,32413,38529,39886,40716,40819,45871
3413603460,28007
1709208439,41658
3234972332,32028,43632
3156103987,974,26657,37132,47118
2864498924,18449,26283,33358,38461,39468
2800977934,27999,28242,36323,41425
1308566040,30486,35194
3168079315,14439
2824680214,27995
2242808138,18607,39684
2270608215,27994,31181,33191,46763
1646908485,5513,8940
4215136690,27952
2335182742,38722
899402632,27951
2441905366,5074,28156,29312,44525,46728,47434
2051186985,5089
2190547408,27949
2766008999,1572,22942,40086,45616
2294744974,29420,29845
1598272806,31582
1072951647,27941
509080598,34055
2346160908,27056,41172
3185152316,33197
1867796934,27908
2659012855,27904
3118671431,4996,8449,19738,21994,25568,43943
598559733,27902
2117852991,9336,40107,42972
2282544659,14879
2291159854,30727
1177614608,44137
2232654533,4432,32192,44810
3661311034,5714,15568,17159,22456,22486,26681,30246,41544,47180
876854293,27883
726253885,27881
97878562,31287
1439305397,11544,14935,17239,33996,38549,42595,47726
422815255,27857,41446
2237639410,27856,41445
2511168456,27849,31461
754179657,37644
57007231,27831,30110
3311419123,6886,18668,18902,34011
4072102266,27830,30109
3284838200,38426,40796
2884115906,27823
1489842341,27805
241982395,2820,25661,26269,28619
1463359876,27795,31427,39036
3455336201,27793,36559
142245645,27787
533037565,7755,9122,19713,26607,28411,29682,34702,34982,35439,36355,37193,38093,40386,41513,42237,47329
3481928804,27767
720895493,27747,45471
3741563546,23979
4211207400,27734
1283328275,27731
2456148953,2494,3431,7072,8336,8680,9872,35806,41398
501065462,27712
3878255266,9795,16672,30455,38053,46809
3283112452,27729
3194362487,27706
2845713427,27684,34937
1404269935,27681,36602
3425463402,14091
665052056,28888
3963795860,24039
2741955473,27673,35710,37945,38663
2054472634,27634,47528
3138507316,38349
1677314011,27625,29571,32200,36107,41636
2721732255,27622,38957
84786879,27620,40801
2945226193,27619
1685569710,39841
1028886115,27613
2589516780,27606,35643,38762,39600
1584946969,27574
1957680593,37676,45392
1420401029,9828,16240,29872,42303,45831
1856175594,27573
1683172640,28796
2632027072,27560,37401
1789151875,27559,28884,37400,39176
4032048855,7103,23625,45222
1206727801,27546
1987791956,4452,6374,12904,26396
755304731,27545
899656261,10885,46864
2435449784,27544
3299705348,27542,44001
936001496,27541
574340018,1633,22748,34652
35954623,27532,27553,46074
2824975578,27522
324760019,27518
3793957450,27517
3554796472,38656
586900370,27509
545958289,43814,47187
129420040,12397
256770624,7248,10068,10347,10544,12557,14136,15262,17769,18102,22490,36915,37039,39617,40166,43091,44475,46462
4259775976,29220
3598450567,28952,29644,29888,31155
4046261940,27488,34372
2229911571,22945,41270,45823
980682579,27480
1063050489,27476
568773019,27475
1409729555,1875,1892,4540,4567,7264,9083,16485,17149,17370,18297,18783,20957,21139,30880,33634,36264,37334,37798,39264
3437154967,5493
1324323398,1099,2488,2517,5673,7605,10693,10939,12208,12352,13825,14438,21075,31230
167984210,27474,35493,35963,41523,46061
2804811996,27473,46060
184253560,19219,22147,28742
4196799919,18073
398193283,31837,33170,40776,44350
2268347104,3712,34047
1598470688,27439
2450335089,27437
1937512021,2246,8602,17429,22247,36232
3215081147,27436
3687013298,27432,29173,31901,39095
2121950925,17473,19729
2367496841,33376
3717691638,27410
3090642007,27397
2709820299,29710,36943,41370
1303008037,27368,38303
3779270233,15378,17743,22806
2851580892,27343
4106919109,1692
3606517723,27336
1035420090,10674,20084,24546,44091
203320838,27335
597683178,37031,40505,45787
4034554492,27333
137289581,389,1560,2774,4161,6780,8502,8702,8774,14260,16864,17989,19700,30844,43429
1358409892,27327
2672154424,27324
2700703593,27321
2854023570,39497,47590
2462919434,4659
3191482044,27320
432062610,23460
1517294293,34432
3176153637,27312
2716958389,41505
3786991325,27298,37852
1275793940,2075,3577,8466,23736,24881,29151,30820,38971,47318,47553
552349013,27288,30078,34576
3773370612,27287,30077,34575
3391827908,21307,21502,24008,27419,30236,33317,33893,34046,39285
3930136152,27277,36414,47334
607047254,27276,35035,36413,40930,47333
572119089,24105
4236295,27273
3940846544,27267,33098
3237554826,27266
1344018080,6060,11009,17085,18327,37116,42175,44469,44717,45250,45836
249914032,27264,40585
3687288472,27263
1289593873,28230,40372
118904599,27239,29024,48169
3390132698,19632,25043,29386,37926
1614425282,27238,29023,48168
1130924110,27230
3390594975,43399
2287129939,10301,27657
2027156786,27220,42541
39741449,30681
2647563737,27211
2726935480,27203,36662
873791044,26027
496856975,27192
1914450898,27191
2280081181,27187,30462,31702,34762
4094274478,27186
1339487835,10868
1092938956,27174
857841109,44651
3713919695,41578
2269344371,29074
881525225,1041,1469,5347,6219,8159,15521,17286,17987,18465,19250,20375,37032,38272,41564,42711,44624,45788
4135291499,27165,33457,39900
2971741187,27150
2022534581,27135
2864446828,27134
569496802,90,957,8464,13357,15445,23841,25066,26992,27797,36429,44711,46160,47732
3890718767,27123
862131412,27108
3504506068,29092,33663,41473
4232220017,27086
3881038412,27084
4196813061,27078,33185,34877,36171,40362,40601,40924,45313
1476903186,9043,21865,26946,29133,31238,33211,35153
3267012122,27066
2406998448,24722
1268301122,37843
2235347989,27065,28202,29545,40570
4080670801,29534,34806
1766989418,27060,36957
3988286908,5396,26386
2183879320,27044,36027
3409769213,27041
3366782427,20332,45562
3870192702,27040
939579371,626,4442,11301,22396,24500,41118
2955097812,32774,46478
3645405156,27347
764381080,27033
2923317962,47325
147142095,43291
1072105434,27031
2226477644,27030
168846330,27018
2260278037,41644
1914075783,1802,2927,3131,3808,4159,4407,4579,5230,5331,5417,5659,6606,6778,7600,9015,9513,10828,11221,12077,12308,13255,13612,14218,15147,15351,15670,16731,17399,22280,22350,22660,25692,31269,33942,35685,40628,41910,41938,43873,44118,45605,46917,47623
826683872,27017
3365041163,19441
1372796607,26974,29928,44979,46505
937137566,26967
2289607266,1310,2393,3605,3653,6416,9137,9254,10375,11914,12401,13006,13098,15606,16676,17126,19516,19880,23502,24765,25761,29788,34832,37022,37169,37698,42583,44816,45184,47708,47913
1749035926,26961,44681
1262411136,25116
1558439523,26960
4018697399,26959
3418820003,26955
3667601649,1059
2426987852,17888,45157
110709096,26954
1746450467,26953
2751578312,26942,33025
2311198165,26941
4208534627,26939
473720157,26933
1913741349,26915
1261333191,26912
1908445883,26909
2323988542,26908
294721170,4300,10133,36450,45060
2746657101,26903,43096,46396
3418646598,35476
2459954181,26902,43095,46395
1984501230,26897
1791217714,26870
2546695970,26868,38217,47591
2579086814,15299
3423710245,25979
285773339,26866
94409205,4991
2797291622,26859,39070
813302601,28670
3708222350,26838
2904011644,26824,44481
38272440,2672,6554,7198,8597,14129,19922,21025,28858,43036
2186927790,35032,46381
643153960,26813
922787260,6093,13341,28830,34072
548604910,26800,31372,35530,40730
3450223416,26799,31371,35529,36805,40729
23883066,5226,7344,45946
454102759,26791
2823451520,26782
4272945055,10233,18554
26348279,33266,46448
2817740009,41630
1536750522,29897
1639052748,26776
3278568188,26773
1267995442,2038,21260
4006547338,38108
835815062,26769,45383
3272316367,13,4497
2369598233,26759,27199,33218,33797,46404,46849
1528953286,26756
314670885,26755,36711
2953862794,21721,25627,28559,30551
211941971,26746,39673,43864
3223741496,297,916,6217,7392,13251,14550,17027,17231,26574,31334,34618,41715
352361295,26730
51147567,32232
681548658,26727
1676488465,7944,43588
826361596,29045,38400
567164268,16801,45712
3610848369,26715,36300,38025,38339
2336766523,26709
47830493,26706,31029
1300892306,3525
13782173,3422,3738,5055,5076,6056,6819,9429,9806,10400,10659,14709,17393,17486,18647,19212,20505,32118,36507,38441,40883,42095,45280,47436,48163
2877395840,26705
3216504042,30909,35570,47153,47604
3702503908,14661
480781016,27429
3440159231,19369
4099671696,26693
3941451709,46664
59856314,24718
4061884420,26691
4159101446,26690,37439
742946472,20319,37414,40385
238918989,30063
802073184,26680
2637573585,26661
2578385131,38405
1555096046,19854
2090112514,30977
1639733720,17983
2293382709,28157,28804,29313,46729
587905286,27427,28668,37522,43493
2073751867,31070
1019174848,26658
1288246220,36239
2876450989,26643,32342,40916
474440440,26630
2012465783,25316,47255
1182912514,26627
3659634970,26614,35048,36963
1100074383,29379,29529,36547
3783986431,26612,45130,45317
121470727,26587
3932139909,41534
3747826170,26584
3061676444,28105
2175217887,26566,27601,35025
2731295751,26562,31198,36693
896607491,3268,5759,23646,28927,38171,46999
1839907051,26527
328173776,26644,32343,35377
2448674569,26524,29093
2857162267,869
1597132135,26523
1698909255,23368,29517,38301
3729420707,26519
197515121,1188,8135,37569
739655198,26515
321432117,23362
4037152862,26513,42935
1300814663,34109
570155469,9274
1897409839,1237,10673,11903,18707
2569137879,18370
1272281003,26500
1742700270,26485
2054304985,26482
3351707289,30296,34106
3734662424,26478
54798366,27564,28471,37215,40904,45254
1779400688,1834,9355,14389,23162,26905,32186,32222,42053,47561
1321792390,2102,2434,28025,30198,31101,40038
1239369405,26468
4153175359,45492
708023171,24535
2045924379,26467
3507593912,26452
2622875495,26451,37520
1365026354,310
1315161091,26446,45146
1056205991,28506
834454553,5302,8578,15303,17813,27485
3054886050,26431
2133533987,26428
2106290227,26417,37869,47843
916203061,26408,39445
113492310,37887
3518947827,7048,22332
4145876853,26393
675803982,15475,31895
3162149259,26206,47559
1545090016,26392
3735016548,13531,26913,35673,37072
2786239267,26390,33275,43152
1629817484,26385,29735
3285443225,26382
4270627513,26368
3184417772,26355,34784
3803584269,26344,34123,48235
3619263524,44474
1752955117,4755
657642370,4268
3164406945,26343,40732,45389,47747
89291029,26339
988132370,26336
389380983,31264,38146
1698908888,26335
2243655067,195
3613419638,26327,34570
2076759065,7955
3754973334,939,2657,7035,16771,45063
3380353795,26326,34569
261324704,26317
3109598047,26304,37614
931285006,26301
755837107,26287,38465
1174813183,26286,32148,38464
4035812543,26271,31717,32499
12781331,26267,33330,43665
1425258805,26265,43648,46647
1547829855,5930
1600781158,26232
4194059677,2984
3158898993,11311,48243
1336643807,36509,47264
3404254338,3379,7062
573944186,12184
1541597745,26231,45097
1377182481,12068,13264,16418
1349999612,26227
2084204553,26226
1269761662,38247
2387381424,26221,30321,33563
743657137,1852,2272,42039
495745257,5284
2928959212,31173,42673,42994
820595231,5662,13639
181193460,26216
3552896286,19852
663051279,26215,40559
1863354881,9029
2462175226,26213
239574706,26204,48245
1719931690,26202
3042607617,26197
1697511187,26180
2424915957,31423,38959,40810
2728915113,26179
4043575937,26178
3657305320,26176
1265500691,26166
1987165985,26164
199097387,26161,47342
890305145,4345
1555578218,8372,8483,17447
1818354524,26147,27341,35328,36366,36739,43185,47867
2201384071,44387
4018650159,26146,27752,36365
3321813271,26127
3315690841,28305,38515,38787
1722959934,26123
1102986667,29021,31641,36074
3240309005,10746,10945,11034,17249,24171
2345923179,26118,36125
2612454704,12189,18204
1571739148,26104,37640
1999507023,26076,38064
3317923926,30468,44908
3826427165,26072
1579773690,34267
605516290,26069
1778303444,39547
1800497215,26058,34398
2135826872,26052
1672037378,8500
1651463778,17846,26622,31559
809797802,26031
4034174309,1450
121409910,26025
558683972,26024
1739800325,32887
4083456289,327,23915,28012,29325,40390
834910566,26015
4140605109,26011,36951,37573,48301
3539054705,26010,36950
1588674582,34688
2480979105,25974,33451,35113,41638,41735
424963214,25964,31165
4216731776,3855,3987,6518,9144,11762,11834,14293,16761,18403,30657,31473,33038,38143,40399,41857,45405
47388868,29637
3197003665,25950,30995,32417,38012,47481
193373963,4125
2096766284,14429,27306,31661
3575879539,25948
2750197522,28868
4028055635,25939
2214892618,25905,32294
514044780,14660,30168,38521,39401
4128157658,25865
14114473,27344
1981587448,25857,25912,34860,38225,40176,46377,47381
2701725847,2528
839635028,25841
334207325,25838,36032
2756558046,2745,7294,34008
1199882319,25837,36031
3951508427,27874
1133462471,25834
2448610238,25648
2721724778,5038,5281,5461,8842,10811,11828,14684,17031,28234,38889,47940
1404242868,22002
4211999211,34851
4194871689,25822
121536153,35088
3589751114,25814
3488825799,25812
468796816,2175,3816,21701,26872,41764
439119398,25805
973916736,26068
3418767675,7644,8212,11957,14349,34144,34790,36286,36452,43565,46428
4098930891,25788,34536,37997
1034123179,21282,45421
335700893,25756,27749,39137,39144,42566,42575
1123638960,25738,33689
2104963841,25713
969599978,25685,40036
2018299306,25676
225444497,2735,2906,2971,17509,46302
960950697,25675
192258485,12146,19638,20011,40518
1983010346,25673
1679800795,25636,34664,41882,47198
1487941414,25633
2896403685,1646,44143
1499481962,25631,27505
4143072735,25603
4089969907,25601
528757351,8749,24787
742054149,15300
3133220809,25584,27732,40249
1193928466,25571
175080561,35937
2399574977,25570,43660
1709899726,35454
401393049,25564
4034448784,25563
1625579224,25561,25578,37329
461083870,25556
3566945390,27034
3884576057,25555
1024951077,7965,12744,21683,26735,33179,38029,42078
4198583179,25547,33920,38595,39008,43615
3429835194,25546
3530106804,25545,32293,36927,45644
3038761252,20522
294114427,30127
2896377132,56
2281252209,25512
1838960121,30144
1662695803,25508
2971827406,21531,33210
929897606,25507
417894260,5434,7574,12864,18507
2607131036,25505,30591,32823,33561,36558,41654,48368
2906128271,22101
768582665,11624
2077835135,25497
2474439586,25488
3695543591,33011
2107030218,25483,32416,41297,42475
61316836,25479
1170529953,48389
2853887622,15646
1695773961,25477
4047835327,25471
3326441870,5868,39179
3948999006,1687,8707,41797
4248139150,5956,7845,9488,11849,13656
3991946396,4445,34707,34824,44270
698087319,25469
1365722977,5672,46646
2993660511,7936
3777694690,25457
4273145590,25450
1902655722,25449,37639
3470783453,3473
448187292,25443
4242511950,25438
88653072,25429
3793862525,1228,1814,2520,2545,2913,7554,10470,11284,26142,35392,35436,40542,42088,46099
334128798,25397
3350945573,2091,14595,22016,31020
1767755619,25396,31949
1352888165,24453
1543065380,25388
315547463,18508
607846885,25386,26030
3140007000,22723
3981312938,25384,30530,34421
281368640,25373
2898019246,25371,28680
851480481,25366,25586,40251
2115544118,25363,38166
554614997,25357
4146532825,19655,33408,34385
3571577856,25356,28224
4125753368,38399
2949729049,5650,19578,23470,28881,30582,36408
3431742780,25354
1539417178,22606,23052,24568,26851,29719,36985,47878
1043361965,36523
660795873,36564,36945,43919
2147965091,25353
2652581037,15840,25401,45800
3257187707,23811,31638
3430520287,25352
1026963612,25349
3748773676,46241
2215011796,25308
3501881932,35632
1603478709,25282
4228104070,25281
1773788245,25270,29129
2030426540,14448,14854,17699,37557,42900
424039852,25269,26198
4205440513,31639
1425124209,25260
396413703,3147
2991901928,25247
2257090460,31096
695502372,30601
4209923409,179,6608,10441,12947,17401,21980,22282,22662,25694,28983,34026,36186,38966,40913
3369620434,25236,30017,33199
1710039756,23084,23548,29701,38995,40863
2443540030,26302,42705
3421186423,1772,24978,27290,30131,45651
2589627228,25234,28631,29202,29311,34597,36000,38239,42534,47433
1328302467,1816,5747,10597,11430,12909,17920,40435,46101,46320
3199239934,25233,35946,35999,38238
3497704091,8873,31016,33610
2367621960,6849
2898986614,25232,47081
592669989,25218,40446
2294629835,33628
3548838428,25208
1758832933,722,3729,9358,18779,25032,28883,31710,32958,34988,37349,47939
3644917713,2330,8665,14622,17706,18979
4227639216,25206
2653587844,25201,26242,40218
445115891,25194
1257772252,8524,22506,32568
3473111783,20116
3985625876,25193
3660925270,25190,26629
4131948698,25181,40047
1705993624,25170
3887453716,34098,48271
2115758169,26060,26471,32998,36403
2208750841,293,8229,13329,17329,19336,22526,22550,23267,23613,24692,25298,28376,30512,32921,33280,43691
2535202439,25163,27676,29954,44983
1358597550,25153
1287519536,25122,35227,40452,41214,46667
2040658409,25120
3290174241,24937
2283636578,34821
1160708527,25113
3262090014,3052,29191,30267,41199
3133967920,893,5118,5278,16945,32670,41951
1950214410,25109,41813
3241179583,25093
4131371191,30663
3414865794,39389
278960531,2340,28995,30034,34944,37155,38209,43416,46757,46885,48194
3539876131,25091,26245
82053757,33165,48247
4075800989,25089
1993310091,47671
687066510,8162,13258,43948
3064937481,16093,24772,29774,44439,45991
482590643,25079,26710
2912117443,1105,3499,13247,32385,32941
2247795899,25078,33814
375499470,25074,26825
3792734418,29493,30437
640895831,8043,18193
2684754406,25207
2221429462,25060,25566,39815,43941
884790614,485,2308,3137,4082,4410,8143,12112,12330,22471,27247,27363,27889,39913,40476,40480,40631,41567,41785,44145,46387,47048
2150555637,25058,28987,35633,37949
2295642742,9176
692007773,31733
1962565382,25057,28986,37948
4072575841,36131,42531
1919036020,19318
492616898,25054
3920273640,34080
1680247733,6225,13434,14022,15683,17865,23743,26261,28812,33223,36520,39097,42230
2443322557,25053
1996078894,31182
264299703,5243,7762,14536,16635,42768
154693849,25025,38486,42420,42587,42706
2605840031,17133
2837704503,25022
3611385901,27371
2591401726,5392
3422960921,25012,25621
1318727965,21573,26836
2121252667,24995
4209009917,42260
3327456874,19696,31827
1170443499,24989
855677834,24984,35278,40722,44398,47573,47796
2694237117,43367,48240
1260565801,24981
4194294082,19759
302669057,32411
1680754864,24977,27289,30079,34577,35983
430647415,23748
2203705980,36219
1089708074,2255,12890,17799,43126
464964993,24968,31416
1101482568,15406
1315473725,24957
3594263885,24950
3578413706,24948,42513,45748
4164335483,24934,34890
1705200084,24926,26923
1219418147,24920,36443
695584582,31562
852621330,2914,26143,28379
119403943,12183,13793,29158,38765
615047684,30326,36844,42177,44384
2186735193,18156,39114
3245555517,24919,36442
2982796022,47563
1943314882,24918
1544062025,30126
1880257946,24917
1642953319,27656,46547
2944345275,24914
1543613372,31186,35346
3908128370,24908,27910,34238
62701809,24892,27188
4067420387,24886,32291,47525
4161902174,24857,29707,36015
3831406332,24853,27163,33455,37288,38314,39898
476114242,34909
1249480624,5421
2418189689,24834
82042611,24833
2677380725,4526
412150214,24830
4285317002,24829
2876731423,29656,37580
1258243104,24827
2011721681,24814,27744
1783040870,12987,13337,17683,18265,18598,18818,22112,29321,30517,31787,34718,38079,45284,46418
3988505073,24812
76861773,24811
2984726950,24792
2362362211,24774
129522719,24753,36624
1400106086,4132,27109,46597
4106923204,24751
736594684,37196
3686692362,24740,30099,36337
3038961905,24737
1596498876,24558,33262,47401,48142
2648092723,24726
3337496046,47655
1232842483,34324
1283980284,29072
2375769802,24720
917085168,36695
2746377868,5889,12839,16505,17591
1659165976,24716,27835,34792,37599
1009827171,9994,33844
702971927,24704
1895658505,15651
2141873063,24703
2040115345,24701,34015
3501478504,24700,37106
1313813668,21876
2871338056,24697
3987303899,22553,46032,47956,48453
2997250833,25852
2412750685,4759,12772,21524,23501,33432,35873,39507,45673,47912
2195673488,24695,40605,43491
3929318995,27933,37543
4094627228,31069
3297625616,1950,2863,11223,15161,21213,35814,41496
3027031342,24680
1913021941,24664
1460307504,24663
2480425580,24645
1406643812,46552
2039564899,24622,28462
3262716191,24620,28204,32097,40572,43957
3207600793,31589,32579,33931
2387682217,24619
2606052632,17583,47078
4235456035,29457
1777679927,37738
1476585291,24610,28408,36820,41327,48171
536115903,21999
1220753877,24594
1322229709,16859
3294492156,24593
1871676401,24592
182127521,2934
1536667628,3201,14654,22532
2887144449,24578,26881,38652
806608685,24557,48141
3990045529,24556,48140
2164055820,24750
1753001882,42178
2799323744,24551,24665
2845585264,24550,33479
4060676181,24549,29548,33478
617851084,1337,9311,10803,14399,19999,30993
2914199165,21047
2468292102,24540
728171879,24537
2948339265,4026,8299,11064,11349,11862,12537,13333,18323,18499,20442,20643,27013,38609
1255363438,8802
3397460953,24536
1139332471,24513
3574494287,24505
1700934940,40449
3621969123,2991
1639599895,24501,34612,41639
2206680306,42061
1281614099,24498,25329,28965,29878
600293415,5113
2225684966,24490
3672406865,37501
1497974884,24486,35064
1164209089,24458,30081,30475,33397,48290
2782131536,6960,11099,33531,42539
1973666207,18943,45310
517466799,24450
3402139159,24448
941255657,30602
2025457619,24443
871452604,11625
4112540397,35483
2503049178,26341
3095739567,24440
3229421680,44153
390522050,26453
3104522971,24439
1677488629,39530,41316
3524200682,27582,28798,41838,47173
324288195,45387
4059502426,24437
3197142054,33019
362181550,24436
2706006210,24431,25560,37328,39011
2356057636,24898
2341244644,24430,25559,37327
920929081,3775
3318885029,7869,22229,25894,26547,30580,33847
634493135,26647
1450157368,24428,37325,47783
786932943,6733,21006,32312,38633
1667637325,24427,37324
1638595556,24425
894608986,31257
1168943418,30048,41592
3293093085,5810,20873
3453309995,24415,29766,44637
1416683390,24413,29957,37124,44394,44635
1475019716,24410
4002210585,25537
3106410324,24393,25583,32700
3206836292,24392
3956862932,24371
725320503,5724,5771,12895,18315,18350,25183,29586,40049,42044,42777
4250375410,21609,21849
1239866239,24368
3520600107,11,29314
3762159888,5607,6233,16065,19736
2752176147,25565
2326060638,24366
2834820320,8752
2373123019,37737
3130177572,24358
2793235058,44371
474924659,10627,13759,23654,26063,26322,26474,26919,36406
279424025,24331
807904592,24328,35719,43991
3979959396,24324
3962573805,24322
4040339317,24319
3900189321,24318,30195
3620658974,14118,15275,15984,32478
2618647503,24312,44956
2023595753,12698,17723,18728,19693,19815,27820,28159,38935,40699,40997,44445
3573045003,24309
1359872730,24304
2916981405,12991
1599910967,34078
3511853945,38500
1480288096,24296
1547806463,24285
1828642276,24280
1051686241,1291,5609,15086
2552658946,24279
2157456896,15532,16462
3871212059,24262,24854,27164,33456,37289,38315,39899
1077131830,24261
135803735,41089
4260013308,23794
93344968,3083
513895069,24257,25041,35675
1552106179,24256,25040,26914,35674
386744835,21634
3945334710,5692,15178,20171,20570
3268051798,24253
3767542945,24252
1227787316,10267
1898332374,24213
643574569,24212
3207845175,24183
2535338425,24152
2416102076,696,2234,2727,4719,7269,8740,10711,12781,14523,14829,18483,19102,19894,21480,31714,31892,33807,46771
3123139557,24150,27617
2761755630,24149,41365
4257512593,24141,27307,45899
2285218519,24139
3341185678,24138
4219265037,24127,26520,37970,47305
393800778,40728
2697298185,897,46439
2554363099,35930
4033672901,38993
2155148919,31454
2228590961,28275
3724474513,24125
2674516678,24124,45466,47951
3034233622,25523
1952923585,24117
1304854846,2282
3870151313,24110,35733
1452987621,21970,33125,33447,40394,45267
3574614404,24106
1763042837,24,27693,33473
3641901140,24103,44863
2518398108,24097
1255985934,24075,24078
3230792506,27887,38435
3927003130,24067,35535
481540680,19438,37744
564143684,24048
2924720464,24047
1038817579,31805
3783769106,10018
2850884931,24043,26971
3281539073,24041,26969,35846
3732908096,24040
239384220,19068,24708,28340,28532,44172
3054315606,24029,27760,28098,34265,43470,45451
1488548595,39549
2124581439,24025
1297809453,24021,36849
1467267927,14669,21875,25793,25952,32419,38359,43195,45349,45444
2793750787,24016
2554998943,9802,9866,15283,18234,22294,40530,42524,44883
2057889333,24015
2099923446,185,3374,13541,16475,23996,24741,29359,29698,30100,35944,36338,37742,42833,45851
2423571891,21665
3625918792,24014
2234402591,24652
1020822331,24013
1332506296,24011
4224950251,660,1144,4647,12953,16917,18083,18272,19326,23740,28643,31437,32860,33106,33550,33906,34549,42726,43445,44245
3208948732,23188
2914360497,24006
3952124882,24005
858462392,24003,38574
3943094640,23980,36729
2146633672,4245,15157,33618,34968,37300
1823242397,24446
3836022260,21017,24240,40457
380223234,23978,24554,47949
2247926991,23975,28452,29977,31804,46892
1179538746,23961,34587,34732,44421
1020646157,23960,34586
2569696598,12615
51410807,6290,7533,9877,11169,14918,19239,27708,47504
2860710170,22715,22922,28561,37874
1091432004,23959
3846061819,23953
2994430018,23946
4157397018,23937,38016
2362757578,20436,27016,32656,44527
847383353,23933
663486751,12117
2527686364,31387
1108527249,5670,10220
1240352591,30382,41922,43906,46829
1998592619,23931,28842
3034306155,23930,29643,31154
1616527143,7623,13671
3608668831,23916
132490578,23911,31498
1443638105,23904
2100544915,23899,32202,36098,43192,45580
257075483,23898,30936,33004,41734
4039053791,40425
1091216949,23882
3240824084,40720,42678
64851735,23881
2864775550,23871,34770
3337193752,23815,34340
2195912076,45166
2678491581,23797
2312595035,25850,47339
2480501328,27269
338175895,16292,26130
2562387791,23795
1182398578,23785,25414
691549335,23775
2627056523,4352,4809,5814,9088,14162,33141
3956291102,12746,14831,31716
3499814352,23765
3470973381,778,1951,2864,35815
566443967,23763,27659,35657
1984020236,15461,24037,29107
2716234660,34444,44302
2951566410,1408
1825316112,23762,25126,48346
1186218767,23760
1226004329,5696,28359,28448,44089,45089
2696193785,23756,23902,40498
3122515470,24538,35034,47332
52570069,13322
3896824380,23744
986273437,23735,36981,41296
790269935,28775
698897434,23732
1800297947,1569
3023167014,1112,10033,10537,12338,34844,44025
1145877448,23694,34495
3326941112,34859,40175
2590910254,21904,44989
1037269133,24024
3296254826,39700
4212165781,23684
3551293074,22665,27280,33306
1962959720,23676,46969
2529986308,23666,27492
1943895500,34991
2625644326,23659,25424
100217049,10290,19958,34654
3307435553,23653,33813
381645734,22118
1535361788,23649,48345
1195320614,23648
3498237378,18991,23619
1585072597,12151,24350,31114
1994898709,23639,26631,40206,47395
2296906937,23638,47394
3492055792,978
2495110570,17386
2367117061,23635,26812,31045,33641
1953006744,24694,26611,40604,42497,43408,43490,45129,45316
1375017169,23633
3008503053,23630
1235103137,23628,46896
916653869,24895
1393255962,23627,34675
1597874291,23622,28418
2640890579,2748
1272694745,23621
116669076,2609
946890987,31664
268612471,23610
2733630102,19137
2056861530,23596
3074700260,28716
3372172224,13456,41155
2289177920,6527
1504140778,23587
927652926,23585,26595,34669
3954582941,28831
1918924801,23584,26594
2603003545,23577,28718
1351663340,23575,48029
4139630232,44572
3990677368,14757,14952,15772,19807,20013,29747
3812047086,23573
3932409285,23572,31508,44135
1105732087,47780
819270424,434,7669,19078,22254,39327
2164732430,14813,16463
430480818,26272,35361
3490490765,14354,21280,27950,37279,37388,39481,43718
741369182,23559,31693
1392717486,23555
1875439259,8263,8326,16781,24478,27390,27456,29199,33866,34274,41893
4181096894,9416,14976,15390,17505,20111,20759,21709,36994,40672
3471230543,23550
2179335854,23544,35133
3949550115,16033,17833,23205,25606,28810,30210,32828,33221,35021,36578,36878,37965,45853,47110,48070
462093462,23540,23728,27179,32813
3522247904,25188,46603
2780003850,38112
1050414199,23539,27726,32812,35661,36516,44774
1514996527,23538,27725,35660,36515,44773
4195225013,2215
2668432440,23535
2942619241,23533,24668
304621786,3204
3969731475,23530,37251,40584
2525908766,39027
340400955,23523,25736,28277,37087
3105413352,25590,38587
978691707,23520,29391,32495,41000
1062123202,44674
707100017,28869,29026,30799
45041987,23517,29388
747978637,23481
1230117127,23478,29930,47798
1247176076,44179
69260325,3492,13130,19797,41180,47126
1371569205,8476,9551,30489,39631
248147777,23476,24748
1398556682,42434,45653
495169906,23475,24747
445480455,23471,45913
1934146157,11195,13089,16164,19034,25383,34420,43268
2457461390,23469,25413,28880,29234,30402,30581,36407
2566350610,4938,46306
1992887227,23464
43791921,46130
1987945687,40880
4217686738,23452,23984,46893
3932551304,8971
2763122163,35207
1970755676,21905
1780244140,33138,36607
274325033,5801,17531,25331,27449
57813610,24414,29765,44636
881167127,47195
2717669531,10703,29816,34794,44011,47673
4179115207,23445
2658314024,23444,30203,46970,47039
2003807072,28762,32396
3035233430,1551,3042,15731,17354,17823,18195,20108,20120,21133
1265106603,25572
422245422,23443
530108664,29144,39227
3767702246,28875
3965211000,41092
671429074,11978,25873
3792624213,28477
2488623098,23432,34136
254974880,25123,28391,46668
2061412618,23427
1394848662,20889,36826,44068
2842072837,23425,33094,46705
410132459,18198,34122,35156,36094,47509,48234
3027968757,23423
1877341111,23419
2939952039,31510
4028665404,23416,29684,37704,42239,42432,43901
2298387972,30634
1871953895,14019,24209,26817
2436442045,23415,42431,43900
324834975,23410,40233
3787442220,435,7670,19079,22255,39674,46579
24865101,5007,9369,9420,14475,15694,17335,19052,29441,30365,39226,40698
3841936543,25092,26246
1002718764,2669,27624,41635
48000856,23402
4271748645,23395,38319,40573
3850214643,29339
2403776582,23393,33476,41303
1894931977,23375
3111109095,10634,15346,15774
1109735004,23373
2703980526,26203
1325369307,23372
3340522050,23358,35691
2329286132,4792,16526
3079168135,23353,38493
3080743631,23346,31532
3510744094,23341
3657014859,23337
412211975,23329,28724
3539922124,23315
1068461850,23314,47741
2017047411,47041
3697241889,27948,30207
1852484328,23312,47739
3625952474,23306
3279116879,24868
3876922356,10749,11953,13379,30891,32024
1781809800,13507,39544
2696769226,23299
2550485251,4645,15048,18592,20066,24961,26115,37482,40637,45035
2899593526,11317
3522382115,17866
1693106188,23295,29219,30221,41097
99603054,23293,29258,30219
1219971059,23284
3532292447,23283,23496,26481,26568,30754,32702,34364,35027,37781,45149
2106852102,35012
606984120,26894
3415621680,23282,26567,32701,35026,37579
2117422044,15584
2125651484,23280
2347498933,15500,29470,30961
1501435350,23273,27032
2067639103,18914
1679003799,23272,23440,29826,47114
1347950107,23270,23438
1781134575,10408,10877
2721759567,14655,22533,30848
3651943457,23259,27758
3949339086,1548
2839496234,19323,24308
1879069152,23250,36116
2206180083,23244
2265554421,23242,23941
1301671152,33540
2031978943,1365,13573,37404,42220
2962728607,23240
2763371561,30609
159983558,23237
3026271312,23235
2023453027,23206,36879
249484114,23201
336273522,23198
1877947175,31659,44753
1092590037,9636,35736
3977960286,23197
1788897122,23189
2849700286,567,24455,26579,27311,32188
4017354954,30876,42895
3435653880,23187
364411268,23185,24418,29134,33206
80398848,23183,24416,45687
3776062291,23181
3170147825,38160
236670832,1543
1134039830,27190
266158255,6371,9481,19626,28536,33711
2749957549,23175
2351588096,3215,3893,7990,9288,12940,14469,16138,23863,24649,25339,27896,31131,43061,46693
1149421214,23173
3775155491,31878
2956946364,28606,34633
982826970,5401,5449,7077,7726,24480,27458,33381,34276,48051
3570368642,27848
949564824,23172
532259971,23147,29634,42324
2193332048,8628,29923,38242
2701422817,25159
2978574926,33787,39189,39316
3123126577,8049,14069
1214102233,23146,37719,42323
3584398467,8973,12001,16546,33151,39645
2627005991,31174,42674,42995
2887780508,23136,28731,34552,43816,47840,48130
1312012653,23135,28730
1086962968,30115
3540483151,42514
1080754969,23129,24909,34239,34892,36625,37458,40121,41284,44552,45642,45729
4249526588,23125
2075556907,6348
1204547834,23123
3144856955,23111
3752763464,29811,31863,34671
2407252710,26132
651424535,23124,27128,36053
2263116499,44079
1307395628,26183,32933
934216241,23108,36489,47427
3134150208,23104,24885,28351,29661,32473
2981816153,12088,14013,29600,47654
3282987940,23103,32472
333916677,23102
2760638243,23092,43980
4110524393,23083,23547,29700
2200295125,10740,34202
3567076524,23074,27746,30665,33921,38596,43616,45470
1993967139,28223,31631,41456
2986334735,23073,37094
1919348392,35498
2609593051,23071
1646016150,15280
3022467141,23070,47213
181167489,35212
2190888275,23069,32603
2390223659,23067,45414
2572050137,6258,46577
1012931295,23063
267123966,23047
458810772,23045,26448,37941
2190557882,4461,9250,16031,23203,24070,27680,30636,33745,34615,36601,36847,37763,37913,41712,42811,46840
2679335184,23025,24524,47665
1054227404,3711,23927
354364966,23024,24523,47664
2290822936,23017
469164024,23004
2638463745,36439
1801052236,22993,44754
1237938620,38362
3581374528,22982,40222
1945257645,23350,26350,26377,28269,29250,29255,34172
690293762,22978,24118
727936288,22976,23222,26985,36533,46581
1597143197,22975,23221,37991
1903429700,22964
1785727994,20308
891985093,22963,24539,32531
3909621727,26083,36539,36732,36806,38877,43503
4279843659,22961,23405
978577171,22949
1272642523,38286
1965007927,26943,33026
3489101166,24924
2883789131,22940,25500,29526,29631,33068
845511526,22937
2629687409,32815
795255837,22936
2494535313,1360,5660
3715192718,23759
2088002918,22935,38468
4021439997,22934,22959
2247349021,22926,25817,27998,30700,31445,33263,36322,47402,48143
2682373666,22924,30698
3363476587,22921
2789423685,22870,38835
156587002,22862
1209879551,45067
944737281,27472,38916
3823372279,24153
466477151,22861,37491
2273921395,22852,27763
2496456569,655,38116,40244,44136
507940978,21540,24193
1066411350,22849,39488,40240,42930,43744,45497
2942708757,22843,25707,27809,31209,44200,48402
2472336126,22842,26293,31208
1145959013,5450,8485,9597,17875,39365,39616,42366,46461
2386958565,22830
536757528,22821,31560
86924466,22812,23986,34599,35259
3666423811,22808
2200024470,22801
645662146,31777
2670562325,22797,23151,23589,25969,28958,29994,34189,34334,36350,46601,48287
2294613115,22793
1156103095,22789
2947202303,5028,10204,10445,14307,14312,19141,19805,21717,31844,37623,39568,42282,42986
1529861282,31981
100999045,22788
662431257,464,776,879,2548,3279,3292,3558,3856,4051,6519,7995,8694,8723,9046,9095,9145,9161,9810,10082,10123,10724,10789,11013,11057,11835,11926,11973,12219,12255,12297,12430,12694,12711,12898,12983,13419,13623,13848,14294,14643,14964,15470,16560,16564,16703,16762,16925,17578,17843,17917,18006,19098,19724,19964,20020,20533,26532,28543,28547,29011,30885,31474,31679,31872,32322,32993,33039,34085,36458,37241,38144,38617,38772,39736,39887,40379,40400,40610,41150,41330,41461,41858,42887,42905,43598,43946,44694,44827,45935
519213284,4781,11196,13090,19035
243501327,22781,39056,40389
15044873,24586,25033,27672,28446,35709,37944,45087
686704094,22779
3117829651,22778,25311
2203827998,18191
1192455539,22775,24656
535123334,48441
1307996335,22767,28145
1446255395,22754
664886015,27168
3063237,312,15010
2397881711,22753
1792671343,31750,32978
531843984,22751,30335
2298641900,1773,23433,27291,30132,34137
3810029990,22744
801316131,34508,43041,43186
3495099283,22741,34808,38356,39962
747717291,12197,12323,18294
282111006,36611,43810
1987498458,24289
1381003947,22733
1538242892,42677
1950460685,7141
979798237,29917
2297436385,22722,33361,36130,42530,45900
4228038360,4576,11050,25668,25871,34023,35852,38427,40797,42516,43666
4255709852,22718,25431,34400,34584,36297,36525,48119
663497861,22699
3867239289,943,3441,7137,7257,9570,9891,11280,21951,25901,26170,27645,29063,29947,31326,44546,46935
1016792726,22694,26122
4054224348,22693,26444,41366
3697211233,22692,27616
2083452229,22691,27615,31499,33675
478425949,108,342,1746,2710,6511,7962,11370,12016,13158,19127,20028,20726,25026,31061,31260,34445,38487,40263,42421,42588,42617,46625,47676
1944629270,22686
4219528553,4211,8902,22671,33181,38642,41234,42354,46773
1857062065,23507
1256878377,22685,37184,38330,40294
2886359079,1516,3581,14663,15449,22756,27636,32163,35773,46549
2375645176,22678
3589247756,22669
3668049726,24187,42790
2146927672,42536
1133780740,22651,36908
415856351,2069,9665
2397788390,22649,24081,31328,38974,47321
639203796,20833
3856631949,10717
4064553894,28893
467063459,22633,22903,39965
128805621,22616
2055900304,22612,44531,46401
597199142,11581,39344
3957896702,22611,46400
757695182,22602,33182,44591
2065650572,22598
49473712,28877,29452,31044,33640,39871,47806
3551666206,29335,35419
2539953782,3750,5387,7119,10361,28461,32240
650088603,22596,41405,44036
602063320,22593
1622759379,22592
158880385,32255
1395917370,22561,25843,48436
596425116,22560
1850146832,22558
1512673242,22555
4015641176,35492,41522
1643504349,22543,35083,37131,47828
1539380558,44186
4037375636,26248,38821,46684
2738811340,22534,30849
455675230,22511,31549
1027736612,22510
4263075645,22502
4255359529,22482,24219,26578,26906,32187,41338,42054,43396
92588829,3831,5240,5699,9926,14533,16632,21128,42466
3429703900,29597
3224173636,22457,42348
3998422872,22451,31200
4003241035,35548
506351031,27655,31092,46688
1728041534,22449,25672,25786,34534
2707858925,22446,27550,34741,35799,39320,45567,47020
6385257,18425,47188
584863455,22431,38921,45915
173324741,43281
881133732,22424
603986538,5838,6405,9451,13194,28168,28755
1908455646,27907,34699,37012,37190,45416
1264828818,23245,26957
4047284817,22400,31312,33719
4067993905,23956
1176115206,10054,22664,27279,29725,36416,36495,38009,47083,47336
1939292898,22371,39666,41525
316726107,18373,24817
3336081926,22370,39665
2089572740,22366
1633079796,22346,26461,30839,35446
1790868439,21325
3515347591,31950
3976704528,69,32967
794997288,22345,26460,35445
1836711826,22344
2069246088,1643,6308,15614
2831523685,22330,30981
927332634,47764
674945996,8106,13038
2865442905,207,1965,3109,12097,12160,20693
1568148840,22306
4236170369,23873
448648329,22285
3981393327,2746,34009
3927361910,23307,38278
2264209416,22244,39923
2338776494,4939
1297315145,22241
1274128263,23498,27682,36603
3936665772,22226
2936864734,17820
2494249447,22205
4053572076,22196,22675,47810
3585138786,15117,48464
785586166,36277
3637194791,1960,2177,3138,4083,6487,7281,7862,8140,8144,8272,8700,9475,10368,11735,12462,15498,15596,22442,26874,27248,27982,30671,30899,40477,41568,41782,42255,42417,46388,47473
4019683732,27206,35868,36109
2276097164,22195
3672818119,30050
2502693852,22194
2767940979,15724
2624028647,22192
1980163873,22187,33521,47452,48019
605150804,22186
1194603625,36497
1059704988,6473,12318,20500,21666,37593,40064,41621
744131681,22167,42869
3767098416,22163,32691,41489
441604286,21519
3884364793,22156
3604799445,22134
1240636037,2279,5047,6346,18702,22008,22037,24272,24850,25542,25925,33293,35669,36904,40963,47036,47542,48063
1912595530,24684
1829640442,2476,31024,35470
3379449730,16971
3486612469,22124
2642204448,7966,10484,18016,19232,19929,39088
2918919368,22123,24192
374379414,22105
1963505698,22104,26338
4239865639,22103,26337
254206475,22095
1091323500,22094
1481340989,40503
2727972564,22089
1011216612,22088
3817101280,22071,25330
484815893,22070,28554
4258455005,22069,28553,31581
4279853790,22068
3460201297,22067
3810174550,25167
2574872720,22061
423130116,22059,34936
1525487852,26896,30148,44175
2626128801,22056,31688
161280935,22033
1929382961,22023,38204
2153171743,37259
3534637889,22012,42116
2237401181,22011
4244323710,22006
3451289706,38508
1582409599,1322,7580,8970,19364,48068
824272439,21986,39765
580861248,29167,35079,42343
958586254,6314,7906,21157,24109,24647,26054,26328,34571,35732,40817,41227,44296
3450229233,21968,22032,36496,45290,47346
614266459,21966
1924415350,21964
2893376461,21963
1208020931,38805
1797171684,8163,13259,20322,43949
918447511,21962,29969,35827,36377
3292271655,10819
1482077742,26450,37943
2246273999,35323
4180089531,21949,24654,25036
240262706,35972
628179099,21948,24653
3166976660,21947
3856671721,43068
2250722222,17962
1162301631,25978
3476060132,21946,22811,23985,34598,35258,36001,38162,46894
1356604529,6302,28106
1990091390,23227,25904,48335
969634734,1224,6860,7969,10466,13133
1463452568,21945,22810,35257,37252,38161
3788614409,23451
2483682395,21941,28094
3749238754,21940,28093,34667
3549265341,21939,34666,46986
2407830797,24952,26001,27115
2895065079,985
276945894,21936,26862
961266183,21934,26725,26860,36303
3177970361,26376,42028,48158
2532988001,37976
1445238611,21928
2231620360,21927
3720226756,6976
1469114878,28601,28936,35120
1256120276,7676,17176,36839,41312
3166841942,21922
4135106109,21917
3552000291,21915
3210172335,23549,26660
2654395762,21914,45199
2793515094,21884,43757
1889640921,24161,27337
3958259341,21862
2065032559,772,2155,6727,6751,7628,9307,9709,10867,14499,15039,15701,17145,17210,18284,22337,25112,34302,34522,36247,39404,39706,48080
1158611177,10979
798084554,21857
2320711268,21845,27790,41960,43821,45073,46435
27741563,2078,18214,24890,29949,33356,44548
4257570855,23046,26449,37942
3961834862,19445,31003,31489
3563401381,16714,17004
4055058987,21840,28393,34094,39895,47534,48267
2748381911,21823
349646945,21822
3325003466,21821,46652
2559701186,21812,24648,26329,40818,44654
1761126011,19447
2543848623,21187
2498612420,21811,27735,32651,43271,44653
3120088572,22783,23972,34767,44563
2221433724,21806,38065,43080
693531489,21805
4020354062,986
1838369480,21804
2564758091,23872
3108595663,25164,27677
116731317,7692,19788,21676,34174
3075189280,21802
17986891,11949,21611,21851,28574
2531977943,25473,28160,35533
798275332,21801
2387406441,2138,2247,11730,17430,43255,43889
1217257224,28653
4021100615,27139
2609795271,21795
1504283062,4555,4675,5793,16342,18218,21772,23458,29002,39452
4149636550,9390,14970,41109,42081
3371440130,21783
3563595043,21775
3212625680,26650,41159
1769387640,21765,32802,34018
77358214,21755
3228841978,48149
149694134,30544
2127338100,7831,12718,44991
1456278702,21730,23013,25927,31212,35630,36906
161759087,21713,46961
2925470746,9680,14723,22106
2486635858,33239,45590
57843007,21711,30954
1064939078,6802,25162,27675,37160
522979020,21697
3443677813,30752,38086,42528
2030631531,21673,41598,47631
1926063008,21626,35642,38761,39599,46639
3674274417,23849
1946556435,3578,40861
2709168353,21625
2064477356,1401,44482
1175054911,15805,17637
1962072262,21620,21712,24056,30955,33666
45842557,21617
2355271124,21613,21853,26899
3028104931,13707,21367,29882,37392
921599744,21610,21850,28573
1209365471,21608,21848
1313350392,8379,14037,23854,31471,32258,38141,46300
3141571922,21825
3269870568,21602,40382
706060920,37,23704,26814,28268,36058,41992
542475083,21589,25440,28043
2330547018,37651,46585
2740836106,3626,9803,12302,15284,18235,22295,25670,40531
2672326018,21575
4247049256,35602
1397577715,21572,26835
4216393074,21569
2182811092,21568,38383,40220
2892131981,36283,38724
272999053,21561
1139674295,21560,47286,47307
3774614396,21559,47285,47306
2599577476,9902
3195954706,21558,26951,30124
3777345895,35226,40451,41213,46666
3217340685,32894
2960177861,23883,33684
2235461456,21545,41438,44895
2754033321,22689
3687025099,37957
4246961340,21521
3821124651,21520,38226
3197730104,12087,12968,14839,29599,44181,44479,45325,46557
3288048208,24390,36924,43561
2584487841,21517
3384853037,1941,5499,29473,38640,40552,43995
3099574356,21503,23928,24009,30237,33318
1118641349,26218
1741600553,21500,27417
3091684011,4172,8787,9208
2026691607,21497,46009
1059771189,6660
1970024404,21494
3327423015,21492,34407,41478
1778447012,24151
1563361516,10303,13909,23651
1270804924,21450,31536
3089071322,21445
598044959,21427
2588052136,29687
227559530,2478
783432485,12492,15520,17986,36211
3714656145,27268,37842
1182884202,1011
3378473077,23781,24745,25976,28905
1346066746,21442,31699,37089
3045287254,29043
953260738,21439,23885,33686,47272
2969162148,21437
3710508221,46578
2693298003,44379
1417451916,5132
3924267925,21436,33346
726545354,21431,23057
3721756873,40066
1639811421,2197,4338,12915,36038
3287319592,21425,32134
205352396,14694,23253,24052,25860,25915,26677,27002,27764,28581,31945,33383,35627,47832,48225
1057485191,21416
85169930,48133
826282436,21411
1403937570,21409,33482
3010442283,34750,42628
4290639642,21386,23963
3830337700,385,7782,10837,16752,17441,22047,22173,22313,37361,38715,39296,43384,44236,44698
585880980,11178,25324,46000
4267783870,22403
2395872950,21384
3600097448,21383,42978
3506355587,595,5468,9426,13844,17476,40872
3743646346,21378
1775526499,4227,4265,5857,11507,12542,15228,23947,30585
3782815500,21356
643354357,10716
333207337,21346,28199,32437,35353
1967957994,21328,34908
1560870218,642,2232,2398,5413,6023,9220,12304,13890,14605,14874,17520,18226,20192,39807,40470,40533,41025,42100,42547,43728,46333
2764322950,21322
3917068524,28225
2529689998,21438
386177965,31147
1898851905,21272
1177908431,21262
3987989370,21728,22223,22637,23364,27007,33472,34057,38311,40620
490945130,21257,22528
2290512035,21251
3023548047,36832,38222,43339
2291487925,38069,40076
1756960080,1994,40789
1702440040,24131,31906,32762,43760,48431
1378004950,23345
2999873272,21242,37625
4130324388,21230,32996,36401,40613,44996
2079685851,21223,39165
52231414,25999,27113,35054
3133982371,21208,28790
1110435003,21207,28018
201269886,20896
3641355825,21206,28017
1496925828,21197,23788,38525,47241,48286
2661478924,23678
3404665090,21162,23333
175335874,43795
1986661335,21161,23332,32714,40226
2323235172,21129
870722636,48344
3879920240,21113
3278909455,9952,13783,37272,37620,39107
1489597746,21111
1951516808,6428,11555,14578,42866,46782
2476889401,21104
3064694091,26921,31099
3149369655,21103,24980
1064781906,25229,44570,45482
1175189176,21102,24615,28313
3125099479,48135
1040530893,36724
77468456,21091
2628466688,21088,25652,41477
1839975211,21084
2172652888,21824
494449531,21063
3981310939,23892,30255,31881,45696
3421014660,21061,37824
1968923849,21052
3197053942,6303
834458869,25876,44600
3841174012,21049
837918884,27208
241244065,26087,35754,41081
57389880,46526
1390944915,21048,46378
1731276257,21043,37364,40423,41058
108144417,23107
2579249344,21037
1109097240,1850,3177
1233927558,22666
2513534234,44741,47576
889582835,21029,39744
1736505975,48118
1532287278,21022
1730679400,21019
687867645,21018,24241,37282
2747415049,41914
1077558805,21016,24239,25711,40456
3056083542,21015,31899,40455
657004461,16498,26900
1874652977,29290
411972885,21010
3599617737,21007,32170,38634
3678911320,23747
866474483,20993,28853
2172851308,20992,28852
2317017450,24717,27836,37600
559922379,20971,25333,29538,36635,42138
2902293991,20961
2487349825,11805,45235
2607679668,27448
1878664504,8664,14396,17705,18978,28417
1645154144,9442,9493,17022,17468,23874,25639,28311,39611,45840
209605487,20959
1808276737,20952,35545
2555425400,31049,36535,37460
123600163,30347
389914323,20949,22217
3828566956,22950,23733,31361,36612,39004,41294,41439,43811,44896
2902394918,15746,15892,30424,38416,39773
2600297319,34153
1016212045,38863,40550,43993
989723535,4750
630508479,2360,22834,26786
693540846,20944,21844,34152,41359,41959
290930413,39545
2214690598,20915
3607242176,20912
3056559154,9746,15829,16589
4149351635,20910,30398,46324
3319575367,27838
869799664,18662,37163,40662,41602,41869
396966902,20904,23665,27491,32789
3399955054,20903,27490,28746,32788
4233043733,20902,28745
2379673178,20898
1131086659,21034
3652947113,20893,37743
3641989820,20892,46816
2932359267,20891
3323767862,26976
2124377314,20890
2385058233,20888
1954767504,12847,23880
1425048738,20886
4130732870,1448
259038520,20876,36719
3773338497,15455,18085,48442
622851695,20875
2161271386,20864
310998338,27153
509474364,20860
1870545524,28203,29546,40571
1496021720,1495,1898,9683,10079,14209,15123,16055,17669,21397,22709,31935,35594,38769,39929,43780
3840409157,20846
2277992080,12413,18624,42643
1346522340,34361
599163734,4209,6856,30374
2294994148,16490
587976839,20836,25071
3776150856,20831,27148
2219819091,20823
3293448176,20817,27776
2897170013,470,14778,16257,20960
1732678536,20962
3418208103,20810
4052689341,20799
3424536692,17999,30310
2763815528,20796
2630941821,20795
342027193,20794,22601,23809,27611,28603,28675,28938,33394,35122,35254,43858
2281881185,20785,22999,41760,44272
1633920261,20784,41759
3152416217,28349
217463592,20772
1174049945,4514,10785,15136,35272,44393,44634
3411866134,14235,46207
4183376134,32736,34396
3058083131,20771
1399716230,20757,20863,38229,44928
413682844,31284
2628669350,22732
1358866758,20751,42847
1086681654,5753,33948,35796,41977
3620860551,20750,23855
2973018839,20735
3165091525,20715,39115
753251585,40710
524293134,20699
4190561009,16011,30182,32450,35612,47988
1264917938,20698,20874,21339
1069899504,7539
1752402967,20697,21338,32229
3206534734,20687,26041,28736,40322
1222337198,29758
2551726079,4354,4484
3514107653,24028,27912,37058,45450
1375404782,36510,47265
3810379926,20686,26040,28735,40321,43466
883156594,20685
1187160565,20684,24042,26970,30521
201363085,20683,30520
1408276240,20682,24893,27189,30519
3334382720,20681
2597716401,10181,36195,38423
589964494,16581
2457018694,20673
2010563774,43618,47786
3938618698,23731
4146492603,19321,24306
925772674,23243
874617257,754,5813,16023,16838,18519,33061
2830112220,4260,44305
3365051537,20664
3311932405,20659,21180
725364733,24407
47564941,4282,18429
1662823994,20655,25279
2011498085,20654,25278
191378250,20617
3387311646,8264,8377,34203,38139,41894
1909767128,20616,23411
4013691480,20615
361036535,33483
2619797049,20614,44689
1401153949,21797,29439
2857117226,21283
1922921484,20593
1105884874,26886,30277,40670,46481
2697343334,24019,29666,45264
1864688946,42562
2942925605,20592
3295211371,18019
3980878025,20568
1328715310,44747
1777374092,20562
3645117762,14685
2160321050,20540,21932,45308
1056030455,20538,38219,41662
3170136701,22740,23424,23994,28578
1331952197,23939
3670116120,29054,36261,45623
335598466,26106
1816572538,20528
4259233756,487,20483,29861,45187
2918992301,28100,43472
3220330886,23595,23993
2616933948,20527,21603,40383
4167976579,20525
1386803937,9398,15580,30286,32960,35047,42017
3609935719,32109,38389,39970,46529
462044495,38817
1053895533,5168,19795
3180279961,20518
1826915963,20501
1500748161,20487
3932694688,2521,7555,35437
4274293599,25709
477504546,20457
1131682165,20455,33013
370247163,2458,3026,42820
1755699104,5907,10119,12066,13729,16271,17722,18455,18692,19359,28158,29689,38934,40439,43125
2803769722,23634,26811,34186
4250567826,29579
2297001638,20454,23400,30603,32877,33012,39875
980568431,39834
1748143730,28476
220039590,1319,6245,10575,13714,15440,15921,21581,26288,28278,34754,35189,37384,40429,41972,44319,46155
2864210096,21011,28362,30163,30692
889557941,38411
2619206210,20431
1868195394,20426,32773
2273079153,20424
3801077043,20411
3366740759,20402
1864722248,555,3767,6310,21219,35703,37589
4270110409,22860
2546227490,20400,22730
1198976458,20389,20407,42701
2324488516,43633
4047116044,20372,39135,42182
2595120251,1982,2233,2399,2692,3741,4308,5414,6024,9221,10403,10710,11028,11067,12305,12415,12780,13891,14606,14875,16191,17396,17521,17601,18227,18626,19309,20193,20508,21239,31842,38444,38478,39680,40471,40534,41026,42101,42548,42570,42862,43688,46713
1589894155,20371,39134,42181
4079714608,20369,26434
3979661823,20357,38198,44488
316759229,20348,29804,35236,36884,37497,37713,42204,47205
2649137079,11846,33670
2139811894,26963
52587518,25517
2303020695,46376
1037667144,20343
3317854145,5750,9525,25766,35793,43608,44158
1647072089,20342
3021537803,20313
3481586538,27567,35117
1834821619,20309
23061304,20304
940799273,29622,48207
3995366135,20303
2001927318,22083
1630470970,27479
1225284574,2552,2816,3852,5840,36997,43010
2829511034,4745,22269,33139,36608
2003661013,5507,20432
133160735,22204
1296498618,20290
1645970867,31565,41834
186196796,14570,28259,37413
2534776104,37352
2391915009,20288,30503
1562195268,20287
2219756259,34557
312563854,20284
3201404782,47720
3172190270,20231
797082835,20230,46105
3271271379,34053
2799493014,20221
402923326,30380,31374
1823424773,1704,6231,7083,10764,36639,41435
3955184054,20220,37894
1891033056,34185
2542136062,20219,37893
3798673781,4546,34453,40001
1181789012,20205
822896440,20204
1672922558,20187
4290377138,23294,29259,30220,35363
1618491126,28169
2259744521,22434,27772
2024634592,17037,30974
1610616609,20185
1655490491,921,13861,30651,41969
446842925,20184,37244
1542222051,30910,35571,47605
26287819,24259,47532
1380120015,20178,42292
4128033828,6534,27143
745965441,20177
3954957826,20159,43829
1200214031,20155
1666618797,20153
2922461436,20152
2771876265,20141,20740,25499,29658,30178,33067,35973,37582,42802
3133113377,23127
3359988751,6109,27720,30856,37527
3578403232,33368
328112720,23234
1826282272,20135,32903,43175
988652672,5654,10645,12268,21293,22378,25777,35884,44233,48364
3907249285,3708,32927
2346561706,24026,27438,33595
1994980744,22258,37993
938078554,20133
4251874977,36071
874255631,20130,46586
789856896,20129
1066723508,20106,46570
2570209830,27146
1829594264,20090,21961,38797
3350702290,20077,25842,47358,48435
1482501315,2943,7332,7655,8549,9801,12455,12840,15361,17592,18054,18075,20812,22293,25087,25287,25734,26491,28944,37085,39246,40529,41048,43480,47044
3593224090,20076
2273808463,37856
2629695180,21469
2069507912,534,4006,17900,21406,26406,47779
992685688,20072,34823
2721421975,31905
688776012,29626,35583,42757
2337647184,12861
638987900,20051,21463,25726
2404160444,22991
1402025170,13975,23412,26694
1912199016,20049,21461
3224752898,27149
3319068212,20048,21460
353186641,4015,25399,48462
1322434654,19993
3667847904,19992,25169
1713187016,19959,30471
1857981446,28228,37091
3818462389,19956,21498,27415,31764,46230
4152741290,4613,6392,7322,7738,11379,16951,18577,19222,31930,40563,41450,43148,48447
2797506824,19949
1045109023,13320
304382272,13972
2541838423,25580
1494228952,23571,31507,44134
1887582164,19910
786590240,19907
3389343766,19906,24227,32389,35219
68697861,19888
2335894593,44061
1417849127,19886,42826
3177075779,26652
274945497,19872,21896,34427
95851267,19871,21895
226285574,2156,6322,14500,15040,15702,17625,22338,40896
375984231,291,486,1650,1809,2960,6243,6513,7206,9375,9409,9669,16795,19431,21057,27890,31178,31305,33791,36472,38060,38197,40230,40422,40481,41057,41786,42423,43218,45487,46797
2877013915,19853
3223810226,19850
794947894,29881,36666
4149066774,19844
3314465776,29616
1386586965,17953
3047647995,19808,29748,43128
3266649585,23497
3735684058,2253,4049,7880,9827,10614,11011,12692,16239,16431,18004,19301,21657,23319,29871,32662,33656,34626,34775,40377,42302,42885,42927,44467,45830,46262,47414
243444043,19789,33990,42285,43534
357407849,3238,4988,10248,12597,17849,33729,41947,44543
4011304926,19765,35621,39161,45948,46085,46352
3764958716,3506,26557,47816
3424928542,6656,14327,32629
3903007572,19764,26300,35620,45947,46084
3250113866,11079
3727241367,22851,23049,38327,43089,48370
4292490601,19762
2708201136,2058,2302,5141,6352,8124,19613,19859,22109,31734,44220
1574235738,24172,32256,38302,42193
1318433885,19728
1192472521,19704
3716702583,30381,31375,43905
2095039997,28633,29204,29933,32970
1129865435,11687,16043
27943419,19660,30868
1589538681,19656
3443858274,19654,26649,33407,34384,41158
2418263077,27811,38312,48404
3403741146,19653,41157
2300539006,1681
1374675572,33680,38305
880644811,21382
1412424833,19652,36941
3323613819,19647,28403
15950154,19631,24258,25042,32931,35676,37925
3382253584,4163
3513538869,19628
4082733472,32199,36106
1639489887,19627
1576945645,5587
2437205012,19619
1971625785,6204
4170197832,19609
236952036,9498,10773,21256
892066894,38011
2901850444,33487
3510838437,19604
2035243036,19603,38682
1828143243,19591
628189783,19590
356973558,35110
2529927444,23958,47693
3137201994,28479
873000163,239
892853687,19572
1708199629,36126
716269222,19571
1693753335,910,7696,22702,34409,45424
2620285411,19570
3665447425,19568,28834
3647032192,32849,37915
3020618405,42342
2503063780,19565,22786,23807,43856,46234
1765177248,19557,22453,34125,34561,45593,46034,46877
122899559,35376
2682692588,19544,20848,25637,45432
305772507,560,1582,5988,19149,19601,23727,24378,28398,30743,44241,47031
1072319126,19543,45431
333476892,13313,45558
1514710136,19542
2748604124,19533
289325106,19522
3871074402,25724
3065936776,19499,23290,28395,34506,46753
938067504,445,10196,14888,15587,16409,17041,17255,19120,19825,20493,27846,29112,30824,39879,41721
3349679179,37892
991263645,4296,23672,24065,26747,37731
1124812026,19454,22161
1008042249,19448
2299937003,19446
270012265,29437,46239
3803700408,19440
3666990434,19439,37745
897726439,19437,21780,25018,26160,32145,34381
672303984,28779
1416611460,24002,34110,38573,44589
1710453902,19420,20456
3632764280,19416
1437649599,45302,46525,47258
2244134719,19401
3309173544,19399
3735223640,7978,29292,43568
3914445413,37576
1499880833,19398,26441,34485,46399,46489,47102
2779608592,73
2653235254,19388
1443476040,7468,8731,22990,41942,42340
2579627383,6463,14515,16209
3722105108,34749
4219927504,19375
552587480,19372,30783,46037
2127644425,19370
2823602031,19367,20808,23693,34494
985049508,29047
3678927999,17787,20101,37562
2674756300,27209
3915250742,19361
2442969908,24719,24789
2960293080,19360
3456559610,19320
3611004940,37199
4188641733,19317
3683823039,5866
827461566,19295
3152187330,27633,28695,37908,46880,47527
1436930890,2067,2568,43380
1852671912,19293
3531544258,37200
2803036218,30351,33477
232102040,19289,22787
197455797,20050,21462,25725
2675137396,25748
340805306,19260
1919041475,35869
793825590,19248
3297765403,19238,27707
2913791825,23000
3801844154,19237
2011886458,4294,10416,11193,13087,13813,19172,19947,22429,24063,28976,34841
3462762447,19569
4470002,19200
4222209053,19191,25441,28044,31756,39788
3352156148,19189
444234342,25456,26636,33087,34314
3419321571,5349
616991515,19181,22207,39482,43719
3401176055,19180
2675258989,19179
3410180500,33857,35298
843602146,1523,6251,7914,25412,27027
4199619212,6193,6748,8632,13905
1898462052,19167,42521
2422445444,19146
1399626684,13756,22802
2008553810,21890,27597,31039
3655121448,13677
1231628519,20963
883618083,16802,26907
2602516646,19145
2135151188,19122,20495,30482,33557
118559040,19108,22074
3556327698,35293
2465630860,19376
972784727,19089,19495,34132
963818931,42682
3272356870,25688
3698326351,1206,46059
584074802,19088,19494,34131
4208980981,19085,31649,34128
685351529,7933
1788945150,23339,34309
3036431624,19080,39656
2303686649,3804,4077,8391,16727
2696025201,18205,41804
1263768320,24419,44016
3911288863,19067,28531
1044103131,3303,14031,19105,19234,32368,35863,37960
3307404867,25094
2615412200,19046
1129105457,19045
2616685404,25863,47835
1103831445,19044
908790344,19026,42737,44311
2655320659,36551
1093809689,19021
3287296117,19020,19941
2853539045,19017
3562845488,19015,41383
2839178417,19013
4194748582,19001,21038
3045924993,3261
3513151449,19000
2124773743,18999,35456,47408
3433667214,18997
3258741211,29594,44781
3946157320,40578
2744684797,8901,26555,41233,46772,48341
2896517965,18996
2599124331,42152
3577964785,6107
2111941483,23177,35102,37463,43468
990294528,18993
1291068897,24499
2838158801,18990,34657
4020525248,4297,37732
237914586,7770
856074115,20906
2176591335,18988,26057
2216859107,18987
3279767571,28355,37995
2865051736,10387
2656898338,28108
2912004682,23098
2298620963,18970,18972,32089,39395,40860,42363
2815817434,18968,23580,24072,26602,29361,36120,41084
3997984030,35931
2213635736,46303
3451394946,45135
4268346885,18964,29939
55894125,30142,37492
3120190708,25811
2891330190,25147
3809754158,18963,29938
2135073605,18962,29937
3535305207,18957,27222,30460,39195,42543,42591
3079253513,18944,27775,36080,37037,45311
1580951564,18942
1928563380,29278
2014252424,18938,27743
4088775329,34747
1723721393,6987,44029
4215724410,18937
2877226738,22556
669357483,4802
3930144498,21001
147866482,18936
646545891,18934,22905,37047
392328961,8375,25222,41790,48320
2578736867,18932,32810,47365
3809802393,18931
3570734839,18930
3193633022,38866
3355727273,841,22072
1488570205,18915,31696,32626,34653,42734
3300572814,48425
3247878681,29076
3814134100,18912,37574,48279
1060531257,18911
444151794,4894,9623,14012,25824,27185,32657,43180,44583,47653
1263906886,7002,20712
1328893745,18904
2957185780,48472
446255051,745,12733,21012,28363,30164,30693
51962007,18868
1582268483,29798
4121492484,14808
1811977299,20315
132732849,18866
3334179133,21518
3250081954,18849
2485229356,18848
1835422512,18838
3101321209,18835
1841322654,18833,27054,33679,37936,41389
3225996413,25302
3635557258,18832,27053,37935
3339866385,36089
2457053209,18829
821081180,26922,31100,46656
826779040,18826
3009120042,18824,22064,44645
104108289,18807,19792
398379981,22807
859254338,18795
4044967212,18778,21003,25031,32957
2240642106,22066
3668990003,18776
4079257373,21310
3097969382,18750,22497,22770,25266,26362,28442,28672,37983,46752
1309410572,987
4089135385,20021,41331
3101211300,22435,27773
1892692319,948,19835,24004,26738,34882,35820,41266,44263,48343
2269060614,18748,23724,25264,34940,46836
3117252585,18730,43866,44250
1753856903,13458
1635584420,18714
3992977733,2117,6668,10166,14017,24207,24468,26815,27873,41993
3183895196,29421
3838418563,18712
223040851,18703,28583
3535668148,19703
819520776,18700,26333
3020320215,18683,43975
163691755,18681,43973,45429
560380800,1739,18869,20267,20393,42610
1549662356,36056
4260282938,18680
3233778026,20821,42614
3739605699,18679
3675841310,18674,37968
794497835,18673,23180,26754,38336
77576504,6789
3457227493,18669,18903,30558,34899,46496
914000509,18658
4063374641,31187
2157017681,18609,21358,24712
2583665502,43288
917178185,18608,21357,24629
4073560459,18603,33289
4287305053,21592,22141
975639632,18601,24211,33287,34367,35907
1561239712,18584,42880
188210636,18583,22180,24497,29877,31668,32288,41750,47142
1990638167,18564
1442403924,29708
3324936112,29497
2743037553,18563,33820
4096184392,18558
551435627,34390
2996170798,18548
3806009267,2346,13630,23772,25520,28713,29229,29427,30660,34596,37257,42533,43017,47432,47903
4261483054,18546
3716275544,4946,5648,44673
3512211149,27207
3727331810,18545
955602841,8410,12262,24089,25419,25466,28114,29639,32545,34255,38678,45337
2892144375,10043,12803
1886635392,18544
1416187231,3227,48430
590414361,9464
1063504293,18539
246958111,18496,43750,44075
2004788893,13231,45357
1586296152,18492,22617
2390861871,3960
863014901,4350,6147,16916,31436,32859,34548,43444
1669654323,18491,38187,44191
102873371,18490,19266,26864,29354,45595
1461346138,36072
785536845,606,13913,14501,24838,30419
752104745,18487,19263,24344,40337,42772,47028
3029431044,18475,24521,33924,36758,41653,41666
1404851148,23552,25314,26807,30732,43851,47253
331509971,22058,34935
3456858415,37292
421635207,18460,30809
4226120865,725,40814
3324071373,5807
1671754123,22608
4128720750,18453,26108
3130404043,45152
3607454393,18451,38873,42163
4187190445,5664
2229766707,36226,47645
3303596298,18448,25518,39347
3267009979,18435,30798
2956975919,22631,22901
1322171946,18434,23414,42430,43899
2074411368,39937
2360281540,25835
4232067668,18424,29668,38743,46852
2603533485,26469
2328310151,18408,45749
4114079301,33480
437020970,37455
1086349503,18374,36492,47430
3287387743,18372,22004,24816,27068,37095
1294634399,24702
725689888,18361
4214244239,28005
3399272509,18346,46911
2094913447,30383
176605266,32885
2609575342,18279
984122826,47283
610429099,18278,25826
3055918396,20176
2927847736,18276,34760,35879,42458,46952
1547455361,18480
1916648613,18254
667113637,18253
503797183,18247,35345
2847845530,8388,17496,22132,34643
4249242011,23886
2153795134,24609
3732117828,18242,18576
2446467827,3536
1398731530,6257,19297,46576
392193867,20222
1910685846,18238
1989968316,18225,40028,45456
2335999005,34158
3884348503,21198,23789,37357,38526,47242
1315098068,20905,32790
610123871,18220
1065265359,6921
810307021,21085,25649
514893669,18213,24889
280641938,18206,26822
2314415441,28434
3586275393,38072
685168571,29018
3972850294,23126
2871065428,18199,40733
4234799669,28607,33816,34634
3599427465,7885,25487,32206,42479
1168168002,10511,22287
3521273502,30718,43915
1803148727,18172
2678529532,19551,32500,43327
464314899,18145
664360099,7487,17349,31732
1715593908,18121
3423729982,18107,40718
905432546,36687
1979528768,35567
365166262,18097,24101,26357,38833,47231
3003429066,18095,21326,23839,24099,26990,39532,41420,42274,45658,46949
777880420,34246
3950939089,29467
4106092333,671,1227,2381,4536,4563,5582,6873,8028,9121,10469,20070,35921,38092,38746,41512,45908
2412396430,18091
1531969229,18088
3049560477,18080,27862,32590,37774
1182896298,18072,25525,26768,27308,27603,33312,39471,45382
153060529,16344,29004,30774,47141
1397840480,18067
3780007734,18061,44344
2536843856,18060,42764,44343
2992810274,18045,39484,40460
3857995445,14159
2237953030,18023
834095605,18022,22997,46047
2730378476,18021,22996,46046
516620727,9313
176050496,17998,30309,36179,42073,42573
1404397586,19682
3247492080,17997
1259726663,17975,30114,30773,34165,37547
4145044305,2377,11689,12214,44356
325632616,13526,22577,24639,27340,28497,33999,35327,36738,43184,43389,47866
472090931,17967
287101987,13600
2245785858,34984
85106587,17961
2914778618,17960
2715664920,17959
2759464360,11355,12319,16996,18721,39040,39060
1435604634,24245
1393575324,17958
3991760391,2933
581403304,26138
2170542709,8617,26034,30862,33886
110045235,17954,23374,28080
1145012084,35073,36725
2367572547,17946
49548549,26968,35845
2551423558,17938,25699
1574523561,17931,32555,38190,40091
2828135406,17906
1509375928,8936,22587,22737,22825,23605,28193,36659
2616107023,35118
1697727236,27566,30561
1519674627,17889,30323,32309,40707,45158,45666,47662
2012632817,17886,30815
2576620234,17885,26887,31505
1577110871,3080
395311853,31723
2551968135,22603,33183,44592
126677444,4017,31573,31797,38076,40655,41560,47158
82264185,17884
3574671910,24276
1166715754,454,3618,44987,46473
50263633,17874,18396,39207,42365
1467646810,6881
3665293045,33594
2823614340,17839
972962466,17836,45453
3995225230,17834,22284,28209,32829
4031876510,22746
3840595393,1867,2603,4855,13752,16024
2134272443,17829
3079112817,11813
1042763606,17810,31545
1977385892,17802,24018,29665,45263
1209796531,23406
3768173328,20291
1430048484,28048
1248074992,11564,13743
1933998816,18985,21334,30554
3818055821,17797
1352101157,17796,25840,36034,37817
464956059,27425,48114
3184168771,17792,18671,21842,29822,34563,37188,38334,47294
2897589918,17789,22218
2448884315,25765,29578,35792
1874983743,34358
3954644797,17785,20099
2072038716,17774,18854,19834,21156,25179,25698,40816,41265,46821,47815,48492
1739294467,31836,39240,44349
307753033,17765,22946,36549,41271
2323366960,17751,25757
1550572825,17750
144987652,38721
4270868830,17749
3899779671,17741,34423
1938323841,17728,30093,34475,37535,38827
3183534052,17727
2496391931,35619
178314822,29844
4246572088,17714
1407095960,23623,28419
1594974006,13106,27319,47460
3384491451,17704,43563
1750319785,14777,45133
3784688787,17703
2504941034,9357,11611,31709
749781501,17701,37815
2482266086,17697
1027416713,16829,32327
1648868018,17693
2604851603,17689,42943
346718300,19810,29750,43130,44492
3624400389,17680,28319
1795359291,37503
1261368553,17651
1593304559,3722,10354
1531249438,3017,6430,10558,25946,36761,47511
3689162908,17647
240171878,12809
2648543211,17639,26832,39308
1728028316,24330,31142,37128
2967834023,308,5743,17713,32348,45586
401071687,1017,5883,15314,18188,30996,37320,38013,47583
1122382103,17635
1001221275,3299,21622,22466,30957,37835,41528,43400
2506257266,11840,14957,17630,48199
1655847510,17634,18994
2483465948,2378,11690,12215,44357
1710412928,25166
1274755459,6444
715590728,17621
515090826,17588,42836
731683001,6478
3552555014,24374
979525797,17585,25231,25851,47080,47340
767152529,17584,25230,45483,47079
3931532002,17544,45045
3983922015,17535,29222,30356
3957458397,7607,9634,18248,22130,45767
1640768169,17534
538044773,14038
669870115,17526,21393,21490,29303,35802
220341140,17474,19730
108937945,17472
2923883331,8815,14934,20470,20670,25437,42391,43933
2085226244,17464
1774719610,26569,35028
863171997,19920
899377051,27547,29099
705228503,9461
2427341691,17460
2187525239,705,889,2685,3601,3967,6390,9107,9924,9954,10602,13059,13206,13327,13455,14358,15226,15572,18733,18898,19475,21983,22625,22915,23600,26399,27585,27781,28057,28588,28646,28950,30510,30758,32739,33090,34970,35640,39597,39621,40114,41416,41890,42464,43576,44568,44789,44861,45781,47067,47090,47637,48445
205284596,17459
684039230,39833
979939032,17458
3668365756,17457
949585287,37542
3251596146,17454,44849
2404157884,17452
3365954994,17451
1150638453,17450
3341679492,27794,31426
282986817,17425,21885
2342395560,17423
118993273,17422
634664221,1787,17019,26280,42405,45436,46151
2522934946,17421
1332458573,17417,38121
3539970849,14120,32480
1868751604,17385
1002150196,17374
764497686,17049
2177132496,17373
2398272492,17367
509724245,19400,34554,35663
176505510,44845
1570932684,4746,22270,27217,33140
2943294672,5170
968794846,17350
3227043990,17347
4087757944,17324,21426,32135
1942093020,17312,35504,47157
1869684663,17308
2855201171,17294,23463,36678
3003591818,13389,14984,17732,24529,30154,35817
1806336883,32528,32908
4258625018,28324
3654842490,17275,24333,28029
2008803139,17263
3532952405,17259,22706,35591
3656996630,17252,32524
2650404928,2211,24370,44452
3531675084,17248
1880883750,17246
3915642263,41673
657529816,17218
2163378019,17215
2636509817,10198,20573,21691
1699845243,17208
4203518605,17207
342320328,17195
2072167589,17192,22215,25445
3358380694,9625,36305,44183
3463768960,16355
284324816,17187
2048570184,17177
4008379323,17173
4220230234,27391,29200,37678,45014
3469911657,31954
642944715,17171
385252824,17158,22455,22485,48201
685459868,23139,36081,45388,47746
1915504821,17143
2076603447,3403,7319,10881,20247,20415,21791,41918,47410
1744365524,27588,27784
3966237173,17130,26212
3583923895,17112
256021638,34758,39037,46950
1667190579,17104
196479793,34583
859810270,17103,21590,24836,25997,37575
987741528,34661
3572531240,17071,19836,26739,47933
1285234836,17070,27608,39956,43370,43676,47932,48359
3127462599,17809,19916
583989642,4960,9101,13339,18366,23969,25802,26856,27799,29323,34070,34764,35006,37337,44560,47377
1514559287,13448,15663,16107,32332
2400124182,17062,24472
723048141,31102
2122662723,17061,24471,46420
825752897,27346
2066902842,17053
1909522973,36897
2262894155,9724,27804,34559
541552477,17052
874918373,17043
2687984676,28783
4165668380,17038
1281645993,13869
1842688065,25129,47498
3371938005,22235,33660,39536,44052
3709954468,1375,1654,8470,17660,19378,27083,34888,35307,37051,44557
1557132964,17036
3495165937,17034,30143
2831614680,17017,18415,23196,44436
1910964157,30208
3807925574,16978,26880
3873638837,16965,20608,29693
102142898,30188
1662311806,45057
1915212784,16942
595005072,16935,22907,45168,47282
1445733863,16933,23035,27632
4067982779,16931,19506,20940,23327,27691,27893,34957,39974,40891,41955,44268,46141,46216,47130,47826,48257
524390883,3309,10761,12060,16177,24795,29136,30633,31636,32094,33017,45889,47369
555431302,18158,47013
277908671,16920,32863,41775
2488534141,16919,32862,41774
2682601755,16918,31438,32861,34550,42727,47463
2580951177,22854,23830,29145,34781,34864,37112,39228,46612
1798581497,1012,4743,16206,24082,25422,45340,47322,47491
1605935450,16885
897684398,37822
577554727,16877
3350836588,48412
1110500133,10322
3639664215,18170,24987,27900,40929
687352615,16876,28756
3964095225,16861,30929,32298,33971,38864,40551,43994
1532986780,16860,39526
2487568027,43808
2837936435,31504,32652
1296433738,36952
2315818318,22882
3122421186,16858,39105,40774,44276
37531089,9366
2602493235,16857,25576,36301,39104,40773,44275
4213456347,16831
1087169085,16815,42990
1406588321,16814
2674343061,20378,36077
3871726581,16808,23131,33065
1443224015,1388,1446,1667,4999,5214,9326,9578,10506,12554,13588,15985,16620,17490,17826,17871,18387,18393,18420,18534,19165,19452,19528,19820,20803,21868,22389,25920,27643,28806,29194,31722,32252,32664,33214,33589,34526,34777,35585,35597,35727,36701,37317,42501,45104,45126,48317
2307983857,16804,17410,47007
1347557064,37109,48393
2082667198,247,479,611,760,6221,7283,7304,8130,10142,11799,12419,12563,16910,17179,37702,38430,40782,40971,41034,42383,45548,45607,45861,46089
2603667901,16803
1191010431,30308
1391580778,7983,40560,41865
3556797876,25430,32071
1676332137,26775
3657389798,16788,27580
2643161500,17855
4030437202,16786,23779,24743,25254,28721,34686,42822,46842,47690
3451817584,16776,32467
1667450771,2843,12874,18308,19848,20314,24287,32576
4017495948,5526
445121761,16775,21507,21537,24054,32466,39924,44985
2516753133,16748,19500,22970,27768,28396
782558800,16691
1915450037,16604,47480,48410
3118568448,16816
394380048,785
3357672807,16690
3123856534,16687
2096741235,16686,42938,47945
584042234,46149
4094798489,28609
1038932344,6182
3794868932,4089,33646
861279308,16685
1339141976,35770
107040543,16684
913799408,738
1982263607,16673,38054,40898,45142
1516195472,27369
4091383993,26938
505499817,16651
1019059419,16625,34610,43117,43622,47056
2434525958,17759,21039,32476,34375,40966,48260
2508491991,16607
4140452898,29262
3416212054,16606,19261,21741
2866494072,28801
3418080567,16592
3470596119,16588,24470
1012674315,16587,22097,24290,27272,37203
2224712987,16556,24975
996882991,16555,24974,30307
1243177835,19531,32946,41009
1636402517,16542,40056,41840
1323484470,16539
1784209582,16529
1636774512,42794
1496256824,16513,35580,37930
2413865536,16512,35579
2327644549,30117,32169
4100412804,798,1062,3214,10668,12672,13388,24222,29238,30153,34901,37474,43392,45704,46692,47890
902632439,25259
1028180543,16491,38252,45002
703921278,35205
1440411031,18122
1020387910,34006
3897014379,16484
2834719083,16482
2443417196,16481,45271
3905207704,22980,24120,41039
107603839,28854,44599
570201235,16476,42834
16935139,22939,42404
3045307587,16472
2309247906,16471
3996654227,21799
302072856,34730
179274181,16470,37403,42219
4172069382,16468,32694,37560
3083157914,16444
1561166033,16421
2474848947,16420,44166
2326093106,22257,37992
705226982,16402,24626,28800,35651,44429
281876480,16401,16541,23150,25968,44428
3400914703,1862,8905,13394,16666,16891,19711,20690,23592,24611,27717,28409,31276,31378,32766,35172,36353,36575,48172
2790778878,16397
381043732,29829
971613376,16394
514321823,16393,26089
61902164,16387
3737376456,25362,38165
2522652279,24305
1049311156,46497
532039418,1232,3161,3505,6313,12181,17937,24108,26654,28833,34881,35731,35819,46424
3727736706,16375,27169
1211936213,27947
2424699749,31855,44588
3604952180,28912,33835,48124,48396
4014062989,16343,23459,29003,47140
2908476320,14106
655898573,37228,39939,40726
2986905800,30755,34365
3044063091,24083,47296,47492,47501
3675980836,23148,23977,24553,25966,29231,29635,42325,47948
918061214,16336,45529
1908292293,16334
1101969176,16327
3261308479,16325,25047,44960
3554548468,38720
3150020058,8096,20285
3491670403,16317,30524,30878
781072740,35503,47156
2788235779,16309,39639
718234580,6982,38294
2909837320,16307,30049,41593
2708942708,16306
397882318,24852,38313,48228
2171352111,16304,38692
1151721370,22054
1316149799,16279,31856
2914956940,16274,17620,35914
1291001772,16267,16354,20087,30813,33737,34439
94872802,16259,46106
527024842,42328
241206104,29619
1475989521,2737
505738545,6898,24483,28316,35061
674699235,16254
334800480,16253,24160,44004
2959853986,27213
666326107,16251,35951
3837266782,48258
2050706792,13867,46284
3961557043,14025,16791,20353,24674,24871,43230,46166
3704747081,16250,35950
586714186,34856
407802991,39454
1603772076,16249,35949
579834098,16247,24591
3995484990,16246,24590
3353106446,16245,16611,24589
241258273,2074,7369,14223,17340,23826,25482,29150,32415,35624,41901,43259,47317,47417
910286028,23675,34263,46768
2510304586,16244,25361,38164,45363,45744,46922
2369963104,25785,34533
2895670018,16243
2801246102,961,3199,7111,28304,38514,38786
1778481012,16238,45829
3047987370,16236
2087241246,74
856091305,29859
189470460,16228,36998,43011
2894189405,16179,19552
3839773255,16167
1212201921,14036,23853,30102,30638,32668
2240984789,31609,38099
2783976334,37380
2098952605,27275
1453147301,16165
2217023350,16157
2743168187,31113
992110343,508,707,3682,4198,4777,6380,6944,8621,10901,12450,13068,17136,19970,21985,23506,25294,30289,31741,32721,33545,39764,42020,48015
880524280,16142,19215,19753,40488,44047
1267302876,5589
2356109222,20236,36651
3441879250,16136,31320
2702189360,35745
1830383223,16134,31318
955084384,16133
2899985126,16132
2658929199,4191
694716173,16121,16385,19801,40954,48440
2069274119,27936
3510776628,16115,24921,29375,29757,33555,36697,43594,43682
1630355689,391,19702
2046585334,37406
688704443,34362
478249421,16114,20387,39693,43681
2879177348,42414,43952
725481466,16106
150465581,35276
2392907139,1342,6334,34405
1180762061,16105
2479367662,16104
2651613959,30497
3193642116,5029,10205,10417,11194,13088,19639,21718,25212,30649,31845
441794531,2713,3559,3857,4052,6520,8472,8724,10725,10790,11058,11836,12049,12220,12695,12899,16561,17494,17579,17918,18114,18725,19676,19725,28544,30886,31475,31680,32323,33040,34086,36076,39888,41462
2612669369,16098,30333,32151
2553396673,2118,6669,14018,14367,24208,24469,26816,41994
4265043042,4956,12505,14692,27000,28505,29087,43106
1481589264,18112,20789
3083067363,16092,24771,29773,31979,43962,44438
1244465342,16083
2670104106,3532
3722983803,10944
2559006666,16052,31932
2250286662,38159,46551
3861688165,16046
3191963952,16041
4168643398,3978
3986232717,13641
2680194872,21873,26028,45442,47582
895748617,16040
3924666707,24027
2243188780,30677
2967776655,16030,23202,33744,37762,43524
2050414355,34352,40128
1614260653,16016
1428861007,16010,21912,32449
4277902684,15996
3978934158,15995
1811506716,17692
1259838561,11997,28129,28537,33712,39916
3854683861,15992
3048439784,35936
709564268,4548,11467,13766,20359,44490
4230581606,33702
3635590530,26219
3693782421,8959
2897635535,15981,20316
1657776640,20437,20566,32899
272004739,15980
1060838119,34582,46764
616930807,15442,26794,27667,31366,34756,46157
1976742899,15964,37028,45784
473680788,15963
2198692995,23417,24979,36592,37705,38501,42240,43902,44154
2414340629,15961
122461370,43329,44663
183513528,5675,10695,12162
754636664,22927,37281
3321587678,3788,5466,8255,16617,40760
2597448392,15953
3884486575,522,22594,23397,28326,32245,34049
133250653,15952,39121
307721139,36606
3182397413,15926,18657,39072,39585,39642,45509
629757422,35994
2496102993,15923
3388712791,15912,32537
1359857613,15909,40596
1886716225,5090
406137101,15905,22065,44646
444879815,15904,20117
850711664,15896
1587379578,9177,20523
1867977765,33466
2684734503,15877,26843,43003,43747,47097
3376661913,20464,20665
3843572844,18281
1769952785,903,2452,2802,14775,17204
4280420608,15876
748289882,34555,40129
746550634,16912,18270,33604,40388,41515,43554
2468920992,22039,25544,46846
2718346911,649,6719,23658,29187,33553
2296253790,15875
1204196580,5723,17428,31820,41475
3556607721,2467,11098
1943303160,15874
3372554054,933,9185,13271,22185,26211,28427,37512,38538,42966
452594440,23782,28906
455653454,15841,25402,45801
3882139170,15837
1076815508,15836,20630
3391760166,15835
4064706478,13386,17156,19599,22483,22496,24220,28441,30293,37982,42055,46751,47292
1779545292,15831
3580265475,15827,33582,39866,41361,44806,45524,45839
721812522,11968,31484,45459
349301777,25703,33518
126875444,22200
2027911262,15824
1105220535,18961,27515,29936
2574896820,15823,33257,41196,41622
780369301,15822
1786234528,15819,22086,38365
3254958867,31686
3252786710,30021
3505887969,7231,10916
230570849,15815,20652,29162,38363,42751
3710555005,15814,20651,29161,42750
3629122341,2032,6638,7838,8643,11190,11329,11587,12136,13118,14361,17098,17902,19070,19459,19777,22151,22914,24902,27462,28056,28534,33500,34482,35910,42463,43027,43788,44613,46869
1661463237,6448,15121,39927
3653990680,15812,18797,25958,27705,29159,33826,41170,48351
3128632412,15806,17638
2267696305,15804,17636
2900584450,22814
2569170655,44903
1816048310,15803
889761100,15790
311351996,15789,18347,24386
405191637,6885,9304,18667,18901,32871,34010
2039301251,33028
2966759139,15771
1304701844,15756
2770484587,24375
3951328256,15752
1913007879,17948,28623
436157720,15750,17046,18332,20156
3953800389,15749,17045,18331,30427
3757120597,15737
3486140917,15729,18825,20118,28076
1186314861,15728
261109176,15727
90179293,25115
966805305,15689,17345,30919,32019,36813
1941927491,15678,21913,26965,44528
2501820977,443,3048,34487,38234,46491,47842
2464248440,15676,27183,30180,32304
1849267260,1690,2491,3588,6160,8297,10942,11909,12677,13228,14088,14564,15069,16449,16495,17169,18321,18523,20233,20440,20548,20641,20991,27011,32425,35335,38106,41395,46134
1214803153,15674,21418,41615,43253,44873
1929118872,43986
4011681532,15664,16108
1964134355,15661
3579763771,15660
4104147622,43000,45662
1113543409,15634,21408,38836
2058998249,15627
816010059,16275,39015,41624,42731
441512198,15624
1070004280,15623
2325684266,6100,15907
2948472855,25940
3113333338,13967,20601,44310,47597
3004704730,15622
2594018364,15621
3833142037,15602,36061
1149020581,15600,36653
602435408,34195
193632890,15586,17254,32526,36345
4152277744,15576
2153884844,28485
1058307977,24185
3139530002,15567
3574311217,15549,32833
2064657059,15547,42782
2811255045,15546,18653,39423
51242365,15534
3105200414,15518
3104790621,31624
1269793517,15517
4085816859,24683,37355,41094
894902933,34551
805639226,15505,38199
1118290329,18946,27460
1868120898,34245
3027307262,20914
354114616,19796,41179,47125
1777504111,8967,26792,46057
252331709,15494,18526,27392,43897,45015
1348577617,15481,23583,27297,36929,41353
2863324278,6574,17087,33322,37118,46521
2641386568,37230,39941
2887855696,15465,21924
4262055044,225,593,2569,17362
1123320911,275,3853,4754,5841,32249
2279968703,15462
433326263,15456,16122,18086,19802,40955,47349,48443
2595551815,11482,15431,34876,37182,48153
2075168320,15454,19268,22895,24093,27649,29880,34845
2407047094,214,2003,8881,17238,17570,19008,30828,33998,35326,38548,42594,43183
1638828870,15447
1070824582,6648
4049701843,11175
3938707271,15443,25064,26795,27668,29832,31367,34757,43724,46158
2096180086,15441,34755,46156
2874035239,15433,29198,34273,40830
658068027,23673,24066,28161,35534
2914683343,15380
1791308607,15379,27922
2242995421,43796
1728758289,15376,31011
3215686354,2070,9666,20676
476671552,36922
2023478690,35267,47586
1516196486,15375,25486,28070,30251,31010,32205,32852,37918,42478
934742836,15374,25485,28069,30250,31009,32204,32851,37917,42477
1832578185,15373,46640
3840803244,15353
3138808685,45519
2621022607,15343
41174860,30411,45551
40545063,17907
2552355441,15336
2774801057,15331,25515,32875
2427761764,3510,37546
2895631145,15328,25745
3631819611,15319
1154124588,19444,20104
588482876,5128
2708026582,15312,27106,28067,28387
2135537076,25221,40186,46017,47999
1144866395,18913,48280
726526951,15311
3135517497,15308
3794800672,35132
2168484575,39582,45196
960299915,12806,24781,29481
90139503,15294
573708144,15345
543773556,15293,47421
2427026488,38420
483592798,15289
1406786101,28605
1000457501,15287
3666340422,3282,22335
1960634680,19680,20006,31111
2652473111,15285,37210,40752
628899749,15279
138657326,38158
4211130376,15266,25509
966907530,15265
702840237,15264,44477
4049985570,38353
3363956695,28827
497236428,15259,26078
2232264610,29266,43935
1007836418,15258,19471,26077,27665
2212113816,15247,44678
2464559604,26543,37681
3204283392,277,21370,36864,40137
912898692,15246,24154
2344292889,17586
2936751867,8753,37418
2726541109,15241,19719
389367109,46062
3928077743,15237,24996
1853266096,15209,28182
3109760419,1078,1615,3592,5295,7254,13042,13066,19277,21126,23324,24761,29563,29944,30597,33876,41826,43455,46138,46198,46210,46630
2416764420,15818,22085
1900497969,15208
2827531289,12467,37670
1537823739,15207
3297241081,27255
2083707285,15192
3942504403,1695,2734,2905,4707,12701,13226,17508,20279,21539,21778,25016,35460,38938,44448
1793489015,35856,42258
2049842100,15187
2080527171,3063,36085,41845,45759
2186301192,15184,22136
2517284289,25647
1770383606,15143,18150,29573,47721
2769987493,15135,44392
582433184,15132
1998334237,3567,6553,19921,21024,28857,30791
967725462,15129
3731602608,8554
602409482,28178
2704864663,15111,26345,34124,34560,37297,45592,46876
1274124449,40030
1620223835,33225,37119,46522
723574913,15110,23696,37296
2718170519,4795,15210,28183
1161006169,15109,29590
2564719860,8673,9127,25133,36360,43353
2323905872,15108,22342,29589,44889
3206753867,22879,24588
799316465,3850,16875,17878,20909,29584,30397,42042,46323
2466601009,15094
459652897,15061
3449151264,27789,41210,43820,45072,46434
2764112070,15043
3204813763,9813,11976,12300,45029
1048469030,15042
606819101,15041,31782,40897
863869008,15033,23230,25973,27865,35112,35553,43191,46746,46832
2562477380,15027,28579,30567,38296
3306828382,1151,18619,27252,47221
1971524591,13018
1439105540,15026,16473,24329,30566,31141
3562176414,15025,30565
379972354,199,1118,2447,20539,21931,26214,36562,40558,43917,45307,46374
401291747,15015
3145473538,15013
2926415198,15012,28763,32397
3668374747,23938,25864,38017,47836
768834431,13468,24216
463805094,15011
575599139,36582
2669311543,6985
902810813,15002,24251,38352
180278148,33810,36953
975171273,26285,32147,38463
646173692,15001,24250,38351
850923008,15000,23382
1665783082,14999,34850
109337078,18800,21286
1849986109,6878,17292,20134,22157,43174
633674877,22734,22822,31606,40640
1835353136,13843,17267
2647753166,14996
1166460130,14988
455313139,32814
1139709683,21522,28657,31291,33430,39505,44786,45671
478988365,14971,41110,45560
63041804,14969
4174087159,14958,17631,39091
2797269054,4428
1426732973,14951
3061512570,21284
3118430822,952,26103
2565463888,14925,20265,45564
1562424858,2143,10652,26723,37617
681591891,14919,23119,35475
770481020,2317,34547,43443
1168323010,38227
26886639,14915,37748
2728179700,43500
889105596,15298
3168300438,29825,47113
524836781,14910,30682,36568
4177423257,22053
917459396,19577,23784,25258
2794671811,14909,36567
3821608842,14907
1296215680,14905,16492,18805,21880
1503291087,25268,29970,34097,35828,36378,36646,40894,41884,45117,48229,48270
913317390,14898,20923,37524,43495
2188888206,25365,25585,27733,40250
2762363360,14889
1253518405,26704,38422
868072009,27923
3551272007,24445
1480487056,533,7536,9535,25418,26405,28000,29638,30613,32544,38361
409142553,1671,4283,6481,13232,14480,20079,39371,41742,45358,47360
4243984442,19408,26718,28127,40288,45930
3614778680,14868
2243954021,31390
2505187003,1182,2392,3121,3718,4359,5620,6834,8505,10374,11426,12327,12392,12400,14050,17162,17564,18880,21584,22930,26411,26638,27244,28281,31555,33916,34606,39411,39448,40988,47441
2004271277,14863,28220,29484,44662
3047214988,43001
3661619835,14851
2359549084,14841
2455875511,15662
1864161950,14834
884129899,11238
1256666361,14824,28929
3914456076,25526,27604,39472
3904854885,19681,20007
760750380,4259,10396,10706,11537,36947,42707,44304
455643892,34931,41052,48250
2662368228,16036,25609
3041313227,14820,21117
3341083111,10491,13920,19727,32352,39378
2623450226,14818
1422796040,14817
1185536586,14814,16464
1310676286,32399
1132815145,14812
3138496878,37804,42007
9098016,31520
2756683826,25628,30202,38147
1525105644,26182,33195
2776923579,14807
1490795507,14806,36237,45676
298037450,14801,20868,21827,30005,37790
1546661647,27880
1643521855,24068
735110374,14792,25789,37998
1344677889,14791
1467744971,10020
3348686351,14789,24511,39032,39076
2022168826,14786,19390
2853792749,14785
3161097031,39353
463358014,14780,32915
3937199099,14779,34392
267123988,43102
821788244,5830
244518745,14772
2273975880,773,5367,34523,39707,48081,48231
2199833769,14768,22952,43813
1263886265,7522,14415
3838646588,20897
1576596077,5474
2739956006,7503,13055,31117,40493,43299
3739267192,14766,38686
1090065663,14765,21311,22191,38685
790830217,32508
1811692249,14760
2034197002,14756,29746
1083314095,14753,29395,44700,45950,46354
2143916352,29697,37741,42832,43716,45850
2189750150,14749,37432
1995271927,14747
2790287853,4933,8042,18192
2226185458,14746,15821,18120
2780108417,14733,15640,35406,37605,38625
2663344155,14726,24953,26002,27116
3399893644,26318
611718060,14719,42789
1223479209,3006,11497
1113693336,14700,32041
3127216913,14696
4151327658,10193,19822,25599,29566,30600
1193512620,37378
69556329,25723
1271710272,14972,20331,29869,41111,42300,45561
1988650612,14693,14943,15710,24197,27001
933177234,14670,25794,43196,45445
3215531118,14662,28171,46548
947195981,14653
2835273313,14651,14659,39400
726710130,9811,11974,12298,14295,16256,34835,42906
4002310137,14650,39399
487842072,14614,28487,33579,39995,41842
2620640020,31280
396261281,20700,21035
2298546787,46689
349275338,764,27328,30385,44598
1029592856,14612,39993
3956088873,34061,46992
3822623321,14611
2163533228,14610
3407469411,2331,14623,18980
649912652,17640,31282
2011161029,14596,34538,34567
667356467,14591
3108113898,26029
1450421121,38978
645659040,23664
123454503,14569,15930,28258,28652,38228,44927
1547862752,14567
1436380038,7588,20085,23524,24547,28059,33781,44092,47468
3240530456,14547,44812
2125688009,25501,29632,33069
526890486,23897,30935,32159,34868,36020,41733
1523679195,14546
665580225,27561,32695,37561
467836820,14544,14671,22875,24495,25795,26017,30708,31017,32208,33611,37371
2299888179,2408,2430,2761,8359,21099,23005,24879,26308,30983,43619,47787
550746424,21083
3599548208,17189
1678076120,14543,22874,24494
1850295172,196,10985,35977
605515221,14527,19132,46891
2120870782,33149
1973382607,14511,23178,27759,32601,43350,43469
1063467993,24038,29108
2960791102,14497
3082519108,12244,39699
3473237489,28977,37624,40519,46398,46488
236259382,31913
930824118,14493
72343318,2270,8498,18048,24677,26552,42037
1355673052,36367
1233748755,14492,14782,33664,35484,46471
250401192,6901,43436
2220734864,35185
1163797936,3187,5429,12157,21134,24381,34710,34980
1864406167,15267,25510,36791
2897715227,14491
2765590607,31894
3344194108,26012
575966380,14489
1550027176,14486
1138963052,10001,10179,11951,21571,25224,26834,28576,32022
3369449896,6866,8434,12341,13977,35902,43508,45293
3092863561,32300
1872466845,6299
1492035264,14485,25513
2757804217,24681
1631784936,379,8204,18038,19231,39111,41224,44293
1526808142,21261
3037446938,14454,25592,43940
2508712376,36874
2247295209,32669
3413100868,20306,22079,46011
974905288,2268
3456210033,30096,47159
3800986739,43478,47042
31697483,39127
1098850115,22634,22904,37046,37314
3001393775,19201,26253
2143334818,45825
653806178,14447,37556,42899
2663232888,14446
490944432,21903,40653
3223710872,2583,42294
158373057,14445
1497086109,14442,17273,29169
1256657989,14431,30415
2694083027,14427,27614,37107
3564161467,35487
776461444,14408,17500,29088
3849265252,14407,14942,17499,24196
4255001163,31515
2369440357,14392,35220
3972747164,14344,20747,33519,40171,43047,47972
1294401175,14338,47002
698142870,32577,46277
2935284638,14337
4215382539,36332,47587
269241626,14316,23367,24111,29516,35734
1345901916,26544,37682
3780569001,827,7043,26006,27120,27884,36785,44721,47038
1795473771,6853
113607688,14308,19948,34842,39569
244918975,6459
2529385802,14303,20970,21205,28016,30103,30639,41896,42137,46122
2103149174,7485,17539,30360,31730,40693
3967143051,14302,20969,21204,28015,42136
815653587,14288
1403060737,20658,21179,27536,41665
1383753168,32195
607999863,14287
2833369090,14270,18830
946211094,9415,20529,20758,38230,44929
3874091544,23594,23992,26703,28142,30889,35466
1850283870,14269
3894238147,43497
2122979772,14267,27061,33643,34304,36958,42874
316317222,14266
950480187,1061,2123,3648,12659,21768,22220,22890,25394,30152,31908,32504,44603,46878,48433
3071232592,14517,15989,23752,33801
1900363299,14262
1731901896,3974
1123514827,14261,17674,19058,24302,39952,43430
1192036155,14242,36432,48071
3876019825,20059
1374608912,1304,5400,5448,7152,9517,14566,16603,22202,23447,38739,48409
4226032721,14238,31912
1967432535,16689
2066079310,14234,46206
3270124017,16537,39843,43221
1577293946,14227,14265,22777,25310,34161
2711808356,26199
2398090968,5600,5776,6595,20987,39668
2731820477,14225,25891,47419
1672049399,26648
1557914759,14224,25890,47418
3536494675,14206
873226719,14205
473575644,18444,37989
3814826317,10964,48028
184383144,14200,16129
3710365926,18197,35155,37115,38324,42174,47508,48233
3207238538,24170
62199409,14192
2741933314,5804
2005012679,34092
3102562805,23919,42130
2539934134,4852,33267
2363026891,14191
706890109,14176,17200,33722,40332,45678
2502701039,9030
3025039026,14173,40329,45332
21675718,27791
3924800355,5850,8629,10453,15530,38243
2055405908,14172,40328,45331
1746754826,22712,31127,33988,44096
3398326283,14160
3619836424,14158
3918903426,22003,24815,27745
105701092,14157
2253781167,14150,14425,19884,20661,21224,28751,39166,43547,44970
3815047982,24278
350496126,14149,14424,28750,32972,35233,38583
2988167406,14126
3650340111,14121,28843,32481
3422873910,5573,5874,8014,9495,13596,16199,16882,17024,17470,25641,28335,31941,39613,42687,44948
3504396800,14115
1153554932,16084,34905
1023529780,14114
2326180805,14112
1639418370,26372
2779913149,4851
1405005178,31726
4164325777,14110
657580595,34501
38991411,14109
4226260621,14107
2760375912,14097,36744
1650908128,14096,36743
3080528349,14094,25818,27132,31432,42641
449674488,459
3979487040,14093,21281,28241,37280,37369,45420,46445
1860332733,14092,22206,40850
3769110912,21158,27736,43272
2645373122,14090
3694921790,14076,24355
1719580741,28967
3762282325,14075
2300757316,14065,19846
2973806791,34558
3764808719,6547,8688,17165,22827,34031,38689,43657,44713,46162
3067595132,27516
304277250,14061
1014789141,34537
3370183454,14054,21588
1137107611,30213
307793492,26646
960661627,14048
168445848,15690
1134350651,9933,12594,22820,26539,33003,41386,47461
2288863932,14045
3033733147,14042,36191,43249,43309
4169184067,14040,32306,40704,43247
1563961834,14039,40703
786330080,7937,15464
2913408867,27730
612606190,14035
2990847478,42454
2495666643,5235,29910
2507830784,36827,44069
844575466,14033,16391,37962
3191430989,32065
2470602317,22766,28303
1059304791,23106
1017312564,17205
2793662905,14024
815406028,14023
1880719641,26075
219075660,242,6993,21975,23817,25003,33400,33775,39229,40746,41817,47869
2863606204,14015
2223632403,14014,18123,29601
2333061149,26726
633270317,32043
1489569266,14003
1610178183,14002,15787,40130
569766709,13976,23413
1114658744,13973
2975030024,24421
1512130833,13969,44260
1820565745,28867,36818,42696
3186518808,1894,9586,15173,17372,18579,33636,37336,39266,40565,41452,43150
798541056,13966,20627,47596
2750209772,35894
2210384225,21664,38039,39823
1782633831,8465,13358,18266,18819,22113,24880,25889,26309,38970
1578260832,13957
4119013030,33982
1330554680,17067,22262,31007,40495,43420,44831,45346
278061069,13956
3755119442,23200
4035923365,13955
3684581494,35372
1447845419,13952
3309389618,34502
4274436452,5549,36680
31285754,21263,41535
599116802,35975
3247273443,13945,31553
4157097462,1271,33171,40777
3708155793,12524,30440
1516810223,38254
2733372379,23359,35692
2609289517,13942,22512,31550
476520546,35242
3836516011,46765
1997056152,13941
3130294639,1338,9312,10804
3069268198,3597,41137,43699
658505184,21921
3307559896,13939
2820829654,13937
1787648214,13936,25562,25579,29554,37330
3256489874,13935
548864590,15950,20197
1746428129,13925
4034051085,13919,39377
2816966612,33705,34723
1368250851,26303
1864440916,17482,17517
1160944814,13874,20919
1111262706,13873,22129,27500,31185
1937137998,30556
3015607522,15188,22805
1071051446,13872,22128,25172,27499,31184,40919
357131830,3174,6296,7651,16554,21247,21663,29507,29837,30306,37486,38038
85174555,13871,23618,25171
1334064832,34744
1636376749,386,1311,2394,3606,6417,7783,9138,10376,11915,15607,16753,17127,17442,19517,19881,22048,23503,24766,25762,37023,37170,37362,37699,38716,43385,44237,44817,45185,47709
2422236835,477,847,1273,2557,2640,11794,11938,19685,26929,32607,33173,37452,42336,48010
1524353497,13868
3605010341,1288,11319,29971,36379,40895,48230
2519392903,13856
1762987144,13808,15716
3575228596,36712
3789153928,35374,46175
1896472560,13798,15795,18240,37219,43638
482629680,13797,13886,15794,43637
731708611,13792,29157,38764,40046
98756768,10622,23698,27700
2471715792,13789,21641,44726
1977068652,2585,5483
3548094465,13787,20885,24843,32133,41590
3124911393,13786,24842
2600741712,21501,27418
522938585,13782,22436,42145
932475723,13780,20564,24906,43178,43713
472298082,16042
3553486360,28951,29887,44569
331557732,13779,20137,20563,28330,43177,46131
3083272690,13778,14922,28329,39157
3225576442,13775,25187,40323
833076429,3336,24837,30275,30418
100553401,9658
1141217523,4384
1775938800,13772,24201,34194,41556,42308
2734378831,13760,22928,23655,24487,25895,26064,26548,37137,41346,41887,45120,47064
1417106764,34357
1593230931,13755
1485532195,13747
451068689,31216
2199377601,1159,22031,25809,27571,27592,36462,41132
3388968870,13744
3431612436,13742
2026200799,3496,6787,9262
2294711996,24442,47522
1840371299,13734,14326,19353,34291,35402,39434
3690390461,13733,15414,19352,22859,28063,35559
3903198741,13732,14343,15413,15697,16976,19351,20802,35558,44610
1401738745,13706
3227832258,13675
3814085367,13670,21030,39832,40650,40900
2254932006,36293
2733860492,13668,14582,25114,25160,25312,47303
875609760,13667
1634418385,24104,44864
757515866,4635,42658
2692668682,9772,29830,33440,38915,45304
1403964095,13663
4019456216,36266,48449
3222897858,13650,17056
1712410886,13647,31998
1114923929,34994,45400
1902121282,4553,4673,5162,6846,10419,18137,27870,31106,40538
2657481006,35472
1768901704,13640,15235
294010564,13638
1994258590,447,1905,14857,15826,33581,45131,45318
1461942407,13637,44325
2831724130,2799,5051,12235,18806,19791,23384
3180986707,13617,15474,19290
753709855,13616,15473,19840
4060125460,13615,13662,14053,15472,19839,20792,21587,35252
2927333085,6762,30991
562629218,13602
2436102605,13601
4166346721,42683
2745945377,22225
767071791,13790,21642,36792,44727
1592840887,45041
2488692582,13571,20954,25080
3774661150,13540,16474,23995,29358
3304706739,18998
2981161162,13539,46704
3660907700,46079
4230950722,15870,15975,31587
2822904572,13536
1788609763,13533
3618669328,1755,2191,6237,9987,10202,12315,18160,21563,22321,43083,47015
2802025993,13530,22973,35672,35744,37071
574338781,29097
3523512907,28075
2647696634,13502,14858,20946,45132,45319
452837336,13501,39865,44805,45838
2689360141,36590
3534626497,13492
1286230657,44899
2416904279,24492,26944,30610,33027
979349696,29172,31900,39094
4234067499,13488,42508
2637159664,40043,43516
2160546503,22084,41679
782640638,13467,20603,24215
2316570154,13465,19025,42736
3319383866,10110,10378,10640,22481,24218,26577,31306,34519,40562,41337,42424,43395,46531
1750878319,13462
435061759,40805
3156563284,23910
2417405270,13461
3063320081,19391
1718976110,13436,19483,32486
952639595,39439
532295230,4757,10821,21594,35283,42047
715837459,13435
676025109,26071
3629837304,13397,15222,16900,20160
1499286237,32435,46700
1871870380,28794,48470
3681662751,21064
1349460195,18153,42352
3456092601,13385,22495,37981
2640874405,13376,16322,17344,21815,27869,31105,33513,34297,34896,35386,36812,39702,40441,42023
1591533581,13353
4059561525,13351
1781267559,23776
3627979612,33674,35616
1766158297,13350
2838034823,5182,7793,39852
1854179554,13349
594200997,38127
1060263630,21965
3810073009,13336,18817,38714,45283
127424597,3671,5901,7060,7688,21021,31037,39384,46276,46279
3204875119,13323,26977
3899647111,4897,34155,48295
1105032155,12069,13265,16419,37305,44165
320277900,13319,28468
4050663391,35677
2893507801,13314
312022265,27828
257692634,21532
1881000828,13312,16605
3130241337,13311,18537,25949
2692308935,26945
2424749267,22962
3173799652,24606,31798,37725,40656,41561
822365757,13310,32088,39206
670299382,23757
2308375673,16972,24362
1372098888,13307,16524,39203
3949279763,33336
259594759,26713
762969651,13296
1160511858,3195,24301,40132
2291674103,13293
3738899122,13275,23118,29677,30787,35474
2240380322,13273,23116
739520588,13246,13653
2537071046,2487,8514
1286221883,13241,13309,16326,23155,25048,39205,44961,46255,47998
2114567483,17786,20100
1431854682,13238,25273,27125,31694,32048,32624
3319160964,13223
2132632931,13214,15550,30280,32834,40053,42853,44931,47438
875317496,9528,32067,35540
353313830,30997,37536
3804511419,16168
2996755678,7039,8404,11342,20933,21188,24412,29464,29956,34215,35141,41698,45774,45845
824106367,13213,19213,20350,30279,40052,42852,44930,47437
3728113265,13211,16530,18759,46995
2151388241,17142,33756
1598660099,15268,25511
1397905477,10302,13908
10036138,13203,14880,47240
3199475839,72
3823215957,13202
1437875823,28221
3813250501,8800,12748,14833,35198,39561
2794162942,13185,20869,21828,37791
1514457678,13184,34511,43044
1940891432,31315
969611776,13182,24359,25632,27506,27920
1994515596,23574
420715116,39658
515636563,13180,44335,44418
3811137993,21245,22402,45334
3438316694,1593,8156,11619,11891,42564
2390451812,1541,6201,19256,30317,48387
1351665031,13166,14465,15838,38074,45798
800861102,13165
2895927577,32997,36402
914110654,16612
385751314,38131
2244627508,13164
445949713,1805,6483,7201,8696,10364
1553632337,29849
67375682,13163
1129964834,42356
3707862631,364,1211
81122706,26325,27021,34568,46540
3997057236,18417,20095,20741,28436,30179,32279,35974
1777705853,13155
2166903154,28876
2788307145,13153
4015533376,13152
780869399,44917
3382246817,21308,27420,33894,39286
3016000582,14725,37108
613080820,13139,48170
2818686139,13137,32282,33246,36628,43953
1855548607,13136,33245,34443
1438640158,3024
3401593051,28666,48459
3858311553,24122,41041
607316272,7306,18436,19715,36147,36461,38432,41131,43111,46191
57126774,13132,19799
2185914919,13105,24205,24466,27318,34170,34348,47459
1587604693,13093,14422,20837,21743
479578732,13081,18740
341240223,28866,36817
2429364309,13079,18738,29217
2439641165,13060,34768,39622,46126,47232
2847529943,3474,42765
1484348924,21243
2816664781,10938
1765919595,13054,16140,19751,40492,43298
2961134155,13052,30394,41022,45893,46514
1073854318,2237,9005,13746,37045,37313,46967
1926012830,26137,30245,47179
1155591157,18336,21229,23616,44995
1326819741,46573
1685263287,13045,23603,36657
1096039513,29179,46567
3806919917,15186,22138,26320,31779,34650,47565
3996420400,13028
2454499301,2336,24463,25548,44659
3955472006,13027,18307,24286
2826857598,28390
4164030625,7949,8323,23100,26426
2064520462,13026
1422964149,13025
3554859955,30662
4000362311,13017
3307772278,10321
1896757639,13015,22582,22893,31077,38035
1571303000,11659
2348959363,30500,33117
2158349373,25063,29831,39117,39132,42855,43723
3325427552,15755
1582406443,19041,41852,44247,44982
89643978,4069
3249928957,13003
3653800868,13002
3137831040,35679
780456518,13000,16613
1431258727,12999
542716671,15873
3897190717,12998
1595317760,12992
3661545266,34159
33451838,12989
1625367345,5977,6629,16452
2270092535,12986,30516,44697
1282868897,16798
4087342085,12977,13261,32108,45079
635653841,22465,41527
2210562921,5137,5687,10970,21992,44400,47138
1019145745,16335,45528
1026857545,12975,14635,22300,24967,31415
1990390679,12967,38376,45324,46556
2824130610,4459,36599
2768453305,12966,46555
3515697062,36788
668610214,19119,20492,29753,41720
201769513,12965,45043,46554
479345152,12963,14104
2559773713,12955,19269,22896,24094,27628,27650,34846
1574435178,12949,17686,17965,23097,26995,36188,36335,41984
434103720,12928,18917
512705681,26608,28412,34703,35440
3799132545,12927,17614,35070,44328
2742846506,12894
412708516,26777
346245653,12892,14758
3669262553,27162,33454,40893,46985
3452689503,12879
663971885,11668
4121056761,12878
1459749655,6092,41516,43555,46186,46500
854062871,37888
921464003,12873
881092650,36258
3939924064,34111,37848,44590
2465131265,12872
1251227089,25490,29109,37867,42944
3969722502,2805
2266408441,23023
4191183750,12871,22567,35086
1002652612,1174,4948,7436,9759,9881,10029,10629,13716,15260,16094,22231,28909,29768,35759,35834,36913,38624,39431,44440
3427508542,12848,43768
918139408,12845
2264769806,44937
1207261049,12812,20324,20576,33252
547281699,1550,3041,15730,17822,18194,20119,21132,28077
2253553215,12807,24782,28526,28593,29482
298960291,37563
843029143,22359
212325393,25090,26244
3583092135,24228,32390
1351910932,12791,18566,36640
3115521524,35229
1898850254,23637
333521943,1106,2993,3500,6325,8107,13039,13248,21253,32386,32942
3382793369,4196,9399,15581,16118,29447,30287,31988,32961,34694,42018,43822,45074,46436
3008244096,12750,13654,14825,21618,28930,33386,39563
1196703110,38288
3259429668,4556,5689,8656,9090,11004,11322,14164,18219,19355,19523,21235,22210
930093331,12749,39562
2135246673,19254
3560842851,33261,47400
2462181264,25034,28447,45088,47772
3620893508,10747,11035
1964821576,20453,23399
3616110751,2919,8649,21474,24420
2811088802,11513,37027,45783
1275262339,12207,44367
1911772552,40899
39497801,12735,45261
3246658942,46971
2261749276,9524
2158899718,25474,26748,33883
3180224656,12731,23706,23924,31395,33226
557376160,21269,27699
4055302348,35024
1602749209,12686
936033916,30487,32459,34451,36771,41670
3268005118,12670,22769,28147,37472,46690
886471393,42480
3949520395,4175
4218899770,7081,7132,7423,17735,22672,27612,28604,28939,37849,38643,41235,42355,46774,47776
1079291259,12666,14608
2297371747,2059,2303,5142,6353,8125,8200,19614,19860,22110,30746,31735,44221
2597090854,12631,26051
3594315321,12625,24564,26601,33960
4095448894,16661
2797411571,8874,36649
3809623880,3846,44380
854282178,12616,25350,44865
348233012,8799,35197
2189258173,12614
1068555992,13014,21354,33462
990352862,23279,26804
1994781731,5032,12043,19635,27381,31848,44286
1253676082,3108
2399445583,12536
2384127495,6913
3958085046,12523,30439
3217100037,16,32542
2465675014,7803,18246,24778,28699,35162,35344
2268883501,23943
4250326917,12520,21720
4178823679,12511,16805,29851,37564,40654
1380672846,2678,3829,5651,11491,15017,19579,21290,21363,22375,22517,25084,27991,30583,33574,36409,39358,43302
1469165043,3629
2377331260,4521,7259,9767,11282,12406,13480,14006,16073,18139,22986,23990,26605,31108,31224,32561,32770,32782,35018,35464,39185,40074,40540,44300,46718
3431522524,12504
3080212173,31163
2511049732,47170
3991063082,27334
1038134274,5134,40755
332562662,12667,13294,14609
150949208,1493,10077,13315
2978429266,3415,23080,23689,33732,34683,43406,43488,43589,48374
3909023033,1823,2351,3326,3338,4965,5095,6891,7808,11983,17006,17627,22340,24233,30091
4020420313,2071,5556,9171,9667,14298,14926,20266,37396
2427046427,3377,3934,27595
3241337681,27837
2665045428,12489,43049
474104977,8689,34032,46163
3029577550,12488
1137566133,15029,22853,23430,23829,26503,30300,30569,33592,34780,34863,37111,44594,46611,47384
4037357169,12481,48000
1109707240,3038
3857697275,28181
2696878580,21004
1772992087,14443,17274,24332,28028
2080922816,3456,7272,8945,16281,19426,19897,21483,21513,26586,41848,45762
1002531855,12468
1882075139,3563,6740,8561,18405,21373,29629,29771,33114,36867,36921,47149
951351192,15708,46025
3703981835,5454
1375101749,12414,18625
559149936,14592,22551,23268,24693,40603,43692,45128,45315
3272910644,2281,22010
3702008684,1155,19242
1897575379,12382,22329,35956
3323752492,328,28013,29326,40391
611139695,12381,19404,22328,35955
1489026471,16211
3611399047,12370,18201,23660,25104,27100,34637,40735,48050
4098984485,412,18476,46871
1725742574,2534,15276,19303,35202,37083,42759,44041
3894328599,12368
3581839356,11930,28346,35784,40665,43373,45813
1374747965,272,523,4790,12609,16225,22595,32246,32595,34050,36051,38848,41404,44035
893814348,9413,44691
2625936040,12367
1343142438,12366
4251320279,14171,45330
3295635464,13019
2140271295,44530
2122140810,223,591,10883,17360
2940250014,8609,13584,14603
1935441033,12363,22589,36203,45553
2812073589,2852,33437
4047863833,12346,21380,26698
612490457,31957
965202483,12335,15028,15644,22091,28580,30568,37110,38297,39653
4040660215,12325,13056,13215,15551,40054,47439
3226790838,12281,14878
3962357043,29098
952878505,12271,26008,39662,45752
2318019047,15182
3344795989,15994,18143,31580
1482113523,377,931,1436,1756,2809,2925,3129,3247,3742,3955,4827,5108,5415,5657,6634,7364,7524,7598,7902,8127,8202,9165,9222,9840,9988,10105,10203,10404,10438,10482,10871,11068,11119,11132,11219,11245,11521,11822,12279,12306,12416,12641,12665,12754,13291,13521,13579,13609,13711,13892,14306,14311,14387,14417,14607,14876,15348,15776,15899,16822,17076,17397,17522,18014,18228,18627,18769,18921,19228,19383,19561,19927,20554,20596,20881,20998,21081,21296,21564,22183,22274,22322,22348,23160,23834,24841,26463,28425,29272,30841,31267,31616,31671,31737,31843,35448,35525,35682,35778,35887,37424,38445,39567,39801,39909,39981,40093,40472,40624,40910,41753,41908,41932,42102,42281,42471,42863,42985,43084,43159,43844,44115,44223,44877,46915,46930,46940
1997236057,12261
2022653174,12260,15099,45215
3487336268,9156,16424
1798192274,12233
238692353,12232
1763277794,12231,28226,32403
2994036592,1663
421431524,12230,14426,34014
252099362,31442,36319
2143803902,12225,14032,16390,16597,37961
2212283688,12205
1539680343,4389,37825
4274734727,20142,27330
3075013559,6761
3757825626,843,21419
50357729,12179,46422
814796486,31345,44913
2086626542,3319,16443,18509,20425,22125,27719,31050,32772,34089
157545478,12177
3472445014,12176,14764
2450145542,1518,6128,15451,26751,27662,35775
2014705298,12170
3190426630,9553,39068
3666165413,12169
357708918,14529,20899,22909,23599,24570,35002,36987,39085,44567,44793,45170,47880
2528433582,44844
2812092092,682,1223,2030,2417,5071,10261,12424,15306,15618,17298,17816,27141,33303,46295
2994693912,42829
1193500949,12166
2599487295,12153
60551325,12152,24351,31115,38371
1819420577,4114,7165,13104,15845,25335,25448,27975,36573,37495,38207,42140,42202,47458
1307010026,12133,17134,25304,33278
1544240030,6649
3717377964,12130
2277330486,4489,8510
429769772,22531
894727047,12116,14125,17973,28847,30771
4253591413,5690,32487
818957478,12090
1610115271,3466,7579,8718,9979,13574,14352,19363,23298,33339,37405,39740,48067
3761209413,8915
1289677128,12089
2477455158,1497,4241,7412,7891,12830,16594,29588,31250,32867,39217,39629,39931,40255,44888
957323288,8544
2826923471,16477
2715028956,23441,24670,29827,47115
632980636,129,203,669,10398,18531,41053,42577,45020,48251
2044372343,19043
4108933103,12062,24797
3179922524,4434,29288,32194
3909079031,140
379729385,12033,14277,15051,18595,22271,34715,35096
1159384232,1696,4708,5843,12702,19436,21779,25017,33444,35461,38939,44449,48041
2369172857,11987,45763
758503220,27265
3316995694,10,12065,13368,18132,43124
880714473,32107,42412
3606874332,900,9226,9344,11024,11252,12900,16734,17317,17597,18115,18259,32140,39235
4265256404,11806,27926,45236
2211906395,11955,35513
431434725,1776
759172173,28074,29260,35364
2848063746,1757,3248,3743,4828,7365,8128,9166,9223,10106,10439,11522,11823,12417,13580,16823,17904,18229,18628,20999,21297,21598,30842,33621,35779,38446,39802,39910,40473,40911,41933,42472,43160,44224,46941
3006943372,11954,35512
2920215919,30350
3274868748,23313,47740
4146996210,17530,24426,27052,37323
1465269172,1016,5882,15913,17739,18187,25791,43421,45347
2233147759,25981
2980149458,11952,32023
751136356,16650
2190928810,860,20884
2582984475,2287,37663,41987
2158789525,490,39418,46082
793808316,11950,21612,21852,28575
220936306,7292
2433035495,11932,46873
728991553,2093,2389,16867,17992,24326,24632,27430,32535,33047
3221278001,35148
1088310021,2432,26225,41442,43165
1987602030,2107,4815,10852,11016,14967,36484
440698763,11911,15493,18525,43896
1888657954,11892,42565
1902485631,11876,13324,27332
2187269913,35637,39272
3625727972,753,5812,7648,8251,16022,16647,16837,18518
2269516260,11875,35843,38680
2351936101,866
1152263768,16844,18090
75516546,1506,28552
3559849169,9407,9916,20447,20678,34740,39258,41821,43136,45566
2930887614,11870
3249333924,35857,42259
2515504742,132,278,406,5206,10357,11357,18723,21371,27494,35241,36865,39987
2818488511,1143,7086,43190
478446519,7681,20262,36070,39943
296061555,10514,27888,38436
2639086337,11857,12535,45268
996133626,40245
3177603868,11669,44579
2795686795,11558,16212
1180119138,11842,18905,21677,24347,34175,38914
939353313,16843
4020692974,1332,4976,11148,27062,28962,33370,33644,34305,36959
3553756337,11831,19829
626325480,26430
480047184,11811,24542
2007343501,41,29368
152038657,11769
3915273542,3902,8586
4134134426,3457,7925,10436,16282,18355
641032036,39058
1341563116,11747,21960,23176,28692,35101,38796
2009365084,6693,16350,40346,45039
2939240370,1257,1260,1835,4062,4610,8885,9132,9356,10379,10641,14390,16948,17926,23163,28104,30689,31307,31708,32223,32550,37006,38758,42425,43457,43927,46212,47539,47756
1360506380,11745
2147361114,11728,27181,42512
3551461791,11726,11780
2655430151,1459,1510,1913,5919,11908,12172,14087,16448,27010,27737,28458,46067
2814781645,9971
664649187,2895,8974
16426485,8198,11081,28970,32216,34404,40365
930952500,10239,11572,23218,25142,25706,27808,44199,48401
3673593399,11713
4055116575,614,23944,24506,46383,47703
3119572411,7714,18553,41963
2249899872,11688
1481644248,4627,9936,10688,19879,25760,25887,29787,37021,40956,42582,45598
4146825543,4788,17896,18810,32430,36049,41402
1895147891,27587,27783
479775531,11684
3823247202,11682,34067,38697,46077
1099797300,8717,9978,24733,28902,31006,33667,44405
4032563980,20929,35422,40525,45977
2056713126,6967
2116222264,6316,8803,10449,21689,30836,40013
3704092712,11304
3466697802,11677,16583,18652,39422
3456719866,11654,11744,14752
1909431007,11646
3321387320,22695
908048391,1571,30409,40085,45615
649463956,33406,34383
807109166,11645,26384,44920
2687366337,11644,26383
3802212368,11643
3926524203,36511,40614,47266,48203
1538912364,17794
3928677177,137,26784,40615,46766,47267
4243967597,11557
733853226,1544,1636,31343,32153,32905,36856,44911
1323492602,7162
39519943,3427,7821,20250,21794
713711205,11615,14548,31332,35787,43735,44813
2041125046,11612
4043961405,17190
1312827435,11003,21234,31411,36436,37554,43969
3624285249,11604,41237,42010
1266781347,16922,32865,41777
2618595622,8555,38188,44192
2841530907,11578,23396,38255,38320,40574
4115540733,31757,39789
2705046514,11561
1887072589,28920
2518180595,11559,27945
2686651819,11541
1924860900,34929
899320030,31506,44133,45226
2578551627,11539
1801498162,30064
72325879,318
1710833100,19472
3733805329,11531
1330458650,11031,16113,20386,39692,43680,46783
2508065797,11529
424625644,47252
833937416,11527
1707692690,27130,36055
3478719612,11526
2534987587,16044
3654507875,24489
2456558581,2039,32567
4267636252,11500,16045
1208579299,35100,43581
2753612723,11495,11783,17533,41247
3652442265,1961,2558,3135,8141,22443,25023,27983,32608,33166,33174,37033,37453,40478,41565,41783,42256,42418,48248
4190724792,23942
1731208124,20058
841708528,11451,23028,23812,24582,34337
773454725,18711,41380
3312757670,11439
2843769489,21385,23962
4262046627,11438
1651621240,6203
2440499821,5978,17245
4155565582,11404,17234,37592
626242616,29451,33639,39870,47805
1539114088,11373
773058335,2106,2594,4814,4825,7300,10851,12663,13577,13723,14521,20552,21079,30515,36175,38748
2346398678,11366,22437,26234,42146
1382908528,11364
1435839028,1458,1912,22639,27009,32778
1286423258,31982
784478852,11361,20238
33184052,11356,18722,38379
464972506,22493
2126814200,8663,46426
1315005661,3477,22569
1297724961,17650
4085335013,11352,17321,18718
1473223229,6059,11008,17084,18326,34121,45835
479724888,11318
12310209,11314,34217,41700
1131276533,11297
588141210,11295,30560,33699,35716,39092
988025020,33945,40283
1694625312,28821
1827499626,4709,5086,5872,8012,8571,13594,20647,24613,28333,32563,35752
593316007,11288,12006,21704,25764,34545,34799,40266,47711
1302328203,36225,40549
3103578971,4908,5213,19819,32251,32260
1167243173,23247,46494
2769870890,9433,20871,26888,32857,44685
1239772652,11276,12365,14073,22591,42315,44757
835780814,31354,34003
2463806059,6253
3050185552,38129
2479422454,11271
3205374014,11260,38556
2691517179,11216
3196180445,29499,38169
3929418389,26570,33961,45502
1116719281,11202,27928
2568561982,11393
1974435876,600,30233
4116301938,32900,39013
2552387122,5867
4175824181,18751,48293
1882322008,12774,18177,28283,31788,39450
3332693087,11200,46421
3224775507,27916,31021
2093767564,3813,4269,13354
3128961435,281,3657,9018,9258,9338,10554,11928,13010,14645,16927,17605,32101,32175,35782,40157,42974,43362,44374
1689066605,26580
1022702820,11171
4284116679,31036,31588,33930
438126342,11145
1994438495,20105
3949174147,11142,25720,31311
204934060,33910,41576
2498016082,11126
1967554804,11124,14202,15278,19305,44043,44618
250359454,11109,17068,22263,27444,32649,39954,40412,44832,45878,45993
2049082576,21726
633747481,11108,32648
2092824237,11107,13877,18561,18639,20922,32647,37306,37523,43494,44416
4080447540,3920,7338,7545,9178,45868
2309214882,15709
3579605402,11106,44415
2926854094,9922,15854,18731,32453,44251,44905
1001679474,6339,32817
937131708,11104
2832320844,784,12311
1694547578,11076,38183
3505672057,11075,38182
3219748638,7543
1832162186,23869
4159364925,11069,11246
836172011,1473,30725
3704749059,6164,12765,17887,30816
2677361066,45049
1226330775,11049,25870,42515
1451691660,39244
936863037,24275
393448247,6089,26021,46366
2924129632,11044,25219,32734,35366,40184
2614088684,1500,3193,4723,5099,10487,14555,16050
3613271285,10999,47276,48473
3887437237,10997,15415,16204,28064
4178459107,10992
3243176802,10987,35979
388498966,13923
590043095,7288
1827802305,32398
3431779431,3650,8897,26056,29480,41229,47054
2372933390,3790,20990,41701
908015919,10986,35978
1243718978,2145
1915961358,29789
1015022100,1680,46242
353169388,473,4153,27019
1762898177,23562,26593,41426,42870
415955189,10965
2680225564,35917
3270147827,7110
1893182496,10950,19362
317120825,16378
2783007434,14062
3727452345,1888,28353,29663
571719275,4924,19511
557163453,10947,18659,30557,34898,37909,46881
1749824381,12502
2964464008,37601
4130126513,21698,25574
3524594031,805,899,40193,46441
407860393,11277,14074,42316
1361986810,10917,28681,29037,40832
925123247,10915,12852,21889
748879507,47447
2417784222,10914,15979,16833,21888,34252
2765833099,10896
1070018185,4046
2948586215,3067
726688849,10894,24348
4111141334,10890,45629
2889541573,10886,24958,46865
3471077432,45926
2272433779,9076,30719
1780599946,10869,15917,17681,24600,28320,28423,39799,44764
4070390451,21906
1243294194,33260
3986934133,10866,25111,37134,47120
4131900885,296,8051,26573,33446,34617,41714,43506,45266,47082
1256740285,10848,21226,32082
2751371141,184,3373,35943,37277
2760393947,4244,34967,38492,40258
3749697072,18082,27864
3044287736,4810,5688,5815,9089,14163,35803,38604,47139
960953566,10816,20276,22416,30892,39222
1467330847,29201
3297506869,17702,25839,36033,37816
1905599961,22452
3324943898,10796,18071,23286,25020,26767,33360,39470
1004199712,21557,30123
3637477049,11273
3738622010,35341
407936189,10781
631976115,10778,15561
2509308900,26,1048,28399
2210994972,2201,2911,8295,8368,10925,15067,19982,20363,22383,27465,41102,42235,43512,45025
3192792881,1084,37445
3290449975,10777,15560
2577133081,10760,21809,27350
4114547776,2704,18729,19694,40998
4151323086,10757
2311301013,3778,47588
3480987324,9168,29399
1657108065,1797
1575465809,10753,15335,22082,46014
2191598853,28257
3570263045,2090,15988
2411950685,10751
3496125045,6928
2674981235,5363
2881400415,10744,16479,44901
330683194,23534
25591533,3202
1004927380,36160
1383738790,18650,40886,40945
3675766415,10743,16478,44900
1939937542,2936,8086,19003
1797482246,5748,10598,11431,12941,23864,27897,27937,31132,32844,43606,46515
3282741864,11486,18916,32627,46232
1522523514,10741
666096780,18538
2894882836,10563,10665,19090,19496,29208,31765,34133,38540
2311827,7140,14268
3237579016,10739
643080391,4738,4786,16736,17894,18808
2997261883,41519
3777824267,7506,9897,47326
3934875074,10721
435763195,10718,21273
3995439527,10708,34932,42568,42860
1608004232,10702,29815,42828
482508403,18586
3492269707,12171,23130,28457,36626,37459,45730
1453839167,46643
2226120677,10699
3544115442,10697,12164
539246628,3275,9739,15932,34377
2347640351,2321,9283,10457,41990
2189995141,32530
11051757,7125,9797,30686,37347,47822
2912114116,1919
1828348302,14822
4026560311,10686,27519,37826,47634,48488
2832643428,23356,34966
321352661,10664,13272,23115,29207,30332,32150,38539
527537212,13222,39368
3847672760,1349,20786,41761,44273
2232112644,41926
1155676175,10650,19205,24875,36151,39140
1618869959,17873,18395,18536,40859,42362
3845896416,10631
2319766145,25470
2133590440,15310,23554
1465054498,10599,17770,37040,39618
2980565540,6212,8746,17952,30907
2588754688,10583,31068,37746
2228550174,21115
2752141918,6043
3655760147,6209,34912
2126985768,10582,31067
2525373064,10095,35312
3686885821,3762,5823,17658,44198,46338
3400289627,5131,5863
3898973174,10566,19502,22498,22771,28443,29211,43145,47536
453252837,25355,26728
2096483181,387,850,2643,3134,11797,17443,18164,24767,29397,33418,35244,37700,46087
3004542219,7701,14249,15687,32017,41101,42031,42234
4008816786,10562,11484,13362,16097,46227
2656927094,40523,44213
1332450160,16615
768964973,10553,14052,21586,43361
1520771997,10542,33111
3672855815,10540,13177,24711,33109
2979749633,10533,21773,39436,43970
816975133,8750
3531250181,10523
277256823,40825
1058847887,1443,3167,3736,6054,6817,7527,9804,9991,12820,13727,15513,16174,16557,18774,18924,19210,20167,20479,20638,22296,31676,35890,39984,40290,41029,41510,42093,42742,42913,45932
230207795,4943,7834,11186,17612,35338,46289
3161765776,6471,9814,16081
1798833656,7353
1573309897,5359,41595
2546621196,10522
3031546977,34496
1780529859,2410,15501,27274,29471,31704,38081,38532
1872365266,24662
3183649379,10502
3775929947,23271,23439
3463262661,32361
2334113758,10494,19365,20806,23691,25300,32923,38421,38511
3918042874,12094,12825,18521,33271,42437
3077403426,10815
1166715005,10493,16784,18966,25106,26571,27294,29941,30135,38741,39849,40737,44951,47086,47108,47688
657699758,10492
100937279,17217
190921132,10476
2855683109,10454
2664624367,1677
543763690,12525,30441
1225977219,44538
3294704133,10446,14313,22430,24271,25541,42283,47249
3912885667,5710,7614,10568,14842,26615,27814,30865,33838,41605,41920,43364,47201,48326
307426372,2254,14675,16432,21658,34627,45427
1315654251,10422,29221
1404534940,4697,16258
2277344203,10412,14962,24335,24910,25941,34240,34893
2183997359,44843,45385
4204067709,6763
4215228887,5891,11435,11463,16330,16507,21428,27022,42225,42762
2935808137,29585,42043
811541415,29509,34924
2680547557,1269,17323
790343489,46583
557733224,4839,27944,32678
2747743041,10355,20318,40384
74594005,238
2811246161,45056
307233305,10345,11039,15639,33049,40599
454369925,10334,16888,31246
3363283433,6576
110279104,10332,16886,17945,31244,45112
3519571595,6039,21998
2880735598,14840,32658,44584,45326
3415484663,10324
65430306,30215
84992572,10323
3209124525,45715
980052116,2505,9330,14674,21349,22478,25729,25798,28541,29114,34411,36699,42499,42903,43596,45426
2368332927,10315,16037,19772,24793,25610,39998
2092638749,10305,13911,36956
204121479,4050,10615,11012,12693,18005,23320,25799,28542,29115,33657,34084,40378,42886,42904,43597,47415
1747218630,7912,22165,31149,35355,36347,36859
3232658267,5065,9527,34751,35539,42629,47851
2028178096,39387,42716,45976
2822447641,19022
1036170538,10300,15183,28170
404823098,10291
2059593530,10288,17880,30784,37974
3598584352,22414,39220
3025096345,10287
683314031,2054,24860,26936,36018
1339123248,34218,40762
2345821620,10286,12893,13938,14759
1094705319,365,12272,39663
1484318308,10431,17512,22224,22638,22845,23365,25624,27008,29514,35742,46845,47969
2221890179,44549
3697274469,743
2093048009,2235,46965
4099205462,31727,37442
1922318558,3388,6367,7361,7558,10586,11896,12276,16819
1886959955,10285,46977
2694151211,30855,37526,39793
844430269,10283
4223099139,10278,11071,11248,12283,33157
1447082945,20305
4291027696,11179,25325,46001
3841109370,19081,29461,43412
80163558,42746
17182625,39388
1850521838,6494,36652
1260908179,250,18543,20984,34601,46317
177194631,8190,40242
3757243545,10268
144022356,7777,11599,36048,41401
2480617818,7812,12785,23357,29350
1194433497,10265
3172066197,20675
80871661,37631
114315167,27531
562803741,3927
4117973255,10255,10342
1810207387,2438,16329,42224
1418525065,2020,13380
2037753570,17309
2135683906,430,1265,8468,11480,21871,22521,22629,22841,22899,24074,24077,26292,26758,27081,27198,29153,33217,33796,46403,47580
2838881791,30320
1842759513,7613
3956774064,10254,13537,27127,44168
3825229975,10244,34672
2742903222,10242,17678,19062,22816,25145,26296
3424869214,7075,10149,19987,21340,39846,47478
3507372621,10240,25143,26294
3472501018,2050,38861
3782810997,10234,18555
725420194,1157,27590,27786
1174336146,10225,17859,32072,44998,47278
3107166296,1907
1303761671,371,17197
671715396,10887,34772
541947805,244,492,5227,5327,8771,10609,11156,12375,15381,19066,19662,21977,22656,26050,28530,28687,30870,33777,36382,39019,39231,40516,43426,47373,47871
4157432440,12633,12783,39089
908670744,15563,30074,30187,43284
2949340411,10224,22717
1241831209,44758
3411343046,11201,27927,33164,42262,44107,47558
1813708352,10223
170045077,10211,22096,29522
1632242547,2530,14580,29841,33204,38102,38753
97400553,4470,4843,5853,7105,8443,17057,18614,28935,35119
3725236613,9503,28122,40713
4056497290,8596
3050092918,47648
860290368,10210,29521,30738,32591,32756,35896,37775
3526528677,28793,48469
295262440,942,2025,9569
3417949165,14687,22992
3562041516,12007,45155
3988892876,187,8908,12704,15153,23685,27270,27296
2655366563,190
3315072494,6068,17622,30711
1886847134,10199,20574,21692
1184467036,24705,43797
2483794951,3200
2741865046,10194,16407,19823,25099,27844,30822
3816501352,10180
1367370254,10731,28010,44243
3054176320,16553,21662,38037
3134850549,10176
1991574175,26163,29456
1540523712,10171,10216
563654976,40011
3414693030,5721
1304253142,10136
2738649846,10132,36449
3565024368,38291
2882504362,10130
357549205,27398,29101,39138,39145
3206682009,25996,39787
542966583,19064,26298
1520154886,2598,21506,21536,32465
3442320617,5178,32086
4170700127,10331,17944,35358,45111
682729454,10127
918208659,1096,1864,3112,3791,11164,12030,12321,12355,12653,14319,16668,17804,19984,21072,34712,36045
1663129980,10115,31972,32268
2862886244,8069,24608,25630,27504,30797
2531728435,15297
771381555,1788,19109,22075,31822,42406,45437,46152
1163655115,11715,15692,30073,33036
3543406551,6480,9446,18570,39750,41741
1753477634,4953,30361,40694
2623818065,13921,44668
548434965,37063,37262,39727,43967,44848
3068976776,27046
2067428211,34455
1148066018,6918,22365,36831,38221,43338
3408744620,14853,17698
1809044352,148,27843,44958
2014923706,8994,14334,15130,45646
2348009201,10102,43841
78470320,10094,10299,13075,35311,37470
2204938385,10086
526668938,47694
4081066942,1381,2783,3995,4334,8568,12496,13842,17266,20422,20736,26529,29343,30010,32795,34039,42250
4202476899,18995
1891995913,10074,16678
3963499110,42159,42997
2538468706,7161,8363,13024,19281,19329
3382833688,8113,20621,41138
755847577,11570,17850,19580,28450,33730,42892
1962160847,10073,18910
1239396815,10063,11802,30458
926663615,6029,11865,21095,39661
2806373437,1152,18620,27253,47222
4125939535,5547
125263343,5190,8101,15419,25195,26194,35146,41188
1199157199,10039,17772,27521,37042,48490
1104736897,10028,30852,35758,47627
3168447574,33529
4076447759,15038,22687,34301
2840670368,10755,13940
3333360479,719,3726,10671,11901
3266254966,3866,5892,6997,11464,13430,16048,16331,16508,21429,22412,25007,28152,30039,32006,32367,40888,40947,42226,42763,45710
2515151352,10021
3860093494,4118
3677169598,9996,32392,37684,47193
3483965406,27122
3791010345,3333,34474
4032287239,6990,44032
3688037107,215,1286,16287,25342
1997375810,1542,30318,48388
3679319390,334,10207
547570263,684,1240,2626,3604,3970,4008,5256,6415,7209,9136,13097,13997,24764,31406,32674,37168,40117,43579,47707
3826049238,6087,26019
3615105802,11459,12954,18084,27627,36665
2286574112,12411,25971,28863,29503,31486,31603,35551,37667,45276,45371,47667
1477580586,9968,24824,43099,46733
1201875494,27085
2510870794,1161
2977871696,9961
4246464972,24126
3756932761,10045,14440,15422,28516,28701,35164,40921,41191
246000592,9951
980112689,35650,36349
1143904262,24168,24477,29035
359639908,13684,27652,33833,35400,36170,36777,40828,43119,45884,46748,47058,47876
3104976443,8283,19851,26669,31448,37808,43198,44688
13572883,9949
1359214579,1475
2709279928,9948,33162,36063,38283,38952,42669,46800
3190496473,20559
3560832555,8627,13651,37068
99118619,4726,6557,10931,13565,16426,40932
3693663013,27629,30242,34611,43623,47176
225602288,22960,23404
1807795256,38631,42000
952782157,2362,6187,8840,23022,24010,28345,28444,33201,33319,33653,43372,43678,47411
301782019,9930,10720,15895,17909
3871210610,5209
3991617604,7585,8186,14576,25539,37510
2247102011,60,26778,34345,35519
2646178417,1281,23921,29248,36723,37553
985210933,9907
4211842614,17858
893989576,9903,22994
3230765012,9901
3641103075,28254
1766977113,7917,30854,37525,39792
2618466983,9893,22537,31450,32157,37597
3661245944,11278
3223198826,7797,30933,41731
3971152054,8657,9091,11005,11323,13437,14165,19356,19484,19524,21236,39732
4252786990,9879,13277,47224
3808514914,10842,33335
975963752,16552,19470,21661
2176215451,5496
965707058,9865,20409,24706,28101,33966,40061,41493,43473
2741755140,9863,41491
326135213,11274
3609421210,9856,11655,43876
3606937466,11784
3995927032,4014,25398
705668335,9944,17140,26284,33754,38462
778187260,9607,18984,20776,21333,30553,38577,46144
3294003627,9832,12239,38982,39239
1624455257,23340,31984,34310,40675,46698
1728149314,9815,13550,16082,20814,28946,33968
1325833693,4065,6197,10098
430834473,3419,36736,41204
1892871640,22720,23281,36527
4129710583,28300,36243
2414991853,2129,3939,4187,19039,19877,22894,41850
2317906606,12637,14627,15083,18212,18935,19094,21770,23224,24888,32506,40123,44298
2904125621,993,27925,30949
1810440489,1532,4899,28732,41207,43817,45181,48131,48297
1123410834,6283,14322,17807,45876,46223
3728105745,9812,11975,12299
1699937908,9796
1023540242,9791
3106547678,45493
2799923887,9786,15954,29874
4283026539,9765,23988,26536,27047,34460,39128,41552,43226
1208248498,6523,18181,21529,33208,37353
3555696258,9754,13236,26589,31235,35150
3369938709,1533,5990,28733,37610,47104,48298
2252550301,9753
1709945926,7505,9896,13674,22540,24734,28903
642195804,9752,31482
2282988633,10393,37395,40845
3232838186,9747,15830,16590
26496826,664
4078096604,9745,15828,17060
4028389129,10056
1054344841,1189,8136,15506,37570,38200
1122752061,29178
2454644186,5881,39953
1347512472,9744,12343,18430,18571,33284,35904,39751
786361259,9742,14478
2131406071,32522,32753
3853091127,9741,10016,14477,15217,24913,33461,38299,42842,44129
2758263801,10814
1670499118,7921,29029
3361324121,9734
1585258033,10055,41133,47908
3530774800,9689,19479,26342,29614,30617,31457,36272,40731
1573231670,198,43336
4023167706,201,1120,2449
222098604,9688,30378
2336704896,10235
2656110592,45066
322112823,9686,21696,23492
1980131259,44071
3459810288,1417,16787,18975,22100,23033,23662,23780,24744,25622,27160,28722,29512,33716,34140,35081,41258,41903,43261,46843,46983
522646001,6230,7484,9194,17538,30359,36638,41434
3935446203,28627
1273525638,11499
3029014084,4402,16907,19767,23803,24269,34622,37024,39163,41936,42603,44818,45545,46356,47621,48087
871638034,9681,14724,17260,22107,22707,35592
3067387074,9677,9749
3017299589,4128,11970,16665,20347,20689,23591,27234,28738,29141,30392,30802,34191,34327,36352,36574,36883,37238,37496,37712,42203
4111326486,32189,37911,46838
892318342,9675
1711491127,29453
2471685647,16180,18813,20663,38710
1437160530,9673
3790708893,9663
1963272531,9660
4246438410,39527
20260932,21323
4239241,9657,37079
3262218314,1863,3054,5430,11101,12095,12158,13395,13481,16074,16667,16892,16898,17093,18522,20691,22886,22987,28239,29866,31109,34711,35427,36044,38105,38564,41394,42438,44331,46719
2323589430,9655,28366,37077
3737316424,9654
4104364453,9653
2906946875,5340,48177
4099242567,9651,12801,24531
1298291721,34512
1600946620,9642,16621,18388,18421,19453,19529,20804,28807,32665,34527,36172,36702,40602,45105,45127,45314
2353352474,9640
2549845197,31364,36615,47626
1472036956,4598,5103,9392,16895,19490,27740
2810735391,9616
4249232305,968,28103
2830031691,45273
2585102983,3494
3009239130,2208,17270,20612,25095
2689453041,6593
728361258,8343,22969
3749054361,9606,18983
4286239572,44473
84776131,2096,3300,3436,11606,16278,24001,37836,41239
2103555905,1141,8676
3821914411,9604,11340,19787,22889,32948,37750,38457,45772
2283601281,5319,6790,7221,11626,28785
707614295,965,27375
475492653,9594,12793,41255
3456905330,9593,41254
3599617008,9566
4239805614,4507,34815
2119747568,9561,11894,12274,20826,43920,45474
3820855348,11392,13318,28467
1616801059,31288
1009085513,9552,30490,39067,39632
2172085148,8399
2419559839,30254
63676903,14236,17219
1275443404,12669
3652800035,11958,14350,34791
1590239994,9549
3794712740,14784
2485583278,9548
3281941570,9547,11923,15467,44038,48275
2233892781,9546,10101,11922,22597,43840,44037,48274
2301827744,39363
3921844442,9545,11921,12101
3720654265,11533,25492
626808635,9538,13968,44259,47598
1413931718,9536,14187
2480062251,18089
1576714852,17216
3333360068,11858
3442521847,23044,26447,37940
1710625466,43434
2956768418,9531
327356935,36873
1992744005,8652
554700799,9530
434433890,18929,21304,30902,31629
3355932182,9523,10685,14763,32269,32743,43330,47633,48487
2792580917,14699
3721120196,9519,39380,40740
1498673570,4342,28648,33092,39960,42451
2818907199,388,851,1470,6488,8701,8728,11736,12463,15522,17988,30900,42337,44625,45789,47474
2480102119,9518,19989
3638284810,3631,10779,15562,30186
4080307198,9462
3617359068,9460
1323315778,31338,37839,40948
2876468276,440,1530,3223,6698,9960,15715,42150,45179,45895,46103
2518229460,9458,17365
3081887398,27523
1103669315,9455
3083078042,24356
1686625298,9453
312783066,9452
2762782567,33393
1952009728,39884
497404774,18459,30808
4278883888,5289
2884744684,9448
4292718736,9532,27124,32047,35208
2177449114,9445,18569,39749
2289732650,12483,44732
3244223157,9434,16295,26889,31665,44686
450638347,39441
2125123651,2089,13922
2351105097,9425,17475,19731
2270509688,9422
888953501,9418,14473,15392,17507
849253216,241,2847,6992,11449,12707,13605,19709,21974,24580,24807,25879,26347,26352,26379,26883,27715,28993,29252,30989,32443,32764,33649,34208,40745,40993,41601,43057,47959
2937784108,1391,6382,30768,43710,44802
226517949,12313,12811,33251
3729559104,11048,25869
4287255268,7,3234,6551,16834,20911,42724,46325
2400784733,21920,33167,37034
2414265028,5436,7404,12211,13396,14993,15221,16899,18251,46720
2059524730,10897
3615082863,23289,25861,47833
1998819671,814,26121,45144
1905029772,10295
4231153496,873
3745076479,9395,37446
2997160634,5737,39282
2754829343,842,22073
2776020151,9394,17109,19492
573719157,9393,19491
621845270,9691,30619,35444,42176,44383,44718
863508613,37480,47600
1630162985,41095
96298237,1082,14728,18822,22062,22116,24502,28121,33569,41326,44336
2114156925,19087,31651,34130
2781163360,9386,11461
1087547184,35431
1571835371,9381,38591
1028477845,15852,23518,29389
2455102703,2590
2242565495,9380,26340
449969959,1760,6907,11941,29790,39805
4152240713,9379,41436
901494901,1327,4235,26418,38918,47594
261013016,6978
3814032071,11033
1190726849,29582,38089
2818007110,10075
3269263309,8931,45805
142487581,23598
1027172424,22998
4027910922,2401,4310,4915,6505,9108,19311,22784,30759,43237,47091
1407428429,9378,9678,13687,14799,17113,30003,45972
947927227,2682
3862692978,462,5627,43832,46723
3529580677,10306,22140,23711,35749
2748606821,9364
2047476108,4427
1075590566,15332
3823966356,10967
2971649843,21087,25651,35301,37064,43968
2896119014,9360,15799
593235176,625,16404,22395,28386,29671,39290,39392,41117,46855
4120115990,9359,10889,15798,45628
3058615473,20565,24907,27909,32898,43179,44582
3530833693,17346,45645
2072576925,11078,16029,33743,37761
444245472,3298,21621,30956
2047425868,9321,14077,17503,39856,44822
3420453441,9319,26189
4183773021,29842,39017
590937907,44941
2475839705,5249,7149,7286,10145,12566,17548,19537
4251007064,9316,12445,15938,21651
805891012,9315,12444,15937,21650
3656788569,16884
3486597391,17653,38394
2303589674,1513,41704,45409
1243920689,4
1355022021,3393,4424,6489,7335,7466,8729,17185,25988,38448,41940,42338,44282,46095,46359
2573507106,4205,7308,11398,26551,27394,42036,43213,43738
3202982115,6900,43435
902493597,9281,10423,10455
1348081350,34321
2869863697,9275,22782,23971,27801,34766,44562
4062658995,25323,45999
98974936,26867
777980887,9273,28828,43189,45221
717437711,15480,30920,36928
3816591630,9270
761905145,11514,32637
2316009172,17784,20098
2022896507,9264
1966712091,5837,9450,13193
2575073443,37521
3900307714,9249,24069,29370,41711
1880386940,14997
3958294823,9212
845510649,9211,10058,21616,27882
4251341478,3617,7844,13288
2691922603,15477,34813
1392365442,2426,15949,17281,18472,20196,26720
1222607525,8070
1466790440,9343,10281,10595,11023,11251,13962,14481,17015,17316,19158,19546,21069,37647,39372,41743,42191,43652
153120453,18940,29294,43570
3053836905,9198,17035
1607398606,38084,39529
27422406,6275
738008833,4478,7989,16372,19962,21200,26152,29123,38528
238258487,9196,9751,15367,18791,31481,45647
4110590800,24281
3038457805,9195,18790,31480
3490833346,9174,9723,16112,16940,25944,28084,38100,45576
1930458455,10971,23296,30222
57592213,24682
3793095947,6073,23531,37720,39604
733261570,21591,30533
649421451,9169,14296,29400,34836,42907
1428655020,4720,12782,14524,19103
759447246,9157,10163,10930,16425,37204
1900954743,94,9263
270294633,2245,5770,18314,22246,25182,26369,40048,42776
2151948127,11790,38961
1085424100,11374,23796,27524
2138723819,1683,26893,35356,36348
2677597837,37871
2476425793,32263
1537626708,31571,36893,41558,42310
2894286564,25476
1114112736,2701,5786,22144,25858,25913,34861,40360,47382
2063455791,14805
1840931802,9153
2136986224,27660,35658
1545632593,883,4088,33645,35354
4069653275,4869,28188
3621237811,5060
314713590,9150
2690457808,9128,31151,38754,43354,43529
690771054,12185,29071,46980
1986334275,2469,17020,26281
3451627687,9112,10895
870548121,35085
1741545837,7051,18033
3372569411,25484,32850,37916,42476
3841904661,9334
2783206693,599,1460,1511,4596,5920,7509,7530,8303,8382,8452,9602,10927,12173,13482,16893,17094,18888,19488,20281,22887,27738,29867,30232,41702,45770,47610
994596066,6190,9037,9279,11456,12349
3491535523,9085
3309954779,23454,37254
4281011782,14798
1442388782,20561
539490629,13620
2724307834,9079,43155
2802258635,1259,2679,3239,4612,10249,12598,16950,19221,30688,36113,43456,46211
3819674589,9078,30721
3261385644,9077,17132,30720
3165976641,12974,14634,19679,20005,22299,24966,31110
3991508480,24473,33236
363739875,9068,20666,36800
2874218876,10024,13986,22122,24191
1542570958,8651
2079505033,9062,20951,31530
2484220138,1826,7330,28034,39219
2198787155,9060,31528,32230
1607409045,212,17568,45904
125929826,24826
1592277184,23480
1164898489,7104,8626,26117,36124
211723601,9059,45036
1252042902,17837,32910,40026,42933,45454
310547799,12149
769448360,36898
392997350,41659
1984416744,4969,7766,20125
4015296891,3448,3699,4532,6062,7097,9701,14144,14974,15388,17892,23142,28923,32179,38474,39945,40937,41113
3494030546,9782,13833,23720,34874,43487,44799,48151
532537977,9004,13745,29367,37044,37312
992051543,30552,46143
3954076805,9002,25696,37310,46819
1922446162,8997,19294,33439
3715738741,37321
3078962562,23679
1528556584,9867,12377,42525,44884,47873
3763366371,8996,33438
1271359291,8995,14335,15131
1662583804,930,1792,2726,6562,7463,7876,8316,11131,13520,14310,19624,19758,33806,39211,40153,47894
1349740007,5487,7575,24434
1383943617,7829
3717161560,8993
1979889473,8992,16584,16680,19864
1277201939,8975,11376,27526,48415
4265799755,89,956,8463,13356,15444,21327,23840,25065,26991,27796,31428,34907,36428,39533,41421,44710,45659,46159,47731,48020
360596154,6647,13230
3776132758,8960
3503469324,1660,1709,3297,9977,27470,28901,44103,44404,46960
4209323823,1618,11856,13176,13901,15020,16643,18710,24710,44000
545190583,8966
3803705955,36753,41648
2681960380,35490
3022770528,8963,19299,21314,21548,45086
1318030069,9929,32707
2289678310,8962,19298,21313,21547,38630,41999,45085
1867766608,24044,25848,29726,47337
2615065734,8961,21546,41998
3885561340,31217
981965816,8952,33881
1757995251,7567,10070,11433,12559,12943,13509,13547,16740,20585,23866,40268,44881,47980
1615877204,3497,15528
2973760521,8950
209213824,1682,9789,11549,14450,14516,16210,17977,25410,26892,31019,33899,36136,37549,37674
3297362618,23510,28509,32620
2996731263,2333
1253144380,18426,23093,29265
68663312,11551,16277,22425,32129,43696
1494291195,23484,31707
220083334,10714
1091454295,34373
3234582105,24244
1538417370,9041,9755,13237,26590,31236,35151
254701706,18360
3314381781,29163
2932583416,8948,11887,18461,19900,20973,35518,37718
776404870,38932
3737743137,28826,45399
3671591676,45234
3093807837,4346,38284
2000056096,10892
3303069626,8946,17010,19898,45683
2392958577,8933,39578
191287445,8932,39577
2071858597,6171,13546
2078570734,10067,20397,37038
1048501072,8930,45804
2315886269,31401
3334536334,7725,12186,33380,46981
483601148,8928,45802
3238409837,47111
3447617632,19082,29462,35432
3340969233,30407
3070644899,6098
396359786,8926,28271,32949,40301,46052
3472381505,8923,23582,33821
549380001,8911,13800,15797,37221,45627
3835729954,6446,15119,21619,24055,28931,38251,39925,40867,45001
1620133253,9975
3624558603,2891,8938,13705,23843,34609,38782,41812,43116,43621,45526,47789
1655286208,10966,32896
544016580,8904,13393,23489,31719,40253,44020,45891
2106791388,1334,17256,19826,24992
875307126,8900,13401,31753,41232,46964,48340
1674097113,14571,28260
1250100934,18020
2535323816,10326,16346,43645
4194157702,11270,14064,14434,25998,28267
537071103,13816,32725,48482
1504477854,8895
4230318406,4993
3726853543,8892,11287,12005,13469,13805,16172,42091
1370643579,8890,33517,40004,40069
251103234,31637,40252,45890,47370
999341400,268,1578
1631516694,16724
937440581,8880,35325
1333722874,5937,7113,23199
148117740,18328
3759875005,8879,35324,38568,46071
669533754,1594,8157,11620,39147
3940005310,8867,9114,22198,22677,24299
65809719,37938,48353
238875578,8866,9113,22197,22676
1173564332,17761
2860433451,4878,5008,5566,5908,8848,9370,9469,10549,12476,13126,13680,15168,15201,15764,16550,17438,19053,19756,21659,40196,41307,42507,44023,47892
1080894202,8864
774303537,1053,9717,21488,21737,24035,27551,35800,39321,45568,47021
2363279816,26074,28422,40459
1652422206,42783
1344306829,10041
4252945384,6588,41243
1774025833,8851,13683,15204,18858,28290,35399,39291,45883,47830
661317800,2474,5376,27917,31022,32078
1808193132,8850,12478,13682,15203,33352
2414661720,36550
2884456383,24444
3444495492,2618,6009,9182,9215,9511,9695,9823,10414,12052,12743,13085,14182,14212,14257,19333,19945,25137,26111,28974,32220,40006,45479,45603,46486
3052416768,8845,14455,25593,28237
2765114768,28068,32203
915927952,528
3101523011,29730,38703
621889871,12247,14301,16197,16880,21203,23606,31939,36660,43139,44871
135056790,8836,10590,24603
1758729677,2668,31657
1275430096,8785,9206,17296,34370,39279,46293
1329714566,8784,9205,17295,46292
3612136327,8768,31718,38497,44019
2803918158,8765,8797
4082988312,2062,6541,9942,11331,14884,15055,15968,19779,22956,30967,35004,36989,38944,41350,42550,46272,46715,47685
1591756805,36838
1062495971,8764,15106,16437,28031,38728,41285
4252516869,8763,10411,14961,15105,16436,20075,24334,28030,38727
2723281794,25614
1383893908,2499,2884,27481
2261075061,8760,14619,16232,21241,34484,38480
1174389247,700
2628089060,42881
2282581165,8748,24786
1155432428,3529,26314,32502,40299,43908
1046019702,8726,9822,11286,12051,13964,34517,39173,40960,42090,45602
4049780542,26479
422089088,8716,24732,31005
1501877291,15233,21541
3391596235,5711,8837,10569,10591,14393,14843,24604,26616,41606,43365,47051,47680,48327
1903713483,8691,34034,42211,43294
373287829,12058,32458,32728,34450,36770,37351,41669
3600803479,8690,34033,42210,43293,46164
584942364,26128
1235304164,2326,3404,4670,5045,7548,8366,8976,10882,14340,15164,20248,21216,21504,21792,47004
3354712452,8675,8747,14453,30908
3528597675,17957,26846,39122,42149
1972871707,48357
4133716915,8668,17709
2386975584,12534,41379
326040921,8666,17707
2578637113,13865
2047993245,679,5197,5641,10330,11474,15657
1555306959,10913,15978,16832,31819,34251,36290
3129154853,6851
2718199695,24123
2574474080,47362
1109942364,8650
1965666386,14528,15604,22607,24569,26852,29488,29720,36986,37696,39084,44566,44792,47879
1780878805,8648,19548
1084580856,1378,5102,7020,11711,20150,35543,40803,41005,41162,42244,43477,45408,45791
1849182383,8612,30830
3165168245,871,1675,8246,13305,24942,39201
3412485671,8608,13583,14602,20582,37883
3541900102,8601,18349
852365183,4992,29244
2882278032,8595
3245158162,24046,32616
556137208,32040,36977
3628615978,8593,11996
1677540164,11788
1750112299,3314,6402,13365
3887503603,710,15784,38531
897021167,14510,22920,32600,38518,38790,43349
537908979,8558
3459696706,2855,6082,7164,27974,35517,36572,38206
2744352634,23137,34157
1639714402,3021,3819,13645,17050,18457,30806,31684,31996
562246415,45227
1315805949,8557
4156105006,29279
3100856636,5671
4012189965,3219,4029,9348,15401,15541,15593,20256,31302
3714835810,10701
2072569192,17984
3821232695,14484,39932
520980738,801,11724,11778,19643,22738,34492,41375
2274618352,8552,11405
2837485834,5728
2834643061,10898
568828205,750,10421,12593,26538,30970
2402180125,367,4120,15629
446519057,8543
1207950153,8542,37785,43571
656228715,27728
4126358773,8538,40926,44738
2231670176,8536,18602,27212,33288,47577
2675317037,8525,32569,32832,41657,42003,44082
4158450145,1056,18741
2037135874,35925
1604156863,8522,28131
1720761919,8504,11658,12399,14356
715591413,8491,23888,30031,30069,30472,40407
3637941145,11530,36252,38109
4210150606,5357,38126
3713169581,8460
2700241905,8457,16291
3172437705,1299,12602,31134,43093
922020186,429,26757,34948,40974
21230827,4905,40134,48024
1275320332,26711
1753460357,3425,3569,4222,6706,6822,6843,11128,13958,14148,17359,30793,31925,32971,34727,36902
3777105370,22698
585666911,8456,16290
3797941520,211,1969,5251,7118,7611,10807,12856,16850,28460,32239,33342
1650932058,8441
615304144,5471,25439,28042
657068552,26205,48246
1482809537,10651,17283,22367,26722,36152,39142
360450842,8428
2576630592,5268,5603,15139,17268,17364,19732
1784958464,10935,13162
3509162755,8397
2889309788,10277,19657,33156,46827,47050,47679
1109825953,8396
298655081,7856,9465,15997,21846,41961
3849478422,31255
2255924923,6433,8720,9499,18390,28378,39171,40433,46318
4131368936,1149,9017,13614,17604,27250,32174,33503,35781,38181,40156,47353
2962917041,8965,18781,25455,26635,33086,44008
3526989049,8395
2118143027,8385,16981,42084
1184203448,25037
261255224,1355,1617,1838,2956,4990,7816,7897,8432,9401,10604,11258,11855,13175,15019,15780,16642,18709,19177,19279,24709,25846,26038,35900,36397,37147,41687,42428,43211,43242,43464,43984,48418
1263691773,29657,37581
289557530,8309,21725
4230145947,4629,19154
1888296446,31578
178359032,8374,23581,23737,36121,36465
2932844813,9377,15365,30002,45971
249635901,4223,4278,7718,9020,9340,13959,18698,19005,31926,38004
687473346,8371,8482,17122,29778,34645
4200147337,8370,8481,17121,32690,34644,41488
3100307350,894,5119,6620,7448,9297,11584,16778,16946,32469,32671,41952,47994
2716568182,2628,15446,19904
1307133908,8369,14404,15935,43513
753694019,133,27495,45740
3746149856,35261
1165294604,20541,21933
3036087313,1187,19651,36940,37568
3386331563,8348,26672,32305,33426,39524,44348
3095405670,16739,20584
2981350775,1812,3346,4688,8090,12834,13476,13720,16153,16897,17092,22885,33975,35426,36043,36780,38563,41393,41486,44330
940064949,12482
3918256164,36926,37818,37907
3614115902,25980,36065
1840568714,22941,29527
3412079318,8340
1357604622,8339,32231
687222618,21816,34298
2684224819,27205,35867
2686962508,11712,20151,20283,24476,29034,35544,42245
2979689583,3347,4689,5369,7359,8906,12826,13477,14007,16817,23593,23713,23991,24382,24612,26600,26948,31379,32562,32767,33272,35019,35173,35465,35751,36553,36576,39186,39709,40075,41201,44055,48173
275965702,622,1023,5904,6673,10116,13888,17117,31973,32758,42112,44664
2121494773,8321
3977121726,713,34354,36605
2493332847,8319,16009,21911
1245299251,7516,14658
2987112105,8310,8896,24887,28694,32292,47526
1175170834,1488,6167,12011,38781
3644697193,34323
2627202301,18208
394212052,8308,9970,25235,26772,30016,38240
3813682446,512,10905,12630,15865,19974,28979,35699,38482,38868,41587
4123778032,6966
1691155568,34139,41257
255244114,4847,9787,11547,15955,25828,27423,28130,28538,29875,33897,39917
2585937545,8305,15632,17096
2241035709,8296,10926,12676,14563,15068,19983,20004,27466
3683322308,7521,14414
3117279998,1314,34415
3752278506,18337
1109702454,5984,6753,12584
2259072335,8268,23110,25754
231220272,1939,4020,5497,15487,22545,23262
3025989445,8265
536444107,8262
2601566720,2217
2560309076,1000,12083
1777895068,8259,10617,12925,16502,44326
1349947092,8248,24659
3889689977,8244
797261796,8243,12638,25175,41218
690051986,8241,15421,30998,41190
1741538404,2327,8032,8437,10934
3179221572,23983,36278
1476370417,8238,9650,12800,24530,30155,32407,43661,48263,48278
751467135,8231,32273
3069530863,5180,11046,13242,23156,25049,35368,44962,46256
621735369,11967,37540
3244082939,5064,47850
3393692377,6672,10684
357517640,11785
2685878600,2830,6862,7971,10036,16403,29670,35652,44430,45960,46854,47641
798479815,8224
1717199297,653,46245
3493369619,11070,11247,12282
4039962800,27709
2930581811,8219,33964
3860720227,35859
724215490,16774
3474744637,8210,14395
2445588336,26356
3277331672,58,61,26779,28870,29139,30572,30800,31086,34343,34346,35520,37104,37710,48109
870787364,8206,10713,29475,35289
3576068047,8205,12745,35288
2404564654,4986
2617321395,27593,31469,46298
2596319593,14175,33721,40331
2029036104,31460
1676584619,3685,6810,11656,14714,17673,22234,29991,31138,33044,33659,34331,38956,39951,42128,42639,44051,44076
362159721,3785,13796,13885,15793,17695,43636
144944021,8199
733894566,6424
3871684603,8193,10798,29079,32517
3657166837,31642,36075,42981
1816527266,25644
285147413,44369
1268154021,8191
3824942427,42375
2529448552,23890,31879,45694
3456340666,12613,23981,36730,43501,47793
2521391698,8189,40241,43745
1452497030,8187,11554,14141,14577,32748,38887,41531,42014
339978205,8177,17867
796014894,2166,10860
2696064005,24400,34973,35763,41090,45441
3364577420,21046
390303249,6848,11229,15085,25051,28705,34462,39130,44964
147456028,22679
2538107932,27855,41444
28231600,699,5932,14056,25196,35147
1338312184,8170,23001,34065,40557,43916
2704877711,3286
3458076364,11259
2295895251,8167,11512,12961,15428,16853,18863,22644,22837,23042,27225,29975,33160,33345,34885,36751,37694,43321,45439,48399
65988202,15286,37211
3827932147,38163
3048115556,13676,15344
3888020547,8165,21758,24969,31417,47389
1435009222,2822,6122,25663,28621,44768
1697775954,11614,31344,32154,35786,43734,44912
2408118040,2868,4783,6894,12473,16059,16440,19162,25613,34515,39376,41288
250333155,1454,23287,36529,37643
2981446549,38381
2067978709,8150,19056,31517,48182
2008801494,8138,15508,15879,23376,30054,45230
1313882952,8120,24365
2313887207,8119
161695533,8103,15316,18190,48304
3393463529,8102,48303
1253282088,17375
3217631245,3498
2557810176,15181,46701
3801609377,2132,3942,4650,7501,8814,11660,14933,18689,25784,31299,34532,40485,42390,42815,42919,43932,46409
2265507250,8100,10040,10128,25995,39786,41187
2220863268,8099,41186
1449347124,1978,2789,12292,12549,15175,20037
4090508741,8624,9058,14848,30227,33548,34279,43121,43773
25938689,8097
1639244072,26070
2172386512,14846,22858,23908,25919,29124,33296,35201,35726,36939,37316,37567,43771,44655,47971
2331031091,8091,12835,16154,41487
142485821,8084
359596714,18867
3569556346,8077,20928,35421,39465,40524,44214
2123847032,19865
1299251334,5422,23668,38380,38395,38910,40138,41056,47472
3485273485,12182,25180
2887467602,8062
1689135972,9008,29495,29653
3706408700,8061
875677819,2831,47642
3380282166,8060,9520,34200,39381,40741,47697
4040478439,17587,42835
239486455,8052,8362,14770,18433,43507,43898,45292
1138970026,25634,47196
3237672131,4620
2472357766,40766
958989467,8047,14691,26999
3839353514,1207,25749,27953,28628,35477
2544028174,8037,10951,11231,12200,14134,14732,16068,16319,29903,30224,30282,30526,32836,34294,35405,37604,39552,44406,47926
76229103,8036,13673,39551
3002084758,10552,27964,39340,40199,43360
1539224647,2011,10066,12334,15643,16127,20270,20396,20816,22090,29716,39652,43708,46678,47745
1467170729,10620,46875
3633164903,7458,8829,14897,15860,16148,48003
3059084312,8017,12188,13599,18203,21343,35480,42878
1069853846,7470,8733,37654,41075,41944
816872076,1103,9982,10430,17511,18303,31196,32383,32939,36783,38262,42652,46907
152447664,3692,16757,48383
1408903133,8016,13598,35479,42877
98856360,24137
963092080,14720
2972033122,12632
1038860515,8015,9496,9595,12794,13597,16200,17471,23434,27292,30133,31942,34138,35478,39495,39614,40148,41256,44125,44949
4190421457,8006
1826959673,29817
1493462882,1430,3212,4108,5391,9049,18488,19264,24345,29820,30780,32786,33505,40338,42773,47029,47355,47888
2041940775,7996,20534,31643
184740346,345,2563,2623,3191,5735,5994,8532,10517,11872,14030,14553,17656,18059,19130,20707,21165,22316,24899,31064,31337,34319,34954,37959,39065,41322,47916
2611888013,11123,13044,23602,36656,44617
1929136653,7987,11629,16370,19960,27931,28342,29967
3820692174,40178
1569966051,7980
109698653,7977
3429694113,10936
580300923,7954,16915,31435
2694115657,41579
3557178177,650,6720,14514,16208,25930,29188,29285,33554
2684008876,7951
2492263745,28991,42488
3508640426,483,12328,27245
2094178127,26220
2731059632,7947,26424
3157178746,5954,9486
3261101143,7945,8058,8196,26422,32214,40143
1170414297,41292
2803238061,23182
2642267089,7940
1091274396,547,10519
643398758,7938,16013
1663659876,46568
3201459325,7935
2236811252,3694,38580
3903999588,7934
3044498640,7920,24116,28693,29122
2548722279,9781,13832
2394422014,7315
2236942322,7913,9790,22166,25411,37675
1363287803,17976,37548
487471530,14979,15813,18798,20114,20762,24166,25959,26526,29160,42749,44499,48352
2152423444,7911,25101,29754,31148,36346
1395901458,22871,23465
2656568427,7907,26055,41228,44297
3635640647,7890,11266,39216,40333,44887,45375,45679,47024
895339151,48049
240944369,31120
315523669,8755,10293,20060,37420,42755
502451301,22501,45076
3372082746,4179
1260900378,7886
739773306,5704
4270460236,7884,13665,24597,44761,46543
1326142281,32356
516570370,11832
3419709942,7883
4216700430,7881
2325621591,45299
1337754470,5766,13603,21858,24862
412945433,30315
3266195756,25602
2586027849,7874,22310,35701,39337
1803266838,7870,26323,27028
3589039419,15679,26966,44529
1065147221,12132,33277,38098
298607154,9306,15329,25746,30705,32873,36419,39705
3638788552,47660
2909402998,6537
867421764,3488
3406403384,7865
4200736641,7854,14856,16116,29005,31986
1900335394,16128,18945,29717,34680,36255,45312,46679,48394
1504308758,9925,13207,42465
3327049471,42979
2939314262,9332,15516,19315,35563,46264
3087829937,18306
3953793920,40059
2347252930,6741,21374
811232091,15527
1643219634,7830
470043481,7823,20252
1034264741,26829
3340179546,7801,35160
3684720784,1280,29247
701950780,12792,18567
2889797054,9197,15368
1789186605,7800
570026964,25524,29580
1974834158,7796
3245603560,3931,4552,4672,5030,5161,6708,6845,9542,10206,10418,11918,15688,18136,19112,25213,27366,27379,30764,30918,31846,32018,40537,42032,47854
2601135540,22236,39537
2149905269,7780,16750,19559,22171,43073
1577716520,38498
2851556681,5042,37214
1023192728,6754
3214435430,7778,11600,17790,22219
981595645,7773
1730546329,14488,22541,24735,27151,27579,28904,30200
3428437276,7769,15007,22153,27094,43885
2160443060,22135
3913450877,4347,16293,33706,38285
3918463547,7758,16956
491442508,19806,20012
3810504245,3764,21819,22043,24051,26676,26801,26981,30299,33511,35059,35531,46610
1588194839,7753,34700,37013,37191,45417
3958561085,22792
1629468955,7744,8288,38055,38265
1563104048,7734,8638
287481368,31389
3432387581,31633,41458
3038325990,6723,6879,17293,21496,22158,23343,23462,25933,36677,44671,46008
3083665061,7730,41706
157356893,19144
283169874,28835
835828204,7728,22146,30291,46749,47059
1231029229,3926
2113461552,3401,8762,8986,13036,16435,20245,20413,21789,39905
3112669870,7727,13360,16202,24566,26878,27077,27459,34271,34277,36268,36983,40923,46945,48052
2510304661,30214
409983078,24129
3150516971,4886,37055,44631
1367377342,22881
3952398408,10025,13987
871558278,28089
1349295452,2699
2541869893,1999
4224520388,7717,9540,18697,41966
2274145531,4374,7513,9728,10570,14844,18210,23861,25345,26617,31204,38308,43366,47052,48239,48328
3060716305,1234,23391,34977,41301,45584
3588197692,7695,21493,22701,34408,34853
1457079585,7693
820265978,25451
2542366904,28356
1378878390,3613,28184
2982410491,13535,28626,34651
3439751623,7686,9563,12500
3484288098,45154
601772436,9928,32706
3440370567,14487
1441902497,7684,8011,11152,12022,13593,16412,20034,26702,28332,31221,37014,37224,39313
1371698999,2046,4873,46510
1546564064,7682,39944
2927431433,23667,27493
2516683426,15257,38036
3849801272,15196
2257153993,37198
2940474680,18749,23725,25265,26361,37186,38332
3262142916,7677,41313
795524156,42694
2668210379,4419,11694,32181,37019,42580,45778
1044310414,37551
2515220587,11900,44724
152001249,11339,11447,19786,24805,35688,38456,40991
4291323919,25591,38588
521580603,6061,11010,20293,23141,26700
1175589630,4353,5138,21394,29182,29304
375503233,7675,17175,21312,41311
1730941930,4275
3362016938,7665,31492
3161712264,44417
2681961629,25635,47197
4235542298,7649,8252,16300
944218144,346,14506,22413,34320,41242
1391157382,7639
197812326,7637,23401,32878
2270423695,3172
3746296608,7636
3540122854,32267
739364183,6555,6676,8817,9441,19412,23094,23455,37255
2336208050,7634,20275,22415,35511,39221
307483027,16169
2723088700,7626,31968
4233210574,47809
1898698465,6267,12784,29349,38491
1708872508,7624,13672
2790774920,7622,29607,46045
1236488882,2256,10632,12891,17800,21470,43127
30569010,7615,10980,19658,27815,30866,33839,35221,41921,46828,47202
695927414,26082,34197,36538,38876
591111199,14155
3003156591,7145,30431,34118,34465,39720,47262
88070485,7606,31231,45766
3329205676,3880
1519387599,7595,17301,27090,29961
2994882643,35215
3787077298,2766,23010
758409231,7572,11591,13855,17307,18505,43752
257858748,24438,47762
2161503725,7566,13508
2545955927,31569
3977098918,7540,28759
4040672228,5447
3734691362,18304
124900606,4273,20228,34787
4111656999,4624,43537
1343043681,7532,14917
3189453182,7531,14916
3633036065,7515,22581,22892,44855
2920348139,7495,48097
443387559,24725
2744074559,7490
3901215284,40453
3297251539,7357,23184,24417,45688,47074
2322114333,1142,23624
3257195789,3475
3350255057,9387,11434,11462
826141459,43894
3677771004,8347,24809
362684713,38897
2305012572,7792,39851
2635320493,25534
295945963,7482
813655734,42288,45080
1076406323,3446
623632821,6613,32357
3629975838,7174,13604,21859,23351,26351,26378,28815,29251,29256,32442,33324,33616,38135
1970794921,10858,11904,37008,41827,43459,45809,47758
4206901750,7480,10266
2409343061,7479
3845550812,14526,17657,19131,46337,47917
2488479660,7475
1687482202,44578
1054972587,4774
542201324,5509,23144,25186,36886,42206
3338050149,7469,8732,41943
2487101081,14449
4095945995,11981,15250,18407
1083705432,24698,30390,37637
2923933707,7467,8730,41941,42339
1476977709,31388
4036511276,21954
1807479751,7455
3925120951,294,8230,9643,16622,18422,20805,25299,28808,32666,32922,34528
132200651,2121,8924,12705,15154,33822,47445
3926218450,48428
4245083533,7446
4001853837,18792
3257408077,7444
1194395649,3716,7425,17562,27242,31918,34962,38645,42663
348177764,7433,20763,24167
147672921,13664,44760
2948238797,9040
1931866519,31763
1780188266,7424,17736,21645,22673,36795,38644,41236
1085103200,7418,19374,21109,29422,35216,44124,46039
329378724,25704,26850,40293,46111,46453
232248603,4713,29418
1724237696,7403,18887,20055,27408,45418,46133
4168752938,44396
652879000,7402,7683,12021,13819,17652,20033,20138,20294,21316,26701,27407,28331,37223,38393,46132
3484957074,720,3727,10672,11902
3151221662,7038,8403,45844
2597277482,7397,45708
718272191,7395,8984,13034,13161,13863,19397,20201,21787,26440,47101
4079998768,7375,47009
2490435220,7370,18267,18820,22099,22114,23032,26310,29511,33567,41902,43260
3755938632,7350
2464388460,16523
2658554317,44658
3179709322,9615
1309237938,7931
1528630153,34233
686707007,7349
3174960038,213,2002,17569,31463,45905
3679980114,7348
371855029,10344,11038,15638,15911,32536,33048,40598
786906470,8153,11720,48185
3752787632,7334,7570,8773,41003,43428,43475,44281
879557845,23891,31880,45695
4289600265,41533
2005544910,7331,20811
4242424549,22343,44890
1753633894,8149,17682,18264,18597,22111,29320,30466,30747,31516,31786,34717,35098,36234,48181
4142505327,6410,6932
2808273956,7311,11401,43216,43741
984881080,23403
3313041090,7307,7745,7959,8289,11814,18437,18676,19124,19716,38056,40260,46192
3667178570,615,4022,4079,4325,10158,12528,13112,13281,15489,16862,19698,22468,25376,30959,35935,44677,46384
225336460,23557,31691
902728119,7295
4171951671,7291
2519243517,43411
3210413609,7290,32886
730063677,1645,10551,10836,17440,19055,22046,22312,27963,39295,39339,40198,43359
494715909,7270,18484,19895,21481
4196739953,31424
2021164055,20427
3816625331,11576
1325805585,42795
1559778851,14767,22951,23734,31362,36613,36980,38687,39005,41295,41440,43812,44897
1139421486,7266,46912
3872712391,1462,12175,20583
2794732902,3478,6423,9912,22570,29985,35952
2382206505,5844,15327,24020,24383,41202,48174
1971386066,7252,7419,21110,29423,35217,46040
4130783208,12716
622630445,16749,18489,19265,21841,26863,27754,29821,34001
668682744,7251,39494
2989158266,9435,16296
95558577,7932
3903039661,12168
2261830874,24825,31794
2383709647,45636
4007583895,14761,25716,34253
2398265469,8245
2705855232,15788
1138044044,438,1528,9612,17389
1710045255,26837
627615543,17016,23195,44435
2633798713,4630,6395,10084
2654655200,5927,23791,32475
1682758336,1200,20226
484100409,7227,45987
2193925351,3398,5915
1315294271,7226
952139274,2632,20022,29795,41332
708239246,9260,27852,28022,32103,42408,46955
1830992032,7224,29082,48156
1556434839,7219
1761600562,4375,9729,10571,13169,13406,14468,14845,15742,17731,23862,24688,35380,35506,36683,37566,43770,46649
382820693,7218,7643,8211,9026,10185,10410,10879,14960,15104,15134,16769,20074,28247,34143,36586,39977,40906,43564,46427
22987346,7215,23472,28744,31309,32464,44512,45914,47035,47541
1089203342,35536
3200424269,7214,45090,45617
3707599798,28255
1268541183,962,7112
2641957568,7185,9000,37308
1103856817,7184,9849,22983,24773,26290,26476,27196,33849
2413767750,10509
1678717354,7175,26316,28816,35690
1314109912,937,11956,14348,35514
796069747,5155,8934,11741,16903,20163
772825784,18255,19028,42739,44313
3329698780,1178,4151,8034,8439,9268,20203,30368,40521,44211
4264317528,7156
4247664522,11437,24323
2846692018,23256
396486069,1015,23753,25790
3826716268,7133,28940,32501,37850,43328,47777
1503265261,4875,9719,10546,17781,17840,19074,19690,21706,36917,39215,39323,40168,44886,46512,47023
2648931894,11450,24581
370356571,7123,7742,34959,38263,45612,46908
588460242,3596,17996,41136,43698,47723
3624074174,7092
3916666326,14745,18119
1899837831,7088
1847396457,8553,11406
3862113627,7085,7102
3316195113,2535,16130,35203
2012990884,11686
2219873019,2634
2545413803,9003,29366,37043,37311
913227132,1419,9025,18977,20073,28416,34142,39976,44202,46218
2468102669,26364,36934
188561281,9947
2822388512,38044
1652302804,23075,33922,38597,43617
3174626873,6099,15906
3590882235,8068,24607,25629,31799
1465942179,7080,13391,14986,17734,29316,38504
505165486,7070,11184,15751,17610,18333,20157,46287
631306326,7249,22491,27552
1112298163,2076,3780,12372,23038,24882,25216,25867,26603,27102,28703,31868,32012,32090,38972,40444,47319,48332
1910162715,10845,24357
1094805230,1263,2962,7256,9303,9890,18666,18900,22519,22627,25598,28523,28590,29062,29565,29946,30599,32112,32226,36009,40509,40858,41788,42520,44545,46934
2034677996,8957,16813,35108
1981263787,7064,11324,12538,14166,20039
1781564040,16467,37559
1866979429,27303,37865
596585346,7059,7687,9564,46275
238805369,138,22833,26785,30547,34262,40616,46767
4048447422,7052,15044,18034
3580333326,27623
1294388717,7042
2506040491,3069,29879
2048663646,1813,5773,7260,9768,10296,11283,13721,18140,19712,21135,26606,28410,29681,31225,31277,32783,34981,36354,36781,40541
3339644672,7041,7351,26560,47819
2289802097,5576,12013,14869,15495,18527,27393,27956,31058,42035,43737,45016
3582801423,6090
2917682652,23936,26196,38015
1979907297,1230,25119
3259790953,8667,17708
3332129495,7032
197859911,7028,33492
3801843612,28714,29230
1780255959,7027
2938476718,2981,46607
3994864788,7026,40902
1376948157,22774
3233364565,106,341,1745,2584,4258,5833,6510,7961,11369,12015,15240,19126,19718,20027,20327,20723,31060,36946,40262,42295,43892,46624
675011688,13570,20953,26429,35546
1115415313,19908,35050,47167
3157351234,16265,33735,46467,48377
1131160238,11110,21643,36793,39601,44728
3634133118,25478
1515033302,7025,21031,21901,29608,40651,40901
3288769396,31422
4103585331,31170
14427160,783,12310,15128,22957,31815,34925,35005,41351,42713,46273,47376,47625
3775075504,25535,32168,41198
1428361911,19368
2273395249,7024,21900
1169105178,17196
1314035606,7023,21899
1920020724,499,41385
1624106105,9447
3206708848,10426,13168,14467,16446,16806,24687,35379,35505,36682,37565,46648
1007488608,316,15096
2805492663,7013,42441
3591283894,10172,14795,19455,31761,35068
418228340,859,2779,3807,13299,13496,15146,16362,16730,22428,38535,40855,41062
770911278,30149
3664614512,13433,18383,25056,29531,42229,45824
1069820646,4903,8151,8507,19057,23917,31430,32676,39535,41423,48022,48183
2495418245,7012,8877,9778,10353,12125,13829,17415,20845,30541,38119,38566,42440,46069
696910776,27026,42868,45391
2666138617,29652
4237250778,6094,34073
3348118797,7011,9777,12124,13828,16145,17414,38565,42439,46068
2420453682,7008,12234,45101
1449216174,25475,26749,33884
3937695962,17857
1505432801,7674,17174,41310
2842575224,7147,7245,17546,26133,34458
2808196331,1453,32515,36129,38087,42529
157133669,7001,18378,20711,44194
3372364581,12601
2310504502,4349,5809,6146,8540,20872,32858,46507
3836731301,11137
1924474028,7000,8889,20710,40003
392134365,1123,5270,5605,5951,7100,16063,16969,17646,19734,20866,37788
1807598045,6991,28992,42489,44033
3281038910,36453
3992139677,6989,44031
3661212858,42586
3955646791,6988,37652,44030
4040450298,7228,31453,38245,41249,45988
1228461547,42670,46801
466003931,29686
1190961442,12595,17847,32160
266468885,20797,21632,26582
409173848,49,33365
4263534940,9039
2306702693,6981
1455189158,2291,30071,33034
3797969620,9463
3978528677,7806,22536,27826,37596
1802074366,6600,18947
1436147173,3627,7842,13286,16874,25671,42041
2373272256,7784,19518
972599345,5066,42630,47852
746238311,29547
578249601,6979
1970784451,32149
133255306,6973,15833
4111276141,27654,47973
63275203,16579,20674
937600528,6968
891473068,4921
3454455005,6964
2235878877,6958,42537
639589911,621,47632
3119351636,6947,15765
1358495267,46368
2213405498,44,11113,37879
1211059706,6940
3583087278,6938
638347742,6937,18655,19990
1859021592,33900
3894599293,19593
3885422251,15369
537061515,6930
1334002873,1403,2825,23442,47116
1327352614,4780,30529,36686,47929
17482936,3149,18338
1813998158,6927,24785
2274052037,6924,13774,24203,28861,31601,31915,41927,43582,45369,45742,46920
838323922,27258,29067
85211354,1347
274591342,6923,21959,28691,31600,38795,46919
2437451764,7229,45989
3158759996,20401
1840220411,43880,47719
239928652,3245,7167,11217,13607,23832,25881,29319,31785,33413,35523,41930,43861
4158042187,6920,18474,19207,24520,43235
2672407373,39936
94278123,5158,14754,16906,18951,24268,29396,34621,35243,35706,36394,42602,44701,45951,46355
2406390725,6915,21929,36560
1296040463,29435
2768682078,19418
3799033683,24627,30678
2852975765,9482
2816845982,2028,2965,41482,47768
3405821854,9117,38546
2109998938,30414
1396908280,8010,38900,42799
1496738004,8844,24994,25059,28236,39814
1951644233,4538,4565,7262,7577,17065,21137,21319,22305,22372,34603,41526,45108,45733,45910
158419379,6897
3166910906,29610
3213278657,1595,11621,12386,28895,43341,44074
2678802246,8693,43945,44049
122073157,3287,24459,30476,31766,33398,34134
214987494,6896,10727,12475,12697,15410,15763,18727,31682,40195,40544,41799
3892227070,2236,46966
1621930310,6252,40458
3955681963,6863,7972,10037,13021,38553,44360,45961
3699444380,1166,9243,45535
2617941662,32077
4219528286,30750,34196
1807071598,6855,9012,25769,28082,41684,44161,47099
2056286847,29759
4740497,31084,34341,37173
1601791914,13943,22513,31551
1620075244,38681
1886786251,2286,12951,37662,41986
866309974,31783
965881592,3237,4987,10247,12596,17848,33728,41946,44510
3010563111,7225,29083,42027,48157
2123435475,27035
1199497570,6840,46248
1563870618,6839,46247
3831061372,45134
1824029541,6532,11627,12586
1178944313,10521
1692612264,21376
1451899470,6328,10805,32945
3469423837,9638,11183,21466
3010674083,43383,46417
3312283059,5339,29425,46042,48176
3147199127,9483
353764949,12105
4121665487,6804,37162
3663857074,1977,2788,3753,7851,9587,12291,12548,14369,15174,18580,22177,24292,36133,40566
1319932543,6803,37161
2643135408,6800,36707
3671146238,44670
1523108096,4712,29417
247673481,35457
4148828894,8286,18343,24317,30194,30684,34945,40162
444825648,11077,16289,33742,37760
4201017720,38785
145215367,6799,36706
603211978,1140,17455,32196,36103,41252,43939,47152
80591104,1777,6274,36228
1433973946,23027,34336
3002016587,6794,6883,7135,7452,7537,14197,14865,16980
1914066093,32132
3868249066,350,10005,26093,30913
2713522693,7950,8324,9676,9748,22193,26427
1261000881,12648,15589,16966,20609,43684
3008702484,6792
2798587838,18452,26107,29498,34456,38168
2897295338,46429
3115915555,6788
3417862362,5701,16692
2239949177,6773
1983879717,1184,9820,11428,21526,23194,27965,39509,40958,45600
1333573938,35926
3161971846,39501,42830
2959604773,17838,26512,38083,39528,42934
2896933545,10840
3929845300,4483,11388,19610,40125
3889469610,14137,18168,27898,31133,43092
3696428613,4801
1384497545,30348,32037
1546124020,3468,9314,21649,40041
2998924316,6756
2402556077,8766,8798,19549,35196,44017
3775560990,12098,20694,28683,38450,44284
1443835979,446,4194,30825,34692,36961,46590
3240556849,6749
1480027899,4456
3826575564,10844
4010915345,29177
4049255844,6742
1111390218,7420
3731538318,349,1829,2390,5859,10004,10257,24633,26092,27431,30587,30912
3839215397,37471
3619276686,1390,6381,12451,25295,25922,31742,33187,33290,48060
1691864687,18568
4100144150,7866,33953
1134967581,2442
2660139983,22162,29777
2241106477,573,3614,28185
609212479,383,3163,17776
3206302512,1768,2231,10990,31300,33489,38600,40685,42199,42920,43727,47455
1060442750,6728,7629,29972
2556502691,24791
2039333821,18183
2178763165,14741,14932
913570734,21032,21902,40652
2613567302,1340
374793203,6725
1446327361,30664
289036644,8947,11886,13103,14861,19899,25447,45010,45361,45684
2457575290,6722,21495,23342,23461,25932,46007
3793056259,6721,25931,29286,46006
1361552660,8783,40952
1922877619,2969,6516,9142,18401,19434,20749,29857,30655
3098220204,9454
2048027280,9624,21935,26861,36304,44182
2951515507,7014,42442
2844378485,1587
3737751956,6710,8312,10013,10046,15423,19114,28517,30766,31911,35165,40922,41192,44606,46460
910097939,7431,19236,21060,32370
340122198,42435
2631866936,22055
3040168187,449,8916,42719,44550
4271496783,658,2043,25853,28641,37783
729571524,6695,7246,46329
2888816972,46200,47069
252052962,8891,40005
2740713637,5568,9583,15170
3299243648,6692,13649
816711758,47040
2628011502,6691
3921035936,6690
3191820419,6688,9773,21321,31317,33441
1669060901,6687,21320,39116
229907799,6675,8816,11882,19411,29792,43934
2714251545,911,9590,15957,19868,21892,22703,39919
3982356815,10637,13701,14281,17934,18162,19030,21121,22251,23801,33416,44315,47146
3342061876,23814,34339
3381173555,14540
3314073507,27166,27866,33458,33832,35554,39901,41583,46747
2132535776,6662,13016,40275
676859817,12805,24780,31056,38451
1607184739,33193
435466700,13340,25854,26857,34071,35007,37784,47378
3377128865,36718
4137580555,12099,25045,25656
2493579031,6657
2462048576,6495,7173,16765,38134
1760043422,6645,18634
1059230389,4834,8342,8838,10592,22968,36932
3940140368,183,2010,21640
2059168083,6636,9967,15779,22869,22912,30029,31296,36166,37146,39277,43025,43098,43210
1749334335,1102,2382,2972,5583,9769,10429,17510,18302,20071,22022,31195,32382,32938,34822,36782,38261,46906
2321974774,6632,16455
1202443748,14034,16392,23246,23777,26088,35755,37963,38236,41082,46493
1182348208,1716,14384,43381
4140626152,23934
3390666998,6626,11860,12761,13738,14372,14462,28851,38607,44629
1416981078,6617
513939824,46566
551460927,5301,27484
889456268,6615
1852392474,34665,41883
739511707,30104,30640
2867542023,6612,36674
2424654734,43283
1350687097,11671
414768316,6611,30733,36673
2181714719,3932,9543,11919,16323,27367
381216115,6610,23716
1890029527,6598,16619,17870,30012,34041,37082,44040
38428242,6594,24157,40109
2807501372,30679
816044699,6590,40786
1374553440,34848,45581
2728383717,9539,47599
8828706,26581
132964665,6580,16697,20704,24756,27885,28125,30645,33694,37726,40657,41562,44722,46824,47245
1304328421,9610,10818,16759,20278,20779,39224
3706913429,12063,12412,25358,28753,28864,33605,35331,42492,45277
3894525694,22713,37872
2784514908,16102,33928
93765064,494,1558,10907,11420,12109,12193,12457,14599,17594,20336,20588,28689,28981,34541,36384,38735
3972980406,6579,44835,46823
2646168127,52
3219682944,6232,13688,14800,30004
129348205,26365,36935,46671
708800004,3449,3700,4533,5508,9702,12649,14145,14975,15389,15590,20433,23143,28924,38475,39946,41114,43685
2774791224,4835,10593,17314,39609,43650
948199982,6577
25077893,6575,21835
2119528480,7716,18696,37479,41965
485415350,12810,33250,47387
1762884672,3751,5940,7376,12546,16339,17467,28206,33784,36201,47901
3707787779,6571,6730,7094,16428,40664,40934,45812,46259
2634282348,2654
1904922511,6358,10262,10319,16333,16384,19800,36774
3817264348,7289
877629012,6550,25715
2162661991,6497,7779,8066,9605,17791,19558,22170,22454,24133,24864,31352,34562,38403,43072,45594
2587969737,6549,25714
1392738226,28555,36501
3050224593,17039,30605,39877
3423719508,6546,23310
1809300085,6540,15967
139226775,8281,18812,20662,21225,27156,30263,30478,32432,33600,38137,43763,44185,44596,45354
869332405,35319
1452614398,6539,15966,20798
873926366,6538,15965
1966391241,20016
3545751557,11436
3679865712,217,29809,31861,46560
891354604,3402,10880,20246,20414,21790
4109760003,6536
1160394214,12469,27283,45078
2967009239,16520,47190
3863992482,3665
3275330352,6535
2591712427,11959,12118,18906,19185,21678,34176
2218889904,6533
681500665,17955,28081
1160267797,6528,14412
1397076896,27942
1978238735,6526,39873
1104017974,6525
3840605173,11683,34068,38698,46078
29276874,6450,11391,13317,17351,25491,28466
3040043215,6502,8757,20062,37422
4002990482,6500,11306,16514,24136,24867,29624,35581,37931
1857099443,8835,10589,21009,24602
32431477,681,1608,1734,2029,2966,3472,3689,3760,4171,5199,5304,6784,7428,8580,8778,8786,9207,10260,10579,11476,12423,13763,14589,15305,16388,16708,17297,17815,23055,25898,33302,39280,40840,41483,42666,43315,46294
4136107521,6270,7442,8133,9056,22604,33184,47449,48122
1285427798,6479
3530398045,1003,12086
2584795921,2261,7414,12224,16596
263219463,26363
2916310017,6476
2321286313,28429
2792241734,6475
1297623573,17247
4236588050,3652,4464,9253,11913,17125,20126,20979,26763,34028,34831,38453,38968,44815,47735
3794007848,6474,37594,40065
1592699227,6468,24174,25658
2129782951,1100,2489,2518,4073,4594,5551,5674,9200,10694,10940,12209,12353,13826,16986,17412,21076,26140,32936
3579736186,5272,10766,15807,17115,19706,47803
3775339688,6467,8378,38140,41895
3622811791,29184,46431
3996474207,6466,30337
2124165674,6455
2092527745,6759,10677,11206,28110,33602
1461201112,685,1183,3971,4465,4628,7210,9819,11427,14051,19153,20980,21525,21585,23193,31556,33072,33433,36144,39508,40581,40592,40957,44253,45599
3960942523,3859
3082590094,3467,14794,21648,29776,31760,35067,40040
3813390083,9192,12409,12573,16663,38707,39427,40180,45692
877777736,6591,40787
766180819,24325
3418063191,2013,7438,8471,9761,12507,16255,17493,17661,18030,19379,21145,30625,35308,39554,41548,43108
1126566086,2686,38637
4142762512,39039,39059
1929017435,6454
3436992764,27326
143763262,1075,8282,27157,29560,37807,38138,45013
2791919903,6449,11390,29306
3361105960,6447,15120,39926
315061900,27562,32696
3525174125,6445
676132680,6431,14518,14793,15990,37999
3768595639,6425,30025
1589076202,13181
490908868,34873
1151617333,13606,23831,25880,33412,42633
4063400218,6418,11826,35707,39048
3075866037,6409,6931,13198
3394211112,6406,13195
1372060669,6401
1936608133,2103,40039
1525653843,46237
3103211774,12747,14832
1053055450,6398,14233
2591210771,7391,8361,10053,12012,14769,18432,22663,26641,27278,29242,29724,33124,36415,36494,38008,40393,40822,40914,42401,47335
3875795737,1859,34941,39153,40296,46837,47920
1008787426,6397,14232
3904088915,5999
1613372857,6389,10089,20214,35639,39274,40113
369184792,715,3915,7752,18384,30485,33586,34082,35193,45123
2729131014,11199
3799277902,1525,36633,48038
3604703080,6366,26047,37506
549919834,5437,7405,12212,12568,14994,18252,43830,44354,46721
3857424379,147,25947,27842,33819,36762
333501020,6360,21412,22897,24095
850785113,6349,13794,38766
4267169723,27210
476977294,5530,20023,29796
3174304839,21499,27416
697248973,2350,3368,4964,13082,13123,33063,41277,44921
85191621,1565
409868746,7044,26007,27121,45751
399331378,27254,29678,47505
2906637870,4747,11786
3970833047,18171
942164980,6337,10912,34250,36289
2207214342,4098,6042,8063,19197
3627753608,6336,18802,34249,44402
3445174272,20384,27670,38414,42276
1434296716,2296,21066
3835374955,7645
3644734834,33911
1650072880,11487,25935,32628,35071
2206483985,2024,19258
1401361866,6332,15753
2658820319,6914
2928425267,6331
1456890906,30285,45837
1468489273,3669,8045
1680833686,3985,17333,40397
3514776844,6324,21252
4248794727,6323
821754157,9468,13415,15167,15215,16000,17437,19743,19746,25531,32840,33053,35384,42506,44444
1921567379,867,2655,4301,4572,6048,7033,8104,10134,15317,36285,36451,37803,38726,45061,48305
2317559441,6286,10241,17677,19061,22815,25144,26295,43433
1788234342,6321,16652
484845717,5864
2453250614,10184,10409,10878,28472,40905
511157000,1602,39810,43731
381980509,15114,33326
509562546,6318,32359,39920
399282331,37840
1412454980,11303,19507,20941,22542,24736,26136,30201,30244,35082,37130,41956,43625,46142,47178,47827
1548336696,19919
151132086,1416,17272,23661,27159,29168,33715,35080,42344,46982
3768313317,6304
1188251417,3632,10780,11716
54295492,12690,19199
2410900197,2081,6678,6717,7750,8081,8819,14020,14241,17402,21266,22283,26259,26818,28195,28208,28984,32125,33136,33584,36431,39349,41538,41573
2453299607,28887
2090408398,10333,16887,31245,45113
4229023017,4126
2971498483,2637,6172,6642,12379,15886,22326,42607,47713
2911089250,9423
799314013,44708
3480028376,6301
2927452582,28337
1742380276,6300,7176,7813,28817
3510827257,36245,48283
1890527672,6298,38895,44642
690041305,647,13432,17764,18382,42228
2465182947,11931,18477,40209,43374,45814,46872
220907764,2342,5564,9213,9287,16137,19394,22846,25918,28250,28997,31130,31993,33295,35200,38211,47970
2389650600,44205
3790892779,8122,15648,19322,24307
147726536,6285,17676,19060,43432
1303568020,5269,5604,5950,7099,16062,16968,17645,19733,20865
1705987636,6280,13902,14810,15021,16644,33448
1401955300,26067,29532,35023,36710,37967,44087
2992989611,6279,10539,14809,33108
3986448612,31999
1200033889,6277,16313
2726653827,48277
2205087350,6272,9333,46681
2199535774,935,7663,10391,13426,14346,37514,40843
3713075322,7121,9023,12286
1408703537,1242,5258,21329,29491,40119
2184751423,633,2511,24230,33955
1982358633,9910
1299230124,36066
1392994306,6262,8494,15076,28123,29997
1038860611,6260,12727,13049,21182,23816,25002,26102,29802,31745,32973,33411,35234,37153,37831,40661,41868,42632,44643,45923,48192
65397367,6259
3327920830,10633,15773
2275788612,6256,19296
3582408048,6255
3608995829,3285
3370367786,10893,42484
2486979195,24666
2540496272,6248,23657,29174
3317325892,2055,26937
2237673892,6247,23656,24488,26065,35191,45121
3438566182,2827,15453,19267,27354,31575,45596
3506057105,126,1744,7960,8290,11368,11815,12014,18528,18677,19125,19672,19717,22439,27957,31059,37612,38057,40261,45017,45737,46623,48187
4077411694,6226,26262,36521
1608956647,8254,40759
173015575,6213,9309
3739778649,10928,19532
890823672,22743,23755,23901,40497
4131938976,18796
2974680562,4213,8769,47371
3219234593,3528,16575,17898,24087,40298,44971
3434920786,6210,10625,23701,23709,25076,26061,26472,26827,27301,32999,34913,36404,37855
2005370215,6205
1062104421,6202,6400,19257
2449914660,3798,5973,6622,6655,7194,9109,10531,12439,12993,13144,13981,15557,15610,19667,20840,24509,30446,32519,47759
1804495111,6919
1043552328,5366,29017,30172,32054
1840316422,11670,44580
3077257763,23542,23730
2653302644,1071,18443,28413,34704,37988,45609
1839436745,6200,30316
609862847,9591,15958,17257,19827,19869,21893,22704,24993,35589,42108
1692043335,6192,8631,10328,13108,39408,44426,46222
391884310,7179,35315
1396000599,23392,33475,37217,38843,40984,41302,44242
4171618802,6191,10327,12350,16347,26263,36522,43646
1558451482,6186,8839,12513,29853,34478
2623580861,2645,7316,16744,40980,41282
2693567674,8022,20381,40681
1666687864,6185,34477,45115
3998697417,8095
583891289,6179,28917
2173150788,6178,23473,28916,34729,42808,47250
183825566,13062,39361
1495795541,6165,12009,12766,27940,30817,43451
3059679309,11453,24584
3006429956,6161,8298,11861,12762,13332,14463,18322,20441,20642,27012,32426,38608,45796
3133812296,6154,42785
3553574651,9417,15391,17506,21710,30953
3926878821,706,13328,15573,18899,20938,21984,22626,28589,30511,32920,35641,39598,43690,44736
3499143834,6153,22508,42784
3068077266,6151,40721
1041520264,11678
2634011737,6150,29612
2212786010,11748
4110377224,6651,14138,14744,18169,27899,32745,38571
152572654,1685,1917,5861,8705,13947,15658,20834,41795,42953
1784042503,6144,9066,19889,21173,26080,26508,36798,44934,47629
492315641,6142,22261,38925
1089877421,6139
2485846001,116,4625,41413
3422484858,6138
849458467,6129,15452,27663
799171446,6124,32929,44770
142759046,6033,29104,40645
59615985,6120,12036,44766
786117342,12248,15970,23607,35037
1353733742,6114,6127,23766,30861
3273806709,6111,19629,27722,30858,36512,37529,37860,37923
2455199220,8736,23742,33908,44362,45071
3882991216,11272,29291
1921006472,10623,23699,23707,27299,37853
3048112313,37671
975656434,25836,26610,29371,32191,36030,42496,43525,46030,47954
756678953,375,9838,12034,14278,15052,18263,18596,19892,21209,22272,28791,34716,35097,41506
4154383276,8743,18041,26013
1241493782,6104
442149693,18834,27055
3120213626,12996
1789632507,4606,8808,48480
1586760755,6103
116415746,30389,37636
1421432248,27,1049,7385
1587394068,1413,26016
1822010259,31466
1974002929,2130,3940,10038,19040,19878,25199,29786,41851,45597,45962
3312315609,22199,24300
464193633,6091
2532155341,1389,5000,9579,12555,17491,22390,25527,25921,29195,33186,33590,34778,34878,35598,35728,41017,42502,48059
3268156680,4176,39757
3100823473,6088,26020
1091182000,38046
1869738458,1079,1262,7255,10381,13067,19969,22518,23165,23325,29564,29945,30598,32225,38760,44544,46139,46214,47824
1071747100,6084,25407,29541,29559,38709,45012,45461,48111
360681454,9904
2525867718,8878,9779,13830,17416,30542,38120,38567,46070
2729163619,6076,37723,39607
3676583886,11948
2559180236,5250,10806,33341
2148994086,6206
4091544153,3625,12301,12376,25669,47872
4240350829,40547
2660272632,6075,37722,39606
642058286,18865
1653833593,13866
2762411357,15872
2957526236,4775,5274,7652,10899,18241,18575,21248,35898,36007,43639
1323830069,40033
1238192459,1233,46425
939618089,6074,23532,24667,36280,37721,39605
994353946,12577,23347,31533
1880921804,711,2763,12769,14000,15785,23007,30962
2241799550,29394,35622,45949,46353
2529128365,10607
3287609601,6071,21943,26518,30730
1986228086,6070,8455,21942,26517,33682
2019702667,45589
1758443664,20926
2416195939,11180,25326,29898,46002
3764023449,11095,19012,21441,21761,31497,37088
1966533734,6069,9726,31202,48237
2253555202,6067,19555,30710,31041,32210
1923806158,6063,7098,16967,17893,18146,20610
4111500253,5350,22680
1707757980,27761,34266
2374931504,22747
110107922,4230,10498,11510,23950,35574,47753
1724466880,912,1335,17227,40015
818207855,16235,19086,31650,34129
3518456066,8384,13484,18890,41006,42083,45792
332274484,6050,8988,10187,11637,17277,39907,39979,40908,44141
1204677427,4210,23379
519936585,7586,8791,22548,23265,37511,43209,43403
528026706,30138
2077527390,6044,45258
1173930749,9707,10111,10250,18735,21194,26401,29214,34520
348977351,22981,24121,41040
1102857213,10174
258864968,6040,16681
2956422216,635,1290,1873,6254,9711,17147,18286,21360,43721
2472451791,8064,35090
767980465,9558
3399602929,20183,37243
143264955,6036,13896,21739
1756139883,6012,11524,20590
2123347966,8406,35274,35488
2034855769,22923,30697
751406601,12738
1722129511,1432,17758,24642,34374
3445760002,16923,18064,20046
749383986,11540,11665,18028,23428
588975731,8574
3593775728,24775,40862
3132982825,19027,42738,44312
2853468634,11262
3301605792,3946
1872949291,13970,44261
3469846406,29406
1172750128,47268
2705354743,4469,5852,8442,18613,28934,37067
2844432279,99,18675,19123,24515
289561880,1934,39845
716026891,6006,19942
3560373953,20330,29868,33238,42299
977422220,1441,5110,6954,8592,9217,10874,11995,13523,16364,17557,18772,21390,31674,41064,41755
208620025,6005,9981
1838513454,8888,9261,17929,20358,32553,40089,44489
532652131,1672,4590,6482,7200,10363,10479,11884,11965,13233,14859,15944,17073,18011,19924,20947,24939,33057,36373,36482,39198,45008,45359
2041391370,6002,27577,41126
3296506525,38368
220937861,33259
3106057357,13121,17525,17780,19073,19618,21392,21705,39214,43847,44885
4262576564,16599,23418,36593,42241
3852745806,6001,13491,32039,41125
2372099786,42148
4118284086,4182
3979201773,7772,12838,16504
3740283116,11580,21861
151141445,12521
2194908675,3622,16078,32002
3306873117,11315,20208
1325416727,6490,38449,44283,46096
2718818236,16743
1751488603,5998
358222525,18908
3022272272,5992,8530,8942,14551,31335,34317,34952,48300
1418437612,25739
3757195198,13618,19291
15172778,5987,31647
355903776,25385
3866891484,5983,6752,9308,12583
968394930,23494
3386918234,17768,43090
1487458848,2168,8408,46311
3751634962,2503,3359,12684,16466
3163198047,2903
851445483,5982,17624,21271,29048,32233,41428,42872
3324604727,22620,38202
3892321222,11752,12978,33993,40490,43296
2199216810,2586,5484,37456,44138
467922653,5981
3720937467,6767
57175538,7582,14573,15243,37507,37844,39188,39315,44057
3637341976,24084
2309948401,5980
135776671,44581
1919764961,20428
667381494,5979
2898642654,340,2720,4257,5832,6509,6736,6826,7203,8980,9349,9472,11732,12814,15239,15402,20026,20326,20722,21054,21516,27979,36787,38149,43891,46168
665506959,5972,6654,23408,24508,30445,30931,33973
404769170,5971,6653,15503,21624,23407,23483,23945,24507,30444,30930,31706,32299,33972,37382,47704
3016821616,5968,13278
3444228019,5966,8872,33609,36004,44638
287046405,22610
2073940716,25249
3306402033,8577,15302,17812
1751505515,5959,7848,8444,9491,13659,16569,17013,17058,18615,20091,25237,26276,28309,30018
924715470,17760
2828225881,5953,9485
1341502568,31313
732604546,15060
3472517115,5939,11963,12545,16338
2881450100,46785
2326091485,11534,25493,34738
3364518228,11562
423126383,5263,11579,23292,26148,35823
1720866902,2157,3325,3337,10273,15703,17626,22339,24232,24561,30276,31047,33957,46480
2405582027,2732,15118,19049,48465
1272847137,10565,19498,29210,36644,38542,48292
1415324837,45256
63433581,8269,25755,27748,45472
3763878428,153
4024468789,5936,15636
2769324739,38662,39574,47771
2329949794,3705,16797
3927127839,3106,23682,42169
4252797153,10217
81957517,32866
2661778442,7592,23714,26949,29667,33445,35020,36554,36577,38940,45265
2649331414,20755,20861,37411
4148222568,11239,37885
4019674148,5926,23790
610444874,46812
1692024743,5921,9603,22888,32947,37749,45771,47611
3084757818,4075,8389,14405,14940,15936,16725,16809,17497,20140,20739,22133,23132,24194,31977,33066,40836,42801,43514
849692529,7729
3056622601,5916,5986,7999,14624,16694,18981,21186,22243,31646,39922,44852
253042471,32964
3788645711,27088
2387108384,544,1026,13993,43203,48253
271499379,5899
119993574,24855
1127868521,5895
254178494,12952,19325,44244
3050206242,6884,7136,7538,14866,42361
49268083,41339
516057350,5880,44333
4142259526,5876
1321195718,5875,28336
655344012,26470
1860852588,5869
3042927268,27919
3206847426,11602,46498
3521333826,3930,7237,27378
1123063464,588,944,2077,6133,9571,23039,27686,29948,33355,33851,44547,46257
19161239,5865
653305882,5849,9983,42653
3533789329,14819
982174812,24669
3358527423,19594,47287
1054987057,5903,14762
1944341868,29915,47520
1573631313,12242,16721
4173398054,230,12645,17224,22475,42105
2490734744,6338
806905532,734,4760,20127
3246008680,122,6948,11472,15655,15766,32984
3008973654,5834,20328,40849,42297,43893
3213102839,5831
845690609,24298,34985,45806
4281147488,29261,35365
1091964438,5822,32635,39476,44197,46890
2483939280,5811,8250,16021,16836,45037
3643810382,27204,35866,36663
1154921975,1147,2033,2462,4422,7768,8644,9941,10090,10140,11210,11330,11588,12137,14362,14883,15006,15159,17183,18290,19778,20514,21957,22152,22955,25986,30966,32892,33501,35003,35812,36890,36988,38943,41349,43028,43884,45859,46093,46271,47351,47881
1680589519,27138
2498991441,5805,11362,14067,28504,29086
3482422185,35033,46382,47702
4097289938,5790,7056,23967,38006
620584845,15817,23122,25276,44706
1137956654,6641,12378,22325,40267,42606,44880,47712
9118563,24491
2610701717,6
147989294,42838
1741774652,5783
2686661696,5778,39670
4091946722,613,47331
1456246816,6081
288179800,23932
3250083841,24107
3412507202,5762
4062873942,14400,20000,21784
3686448131,5761
651534484,964,24327,27374,43990
53330158,5754,8270,30669,36154,36181,42075,43543
1335772794,990,5425,6956,13807,18236,20856,26466,41757,48093
1013150615,2101,27854,28024
2200813109,6766
557345317,5752,33947,35795,40285,41976
4003010204,36491,47429
808650200,29783
4043506093,21838,23935,26195,48265
1574589852,3329,20714
2664141991,30483,37946,38664
1115258515,6659
3421046036,6460
2431393370,7541,26162,28760,47857
3048363076,2870
2138140562,22880
1654455226,5741,17861,27178,36968
596025797,5740,27177,32363
338900386,13459
1498351331,566,17155,19598,24454,27310,28440,30292,32262,46750,47291
1721929266,5733
1101902131,34489
2664955674,5732,15519,36210
1706027543,3072,48072
1891575698,5731
3717410036,1190
1159134310,8894,10407,10876
1400666355,26898
1138855098,42374,46660
2300594856,326,23914,28011
3119112455,5729
3994761950,7459,15861,16149
509327572,5727,6599,11945,30013,31241,31792,39783,42916,43786,44611,44841,46725
2102787320,3993,4909,13840,30008,34037,46413
657544588,2989,6078,28781,37123
2505892594,30505
1372238897,1007
485362435,9635,23236,35735
897179791,5708,11583
3350807016,5706
2755378217,32276
137133563,1632
3559423338,5705
2956842938,46927
2871693951,24346
4167314910,2709,10705,31259,42616,47675
945780922,15533,28006
3361350534,1090,7233,45464
1642709141,5703,7943,43587
1062683162,21306,30235
4021643741,2635,38569,46072
2953128108,13648
3684236406,2479
189296106,7979
2986828674,3382,4559,14705,16737
3539224908,5702
3167902852,1535,25810,36417
57560287,14920
3947941688,46113
3114042246,12383,26305,27399,29102,37615,39139
365338225,10232,18694,25682,27260,37477
3676950548,17853,22840,23722,24076,33795,36217
1250586914,1795,4024,7929,9515,12079,15491,20461,38737,44626
3958180473,380,7904,22670,26736,33180,41225,42353,44294
1389309343,5700
2515128807,16252,24159
1930381572,3844
3889294449,11457
1061581928,31316,42854
1849869271,5695,29377
868227408,3504,7079,34880,35730
560960692,25360
1250806908,7868,26546,33846
2067579286,2869,4784,8708,16060,39252
3609699191,8782,17589,39625,40951,42837,47235
29490995,4425
852615014,5693,15179,20172,20571
886169358,5997,10383,14649,16511,16982,19875,35578,40273
2980046293,4329,15525
3233847366,2840,32573,38603
1447544546,5691,15177,32488,38991
3476382604,5768,15810,18312,25956,33824,41168,46035
30287656,7471,37655
3274955463,9824,15890,19768,27404,32060,34623,35044,44464
1554902738,5686,10969,12739,12823,18261,20752,29733,38613,40939,42848,47207
4071195880,25387
2161240080,5685
2651895830,26125,28361,30691
1055990232,71
4059954833,5679,14378
421425033,10838,16677,22314,47914
345901692,4094,10863,15032,16913,18271,24798,25972,29504,30303,31487,31604,33105,35094,35552,37668,43912,45372,46831,47668
213105492,5668,10218,15234,21542
2945401869,17188
61252934,8537
2809899206,16600,42242
2686159775,376,695,1370,2060,2304,2371,3246,3390,4059,4718,5143,6369,6503,7168,7363,8126,8201,8604,8758,8834,9839,10588,10870,11138,11218,11244,11335,11707,12278,12640,13608,14279,15053,15898,15918,16821,17746,18482,18768,19227,19587,19615,19893,20063,20458,20488,20853,20880,20997,21008,21210,22249,22273,23159,23833,24601,25882,28321,28424,29271,31597,31736,32171,32582,33414,35524,36766,37423,37585,38635,39800,41507,41618,41931,43862,44222,44876,46860
2985364762,5663,5669,5898,10219
3197115585,38018,47837
174604105,10745
1843663073,3362,8020,13781,20175,29695,31835,40679,43714
1637012539,6568,9502,11215,28407,33630,36819,40712
2356297149,979
1372022361,13644,18456,30805,31683,31995
1564308370,2468
1624962492,32372
1393749875,5655,13709,14304,16229,19831,21294,22379,25778,27451,29884,35885,36999,44234,46123,48365
4067407974,5405,15197,21456
2954878000,5647,6880,23344,44672
2863964213,16091,44437
1770598062,5644
2077512002,19855
3968162596,5636
753765753,22600
4122821338,18559,18637,31773
1862837095,12041,18211,25346,29479,31205,47053,48329
310399156,1478,3891,12938,23086,23361,29742,33760,33985,35694,35724,38997
2512171467,43034
4009955264,1870,12581
1999270503,11454,17890,24585,30324,40708,45159
2570938554,5633
3845856747,22650
1795716307,1718,2771,3411,4913,5779,10104,14386,16161,19466,20595,20936,21191,35681,39671,43843,46929
1097499757,5632
2021486292,31140
2138602828,14081,30434,39723,45726
3969222868,2323,9285,10459,14229,18342,32776,34916
4227447265,5628,20604
3299467105,5625,11498
703125863,21551,29007,30827,34154,46592
3304639057,11722,15782,18949,24266,26095,26236,33121,34619,36392,38434,43113,47184
1801891879,16141,19752,40487,47898
3180400230,13078,18737,21196,23787,29128,29216,38524,48285
198838408,5624
1935164773,24155
1011401166,20399,22729,34743
301406230,22190
3398478823,977,10949,14047,43398,45714
2169577787,3356,14895,15858,43878
1250755376,5622,6745,10690,18875
970278770,26920,31098,47225
3241699489,4571,37802
2406061694,5618,40215
1212504037,5616,40213
1229856167,41806
3576043794,24925,25686,30197,40037
3888942533,5608,16066,25061,29055,33337,36262
274446926,8173,27557
3234428561,5293,13064
3989380331,40784
3725935383,5599,5775,20210,20986,39667
218382399,181,35877
1471755547,11666,15723,18029,18105,19271,47315
82167451,5175,10849,12877,21227,32083,36650
1964726639,5585
2740069700,27839
4097115146,206,210,1968,3055,3634,7117,7610,7828,12096,12159,16075,16849,20692,22988,27409,28459
2517725653,273,16226,32247
592663189,33126
1925086676,11115,11517,32640,35250
2434978605,3375,23852,26085,27201,30101,30637,32667,35135,37764
2410163849,35106
1086252689,2263,8715,11494,24731
206319817,7635,32025
3460316598,9628,12729,24206,24467,26349,29254,34171,34210
1718619421,5572,9443,9494,14886,16198,16881,17023,17469,21101,25640,28312,31940,39612,41080,44947
558376829,5570,6664,9585,15172,41078
2507939679,5563,10461
3175978732,6732,21005,32062,32311,38632,42395
3623315480,30327
586163497,10012,44667
1925410468,16280,31857
462700509,5562,35417
3615136327,8325
390421451,5550
789386987,11642
1947193928,22745
698165094,17465,23525,33782,43318,47516
908337350,95
1769578321,10862,39055,46499
906110420,33837,34258,41604
1989129906,14188
3162338893,5918,12660,35434,45209
338072085,4147,6597,8179,8256,16618,17869,36456
1513650653,22719,36526
1953565655,6041
2015248291,4715,6959,30498,33530,37627,42538
2654701496,1830,2391,24634,30588
3508226110,2218,26484
1385390628,5548,26407
314416723,34224
1419466251,28918
3231752104,8192,10797,24142,24395,25021,29078,32516
1405998543,5614,20600,44309
2234493752,5542,6965,11412
701575571,5541,40354
895035614,14430
2189178478,331,29953
3803001158,397,878,7994,9094,9230,9809,12218,12254,12296,12982,13189,13847,14712,16559,18502,18926,20019,20532,21554,29010,31626,31678,39735,39949,41149,42307,44826,44869,45934,48166
3502990550,43809
3914051078,5535,11403,12331,45232
1887181647,25740
3236626132,43324
2797199753,5532,7015,20025,42443
3662964054,5525,17726
1142002927,24721
2916346724,4495,8237,32406
1004576546,45298
2700046922,6407,7939,13196,16014
3563675216,11782,41246
2133647885,5523
2385369191,3123,18882,39413
97919192,5522
969283392,5521,11135,19761
3407229104,5519,21566
1110924873,20131,46587
1399076280,228,922,2954,3078,4002,10573,11093,13370,13965,18764,20482,21042,22480,22761,23089,24217,24690,25596,25731,26154,28053,28374,29340,29860,30652,31495,32110,32792,33497,34242,34518,35508,38213,39971,41336,41970,43394,44487,46530,46731
233511054,3754,14370
2616216821,5514,8941,24265
482836964,11296,11632,35128,36331
4057523242,5510,8353,8527,14739,23145,36887,44084,45693
2289473174,30751
3265324346,16480
3111430524,188,8909,18574,22667,34927
3225999759,5506,31219
550886468,37895
560481773,40827
1295422199,5505,24441,39178
198924542,16932,23034,23328,27631,27894,28723,34054
2077697372,14686
248421445,5503
2470601083,6372,8594
3872356751,5501
750516991,4044
2538079944,251
616273678,5494,18124
1152297029,8207,12038,15739,29476,35290
274758414,110,4411,7313,7964,9352,12817,15510,21387,22472,23669,25210,32718,33178,35043,36183,38396,39044,40139,40632,41467,41766,42077,42964,44146,44463
619655816,6514,9140,16755,17129,18399,19117,19432,21058,22762,23114,30313,30653,41718,44231,44703
946100725,38883
519095657,2791,9437
3791609624,1901,3276,9421,9740,10120,12674,13375,13416,13730,14476,15216,15411,15695,15933,16272,16962,17336,17618,19741,19744,19747,20605,21814,24912,25532,28252,29442,29690,32447,32841,34378,34895,35382,35385,36685,39701,40440,41629,41800
1671121684,792,1896,16682,25906,32295,39268
889170870,5492
3630106414,16845
141066141,14082
636240819,5485
3063437602,28859
684270184,25198,29785,33129
939029497,5481,9406,10394,20446,20677,40846,41820,43135,45565
278045983,5476
4175910900,5475
3200491905,24423
2780481571,2220,19307,23821,31840
1644507969,3168,3421,3737,4417,4652,6055,6818,9805,11662,12821,14708,17392,17485,19211,20168,38440,42094,48162
1854281538,9617
1527434052,9335,16500,31136,38986,40106,42971,45513,47647
3327278201,7368,12403,13703,21123,22175,35623,41571,43163
1263372196,27042
3664750388,6980,26712
2460937618,5473
3201373656,24263
300798587,2366,8914,25461,29760,38814,39181,42189
3915036481,5464,35635
465292425,1954,2160,3836,7668,13862,18134,19077,19396,21351,21606,21909,29745,39326,40961,45023
3816551846,5460,7878,8174,9277,24904,26458,27558,27671,30423,32456,36768,38415,38472,38811,41667,42277
985355405,3817
4154589900,5456
1067303572,5440,7408
1792648462,2492,6330,6627,12678,14089,14373,16450,20234,20549,35336,41396
846982938,27469
489955604,372,17198
1250175841,2212,44453
2465484110,16298,19442
442200940,20452,23398
1363769635,1679,33378
417924092,5435,12320,12865,20232,20439
2923978591,25452,28768,35442,44381
503674719,1878,23875,29328,45841
3554662448,4412,21222,23670,24270,25211,30648,37729,39164,46397,46487,47248
2163479434,5722,17427,21887,41474
1586899318,5433,7573,11592,18506,18713,43753
2695151566,4266
697152716,5427,6700,12155,20858
4290914736,34613,46028,48222
971695998,23876,29329
3545993415,9247,21629
2417233378,4203,26549,36468,37138,38646
3042413648,6861,7970,45959,47640
1333138221,3332,7327,21881,21995
551598591,5423,21703,34798,39914,40265
541995334,5412,6022,17519,28384,38551,39288,39390,39659,42099,42546,42597
866364992,17221,18397,19115,21785,30767
2979385339,5410,6020,28382,38822,41145,42097
1808801961,6121,12037,44767
1931036790,40010
4125134079,1751,3867,21430,22317,39066
358107919,11441,16214
41787705,5174,12853,12876,41876,43827
4247350581,4431,7154,8217,23436,33869,33962,44809,45503,48451
3743503117,5403
2729773305,28961
3744376272,6524,18182,21530,33209,37354,41093
1973127955,30107
1535688953,21183,30990,45924
1113390785,5395,33651
453925250,5394
4138045777,5393
4054295665,7517
1077484030,11082,28971,32217,40366
3785304043,24739,30098
2527375397,7988,16371,19961,21199,26151,29028,38527
756837098,21614,21854,23241,23940
3766260465,6105
2558590145,5324,15191,28421
1280969585,1559,3809,4160,4580,4829,6779,7601,9514,12078,12194,13581,14259,14600,20148,30843,35686,36385,38447,38736,41939,46358
3222286705,5381,12921,14116,15982,20317
1963599178,5380,44731
3176664088,5379,45863
2805869148,22098
2383055951,3317,20069,24964,30230,32423,35333
3723708878,569,1623,31768,34509,38585,43042,43187,45219
2760569323,5378,32080
565391598,1172,8871,21170,25257,27241,36631
1132039976,6936,18654
1454573002,1226,6872,10468,13135,35920,38745
2897296702,5374,36727
2889542274,3843
3454591744,40318,40586,47905
526068369,6771
271694033,5373,24311,44955
2615575935,10000,26833
2551545011,5266
646704705,5368,7358,23712,26599,26947,29680,35750,38104,39708,44054,45689
2069944275,29846
1946259856,15916
117662233,5364,7177,28360,28818,29015
2285409477,44413
879563955,9842,17101,18039,21684,38030
791472183,31220
1934296678,8007,31831
3948852965,822,14243,36433
30533694,5615,20628
3775165273,5362
358754005,16310,39640
370874384,6499,11305,24135,24866,37178
1802368381,15846,29225
3296448930,5361,7146,7244,8352,8526,14738,17545,35031,44083,46380
2183757992,16683,17690,23912,25149,25907,39269
153639495,5360
3175419841,24628
3839503154,9391,29033,42082
606105766,41072
1984459815,14490
2231482660,5310,33379
1988662746,5353
2404556196,36664
3677061697,4067,13240,13308,15341,36422,39204
3690537405,20703,24755,30644,33693
363571289,23636
2930899399,5352,22682
3782963505,5351,22681
3283162943,5343
971105087,16516
766292532,5342,18094,18109,24098,26989,40771,42273
2701196489,11766
1979276106,5326,19065,26299,36381,39018,43425
1057758188,19188,40308
1915867937,353,1214,1353,7984,9072,12493,20356,20626,23113,25284,26488,26576,30312,36835,38649,39149,40561,41685,41717
735586222,9876,11168
385048755,24596
2803321133,4600,43642
1036732304,23260
4269943013,23171,32811
1792745764,227,21908
59955716,5320
3461363146,2228,8171,11681,20467,27555,34066,38696,46076
2965070257,4844
1424895267,5598,10774,14900,20925,20985,34602,45107
315591822,984
3348526217,22947
3437083068,18827
793504053,20822
4022961686,518
3321714859,5317
3538581677,5315,14123,28845,32483
2294933943,29524
3849503098,5314,14122,28844,32482
2546544081,15115,33327
1091230200,5308
4232371419,31874
1043722061,5305,6785,8581,10580,13764
630764316,19951
3129091897,18282
931627340,503,8684,9105,12359,14740,19901,20974,35810,36888
1694658538,3903,42372
648552868,12517,45490
43448737,11133
2179760378,42156
1303916509,37092,46048
919309119,8523,22505,28132,39695
1476725094,5298,8583
3887265668,3469,3757,23133,40837
898795966,8009,18144,19449,31833,33494,42798
2880650854,30379,31373
3060310088,24053
1245973701,1278
2854726353,19287
3858060674,2811,3553,14419,18154,39112,39249,42079
3463201856,5296,7477,8887,17928,32552,40088
3828833373,11485,13363,19957,46228,46231
1724518360,5291,6477
162032843,5290
2298438085,5432,11103,14156
184708032,19450,33495
3614659612,5287
3170733261,29847,36722
571702425,14532,18078,29275
1866912088,3272,14989,29960,31073,42314
1743086286,7473,8556,26625,37657
2929550620,19856
2511301147,5286
3130122746,31421
3635585925,33562,42977
1217390698,5285,17649
3171611327,32895
3729884574,8535,20733
4203285641,5283
333448474,115,44064
3182920015,5275
2114536691,34064
370194774,41680
2196230359,5271,7101,47802
3867971502,26978
1526494670,26895,30147
3036927818,24625,29993,34333
3891819407,5267
3674997768,21817,22041,31207,33509,33763,37049,44555,46848
3954155803,36143
2227821059,6284,17808
1799890179,33811,36954
1032563281,3151,3323,10271,18340,18513,24559,25158,39797
2903985787,6086,7853,8073,9589,9908,14672,18582,19867,21891,22179,22876,24294,24496,25796,26018,27598,29543,30480,31667,32287,32434,33612,37372,39310,40568,48113
3410875400,21415,21953,23226,25903,26172,46458,48334
690332302,4677,5976,6625,7071,8335,8825,13737,14914,20158,20843,28850,31413,32237,35805,38606
998984244,5265
1014478219,7356,26073,27043,31980,36026
1875283900,5264
3655807501,5819,6434,10471,16380,35393
1244760527,5261,16747,33597
10356647,1088,29036,40831
553653989,27309,33313
244921404,31662
2496735842,44716
3827384856,11739,16901,20161
4162194479,5260,7318,16746,24936,34221,41917
57449172,40869
2019219083,6462,20405,29374,29756,43593,46005
129809000,2865,19283
3071864845,3318,3945
1545458027,5247,6268,18541
2576631521,27314
1670161824,34858,40174
206658788,20720,37431
1358420350,33601,45355
1654244998,4214,23211,23818,25552,26044,33401,40747,41818
1247058520,5234,8055
3916387767,2756,8154
2412779136,35228
3520463529,3197,14716,30846
698458849,5217,18445,23220,23957,25014,37990,47692
3048951694,5661
3296230561,5208
1550025896,913,1336,17228,40016,47765
2187419019,5204,5772,9189,11100,32280
662848956,2687,21044,31621,37365
2179168778,5194,44856
878783087,5193,27501,31232,37538,37928,38034
3654793360,23570
2500658225,2754,6832,10372,11424,12390,12433,34604,45109,45734
739397955,975
1192068589,472,1179,4152,8035,9269,30369
3389147556,8054
1905010458,5192,9633,37537,38033
276366092,12241
158710817,6080
2518652762,45270
2240086218,34662,37904
1978476256,1767,4272,8025,10989,12251,16087,20669,25436,34786,35981,40684,43726,47454
3108254956,5191,8240,9632,15420,38032,41189
977393447,37502
3806197364,5189,15418,26193,35145
635659600,48117
672743514,46562
2019825691,2721,6737,6827,7204,7279,8291,8981,9350,9473,11733,11816,12815,15403,18678,19673,21055,22440,27549,27958,27980,33950,35041,35798,38058,38150,41979,44461,45738,46169,48188
2063570308,32888
3090435995,4184,10676,11205,15434,24169
383773179,22433,25701,27771,29664,36091
2728327468,5188,18852,35144,41263
1787875520,23556,31690
2056040512,10541,13178,33110
2001031558,10341,22764
3422332997,5184,7222,8566
1363327752,7565,23249
3256201820,5512
607339903,5,2550,8600,9920,10093,13348,18348,19253,24387,30674,35310,37469,39990,40594,40790,43008,43344,44749
2556870542,31772
2826256117,5179,11045,25220,28757,32087,32735,34395,35367,40185,46016
1923802045,12736,24017,45262
1433702297,3994,4910,13841,30009,34038,46414
2152441013,5177,10298,13074,22529,28727,32085,37416
1826450946,34636
2005221249,45661
3362281622,5172
1090089853,1021,18239,37218,38844,46049
1740241330,26805
1178124285,5154,11740,16902,20162
1046723019,4136,27256,30174,32056
1993005751,9362,15801
2405704659,3509,5764,37545
4237463888,2793,2873,9439
2390314646,882,2037,4087,4192,6876,17290,21259,33625
466400159,5153
2591046202,572
2869570712,5152
3198464463,7618,29226
3747650998,9024
212060611,282,2909,8031,8436,9019,9339,10923,13011,14423,16990,38003,43510,45295
3269951883,2171,41647
65253645,10243,24485,25146,32266,35063
180821904,5094,6806,6890,9504,22856,24527,25337,26885,31124,31810,36308,38258,40714,42142,43059
2117800627,5150,21014
1060292653,29006,30826,46591
1700113922,10173
3039073163,21667
2745356407,5149,6046,18837
4171677627,11111
2473997332,5148,7802,18245,24777,28698,35161,35343,46534
3274662791,5477
1975726256,31483
1831039418,39030
570417795,5135,40756
1077167058,20368,26433
1055214134,7946,8059,8197,26423,28969,32215,34199,40144
2879707052,10584
2109802125,1534,21967,47105
309972163,1626,7183,19914,34116,35833,37688
2010971694,5122,8794,27971,31991,40161
1159946390,604,6211,23702,23710,27059,30906,33000,34914,35748,47301
237499433,5967,30401
2664059543,5117,16944,25516
1640927528,7757,16955,37195
1545665457,4798,41362
3428964135,5116
563922411,9757,18184,23468,28879,35210,47808
684303688,5112
3124824403,5105,12929,18918,20474
1844471113,55,2332
1976887946,8541
3703323107,26224
2907973448,19541
2227757686,2180,3124,18883,22155,24990,27096,38275,45240
2640129781,4975
1791065995,5799,33467
3190765154,5104,14981
4221425750,5091,34168
1117826323,815,26445,44742,45145
4251931396,2498
4231726480,6289
1593735862,20052,21464,25727,34691,35350
2209327212,5088,7910,10195,14887,16408,19824,25100,27845,30823,32565
1479177323,7918,39426,40179
50797727,6038
4234719659,26675,26980,35058
2925358843,15479,20695,30999
3201839726,5751,35794
3349320407,1764
2224973167,5084,7590,8479,16660,17167,28140,31193,38067,47470
3182364950,33938
2468689272,4394,5355,38326
3922505609,47297,47493
1637241555,9875,11167
343820962,25674
1191746225,13646,18458,30807,31997
213735749,1564
711493880,5878,6644,8222,18633,37898,44352,47715
2560124345,31803
655759600,5082,34437,34471
4072889217,8991,19863,32558
1475837743,5081,14697,34436,34470,34960,39054,46310
1605222623,34406
1155290505,32073
3461177137,21803
1587202453,48307
802885387,24946,45746
1393887764,5080,10060,34435,34469,36589,37157,39053,46309
2853014939,1081,21168,28120,41325,48221
979728748,5079,5561,13652,34468,35416,47001
3535695042,2239
3745648630,3594,4323,10156,16005,31854,36411,38638,41059,44587,46632
997838614,5078,29922,34467
177903687,4951,13686,44409
1203549081,37776
154757134,31514
1932139035,47801
3904170029,5077,20089,29921
1277068711,284,2695,5684,38719
3475872211,178,2945,11052,12946,21979,29469,33752,34025,38870,38965,39021,47375,47983
880614642,27666,46371
956100550,3909,4148,25680,32797
1066992254,5800,37934
3714749901,35076
4231838944,5072,27142,28154,44523
3674707902,5063
4262518727,23900
4193304626,21,22813,26134,40689,47966
2391983078,3858,5420,8275,10962,15150,15325,17495,18300,19677,21070,21752,30887,33421,34087,37648,41463,41913,46442,47884
2071506376,5061,22000,33308
4230349147,25582
3979128362,44065
93546832,6910,14939,17120,31976
2760105819,5059,5370,7685,8907,12499,12703,14332,15152,16264,20035,21754,33273
2684480580,2005,3703,3897,5223,8546,8712,8883,9705,10662,11256,11326,11701,12540,13473,14168,16534,17572,17924,18845,19010,20041,21402,27859,29205,29934,41448,42449,43982,45943,46251,47466,48218
3404145108,5048,48064
266378792,1352,8117,9071,20625,26717,38027,38341
4018129054,13741
2497503477,10841,33334
2852494883,5043,5958,7847,9490,11851,13658,16568,17012,23647,36376,38172
3202692891,4734,11845,14838,15924,20718,29598,33669
282671233,5039,17032
1215972220,8001,8067,16696
2989256597,29170,35115
2250299068,7474
1678187054,3226
233183682,5022
4086338826,36318,48116,48461
833887176,14177,17201,17782,21707,33723,36503,40941,42850
2441656093,5020,11774,19976,35854,38484,41050,43668,47046
2251315114,12238,20435,27015,32655,38981,39238
531324139,757,2953,3077,9510,9721,12742,14211,14256,14681,15125,15733,16171,16841,17969,19076,25136,25595,28973,32219,39325,45478,45541,48083
1012720662,12730,23705,23923,31394
3461872665,5017,6950,11417,11771,11990,12143,15768,17553,26186,32986,39334,46539
389582523,5015,5639
1222520815,10451
2910993719,5014
2284037277,5012,28368,46146
879296420,3912,26442,36313,47103
351094957,5011,5911,7518,28367,46145
1767920379,10200,20323,20575
985634956,36789
2124410756,25124,46669
3763926583,1782,26371,33933
2513586743,5010,5910,19950
2031680940,6874,10297,13073,20296,28726,37415,45211
39337410,5009,5909
1675826200,10813
2413505180,24543
2216421891,344,2562,3190,10516,14029,17655,19129,29347,31063,37958,38489,39064
2136604761,7426,10577,13761,25896,33300,34963,38658,42664
3098438310,9931
3056699619,5003,11042,21105,29090
604520789,14541
1562840469,4998,19217,19596,27642,28062,34036,45103,46452,47289
2546606275,4997,8692,10229,11751,19216,19595,19739,19754,21452,25569,27641,33992,34035,39969,40489,42287,43295,43944,44048,45102,46528,47288
1214171206,1574,3593,19934,36410,46631
1037154559,12717,44990
2216201858,1321,5596,6003,7916,8969,14153,21278,21647,29775,30853,31759,32711,35066,37386,37689,39169,39791,40223,40431,41127,43550
3673023824,10496,13927
310603225,10003,11037,26091,27373
934544637,7653,36655
288996425,41409
776436443,28369
2703514121,24140,45898
924389008,17250,23369,29518
2622699962,4584,21764,34017
3300960120,3892,12939,23087,29743,33986,35695,35725,44485
1896936959,4985,16101,32338,33830,33927,36096,45578
326921583,5555,9170,9405,14297
756322336,37878
2666226724,4983,10619
1299472165,4250
836334712,4981,6911,8092,9202,9241,12836,16155,29041,45533
3744883581,10227,24249,24672
3474726374,5707,11582,39345
1517439000,24238,25710,33700,35717,39093
3750394676,35494,41524
1736818388,657,9562
2937853722,4980,20139,42800
512525106,4978,11150,15588,16410,18885,20053,20173,21348,25728,29113,33627
1310765070,25364
2065790473,4974
188405380,4972,16125,37275,39650,47743
3882170472,6162,12763,20463
45628884,34486,46490
2653695379,1264,11479,21870,22520,22628,25262,27080,33216,47579
1432776310,5960,9052,10594,11022,13660,16570,17014,17072,17315,18010,18616,19157,19545,19837,21068,24938,25238,26740,26788,29761,37248,37985,38544,42190,43651,47934
209022142,43987
4273928313,39278
676557202,4955
972931201,26952
4191309548,10044,12804,25173,25655,40920
1282225793,9065,21172,26079,26507,34117,36797,39719,47628
263240656,2858,32076,47615
3586545698,3511,4941,8334,8824,14913,19939,28849
300342070,9733,47847
3291314501,6408,13197
2941059702,3008
2528742947,18864,23043
2865198458,4945,8094,8261,14797
255706261,10635,15347,15775,17932,38191,40092
3752909657,10752,15334,22081,46013
3433183932,1180,4357,4487,11395,30370
4003664143,36194
2930151019,5439,7407,12570,34820
101007051,4937
1199815119,7030,20521
3672504669,10146,17549
3490582288,1778,36229
3723805411,4884
3801239298,4936
1118456717,16738
3354570245,4935
3902995908,4912,5187,10103,16160,19465,43842,46416,46928
1294518117,10775,14901,20237
2395796669,4932,8041
2179454610,1136,1784
3793119209,12229,15030,19575,24618,26504,30301,44595,47385
1829229791,6984,12533,19646,28402,41378
1715123462,13446
2143449687,10678,11207
2337401457,11105,44414
1237002582,4925,19512,37216,38842
1337867997,15037,34300
1935351058,4923,19510,21724,23258,27757,33198,37541
795268258,44846
1363305354,44249
2160249467,2931,35394
3147488397,4911,5186,5829,16159,19464,46415
1848683220,3260
2523484194,13047,31082,33409,34386
3171424009,959
1860881425,8083,36316
2382589647,22554,31042
9013284,4900,11877,13325,15004,19151,19514,26443,28586,36970,45182
37262840,1676,8247
3946582506,11575
2063043709,25498
219627890,531,9533,9756,14542,22873,23467,23560,26591,26708,31031,35209
3165857565,4895,12969,25825,43181
4280013869,28289
3905875892,2314,7500,8813,18688,25783,31298,40484,41502,42389,42918,43931
2778359320,4889,28824,40983,45397
2399821200,7186,9001,32737,37309
3929031171,5777,39669
3503409238,26059
3583317105,2616,4381,9693,13803,14891
185972820,3383,4560,14706
24617817,516,9868,12757,15460,15869,34546,43442,43700,43791
531808491,4885,37054
2908257059,16469,37402
3084341358,22605,22684,23051,24567,29718,34681,35761,35836,36256,36269,36984,37183,38329,46946,47877,48033,48053,48372
2283843665,6292,18622,30789
4127399930,4001,7667,31494
670212186,14816
3342235209,13092,17481,17516,19262,21742,24343,40336,42771,47027
2090635775,4880,13128
1770731962,10002,13926,27372
2704062838,9449,12196,13192,18293,20517,36387
1467172764,22652,23208,27435,36881,36909
153386011,41633
2507751644,14333
1318282235,30176
2994439144,507,3681,6379,11159,12449,12644,17079,17328,19335,22474,22549,23266,23612,25293,29061,31740,32720,39763,40508,40857,42104,42519,46933
3755482325,5969,11605,13279,13493,24000,41238,42011,44675,47860
1436371110,747,7804,24779,27824,28700,35163
1085201444,4871
2801409372,41724
3821448460,11652
4245856111,3746,11776,14221,27985,32610
2266622641,4868,28187,31465,42114
868579462,4864,41740
346857809,45637
716693986,11198
3468868317,4863,41739
3013408257,36207
1529876438,10162,10929
1349784694,29466
2447379482,9943,31271,33753,33944,38871,42551,44149
1817235451,4862,41738
169932668,6899
2857031977,44193
3974049872,1002,12085
3318778226,4860
785789487,16406,29673,33006
738349064,4857,13463
903516532,1647
4028482015,4848,6066,9788,11548,33898
229870339,1552,3043,4448,6702,17355,18025,18841,20109,21398,40367,43781,43806
2303560634,4841
1315554059,8168,9074,16854,23837,36752,41418
1050220700,22621,46189
4189854928,30162,34259,36964
4220457921,25832
3694523084,3906
3280685120,1811,4916,8089,9320,9575,9620,13372,13475,17091,17914,19312,19812,33768,33974,34244,35425,36042,37427,38562,43641,44821
1441753981,309
1132429905,2439,9388,11676
3066785494,4840,5637
152037723,31363,36614,38688,39006
1153119334,1279
2183120195,4830,8607,10160,11338,11710,13582,14601,20149,30901,35542,35687,41004,43476,45790
2862680270,4824,7299,12662,13722,21078,21160,23331,38747
1604222937,4822,8854,9884,12675,13071,14403,14562,15934,20003,34379
17239948,4144
2085704494,20103,33060
3645390338,4805,43758
3344191979,9672,11043,21106,48076
2400903096,22794,26917,37863,46742
2966445643,4038,31698
2520212885,28229
90162121,4800,12532,19645,24148,41364,41377
2642659079,34402,47695
230009596,11036
2881035024,6929,45052
3415728943,105,11893,22369,33949,35797,41978,44460,45473
3760182441,3586,7009,8450,14906,16143,16493,42212
1995610486,3040,3667,21131
3827124427,4799,11725,11779,12531,19644,22739,24147,26932,36974,41363,41376
2499862883,27710
564677562,41577
2415452901,28758
592580507,8008,31832,33493
160886796,4796
4068574059,37261
3523624476,2650,8440,40342,46220
2460766583,4794,16528
424326544,38289
2191164189,19247
3069251840,4793,16527
1554144062,8660,16176,23388
1201197516,45719
2611440645,16693
3352004799,4791,32035
2232648391,8939,23844,47348
3633411848,37846
3292871613,23275,48121
4011174371,23062,26359,39151
2462582742,47977
654780510,4776,10900,36008
580132842,437,5006,5212,9368,9419,9611,11761,14292,14474,16760,19051,19818,39225,41856
3248580196,38250
3778591853,1693
2510255130,5307,46957
1312275380,7430,19235,32369,35864
557045953,4766,6017,9456
3388113443,2146,6276,16312,28288
3748086134,8267,23109,25753,36755,41650,47784
2403815276,26375,33912
1764352820,4756,10820
3218284561,1670
980607125,1753,22319
379909439,19918
2298568333,38683
2204649849,3150,3322,10270,18339,18512,22925,25157,25816,27997,30699,31444,36321,39796
1298860658,35870
3320936934,4744,22268,45341
3003181485,4742,16205,25421,28664,34697,37010,41829,45339,45981,47093,47490,48457
4113541348,829,2269,7275,8497,11649,18047,24676
2808249296,4739
2528854744,12522,22102
3561220557,6542
621269392,4737
3748139593,11808,38955
791138826,23650
2413868635,6311,19423,20705,21163
119150918,4735,12243,15925,16722,18656,38377,39641,39698,45508
2508184689,11097,21763,34016
1929210576,23238,35915
2910794186,265,1575,19935,44377,46182
1125843492,2871,3170,16356,44539
712571302,6194
381275278,816
1644126797,10968,29732,32180,40938
4271957486,37653,41074
2286194692,5896
4259430702,10183,38425,38841,40795
3050705985,32167
3604361813,26233
2552637504,39394
2046192623,6320,6755
2811474232,8183,15057,33786,37205,38946,39753
258187604,7007
3140594239,34260,38154
1849587507,4716,37628
2690248448,68
4117567665,19554,25409,26891,30709,31018,31040,32209,36135
2781511168,11532
3311100604,16359
3622464529,4033,12607,12726,13048,19883,20450,25001,29801,31083,31744,33410,37152,37172,40660,41867,43546,48191
910491542,25683,27261
4115836947,14494,33935
2814444991,7948,8322,26425
368951297,1160,27572
1734082102,14041,32307,40705,43248
1912455214,4706,8517
2147299049,43496
3281367315,10113,12788,22688,25416,26403,30706,31970,33903,37135,41344,47062,47121,48103
2994775220,22832,30546,34261
1669258183,2921,8208,12039,15740,21476,29477,35291,45114
343047084,9050,19501,21937,28394,34095,39896,47535,48268
2363002898,39160,46351
2328670703,6774
3732577970,47550
4250029727,6544
39256732,4804
1703734036,4704,8515
339939359,33350
1077881501,9061,15358,31529
105503073,10535
4104753743,4698,7666,31493
3984190333,12348,17086,19481,25454,31459,37117,44007,46520
2542616536,23642,32337,33926,45577
545742920,4695,7004,7382,10474
1383249611,4685,4949,10560,10995,11040,13717,14324,16095,16150,28910,30225,35760,35835,39432,40600,44407,46225,47513
3060816979,4684,5716,10994,14323,22488,41546,46224
3417241021,2184,15894,33374,39775
3989148109,3173,21246,37201,45335
459853834,1590,10646,12269,24929,41897,42123,43012
3378964787,4682,11415
2439161756,26525,44498
921903665,4681,5544,11414
1335001550,33856
2905766680,4680,5543,11413
567056878,31353,34002
4055387909,4678,12082
748403814,38246
2646753355,35722
3400813159,4668,7339,7546,46663
3473678207,4667,7520,14413,46662
3643147003,26869
1070670465,4666,5912,7519
2128963833,10946
2757907204,4866,9118,17483,17518,38547,39517
177485608,26565
1927331587,656,6765
3532902641,4663,12587
90630435,46266
2428691490,4662
1749282315,23719
1429290637,9175
3522142897,3535
2264104110,4656
1700559400,8462,29299
2076548209,4646,7952,12091,14849,15049,18593,30491,33549,34280,37483,39633,39778,40638,43774
3092589553,4644,15920,20065,27454,27586,27782,28058,30001,32740,34753,35188,40428,41891
2364963221,13489,42509
3140433639,444,3049,9861,29111,43172
449124271,39685
975962733,4640,21732,40417
2316135504,11176
3926924876,10605,25010,25619,25847,32009,33305,46297
3418087459,4634,42657
3185420518,22765,28302
549912868,5767,6496,16766,24863,28270,34173,34229
3923799662,9592,11830,19828,19870,21894
199604914,4631,10085
2862106552,24896
2630650102,4623,31462,43536
267513392,2147,11407
3551677160,18556
4051170446,4622,19342,21577,39817
3752711448,4621,8448,27049,43228
2304661841,4619,19286
3738304858,4618,4967,6934,7764,11197,19285,20123,21997,38730,39000,42780
4246929944,4752,7416,15816,20653,44705
1717918723,3826,13572,13944,17368,20955,22514,25081,31552
1710615095,3964,43849,47209
1238575817,5565,12673,13125,13170,16373,16549,16961,17798,21813,24911,26330,28251,31126,31994,33987,34894,35381,35696,36310,36684,37475,45705,46650,47891
4011822212,34679
749319516,23053,43323
3494990229,4589,10478,39197,45007,45202
216487134,4588,31701
934075816,11136
825573346,29081
2137407717,4433,32193
2214044377,6140
295703590,13295
546594150,4586,46281
1340744352,4320,7659,18958,24727,27223,32586,35880,42459,46953
3761874205,1567
2457796794,48048
1608467152,11341,35140,45773
486617626,17757
4153180083,10320,21366,47781
2385888339,13666,24598,32853,44762
2887009801,1395,10452,29334
3138433218,47128
870991045,9384,16624,25108,28136,36340
119150558,37834
230727451,4569,37800
3774564075,15466
2842194240,11460
3865174435,40688
716127785,11146,48075
3751968201,9389,41108
161772133,18782
1041148687,8364,46178
4006039016,4568,9084,37799
892556492,4557,22211
600192142,29979,31795
4219648354,4542,4615,5745,10489,17151,18299,30882,32350,40278,44434
647769331,4541,7265,17150,18298,18784,20958,21140,30881
269341518,27173
1886572656,9500,35496
866816455,4527,26268,28150,30037,32365,33331
526276088,2111,16710
3221134801,4523,10782,30435,34219,40763,41915,45727
2530388469,4515,10786,11313,11343,15137,25678,27934,34216,41699,45775,45846
441891653,23680,46392
1151208888,4512,4887,11635,20701,21036,33691,35270,37056,40081,44188,44632,45395,45448
1935650407,4511,11634,35269
3339153494,220
3755552135,4509
2043820665,4506,20918,22559,23516,29387,34814,37927
1764674896,37180
2456230743,4505,20917,23515,28514,31054
4046711789,24092,27648,41772
3530830928,4504,20916,23514,26181,28513,31053,33194
1020405891,7155,14593,22014,22552,23750,29372,33799,42118,43526,43591,43693,46031,47955,48452
3328374213,171,32507
316771603,42991
968131779,4500
1350479237,4494,8236,11443,11593,16216,32405
3879760078,506,932,1833,3956,4263,6378,6635,10154,12437,13712,14388,14531,15555,18051,19461,19562,20216,22184,22868,22911,23161,23611,23835,26686,28426,28661,29060,31295,32185,37425,39276,39762,40094,42103,44308,44615,45969
776191367,24776,28697
1662142017,11966,13234
3718411475,34869
1773962500,39193,42589
2875781648,4492,8234,12862
3875033878,44837
1122646236,4491
4068376474,26940
2891545173,1168
632641044,9784,9958,13835,18101,28494,45177
404343130,989
2245397443,34005
2845169317,4488,47174
2652886897,2280,22009,44098
1009700623,32733
1203318215,25271,29130,32622
3545318909,7894,10856,11568,11610,16639,19932,32462
3896201657,15092,41071
3977072733,4477
3588582913,30785
796976846,23076,33923,36757,41652
3639083618,1052,2835,5557,22574,24034
2723114573,4476,10182,14509,22919,23019,28307,28599,32599,36196,38424,38517,38789,38840,40794,43348
3356958794,5356,38125
3527132514,9864,20408,33965,40060,41492,42702
1055644667,4475,14508,22918
1796112420,8489,16368,24182
4012300612,1986,17852,22646,22839,23721,33794,36216,46455
3822654597,4474,22917,27993,31180,33190,33855,46762
992982751,13384
997791830,17527,21993
828839145,631,16521,47191
3037060638,35256,39603
301852267,11577
3644005004,5341,18108,40770,42272
2865895382,4468
1150158015,4466,31557,33434
2416609187,10758
1062095513,4451,5167,12903,15141,16299,18148,19443,19794,26395,33726,44508
415283804,6113,6126,30860,38157
919974404,4450,5166,12902,15140,18147,19793,33725,44507
2426427860,4436,23895,24949,39729
2764809679,1931,11685,15354
542767952,27489
3087777629,1612,3547,42875
1923218558,17419,18960,29935
2237770027,13224,22974,42844
1584979780,31663,38874,42164
744059402,3748,5385,10359,45902
760595554,46508
897435711,174,40017
2156977220,4741,11242,24090,25420,44501,45338,46989,47489,48456
1182650938,39033,39077,39100
2237665146,6072,21944
2182810785,826,3952,27972,36570
4128775333,4413,13814,19173
2338481805,24630
3781796587,18752,39287,46117,48294
549554250,30204
674664428,31052
604615578,6236,9986,18159,21562,47014
747623894,17623,21270,30712
2096255843,67,323,48391
1513122868,4398,11674,38670
1617972782,23508,28507
4011818326,4396,38668,45670
972301369,24916
172754798,13061,39360,39623,46127,47233
1252843800,2813,17424
2239546028,2749,22828,48378
3359741016,23629
1816031451,1808,1959,2176,2959,4031,5534,6486,7312,7861,8139,8271,8423,8699,9374,10367,11402,15497,15509,15595,15880,16794,17433,19430,21702,23377,24999,25209,26873,30670,30898,31304,32717,36182,36471,37150,40229,40421,41765,42076,42963,43217,43544,43742,45231
2879372994,4393,5354,21381,28769
3360768858,1135
2743707100,35739
224444063,6974,15834
1513832231,3619,44988
1356838781,4391,15722,18104,23251,26501,34801,46517,47875
390180674,2048,38859,43848
3301503784,46777
3018745369,3090,5795
2214009005,4386
2645205944,1509,5870
620432820,5467,5602,40871
437277570,156
3535582856,48031
2514695107,999
4031146492,40363
4105957245,4383
3830229375,2407,7047,8358,21098,22331,30982
1728944739,4380,9692,10314,13802,19771
4049038456,4133,8744,18042,26014,27110,46598
3453070552,9974
2186491182,25301,26483,35467
3235218864,4372,16288,23859,25343,33741,37759
449869961,1556,13809,15717,39860
2934693822,20154
3392826154,2983
3110535813,589,2198,4339,6134,6558,9572,10932,12916,13566,16427,23040,27687,33852,36039,40933,46258
1031114597,35213
143499270,9687
2887982673,2229,20468
2538694379,4366,5210,5678,11759,14290,14377
378655598,36425,41640
3918076179,1603,27024,37295
4118261654,2688,31622,46682
1116957624,4365,5677,11758,14289,14376
1615835009,44176
4048380322,8954
3990154694,139,18933,30548,40617,47366
360911011,9921,15853,28728,30675,37417,39991,44904
1746760030,4364,14375
2096258603,4363,14374
127197118,3937,4185
1666095642,86
850468922,47774
251931464,4362,12080,12395,14460,29118,30538,33536,44627
1778740039,4355,4485
679880758,28138
1855859155,1996,10737,12258,17821,20298,20340,45213
4275777421,1173,5595,9848,14152,17737,21171,21646,26506,27442,28908,29767,30575,36796,36912,38623,39168,39430,39718,40410,43549
1152047232,23641
1134586753,25573,40555
171819935,9608,20777,38578
638498215,1018,5884,15315,18189,47584
2180022515,2227,22363,36829
887666114,1324,41520
2254676801,19282,19330
4070621650,1163
1180442322,10624,23700,23708,25075,26826,27300,37854
291971847,31431,41424,42640
1676111417,10276,13201,33155
1440017668,4317,4971,16124,20498,37274
1180217334,17908
3248712795,2536,7774,28003,42319
1304975931,36860,37550,42120,42732
464698203,9743,14479,20078,39370,47359
270784992,4303,28249
1390548929,31953
57063032,4302,4573,10135,15318,28248,36587,48306
3620886919,27331
1302722183,38407
2121189360,1962,2194,2559,6240,12459,18359,19977,22357,22444,25024,25378,33175,37454,38194,38485,42419,43669,47018
2734436942,18989
3497995113,4290,11792,11936,32605,37450
706586275,892,5277,41950
645959193,4288,26820,39303,47212
3293333327,4277,13858
1694717343,107,20724,20725,25496,40848,42296,44303
1169993439,48054
2601170206,18044
332296198,11807,25480,38130,38954,45237
3919714714,29402
2924352688,4248
2603527791,4242,5245,7810,11839,14956,17629,40256,48198
1998685294,718,3371,3725,7240,10670,13408,16718,17322,30046,34903,42289,43706,45081,46676
1085886096,1648,2560,6241,12460,19978,22358,22445,25379,33176,38195,47019
4250320402,562,3186,4447,4891,4927,5428,6701,12156,14679,18024,18840,20859,24380,34709,34979,43805,45165
2757938393,234
3892084280,25367,25587
3928756722,4234,12226,16598
946867586,19042
1989001679,3731,20333,36084,38962,39159,45758
2220103467,23446
367219334,652,26841,46244
1017748048,11372
2135734042,4228,11508,12543,15229,23948
3450220987,14108,32953,41611
3148110124,286,17982,35178
2178989878,34690,35349
2394446904,3655,9256,12048,13008,13100,14283,34834,39298
2927178048,4202,6246,10576,18895,20765,21582,28279,33299,35190,41184
1620812894,29891
1761399008,4201,18894,27194,33298
3365524337,5282,5462,8843,10812,11829,28235,38890,39813,44892,47941
2189423425,252,5554
1334030569,4183,10675,11204,16780,25737,27389,27455,33688,33865,41892
1823089390,32493
1133277618,1409
3409740432,4197,6943,8620,9302,9889,14169,14647,16929,18665,18846,19504,22773,27689,28118,28522,30288,33544,35576,41953,42019,44266,45328,46638,48219
2188376462,11525
2944261408,28189
3134978680,14435,16654,17212,18515,18611,22819,33002,39406,41430
292486318,10284
3559048069,6288
780687790,4195,7855,16117,26613,29446,31987,34693,36962
1874390553,4787,17895,18809,32429
2324552042,35049
1040090760,4188,6278,6864,7973,10538,12339,13022,16314,27355,31576,33130,38554,44026
412909225,25600
1856128589,26623
2600507154,36291
3366533101,27618
2565638511,2810,3552,7903,9841,10483,14418,17100,18015,19928,35287,39087
1152669380,25062,39131,43722
3128279217,42063
481819898,3471,3759,40839
2208323868,2896
1132530324,11365,37271
1297017081,4236
2230348315,30156,32408
1471057560,1963
1801083821,6709,19113,25214,30765,35387,40442
416211516,1339
3654370630,4162,4904,23918,40133,42129,48023
323791416,36942,41369
3973734944,21926
1138028966,21350,22479,25730,33496,34412,42928
1127001092,9244,19259
303405559,37953
3307550102,21107
2414381567,2587
4218994891,1455,23288
1880004379,4145
469215950,855,3434,13109
3538405752,202,2450,27750,41143,42567,42576,42859
483774625,10019
998807188,4141,6607,10440,12309,15352,15671,17400,18230,18629,21000,22281,22661,24145,25693,28982,31270,33943,36185,38344,40912,42473,44119,44148,46942,47624
1215551736,2484
4292598495,10201,12314
4283990900,44173
3571990038,2631
1207359363,4139,4217,4292,9964,13442,15889,17379,20146,21682,22289,23214,24061,32059,34180,34839,36164,39839,40779,42910,43023
2329760893,2577,39636
254695455,4131,46596
3597499041,1538,8953,41340
4136450210,4289,32604
4150497187,17456,32509
3133682562,617,1759,6906,11940,18166,19687,39804
3556572910,5157,11743,16905,26651
1770062541,529
3424159816,39938
1738179013,5025,5538,9817,13410,18872,27779,28948,31751,32979,39759,39826
1683684690,4119,9560,35040
859991700,39590
3188100276,34325
1366817323,22509
4152679367,737,10698,12165
100111313,18268,18821,22115,25255,26311,33568,42823
2442210679,3184,43803
2507118329,2702,5787,25859,25914,34862,47383
1781635223,4123,7074,10148,19986,46973,47477
760522192,11032,46784
2358949680,34883,39957,41267,43371,43677,44264,48360
2041954741,4121,5835
2783175836,24522
2339747336,3680,14183,17380,19334,22290,22473,23215,23804,24397,26904,32221,32719,36165,36213,37025,37435,38397,39840,40007,40140,40507,42965,43024,43097,44819,45480,47560
139750472,45743,46921
3021931813,1885,9191,12408,12572,16662,24114,37461,38706,45691
2928193348,8490,16369
2491899240,5129
539741515,558,3770,6177,24849,25924,33292,33697,34387,38912,38920,40962,44239,48062
1090204766,1698
1793101810,4116,26354,26381,28891,34783
1124713523,33077
3793279089,4922,19509,21723,23257,27756
1253394750,4115,28890,28960,40182
2099061701,8868,9115
2335701235,8018,9329,12647,13591,22477
3784028416,4113,15844,25405,29557,30129,37494,45649
587337341,26177,45272
1988270916,2183,33373
3050288600,6047
3387461497,714,34355
1584324002,33255
255105301,3335,11269,14063,14433,15915,28266,30274,30417,30532,32731,43423
2282998363,4112,5041,15843,25404,29556,30128,37213,37493
3164790611,4105,4280,5631,9022,9342,13346,13961,15943,22052,33056,36372,36481,37646
507952024,7754,13820,20295,21317,30777,34701,37192
156100487,4100
2828646518,448
539704933,21668
1413686534,14730,33571,33632,37833
1085883622,1930
3493546141,4097,19196
253740456,23632
3302081984,39304
3613051948,1741,5024,13409,18871,27778,35408,39767,46620
2370390043,5479,13439,20444,20633,30943
2209170170,677
1353989285,4093,15031,28752,30302,33104,35093,35330,36741,42491,43911
3056790689,34093,39894
3759782437,34987
2667497994,23316,35449
1400627140,4318,12317,20499,32584,41620
2097318482,4090,19556,33647,46033,47957
4020782113,3925,15707
3853515063,4071,4592,7373,10385,12510,16984,17194,45764
3009900036,21355,27502
638484032,4070,7372,10384,16983,42346
1821744403,27833,30112
937882152,2986,14083
3362947633,2814
3315135446,31725
1561176507,4066,6198,10099,10253,15340,34099,36421,43838,48272
1046216727,12737,20015
1804919661,14656
481626193,9411,23409,40232
342849627,938,2243,2656,7034,8105,9027,13037,16770,45062
1134496038,1424
1318581355,27605,37318,39473
1849320284,4063,14391,26124,30690,47238
980386465,6531,7942
13204077,6498,24134,24865
1616255273,37603
561679476,4061,5145,6391,18734,21193,26400,48446
3535238085,6609
2237280519,7788
1016012705,307,1235,5742,17712,18705,19602,32347,45585,47032
508590578,4047,11789
260747835,4042
2904372278,36591,46811
2892611783,20734
162750260,1331,1611,11147
1465710282,4025,11063,11348,18498,20462,38989
3219137451,46185
1968288288,9950
2322819824,2174,3815,9559,21700,26871,35039,41141,41763,42649,42857
1278606756,21782
1014014898,9190,12407,27718,32771,45690
1273349879,4040,6458
1318476230,4034,12608,20451
3118516430,4129,23490,31249,31634,40254
2087206080,21872,22630,22900,29154,47581
514345911,13532
1114739903,4074,8480,9201,9240,15232,29040,32689,40835,45532
2241253941,262,4293,4403,5517,6604,6776,9014,9183,9216,9353,9512,9696,9965,10415,12053,13086,13254,14213,15668,19946,21388,24062,25138,26112,26207,28839,28975,34840,37142,40633,41223,41468,41767,41937,43871,45604,47622
3710307848,13679
3073994377,4012,18636,19540
2350475383,35636
352540279,4011,7930
3338150194,3232,12850
2418407406,11550,16276,43695
391993365,35746
3149987313,4007,17097,17901
3324718902,11960,12119
1726172426,3126,25328,28964,45242
2033309384,3461,35913,44110
3408397374,2041,17831,23578,23851,25604,28134,28719,30594,32826,33873,34268,38510,45500
2504540316,16303,38691
2818673471,3205
2701793960,3980,13260,14329,21090,21693,25654,32379,32631,43950,44518,46903
432426633,28639,37505
1280056277,3979,14328,21089,25653,32630,46902
2147290801,19841
1093396213,15211
3178114254,2764,23008,27683
1939083217,3977
2099438092,8529,15665,16109,18463,36391,38433,43112
579441614,30518
1397033797,30108
380439864,39359
3983417281,3975
428109863,941,4858
3763733348,18296,31118,37797,43300
3153370084,3981,14330,14637,22302,32380,42413,43951,46904
1782107745,3973
2599476165,1761,5580,6908,7992,9290,9599,9830,10010,11754,11942,12622,12911,12980,13221,13837,17391,26847,38090,38439,39367,40437,42305,43063,45833
1500598917,1433
1051374361,28637
4070376972,13708,25332,27450,29883
471027618,1203,17560
940671472,4599,16896,41392
2347817912,3963
2808274318,42883
2916980077,2460,4463,9252,13543,26762,30508,30756,34366,34530,34830,36555,38941,42813,46407,46818,47088
2526467432,31502,35849
945111430,3957,7193,8792,10530,12438,15556,15902,19563,19666,23805,28662,37426,37489,40095,41470,41769,44820
1470973040,3014,4770,7066,7707,10311,26250,28634,33083,42393
1102991650,12591,22535
2189982079,15820,22087
818631244,10027,30851,48336
889205460,39126
2569734259,3953,15320,31614,40622,41906,43264
2278992539,28192,43154
2084745150,7166,27976,35522,41929
3237854014,7124,18344,30685,37346,46909,47821
468791146,29100
2002976638,4587,28047,31700
1681510255,3229,33681,38306
836802027,34360
1759476553,3950,23894,30089,30192,30257,31883,33860,37263,39728,45698
3310861655,1097,2495,3432,4122,7073,8337,9873,10147,11165,14320,17550,17805,19985,21073,36046,41399
437713658,12860,16536,39842,43220
514889785,2365,8913,26497,38813,42188
198699270,3948
2757259206,19136,36206
147201378,1089,7232,25372,41792,45463
3052892408,6726,9708,10112,10251,15700,17144,18283,18736,21195,26402,29127,29215,34521,43836,47061,48102
629193743,101,2757,8155,8356,11618,11890,13554,24517,33485,36149,38267
2777986882,82,3540,30834
686005819,3928,9317,12446,15939,21652,23521,41001,44170
1295681801,37734
2711268591,9736,11275
1694451873,5288,12369,18200,22752,30336,40734
2669643513,17700
3777137124,1154,19241
1789187307,3917
2452997863,10508,17828
824263102,2435
3442174995,6351,38768,43779
1385707848,5147,18244,35342,46533
3877806198,981
2810824487,5040,17033
4070031675,3910,4149,4930,10728,14676,16433,20243,30366,31384,32798,35697,36311,40545,45706,46651
876866031,24851,27766,44575,48227
1888323698,39560
2210249104,20403,31958
2942934369,7483
4222697458,5358,16308,20289,30504,41594
1758739367,7180,35316,35830
1456750992,3507,11312,26558,47817
3516785560,1613,13040,32387
778090357,39883
3388134404,3905,14718,42788
855515963,13895,15721,34800,47874
785641117,29046
410979775,157
3377410008,1393,2364,4379,5316,8426,8912,10313,12115,13801,14124,17972,19770,26459,26496,28846,29332,30325,30770,31611,36843,38812,39050,42187,45160
1222510645,38679
2309542518,3901,17384,31655,48002
610129931,3900,17383,31654
2996325589,329,8360,9938,12362,13452,13629,17684,18599,20977,21265,23842,25067,26640,26993,29723,34595,34608,35875,36430,36493,40392,41537,43620,47431,47733,47788
1543906580,3887
645728789,2874
3380129539,1540,19255,48386
2022966298,5802,17532,31004
781260476,2807,3638,5680,6118,12752,13289,14379,14827,21509,22419,32917,33388,39565,41725,48467
1067289031,3998,9731,11353,16994,18719,18956,27221,42542
2044072125,3885
2400224132,8735,23741,33551,33907,45070
3522238773,44228
1453537576,3875,15272,17300
2516814597,25391,32543
64115166,9521,40742
3368470923,9031
3462794325,30438
2361176548,3874,15271,17299
1270719218,3873,5127,6413,10318,10465,13899,13995,15270,16383,17763,18381,19775,25617,31252,36773,44522
3415563093,1883,7297,7507,8387,9898,11162,34642,35390,42086,47327
3021012879,12567
1944722196,5453,10991,12204,36716,40029
2746616998,38984
1936660083,1627,17738,18186,27443,40411,45992
3411383995,3871,7328,27285,32633,34285,44520
2446664425,3495,4547,6786,6999,11466,13765,20709,40002
1914451110,3869,7589,8478,20086,28060,44093,47469
1076071129,6085,8072,19553,23304,25408,29542,30264,30479,32286,32433,37813,42699,43764,48112
2426902468,2127,7371,39398,42345
1888380760,3068,36275
4039170621,3863,19763
2272774674,17102,19190,24835,31755
1864190657,813,20965,26455
3943247784,6119,19832,21510,41726,48468
1660118241,2599,15811,25957,33825,41169
86448333,4748,11787
3611542644,12228,19574,24617,37707
1256482652,3046,20783,30947,38232,40370
2767896459,1382,4335,8569,12497,20423,20737,29344,42251
2034633759,4867,28186,31464
1529148685,3670,8046,14690,26998,39383
2976861483,3849,5719,14471,17877,20908,22448,24163,29583,30396,46322,46695
1313721574,2886,28371
1053906495,3230,4833,7512,8341,9727,15483,19047,22967,23564,28095,29280,29650,31203,34148,36931,37121,38307,41355,45301,46524,48238
1732861012,23718,43853
1233226343,3841,8562,11980,15249,18406,20094,21151,26279,29268,29525,29630,31409,33115,39461,43887,43937,45435,47150
2218833161,36933
2866354448,29528
4245969762,29051
3919002295,9995,23509,28508,32619,33845
1813517869,8972,32704,44451
1879564275,3833,5242,7761,12002,14535,16547,16634,16959,33152,42767
2580323647,2907,8029,8277,9886,10921,11316,16988,22641,30778,32784,43274,47886
324356665,3822
1415442491,20894
4079938800,3100,4657,31346,44914
1419830508,1447,9327,10507,13589,15986,17827,29404,35586
1139010510,23976,25965,29978,31166
3188603976,3538,30832,47496
3983348787,38502
2408491141,4267
1896321200,504,3966,4246,6343,9106,10139,11209,15158,17182,20188,20497,22624,25503,26241,26456,26744,32334,32821,33559,33619,34969,35712,35811,36889,37301,46092
1568608259,9927
2591509811,5885
3779207667,378,1437,2926,3130,5109,5416,5658,7189,7599,8203,10825,10872,11120,11192,11220,12280,12307,12642,13292,13522,13610,14877,15349,15777,15900,17077,17398,18770,19229,19384,20555,20597,20882,21565,22275,22349,24572,29273,31268,31617,31672,31738,35683,39110,40625,41754,41909,42051,42864,43085,44116,45172,46916,46931
3350248107,8674,14452
4169826492,11874
1871224070,3812
1019551774,3811,40355
1362136550,1369,1599,2370,3389,4058,6368,7362,8148,8833,10587,11334,12277,12639,16820,19226,19586,20852,23158,25176,30465,31596,36765,46859
2969243314,9993
271490428,7445,11714,44495
1301504142,9385,38783,45527,47790
3727885743,30835,32166
252665897,994,30950
3166835559,4344
3949556851,683,2031,2313,2625,6414,7499,8534,13996,19776,20732,21637,24901
1847757875,3914,15682,17864,36315,36519,41209,43819,46433
692669594,3805,4078,8392,13297,16728,19697
4259245692,3799,5974,6439,6623,10532,12440,12994,13735,13982,19354,20841,32520,39435
3144491816,12933,13917,18412,21512,26585
355635023,3795,19620,28020,33542
1533124229,46535
2092417545,25348
2810976242,5049,9984
3764936178,11143,25721
2020806369,5760,14823,28928,47000
1666540536,838,4439,15255
99983482,3794
350537623,12618,44867
3889304827,11496
3106521593,43101
3044749359,37291
3283711080,5207
3700508164,3789,20207,20989,40761
4038512119,12936
3914930524,4134,8745,18043,27111
3113269873,45191
3605750423,3783,40098
2670891672,30297
2548846825,10735
1450091726,3259
67968121,12227,19573,24616,28314,37706,37870
484533851,3761,42667
1094221372,1019
853767764,3747,7018,10358,20580,29990,32611,42127,42638,42998
3367630257,4736,10655,20543,20567
53233697,22721,24394,27602,36528,37642,45381
55302194,21440,33687
3335068355,29983
3684374336,6208
722983452,3739,4306,9346,10401,11026,12778,15591,16189,17394,17599,20506,21093,28925,32119,36508,37715,37793,38442,38476,39678,41115,43686,44358,45281,46997
527256339,3719,4009,4360,4902,5540,5621,6744,8506,10689,12393,13853,15856,17565,18874,26412,32675,38454,40353,40989
471443939,15635,38837
2786873330,509,1030,2566,4102,4778,4820,6945,9580,10902,13069,13486,18604,19971,25528,32722,33591,34779,35599,42021,42503,42840,43378,45818
659578143,26668,44687
1205663554,2942,15360,28943,43479,47043
1622712413,3512,4812,5817,18334,19019,19940,36438
3320214432,3715,5594,5965,14151,19576,26505,38622,39167,43548,47614
1842109596,5749,43607,44157
461453189,5446,41747
309897683,28400,38354,40548
3511947070,29137,39602
4182916070,1749,2310,6857,20729
2098390824,3221,5578,5755,8004,9716,10008,13219,14871,20258,21487,21736,35412,42445
764165008,17108
2669609405,3714,5593,5964,8280,16574,18788,27155,27342,31728,33103,33599,34631,35329,36740,38621,44184
2243777034,28111,33603
149513139,2294,32330
762325213,35959,38224
1243502974,497,1908,15726
4018345348,24724
4119361724,87,26714,42179
305363586,44984
4034200001,3696,5279
2704491208,4917,16593,39628,45887
2860889352,23431
3020489054,3673,34254
3371096291,28820
1288842235,638,704,1831,12435,13058,13205,14357,14882,15553,15571,18289,18897,19474,20767,21715,22866,24635,26684,27584,29058,30589,31920,32891,33089,36618,39596,40217,41348,41889,44860,44967,45858,46963,47066,48339
2375258112,12070,13266,27428,35181,42371
2508389486,1422,15908
424788560,22093
2270312271,10236
2416739493,14657
3433900207,1796,5399,9516,15492,16220,16602,19274,22201,32613,38738,48408
3438163751,3820,17051
2983317377,9641
2837104786,3664,16545,39644
1607868772,4570,37801
853872049,9365
2613899786,13398,15223,38807,39687
2464393690,3663,16544,18755
2488729098,3662,16543
1809520945,7220
2509636708,3660,6137,6870,7986,23091,23887,27930,28341,29966,30030,33576,40406,43979,45958,47639,48128
1673600397,3646,12657,21674,31350,37100,41599,43055
3448325716,857,2777,5970,11552,12527,13111,13280,13494,16870,17995,21623,22426,22459,22467,25375,30443,30958,32130,35934,40853,41529,42012,42350,43401,43697,44676,47861
4225004833,21305,30234,31630
3461588045,2980
261653753,3081
3663675254,33369
547349727,3644,12466,12655
3042108911,42970
28976606,3636,16077
1676245125,583,18305,31965,35418,37266
3268835092,39191,39318
329844898,2006,3659,5254,6136,6869,8414,8431,8641,8811,9400,11257,11327,11585,11854,12515,13095,13174,16119,19176,22563,25845,25992,26037,30239,31404,32672,34480,37166,41269,41500,42461,43241,43463,43983,45822,45957,46867,47311,48127,48417,48438
2903791687,21631,40502
1441891467,3633,8381,9776,11717,13227,20280,48027
19027778,8075
3855657682,2436,9850,42222
1206371200,33143,39464
3766335992,46789
2247335670,2097,3301,3437,11607,25645,37837,41240
3383476605,3630,30185,47991
3226491589,3628,24164,32760,46696
1301064492,25831
2971505565,3821
1076239816,9945,17141,33755
2953380640,3269,4458,23105,32698,36598
179505071,25204
3717421851,3621,4705,8516,32001
2125618060,12786
2012860337,3616,5720,7843,13287,14472
2551187667,14336
3649506809,7776
173306317,1614,5294,7253,13041,13065,32388,35218,46209
2371286873,967,8227,9318,23522,23868,24707,25227,25735,26188,28102,28276,28339,37086,39243,40270,44171
193050404,3609
2666563584,3608,12453,16796,20273,25285,25732,26489,31179,33189,35509
3889219981,34745
4078788878,5553,41104,45027
1786111018,580,7787
846951895,3602,3968,10603,14359,25781,29965,38834,40115,40405,43577,47638
363689997,3585,5050,10228,11750,19790,21451,23383,27640,31537,33991,39968,42286,46527
637151493,4333,5185,8567,17265
1581161820,6387,10087,20212,40111
3565347135,5465
2789504126,131,405,3452,35240,38909,39986,41055
3002992108,45965
3331243896,3814
3248914187,3635,16076
2714000587,27237,48167
4196954021,5114
514556668,3579,35771
178082099,36223,40785
3969858482,4490,8511
565469966,1126,13690,17745
3308187274,2322,9284,10458,32775,46479
2033310566,1868,2604,4856,13753,16025
899324549,9248,29369
500933755,27703,44999
4057011824,3574,42133
2460260773,3572
3612758043,24401,29155,34974,35764
2190445543,36156,39194,42590
959925029,15333,20307,22080,33021,46012
2573811974,3571,31825,43865
388355837,12490,15626,24429,25558,37326
1785205861,3556,6895,12474,15409,19163,34516,41798
1538651911,4385
3443726405,36199,43535
1825059569,36524
2855818757,6769
1656839505,1170,13138,14193,23301,32283,33247,36629,40246,43954
3950956108,16489
1342557949,1134,26522
2221459928,3884
1213861846,3537,47495
1188844346,12612
1692577069,13632,25522
2949343409,4101,13485,14198,18891
1844467953,2648,41675
4049452195,3533,42357
2781436160,45720
3182338473,27412
3436847628,17446,23421,39414
97212291,27563,32697
3453708976,25961
3804328364,31566,41835
3960919177,2374,11737
3618420171,2937,8087,17418
2722049150,3409,18850
1827123267,1639,10197,10325,11182,20572,21465,27847,29900,32439,34226
675772232,5913,6529
3410646425,6045,18836,45259
3596313013,25460
116185705,2997,17082,30432,34119,39721
1497188605,16591,23101
2697401745,3526,4091,15112,24085,26346,30217,33648,37298,47958
1901465519,7488,14688
285425068,3073,48073
3253166868,25055,29530,36548
2033301491,3524
3005808950,13304,13870
3952226752,3523,7029,20520
1155036670,6169,13544,34531,42814,46408
1738550017,3522,20519
2079914869,29873
807750635,3349,20828,43922,46064
2573519214,3521
4024830274,3516,4700,5384,6809,6963,9231,11061,11346,11445,11595,11763,13190,14458,14713,14893,16218,16828,17672,18503,18927,19784,21302,24803,29116,30536,31627,32326,33043,33534,33658,34330,38804,39950,44050,45406,45872
1590306081,6327,9497,21255,23435,27293,30134,32944,44950
4263665382,29235
736956418,1405
4277170998,32644
4230193283,623,13889,14604
3062575160,21065
2711135581,9397
3629954997,3490,22583,31078
3274045261,4264,11122,11506,18052,22291,40008,41046,44616
3705929911,26787
342543428,41613,42135,43251
2086773236,3489,19038,41849
229589783,22780
3459876569,4758,10822,21523,21595,28658,31292,33431,35284,39506,42048,44787,45672
1821883688,4501,37857
3915663094,9845
3990228474,13466,20602,24214
4206465628,17985
3033192376,3480,9914,22572,29987,35954
3168870879,38153
3285447589,14743
599926503,3476,22568
4004531297,33642
2335042274,30838
1368686404,48358
145843054,1025,16175,38825,46594
4102985088,767
4017604648,35655
1240071348,739,12719
3286899939,469
1229183460,5808,6145,8539,21672,40757,41597,46506,47630
4232214529,1861,3289,8346,12708,13050,19710,24808,27716,29146,29803,32444,32765,35171,35235,37113,38322,38801,40994,48314
3288167693,23663
2941805049,2293
1020361120,3933,9544,11920,12100,16324,21417,25046,37820
2407073194,32074
1177126594,35009,41518,46502
3186230436,23758
4137868474,37270
2810603429,2151,46024
108427268,4813,10850,18335,20551,21228,33538,44994
2307472435,32901
2336159412,11969,22407,27317,29224,31808
1913243347,12575
1376735293,3465,29902,30429
3014892994,16811
929880307,1373,1652,1985,3414,8195,9956,11571,15429,17851,18099,19477,22645,22838,23079,23217,24399,25141,25306,26421,33731,33793,34886,34972,36215,40142,43405,45175,45440,48400
3341416343,38503
101254362,30060
1604489830,3455,8944,19425
553131243,8801,35199
3740746512,40514
1980700749,10150
1295625586,32105,42410
3199336833,39777
700570245,8394,16872,29576,47863
3878272790,8233
3627150876,5372,19415,44954
2113967186,3444,42748
1036055891,24234,24794,30632,43368,47368,48241
3185671599,6273
1031718547,356,3676,19582,27073,27227,27540,30875,36475,42894,44975
4132946076,31531
261455387,1231,13390,14985,17733,29315,35818
3065549390,2454,45320
4010069501,31314
3007715443,3085,13534,17950,28625,31399,31524
3437577943,830,4206,7276,7309,11399,11650,27395,43214,43739
196618735,13791,17069,22264,24402,27445,27607,29156,32650,34849,34975,35644,35765,38763,39955,40045,40413,41299,44652,44833,45582,45879,45994
3877731169,42166,44936,45655
2795071186,3418,23248,36735,41203
2137719761,5619,8098,40216
1746289180,4513,10784,35271,44633
2189676124,34322,46201,47070
2642602991,3408
1433533838,9780,13831
3229900908,43409
2667572986,3407
597085169,16525
1188541823,1766,4271,8024,10988,12250,15972,16086,20668,22188,25435,26664,26796,29300,29833,31368,33522,35980,36802,38856,40683,43725,47453
3820316735,27315,31806
2144828468,4395,45669
2288316700,41427,42871
2475639328,29685,42433,45652
4273979676,12180,46423
3933760766,279,407,2712,6829,9918,11358,11818,14928,18440,18724,19675,27986,30056,31262,39260,39988
748699740,38085,42527
3458356347,3400
3965382276,6618
3140451030,2659,13464,19024
1874016364,17426,21886
1090626014,3399
3237176127,28315
2638432933,2016,5195,11988,12141,42347,44857
3430027910,3396
1824697233,20263
1031456368,2897,27610,28602,28674,28937,35121
1097780511,142,1481,18141,20365,31278
300264714,3645,6295,7650,12656,29506,30305,31349,37485
430992577,3385,3944,4562,5581,6909,7528,8027,9120,9291,9600,11755,12623,12912,12972,14938,17119,17242,19606,20639,22297,31975,33244,35891,38091,39519,39985,41511,45907
3720691185,10356
25122709,6977
574074339,3442,3781,7138,25217,40445
2085444479,29338,43704
86230616,2210,12000,24369
3647484162,3380,16297,31283
2235528558,24173,25657,32257,46121
542544251,17795,41541
3567868408,3370,9730,10669,13407,16717,34902,46675
996976045,3367,29734,30454,41276
3924737104,370
2933300146,2747,32113,32227,36010,40510,41789,48319
3202461782,41924,46312
4187808637,12127,28008
369902105,3350,46937
320869043,26353,26380,34782,44644
1531107523,1884,16442,24113,34088
3553347131,6163,12764
4013855908,12611,28597,31027,32597,34580,35501
546373568,1344,13882,15559
497747335,4304
683590105,1820,20472,24354
1273811316,14613,23847,28486,33578,39994,40057,41841,42729
1188306658,32556
3118007470,3568,30792
1571952864,3343,4199,5001,8622,14199,18892,29196,30290,33546,34289,41018,45537,48016
1704223871,517,9869,10349,12758,26667
2004093816,21444,29459
2915474340,20667,36801,47730
1732049548,38469
1185717600,3825
80963691,3330,18157
1774222664,9870,10350,12759
3345217789,43311
734119345,12040,13405,15741,17730,21687,29478
3289167215,3321,18511,25156,25815,39795
1372732570,36845
3351130595,15680,37609
1821430800,9367
1121057211,8754,37419,42754
2204617289,1028,2354,3341,31324,32869,34287,48255
834783108,3320,18510,25155,39794
3928320729,24391
2348753787,3313,4037,13364,31697
319524479,3921,9179,45869
1941303985,1092,2541,6156,9237,11961,12120,22018,28611,28778,47751
1056676175,32615
4245556887,3312,4036,31089
4059227360,10059
412633911,3051
2784711501,5371,44953
1643532190,3308,4918,11309,29135,31635,32093,33016,39713,43674,45888
715385864,33169
3735763746,9847,11603,14698,23783,27441,28907,32075,34961,39717,42009,42662
1905085250,3307,18351,29587,42778
2068929172,36023,37632
2367015948,3015,10556,31419,33202,43277,43679
2565402219,3256,7298,7553,8276,18301,35391,35438,42087,47328,47885
2474749794,5798
3526248892,16028
1577104295,36,8654,22818,35053
3478242937,3306,5203,9188,15675,27182,32303
1029852897,3304,5201,7415,19106
3704738396,117,2275,2683,3599,4626,10600,10687,11290,17771,20512,25886,27520,37041,37827,39619,41067,41414,45966,47635,48489
3625551063,2893,3037,7759,12870,16957,22566
1171894703,8228,40271
4018072244,3296,14903,18803,28900,44403
1553699285,18116,18260,39253,44132
2732062325,3071
39897550,3290,11971,12709,13051,27235,27818,28739,29142,29147,30393,30803,31720,32445,33842,34192,34328,37114,37239,38323,38802,40995,41328,41459,44021,45892,48315
1719761470,8922,12480,14273,18128
2679284555,47284
721577930,3278,6714,10050,10122,13418,13562,13771,14251,16195,16702,17338,19641,24200
317263726,39459
2540909848,3277,6713,9648,10049,10121,12798,13417,13731,15412,15696,15712,17337,19742,19745,19748,24199,25530,32839,32842,33052,35383,35557,42505,43604,44443,44609
2699913128,5559,35414
2543599594,26950
2328851670,5083,16353,16659,27348,30812,34438,34472
403720292,3583,27638
3086887221,23349
2089944276,240,2846,3530,12706,15155,19708,24579,25878,26315,26882,27714,31160,32593,32804,36325,37101,38653,38846,40744,41600,43056,43909,45217,45352,47446,48106
2046699069,11672,31171
4207481164,6427,10611,21654,37518,39862,46781
4191224530,2661,14189,20629
538389077,3267,23645
3629947526,1992,4882,10071,11409,13510,40191
3380981249,14885,15672,15969,44120
3512313203,5321
377223367,10948,14046
2937710755,2189,4254
3539037405,3266
682634137,19405
1644115655,8519
4045038108,36948,42708
1666898930,5398,48407
2308364638,3264
2155352334,7581,39850
1317016551,18377,33516,40068
4040573494,10982,16890,27817,31248,31377,33841,47204
983673480,25937
1235232396,14665,22758,23767,23906,32165,36937,37532,46673
2421254535,22716
911592567,1283,11237,17718,30448,48159
3386064980,2506,9331,18386,19302,19451,32663,33588,34776,36700,42500,45125,46263
490629549,620,26514,29836,37099,43054
2389314325,2768,24956,41260
2313089137,3253,3406,7550,13013,15850,21353,21719
3203053206,10131
1116179185,20754,35281
498219798,8576,13876,17811,18560,18638,20921,31546,31774,32646
2976123910,38849
2944466283,123,702,5196,11473,15569,15656,17160,26682,30145,44858,47181
3410149719,3580,15448,22755,27635,35772,47529
524661476,2196,11895,12275,15242,19720,20827,43671,43921,45475,46063
217841226,10712,14830,31715
1493867332,32031
4179411711,1379
442645778,8169,9075
2098111050,17881
3725866382,802,18232
3017370463,7976
857872585,3243,4212,7091,8903,13392,23488,23810,29317,31122,43859
1244706819,19414
2169120285,1255,4472,5855,7107,7320,7341,7736,8430,8619,8640,11377,11853,12514,15438,18590,19503,20416,22499,22772,22836,23929,26036,27527,29212,29737,29854,30238,33863,33888,34479,34884,34919,36750,38174,39958,41268,41499,43146,43925,44265,46180,46760,47537,48361,48416
48323873,2357,23168,24255,25039
4250824487,28874
1519328277,11631,27565,35127,36330,45255
4289357781,10733,25152,35008,41517,43556,46187,46501
5208674,5486,16723,20438,24433,38378
566991175,41134
3743837902,2649,3773,17633,28473,28501,40341,44515,46219
2676900363,47148
3381803333,45094
1605195822,40235
4109362980,23537,26750,27724,33230,33885,36514,37531,44772
1277088753,3235,42725
7822637,12880,20793,35253
233161433,1918,21377,38882
2274951784,29356,29706,47643
3481629983,9111
1537221597,27594
3189166275,765,20877,20994,27329,30386,32278,46150
2494996512,788,7437,9760,11232,16069,22232,29769,29904,33112,39553,41547
2088565044,26821
3497230234,7556,15151,15326,21753,30888,33422,41290
1148496624,9631,21837
151153065,29416
2050858737,46176
2426146918,8492,23590,24783,27233,28527,28871,28959,29140,29995,30032,30801,34190,34326,34335,34347,35521,36351,37237,37711
1507610111,29555
1819745216,17377
2257775456,4861,41737
3928357485,1519,25130,26752,34264,47499
767172411,3228
912831629,11841
769253618,10972,11230,14731,16067,23297,30223,30501,33338,34293,34463,35404
3604882478,951,8345,9626,33774,35170,36306,37443,38256,38321,38800,43414,45139,46755,47868
711772508,189,21433,22668,23059,37487,38178
932051334,3224,4274,20229,32913,34788,44390,46104,48094
2775797752,3218,6028,15400,15540,31301,39660,42598,42921
3224139274,38598
3823448242,9659
4105956372,7355,30399
865228617,4368,5219,8518,15393,20780,39676,42846
2112074707,3744,4408,12110,12458,14219,39911,40474,40629
896807933,14016,15611,30447,31393
3705445493,3213,13528,22579,22971,33506,35433,43391,47356,47889
4022137864,3207,5236,8411,12263,28115,29640,29911,32546,34256,37769
673299600,3206
10553989,8232,32274,38070,40077
3888947013,22507
3752628095,1586,3118,6249,9126,14585,29175,32127,36359,36580,44778,45855
2103472518,543,13992
3976860527,1171,14194,23302,27240,32284,33248,36630,38094,40387,41514,43553,43955
2191560670,35718
805028615,9246,21628,22632,22902,39964
2518115014,4218,12818,15511,42604,42911
3814681812,4135
3018036893,24321
412129702,3203
989468066,39343
2705589193,357,3677,16937,34951,36476
3935060264,4731
4292629432,26165,26391
2084030647,15725
4227229838,1720,2278,2597,6345,11140,11293,15080,17756,20901,22007,22036,35668,35714
976847521,1740,5023,18870,20268,20394,29714,42611,46619
1720514899,3185,18839,43804
474763030,37062
2831759023,18126,27105,28066
2252962398,4779,4821,6712,8853,9647,9883,10015,10048,10953,12797,13070,14402,14561,14944,15711,16321,17343,20002,24198,25529,27868,30528,31104,32838,33051,33460,33512,34296,35556,36811,38298,42022,42504,42841,43603,44128,44442,44608,47928
2096834491,23077,27537,43236
2854714481,13460
1392428671,3179,24679,26554
2847055012,9618
537282642,6388,10088,20213,35638,39273,40112
2002663019,3254,7551,15218,38300,44130
1325071254,1970,5252,7612,10808,12857,16851,25990,33343,46361
700585343,1438,1439,1440,4158,4404,4405,4406,5330,5518,6605,6777,7190,7191,8591,9697,10526,10527,10528,10826,10827,10873,11504,11994,12054,12075,12076,12843,13497,13611,13812,14214,14215,14216,14217,15350,15384,15669,16363,18037,18771,19230,20556,20598,20883,21389,22276,22277,22278,22279,22659,24573,24574,25290,25291,26208,26209,27385,27386,31618,31673,35684,37143,37144,38536,40626,40627,40634,41063,43872,44117,44290,44291,44292,45032
850911882,36287
988194775,3176
2172926420,7616,10981,19659,27816,30867,31376,33840,35222,47203
1124065813,44338
405918588,4166
1732281971,25540
2708293555,19014
3954533288,3766,8420,9371,9470,18606
322769780,6347,33385
1603971173,2653
2444141588,9067,21174,36799,39492
909689534,2082,6679,7751,8082,8820,14021,16034,17403,25607,26260,26819,28196,28811,28985,30211,33222,33585,35022,36498,37966,39350,41574
293376270,3169,4653,20169
2595655675,10767,17116,42111
663355868,36189
790819069,6266,11018
1761696130,3165,6025,6052,6370,9480,13725,15537,15947,16284,17279,17747,17778,18470,19616,19625,20194,20477,20509,20854,22026,25883,36177,39212,41027,41508,42571,42740,43075,45939,47895
2004217388,7535
1273762929,38628,45083
1973033876,2119,6670,14368,24291
3550970980,8285,13244,24316,27827,31963
2537390446,3148,21033
3328652909,3127,10957,14616,14948,22181,31669,41751,44113,45243,47143
3957936400,3120,45857
2204314319,42668
1682336370,1356,6601,7817,15781,18948,41688
1202920056,34,24484,28317,32265,35062
1032803674,14727
1454948229,12768
4128809231,2413
837144895,47962
3176157479,23394,23631
3254622275,41211
767016865,1114,23479
1000491610,3117,9125,14584,36358
1006930675,12,4496
269264247,12610,13150,28301,28596,31026,32596,34579,35500,36052
2209688302,38117
3317051791,41253
4241243620,40765
4058164297,14678
3796853860,33812,36955
2893343447,2985
2913865613,16008
1964607298,3116,37341,44085
2064420682,35075
2910998605,15371
2425502236,109,1649,1747,2722,6242,6512,7205,7280,7963,8292,8982,9351,9408,9474,11734,12017,12461,12816,13159,15404,19979,20029,20448,20727,21056,22441,25380,27959,27981,31177,33177,33951,34446,34797,35042,38059,38151,38196,39043,40264,41466,41781,42254,42416,42422,44462,45486,46170,46796,47677,48189
4130084086,3104,42167
462711623,7352,26561
4259532396,1849,6922,9529,21958,31599,32068,36891,38794
4096306112,28570,39330
4108297749,37373
4289088259,3103,6149
4045715739,3102,6148,30716,43913
2637684665,15116,24686,26201,33328,36681
316291482,1014,47324
530718081,3310,33018
3683803188,3097,4233,19118,20491,29752,41719
4076624791,884
830860249,42988
3106300409,8869,14557,16953,21141,36544
3987860180,27970,41730
1787927847,724,7710,15063,18549,21747,31712,40813,42279
166379738,17766,28210,32830,38666,41272,44080
331566494,29,1051,1738,2834,3481,6174,7387,20392,22573,24033,29988,40237,42609
1645144286,44898
372461390,13669
616608624,2850
4094993470,1549
1288155330,3094
1236343606,23820,30945
718406265,2651,40343,46221
542808579,3092,3861,5797,6798,19339,36705,37408,42215
263764673,2428,19206,24877
1051968718,7130,17773,25697,39828,46820,47814,48491
3750053655,3091,5796,41878
426120256,287
2045879784,3089,3800,4676,4811,5794,5816,5975,6440,6624,12441,12995,13736,13983,19018,20842,22119,31412,32236,35804,36437,38605,39453
3824288983,2551,2815,43009
510627816,3274,9738,15274
190467729,7258,9766,11281,12887,18642,21414,21952,22985,23233,23989,25244,25902,26171,26604,30939,31869,32091,35369,35609,41553,46457,48333
1729002550,35105
1729803095,5163,14628,18138,19095,23225,31107,40539,44299
76740052,19244
3527487786,3573
4005787210,46184
3561346016,4963,9794,16671,33062
1452809062,14207,19857
3328614441,3084,17949,28624,31398,31523
2942458246,10956,14615,14947,44112
2788580509,31747,32975,47961
1765068638,7583,8184,14574,15058,15244,37206,37508,37845,38947,39754,44058
2743755573,8615
185119809,24297,39576
248703600,15263,18103,21738,32845,44476,46463,46516
422218491,35838,44744
3154555496,32614
1337247294,48486
2621940029,26956,45096
2047777338,44230
2903947702,13076,15337,41342,48078
443587845,39538
554248096,3066,4530,5502,7400,39811
1878120109,1735,6587
1214364339,6957
1656515747,408,2014,8695,9162,11014,11116,11518,11819,12508,12984,13101,14965,16565,19099,19380,32994,36595,40401,40611,41151,42982,43156,44695,45936
2052580942,3065,4529,7399,27023
699582367,833,2250,16111,16939,17029,18001,23335,28083,39487,39771,42185,42924,45755
3796334504,47426
2350087575,4181,15601,17089,36060,36654
3445112736,7724,27370
794979827,3061
3226149473,26809
1405869054,24985,26509,40927
661204793,3060,11181,25327,29899,46589
2702543160,3424,3702,4769,5222,6705,6821,6842,7065,8545,8711,9704,10310,10661,11127,11255,11325,12539,14147,14167,16519,16533,17358,18844,20040,21401,26249,34726,46250
2262268032,2547,3515,3557,3561,4054,5335,8722,10792,11060,12429,16563,16827,21301,28546,30884,32325,32992,33042,39511,40280,43654
1808714276,3059,20132,46588
1719098147,30728
977160953,40234
3075385266,23761,25125
169000641,3056,22989
3967756860,22013,42117
3772429819,468,10167
1411393878,30604,39876
2464260226,3053,36552,41200
3389643011,162
2291424707,45777
2937821502,12104,29595,44782
3789089184,22159,43376,45816
3974611812,2614,10450,30837,39996
2562851380,3039,3666,21130
3461501226,400,3990,4239,4520,5942,5947,7378,9158,11054,11087,11382,12405,12775,14005,14254,16072,18178,19781,28284,31789,32319,35017,36991,39184,40073,46717,47650,47985
1036580608,18026,20870,32856,37018,43807,44684,47206
432668297,20942,41957,43626
1077862399,15185,22137,26319,31778,34649,47564
1740795225,3122,18881,31407,39412,44907,45674
2813975481,3776
710118748,7795,28786,39854
1892761717,1069,4167,10168,10213,19534,46314
3505963410,4696,7005,10475
1821914898,3035,8509,12868,37390
4224537914,10555,11929,15577,17606,21744,32176,35783,42975,43276
86858356,2610,13321
4030570167,797,5917,14625,44853
642612587,31613,44720
1958592698,3032,3878,14992
244563131,10734,46188
2451929564,3030,3273,3876,9737,14990,15273,19135,31074,36205,44536
3779507690,34871,38318
3955799438,425,2396,5424,8893,13285,13470,13806,16173,19409,20166,20637,24179,40289,40468,40751,42092,43387,45931,48092
3908170168,1997,3668,8044,10738,12259,15098,16018,20299,20341,45214
2990851558,3029,7594,12364,14072,22590,36204
2527279607,24254
4251553023,27325
3961615049,261,1358,3679,5516,6603,6775,9013,13253,15667,21221,26734,27403,30647,36212,37141,37434,37728,38028,38342,40463,40506,41222,41690,43870,47247
1539666848,1397,1427,4438,15254,18557
3680067041,3378,3935,5173,27596,41875,43826
196273602,1622,45218
1076274173,1743,11367,22438,35410,37611,46622
2888722942,16166
1939926374,3870,21808,27349,34284,34473
1681344152,8401
4128342419,3020,15645,22092,39025
1834878682,4080,22469,25377,46385
3859770823,3009
2652352868,28475
4114060293,10294,11307,16515,29625,35582,42756
4211344650,3003,19937,21856
2718853474,1093,2542,6157,7114,9238,12121,13928,15230,22019,28612,45530,47607
794065312,3000,48042
1237863518,24367
892926865,1851,3178
2817690013,15956,21832,25829,27424,28539,29876,39918
438921038,2996,15548,35030
3688698301,394,12720
3704505942,25667,32364
2805194385,2995
3568294130,10534,17048,21468,21774,39437,43971
1135357967,6152
2629685192,2992
3925979027,41996
2152303254,27228
3806935034,17835
1487803979,605,13912,31781,34915
3941364394,4096,19195
2586727681,844,20143,21420,36161
1968641363,24933
3756827841,12312,21756,27282
4062871866,41122
484119863,2990,3508,5763,6079,7040,8405,26559,28782,35273,37544,47818
3462951800,3907,37080
3199712588,26997
1608215569,15291
799909422,39010
1506664016,4229,5938,10497,11509,11962,12544,16337,23949,35573,47752
971089989,2952,5725,6961,12896,16170,18418,20241,28437,31591,33532,42540
3666837682,2979,3772,7217,7642,14959,15103,16768,17632,19084,28246,28500,30343,31648,34127,36585,40340,44514
808954509,6234,19737,25567,39816,43942
2796961531,29709
4171152533,14978,20113,20761,24165,32761
1497587496,5646,18478,40210,43375,45815
1728306868,2977,24376,28671,29236,36583,45207
2487890124,1215,1329,1810,9410,9619,9670,10799,13371,13514,15609,18765,26155,32518,33767,34243,38061,40231,45953
1509409708,2976,45206
280716354,18446
3835577264,4838,27943,32677
1536124152,11172,13080,15295,18739,28073,29218,41096
3585490485,9764,26535,40973,41551
2991090647,4253,45716
260580545,28886
4177948287,2973,5584,9770,41836
4125483351,2967,3690,5200,7429,16389,25775,40841
686391368,29651
1347922425,828,8002,8496,11648,36786,38148
3073881973,368,1964
1884907912,2948,13881,34248,39031,39075
2020176842,32377
2046253880,22613,46899
750530097,6758
2846070131,47216
4288973850,3539,30833,47497
1099975423,17748
3284557422,2941,28001,28942
2847981104,30994
712780426,771,6750,7627,14498,17209,23786,25415,31969,33902
3210254265,11781,29536,41245
1071745713,10263
1987907553,2836,3222,5558,5579,5756,8005,10009,13220,14872,20259,22447,22575,34742,35413,36067,38438,42446
3275192788,31256
4221584884,10750
1735956777,2932,4636,4919,8661,11310,14998,15565,21810,23389,24235,27351,35395,39714,42659,43270,43369,43675,47931,48242
3576985328,5325
2496999574,13951
1380697719,32757
3195875497,2929,5333,5419,5782,6565,8274,8646,9225,10961,11212,15149,15324,15761,16733,16825,17596,18258,20377,21299,21751,24339,32139,32990,33420,39234,41912,45247,47883
4110448565,2923,21478,38077,47682
3940535510,3651,8898,19138,21955,38452,41230
2417686364,5890,16506,42761
3320883487,2918
3013759032,22933,22958,33919,39007,43614
1686538536,2917,8659,17478,23387,30271,48252
369686624,1779,16012,21923,32451,33671,35613,36230
3849245787,2266,33144
1024712097,2912,4823,9885,13072,20364,41103,42236,45026
3635672925,32069,36892
400808858,304,10425,31796
1141098420,18585
3187111984,3513,5818,16379
940474864,1323
989766119,420,11154,26048,28616
1586771436,2904
1173379603,28765
2117560983,4315
2850603984,4845,27421,33895
438528974,919,3252,5160,8294,11917,13560,16700,17435,18135,18953,19033,19981,21352,21910,25382,27365,30917,38718,44109,45024
3478329808,34187
2124998879,2901,4639,18672,20943,21731,21843,23068,23179,26753,27906,32602,34151,35631,37189,38335,40416,41358,41958,45415
3790938126,2900,4638,22266,35646,40415,45996
4109137169,45468
4148818500,15529
2212102754,1803,1949,2928,5231,5332,5418,8129,9016,9167,9224,10829,10908,11222,11421,12418,13256,13613,15148,16732,16824,16909,17178,17595,17905,20337,21298,21599,22351,22462,33622,35780,38180,40781,41911,44225,45547,45606
3039861327,3911,10729,14677,36312,40546
3533128968,3160
3574211542,4295,23671,24064,37730
2012662868,3838,4279,7055,9021,9341,13345,13960,15942,22051,23966,36480,38005,40800
3866962708,15093
439220929,2888,5383,12923,40609,44693
1495731052,11848,32916
3922514184,28651,44926
4247129552,2885,28370
250115683,24512
2080434295,3007
1933743006,9245,21627
3056372545,16585
94976507,4493,8235,12863
3270563101,2879,25426,26670,32684
3823200180,2876,4846,11546,25827,27422,33896
1629706972,15309,23553
607957737,8611,30829
2310481003,38050,40317
1328647490,3028,7593,14071
1882848840,1098,2496,4703,7604,10692,21074
24806633,2690,42692
1621138132,32496
3034286923,2856,6083,14862,25406,29502,29540,29558,30810,35550,36637,45011,45275,45685
3527606692,643,39808,43729,46334
2215422484,821
1539852551,988,45153
3287058019,1721,10447,14314,15081,34388
752671103,396,877,6058,9093,9229,9324,9808,11007,11091,11351,12217,12295,12552,12619,13188,13846,14180,14711,15396,16270,17083,17320,17488,18325,18454,18501,18532,18717,18762,19358,19526,20018,20531,20745,26109,29688,31625,34120,39734,39948,43784,44825,44868,45021,46109,46484,48165
4247022036,42646
3662474626,2853,27137
3048917488,34497
38436416,2848,6261,6805,6889,8331,15075,22855,26884,28994,33650,34865,34943,36307,37154,38257,43058,43415,45140,46613,46756,46884,47922,48193
24648399,35850
2282406379,5406,15198,21457
3676556721,31253
2089339751,2845,7690,18310,21766,25717,25877,31159,32803,34019,34503,44601
1230609198,7641,15102,16767,25719,28245,30342,34021,34126
583827324,34105
1277450435,2841,32574,44401
147303180,20302
686717884,5115
2841009214,2839,32572,38602
3813074557,2837,3217,5452,5757,12203,14873,15399,22393,36715,39806,41024,46332
909311894,24260
3832752450,2833,6173,6643,12380,22327,39256,42608,47714
3387949363,2832,14059,22584,31079
1731807894,7417,44123
2318309575,48138
2742768660,1539
3634377003,23764
1152282761,9042,21864,29132,31237,35152
760495013,19917,31144
3976315613,2829,10035
2134383379,7909
2994450645,2824,3710,25665
1314029660,38216
2974419080,31897,35265
3717502422,14538,27286,30076,34574
3117810233,48037
1668168660,6373
992539911,46,37881
3674257237,6975
1398466498,3429,6106,16377
3198799152,14432,30416
675435527,47672
3676609427,13946,17943,45110
1803503178,2819,13428,25660,32004
2900751150,3916
3741285938,2818,6469,13427,25659,37515
189525153,678,5640,10329,16400,16540,18878,39409,44427
1213720510,15748,17044,18330,30426
2880231333,8239,43662,48264,48302
2210509219,2812,3554,7271,14420,15407,18155,18485,19896,21482,39113,39250,40310
3179627922,24595
3907521875,15630,20329,42298
2428434337,15650
1573499614,4019,15486,22544,23261,27879
2826557373,6452
563167715,2806
2919385661,9526
3998152187,2804,8599,13347
26649762,6850,9271,23746
2405214103,26598
3184080197,2800,5052,12236,16268,20088,21092,23385,33738,34440
1008778450,28088
2131950708,9009,47849
424581124,4286,6223,9124,36357,38775,39301,42957
356055023,39572
3724750570,22530,23519,29390,40595,40791,43345
2724491551,11565
15164336,12671,13387,24221,29237,30630,34900,37473,45208,46691
4037689680,3270,26119
3216431892,23134,27231
163844392,3590,15071,16221,19275,46136
3635465398,2798,3331,7326
1584389464,31467
4122831258,15791
1464818005,2700,5785,22143
1620925357,2797,7325,47012
3941612030,25389
3787466001,414,28348,40667
132992377,2792,2872,9438
1552987025,2784,3996,11924,15468,26530,30011,32796,34040,44039,48276
4188019795,2782,5828,12495,19463,23870,29342,32794,34769
150332800,27905
985893477,24451
4176509344,11563
3511071512,21695
2953186845,258,362,1742,13552,24845,35409,39768,46621
3651765961,2781,19462,27514
2223707170,2676,4539,4566,7263,9082,13505,21138,22373,27989,30879,39263,39542,45205,45911
4205767794,8266,25557,25752,42195
2691509618,496
3777641396,23588
2067369804,23274,34401,48120
1266924830,11240,18280,37886
1384065765,373,17199,29180
656289653,30075,43285
1467403924,2877,10770,11998,33713
588929857,6441
3500967958,10076
1378860540,221,6729,7630,9129,15193,17105,21533,22237,29973,31152,31402,38755,43355,43530
1963353605,19245
2620925938,2775
196357764,18221
1973143631,6365,25554,26046,33403
3600636520,17479
1355104245,27903
2998321736,4178,19521
3005725064,2767,24955,41259
1121862855,8781,31340,39624,40950,46128,47234
3827801276,23798,39647,42469
1342409261,9565
1810458661,2755,9713,11396,13216,19670,28707,30371,33119,34315,45735
2857857385,7596,17302,27091,29962
2977788728,2751,5388,7120,10280,10362,11073,11250,11964,12285,23527,32099,32241,47010,47518,48147
4067766248,24406
743556299,2744,3886,4749,5183,7293,7794,8565,12585,34007,39853,43586
1564655559,4637,4920,15566,22265,24403,27352,27446,35396,35645,35766,40414,44834,45880,45995
513909956,12604,13031,37956,42996
4271158106,7723
3861202940,2743,21184,43585
1273540663,6037,21740
2578086922,5629,13171,16001,26331,33054,33771,34628
1802813174,8742,18040
2205310296,22256,26984,36532,46580
4070781863,321
3643252530,38370,46805
1777407029,29812
1273685106,4035,24457,28327,32806,39155
3769865693,7656,8550,13549,20813,28945,33967,40062
3260070398,2731
1464646768,10762,12061,16178,21644,24796,32095,36794,44729
3621655946,2717,7924,10435,11986,17009,18354,19037,45682
2412227462,144,36441
2190114769,10100,43839,48273
2401717932,21114,27822,28569,29434,39329
3744984691,25013,47691
3835765701,1043
3435087031,1727,6854,9011,13635,18494,20179,25768,26844,37571,41683,43004,43610,43748,44160,44323,47098
661268248,2716,2867,3328,4694,4782,5527,6893,7003,7381,7923,10434,10473,11985,12472,13091,16058,16439,17008,17480,17515,18353,19036,19161,20713,21883,24342,25612,34514,39375,40335,41287,42770,43756,45377,45681,47026
3828199290,46495
3733843617,20537,41661
64613877,1794,2373,2463,2773,3354,3392,3641,4423,7465,7928,8501,8606,11337,11589,11709,17184,17305,18291,20460,20515,25987,32893,35541,35988,46094
3156213191,6207
3464864240,2698
2133443770,4252
1420459297,23848,40058
2242287193,11411
1600442307,12688,35089
1138056119,381,7905,23380,26053,26556,26737,41226,44295,48342
1373094180,996
4118959682,2681,12600,27530,36115
1074099318,2680,10501,12599,27529,36114
1060453204,24599,44763
3274562396,19373,21108,46038
516147228,4343,25962
2141810585,3,22214
3961721024,15307
4139277369,12512,17313,29852,43649
3542642969,6271,46680
2215900437,29463
2101742674,12859,16535
2339922098,6112,6125,30859,38156
866389432,1024,3384,4561,5905,10117,13585,14707,17118,17720,31974,33243,44665,48161
2633126699,1545,1637,32906,36857
4292243351,3376
610113477,740,14703
1562816510,2665,7456,8827,12681,16146,47717
3679584154,2663,3430
3587656306,27685
2547000308,27172,27483
318701404,793,14428,17261,27305
3548493215,7396,28978,38481,38867
3994117036,2739,31876
1365673322,2647,4525,4888,40982,45396
1565538579,38980,45724
2619138352,2638,15887,22585,22735,22823,31080,31607,43021
1109710556,1083
197417469,2633
212824625,10062,28767,30457,30623,40164
1806677350,5026,9953,11878,13326,13411,13784,15005,27780,28587,28949,31752,32980,37273,37621,39108,39760
3000730869,3519,16646
3323067747,7195,9932,13145
789325971,46343
1870005745,1824,2352,3339,5096,5125,5244,6411,7809,10316,10463,14537,15107,16038,16636,17628,19773,22341,28032,31322,34573,39999,46888,48197
2375655618,2630,5846,24385,36543
1314046613,19585
2187665023,2629,5338
2754398787,22796,46600
242318496,2627,6835,8686,9937,10681,12361,12773,13451,13628,13998,17163,18176,19903,20967,20976,21264,22931,25888,26639,26764,26854,28282,29722,33917,34029,34594,34607,35874,36972,38969,39449,40768,41536,44945,47442,47736
2500258881,35918,38019,47838
677086537,2622,10839,18058,22315,41694,47915
2393011795,2706
2177144221,6616
51578012,10161
2053946882,289,33789,42158,45573,46617
140610743,2182,17042,33372
4106135190,6364,25553,26045,30175,33402,41819,43134
1128440911,12530,18231,18630,24146,26931
1346299020,8951,33880,41814
598886450,20235,20550,33537
4067955448,2611,26910,28556,33469,36502
3962688586,8076
4065155248,2607,3145,9267
934256840,9735
4294050905,19192,32420
1249492426,12571
398173971,693,11705,11729,29848,41616,43254,44874
1291424965,2602,3962,4808,13751
1203224215,16846
1847262339,2591
47756829,22001
3346376455,1644,1791,2725,6561,7875,10835,11130,13519,14309,19623,22311,27962,39338,43358
4143028838,30976
1995284413,113,4319,7658,17235,32585,34183,44062
1443346159,2589
1889033145,19634,31539,44285
217654731,9556,29245,29297,35960
919145737,2579
2927714506,11501
867523423,20660,21181,26101,37830,42631,44969,45922
3358858972,2573,3364,8350,9834,21670
2110034180,29655
3454612495,11756
1944502452,7148,17547,34600,42495
1469148512,2297,21067
218762255,36746
1456853186,2572,3363,8349,9833,12240,16305,21669,27774,29696,33427,36079,43715,44924,45849
1981307656,2694,3460,5683,8318,13413,15066,16163,16193,19589,20800,22382,27464,35912,40536,43267,47853
346251374,2571,45848
3651750983,9363,15802
3207934663,24447
3729380873,1876,1893,16486,17371,33635,36265,37335,39265
4223252088,2823,3709,25664
1094835954,5404,21455
294625250,2570,45847
4185834012,18092
1068197479,2555,24176,26927,39837
3319937984,694,4717,8603,11706,20879,20996,21153,22248,29270,32581,36233,37584,41617,44875
3324235788,22360
3153746786,2537,7775,28004
692048211,862,13445
705858240,10846,31478,32401,42697
3641093752,13148
356029889,2128,19876,40274
3920872774,2144,10653,26724,39583,45197
1615888254,6115,26367
472150396,9750,15366
247261334,14398
4103572630,5784
1315952336,26781
1878743164,3098
1422259477,25750
1756496921,2531,17979,25134,33205,36361,38103,41626
4221692900,10269,27996
1974335704,7421,24022,36850
2543813889,30294,42056
758157998,2516,2652,12351,12715,13824,14437,17214,26264,30972,31229,43647
886423198,2513,3153,19183,24714,34163,47171
102704467,9946
1199438383,31214,45983
4191321164,1752,3868,8477,22318,43317
3300454630,47095
1649731834,15684,28813,33224,42231
645222125,14729,22117,33570,33631
36401221,2512,14228,24231,33956,34162
3260540851,11177
344670518,8990,12932,13916,14968,18411,19862,21511,32557
2412701251,7129,25994,39785
3478403647,15914,17740,21874,25792,25951,32418,38358,43194,43422,43518,45348,45443
2767864101,8458
2132386075,1483,20367,33075
3501721516,15482,23563,26516,29649,36930,41354
2714642355,2508,15699,29126,43835,47060
2615499080,112,861,13444,34182
3831513559,456,5546,15370,19994,20950
1260225031,4099
1119318655,2504,3360,14673,25797,28540,30775,34410,36698,39311,40677,42902,43595,43683,45425
1443529649,14226,14264,15292,22776,24657,25309,25892,30578,34160,47420
3661502219,2501,32681
2624020471,10513
721603168,3724
522130984,271,34135
3043979555,2576,12740,12824,20753,35280,38614,40940,42436,42849
1957084043,54,5985,21185,22242,44851
4051299379,3158
2531584134,8614
2795012080,552,1719,2596,2693,3459,5682,7712,8317,8759,10833,11139,14381,14618,14950,15065,15079,16162,16192,16231,17407,18551,19467,19588,21240,22381,28322,33390,37001,37586,38479,39672,39681,40535,43266,43863,46861
1167070268,2500,27171,27482
345194422,6566,10282,11213,31476
3083513345,2866,3327,4966,6892,6933,7763,7922,10433,11984,16438,17007,17514,19284,25611,29030,38729,38999,41286,42769
1036708672,1031,4103,5788,12958,15425,16628,18860,28292,28519,32723,35167,35600,36370,45819
3808651825,732,40351,40590
3961317521,2493,6628,11859,12081,12396,12679,14461,16451,30539,41397,44628
2953139151,41368
1334614039,4016,25400,48463
2494163079,10809,31418,46362
2592314485,2480
2928182919,1077,3591,19276,29562,46137
3858042529,33981,48077
3428328180,8767,19550,44018
1741296418,3074,18479,25934,48074
1190661703,6116
1990179791,24030,28099,38976,41831,43471
3654771821,2475,5377,27918,31023,32079,35469
180985280,536,4664,12588,24184
3134711315,2473
142340814,363,13553,28734
1719824050,38348
2516908396,22029,25807,40648
786435736,1020
2880879650,1886,6443,7919,24115,29121,37462
3197728564,38958
3025013192,2466,4583
96087094,1362
4251275713,28166
3639485766,351,11721,26094,30372,30914,33120,34316,37139,38647,47183
4109269215,14001,15786
2578862505,1107,2994,3501,6326,21254,32943,42876,44206
981504518,12342,35903
1932385735,35568
4023581688,3050,9862,32527,32566
1432297412,40311
390321723,219,8653,26597,35052,47169
2956768450,2455,20535,45321
642039225,2446,38695
964876344,11019,12634,36088,39090,41696
1758300051,2445,38694
476251234,8373
2946007383,25228
3838644453,23037,25215,28702,40443,48331
3270775149,46307
922401577,5645
1982151675,41171
618044844,7836,9204,11188,19457,30470,46291
605469231,837
3987067825,2444,8021,20380,38693,40680
4279921025,145,27840
2272400571,641,2397,6027,9219,12303,15539,20191,20770,40469,40532,43077
1335552507,1630,32540
3636041025,3643,4328,9086,12465,15524
2284317527,10754
188455775,22,26135,28414,34705,35740,45610,47967
1753292001,2443,20379,36078,43246
295705240,2288,22405,37664
3303527200,431,1266,8469,11481,19377,21818,22042,22522,27082,33510,33764,37050,44556
1660438239,6195
3014887379,2441,3555,13918,15408,18413,39251
2109572318,2707,13030,37955
246626908,37977
2484968015,3001,48043
1701785257,17942,22864
2317533928,5273,38893
454067429,2437,9851,16328,19168,42223,42522
4245500256,45927
2161677463,2575,3366,5136,9836,19890,21050,21991,26975,30453,35279,41275,44399,47137
1017091437,9732,47846
2027538523,2689,26247,31623,38820,42691,46683
1145854858,3658,6868,9259,9888,13094,13979,14646,16928,20838,22562,22643,25844,32102,37693,40158,44375,48437
342223432,1887
543785043,4251,16483
695353050,4330,4660,16649
1932352455,32020
4015116840,5480,20445
1423611031,39725
1615537002,1153,6291,7534,9878,13276,18621,19240,30788,47223
2173180059,8253
213441791,3493,13131,16799,19798,20809,41181,47127
1619716512,2412,16007,38865,46634
4099647122,27543,30205,44002
3275949764,2409,2762,13999,23006,38080
3183844165,2403,6507
2346768627,2402,6506,18766,26190,28663,32471,34696,37009,38062,41770,41828,45980,47092,47274
2879256297,32036
3305873073,2395,13284,25763,34544,40467,43386,47710,48091
3042447125,33311
2699978940,2386,2471,4837,17206,24623,27621
1521479334,28654
2765534057,5888
4710109,37814
3748531949,2376,5438,7406,12213,12569,14995,43831,44355,46722
3304191636,2375
2266109744,32331
1947858227,6916,20223,21930,36561
2603122355,1121,25154
2436804535,2116,6667,10165,10976,11236,17717,27872,29908,32014
2216814654,3706
1133700384,10918,28682,29038,40833
3452190083,7807,16715,17005,46065
223549318,2367,7849,8445,9099,9492,11226,12289,17059,18364,20849,25462,25638,26387,28310,30019,38460,38815,39182,39610
3218026037,14119,17582,32479,47077
2510853977,4312,10801,19997
3127063066,10730
848327218,2359,23170,23674,28162
3552707870,4104,5630,5789,33055,36371,37645
990955095,1499,5098,7893,16638,32461
425841005,45462
4196570413,1722,2124,3649,12636,14626,15082,19093,21769,31909,32505,33507,44604,46879
3031483508,2411,15502,29472,31705,38533,38885,41135
2198072689,2358,23169
1724155898,3031,3877,14991
656572865,10715
1758041395,24313,44957
58039350,2356,5216,23167,25038
2230283117,13754
3633946394,3233,7354,9973,12851,42058,42723,45633
2915579477,2355,5996,16510,21167,34956,40890,41324,47129,48256
3336121900,34930,41051,48249
2258956516,39963
81420975,2406,7046,8357,21097,33486
1750724268,20819,30927,42612
1129005745,35858
2537668839,2349,27145,38052
40724161,35320
409451025,4039,6457
1373788910,2347,13631,23773,25521,29428,30661,35947,43018,47904
498700332,33932
2956656640,7715,18695,37478,41964
1204422907,26032
3030705677,794,1474,17262,30726
1055096753,410,1842,1847,2595,3458,4826,7268,7301,7901,7926,9164,9479,10437,10481,10832,11118,11520,11821,12664,13578,13699,13724,14522,15946,16283,17075,18013,18356,18469,19101,19382,19926,20553,21080,22354,27359,31891,36176,38749,40403,41153,42984,43158,45938,46914
3875033007,3610
2790801955,24388
1454958107,2345,2890,3484,6716,7390,7749,8937,10052,13704,14240,17963,21556,22588,23771,25983,26097,26258,28194,28712,29241,30122,30659,32124,33123,33135,40821,41572,41811,41982,42400,42532,43016,43115,47186
203748232,20895,31273,44151
2572414041,16936,34950
969259887,4426
872199710,5635
1451085977,2188,38386
1454556248,23576,48030
3461603610,23149,25967
3761438394,16103,16301,31191,34282,34870,38317
970962123,2339,5093,8493,24526,25336,28872,29996,30033,31809,38208,42141
476930709,2337,24464,25549,44660
35628966,4010,4361,12394
2269012363,963,10256,10343,15637,15910,40597
926772944,2335,18371,24462,27067,45469
860765615,27704
3551875343,2859,7871,26324,27510,33749,41042,47616
3784137685,2334,24461
394480035,246,2862,12562,32138,32989,38429,39233,41495,42382
2512326419,17767,27762,28211
1789206374,390,19701
611239189,11934,14923,39158
3440968437,966,1293,1712,2860,4155,5018,5611,6813,6951,7235,7872,8226,8588,11418,11772,11991,12072,12107,12144,13268,14597,15088,15769,17554,19187,20009,22308,25689,26187,27376,27511,32987,33750,33939,34539,39335,40307,41043,47617
2599791084,12578
3935114808,1042,2644,41281
1252640093,2844,3672,5902,7689,18309,24288
1464770670,2329,14621,31386
1204053745,15871,15976,30494
3347439213,19214,20351,44046
1409483244,568
3402865965,23223,26986,33761,47280
2417736706,4399
610628833,21434,23060,37488
2714763387,2328,8033,8438,8761,8985,13035,13864,14620,16233,20202,20412,21788,40520
1302309651,13974
2462399136,2320,9282,10456,41989
3935419362,21733,40418,42960
799954818,18565
3656727763,2319,10222,20913,41988
2358044066,26729,31632,41457
1042963665,2318,22404
4187031996,3209,29913,39539
2261152185,15133
3579279351,28878,47807
2018934,9799,13043,25085,27992,30584,46199
958568146,2316,15974,26666,29106,29835,33524,37098,43053
3545168236,1925
987876563,38281,39082
3723496230,27170
500208037,2298,2385,4836,5397,17665,48406
349135999,12042
3626612440,3959,40097
1332261417,2295
873809398,20430,45521
3238359467,3784,6350,13795,15792,38767,40099
3306612385,7502,40486
2834489097,2292,30072,33035
3815727918,5169,24856,31561,36014
3551079982,2290,17537,30358,31485,36002,37666,45460
1172054807,6317,6614,32358,40014
3068301147,15036,18747,23723,25263,34939,46835
1759287362,5528
2262526816,2289,17536,22406,29223,30357,37665
2445456040,6522,21528
982084456,299,557,918,3769,6582,7394,7819,8118,12725,13343,13559,16699,20200,24848,25770,26439,29800,30916,33696,36478,40659,41866,44162,47100
1462002223,25960
2258001366,3749,5386,10360,17567,25989,45903,46360
2715610230,8338,9874,11166,11598,36047,41400
652642841,9962,13440,20634
3969744283,692,3305,5202,9187,11704,19107,32302
1604243749,25687,46657
3447222566,3839
1413743565,2285,9905,12950,16614,17687,26996,30349,32038,37661,41985,42941
2633956899,717
754707887,29073
3814135689,22795
4052610251,9276,27802
565102107,14397
2452852423,38913,42284,43533
2280214202,15585,17253,32525,36344
2764480708,27131
1162465910,2004,3013,3896,4221,7706,8882,11700,13472,17571,17923,19009,31924,33082,36901,42392,42448,45942,48217
2217687962,31658
3783909646,2621,15736,17935,18057,41693
2206120262,13897
4219337064,2274,3598,11289,20511,25885,41066
4281522018,2273,6640,8112,13120,15459,17779,19072,19617,20510,20620,25884,35791,39213,43790
429588495,7559,11897,41219
1128263926,193,2252,3698,7096,7879,9700,9826,10613,12020,12057,13818,14143,15387,16430,17891,18003,19300,20032,21315,21656,23318,24905,27406,28922,32178,32457,32661,32727,33655,34449,34625,34774,36769,37222,37350,38392,38473,40376,40709,40936,41668,42926,43712,44466,46261,47413
3578358952,29843
1352944182,2267,33145
3725750013,2794,9440
3678708033,2265
2700632532,21729,23012,26005,27119,31211,34058,36784,40621,41121,41905,43263,47132
2292040836,5877,18632
231640671,2264
3002767453,37841
2658778683,2098,3302,3438,11608,37838,41241
2731602582,33348,41014,48056
3809081549,30911,43989
658205801,1461,12174
2364837355,34466
2746789956,11946
3514353621,37740
2151087323,1297,15884
1913384331,11574
1255066524,7564
358283980,102,2141,2758,6031,10649,11867,13555,19204,24518,24874,36150,38268,43233
334975750,2241
3301534701,17353,20107
1167486846,1010,30745
663335610,2240
1959466241,15620,26039,43465
1478633659,42625
4037140838,4957,12506,16878,43107
2432144358,22714,27755,30084,37873,38404
2168049381,13303
3529027845,3062,12190,41844
2697727631,2238
2165930463,2325,8429,14339,27812,34918,36749,46759,47003
613112286,36858
4243853432,8328,15072,16222,48311
2873158100,8461,9557,29298
1779488433,4189,4454,6865,7160,7974,12340,12906,13023,16315,19328,27356,31577
631678781,34995,45288,47344
2107807272,24404
3929038813,17226,35588,42107
2548125346,2226,22362,36828
105149478,1877,5571,41079
3707729701,4550,11469,13768,20361
4294317778,14911
4023672027,5445,29031,41746
649699788,2222,12723,23823,32121,42599,42922
3253221250,11628
2648156332,2209,11999
736590890,192,5037,9699,9825,10612,12056,13301,13499,14142,15386,15891,19386,19769,21655,23317,26495,27405,32749,34624,35045,35450,36842,37519,38888,39863,42015,44465
4254851919,549
2910855782,3023
2060613026,2715,4617,10472,19160,24341,39374,41745
878943377,12501
4276441964,15927
1925268380,3175,29508,34923,34928
838017578,46687
1928598397,18180,33207
1316281477,2206,4449,5165,5949,9457,21829,25428,33724
2169238725,1592,2140,2405,6030,7045,10648,11866,19203,21096,24873,42563,43232
1188603515,2195,43670
2472420011,1508
1369407789,2044,23970,25803,27800,29324,34765,44561
900944471,2193,2306,6239,18358,21919,22356,27361,38193,47017
427948387,2022,13382,19953
1720630,65,16099,22750,30334
3019121957,2186,21276,32709
546685622,3541,13621,22759,23768,23907,32412,36938,37315,46674
3743365398,37903
3602008104,2181,3125,18884,24991,32692,45241
1609317550,20301
734110923,1046
2043286242,15,1631,4499,19843,32541
1923264928,9038,9280
1241505063,14496
1455983074,2179,17445,22154,27095,38274
89791306,43923
231260523,24897
3778190720,23920,37552
3963457728,10515
1373784955,2172,16855,23838,40877,41419,46948
99019824,36871
2044842345,24983
2450094553,20649,30339,30986,34205,35137,37766,38304,43141
3778994811,1689,2522,7508,7609,9899,10963,11163,14318,15220,16848,18250,19678,21071,45769,46443
1592146832,10178,21570
3499454795,1210,11617,26642,40915
1697322812,1889,17940,22259,38923,40303,46054
909221870,6438
2940612814,256,360,578,5536,7785,12332,19519,21424,35941,45233
2284746816,17566
1662067875,35260
4230122981,2167,10861,37811
1228122629,6905,9854,12046,18056,47619
1701987033,1668,5215,32253
3398371041,13306,39202
1580204858,5845,24384,36542,48175
3905077725,4276,6969
1156048789,25251,25742,34827,36875
1373855727,2161,3837,13344,15882,22050,23965,36479,42264
3403251590,2510
2887889651,1039,2248,7560,11898,19422,26732,30119,39485,40461,41220,43256
1106990824,2470
2253473216,2154,13077,15338,36246,36870,38523,39403,41343,48079,48284
3363429455,12790,26830
2687163314,5455
2635621947,3156,29337
4095715489,8830,13878,18562,18640,37307,48004
2608573085,11679
4069813209,31391
4245869253,46618
3564908810,9361,15800,39882
2320008165,35247
3480582653,16311,19991,20719,25168
3992826115,1900,4877,4929,8847,10548,12889,13374,13643,15200,16416,17617,19692,19814,20242,22711,27819,29143,30804,31383,32446,33770,40996,41628,44022
1003732435,4109,27769
2547891894,460
2876426569,2056,5586,24951,46430
1117399845,15931
3677807048,37096
270258247,2149,7568,12560,12944,13548,15282,16741,20586,23867,40269,44882,46022,47981
281274067,9630,21836
3754886706,14274,18129,23738,32114,32228,36011,36122,40187,40511,46018
3640757705,38249
1806947181,36536
1124889883,5375
914223294,2137,20878,20995,21152,29269,29659,37583,43888
3074116224,1957,6825,7859,8421,8979,9372,9471
3889782313,33074
2957464252,2134,16089,42743
2185761317,27858,41447,43981,47189,47465
4137437955,2133,3943,4651,8026,11661,12252,16088,18690,46410
329967307,12471,21882,21996
4225696533,36139
3603714157,973,1404,2826,29704,47117
1312218631,5957,7846,9489,11850,13657
902028632,36343
3188094333,1363
2995139682,32096
1161415025,3036,12869
1767452395,25390,26321,26918,31525,37864,46743,47566
3981895765,16830,32328
2656931407,13933,14010,26671,28285,33425,34236,35610,39523,47651,47986
1277678240,47944
3766466632,10891,37375,45630
2906591996,2126,14441,26174,35388
1775038244,9725,10621,23697,48236
4087680372,14594,22015,23751,33800,42119,43527,43694
2234230465,38253
69361116,2125,8311,23036,31910,44605,48330
2110062704,9837,18262,19891,21051
324682826,1806,2719,6484,7202,7274,8697,10365,19428,21485,21515,32715,40227
2477581481,5062,33309
3520157803,1765,12249,15971,23608,38855
2320716923,29380
2379737438,4508,34816
2835751282,3470,3758,21375,40838
3305203434,2122,3647,7640,7691,8925,12658,15101,15809,18311,21675,21767,22169,25393,25718,25955,28244,30151,31351,32503,33823,34020,34504,37285,40300,43071,44602,46051
21542066,2221,4028,9347,11864,12722,15592,20255,21094,23822,32120
1598407052,11477,14590,25899
1586763078,14783
1890338085,3394,7336,17186
3803387999,1132
2630881294,2115,2947,4143,4482,5792,6666,8447,10164,11228,11235,11387,16341,17716,18217,23457,29001,29907,30969,39451
3987980249,3693,16758
848866282,2063,26876,29510,39022,42474,46943,47686
2911605693,2110,10518,11873,41729
2770523170,17123
3177320620,14345,14410,20748
988544691,3584,27639,39967
3327619783,11749,36198
3719442045,927,8418,8852,12957,15205,16627,18859,23252,23429,26502,27167,27867,28291,29431,33459,35555,39292,39902,41584,47831
999951804,10279,11072,11249,12284
2072372582,257,361,5537,9816,13551,24844,28947,39758,39825
2085128214,3845
1321788544,2105,2593,13576,14520,23615,30514,32713,36174,40225
2210911984,11869,12385,13557,15951,17284,20198,20373,27401,36833,38270,42183,43340,44622
391717121,19996
2797491037,2104,2592,5597,6004,6432,8719,9980,13575,14519,14899,15991,20924,32712,37690,38000,39170,39741,40224,40432,41128,43551
2477124767,19134,27089,44535
3620553353,3864,6995,7345,22410,25005,28618,39420
1886647878,29818
3111641602,4351,4854,4962,7888,9793,11264,12092,14276,15050,18594,24661,24799,25820,33269,35095,39634,39779,40513,45373
1272975324,354,1651,8194,9073,25305,26420,33792,36473,39150,46798
3079131668,26707,31030
266085529,24310
721621917,12529,30960
3784864097,891,934,5276,5653,6515,7662,8714,9141,10390,10644,11493,12267,13425,16756,18400,19433,21292,22078,22377,24730,29856,30654,35883,37513,41949,44232,48363,48382
1562451867,5717,10346,10543,12201,14135,15261,22489,36914
3874574957,22938,27229,42403
2308809644,1489,3485,25068
3297318260,28771
2792710922,31123
1511387114,2100,5306,8582,10581,31066
556584473,6281,13903,14811,15022,16645,46972
1935169975,35077
1409713633,46476
3483095324,8402,10564,10666,17882,19091,19147,19497,29209,30082,36643,38541,45843,48291
3687278082,481,10126,10679,11208,13626,13851,14931,17181,18174,22623,26240,26743,44943,46091
4246079951,19,1922,7956,9103,18368,23626,25359,33606,34674,37339,42493,46327,47700
1530339034,11613,35785
2257228339,2099,6998,11465,20708,31065
3543679761,10736,20297,45212
1718643732,2671
3129107064,31724
1883677070,2497
951860613,1449
3058019244,2095,16869,17994,35933
2942744320,12771,23500,30964,35665,35872,47911
1863760676,2094,16868,17993,35932
3582373405,16135,31319
1201522244,640,1853,3166,6026,6053,11698,11880,13726,15538,16285,19209,20190,20478,20769,20855,22027,24637,31922,41028,41509,42040,42557,42741,43076,44795,45940,47896,48215
374208946,32354
3465803818,25481,35015
3406898519,253,2422,29401,34837,42908
2018090352,34107
1391892192,25098,30821,41085
1647229890,2383,18362,31567
26926506,1991,2148,4881,11408
857656601,28564,43523
2132428744,23269,23437
1575508036,11298
4163846935,2088,12187,18202,21342
250414338,2087,8215,18744,29926
293058174,36488
1937856584,7703,15713,19749,32843,43605
2677576041,24884,43200
2226255799,3428,7822,16376,20251
207178770,4397,38669
3772536141,19202
786371025,31076
2473611961,2086,8214,18743,29925,48309
1008409267,48349
2216131021,34793,44010
3370934512,15357
793123979,6472,7657,8551,40063
469467053,2083,8821,16035,25459,25608,37343
412634964,39416
3766877557,30635
3626741298,14666,37533,47367
1093358221,1165,7771,8260,12926,16503,30469,44327
1917228033,976
2589730053,3774
2309260984,585,4732,8998,9895,11843,14351,14836,22539,37268,43419,47260,47925,48066
577151287,2073,3483,7389,7748,11777,14222,14300,20680,25028,25982,26257,28711,32317,33134,34491,41374,41810,41823,41981,42160,42619,43138,46195,46627
1405407403,1368,1988,8832,22614,22648,23157,24080,24883,27103,27646,31327,36764,38973,46858,47320
2600773128,23999
3254270872,21116
590332386,5458,13400,15225,38809,39689
244285433,2068
353998385,4045
274735348,1926,4255
3354776856,1748,2309,15405,20728,23378,46171
2911965433,2066,2567,24482,35060,43379
3321979882,2064,12345,13359,17341,23827,26877,35625,36267,36982,39023,46944
632943164,24405,24738,30097,41123,47160
1958604496,2202,8855,22384,34380
2302195814,127,18529,37613,45018
3442152702,39586
4154847923,259,5991,24846,26235,39769,42147,48299
1508795756,11279
3410487077,2052,24858,26934,36016
3963539241,11746,13773,24202,31914,45741
3010976320,20930
1497458452,2051
3970945856,42060
1448339609,1686,3487,4803,5130,5862,8706,13948,15659,20835,25070,41796,42954
1774616368,2,22213
3825911313,27727,28825,45398
775444558,2049,38860
1900452828,2324,34917,36748,46758
3055721091,2606,3144,9266
3356746357,36622
2553176797,2433,41443
2414412526,6442,29120
1142706876,629,8365,15163,15437,21215,41498,46179,48324
3400894371,9627,12728,26348,29253,34209,37832
1904123487,19366,20807,23692,32924
1150115095,13857
3093722779,1194,4418,9432,11663,11693,12822,38612,42579,45225
2306062503,2882,3918
2187228479,2040,17830,23850,28133,33872
1184258200,2027,2964
338615436,38731
471649477,19403,40236
684945012,2026,2963,14867,28524,28591
167316092,15948,17280,18471,20195,36178,42572
2603100975,2023,13383,19954,27413
539192212,708,3683,17137,17492
1989938374,1854,4220,7679,11699,11881,13471,13525,16286,16366,19410,24180,24638,31923,36900,43388,43484,44796,45941,47725,47865,48216
2610178968,30621,37345
1104077281,1781,26370
4293484966,2019,3904,14717,30847,42373,42787,46659
4158053499,2017,6949,11416,11989,12142,15767,26185,32985,39333,46538
3117799863,46925
2779158407,10230,13262,19740,19755,21453,41306,44095
4057730323,23121,25275
2228452804,20321
2246777906,1282,6305,14100,14246,23922,29249,35302,42804,48477
1473159112,3011,3848,5451,5718,6697,8486,9598,9959,11542,12202,13836,17876,20398,22392,22728,24162,27338,28495,36714,39366,42367,45178,46331
4043810045,6743,15855,44252,44906
3881767306,12484,15535,44733
4089603017,26645,36894,42311
3620378546,24504
824490484,2008,21638,43305
1613746087,3883,3976
385397730,2440,7347,41847,45761
458536512,4262,18050,44307
1475310472,48392
73528236,39057
1789417910,6035
3876789649,4870,18939
1657743878,31821,40448
2895102691,34147,37120,46523
4273951383,37208
979097686,1724
728349004,1858,26360,37185,38331,39152,40295,47919
660047499,39657
2825136012,1316,34417,38559
4170695088,2001
1629212117,6319
2509775864,37779,45147
490428181,26810
2178901085,1022,9522,13887
2356798202,3464,29901,34313
4272099069,6718,21267,32126,33137,36579,45854
3749375327,5520,11134,21567
1026310457,607,3351,5106,6263,12930,13914,14502,15077,15757,18409,18919,20475,24839,29998,30420,46938
256158697,1998,20300,46572
1309972095,11442,16215
649399365,13449,32333
1631677037,7638
2300060859,23054
2004339035,1995,6097,12257,20339
866354538,3010
2887918130,23191
1066140224,15100,38845,40743,45216,46050
1461126849,3777,4041
283704049,1979,7063,12293,12550,16181,17641,18814,20038,38711
3024344490,37069
2458008873,466,5233,7172,14365,15599,16764,38133
2413647048,1442,3735,4219,5111,6816,6955,7526,7678,7841,9218,9990,10406,10875,12819,13524,15512,16365,16873,17558,18773,18923,26465,31675,35889,39983,41756,42912,43483,47864
2782706865,1974,2112,3208,16711,29603,29912,42269
3536198822,545,808,1027,1498,1825,2260,2353,3340,3872,4545,5097,5126,5821,6412,6436,7329,7413,7892,8475,9550,10317,10464,12223,12831,13994,16039,16382,16595,16637,17762,18380,19774,25616,27968,28033,30488,31251,31323,32460,32634,32868,34286,34452,36772,39218,39630,40000,43204,43286,44196,44521,46889,48254
3510778083,1972,2164,3797,5120,5224,6621,7342,8088,9298,9574,13143,13474,13980,17107,17573,17913,19345,19811,20839,22239,31989,32470,34695,35424,36041,38561,40159,42267,42331,43131,45944,45979,47391,47601
434247710,3241,23486,28297
1487730117,27829
2378892872,9305,32872
1560262360,1971,4231,5253,6942,8166,10388,10499,11511,12858,16852,19344,21579,21759,23951,24970,25991,27851,33159,33344,35575,39819,43320,47310,47390,47754,48380
1492175034,1946,3595,4174,4324,8789,10157,16006,38639,41060,43207,46633
2247588724,24954,26003,27117,37129
3430848757,4502,23512,28511
242526891,3288,33399
4200201241,31425
2569566837,14904,18804,21879
57447987,1945,4173,8788,43206
3032312043,7017,7747,18439,20579,24932,26256,28710,30055,32316,33133,41373,41809,42126,42637,46194
2051305242,3194,5100,16051,31931
1114031392,3565,28855
3250754054,26659
894528574,5667
2638938401,14382,46862
10088605,1944
3139882262,24788
633588382,10335,16889,31247
4294113781,7958,8354,8528,11888,18462,22030,25808,27570,36390
1736966404,31767
2386852643,229,292,2961,17135,17223,22525,23505,24691,25297,25597,27891,28375,32111,33279,38214,39972,41787,48014
217874529,17742,34424
7869362,15928,28655
3919167977,28167
3299128000,22408,22654,23210,25551,26043,28528
3225617380,43219
2634717871,831,4207,11651,19406,36949,42709
1352756302,42291
549074335,1928,7561,14750,23824,24757,27886,30120,32122,33147,35704,41899,42600,43014,43257
3945238632,3236,7087,10246,10864
1184979764,8048,14068
1038762406,46559
1672969343,1927,20354,33253
241940588,26973,44978
2990169048,12491
191250087,264,10155,20558,31620,31853,38398
1035335484,2465,4582
509439006,864
969270933,1911,2341,5123,8795,9286,19393,28996,31992,32777,38210,46886,48195
1933173084,1554,3045,18648,20782,30942,38231,39858,40369,40884,40943
3032695822,9151
2404667554,31213
1770564799,3076,9576,10722,13373,17616,17915,19313,19813,33769,35561,41021,45540
2697459988,1938
3024255764,1202,25806,35982,40647
1997583830,1906
2812613406,37980
4069829601,32560
3421267221,6386,6422,9911
3527947677,1191
3652326493,25467,27741
1424502824,1891,37333
3014016685,34457
3550079382,27568,42321
3411395512,1514,41705
3796779291,24246,26126,36965
2238584395,6796,19337,36703
2551807532,51,29410,33367
3849523946,38880
47419798,5955,9487
86584401,43413
3087964037,10585
1943735416,8929,15288,25581,38292,45803
244122400,1871,12582
2509659668,43170
2839480193,29382
408866347,21013
4010315506,83,22635,30549,40618
2365298595,12206,44366
2340010794,5713
2671170307,25936
1945399956,17541
2204889173,7798,9894,19184,22538,24715,27834,28797,37598,47172,47924
131503326,476,1272,2639,13046,15888,17378,19684,20164,21681,22288,24060,25303,31081,31608,33172,34179,40778,43022
3117149540,33435,34076
1597383312,584,14231,14835,31966,37267,43418,48065
2142480844,18207,26823
2936731979,18074,37084,42760
3330972048,1252,18587,27136
2064211172,1860,6888,8330,15074,18661,34942,41816,46883,47921,48313
903347258,18096,20383,23609,24100,27669,35986,38413,38832,42275,45920,47230
2606799361,1621,5922,11448,21973,24806,35689,40992,47612
3127461538,1783,5005,5524
1825514785,19508,21722,28560
1841298269,10794,17139,40282,42161,42620,43164
904961471,15236
2316503637,1841,7900,13698,27358
1395443631,21410
60191989,23099
2111488858,14513,16207,25423,25929,29284
2350220023,20429,33815,45520
324510105,4400,10072,13511,18909,29393
1113349370,6983
3007663069,12333,13788,16126,20815,35942,37276,38041,39651,41591,47744
845500476,1839,2419,7898,8433,9402,12426,13696,17818,19280,30042,35901,36398,42429,43243,48419
3710497175,5046,18701,20931,21505,21535,26334,28915,34728,36903,43532
3824433236,20186
160608799,1080,10382,11160,14170,14648,15574,16930,18847,19505,20939,23166,23326,27690,27892,28119,35577,39973,40272,41954,44267,45329,46140,46215,47825,48220
1397955097,14722,19705
3411184752,1819,1855,8488,16367,20471,20671,24181,24353,37231,43485,44797
3696482490,15977,31818,44496
1622865931,11096,21762
4004954490,874,10307,17980,32855,36362
1538089763,3862
1662366167,624,2838,13020,22394,28385,38552,38601,39289,39391,43078
2069242925,780,1953,2159,2617,3835,3923,4376,4382,6008,9181,9214,9694,10275,10413,10572,12004,13084,13200,13804,15705,15743,19332,19395,19944,22760,22847,23088,24336,24689,24832,25942,26153,29744,31812,31886,33154,34241,35507,38212,41279,43393,44486
2989038131,7109,7633,20274,35510
3129386200,35347
115825637,1804,1845,9477,10830,12139,18467,22352,31889
234809509,347,1827
3491796074,698,2729,9843,13403,21685,38031
124380652,4730,23381
3740976649,1198,6917,20224,20656,21177,22364,23002,25280,27534,36830,38220,41663,43337
640266908,41671
882083859,134,27496,41557,42309
2330263357,1328,26419,47595
3648449351,26695
1866843609,2283
872775403,2461,3550,4316,4970,7187,7767,8110,8899,9940,10152,10443,13454,19139,21956,21982,22034,22954,25985,26099,30509,30757,32738,35789,36556,37680,38942,41231,46270,47089
2465146725,7061,12875,19849,31038
3430912466,31199,36694
2640337289,3611
2964488678,3827,17369,20956,22515,25082
180953027,1780,36159,36231
4111536772,1566
3155080338,2045,4872,25804,46509
3299525743,2363,3697,5280,6188,6572,7067,7095,7708,8841,10312,10810,10888,13817,15578,16429,17607,21745,26251,28445,32177,32660,32726,33084,33320,33654,34773,40935,46260,46363,47412
2780640715,1456,14695,23254,25916,26678,27003,27765,28582,31128,31946,33384,35628,44097,44574,48226
2575599074,6724
1767437803,23029
893510921,16688,31468
2699087746,255,21423
432930393,36790,37036
3518475384,5638
665438875,3255,7552,7608,14317,15219,16847,18249,22131,24112,45768
3260868892,416,11982,30090,31884,40669
1114967630,5730
3883887804,4531,7401
3624736244,1730,3280,7439,9146,9762,10124,13420,13624,13849,14284,14929,16704,18031,18441,19965,22724,26238,26533,29012,30057,30626,36459,38773,39299,39555,41549,41859,42888,43109,43599
987843437,1034,5239,15582,16631,20042,27860,32588,37772
729844990,1769,5758,33490,40686,42200,47456
431577682,1976,3752,7057,7850,9100,12290,12547,18365,18572,19413,23968,25463,26388,34763,39867
685308755,3899,12919,17382,38466
3791604872,4305,30278,32653,40671,46482
203064976,2053,24859,26935,36017
1283847618,3454,15544
2762275312,23683,42170,42675,42684,44012
644165177,5879,8223,37899
1941031417,18794,20773,30106,30642
3114240404,1763,46120
2686751408,9785
4080853244,674,12714,13823,16461,31228,44425
4070923252,26273,29138,35124
2158731030,7494,21916,48096
2015882788,11653,14751,18950,24267,34620,35705,36393,42601
217161637,3016,6429,10557,11556,14579,16941,22423,25945,28085,29840,31420,33203,36760,38101,38752,42867,43278
3005319546,43517
2954425603,6000,13490,41124
2357905862,46347
2325888197,3058
3602667235,19885,47386
3770316358,24143,24396
2586619323,2315,6170,13545,14742,41503,43448,45964
1393120943,1421,30345,34393,41677
2893373572,32341,40320
1576326662,47,1377,7019,11446,18928,19785,20581,21303,24804,31628,33363,37882,41161,42243,45407,45515
2747558606,3155,29336,35420
628554957,421,6363,29065,48007
1376295839,21969,45291
3710940465,1201,20227,33488,38599,40646
2612202828,4865,39516
296969378,27433
2884485333,4524,10783,23128,30436,34220,37457,41916,44139,45728
3000131373,1688,16441,41289
1381506240,667
1267451345,15034,23231,30937,33005,46833
4005564494,2207,6064,8520,17269,20611,21830
45392355,3251,5159,11916,14755,18952,19032,19882,22049,22253,37171,38717,44238
2734438686,33937
3218175514,3851,5839,17879,36996
3840089725,1733,4170,9149,12422,16707,23354,43314
1513397035,38345
3372351821,45190
1179488948,1729,6095,11622,12387,18113,20181,20790,26237,28896,34074,43006,43342
3022282078,1728,13636,18495,20180,43005,43611,43749,44324
823966101,10477,45006,45201
2077916770,1726
4010959330,24752
1541785994,4000
3469807428,3283,12787,22336
3026443193,1706
4237728484,26633,28233,29331,40375
3164817920,2139,2404,35375
1737395835,1703,18789,31729
3383832533,36546
76652050,2135,16090,42744
2334964688,10606,19584
3816406193,30157,32409
160511726,8023,16085,20382,34906,40682
1457393201,1702,24460,30262,30477
492641952,1699,3142
3600731840,11664,18027
4049179409,13949
3683293058,3720,15857
2193151319,45897
1360126255,28667
1361909284,36073
1989264214,5312
3643201107,1694,5218,13225,25015,42845
998515838,4023,4326,10159,15490,16863,19699
1470654241,9934,11458,26540,47462
1223608648,25189,25833,26628
1381075582,618,18167,19688
367131423,22878,24923,27600
2777560116,42,21630
341153653,35984
1255117630,119,2277,4247,6344,11292,13412,17755,20900,22035,26100,26745,27463,32981,34483,35667,35713,35911,36619,37302,37829,44968
1872331543,675,752,7647,16348,17054,18517,40344
1944539697,5900,37952
1859412838,3397,5914,6530
760802663,936,7664,14347,31491,46605
2673743757,3345,4687,13719,16152,17502,22884,35560,36779,41020,45539,45886
386443025,26692
2612364124,20847,41410
222484827,31830
1195276985,1239,2007,3603,3969,5255,6637,7128,7208,8642,8812,9135,11328,11586,12135,12516,13096,13117,14360,18687,19069,22150,22913,24763,25782,25993,28055,28533,31297,31405,32673,33499,34481,37167,40116,40483,41501,42388,42462,43026,43304,43578,43930,45489,46868,47706
4138774723,37902
1354750658,18118,18222,24986,26510,40928
1881145273,3311,33396,36853
3844144109,7277,7310,11400,20824,27396,43215,43740
3479657068,27262,46367
2959007744,66,48390
4233586680,665
963001488,30298,31456
2470465593,24049,24982,25705,34682,35762,36270,46454,48373
3058196951,29351
1944047499,2922,21477,30095,35292
2773262907,11560,13352,27946
3260060000,2988,6077,28780
198214256,20887,43308
291706978,9892,11047,13243,24315,25868,46936
4236382649,505,1832,3551,5027,6377,7188,7839,10153,10444,10824,11191,12436,13785,14530,15554,17099,17903,19140,19460,19804,20215,21597,21716,22867,22910,24571,26685,28660,29059,31294,32184,33620,35286,37622,39086,39109,39275,39761,41069,42050,44614,45171,45968
1547894859,419,1384,1697,2203,3348,3387,4337,4690,5441,7360,7409,7557,7791,8856,9507,11153,12023,12827,12914,13478,13931,14008,14572,14639,16185,16413,16818,16998,19608,22385,28261,28615,31222,31380,32768,32780,33423,35174,35462,36037,37015,39187,39314,39521,39710,44056
3741452091,18447
76110949,6130,8920,12884,18857,23567,26865,35398,35606,35768,45882,47134,47545,47829
1603088959,2538,30563
2915403540,1674,23617,24941,39200
3518942469,810,9209
606749389,1669,15575
4115601060,22494
2082723644,1664,3420,10503,19605
595559726,1987,22647,24079,46456
3516895296,10732,25151,25909
2567937996,27503
602444383,290,12605,13032,33790,45574
1944721379,98,6341,24514,32819
3426093894,644,1128,1601,2108,4816,6265,6355,7496,10189,10853,11017,13692,14504,39809,41727,43730,46335,48098
1789501564,27029,48139
3089094100,527
3565023839,1642,4605,6307,7700,8807,14248,15613,15686,32016,34212,41100,42030,42233,42806,48479
1440734939,1276
3497020554,34771,42329
3386176282,1641,4604,7699,8806,15685,17088,42232
505134830,3231,19048
137017300,1705,7084,9679,10765,17114,26831,45973
3361749081,21449,24284
1203640410,3717,17563,18896,19473,20766,21583,22929,27243,28280,31919,36617,40987,41185,41347,41888,47065,48338
1741815660,5851,14127
108353596,1640,4603,7698,8805,21834,28489,32440,33614,34227
842198984,28988
1509603862,18992,23620,24534,36284,38725
1662104707,270,1701,30261
280666521,8865
2330134662,23030
1172634438,45379
3664148832,1086,2185,17111,17463,21275,31652,32708,33375,39776
4133823158,6570,7093,10337,13141,15847,18663,30329,37164,40663,41603,41870
1416158142,31274
3329288633,20211,24158,40110
586227079,4467,12713,16460,17845,31558
3365457367,1635,32152,36855
482410236,27323
320928445,852,3642,4327,7602,12195,12464,15523,18292,20516,36386,47475
620853355,1298,6650,38570
3082033512,1238,1616,1837,4989,7127,7815,7896,9134,15018,16641,18686,18708,19278,21364,22149,22944,24762,24823,33575,33877,42387,42427,43303,43929,43978
2480468794,37225,41291
4211689211,3527,3531,4092,17897,18811,24086,32431,35092,38136,42490,43762,43910,45353,47613
1407933877,3730,19387,35451,45757
4276060227,768,15301
1698061617,1609,16709,41484
2670897668,14406,14941,16810,17498,24195,40042,43515
2744083740,1606,1684,14587,35357
2743458350,1605
823936366,1604,2529,27025,29591
2733620412,34897,39703
1165327138,820
4014565002,25442,25953,38360,45350
2996992992,8670,25320,28097,29282,34150,41357
235671555,32197,36104
1948809366,3479,9913,17376,22571,29986,35953
3025245069,176,1799,5033,6903,9852,12044,18233,19169,19636,25226,27382,28338,31849,38733,40019,42523,43438,44287
2669444627,22164,27097
4035692821,21285
1794579476,6065,8521,21831
2732570374,15987,27214,29405
4265007858,1596,1929,7562,11723,15783,23825,24758,26096,30121,32123,33122,33148,41900,43015,43114,43258,43612,47185
3232048237,1620,21972
2473168513,3361,8019,20174,29694,40678
1943596538,392,14701,32042
888866560,2601,3961,4807,13750
115447908,322
306502379,20344,28217
2348100058,24130
631901780,4180,6306,10977,14247,15612,32015,34211,36059,41099,42029,42805,45625,48478
2258090504,1588,16943,36861,42121
3877655062,45718
1292942260,1583,5989,17862,19150,19513,27695,28585,36517,36969,44775
3349056943,32679,35321
1609558470,5734,5993,8531,11871,14552,20706,21164,26217,31336,34318,34953,41321
2014467669,41244,42452
61853010,3860,22979,24119,42214
745902523,2957,19178,37148,43212
1386494107,1570,30408,40084,45614
429632148,9685,23491,35371
3966233988,1882,7296,8386,11161,32254,42085
3910042053,2427,17282,26721
2925652679,6312,28832
2092704695,1568
817565926,9051,11021,37984,38459,38543
2341288489,2348,16248,27144,35948,38051
612907882,1517,3582,14664,15450,22757,26366,27637,32164,35774,36936,46672
827953436,17453,30191
709684180,7163,38205
2232722071,14208,19858
809252321,6227
1274829250,17080,44737
1052935058,10096,30170,31094,32052,35313
2063655991,37448
3131245812,1485
1723078897,20927
2864168237,4164,9154,16422
1071546723,48429
1584137967,111,13443,34181
2884900775,37607
44233539,12689,19198
1246668525,2705,19695,31826
3795118478,1138,1786,2136,17018,18416,28435,42745
2133243999,26270,32498
1257176263,20721,41807
3347531174,4441,11300,14271,46787
3534135913,1798,6902,25225,43437
1133974543,33913
4038418365,6102,8955
969398546,11001,14098,21232,36745,48475
4268309295,3986,15693,17334,29440,30364,33037,40398,40697
2251678156,38375,45323
38635763,6235,17528,24870,27050,43229
766277747,33683
3595830167,32275,32883,38071,40078
746808481,8616,23905,26033,27661,35659
1678605691,12976,14636,22301
257122156,7021,41011
2284661226,28179,31286,34658
3302927298,1555,18649,39859,40885,40944
3783721565,2578,10984,35976,36822,39637
2172318678,1192,40881
248789946,2092,22017,28087,28610,47750
3287512456,10817,20277,22417,30893,39223
3693121534,1546,1638
1770541637,5407
1351626482,12576
2509649310,2057,5140,15122,19612,21396,39928
372593548,23511,28510,47422
1382299522,6939,45100
2093440308,26129
236991547,8221,20391,24032,28638,37504,37897,41833
3714826215,159,9997,24944,32393,37685,47194
3779721012,1522,6250
1402039391,7050,18032,40783
3990069686,3570,31824
805888224,34720,45286
1617309120,27281
2574857620,2502,3358,12683,14815,16465
3224854624,1296,4414,15883,19006
1359421616,575,1444,1665,5906,7993,9992,10118,10504,11943,12253,12981,13586,13728,13838,15514,16558,17721,18691,18925,20480,21553,26848,28051,29009,31677,38933,40291,40438,41030,41148,42306,42914,45834,45933,46411
1870104733,1515
4073490907,1245,20775,21332
620247473,43269,47930
414511473,10138,16674,26120,37159,45143
2982449161,1501,4614,6393,7323,7739,10488,14556,16952
1598738742,26230
3630030,5411,6021,14936,17240,28383,33997,38550,38823,41146,42098,42596
3543501316,896,7654,8548,9800,12454,18053,22292,25086,25286,25733,26490,39245,40528,41047,46438
477045429,1512,4597,8304,8383,13483,15631,16894,17095,18889,19489,20282,24475,27739,41010,41703
3529134584,2660,40212
414545970,36896
2209954458,21491
2263697750,1980,4027,11065,11863,12721,13334,18815,20254,21237,38712
2200819371,15628
517153098,1491
44401527,1486,23308,26222,33564,38779
3087939427,742
1497162176,3263,43167
3550445999,14060
188681387,24699,44661
3290132543,27609
1919133556,24452
1074561559,1879,33008,41087
3589216880,47569
2118075895,1156,19243,27345,27589,27785
426357654,823,14244,31215,36434,45984
2332218807,36087
3605128515,33979
4154041586,5826,12452,17222,18398,19116,20272,22524,25296,33188,33766
3775186558,4679
3799919008,7486,17348,31731,44411
2368364721,1479,22977,36534,46582
1714947692,9999,25370,28679,31770
2151033842,30061,46641
2980257990,21796,29438,44101
3900959936,1033,2163,4225,4608,7720,8810,12960,13173,15427,16003,16630,18862,19175,28294,28521,31928,37004,42266,45821,46637
3683332940,1471,2464,4581,7571,11590,17306,35989
331879417,24548
2628191446,1467,5345,26437,28894,39120,44073
2350004457,32046
3195089207,1465,43540
2667096928,6734,30118,32313
3117318185,1464,8114,20622,41139,43539,47729
4216192717,6739,21372,36866
3329885293,23558,31692
559729615,18223,26511
1745181746,31355,33465,34004
1488217482,8164
2846830994,160,7181,9272,9998,15189,19912,27711,29455,31013,32394,35317,35831,37686
468650778,3114,8682,12357,35808,36388
3256131791,5934,30167
178308914,502,3115,7957,8683,9104,12358,27569,35809,36389,37340,40347,42322,45040
1487549316,5470,28041
4061898167,5457,13399,15224,38808,39688
1569715437,1258,1261,1836,4611,7895,8886,9133,10380,10642,10857,11569,16640,16949,17927,19220,19933,22148,23164,32224,32551,37007,38759,42426,43458,43928,46213,47757
545700747,22674
459290028,8065
1212851684,5765
1963813801,5923,15113,15156,21860,23352,29257,30218,33325,33617,36326,37102,37299,48107
2266382698,38203,42651
4061227030,3810
4181717095,1714
3735076965,32621
44626817,1256,4609,7321,7737,8884,9131,9706,10500,11378,16947,17925,27528,28295,29213,29738,31929,32549,33889,37005,38757,41449,43147,43926,47538,47755
3638364069,10768
3843676588,46635
1204469463,41320
1872931444,11535,25494,34739
3748446537,1029,2565,3342,4819,34288
2400823830,3372,7241,10065,14735,15642,16719,20269,20395,21988,29715,30047,43707,44725,46677
2409984695,36101,36689
488317666,6180
1875595514,23495,26480,30753,34363,37780,45148
3772017105,8123,15649
2686714001,1445,1666,9325,10505,11944,12553,13587,13839,15515,17489,18533,19527,20746,26849,28805,40292,42915,43785,46110,46412
1511022238,42261
830113229,2894,7760,16958
1903357230,3294,10910,11360,28898
3261497717,703,15570,17161,18879,26410,26683,39410,39447,44859
2732477850,28665,34698,37011,48458
1344780878,779,1952,6007,19331,19943,27895,35816
3179041562,19143
1624214152,10129
2197763556,4430,7153,8216,10772,16783,18965,22203,25105,29940,33868,38740,39848,40736
3050196253,1431,24641
1482102409,48214
1716127109,1246,35104,35294,38520
2169389234,8459,42671,46802
2239897711,8495,11647,28124,45750
101544271,9396,16237,18547,37447,45828
473044068,1426,8213
4030375408,1425
3693613185,10023,13985,22121,24190
835665068,12849
3048411842,1758,2620,3132,3249,7366,10107,11824,34542,39046,39803,40465,41692,41934,43161,43874,48089
2817484952,6797,19338,36704,37407,41038
756871737,25191,25433,26662,36299
4139807043,519,5590,45356
1683098616,1414,30702,31447,31865,33265,37677,43197,46447
2598998083,9656,37078
102110936,12059
894554574,3463,4602,8804,9637,21690,28488,43644
381606936,1598,2369,4057,8147,11333,19225,20851,30464,31595
1337036927,47953
1953344832,1700,2605,3143
4000120817,1407
353423667,905,4284,9053,20080,21027,23528,26741,37249,37986,47935
1878867183,36064
3968478254,24861
1453698833,15463,21443,29458
316953807,158,24943
3834433908,13151,13538
3332357169,915,6216,17230
196148051,2677,3828,11490,15016,21289,21362,22374,22516,25083,27990,33573,39357,43301,45912
4068371980,42216
2375267568,12148
3925033707,2085,8823,17974,28848,30772
1999294698,38402
4134397189,13634,18493,22618,25767,43609,44159,45228
1971442937,1400,25073
1559185953,13154
1171668003,1399
2446855861,311,3564,15009,24770,25875,29772,43961
1145947406,1717,2770,3410,14385,18851,20594,20935,21190,35143,35680,41262,43382
1518954428,27045,36028
3246438892,32
1384185865,1398,1428,5491
1292617258,4243,5246,7811,18540,40257
1726099422,2708,10704,31175,31258,34795,42615,47674
3396313719,1117,1197,20466,21176,27533,27554,46075
3976112549,1394,8427,29333,30620,31612,39051,44719,45161
388782335,1774,25642,40103,42688
1760449964,38113
79418947,21877
2267923584,2939,4004,7450,14185,20418,21404,24577,24972,29449,32741,34921,38176,38651,38676,39821
3831195415,1807,1958,3220,4030,5533,6485,7016,7860,8003,8422,8698,9373,10366,14027,15542,15594,16793,17432,19429,20257,20578,21486,21735,24931,24998,26255,30897,31303,32315,32716,40228,40420,41808,42125,42444,42636,42962
3493777811,10865
2962717557,5311
3790404354,3096,4232,6971,7661,7721,8713,10339,10389,10663,11702,12266,22077,24729,29206,29751,29855,30331,32962,35882,41872,43823,46252,47995,48362,48381
3374586181,336,18757,23371,39417,46081
3821197735,1348
468801157,4331,4661
3871614601,38179
1877047502,12126
1128835813,4789,32594,32805,36050,38847,41403,44034
4162839233,6795,7453,41007,45793
4183007248,36021
4003348014,4934
2962857069,672,2736,3257,4537,4564,5488,5774,6493,7261,7576,13821,20209,20320,21136,21318,22304,24435,26620,31226,35922,45732,45909
3257729865,1364
2111379666,3612
707248228,1385,2204,4691,5442,7410,8857,9508,12024,12828,13479,13932,14009,14640,16186,16414,16999,19721,22386,28262,31223,31381,32769,32781,33424,35175,35463,37016,39522,39711,42172,43672,44014,45476
3735939617,11847
1550351232,11112
30256534,4095,6294,7953,14850,16914,19194,29505,30304,30492,31034,31348,31434,34281,37484,37669,39589,47669
1934186997,730,40349
601698008,30449
2090576675,1383,4336,8570,12498
1626671006,9662
2589527795,3824
3717150247,7223
1848867713,1380,16578,20421,26528,42249
3505984352,23551,26806
1502712302,39042,39062,41465,41780,42253,42415
3794559908,23072,37093
3193505086,457,15359
1762143594,1374,1653,3763,5824,9783,9957,13834,15430,17659,18100,19478,24050,28493,30616,30924,34875,34887,35306,36271,44800,45176,48152
1150285143,2021,13381
3335740580,1527,3854,4907,6517,9143,11833,17388,18402,29858,30656,31472,32250,32259,38142
1197757785,498
2781029360,34904
2392391171,6838,42622
2291241723,3936,28109
4246423523,36824
1852603685,3615
3075127015,45402
1912718615,6867,8435,13978,43509,45294
707066708,4773,48485
2003444152,736,20591
3252614369,1351,8116,9070,18111,20624,20788,26716,38026,38340,41319
3711392895,10608,11155,12374,26049,28617,28686
3991303548,2219,11125,14203,19306,31839,38979,44044,45723
4153008203,14201,15277,19304,44042
2070822203,1350,2173,16856,18110,20787,21699,25575,40772,40878,41318,41762,42648,44274
3792007916,44526
1694426528,1300,12603
251864560,3210,4106,4281,5389,5961,11074,13661,16571,18428,18617,19838,32100,32242,38545,43038,44373,47361,48148
1661363954,4373,18209,23860,25318,25344,38184,47257
1733174059,27973,36571
1478618674,40146
400870638,12198,12324,18295,45344
2982726223,17854
1042848639,1345,13883,43634,48426
2432687575,79,165,7731,8635,27658,35656,41707
2697279656,29246
1867669918,14154,14353,21279,33340,37387
2680704495,1341,6333,15754,33978
2984200959,22227
201770666,500,7196,13146,16655,18612,37066,41431
4097363891,339,6508,6735,11731,15238,17431,18046,21053,24997,27978,32314,42635,43890
1452138988,26731,27977,42634
3220236227,433,21786,25923,31743,33291,48061
3665902947,41076,41945
1578942680,317,15097,16017
1460052989,1762,10011,18754,18775,43064,44666,46119
3878370674,10017
3330046255,1185,3560,4053,5334,5746,8725,9821,10596,10726,10791,11059,11429,12050,12696,13963,15762,16562,16826,17152,17580,17919,18726,21300,28545,30883,31681,32324,32991,33041,39510,40194,40279,40959,43653,45248,45601
664437592,38875,42165
3192418692,17081
2046658403,33661
684613140,31190
3941203456,3357,12682
1616448450,40183
1011944648,1707
567648227,35962
3108413298,3491,13129
4240641070,1457,22038,24273,25543,25917,27004,31129,31947,33294,35670
2246219559,2262,2968,3691,25776,40842
2790101771,2225,22361
686786889,13179,17675,19059,24303,43431,44334
742144760,3924,15706,16842
979520095,442,3047,38233,40371,47841
2387654430,1402,23926,24247,27702,36966,44483
4070075022,1476
1700172119,1325,41521
2343195758,6770
3710868635,495,6011,11523,20589
3858301771,1320,4947,7435,9064,13715,15922,21277,26289,27195,32710,37385,40430
2542271326,782,3139,4237,8145,15127,15499,26875,26930,31814,35245,42712,46389
2575446256,1318,2938,3898,7449,12918,13568,15439,16779,18591,19011,20417,21403,21580,21760,22500,24960,24971,29448,33864,34920,37481,38175,39820,44493,45075,46154,47467
364513976,3755,5666,10022
1524114496,43031
2981548320,1315,34416
3617449171,47699
170831114,36467,36616,48337
48689055,7680,20261,36069,39942
1545482813,46550
1446858118,37964,38237
2663351996,1932,15355
3213618645,23686,25465,30921
2724335698,3549,8109,17124,35788,44814,46269
4014006946,24696,48115
3276398982,23477,24749,29929,44739,44980,47574,47797
2824564620,8943,19424
673365562,35360,38496,43326
280655000,7493
2408528348,39548
2839725287,1111,4879,5567,8849,9582,10032,10536,12337,12477,13127,13681,15169,15202,16551,21660,33351,41308,44024
2503796264,28190
4159751078,26925
4193721557,1306,8467,18746,23449,24073,29152,29362,34999,47554
3039987075,1301,3107,37367
377323717,19133
2352495639,5504,28885,39177
215124156,467,14366
215268391,8320
506216958,6132,6361,12886,21413,23232,30938,33354,35608,46857
3648107650,40607
2197694567,1775,40104,42689
635213101,34397
2306424426,1295,7054,15941,40799
268122607,15738
1519015126,231,9328,12646,13590,17225,22476,35587,42106
4008435578,3517,4701,9232,11596,13191,45873
928555570,22850,23048,25506,30592,32824,38124,39489,41655,42001,43088,45498,45668,48369
2843417673,23982
3964096449,1284,17719,48160
2891161254,422,845,4137,4215,20144,21421,23212,27257,29066,32057,36162,40748,42334,48008
743380282,2670
3256347430,8677,31281
2194966866,4979,11151,13592,16411,18886,20054,30776,39312
3232416363,4850,6465,13924,23239,25103,27099,31960,35916
1080323473,11573,23219
491223677,10843
4279665045,1909
665253332,1420,30344,41676,44203
3311913453,4751
3995071749,1267,30925
895314904,34668
560788168,39
3282441406,688,7213,13422,19967,20082,24821,29014,42385,42890,47937
3842177515,7492
1234786550,44576,48405
4084075848,787
2825708197,7504,12199,30281,32835,40494,44932,45345
1200373309,1313,34414
2010365668,9193,12410,12574,28862,31602,31916,38708,39428,42207,45370
3588707543,5860,10258
1775046419,1248,35296,38838
3565517333,93
2011421733,1247,5935,14652,35295
146801794,1244,8918,11636,20702,21331,24754,27877,27911,33692,37057,44140,44189,45449
324927070,530
2101777202,1771,30130,32033,45650
996955825,1013,1521,8672,23015,25132,25322,27914,34565,35648,43352,45998,47323
847650861,907,33249,42825
306102275,858,1947,2778,3806,8393,8790,11553,13298,13495,14140,15145,16361,16729,16871,18152,22427,22460,22547,23264,29575,32131,32747,38534,38886,40854,41061,41530,42013,42351,43208,43402,47862
3147844245,2213
2937801306,1629,32539
3642752003,475,19683,21680,24059,34178
723462513,3334,11268,14668,28265,30273,30531,32730,34422
2697569615,42457
3426569414,10490,19726,32351,42192
1690444091,6548,46468
1277069033,104,22368,30668,36153,39136,39143
1739981578,12833,41485
801097338,36083
1273535059,14855,37558,41749,42901
2291158481,2958,5577,7746,9715,10007,13218,14870,15496,18438,28709,33132,35411,36470,37149,46193
461091171,34677
109728710,8779
1493626373,12808,25970,29483,30070,30573,33033,37105,40408,48110
3904437877,465,3293,6830,9080,11359,12388,12431,12712,16763,17844,20182,27987,28897,31873,34075,37242,38132,39261,39737,40108,40380,43947,44828
2368666445,6199
1110696731,2580,30051
1283437820,24746
348960455,1054,9718,10545,19689,21489,35801,36916,39322,40167,45569,47022
2371917689,29095
1483541466,16242,24651
527018012,7346,16582,18651,39421,41107,41846,45760
2873828323,10759,12470,21694,27284,32632,44519
4030379822,1490,3486,25069,38881
2135459487,11440,16213
2778194437,8662,23390,24236,34976,41300,45583
2542723430,29570
1278671473,41645
342392654,15558,18801,24510
1003949417,7239,16993,18955
103507139,28216
3721935111,22995
1828848866,1225,3661,6871,10467,13134,33577
3625178245,27471
1414353132,22831,30545,46738
701066420,3654,9255,12402,13007,13099,22174,34833,39297,42584,44699
1439883212,1289,1872,9710,11320,16653,17146,17211,18285,29049,32234,36248,39405,41429
1162250875,41973,44320
4059090906,18093,26988
2522874640,1108,3502,8484,9596,12795,14237,16201,17220,17448,31943,39364,39615,40149,44126,44207
191287265,581
4011650483,1104,31197,32384,32940
3605279467,1221,2415,5069,6585,15616,25773,39571
254807853,41682
3172478654,1801,4157,4578,5035,5229,5329,6953,8590,10525,11503,11993,12074,12842,13811,15090,15383,17556,18036,19171,19664,22658,25289,25691,26493,27384,30027,31851,33941,38673,40021,44289,45031
4285404250,11675
548878452,11885,13102,14860,16566,25446,36374,36596,45009,45360
266873256,30150,32592,43070
529381198,1219,1790,6560,6823,7857,8977,11129,11470,13518,15653,19622,21217,21847,30794,43357,47005
4185920254,417,7789,9505,11907,24562,26158,31048,33064,33958,38259,46066
845899224,4763,6014
2064216382,1216,1973,9299,13515,19346,19564,22785,23806,30760,42268,43238,43460,45810,45954
507278939,1562,1916,2525,3687,6782,8704,8776,41794,42952
359533704,953,38499
4174676841,1212,26009,45753
2458190600,3105,23681,42168,46393
1775035773,28656
1405772268,2553,2817
1793046011,1209,5575,11616,13250,14549,17026,27955,31333,43736
1363971036,42690
2253753519,1208,5574,16883,17025,27954,28629,29309
1350035597,23717,25315,26808,37440,43852,47254
1573343619,23597,25963,31164
2080870030,5031,13377,27380,31847
241268747,36193
2579319418,954
4254527073,26697,27076
1056237965,22683,23050,38328,48032,48371
2551491720,14394,17710
329838192,3756,3802,12443
80286785,26774
440530669,902,2801,3423,3701,4370,4768,5221,5409,5469,6019,6704,6820,8710,9703,10309,10660,11254,14146,14774,16518,16532,17203,17357,18843,21400,23857,26145,28381,29806,33739,36364,40873,42096
4265631910,21950,25261
77803185,14204
4252901419,1204,2857,17561,30574,31917,33608,36003,36911,39429,40409,45686
3395531067,22005,27069
4211143888,13500,15579,21549,32959,35046,39864,42016,44804
1810691902,697,2728,3180,8741,13402,31754,33808
1276242528,33078
1750926914,9609,20778,38579
3223728701,795
3013864917,2012
9106839,26175
3541480042,42483
1327040606,25035,29378
3263679234,9621,37428
3736906934,1537,21112
4256621094,3576,23031,30819,33566,47552
536068959,541,1921,9102,13990,18130,18367,32115,36123,36815,37338
1679226065,762,1074,8071,10847,23303,32081,32285,42698
3707018564,5529
1837345363,1195
439249932,243,6994,8770,19661,21976,22409,22655,25004,28529,30869,33776,39230,47372,47870
3645083426,33596
78607280,22731
1073943600,1536
611746165,14847,16977,23909,33297,43772,44656
2323277351,2588
1223238127,4043,8284,31449,31962,37809
203647499,36259
2160015482,7587,13713,14184,15047,15364,17381,20217,24576,26114,27388,33780,38675,40636,45034,45970
1050243104,38655
1614782688,1856,40875,43486,44798
3206922954,5101,45588
2660014279,1904,15825,29445,33580
4084526178,29068
558099980,125,4204,9714,10006,11397,13217,19671,26550,28708,36469,45736,48186
369056653,526,31544
1597454875,27575,46202,47071,48136
3186407000,14545
2107346238,1177,4150,4931,8040,16434,20244,30367,31385,39904,44210
448062642,1175,3019,7460,8038,9882,10030,10630,10952,15862,16320,30527,31103,32837,33050,33803,34295,44441,47927
3128155700,314,7544,30352
3322678061,666,34488,38235,46492
3855365523,2244,42722
224293959,37851
1479286585,3834,12003,16548,16960,33153
1554734376,2636,15885,47979
659852448,2554,10392,24175,26926,37394,40844
1401338457,27548
3869679989,12734
754608433,26916,37862,46741
2291210289,20832
929961912,16027
3110974629,2527,5643,38660,47769
1137466968,36721
3162782691,39442
57789262,9664
3462120399,21781,23285,25019
1640379553,1150,18618,27251
939785849,40812
1145418981,18081,27863
3290083414,2828,10034,41773
611694218,31703
2656927843,5634
4005780892,3265
3907292287,3244,29318,43860
2870575243,13740,16497
3670505325,1094,2543,6158,7115,9239,12122,13929,15231,22020,28613,45531,47608
3014284636,3624,6470,16080,37516
1561983627,40826
4081169513,30734
1557631456,35373
2754297168,1910,19392
3463441599,57,5924,26149,30571,31085,34342,35824,36327,37103,37174,37709,48108
3172179766,205,598,998,7529,7827,8302,8862,9292,9601,12029,12652,12973,14633,17243,18320,19487,20547,20640,22298,24965,30231,32424,35334
2448210685,4249
2987513575,20526
2301150522,2574,3365,9835,21671,21990,23426,33095,46706
3409948065,1484
2275112364,146,27841
1299152099,34368,35908
1048711394,395,7825,8300,8658,9092,11006,11350,12294,12551,16182,17642,18324,18500,19357,19485,19525,20644,27014,38610,39733
1323117986,18069,30412
493333264,1137,1785
1294807598,30346,32452
1687055452,4952,44410
1130117175,628,27152,27161,33453,40892,46984
3661966961,1125,13689
3217983491,2851
2620979370,1115,23774
552036428,7584,8185,14575,15059,15245,25538,37207,37509,38948,39755,44059
672712688,11515,32638
1753110162,5897
1000198226,920,7238,7702,9467,13414,13561,13770,13860,14250,14342,15166,15214,15999,16194,16701,16975,16992,17436,18954,19350,19640,20801,30650,41968
863185246,2808,3639,5656,5681,6633,12753,13290,13710,14305,14380,14828,16230,16456,21295,22380,22420,25779,27452,29885,32918,33389,35886,37000,39566,46124,48366
1282861806,369
1889674753,2047,4874,29302,38858,41504,46511
4048031614,26979,34826
2848576801,849,1275,2642,3133,3250,7864,10108,10638,11796,11825,13114,13283,18163,19031,22252,23802,33417,34543,39047,40466,41935,44316,45544,47620,48012,48086,48090
1277974517,1169,23300
1330510999,5478,13438,20443,20632
705535806,627,4443,11302,22397,25975,27630,30243,33452,41119,43624,47177
3903464634,5472,5931,9661,14055,46236
2733848071,14721
3513804737,43519
32623032,1109,2065,5402,6711,8313,9646,10014,10047,12627,12796,14401,15424,17342,20001,23828,24481,28518,31944,33382,35166,35626,36810,39024,39208,40150,44127,44208,44607
2432944987,2271,4261,8499,18049,24678,26553,42038,44306
2959209843,48200
502927739,53,8564,44850
4063470385,7367,9855,12047,13702,14282,21122,41570,43162,43875,47147
4241806528,2000,21757,47388
718217829,7374,10386,47008
1515856301,1330,3958,9671,15903,40096,41471
2198805978,42552
2697844363,2920,21475
723133337,38665,38776
1476307116,15377,31012
232607279,926,8417,12956,16626,19270,27651,36169,36776,43118,47057,47314
3021332860,39747
2365266473,1942,5500,43996
1997734938,8079,39467
213569217,33463
3156232873,7625,39356
3713017046,2451,6841,27751,28040,41144,46249
56292431,6935,42781
3199114983,37293
2427356598,6567,9501,11214,28406,31477,35497
832200410,1101,2519,2544,5552,6492,10920,16987,21077,22021,22303,26141,31194,32381,32937,46098,46905
1192701077,23064
1514565903,11170
3570357528,20312,48424
2580805058,4453,7159,12905,19327,24264,32340,33107
3886678350,35179
2777312371,17310
2379630434,40122,44553,45643
2884069389,11030,20385,22422,27803,32336,33925,36759,38751,39691
1346542645,21898
2800923860,17,31526,41176,46744
3957765376,17325,24408,32136,39242,44279
3261548258,6875,21258
1214271006,825,3951,15251,30193,36691,36747,37264
4204821892,7454,13330,17330,19530,41008,45794
3735851315,458,28002
2483101373,654,38115,40243,46246
532283363,11020
578437393,12178
1148776415,1186,17153,17581,18392,19164,19650
1405956104,2387,2472,3196,6811,14715,16865,17990,28776,30845,31139,32533,33045
318152721,34299
1597810254,2769,20934,21189,35142,41261
1388189141,29424,46041
1905252478,3801,4942,11185,12442,13984,17611,22120,46288
370636907,41589
725377205,17420,36837
759553332,7510,8453
3065581971,348,1828,5858,16131,30586
2183634817,1936
4127631924,8115,9069,20623,41140
2752503860,27497
2347454418,3284,10252,15330,15339,25747,32874,36420,43837
1391884429,35091
3771411731,20311,46285,48423
2103863065,436,12700,17725,19817,21777,38937,39675,40701,41855,44447
798921269,37441
630469851,17063,33099
3077591080,1504,28550
4294786263,25307,46339
874803939,13342
3937905193,1076,8327,29561,30703
1175160376,5337,7563,21124,23322,24225,24759,25029,41824,46196,46628
3010684453,6264,8989,10188,12931,13915,14503,18410
2721655980,2974,6396,9771,27581,41837
475750816,1662,13506,39543
3691568123,12920
3366644283,4200,4950,7443,8623,9057,13685,15432,18893,26879,27193,29197,30226,33547,34272,34278,40829,43120,44408,47514
3500054211,28227,37090,47405
2591806419,8220,10510,20390
1271547073,27129,36054
2525215840,1466,5344,26436,39119,43541,44072,44458
3460121998,1073,18269,21169,25256,26312,40691,42824
1198809346,538,12590,18986,21335,30555
1893235761,1691,6646,10943,13229,17170,18635,19539,38107
545786988,11812
1688223044,20774,30643,35927
3520161134,8633,13906
1818546041,37391
31426362,1067,16586,27271
2154911463,22877,24295,24922,25830,27599,29376,29544,30481,33556,40569
4237422689,1060
726216383,811,44378,46183
4071973907,38189
515754455,5490
991184558,1628,23754,32538,40496
1061768458,2730,9844,13404,21686,43663
4068318408,23884,28919,33685,47271
191506577,8958
2490713907,37247
253366491,50,29409,33366
2078664666,608,2924,3164,3352,3954,5107,6051,7523,11638,14416,15078,15321,15758,17278,17777,18920,19560,20476,21479,22025,22347,23799,24840,26462,29999,30421,30840,31266,31615,35447,35777,37465,38792,39648,39908,39980,40623,40909,41907,42470,43074,43265,46770,46939,47683
856433737,1415,16782,24479,27158,27457,31866,33867,34275
3688493439,15625,36754,41649
2023232727,2750,17466,23526,24621,28205,32098,33783,43958,47517,48146
4098292586,9690,12347,19480,20292,23140,25453,26699,30284,30618,31458,34803,35443,36082,36273,44006,44382,46519
1083711407,1305,3779,12371,18745,23448,25097,25866,27101,31867,34638
1495308511,8134
1380712813,24243,36006,44640
1219969610,4415,19007
2283292922,1857
979983133,3637
3301016432,11261
4279290330,5431,9900,11102
3751250531,1055,13122,46808
1610018427,32925
1831706971,4387
1613960655,46370
584689164,4311,10800,22240,37490,47602
973078623,41105,45028
1189255725,1045,2987,14084
734930274,29414
1022978857,3183,24533,43802
2132175826,14787,19016,41384
3694226406,1044
731677761,3188,5205
4181356141,28837
3033467564,13527,22578,24640,27753,28498,34000,43390
3947345174,20932,24411,34214
94555600,4772,48484
329895795,1659,1708,9976,21878
412996615,24947,45747
1838240079,70
3354739796,1754,2190,22320,43082
633857773,29609
2974928899,23745
1566326517,25425,31961
295293347,2978,19600,23726,24377,28148,30559,36584
1464606119,11363
3005941485,727,7131,36486,39829
3136033246,45303,47259
1765908637,38372
2944644414,34588
1439056847,9639,17047,21467
4035246935,2178,5348,17444,24768,38273
1580086578,1371,1983,2400,3412,4060,4309,4643,4914,5144,6504,12486,15919,19310,20064,20489,20937,21192,25780,27453,29886,29964,30000,32919,38636,40404,41154,43689,44735,46125
1164826446,5744,32349
1503351485,21268,27698
3317025462,17856
3397433830,634
928389122,9857,11764,18504,30723,43751
3695384020,35756
573685939,17910
3444561088,8679,8875,9871,10351,12760,12854,14371,43828
1300389929,19469,34843
2122653034,1610
2591088189,1008
725059488,5929,23793,24644
1146155089,3128,4642,6682,7711,8739,10958,14617,14949,15064,17406,18550,21748,22182,31670,31713,41752,42280,44114,45244,47144
2540641996,1006
2405961877,276,2970,5842,8380,9775,19435,21369,33443,36863,40136,46301,48026,48040
183546996,10700
1989504614,1005
3442639848,1678
1701774115,1874,11489,17148,21288,21361,25052,33572,33633,36263
2736524537,42624
3519478602,27037
84655735,3983,9293,17244,27467,35428
1228476171,3882
3530674188,1818,3012,3895,7705,8487,11543,17922,20260,22576,25341,27339,28496,29791,33081,33995,36068,42447
471390268,42882
3367458789,2875,11545
2660625982,960,28144,31541,38513
1130489185,5545,17788
3532727183,218,19909,23586,26596,29810,31862,34670,35051,46561,47168
2253118650,21045
1833388820,4785,12901,16061,16735
574378403,4641,6681,8738,17405
324884027,1158,27591
3572373734,5176,32084
3314004097,38082
1838094107,23422
239129992,21633,26583
2011683028,3154
288120346,29669,46853
3126756808,3271
2363229562,5299,8584
584562360,648
1121255224,2338,24465,25550,30391,37638
4236785626,2169,7134,8409,14196,14864,16576,17899,24088,28113,28941,29485,44972,47778
1717658825,25684,26022,40035
4189587080,26229
2833672698,15003
30163485,7434,9063,20764
2710266116,5463,15959,17258,22705,35590,35634,37950,38891,42109,47942
4142806696,5171,11727
1690951198,1472,2300,9858,11765,16053,17667,26414,28464,30724,31933,35990,44218
575812065,1229,1815,2546,3514,8721,11285,18391,39172,40434,40543,42089,46100,46319
374071377,2908,8030,9887,10922,16989,22642,37692,38002,43275
2749919044,14028,15543
188457527,480,1731,4168,4285,6222,7305,9147,10125,12420,13625,13850,14930,16705,16954,17180,18173,21028,23529,26239,26742,36146,36460,37250,38431,38774,39300,39342,39556,40583,43110,43312,44942,46090
584522585,32201,41637
1664160448,5292,13063,39362
1965648563,25072,31859
2269866220,1800,4156,5034,5612,6426,6814,6952,8589,11419,11992,12073,12108,12145,12447,12456,12841,13269,14598,15045,15089,15362,17326,17555,17593,18035,18076,19170,19637,20010,20587,21653,25288,25690,26492,27383,27512,30026,31850,33940,34540,38672,38734,39247,40020,41044,43439,43481,44288,46780
2414736192,2842,2949,14066,19847,29085,29413,32575
128738193,971,3890,5739,22697,23065,23085,23360,27176,29702,29741,30405,33316,33759,33892,33984,34045,34103,35693,35723,38996,39284,40864,45412
3248220421,24352
1828645130,2084,8822
1184868636,10151,11912,37679
2830217781,9923,18732,32454
873148528,33539
571584401,2420,9403
2468358312,2742,6926,24784,43584
1459428121,43245
2728022014,17744
3847531167,1903,3462,10955,14946,16964,20607,29444,29692,41802,44111
1855737312,18275,35878
1115186011,13529,14315,22221,22580,22891,22972,25395,34389,44854,47357,48434
4293694352,355,12962,15603,19581,23974,26688,27072,27226,27539,28451,29976,30874,36474,37437,37695,39083,42893,43322,44565,44791
868194544,2878,20613
2062423492,958,36973
1100427162,46653
3101929838,44364
3217116281,10769
1669094939,8188,32061,40023,41532,43087
592144969,929,7462,8315,10550,17439,19054,19757,22045,33805,39210,39294,40152,40197,47893
347518389,432,5825,22523,33765,44801
1933022873,4287,6224,13953,27788,30484,34081,36709,37342,37947,39302,42958,44086,47211
2535799003,19760,25202,26243,40219
3702452960,947,2898,4729,12881,13971,19567,24646,44262
448946306,15893,39774
1307346764,1359,2619,4140,6010,7314,14258,16908,20147,24144,36184,38343,39045,40464,40780,41691,44147,45546,46357,48088
3980268692,274,4753,16227,32248
4043068450,945,4727,19288
2481426106,3075,17615,39627,44329
3159454653,21020
2532887239,15545,16679
3095678067,3242,7090,7422,23487,24023,28298,31121,36241,36851,47775
1634408499,29243
2754071888,25121
1450083626,6404,28754
2340511494,12964,14105,38409
226527172,639,6639,8111,11697,11879,13119,15458,19071,20189,20619,20768,24636,28535,31921,33710,35790,43789,44794
3737028262,31,2723,4032,6176,8293,8983,12606,13033,13160,15881,17434,19980,20449,23964,25000,25381,27364,27960,37151,38911,43545,48190
201197083,35182
3823722842,39052
2116345495,1361
3512966802,7089,36240
3982803172,19083,28397,28499,40339,47030
1465772297,14790,48047
2279082178,940,2658,19023,45064
3366981730,24186
2817492749,1343,6335
1319203045,928,1110,3765,6946,7461,8314,8419,9581,10031,12336,13487,15206,18605,22044,33804,39209,39293,40151
1367853328,8575,32645
1123782174,1072,40690
1962430145,45274
1625871766,925,6359,8416,30241,36168,36775,47313
4272934184,2776,25374,40852
3301688721,38316
2630877798,1346,13884,17694,43635
3336373119,21448,24283
2345398765,455
3145506069,7820
946880593,26081,40723,44935
899555847,5827,12494,29080,29341,32793,36836
3934864519,43630
2690804644,28474,28502
3514052147,18974,34640,39397
3654509731,1058
3978896759,914,4314,6215,17229,47766
2531407076,908
3916351108,40277,44433
1285682027,7143,7578,14133,16318,17066,20716,25241,30525,39739,44830
1747026473,12635
746393980,28197,31903,39351
613159782,23846,42728
344891966,1935,46974
338736326,4711,8573,9444
494165750,5013
3693139627,40201
1158394956,359,17233,35940,37591
410107407,2675,2753,6686,6831,9081,10371,11423,12389,12432,13504,14132,22464,25240,26790,27988,39262,39541,39738,44829,45204
1416696504,751,13107,14436,17213,18516,30971,39407
2824326422,26173,46459
1309587519,26167
2946481334,1589,6689,24928,36634,42122
107187588,9097,11224,12287,15162,17663,18008,19155,21147,21214,41497
442038363,15313,27107,43193
3689528755,895,3704,4226,4341,4473,5856,7108,7632,8547,12541,33854,39959,40527,42450,46437,46761
768969720,15973,22189,26665,26797,29301,29834,31369,33523,36803,38857
3589380628,141,1480,10428,12661,21159,22640,23330,26619,28725,35435,38260,43273,45210,45731
4052577042,7250
3547780371,42378
1534242139,2887,3723,5382,12922,14117,15983,21604,28372
2906742650,136,6110,27721,30857,37528
2160343234,890,12487,20490
1695125570,5588,17696
162072238,48262
3300343465,3157
519701516,32643
3418721372,4968,7765,20124
2511825807,8846,13642,14456,14802,25594,30006,43045
2684235949,886,7158,32339
58732534,63,13776,22799,30080,30474,31088,48289
1920443695,374
3581452375,31746,32974,47960
2233136545,3159,3189,3453,17654,29346
364410740,758,781,8727,15126,15734,24337,31813,31887,40969,41032,41280,45542,48084
2039712688,15960,38892,42110
3773277800,47164
1720855464,881,2036,4086,17289,32642,33624
2856462621,7997,31644,44255
1414833722,3947
827020253,880,2549,6096,9919,12256,32641,35309,39989,43007,43343
904133478,46116
294177672,848,1274,2641,7863,11795,11939,15735,18165,19686,41569,45543,48011,48085
2702857609,21543
3849743652,3440,10192,11478,25900,31325,32870
3520295874,7243,8351,14737,38043
3550590500,26409,39446
728148818,1580,7037,16773,45702
3118777012,872
1134843875,143,1482,15993,18142,20366,36440
1998398386,128,10397,10707,18530,28039,45019
3938291643,870
1265170911,29927
2557861633,3181
2490525169,10667,17883,19092,45703
1222172197,80,7732,8636,25127,41708,48347
2815733548,45098
669186992,854,3433,6282,6747,9234,13904,14321,15023,16399,17551,17806,18877,45875
994284323,5626
1610206303,44752
1516596423,796
309045595,27832,30111
2980554498,18514,18610,21359,22208,36057,43720
2536052029,601,30903
1771537053,853,3518,4702,5623,6746,7603,9233,10691,11597,16398,18876,45874,47476
350197460,36209
955201023,2230,20469
408634516,30140
2933002275,1505,28551
3382721265,1253,18588,30159
4200898122,687,3281,7212,13421,19966,20081,22334,24820,29013,30627,36545,42384,42889,45549,47936
2976394600,169,15478,19633,25044,28515,31055
2423344573,9414
2710646134,39835
903049638,24915
4068642002,6812,7234,8225
2699967192,3086,17951,22139,31400,31780
409599720,29287
404034371,983
524907448,4764,6015
3250512791,1723,16934,22040,22906,25347,26987,31206,33508,33762,37048,44554,46847,47281
740704352,8218,33870,33963,45504
3086505982,37359,37464,38791
1993126978,17936,26653
2941035728,511,10904,12629,15864,19973,35698,41586,45707
870456378,686,3972,7049,7211,20981,22333,24819,36145,39341,40582
4159309920,7472,15526,26624,37656
4076902806,836,7069,17609,19482,32485,32751
783836764,24320
2275864416,834,1392,2251,4378,6383,6419,8425,9035,11827,12019,12114,14683,15745,17030,17971,18002,20031,23336,30769,31610,34448,35708,37399,38391,39049,39175,39772,42186,42925,43711,44803,45756
2063083175,2482,4018,15485,23566,31574,38186
191003344,1561,3686,6781,8152,8503,8508,8703,8775,11657,24624,29992,34332,44077,48184
2145057137,22126,27477,34090
2606544102,832,1213,4208,19407,26487,35939,42710,45754
1447284940,29407
563512660,22609
861792231,1199,20225,20657,21178,23003,27535,41664
3082375858,2667,31656
514639660,45,11114,11516,32639,35249,37880
2212402298,2982,46608
2894865034,2892,36341
2934345041,26842
299103293,23,22844,23011,25623,26004,27118,27692,27810,29513,31210,34958,35741,41120,41904,43262,45611,46844,47131,47968,48403
3003580164,2785,4517,8180,8257,10788,11345,11925,15469,26531,36457
3373493492,18345,46910
870795891,2418,5894,12425,13695,13900,15619,17817,25009,25618,30041,32008,33304,43999,46296
3682896633,36100
3983568692,484,12329,27246,44144
2230316668,4522,33976
564234114,819
4057952903,14539
874059718,36288
1904073432,28079
650301557,30593,32825,45499
663013174,817
1801520899,12934,14421,18486,31858,47219
695186071,4714,29419
3947737200,1285,6674,8610
1167166115,38437
1409317387,1167,22160
4235517643,45484,46794
4007690740,18823,22063
1037781644,1193,5054,9428,9431,10399,10658,11692,17643,18646,20504,36506,38611,40882,42578
2732094755,4356,4486
1922357344,3088,8655,11321,22209,32235,36249
1605309223,478,759,4084,6220,7282,8160,8273,9476,10369,11798,15597,17287,18466,19251,20376,24338,27249,29398,30672,31888,33419,37701,40970,41033,46088
128280172,1250,33192
1757954792,812
3697770456,809,43205,43287
1746798424,4984,16100
4087329976,266,1576,9210,19936
2994568555,807,4544,5820,6435,8474,11838,12222,14483,16381,25615,27967
4191850496,224,592,1715,10884,14383,17361,46863
1568050664,6183
19979348,5617,40214
1181131264,44155
90190407,37659
1655526447,403,596,876,2379,2697,2916,3450,4534,5053,5056,6057,8860,9228,9323,9427,9430,9807,10657,11090,11691,12027,12216,12237,12650,13187,13845,14079,14179,14631,14710,15395,16261,16269,17319,17477,17487,18318,18645,18716,18761,20017,20434,20503,20530,20545,20744,23386,30270,32142,32654,34441,35238,36505,39237,39947,43783,44824,46108,46483,48164
4191634119,26394
2700033522,11452,23813,24583,34338
2306715167,10061,30622,34946,40163
3296910419,3732,12191,20334,38963
2129233683,21938,25267,25862,34096,36645,37287,39897,47834,48269
1280730035,8056,10237,14102,28491,35304
3773721811,335,10208,17251,18756,23370,29519,30736
3260255757,32732
1580606670,28238
234717628,23778,41083
3237214232,39001
569281218,2224
3857975784,170,748,7805,8242,25174,27825,28684,41217
2794614949,39180
1413123426,20102
3107341621,786,19887,20286
3118387656,31518,38455,40990
102951674,4117
2812547093,31695,32625
3877598085,1526,4906,9774,17387,33442,36862,40135,48025,48039
1182220337,3225,32914
4141456022,1477,32362
1046133379,120,553,5067,10834,17408,19468,32982,36620,37587,39682
2211949035,19402
1342070848,2481,5712,8669,15484,23565,24605,25319,28096,29281,34149,38185,41356,47681
639383164,5569,6663,9584,15171,40276,44432
2028771986,4429
972643911,5459,24903,25504,26457,30590,32335,32455,32822,33560,36557,38471,38810,39690,46870
4047230604,1657,7058,31816,46274
709592485,4130,11267,23186,28264
3703313245,790,1065,1656,2787,4959,22176,22826,25801,28214,36132,43613,43656,44559
1360728631,31097,37136,41345,41886,45119,47063
623531963,85
4044575479,9860,26416,29110,29307,37868,40101,42945,43171
1367002747,4831,22965,31519,45516
2302643083,16019
541974878,777,9096,10083,11623,17662,18007,21146,28548,31263,38145
3980598249,46976
4174324410,770
4198254746,25938
1747161940,11673
3573332866,1902,10954,14945,16273,16963,17619,20606,25533,29443,29691,41801
969851188,1116
1921504444,6619,7447,9296,47993
3193498123,4699,11444,11594,12245,16217
343235486,1254,2361,7735,8618,8639,18589,22835,26035,30160,30863,33887
2547552457,17860,25666,36967
1638228413,946,4728,19566,23808,43857
3796934835,48,33364
2024272996,18224,31829,32911,38931,40027,45455
467209164,9295,35430
3024301444,769,28669,31775
416394189,413,28347,40666
1100514180,27576,46203,47072,48137
477257001,48413
3247286505,2975,7799,31967
3625926788,301
3728117003,774,2532,9044,21866,25135,30534,31239,33212,34524,35154,41627,47075,47507,48082,48232
2570564630,21446,26373
1005924233,28061,38388,41305,43659,44094,44715,46451
288662568,761,906,8870,16911,41860,45862
1448558600,7491,30495
4061554944,7525,7840,9989,10405,12755,13893,17523,18922,21082,22323,26464,35526,35888,39982,43845,44878
4180876387,333
1672196120,254,423,846,2423,2556,4138,4216,4291,9963,11793,11937,13441,20145,20635,21422,23213,24177,26928,32058,32606,34838,36163,37451,39838,40749,42070,42335,42909,48009
679391841,1303,3589,7151,11910,13739,14565,15070,16496,18524,43895,46135
1127418244,5613,11158,12448,13270,15046,15363,17327,18077,27513,30872,33779,41045,42518
2945100608,1292,1711,4154,5610,15087,18907,19186,22307,27020,40306
2979700037,17803
1113174524,33
3697138018,41791
2143059708,1890,6141,17941,22260,22863,37332,38924,40304,46055
1580037786,121,11471,15654,17409,32983,47006
1467415726,31443,36320
2539634328,1251
3356662468,22127,27478,27498,31285,34091,40918
3011096710,439,1529,1817,3216,3894,7704,7991,9289,9613,9829,11753,12621,12910,12979,13053,14470,15398,15714,16139,16241,17390,17921,19750,20907,24650,25340,30395,33994,40436,40491,41023,42304,43062,43297,45832,45894,46102,46321,46694
898465335,749,4554,4674,6847,10420,12592,15084,21771,27871,34247,39074,40124
2922780834,452,9028,35458
129177480,746
148165641,43629
4249255631,36910,47666
2484950027,10177
3514086067,16386
4019774499,4048
2875839613,26432
3293009434,20830,27147
3946380590,3503,7078,17449
998055427,1507
3571650176,1619,21971
3091436390,173,4313,6214,9310,10802,19998,30992
348629092,36180,42074,42574
682739320,733,40352,40591
3092346591,226,3908,4516,10787,11344,21907,25679,27935,37081
1565674522,26105,37578,37641
2341096012,550,1434,21118
1477114136,603,1411,13757,22803,27058,30905,41174,47300
2245268924,38128
1098125821,12519
2592594308,726,18853,19833,21155,25178,36485,40815,41264
2791279724,11062,11347,14459,16219,16601,18497,19273,29117,30537,32612,33535,37053,38988
1996196844,13898,15269,39475
3297983700,1302
190933642,12106,20008
2675002044,25468,27742
859991355,9116,18785
764117114,23056,43316
3662268712,16577,20420,42248
265272224,118,888,1146,2276,2684,3600,4421,6376,10601,11291,11696,15457,16123,17754,18087,19803,20513,25200,26398,26542,28645,32183,33709,37828,39620,41068,41415,43575,43883,45780,45967,47350,47636,48444
782592621,863
2628286519,46978
2520763742,716,18385,33587,34083,45124
2601773120,6184,17729,30094,34476
3612497079,28431
4066824923,16800
3811525784,9006
1305617389,16266,17166,33736,38690,43658,44714,46450
1820457157,135,32070
784046721,1004
2433591640,2738,31875
2039081024,415,824,4435,40668
143896872,33828
2672660357,744,12732
68212982,29596,44783
959170089,29454,33029
446463919,6385,6421,8176
2988633733,14568,15929
1653631182,300,1955,2724,6583,21607,25771,27961
3436299680,29365
2480897631,28078
1054983982,11791,11935,14924,20264,37449,45563
348768608,3818
485968803,17872,18394,18535,19166,19821,21869,26169,27079,27644,33215,48318
1452642933,9007,33232
2949377387,25248
2529983997,510,1176,8039,10903,12628,15863,19972,21820,39903,41585,44209
2873484050,7621,12948,17685,17964,23096,26994,29606,36187,41983,46044
2493380113,8,3566,6552,21023,28856,46326
4140765320,28481
152710774,24818
2359133872,982
1071203271,1736,28035
1349699586,10495,26090
1260975936,10114,25417,26404,31971,48104
4179468130,1661
3488848651,24424,28364,30165,30694
278657665,1923,6229,16351,16657,18369,33607,41433
2456762140,42453
987807100,3623,16079,32003
906348404,701,26184,39332,46537
972701849,19905,21002,21125,23323,24226,24760,25030,32956,41825,43454,46197,46629
944777786,3562,8258,10616,12924,14804,18404,29628,36920,39512
1459580829,3064,3865,4528,6996,7398,13429,16047,22411,25006,28151,30038,32005,32366,33332,36086,40887,40946,45709
2240055839,570,13183,24360,25589,27921,34510,38586,43043,45364
3512178739,46737
3804246708,35603
1221025062,2935,5928,19002,23792,24643
1254233848,17939,25700
247197257,47844
497037912,6287
2612757389,612
3793505355,17752,25758
1744814273,775,3291,5944,6962,9045,9160,10081,10723,11056,11084,11384,11972,12710,12897,14457,14642,14803,16924,17001,17671,17842,17916,19097,19723,19783,24802,25246,27236,29148,29627,30535,31592,31871,31937,32321,33533,34193,34329,36919,37240,38616,38771,38803,41329,41460,41555,42398
3748546317,22768,28146
3342198722,766,3842,30387
1030286198,6760
4168652684,3426,20249,21793,41962
1007715590,13274,23117,29676,30786,35473
2814807625,47909
39017513,40025,42932
3568855782,3445,33827
4116421804,11243,15416,15897,18481,18767,26191
2018846804,38985,47646
1064437500,9,542,3316,12064,13367,13991,18131,20068,24963,28865,30229,32116,32422,35332,36816,43123,45223,45278
356325071,2582,8137,15507,15878,22619,30053,38201,42293,45229
1880411287,21435,23061,23216,23836,24398,25140,26687,30873,36214,37026,37436,40141,43404,45174
3719960112,1222,2416,5070,6586,15617,25774,27140
3481227251,3002,10057,21615,21855
3905300581,676
3712821148,619,10348,24036,31586
2206309520,33258
3773347280,114,17236,18277,42544,42592,44063
2668577149,38406
2353518182,24449,39009
1774420794,12846,23879,24012,47398
3972278654,32904
3018251876,26770,30014,31793,46726
3954414504,668
1713127199,30543
206819864,5676,10696,11757,12163,37650,46584
4029790478,4332,17264
3176273981,20560,35565,37889,37978
3051005369,2307,3136,3745,4081,4409,5021,8142,11775,12111,14220,22470,27362,27984,32609,39912,40475,40479,40630,41566,41784,46386,47047
2396145054,11375,27525,48414
2381741307,23677,44836
2887242397,8057,10238,23688,27807,28492,30615,30923,32213,35305
3610086472,1989,22615,27104,27647
996641721,6986,44028
2807196732,34349
3641342800,2849,8332,28873,34866,47923
1209183242,343,2561,11371,19128,31062,38488,39063
3713409913,12503
1740962725,14908
3905955536,40312
762643777,325,11767,19324,23913,25150,25908
1307541340,1624,25369,27507,28678,31769,34114,43188,45220,46923
3990247982,222,590,1218,1789,2199,6559,10933,13517,15194,15212,15652,15848,16973,19110,19348,19621,21534,24363,28914,30762,31823,34418,43356,43531
1256289128,36317,48460
398781480,10937,30562
1248809336,17131
2142004982,28932
1491578917,2711,6738,6828,9917,11817,19674,20679,25027,31261,39259,41822,41980,42618,43137,45739,46626
555574563,15832
737288538,23644
1226949279,3984,6630,9294,16453,17332,27468,35429
1064061447,10776
685716171,17542
247575642,35468
3186221297,11173,15296
3645143009,3395,3919,7337
1284288617,31509
385839057,44227
2427203083,20648,27202,35136,37765
1193480742,8407
2812985362,1372,1984,3413,9955,18098,19476,23078,23973,24102,26358,27071,27538,34971,41417,44564,44790,44862,45782
2855512342,2242
2380688421,2514,23896,30934,31451,32158,34867,41732
2300528532,651,20388,20406,29189,39694
863109710,24894
645801060,18631
4025598520,646,1130,2312,2624,5893,6357,6859,7498,7968,8533,13431,13694,16332,18018,20731,21636,24900,25008,28153,30040,32007,42227,43998
2160350871,7481
2744360084,637,1181,4358,6833,10373,11425,12326,12391,12434,13057,14049,15552,18288,21714,22865,26637,27583,29057,31554,32890,33088,33915,34605,39595,44966,46962,47440
2126603038,27175,30404
86420642,25011,25620,26696,26972,27075,32010,34997,36463,38010,44977,47084,47106
1984217504,636,9712,18287,19669,28706,29056,32889,33118,33914,44965
1748715542,35992
674948981,34635
3746761173,27215
2767722457,4575,30036
1233803298,91,2431,6836,18375,26765,34719,45285
3734241491,453,6117,12751,13655,14826,21508,33387,39564,44986,48466
2379696497,632,7867,16522,24229,26545,32391,33954,37683,47192
1974802353,2457,3025,42819
3888687210,32687
1204501626,33673,35615
671603393,9906
3509581531,29581,38088
3251441879,26962,44682
1119501916,248,1070,7284,7440,8131,9054,9763,10143,10169,10214,11800,12564,14285,14558,18442,19535,20982,21142,22725,26534,30058,37987,40972,41035,41550,43600,45608,46315
2324950340,38118
2504301102,24474,33237
1015319611,1869,12580,16026
544020463,735,4761,20128
3461183411,755,7889,11265,12093,16839,18520,24800,25821,27218,33270,39635,39780,45374
2105775121,48129
2098985833,31072
3958994875,1658,15691,31817
179671573,561,1009,4446,4890,4926,24379,30744,34708,34978,45164
371582683,35839,40977,44745,47661
3617273655,30428
1768665224,9859,13316,26415,28465
93519931,29429
452659667,2950,20239
170417713,539,10026,13988,21336,30850
3146004713,610,1148,1844,2034,5781,6564,6684,7170,7303,8645,10091,10141,10960,11211,11640,12138,14363,15160,15323,15760,16458,17603,18257,21212,21750,32173,33502,35813,37467,40155,43029,45246,45860,47352,47882
1376722215,1710,24057
4164678955,0,14464,32427,45797
2695695417,609,1793,1843,1848,2061,2192,2305,2372,2772,3353,3391,3640,5780,6238,6563,6683,7169,7302,7464,7927,8605,10636,10959,11336,11639,11708,13700,14280,15054,15322,15759,16457,17304,17602,17933,18161,18256,18357,19029,20459,21120,21211,21749,21918,22250,22355,23800,27093,27360,31598,32172,33415,37466,38192,38793,40154,42549,44314,45245,46714,47016,47145,47684
61069870,12617,25351,44866
787944983,22791
2655975667,41479
3408969427,992,30948
929914887,3198
1742604586,8910,13799,15796,29838,37220
558787577,33429,39504
1297462340,924,8415,16120,21365,22564,30240,33878,36167,47312,48439
3880590158,15372
2885497668,36035
3350634334,1307,23450,29363,34949,35000,44533
633812628,168
102002301,27821,28568,29069,29433
3946388419,791,1895,23311,26389,39267,43151,47738
412397599,25110
3173583141,23819
807788514,27938
3532359933,23348
2047486070,909,22503,37672,45423
249685999,5806
682525609,721,3728
2820814579,4190,17819
3217641623,582,10460,13245,31964,37156,37265,46308
881530121,1496,9684,16056,20121,39930
1673394442,30459,37606,41194
2046350517,46240
3577514980,1131
2586731324,576,11092,13369,14181,18133,18763,20481,26110,28052,41031,45022,46485,46730
3201667540,32809
631658778,564,1387,2533,3992,5726,9577,17825,18065,18419,19314,20047,21459,21867,22388,28438,28740,29193,30007,31240,31721,31791,33213,34525,35562,35584,35596,39782,40170,42758,43046,44840,47076,48316
2964322891,31359
508171458,1312
3251566140,14245,29289,36435,45985
3571048761,42025
606470152,7031
3104546692,44339
4145879456,1468,5346,8158,13558,17285,18000,20199,20374,23112,25283,26438,27402,30311,36834,38271,39148,40287,42184,44623,45929
3620645110,574,4416,9119,12971,14937,17241,17484,18753,21552,28050,29008,38824,39518,41147,45906,46118,46593
62691975,4165,9155,16423,32371
1757754613,34351,40127
4060266739,3881
3318520109,7671
1159727386,23255,25926,26679,35604,35629,36905,47037,47543
1798971341,20271,43709
786522898,37376
4021018907,6131,8921,12479,12885,14272,16405,18127,29672,33353,35607,35769,39393,46788,46856,47546
2089761895,260,298,352,358,917,1357,3678,5515,6218,6602,7393,7818,13252,15666,16110,16938,17028,17232,18464,19249,24847,26575,30373,30915,36477,37140,38648,39770,41689,41716,43869
1208236359,28636
3566643296,559,3771,7216,11141,11294,30742,31310,33698,35715,44240,44513
1449924441,34359
3830819168,33333
3042043411,1547,15180,34307,35351,41722
807520545,31396,31521,33227
2143520881,47308
3957572344,9459,17366
35532427,25368,25588,28677,34113
1029647712,4401,13512,19766,39162,46086
3913634530,5085,7591,13930,14331,14638,28141,28614,38068
496407420,586,1366,8999,10973,25242,38926,42221
96645842,712,12770,23499,30963,36604,47910
1627743002,21863,22872,23466,25272,29131,32623
2630994829,34676
2695041328,2131,3941,4649,43447,45963
3688647310,548,9412,10520
2223774897,26026
1884548922,6293,7887,9792,10245,19193,24660,25819,30715,31033,31433,33905,41177,46745,47123
2455167156,27087
2466182177,7941,45054
11763782,12008,27939,39546,43450,44066,45156
754923901,3840,20093,21150,26278,29267,43936,43960,45434
3338575411,1520,8671,14512,22267,23014,25131,25321,25928,27913,29283,34564,35647,43351,43627,45997,47295,47500
2087977622,22690,25148,25489,27304,37866
158040823,546,6437,12832,27969
3797539887,1821,20473
3810033699,33946,40284
1238662519,27316,31807
933098685,4371,23858,29807,33740,37758
1089296183,680,1563,1607,2526,3688,5198,5303,5642,6783,7427,8579,8777,10259,10578,11475,13762,14588,15304,17814,25897,27486,33301,34964,38659,42665
3742827555,3830,5698,21127
3196048883,4298,37074,37733
452904061,535,15633,21407
1788907151,5181
3514846267,661,887,1145,4648,6375,9935,18273,26397,26541,28644,43446,43882,44246
1145614994,3315,6403,8625,13366,20067,24962,26116,30228,43122
1266100250,3182,9652,10042,12802,24532,43801
3570463810,1503,5848,7122,7741,28549
3101509252,1981,2691,3740,4307,10402,10709,11027,11066,12779,13335,16190,17395,17600,18816,19308,20507,21238,31841,38443,38477,38713,39679,42569,42861,43687,45282,46712
3365042639,194
833490053,995,26131,30951,34724,37756,46710
899863732,34789,42006,44391
2208684722,29308,40102,40147,42946
505300866,37290
2867950902,25,18704,27694,28584,33474,45163
633006274,2674,2752,2796,13503,14131,25239,26789,39540,45203,47011
1219640102,11000,21231,48474
948372115,8687,10682,13338,17164,22932,26855,27798,29322,33918,34030,34069,44712,46161,47443,47737
2185009172,8751
429141775,4369,5220,15394,20781,23856,39677
566129968,2790,9436,15176
2137059723,524,23154,34051,40325
3441238069,35057
1905703012,31570
3337141622,24364
2043705673,3832,5241,14534,16633,42467,42766
2280410492,24930,30896,42124
2479567264,2080,6677,7620,8080,8818,18431,23095,25519,28207,29228,29605,29951,30020,33285,33583,35905,36202,37256,38007,39348,45525,47902
3593144996,6315
3348947945,515,12756,13894,15720,15868,17524,21391,22324,29577,35527,41065,41314,42605,43441,43846,44879
3454850123,514,3734,6815,15719,15867,43440,43482
3678725793,3119,14586,35649,45856
2808185281,38167
138331059,43754
3842221984,28038
4274416962,673,13822,26621,31227,35923,44424
2160047428,15504
2482889082,1333,4193,4977,11149,21347,27063,28200,28963,32438,33371,33626,34306,36960
2756949896,4322,16004,23952,44376,44586,46181
4039346085,19911
67772153,96,26563,46348
947159104,39646,42468
2215830148,34811,35263
4211271251,27232
795445118,4127,6925,16664,20688,24204,26042,28737,40181,41928,43583
1530292537,29919,30268
271733775,25751
765250416,23569,30452,47136
1794695688,35423,40526,45978
691239932,25646
1517302242,856,3435,13110,22458,42349
1634948592,19319
951464882,17688,42942
2113719010,2257,14953,17801,20014,21471
1289985612,839,1937,3938,4186,4440,6661,11299,15256,17172,46786
259012547,28306,28598,32598,38516,38788,38839,40793,43347
953367387,18,18623,30790,32421,34673,42642
2346386705,5925,26150,26274,29027,35125,35825,36328,37175
2767736622,30272,38826,46595
134542512,27901
2064046012,15436,48323
1699779139,491,39419,46083
3490751796,44105
2185459744,3262,43166
2440106383,3707,32926
1834560015,489,1036,13209,18062,20044,20485,29863,44345,45189
4056499411,2765,22060,23009,23955
3109378091,23643
2169245406,3847,6696,7247,22727,36713,40165,46330
1886763290,24959,42330,46866
1380162295,551,1435,7597,12485,15536,17303,21119,27092,29963,44734
294659130,835,6189,6384,6420,6573,7068,8175,8964,9036,9278,11455,17608,18780,26634,32484,32750,33085,33321,34989
3300066850,20964,26454
3175302779,488,1035,13208,15583,18079,20043,20484,27861,29862,32589,37773,45188
1740985562,23493
1547367970,5694,19121,20494,27064,28201
3436603931,39415
803131697,18117
965182321,482,8685,10680,12360,13005,13450,13627,13852,16675,18175,19902,20966,20975,23192,33071,34593,40580,40767,44944
4173182357,10618,44909
513109621,2741,20346
659085323,19583,27074,44976
2089945548,803,1162,16395
2695764885,26958
4158629080,474,21679,24058,34177
2251803115,24723,28772
2869081293,12620,15397
4040313881,35747
1195585097,22399,33718
4132842628,689,1573,5697,7126,7476,7814,9798,13423,18685,19968,20083,22943,24545,24822,28449,30687,40087,42386,42891,43977,44090,47823
1430914045,11002,14099,21233,48476
3494013450,269,1579,7036,9265,16772,30260,45701
2278844923,19208
474013810,237,24277,35109
653140689,30183,47989
1854181600,39479
1631729550,1948,22461
2890436693,2999,3386,5058,12624,12913,16184,16263,19607,20646,32144,35892,39520
2436515401,28470,40903
3784152451,23954
2891638016,45975
1883865937,2152,12668
2327553580,124,47182
1211426536,20820,42613
2578163144,17543
3764585015,1452
999924092,540,13989,20696,21337,23228,31000,36814,39587
2348273925,6941,19343,21578,27850,39818,47309
2498394875,525,4068,15342,34052,36423,40326
4012050070,441,991,1531,4898,5426,6699,12154,18237,20857,34156,41206,41758,45180,45896,48296
2054606683,19630,32930,37924
220266635,16648
713967717,320
1695071267,2258,14954,21472
3592109218,20310,24790
2183103885,1,741,3381,4558,14704,22212,32428
3811940650,493,513,1557,3733,4577,5228,5328,10524,10610,10906,11157,11502,12192,13810,15382,15718,15866,19663,20335,22657,28688,28980,30871,33778,36383,37517,39861,40517,41588,42517,45030
59954790,709,789,1655,4958,11233,14239,16070,16879,17138,18106,28213,29905,44558,47316
4015598359,26911,28557,33470
464269291,14195,26313,28112
3868345355,46115
2812971109,4390,30450,32270,43331
1899233696,14058
3724795002,1196,20465,21175
3882614526,44910
830546683,428,23987,34459,43225
2605770237,8121,15647
2115621697,40082
4223438451,7489,14689,17691
1301844790,427,47965
3523770914,180,330,6168,9939,10442,13453,18600,20978,21981,22953,24210,25695,25984,26098,29952,33286,34027,35876,35906,38967,47734
1300128469,950,3713,5262,8344,23291,27154,33598,34048,34507,35822,38799,46754
1489709936,424,2424,20165,20636,24178,40750,42071
808947613,15195,45296
1297335907,2284,42940
404478962,249,7285,10144,10170,10215,12565,14286,19536,20983,26609,34614,41036,46029,46316
537013249,19004
622829632,48384
2372922916,418,5871,7790,9506,24563,26159,32779,33959,36036
296691429,302
1758387065,662,18274
2316005973,9972
1766978368,3152,3324,10272,18341,19182,24560,24713
1556609374,40
1353330459,45050
3814524510,35991
2512605581,411,7877,11029,22421,30422,36767,38750,48367
931558513,12131,28191,33276,38097,43153
3588097158,401,2205,5164,5948,8858,11088,12025,12776,14629,16187,18643,25427,30940,35176,36992,37017
1760343122,9424
3540508170,38862
4067243764,12789
3994321662,393,14702
4069408888,10292,11947,47657
2250399684,690,5652,10643,11492,13424,21291,22376,41948
342295838,399,1597,3544,3989,4056,4481,4519,5946,8182,11086,11234,11386,12404,13564,14253,16071,17003,29000,29906,31594,32318,35016,40072,47649
1832977150,26228
969785252,32494
4021614425,4013
2776542281,22557,45058
2571228459,691,6972,9186,10340,11703,22763,30314,32301,41873,42967,43824,44704,46253,47996
3793267373,44938
2710118767,1396,15253,29924,48308
2020439198,1287
393351718,537,12589,45403
643165010,14581,36138
1473943401,1249,34581,35502
1265867154,12344,44807
2318324910,17311
1570318869,3022
417146819,28143,30890,38512
2350392255,10998,47275
2162238597,20968,21100,28014,29327,30984,44946
3466784625,46987,47487
1741225359,1933,2486,8513,15356,16538,39844
1078507528,28,1050,7386,31564,44351
1186357401,22829
1735545354,167
1904223157,1524,26793,46058
4100838655,3675,7022,14103,29487,44974
258125028,13748,28164,48350
2172137218,382,2899,3162,6578,12882,17775,18855,26655,38575,46822
2182820257,27411
2415022555,22057
3792219033,16234
3958428004,32128
2456722043,6329,7150,7287,13331,19538,45795
2312602698,2581,9010,30052
3776947702,6342,20496,27674,32820,33558,35711
3885978175,19419,30975
139945619,1492
602187687,161,1625,5323,7182,15190,19913,27508,31014,34115,35318,35832,37687,40807,46924,47858
2251597518,402,875,1553,3044,4767,5408,6018,6703,8859,9322,10308,11089,12026,12777,13186,13212,14078,14178,14630,16188,16517,16531,17202,17356,17504,17783,17981,18317,18644,18760,18842,20097,20110,20349,20743,21399,21708,25185,29805,29920,30269,30941,35177,35237,36363,36504,36885,36993,37498,37714,37792,39857,40051,40368,40942,42205,42851,43782,44823,46996
2804755924,11630,35126,36329
1730098746,19830
3520241533,7743,8287,10137,37158,38264
2070745730,5495,18125,24091,28065,28788,38063,41771,46990
3454566481,8424,9173,12018,12113,20030,34447,37398,40239,43743,45496,45575
604755026,15673,41614,43252,44121,44872
2927713418,23715
1715122839,20092,21149,26277,44577,45433
2376364273,100,8355,11889,24516,36148,38266
1841777167,818,36220
412284876,29381,33879
2184836467,37368
2774444456,28392
1046872726,5073,8307,9969,26771,28155,30015,43100,44524,46727,46734
3055760236,6181
3463314626,23190,34079
4242463486,563,1899,4928,10080,11083,14210,14680,15124,15732,17670,17824,17968,18196,22710,28972,31936,32218,35595,38770
1202994165,12150,24349
1233574942,2165,5121,8793,10859,11905,17574,21250,26156,30932,31990,40160
2712947755,338,1038
1000223458,15095
2995600684,23420,39513,45239
831361132,11899,33254,44723
650012912,75,3416,9382,23081,23545,23690,25252,25743,26084,26760,27200,33219,33733,34684,34828,35134,36540,36733,36807,36876,38592,38878,43504,46405,46850,48375
3807025943,35961
904188746,13235,26588,31234
253000491,24655
1669452503,12937,24007
3870053192,2150,46023
3147368620,38373,40753,42817
1467044024,39638
2069181862,21897,41088
1153546995,5124,8796,10432,10462,17513,31321,46887,48196
3875187408,36281
2708482039,62,22798,23152,28594,30473,31087,46602,48288
3380495606,31043
2446133918,630,10567,27813,30161,30864,41919,47200,48325
3100190236,22790,23903
2013020628,28685
2115112007,806,2714,2930,4543,4616,6521,8473,8647,11837,12221,14482,19159,19547,21527,24340,27966,39373,39889,41744
150433418,21544
3335612466,11263
4238093844,34934
3573593858,36466
3202871899,2718,7273,19427,21484,21514
1110897257,20,6694,42494,43224,46328
3905250461,19952
764619911,13239,25274,27126,32049
1998006644,3295,10911,14902,28899
663780979,1085,10719,17110,17462,19493,21274,30066
1379902928,409,1846,7267,9163,9478,10480,10831,11015,11117,11519,11820,12985,14966,15945,17074,18012,18468,19100,19381,19925,22353,31890,36483,40402,41152,42983,43157,44696,45937,46913
557020731,756,4876,9720,10547,12741,16840,17841,19075,19691,24801,27219,36918,38615,39324,39781,40169,46513
1920791553,5803
226970279,565,2507,15698,17154,18066,19218,19597,28439,28741,29125,32261,34042,43834,47290
67654761,315
1526885788,149,29674,33007,41086
3701176408,10656,16260,18715,20502,20544,46107
3490593434,450,1243,2646,5259,7317,8917,16745,21330,24935,27876,29492,34891,40120,40981,41283,42720,44551,45641
1371454674,19316
3609470446,163
3646427611,43815,47839
869891706,21601,40381
1427750465,4460,27679,36600,36846,42810
2723018493,2613,4601,43643
3159417400,5248,18542,32190,37912,46839
818156431,17540
3630297412,18473
3744780200,4111,15842,25403
2840685405,1133,24128,26521,37971
2030393622,36565
544278350,3520,16349,17055,40345,45038
3489560069,305,26266,32345,33329
3011795765,4655,32489,38992
1931783565,4072,4593,9199,16985,17411,26139,32935,45765
562338369,2883
2619636232,14977,20112,20760,40673
362842227,1205,36632
2054313331,9644,16785,18967,23579,24071,24742,25253,28720,29360,32848,34269,34685,36119,36808,37914,40738,42821,45501,46841,47689
813430831,14748
2342295181,7981,41863
3817153934,7673
3748150051,398,800,1064,2344,2786,2889,3543,3988,4055,4480,4518,5336,5945,6715,8181,10051,10793,11085,11385,12246,13563,14252,16196,17002,17339,19642,21202,21555,23321,23770,24224,25800,28999,29149,29240,30658,31593,31938,32414,38530,40071,40281,40717,40820,42399,43655,44870,47416
97511668,6887,8329,15073,16223,18660,34012,37910,46882,48312
881307649,35337
1890191031,23474,25165,27678,42809
860016563,4669,7340,7547
2357735391,38021
3328974004,31983
1041442924,39496
2082801405,26023
3745896217,3192,4722,5736,10486,10855,11567,11609,14554,16049,19931,45711,48100
1225987609,285,2696
4046443485,35957,39146,45195
3389820474,13447
4210561642,2854
1529461665,587,1367,8831,10974,13879,18641,22984,24314,25243,33850,36763,48005
1220025877,186,2042,23997,27295,33734,33746,38593,44952,46466,48376
2026641116,27038
839798039,47502
472327826,6362,12373,29064,48006
754069347,2214,6658
730267269,14101,29909,35303
195685293,723,7709,13302,15062,21746,26252,31711,42278
3669960095,233,21345,32436,35352
2125965158,11394,39355
3628768103,1866,3793,9087,12032,16670,34714
2855706538,4883,11410,16396
2169048105,27036,33349
799702338,263,2780,7192,9184,9354,9966,10529,11121,11505,12643,15778,15901,17078,19665,20557,20599,24575,25139,25292,26113,26210,27387,28840,29274,30028,31619,31739,31852,37145,38537,38674,40635,40856,41469,41768,42052,45033,45173,46932
2413735662,554,1956,6309,6824,7858,8978,21218,30795,35702,36621,37588,39683
3452601598,22809,29633
2445504783,571,24361,45365
3659055784,26498
460059560,1268,10064,11803,14734,15641,20818,21987,27777,30926,35407,38626,39766
150225427,3534,42358
3729931089,41642
1491497692,1001,12084,30206,40356,44003
2922834163,30729
2197667903,2259,14955,18379,44195
2112804807,27259
881654496,64,13777,28328,36854,39156
2849328476,12167
657322825,1326
1377115938,280,3656,9047,9257,9337,11927,13009,14644,15471,16926,20791,35251,38618,42973
2644725265,5649
3614238476,451,42721
386250613,38584,38896
1131297820,267,1577
3492250605,34572
3293633196,384,7781,16751,22172,37360,38078,44142
3105350631,4665
3936371561,2600,13749,28165
3170178363,3965,6801,13004,25161,25502,33070,34592,40579
3713275840,38,9629
4089871371,23998,33747,35757
1746936560,4954
4099696780,2299,17666,28463,44217
2596490236,11080,34403,47696
1949892236,24872,43231
1317370400,17040,30606,39878
3356743057,30,6175,9172,9668,37397,40238
3752806616,5560,35415
1749139987,319,6453
1295388335,23338
2938286384,1750,1943,2311,4721,6858,7967,10485,14525,18017,19104,19233,19930,20730,43997
4076409312,6768
573381394,471,7006,14444
2857129041,12883,18856,26656,27353,27447,35397,35767,45881
2876662627,245,8772,11051,11977,19975,21978,25872,29468,34024,35853,38428,38483,38869,38964,39020,39232,43427,43667,47374
3152465097,1270
3158967815,8209,43664
113673724,306,1047,17711,32346
3443656086,235
2306043853,23120
3789845585,804,898,1993,6592,40192,40788,46440
664611816,14781
380123514,3695,16777,32468,38581
778130929,8780,31339,40949
1289487540,885,7157,27216
3540712887,59,23889,26780,34344
2307973483,36295
567998608,4146,4633,5601,6596,8178,17868,20206,20988,36455,40870,42656
3421019074,39474
776874285,19142
1979954055,463
4015358664,5887,11144,25722
687092333,25088
3700388212,8560,11667,29770,33113
1949832671,904,2453,2673,2795,2803,7199,8598,11883,14130,14776,18427,19923,21026,29793,43037,44372
2482784379,729
237780744,15851,42843
3307437519,15435,48322
2788510497,182,663,2009,21639,43306
2424435739,521,5592,5963,8279,16573,18787,32244,33102,38620,43040
1730999958,1915,2524,3034,11719,12398,12867,14355,20057,37389,37900
2853672442,7722,21059,32963
2749165381,21062
954706639,3721,11810,24541
767129951,7076,10771,17271,19988,21341,25096,33714,39847,47479
3114191660,1990
2434602244,7697,8074,9909,12685,16345,21833,33613,34312
3788745515,30249,31008
3793758185,3548,8108,13249
1033467365,5511,8949
301407243,1066,2120,6671,10683,18573,25464,33637,34926,39868,41352,41453,47444
2683547024,11768,16020
2785406161,29613
2991830258,44067
3098581525,8078,39466,42717,44215
3690575675,2880,29781,32685,42949
1543060656,22024,31265
1559435378,155,16835,46645
4186570167,41476
959086667,579,4177,4973,7786,19520
1875705445,366,7278,12273,20825,39664
2284155179,24242,36005,37283,44639
2180919883,24045,25849,47338
480236629,22504,34854
328699759,78
371765096,2733,19050,21538,35459
3326967443,31137,38987,45514
1978259971,6543
1169945965,4549,11468,13767,20360,44491
4113891212,30814
4196163265,209,1095,1967,2490,3111,3587,3982,4595,6159,7010,7116,8451,10941,12123,12210,12354,13827,16144,16494,17168,17413,47609
992566687,17930,32554,40090
2863069525,25102,27098,29755,46004
595980267,23016,27915,34566
2389976301,3082,26783,37859,37922
566803538,232,21344,35481
4022611478,200,1119,2448,36563,43918
967852122,1725
1542407868,11933,20136,43176
1180981077,6852
3559661116,5531,20024,29797,42561
2913669990,2018,42786
3890251342,23207,27434,36880
1732219789,191,5036,9698,12055,12844,13300,13498,15385,19385,26494,36841,40022,42865,43086
1822049183,8613,30831
287047851,8085
485129280,4944,7835,8093,9203,9242,11187,12837,14796,16156,17613,19456,29042,31762,35069,35339,45534,46290
1666679426,37724
4056900424,1822,11906,14982,17575,26157
3650881997,4457,16567,17011,36375,36597
242931636,969,5146,18243,29739,33890,46532
3975858339,1770,29501,37717,40687,42201,47457
343693321,26673
3279061461,23543
2883716034,1914,2523,3033,3879,8863,11718,12866,20056,28240,44332,45419,46444
2394435842,16501
171817964,175,40018
1337351469,177,2861,2944,5019,6904,7333,7569,9853,11773,12045,12561,12945,16742,18055,32137,32988,33751,41002,41049,41494,42381,43474,44280,47045,47618,47982
981603060,3888,33757
2033098238,36823
2841663933,17331
3343059463,15476,31896,34812,35264
4051541407,172
3374688506,594,15138,17363,45776
1492747550,30717,43914
348444960,6034,8398,29105
2665810250,7824,20253,20631
1942227760,14,4498,19842
2221091153,12687
763852724,13678,25702,36092
533027175,17064
2813676348,2477,35471
2519679384,84,21727,22222,22636,23363,25626,27006,30550,34056,38310,40619
3531270532,27440,37805,42008
278034849,2072,3482,7388,14299,14927,29989
1305657326,12102,41406
664591107,2564,3439,4818,5995,10191,16509,21166,34955,40889,41323
849062623,45570
848754019,28823
1482497707,24132,30341,31907,35139,43143,48432
317334698,154
2367852339,5232,6685,7171,8161,10370,10909,11422,13257,14364,15598,16459,21600,22463,24156,43030
2222641424,151
1688529550,8956,16812,35107
3656274169,1881,4859,19874,34429
2840872796,30216
4253007620,24988
3373476830,17644,44506
2029862769,5300,8585
2760536987,6877,17291
1793371165,152
3147712295,20524,29982,30353
3285522161,3997
3148569496,44385
939762083,337,1037,20486
2854064694,21368
4283465675,303,28562,37875
3539024343,7197,14128
2839025754,8400,22492
644430690,324
1888171384,2170,3674,15962,23687,29486,30614,30922,37777,44973
984249871,21473
629075287,1317,3095,3796,4340,5238,6135,7631,8413,9130,9301,9573,10338,12265,12917,13142,13567,17106,17912,18664,22076,22238,23041,27688,28021,28117,29642,29974,30330,31153,31403,32548,33543,33853,36040,37165,37771,38560,38756,41871,42407,43240,43462,45438,45956,46153,48126,48398
418980692,26168
641247621,577
802372066,47218
2696789154,22168,25392,25954,28243,36324,37284,45351,48105
745536665,164,8634,13907
3617958715,659,3101,4658,4853,4961,14275,23229,23739,28642,31001,31347,33268,36012,39588,40188,40512,44915,46019
3865902088,28503
1390542818,23541,23729,27180
866269821,33307
2301435801,1091,2388,16866,17991,24631,28777,32534,33046
789412300,1487,3575,6166,6545,12010,12767,14043,23309,26223,30818,32954,33565,36192,38780,41612,42134,43250,43452,47551
4288670517,11809,14894,43877
363317676,24503
3382782995,5709
829042623,2158,3369,6807,10274,13083,13124,14983,15704,16716,17576,22857,24528,24831,25338,31125,31811,31885,36309,39885,40715,41278,43060
4252972751,520,1429,5591
1024693694,14451,17978,31150,36137,39016,41625,43528
1646894571,216,29808
3149638697,3787,16616
2283508084,22599
1030186348,20829
1066399765,37901
3834960812,43
3126345018,47228
1171107225,868,6049,8987,10186,17276,35515,39906,39978,40907
3629078445,556,1040,2249,3768,6581,12724,16698,20355,21220,23334,26733,28126,29799,30646,33695,37433,37590,37727,39486,40462,40658,41221,41563,42923,46825,47246
3654116089,10975,13880,25050,26537,27048,28704,32013,34461,39129,43227,44963,46900
24779267,18793
3065088551,2483
3013889021,36737
600494064,3355
2249589103,14667,30092,37534
2768747479,901,2915,8709,9227,9345,11025,11253,14773,17318,17598,26144,28380,32141,39236
895864499,24828
3144779615,14263,30577
1971704199,130,204,404,597,670,997,2380,2998,3451,4535,5057,7826,8301,8861,12028,12651,14080,14632,16183,16262,18319,19486,20546,20645,30433,32143,34442,35239,39722,41054,45725
40944684,25577,36302
1907457203,42511
1228296950,23453,28632,29203,29932,32969,37253,46735
4118538207,15564
3327127585,2881,29782,32686
2844630803,12128,28009
83225899,31904
3057178745,1585,27697,29186,44777
2072773607,2216
2717256904,47907
3056386983,30022
163729362,3620,32000
2778139672,6772
1567749067,1217,5237,8412,9300,12264,13516,17911,19347,28116,28913,29641,30761,32547,33836,34257,37770,43239,43461,45811,45955,48125,48397
950415506,4420,11695,17753,25759,32182,33708,37020,42581,43574,44740,44981,45779,47575
1976799713,26689,37438
2231546173,1068,10212,17191,25444,46313
3894273597,97,6340,26564,28357,32818,40203
2458723550,33310
2633048789,31331
2541072721,12526,30442
2359441894,12147
3909862975,1673,2015,4591,12140,12509,17193,20948,22216,24940,32995,33058,39199,40612
26253631,1502,5847,6394,7740
1094996199,7432,20650,37767,37937,41390
3209929024,3922,9180,13199,45870
567014564,9645,12626,24565,34270,36809
3845834004,3141,3545,16488
4169695473,92,18376,31272,44150
2094934994,23695
4250422858,13633
3266639303,295,2459,3027,4462,8050,9251,9383,13542,14070,16032,16623,17832,18423,23204,25107,25605,26572,26761,28135,28809,30209,30507,32827,33220,34529,34616,34829,35945,35998,36339,36877,38742,38879,41713,42812,43505,45852,46406,46817,46851,47087,47109,48069
3311276405,1386,3991,5943,9159,9509,11055,11383,12888,14255,14641,16415,17000,19096,19722,19782,22387,25245,31382,31790,31870,32320,41554,42173,44839,45477
2736554978,208,1966,3110,6491,10919,12161,29039,32688,40834,46097
1534720848,81,7733,8637,25128,48348
3368587042,37061
3842104415,2540,6155,9236,24555
1471179755,1127,1600,6354,12035,13691,15417,19861,21154,25177,26192,28792,44765
1528503041,10424
2307236024,13149,23153,28595,32034,34578,40324
4037185559,4733,11844,14837,20717,33668,37269
1695784431,26626,44152
1048211732,1463
169416842,970,3889,5738,22696,29740,33315,33758,33891,34044,39283,45411
3180586849,12699,17724,19816,21776,23278,26803,26983,36531,38936,39655,40700,44446
4270468126,197,43335
1464513349,283,2200,2910,3405,4551,4671,6707,6844,7549,8367,9466,9541,10924,13012,13769,13859,14341,15165,15213,15849,15998,16974,16991,19111,19349,20362,30763,34419,41967,43511
1491826949,501,6228,13147,16656,41432
1030637579,77
2985480583,19592
4206656966,15227,22916,23601,28647,33091,47068
3145262833,35,17679,19063,22817,26297,28318
3963257902,7542,28761,32395
440734847,5151
3488852363,31893
3821089560,2940,4005,6793,6882,7451,14186,16979,20419,21405,38677,42247
3878376152,4683,5715,10993,22487,30247,41545
3391409548,7324
2980734666,12316,32583,39649,41619
4152749162,32532
881107983,1865,3792,12031,12654,16669,34713
908894460,20036
211503533,2384,9098,11225,12288,17664,18009,18363,19156,21148,31568
212316323,236
1552558015,4003,6244,9376,10574,11094,11203,31496,38650,41971,44318
1729158385,7756,9123,19714,22622,29025,31071,36356,37194,39743,41130,46190
533215812,12997
102885073,41543
4158224520,2662,14190
783424122,11538
1322357915,4849,6461,6464,20404,31959
4102519682,23138,36254
1377674192,5769,18313,19371,22245,30295,30782,42057,42775,46036
3827613163,313
3739890626,33168,37035
3671422695,972,23066,29703,45413
3343063508,24237
