<hash>,loc1,loc2,loc3...
4227039685,48441
2094962585,48429
1308117136,48428
2044263453,48427
3506404353,48425
1000255148,48422
12490247,48420
4234442627,48413
1427281034,48412
3453147240,48411
2290265756,48389
3244274714,48385
3258833149,48384
2891408823,48356
3406582238,48321
3053176630,48310
3581982152,48281
2693136735,48277
2347294790,48259
202360047,48258
160052862,48213
349841173,48212
1393559143,48210
3921598912,48202
341048976,48200
3530888176,48180
251630158,48179
2753739388,48178
1952461023,48155
1581842683,48154
3066057037,48149
2265650520,48145
3241498700,48144
625242793,48135
4107020884,48132
1798519158,48129
1630433692,48101
38902918,48054
3161437056,48049
192351920,48046
3006556465,48045
2029363973,48037
2412012294,48035
2396979462,48001
3499761902,47963
1596067313,47962
2010502450,47946
1224801886,47909
1395096488,47899
2251540507,47897
3300552768,47859
459990409,47848
909848285,47845
3589852077,47844
976991743,47813
1641775066,47804
332000540,47800
4047348972,47795
3294177532,47792
1136386802,47791
4214658706,47782
179332630,47780
2964928771,47774
2083345555,47773
1238095987,47761
4026030464,47742
2075572685,47727,47978
4096461321,47701
1545669480,47699
3879179918,47698
382424819,47694
841606818,47671
53464649,47663
4262945664,47660
976431153,47659
3108058957,47655
1036746881,47644
884248966,47593
3969471684,47592
1494451108,47585
2321884813,47571
3767407941,47570
3876501697,47569
31751258,47562
4006798210,47550
3749563850,47521
1384365569,47503
1765808319,47502
1665016056,47494
3082738928,47471
1111318229,47464
238306057,47426
564324392,47425
2513140237,47421
1935115337,47409
1346677146,47403
947038339,47399
416778384,47362
1121444311,47341
2954670165,47330
3789639874,47298
4150866633,47297,47493
3703510856,47283
2125513983,47273
2458282346,47268
3243727986,47244
2999651124,47240
1793061089,47236
2165544578,47228
3631932922,47217
2628762348,47216
2854807487,47215
2247362507,47214
2265317429,47195
2091684051,47175
515429547,47170
1305743877,47165
615688686,47164
3374655954,47162
1451383840,47154
2166117493,47085,47107
269637375,47055
792121596,47041
3258636665,47040
3867567225,47034
996059368,46991
1534587821,46987,47487
2701183541,46979
54480278,46975
2588195473,46971
631180371,46968
1753672925,46959
4180071046,46958
3859681222,46947
657658651,46927
1801885909,46926
3142800907,46826
3937738467,46814
3236639778,46813
1791597048,46812
1499101975,46804
4246949283,46793
1386308597,46792
736890548,46791
3158491672,46790
4195928567,46789
2064139454,46778
2888199375,46776
2334300311,46736
409621501,46711
2544360762,46709
1772666540,46702
1026479998,46689
3619877187,46687
3706866092,46686
208956877,46670
611763208,46665
4203151893,46664
1924087179,46661
3363272631,46655
1442575483,46635
4200737343,46616
3479806278,46614
3702804336,46599
1919323182,46583
4171994000,46578
1036297491,46575
1106976208,46574
52185900,46571
1173122493,46569
219974848,46566
4193967642,46563
3903026375,46544
1324202035,46535
2746594503,46508
4096284553,46503
3382515317,46496
488072232,46494
1731156819,46477
16709578,46476
85325302,46449
1134929022,46394
1933970211,46390
131304716,46376
3552346447,46375
831096636,46368
1499828261,46364
609253241,46350
323930886,46349
4116188176,46347
121726706,46346
2507630245,46344
488073904,46343
1901703911,46341
4143949511,46307
2260829360,46305
2861764749,46304
4015089501,46303
3041926702,46286
3248317479,46283
634967467,46282
2597275758,46280
2832890499,46268
3555333901,46267
3244869550,46266
110694214,46254,47997
1761467686,46241
4287322316,46238
584124274,46237
318644699,46233
715888628,46208
2860522885,46204
2156571338,46200,47069
3532892379,46184
2323980863,46176
2381577208,46173
2273550892,46165
558812284,46147
2451602067,46116
1386547354,46113
1133029355,46079
3308974776,46062
1609701230,46026
3633188985,46015
1496647833,46003
723233905,45990
3783994778,45974
1336663679,45965
1402949244,45927
2480296944,45926
2212104600,45925
1897892805,45921
214098852,45918
1381148711,45917
3539446972,45897
418178466,45864
2066434860,45827
2286709361,45808
805336564,45745
2567912464,45743,46921
1559412080,45722
3775452690,45720
2156452791,45719
4035619897,45718
968385899,45715
840141967,45661
2072455306,45656
1626663882,45648
1989400847,45639
3475410966,45638
3220288372,45636
1359938473,45635
2128690172,45632
3418012129,45624
4176219996,45621
4029977804,45620
1612168689,45613
2120638806,45589
1475160255,45587
814014694,45571
3730774470,45570
3741064163,45557
325414438,45556
795739663,45555
3172742984,45554
2157441326,45523
2891538239,45522
458469899,45511
2595410182,45495
2521950632,45493
107469743,45492
3474212239,45491
803828242,45485,46795
1479239821,45484,46794
2523516655,45468
1363307182,45467
1589906495,45465
4247585276,45452
903861104,45430
2036864720,45422
2812253644,45410
2741659960,45404
3139542200,45403
3848269881,45387
3511500513,45384
2107065509,45379
3103269361,45366
1447165080,45342
326404713,45305
1771557843,45302,46525,47258
3445594384,45300
3551954526,45298
1966524566,45287,47343
1284977719,45273
334969142,45270
3977201084,45269
3433661920,45260
2817377206,45257
3638444587,45252
1791340114,45200
2574745443,45198
930197518,45191
442035942,45190
4275200415,45178
4141559038,45177
3443041949,45175
3385872264,46542
2494135289,45167
1323267755,45166
3020955338,45162
304111079,45152
3623002806,45151
1518919964,45138
652085262,45137
3272278395,45136
177363185,45134
1739549995,45095
1360530241,45092
774987519,45068
1269084321,45066
259259847,45057
1992701820,45051
194855173,45050
1244614373,45049
3177232494,45047
3629667134,45044
4093678686,45041
669084826,45004
3949611785,44993
2206537232,44940
168738968,44938
3138748771,44937
1751491017,44919
389040582,44918
2894923994,44910
275265701,44902
4184609036,44899
3548260452,44898
1399749691,44894
4100179358,44846
2649846674,44845
2868523134,44843
2273585923,44842
1201779440,44838
3517679940,44811
3006952975,44794
494306830,44791
660490633,44790
2792775193,44784
125166293,44779
2286012859,44759
3817661370,44756
3284994480,44755
1232041930,44751
4151529862,44743
1119082833,44716
657282133,44708
472556300,44683
395788136,44674
360815870,44669
1920313245,44658
1644320266,44651
3059109483,45094
3807937089,44650
2445805987,44649
2285900284,44648
3654321509,44581
2885539504,44571
1809831012,44549
2670682723,44542
3987860307,44541
1666450753,44538
5775750,44537
1632371908,44534
1369096362,44516
4092713915,44502
1471561994,44497
1588982153,44494
2477050336,44480,46558
3952055683,44478
2015849635,44473
2992973722,44471
2879212870,44470
2887250014,44456
2026742893,44455
1687245334,44454
2721417834,44420
2760642290,44419
3445725615,44417
3646403160,44413
3206167105,44412
2865499702,44389
1479964651,44386
2053534818,44370
3997487359,44369
1748646391,44368
1897184905,44365
741920179,44353
2477852847,44347
3652083930,44341
652039072,44340
591217727,44339
4047521023,44338
584798535,44322
487659359,44257
3674839268,44235
1921937170,44230
3917340882,44228
773363811,44226
670308839,44216
3473895114,44205
3074238540,44204
452396314,44193
3230100565,44186
3134052663,44180
1569572459,44178
2384284214,44177
2536176286,44173
1782437274,44167,46545
1507783845,44163
3671616479,44156
1478615167,44155
5191256,44137
2796544499,44106
1920867768,44105
1093953196,44104
35175956,44102
3730804850,44099
3294783193,44071
3710460084,44070
4045187123,44067
905001900,44065
2206962263,44061
4156492725,44053
3339930721,44045
1007854765,44027
2769196002,44009
1322307701,44005
1557771209,43988
3307820064,43987
1907787141,43986
3704667801,43972
1431303266,43966,44847
2515844762,43964
129912822,43963
759491539,43923
3487344629,43904
861900613,43903
2980340033,43879,47718
141304016,43868
3512964171,43815,47839
1078435412,43808
1728176997,43800
2630338122,43798
3590490982,43796
3385951444,43793
2571454535,43767
585384282,43765
4267072670,43759
2144567987,43746
1745592554,43733
1991552687,43705
876779745,43703
2165380195,43702
1255294039,43701
804487206,47347
2495405673,43633
2052122973,43629
3474731366,43618,47786
3846242706,43572
892892776,43566
3482627923,43562
2617486933,43558
1129342110,43520
562970924,43517
3537151554,43500
2696929731,43499
1392159683,43498
517204144,43478,47042
792654587,43434
1382407651,43424
1055732133,43411
3995851716,43399
3645033525,43367,48240
2250888561,43334
3162895043,43332
1750546877,43324
2256287665,43319,48379
4155998105,43311
2093897132,43310
3497943677,43307
2308978750,43291
3221663188,43290
3530018468,43289
3088195436,43288
221916598,43283
1031278837,43282
2121490159,43281
3290349788,43245
2174439191,43223
2876437986,43222
1824194012,43219
1803316844,43201
2829984136,43199
220769794,47705
3417521479,43168
3736990407,43104
2634075242,43103
2703005032,43102
3879901331,43081
884653095,43069
508384978,43067
2848128337,43065
613829796,43048
3156136006,43035
3696471747,43034
1369855228,43033
982159015,43031
1505840208,43020
2956963710,43019
425670613,43002
3175909260,46112,48034
542771347,43001
3863746898,42999
4043843814,42988
626920636,42987
2227293621,42980
425094899,42969
4232358256,42956
903803844,42955
3799186403,42939
3166318109,42937
2105807538,42936
1557093734,42881
852493145,42879
2415686748,42856
3113124694,42839,43377,45536,45817
4206776505,42816
90789803,42797
2634268673,42796
605080785,42794
1297611084,42793
1250170939,42753
2974944727,42747
2956415195,42746
321846511,42735
2780551762,42733
155711966,42730
94254540,42718
526484289,42715
3630368388,42714
2198418896,46976
1425340159,42704
4155583671,42703
365760631,42694
2372161902,42685
1373831385,42683
3953858337,42682
1692495261,42681
2643134501,42680
3735815343,42677
2944094518,42672
413981520,42650
3838907916,42645
1840899700,42644
3381746878,42627
863850548,42626
448842391,42625
1986254703,42624
4188331489,42585
2311096757,42558
699938067,42554
1318922873,42536
3951597578,42535
3021761884,42512
1111180460,42498
485944538,42487
2567188894,42486
4116615711,42898,43032
957925186,42483
2313444159,42482,46345
388271046,42481
896029767,42453
2395059343,42435
747765519,48036
1656475714,42396
2676607834,42380
355031908,42377
2587617221,42376
4286082036,42375
3505061770,42374,46660
2315194913,42369
1505312549,42360
2960053465,42342
3629699441,42341
3018041876,42333,43133
4231355068,42327
3500663351,42312
1319390655,42290
3843304057,42288,45080
1534895064,42261
1322989325,42260
744206848,42246
883410328,42218
13568313,42216
945057914,42198
719211788,42197,43051
1366491328,42178
3023367880,42159,42997
1246276068,42152
3756544657,42131,46564
2083848647,42115
3149995127,42068
3604617346,42062
4094587124,42061
2248942345,42059
3679081966,42033
3027770346,42026
1738729892,42025
404349113,42024
2794953396,42005
2579126878,42004
153894905,41975
3991826738,41973,44320
3239682016,41926
2726387792,41924,46312
1560505748,41914
1787519644,41898,43013
1054362113,41883
2740200881,41881
1107533320,41880
2375354048,41874,43825
704410368,41862
1829535397,41854
2270491886,41853,44248
2799231225,41815
4169115709,41806
1994604982,41805
4094645934,41793
745468148,41749
4259008300,41748
2289106151,41736
3870840875,41710
1992393733,41709
3932930592,41682
4010228325,41680
3892110087,41678
1211333401,41660
1834587475,44079
1138788323,43956
4118025622,41659
2290449401,41644
1285971115,41642
3036464268,41632
3125202520,41631
2787796560,41613,42135,43251
3990394074,41608
180826006,41596
2087375385,41589
1822978657,44647
4245545774,41581
1451544338,41580
2778042626,41579
3017979888,41578
3778219177,41577
178612494,41542
3386118553,41539
1429673250,41534
3969596996,41481
2914576125,41480
3035844707,41479
733398439,41464
128119016,41441
360654267,41411
697018793,41409
2542193618,41408
4071134257,41407
3978983667,41388,43776
3662432075,41387
1426867571,41381
1850173702,41367
2164772288,41339
4223675424,41337,43395
4148487535,45865
2912219911,41333
733534154,41320
4193314176,41309
3436995082,41304
1471027160,41248
4076635738,41244,42452
801650664,41237
3914257605,41216
1998142914,41212
489177111,41211
1872608089,41197
1754392145,41183
4091951737,41182
785778981,41171
3406169774,41167
1800148086,41166
4126485582,41164
3515181033,41163
1021718598,41142,42858
1271724586,41123
3508649664,41122
4165032628,41106
1388431298,41105,45028
2697600646,45098
2738387808,41095
3059378593,41094
2942373889,41091
710413369,44532,46402
275564616,41077
1478978033,41073
3635853629,41070
671486676,41016,48058
1710727218,41015,48057
1982699880,47811
10257414,41012,48354
1725896794,40986
3907045040,45711
2408592601,40985
199124968,40979
901449922,40978,44746
2648259830,40976,47549
1242780139,40975,47548
1574304696,40964
2105527028,40953
2657568286,40931
4051586350,40899
2985002217,40893
807247906,40876
1223894522,40869
324321934,40868
4218322200,40866,45000
186322639,40827
2536165661,40825
3208939672,40812
2988960733,40809
14336586,40808
245915072,40802
2574704476,40784
3483447780,40769
3201881888,40766
2147812447,40765
3031222135,46895
3464039245,40764
3329128906,40758
3125186048,40739
645814617,40728
4240540513,40725
672737416,40724
564896071,40710
4206904029,40688
3700773355,40674,46697
4154994610,40643,44620
3849636928,42979
3400643825,40641
1866699567,40579
783875910,40577
301977417,40576
1601862060,40556
864492048,40553
739495180,40547
1930558195,40523,44213
616319394,40522,44212
2208054698,40515
1831963056,40514
3506057815,40503
106664986,40501
1879736459,46737
836140599,42654
935356785,40500
862095845,40499
3641347627,40449
2758160189,45402
2891528551,40447
4269762153,40425
2531764089,40424
956326608,40364
3925692501,40363
2309281883,40359
2537577835,40358
3293243250,40357
1314518254,40348
3556558770,40327
1963850700,40319,47906
2867371407,40318,40586,47905
1224266482,40312
3847349061,40311
1287059975,40305
2022413728,40277,44433
819679565,40248,45380
924985870,40245
2209504656,45401
2860684813,40235
295398822,40234
1284768503,40208
3981889121,45867
3652737238,40204
1891097560,40202
1827978646,40201
2264578049,40190,46021
3814790206,40183
213984261,40178
3846761458,40173
2357610790,40146
2742805315,40145
1411523716,40100
4285477323,40080
2552316126,40070
1284380562,40032
944192631,40030
4292793115,40025,42932
2233370071,40024,42931
1040715595,40011
67841050,40010
639618797,39938
801872414,39937
2359613396,39935
3878955759,39934
835126209,39921
1346400908,39893
1440422022,39890
3174806772,39884
1602011476,39880
675910488,39872
1744763439,39855
3773392959,39841
3118013151,39836
3861465415,39835
578796341,39833
65787976,39831
3734541220,39827
3357142551,39812,44891
3974990878,39798
198541255,39777
1895226371,39747
1965958436,39726
1425153912,39725
2140241843,39724
1937768611,39719
92132681,39716,42661
3273831129,42066
1329111589,39715,42660
1967901448,39696,45506
2689378009,39686
2075708436,39685
2869867743,42555
1313397752,39658
82441256,39657
3750725755,39646,42468
3866809896,47392
2965146159,39638
1204423533,39626
2424716594,39608
1831357737,39594
674874454,39593
726758648,39590
1975230797,39586
942078408,39582,45196
1652621582,39581
2542199862,39580,40642,44619
4119065418,39579
1348857230,39575
3409857004,39572
947264327,39550
297959044,39548
3762464395,39545
2153433162,39538
3869755721,39531,41317,42647
3533905224,39530,41316
1517536787,39515
978473081,39514
1133226785,39502,42831
3054929645,39501,42830
1711213298,39493
2607107450,39490,41656,42002
1130501623,39483
73677881,39477
4006428809,39474
3038340753,39463
3459686438,39444
1863424608,39443
2946965212,39441
1204483576,39439
3200038350,39438
3859647469,39424
2682729353,39389
3573328748,39388
921194807,39387,42716,45976
2262047971,39386
1330966487,39385
2620563328,39382
3226741420,39379
1939666841,39369
2425469854,39363
4136043803,39354
2418694023,39352
2955622939,39347
40563545,39346
1935701431,39343
1884709921,39328
2151286013,39309
4103937083,39307
2627212327,39304
838295673,39281
2270191143,39254
1337971656,39248
3840364701,39244
1707043593,39193,42589
1887725175,39191,39318
1446826602,39126
3867968974,39124
3155953139,39123
2058593472,39118,39133,44457
1322746850,39099
3142134077,39098
547967460,39058
2376200892,39052
558496188,39042,39062,41465,41780,42253,42415
2975113051,39039,39059
121341083,39035,39102
3935426769,39034,39101
3736830773,39033,39077,39100
3681000689,39030
1074223409,39029
1921047829,39027
2264302769,39014,41623
1040678327,39010
929769851,39003,41293,41997
2299434784,39002
3571381797,38993
2426737514,38985,47646
1494782926,38984
906218122,38983,39525
2419847514,38975,41830,47094
2757246399,38960,40811
1519586207,38932
386977285,38930
4096108650,38929
886859365,38928
1280682972,38917
754819576,38913,42284,43533
1920234147,38908
1073291010,38906,44503
1101656833,38903
3759074466,38901
2066933116,38899
839411443,38898
3048701441,38897
4145183487,38884
970006193,38883
3912496916,38863,40550,43993
1449750982,38862
2889280624,38854
1825809198,38852
1710035386,38851
452435340,38849
2226168528,38829
539420977,38828
1791623681,38817
3540189346,38816,42271
2857952542,38805
123693197,38785
3131685420,38777
3679967251,38732
1109450477,38722
108030715,38721
1639415055,38705
254639348,38704
4088881936,38700
770460929,38684
2219921127,38683
3700221909,38681
3770027337,38679
221871671,38671,46779
17691995,38667
3131580940,38665,38776
550668252,38662,39574,47771
1238410498,38657
638410162,38655
2134997545,38629,45084
3860837128,38628,45083
1260601092,38594
3449094076,38590
2046365119,38589
3910211020,38584,38896
3612148352,38582
3786368208,38580
1464896457,38576
1895544405,38572
2412536119,38558
1073237539,38557
3685528301,38555
953370949,38507
1534008472,47856
392482276,38506
3815873026,38503
917338740,38502
2984436592,38500
1978490599,38498
3718744730,38494,39558
1202857682,38469
2791662924,38467
1757008632,38437
3780573718,38426,40796
4105277161,38420
316976090,38418
3890826898,38412,45919,47229
3999322267,38411
2200751567,38410
2989615533,38408
84176524,38407
640237568,38406
3862999161,38405
4120022029,38402
3874907564,38401
3007189836,38387
1036612675,38385
1543766538,38384,40221
420960137,38381
771201845,38375,45323
2527574707,38373,40753,42817
4153453521,38372
1948783309,38370,46805
3070953584,38369
1518338250,38368
213833149,38366
2064505441,38364,42968
2075698319,38357
3655747298,38353
3372836432,38350
607533302,38346
4084169865,38338
1509249365,38337
1490093121,38316
2135544072,38293
2488671893,38289
2820039929,38287
1768313717,38286
2314743684,38281,39082
1988408139,38277
2380254046,38254
879674892,38250
3421600076,38249
64144331,38247
2865557987,38246
303767652,38241
1155287645,38227
1380632347,38223
4202637025,38216
2367875566,38215
1102320261,38189
2575642019,38167
906363424,38131
3383508223,38129
1059667464,40578
2145876393,38127
4266685667,38118
990322034,38117
1476280503,38114
2228257003,38113
2465751731,38110
2056928699,38108
11753628,38096
2244374076,38085,42527
1436512407,38084,39529
582138235,38082
1179490200,38073
3437575946,38069,40076
2707468506,38050,40317
1170619951,38048,40315
1444609728,38046
821789491,38040,39824
4211968254,38036
2929146586,38023
2961489527,38022
1682355130,41877
343168072,38014
3610421004,38011
3470186488,37996
3942710118,37980
956218544,37977
3340620958,37976
573692914,37972
1421285293,37969
403077554,37964,38237
2820358256,37957
4060876750,37951
2115099205,37938,48353
3103538143,37933
2346550125,37920
215121193,37901
1901178083,37896
3677439030,37895
1957241747,37888
1142280962,37887
90614270,37884
3879089914,37878
4061612897,37871
3421914929,37861,46740
1862328721,43628
17082537,37858,37921
3515049938,37851
820754162,37846
1420069521,37821,44122
160126670,37814
2800261605,37810
3059208649,37806,37812
3551842949,37786
3633369947,37782
3671876661,37778,37939
1482168521,37776
3937803154,37755
4248493636,37740
488799670,37676,45392
1333162557,37671
102468744,8542,37785,43571
3532653638,37659
2225167586,1647
2752057482,37649
4060247563,726,18853,19833,21155,25178,36485,40815,41264
824688925,37618
3287416310,4654,20170,20569
1288279598,8198,11081,28970,32216,34404,40365
1607916191,16169
1870538195,37607
3998490065,37601
674503952,37576
2422749991,37572
2111452107,10622,23698,27700
1523355751,13336,18817,38714,45283
3237805273,37555
720572669,37521
612555142,37503
1760756748,25449,37639
1329276922,37500
2818903279,6365,25554,26046,33403
1287610231,25205
2652359987,37499
707472445,37480,47600
3885648192,37455
922418723,37448
3353332997,37441
2044524286,37410
3015706267,4574
2063611493,6795,7453,41007,45793
1036371645,37409
3653569820,17884
3150108111,37406
1593647011,41205
3645735026,4685,4949,10560,10995,11040,13717,14324,16095,16150,28910,30225,35760,35835,39432,40600,44407,46225,47513
592921390,37379
685862822,37378
1141656860,27280,33306
2100515205,6120,12036,44766
913367051,37366
1127912454,15015
246050807,37319
1061917145,37294
2550057483,37261
3102925537,13386,17156,19599,22483,22496,24220,28441,30293,37982,42055,46751,47292
1167438400,37259
3306674989,29818
1018556348,18823,22063
749299358,37246
2806474227,37234
1799824344,37232
4199017211,37226,39456
1736691954,37212
876082368,37209,47724
1322716531,37198
901158187,2262,2968,3691,25776,40842
548140928,6162,12763,20463
757348723,37181
1871847879,37125
4010288854,37122
188167172,32614
3607062303,37062
1627371365,37061
3485814034,37060
477863849,36978
132559283,36942,41369
1734921939,36933
3455504323,22504,34854
2724009975,36923,43560
3820770085,36922
3043973438,36897
3737683234,36896
3587714781,681,1608,1734,2029,2966,3472,3689,3760,4171,5199,5304,6784,7428,8580,8778,8786,9207,10260,10579,11476,12423,13763,14589,15305,16388,16708,17297,17815,23055,25898,33302,39280,40840,41483,42666,43315,46294
3645346578,36868
517146927,36860,37550,42120,42732
3036619498,36840
2188325057,36838
3191879548,36827,44069
180503728,3051
3966431883,36825
991682269,36756,41651,47785
1287070037,36728
847618316,45975
628149438,36721
2429698053,36712
3899078238,10748,13378,31540
1702820721,36692
2920969796,36675
2247410196,36668,43777
1225375160,36642
1910012379,36627
4010229796,25602
493918669,36623
279029196,36609
178578938,36594
2715041654,36565
104811932,36550
2026246657,36207
3178136804,36549
2106409045,11375,27525,48414
4070596354,36536
3167808922,2050,38861
4165474220,26271,31717,32499
3405356851,36523
4276190044,36509,47264
1328530115,4619,19286
1399200431,36490,42196,42455,43050,47428
42208074,40851
3531130596,36467,36616,48337
2422538334,36453
3316663229,36832,38222,43339
3688256312,36448
2886422005,730,40349
3489639957,36447
677517380,16859
2672436504,36439
708638561,36424,46027
3281861807,6270,7442,8133,9056,22604,33184,47449,48122
1594775173,13076,15337,41342,48078
409144322,36400
3713528989,36334
3391155875,36274,45251
2611661747,36266,48449
4146336197,36260,45622
2202325995,36257
3242103265,36253
118654972,34934
3569696353,15254,18557
2611326631,36250
1375023525,657,9562
2984110498,36245,48283
568005078,36244
852547455,36227
3946329052,36225,40549
373493348,36222,37126
3779237090,36221
2408102184,41803,41843
1013392123,36219
3303752080,17217
1578192814,30451
477968120,36209
947254976,36200,47900
1724586230,44630
3294454778,36197
1530612633,7420
3268258889,36190
3586074413,36189
2678496048,36156,39194,42590
745335719,3946
3592001883,36143
672877011,10781
941902548,36142,47812
2139722796,24452
2572128434,36140
2942910843,18943,45310
2473344140,22592
575532408,36127
1010534034,36112
266610270,36100
914990126,23,22844,23011,25623,26004,27118,27692,27810,29513,31210,34958,35741,41120,41904,43262,45611,46844,47131,47968,48403
3496899775,36095
4200804292,36087
1488817676,36073
3810282796,11260,38556
3401228194,36071
3708840859,37331
673617651,36066
4042178536,36023,37632
412886703,35994
1269703736,35993
1026131661,35992
2790431645,35991
1343945794,2717,7924,10435,11986,17009,18354,19037,45682
1368171208,19388
1013713797,35984
1771509074,48044
3848439711,35972
788214396,35958
3566721578,35938
3956244320,44484,47279
425248786,43467
314099912,35937
2416110508,35926
3627255143,35925
1582957435,580,7787
1115730979,35909
134995476,35894
3458849393,35893,44450
488927305,35871
3290715938,35865
1404865719,35861
2258527716,35857,42259
631169283,35855,42257
3644561897,35850
3075727599,35848
2307410943,9906
2442065155,35844
1541393435,35839,40977,44745,47661
175032787,35838,44744
1757726532,35829
3817603752,35776,46769
3471485248,35770
4075093594,35745
2961833259,7998,31645
3579632750,37608
4208702144,10288,17880,30784,37974
2931570207,22399,33718
1282210412,35721
2708857285,21522,28657,31291,33430,39505,44786,45671
2546300128,35718
1331843415,35679
3443980192,35677
3410358338,35654
3850265606,1200,20226
1221679602,35637,39272
2044089956,35636
3434687731,36295
3118137178,35632
3815670915,13602
3423049476,35603
3852713813,35602
2237974311,1132
1089015902,33127
2040750638,35959,38224
220341689,35548
1981066574,35547
3655716659,35538
1862388020,35537
4216684600,25673
1548468699,2613,4601,43643
1883046869,35516
1248025008,35495
4244278849,1059
252537543,35482,41723,43410
3253989928,35476
1881295718,35457
1555905742,6866,8434,12341,13977,35902,43508,45293
1518950413,35455,47407
2759990270,42559
3001370032,335,10208,17251,18756,23370,29519,30736
2589615145,35454
1415502734,15013
4065382414,30126
3759041510,35453
2847175446,8936,22587,22737,22825,23605,28193,36659
4061146431,35452
782149216,35373
2116348076,35362
3207123715,35347
1134099137,9865,20409,24706,28101,33966,40061,41493,43473
1882155233,35341
742272454,11668
4130512921,35340
491724993,35650,36349
3563255759,1979,7063,12293,12550,16181,17641,18814,20038,38711
4169045411,35322
2722169938,35320
3647618801,4431,7154,8217,23436,33869,33962,44809,45503,48451
1941218700,35293
423541266,35275,35489
4040095516,7541,26162,28760,47857
2307412641,35267,47586
2818580716,1936
2586973414,35261
1381826089,2038,21260
2405002651,35260
3943665980,28175,33196
977107162,35242
4028796886,35230
1832458250,35228
2431862712,35215
3438069911,5984,6753,12584
4227478943,35206
3352945893,35183,43992
4138687254,35182
2361374234,35180,42370
3461026265,1875,1892,4540,4567,7264,9083,16485,17149,17370,18297,18783,20957,21139,30880,33634,36264,37334,37798,39264
1038793469,35158
3281636626,35157,45390,47510,47748
609280010,21574
884709080,5291,6477
2048403330,35129
3947772235,18145
2702992284,35116
658489605,35110
317617757,387,850,2643,3134,11797,17443,18164,24767,29397,33418,35244,37700,46087
2087153093,35087
3478672086,11570,17850,19580,28450,33730,42892
1334928683,35085
705273026,35077
2979221868,35076
3122813636,35075
2857092991,35056
1788678963,35036
3389816309,35033,46382,47702
670285460,35029,46504
1599561955,2315,6170,13545,14742,41503,43448,45964
721146386,35011
1763411913,34996,45289,47345
930423217,34990
65609638,29931
1704939803,34987
3613954556,34986,45807
3136282555,34983
3175464756,34963,38658,42664
536942813,20681
3557661633,34947
3989595189,34931,41052,48250
1531288515,20131,46587
2468647448,34930,41051,48249
4249035508,34925
362504137,34904
2059396084,20829
4041739595,34897,39703
2734956277,34889
1222230283,34872
409090766,10664,13272,23115,29207,30332,32150,38539
1313557656,23980,36729
4045191679,34871,38318
3515206937,23000
2216601305,34869
2380556713,34859,40175
4075469492,34857,39103
3495625478,3834,12003,16548,16960,33153
3333556944,34851
346056691,34848,45581
164801849,34818
1906341166,566,17155,19598,24454,27310,28440,30292,32262,46750,47291
2920079589,31032
4218788089,34807,37127,38295,46897
275236270,36622
3315319991,34789,42006,44391
2117054987,34785
3718130859,21755
3943206043,34771,42329
142257433,4488,47174
2277154188,5998
3975736321,34759,39038,46951
1083378852,34758,39037,46950
872578159,34749
435714114,34744
3186188759,36718
746470858,34734
1964242154,48038
1441492695,34733,44422
1286595669,34725,37757
1065097515,24924
314932625,34721
1368941806,34688
2155460514,34665
2025088052,34661
4068054858,42217
3181075528,34647
4090159359,34641,35389
535062767,26196
2475513285,34636
1474501578,3563,6740,8561,18405,21373,29629,29771,33114,36867,36921,47149
3713269296,35841
674780029,34635
2364711950,34146
3413785531,34590
4158179192,1487,3575,6166,6545,12010,12767,14043,23309,26223,30818,32954,33565,36192,38780,41612,42134,43250,43452,47551
4160468005,22596,41405,44036
1417647087,34589
548405857,34588
625652060,16142,19215,19753,40488,44047
615468128,34583
4122112475,34582,46764
2208380919,31801
2669332427,35569,47603
3463377914,34572
627791234,34555,40129
3302097704,34551
4086067260,34512
2181274744,4121,5835
3938517354,19499,23290,28395,34506,46753
3466018913,34502
3733548797,273,16226,32247
4137974339,14686
1542408963,34501
1720123372,45825
4154468875,34499
2526461315,34490
2973090966,34486,46490
2821656075,34466
3620189623,2167,10861,37811
3182486283,34434
451224128,2217
3757581667,34413
3003614239,34406
2291534748,34368,35908
927303220,34359
25065483,644,1128,1601,2108,4816,6265,6355,7496,10189,10853,11017,13692,14504,39809,41727,43730,46335,48098
4131324590,34358
2485759704,34357
3759228815,19853
117110124,34351,40127
2544164490,52
91405615,12620,15397
1997498221,34349
2598033691,21733,40418,42960
1772903746,19378
970944818,27805
3041086167,23139,36081,45388,47746
825798070,34324
396838446,34323
2151607239,2494,3431,7072,8336,8680,9872,35806,41398
1480496407,3151,3323,10271,18340,18513,24559,25158,39797
651148874,34303,42873
1389948929,34260,38154
1706483765,27215
2074982658,34245
3085463775,27916,31021
2648840549,34231
1058240873,34224
179272225,34221
2752422281,3627,7842,13286,25671,42041
3728202412,34218,40762
810675796,43105
257966032,38798
1221221984,19591
3703426824,34185
836539369,3215,3893,7990,9288,12940,14469,16138,23863,24649,25339,27896,31131,43061,46693
739380543,34184
1501377091,34167
2378224849,4349,5809,6146,8540,20872,32858,46507
1093840718,34166
1861623343,565,2507,15698,17154,18066,19218,19597,28439,28741,29125,32261,34042,43834,47290
3307844555,10322
2255119160,34159
555846688,34158
1716979628,20525
1190089732,26581
4164775122,34145
1410769151,14988
1597345986,27923
4173006404,34111,37848,44590
2612015880,34108
1873871788,34105
2035419763,2289,17536,22406,29223,30357,37665
355199568,34098,48271
2133808763,34093,39894
3115042254,10422,29221
3915509596,34064
2431985497,3090,5795
1766712424,34063
2190360459,34060,35084
3236791767,34053
1479079581,43202
3141503612,34006
3250187132,13323,26977
3980344196,33983,34102
1030571772,33981,48077
3772859908,24137
3656053294,33977
105998958,12966,46555
2343480826,33937
2470748421,6789
2336942870,33934
4135127832,25876,44600
3061083044,33932
2584149612,33910,41576
3035834985,538,12590,18986,21335,30555
1341058968,33871,45505
2907691811,14807
2129186787,33837,34258,41604
520961906,33812,36955
2653022584,4731
831024568,33798,43407,43489,43590
4078490759,637,1181,4358,6833,10373,11425,12326,12391,12434,13057,14049,15552,18288,21714,22865,26637,27583,29057,31554,32890,33088,33915,34605,39595,44966,46962,47440
2473184185,3624,6470,16080,37516
858105151,124,47182
46759518,33701,46654
3316208467,33690,44187,45394,45447
1280004669,33678,36667
218118921,33673,35615
1173226062,33665
1987980648,33661
1307285645,33642
3425012444,21246,37201,45335
1039400656,32521
2690046301,33596
436028236,33528
85254544,37747
3717060718,33527
1109446423,33514,47855
1140933185,33487
2442378476,17016,23195,44435
1179828078,33484
2793855374,33483
1716385733,10268
1772988850,33480
1770093582,21061,37824
15036917,33464
2840457495,30748,35099
1763378101,33450
95291924,33449
232573445,33429,39504
2315775293,422,845,4137,4215,20144,21421,23212,27257,29066,32057,36162,40748,42334,48008
2601825484,6259
3914575466,33406,34383
1683417227,33377
1878256482,977,10949,14047,43398,45714
3131368741,5830
2832820088,33376
1872541817,33362,45901
3438092196,33350
1222805741,37381
3091300093,33347,41013,48055,48355
2590491394,33282,37691,38001
4294446736,33274
2157345526,33259
2891025352,33225,37119,46522
1887715368,33193
3404658221,5275
631748413,36128
2181871625,33163,38953,47557
208264021,33158
2105248428,33146
1064903394,33138,36607
440972202,33097,46708
3844976609,42065
2553417435,33989
3921690420,33080
742876568,33079
2990052133,33077
4197940521,19437,21780,25018,26160,32145,34381
1281709872,33076
3305798443,8504,11658,12399,14356
1673154698,33074
2605020615,2687,21044,31621,37365
3601168610,33059
3974835144,33022
295393141,33020
2488039974,25387
1401522441,33019
2530159457,32965,36669,43778
2738215227,32955,43453
4104964449,32952,41610
3261143234,32951,41609
190966885,1729,6095,11622,12387,18113,20181,20790,26237,28896,34074,43006,43342
1960502221,32925
2385323123,32912
3414178183,32897
1002833732,32884
3033639736,32880
1360941056,43169
482911242,36907
1077256829,24490
337841645,28229
814171919,32876,39874
1399117552,8691,34034,42211,43294
3716399271,32815
3237037011,32814
260699630,3748,5385,10359,45902
3943322596,32808
1904538871,32800,37626
3950194174,32774,46478
1375416111,32759
4078919551,32744
2535706956,32742
2435905821,32733
588471075,2137,20878,20995,21152,29269,29659,37583,43888
2180790564,32687
3374985539,4387
467858708,32659
937129781,32643
1582309240,6323
35303105,32621
2113712699,21379
3063132905,32617
592466850,32580
3581714421,32571,34933,41116,44359
4270892686,1642,4605,6307,7700,8807,14248,15613,15686,32016,34212,41100,42030,42233,42806,48479
3731015705,35073,36725
3472323374,32570,47263
1568569126,32559
1368694105,32297
2682935673,32556
1905097927,32532
3152536796,40874,46685
3232490949,32528,32908
4031383421,34061,46992
3395339863,32522,32753
1880815574,32512,47658
248205998,32508
1034371028,1782,26371,33933
363954555,32497
3927755971,32493
1420601341,42194
1971022292,39700
2390852317,32492
1400582017,27161,33453,46984
2155118797,32490
1916234366,32474
437761868,32448
3237997953,3827,17369,20956,22515,25082
3500131334,32402,38095,41861
429610660,10751
559018604,22033
967070243,32378
1367048893,4230,10498,11510,23950,35574,47753
1966409295,32377
3510408223,32374
1427547960,15563,30187
164148901,33810,36953
4103570357,10055,41133,47908
481665228,4413,13814,19173
130859631,32373
1875219983,32353
2664887026,38159,46551
1668353276,32331
2171737624,350,10005,26093,30913
3580746337,32329
2997921510,40575
3705576199,32308,40706
1030963837,32272,32847,35997,36118,46465
3198024032,32207
792329787,32195
4040147105,37739
2480075604,5844,15327,24020,24383,41202,48174
3201411737,32189,37911,46838
3069290861,788,7437,9760,11232,16069,22232,29769,29904,33112,39553,41547
2810552124,4503,23513,28512
16837263,32156
2552550213,2095,16869,17994,35933
840106617,32117,45224,45279
892141154,32107,42412
931794146,32105,42410
2795537505,32074
3034672376,32073
2241046156,7997,31644,44255
561803207,35965,36566
3970329313,4176,39757
3742476693,641,2397,6027,9219,12303,15539,20191,20770,40469,40532,43077
753955557,33028
4017704994,32064
3307361747,32046
3029224216,32043
125112735,32026
2198805465,17975,30114,30773,34165,37547
1519516627,20116
2620898586,32011,34998,36464
933406647,31955
3943490065,32211,48454
393915614,31954
2086725089,2357,23168,24255,25039
1969224116,31953
491036246,31952
2376539825,31905
4037840739,21799
1401076729,12920
3064966629,13972
1801696155,31904
3500788001,31897,35265
1197403873,31864
729571243,31860
1355318948,10767,17116,42111
2814347226,34078
670630613,16394
798546971,31855,44588
677978910,31836,39240,44349
2002849850,31834
4158332648,10566,19502,22498,22771,28443,29211,43145,47536
1989643755,12894
1342243997,31828
631378483,1704,6231,7083,10764,36639,41435
53697512,31821,40448
2701171244,31803
3360467437,31800
2325398389,31783
4250349196,4427
3917596933,5933
1204890622,31777
1081424393,31767
2644151501,34687
4002429306,13014,21354,33462
1361679161,33562,42977
3866767420,31757,39789
2971524811,31749,32977
3955556131,31748,32976
1858903683,31746,32974,47960
2565143312,31727,37442
1411921797,31771
1260654403,6190,9037,9279,11456,12349
272838716,21839,48266
1443373688,31726
3886829715,31724
1075131953,16246,24590
2669457368,31723
286115313,31689
3417485967,31686
3956820419,31685
608554434,31624
2244591377,31583
183990104,1224,6860,7969,10466,13133
547962805,2688,31622,46682
139371109,31582
2438030141,23406
2221981624,31571,36893,41558,42310
901409356,31569
1187802443,1459,1510,1913,5919,11908,12172,14087,16448,27010,27737,28458,46067
2720072737,23173
1628386087,18496,43750,44075
3686543314,26197
444195388,31565,41834
3730919354,31547
1708930426,31538
1341917594,618,18167,19688
873353854,31535
1701792234,37348,47938
593569553,34817
201732995,31515
895844575,4502,23512,28511
1326887212,31511
677142558,31506,44133,45226
4096418572,10286,12893,13938,14759
1335261433,31504,32652
664127488,31503
3246815578,31502,35849
841429255,31501
68315128,31490,37393
3869095350,15267,25510,36791
1899713207,31483
3249326844,31479,40692
2009995750,31470,46299
175782777,31466
580271635,33901
2898041977,36259
3488367414,31455
2430215935,31442,36319
3645269753,31441
1390002555,5318
733473262,19855
965286300,31439
3339094355,31429,39534,41422,45660,48021
3680673229,31414
1044963216,3912,26442,36313,47103
387868149,3287,24459,30476,31766,33398,34134
645552489,31410,33116,39462,42803
640870441,31408
2161851874,27139
3345862554,31365
1719847898,1402,23926,24247,27702,36966,44483
728354680,23983,36278
1167112417,31364,36615,47626
2085929903,23900
3325437869,33882
1310138881,31363,36614,38688,39006
3025847061,31359
4239514307,31358
340432717,19439,37745
734982931,31353,34002
1735400588,31341,46129
343875516,747,7804,24779,27824,28700,35163
1602079741,36731,43502,47794
372035631,31330
1859924519,10913,15978,16832,31819,34251,36290
2438248415,31315
1258102331,31314
983031430,31288
305476937,31280
3174943717,31279
2514347725,31275
3000471150,44670
3964858650,22598
3077442131,31274
1744151676,31257
1591685352,31255
1569923303,2485,8512
3037901097,31253
741501940,31217
3722714814,10018
51433045,31216
3016191584,31199,36694
2511056129,10998,47275
3380856503,31190
3131511002,3057
1237325367,6812,7234,8225
4265733570,31189
1324240477,31188
3088039445,16132
863107473,31187
206066856,31176,34796,39192,39319
2664268062,6899
4281507324,31174,42674,42995
1618191899,43630
2176353667,31172,42993
1994597295,31169
3525132294,31163
3615027271,22126,27477,34090
4204898100,31161
1550391949,38276,41490
2640278409,31146
1728816133,36089
1017201026,31143
498191923,6910,14939,17120,31976
196942985,31140
1762162361,2402,6506,18766,26190,28663,32471,34696,37009,38062,41770,41828,45980,47092,47274
755676132,9174,9723,16112,16940,25944,28084,38100,45576
550788793,34308
12860262,42485
745203271,31135,43094
3478106940,4943,7834,11186,17612,35338,46289
1015807058,14435,16654,17212,18515,18611,22819,33002,39406,41430
3762048337,31123
2592435553,31119
2099273275,9639,17047,21467
3912604662,27343
2500124154,31097
2171780160,3953,15320,31614,40622,41906,43264
135225213,23533,24668
128358774,31093,32051
3888860422,2153
3122776709,31091
1611396478,22098
3316510729,35975
4053133583,6749
1698613648,31075
1152744249,31072
995880676,440,1530,3223,6698,9960,15715,42150,45179,45895,46103
3612816879,5955,9487
1495613420,31069
902359251,31057,42034
2299959109,31049,36535,37460
1815197636,417,7789,9505,11907,24562,26158,31048,33064,33958,38259,46066
991559277,31046
2748664257,31025,35499,41641
761594858,326,23914,28011
3170763418,6301
1948717295,31015
717082678,31002,31488,43775,44916
1004191341,24068
743009489,30988,32763,34207,43761
1610132964,30985,36661,43140
3837523786,30946
419181691,7348
2035109386,31893
177531265,8406,35274,35488
564186360,30909,35570,47153,47604
743367115,30876,42895
2288562878,22359
2383227155,30855,37526,39793
3378424074,30838
2796327359,12859,16535
3565419961,30835,32166
1415230952,30785
1626417304,30749
581822656,2182,17042,33372
1981457,30741,34213,42807
3099937726,11176
3660388307,30735
802960316,30734
3613372410,30722,41160
3307766432,30714,33904,47122
977410901,27948,30207
1234863788,30680
1549655220,24319
1885467806,30667
3604254035,30664
2413393807,31242
3733422613,30662
1004168986,4351,4854,4962,7888,9793,11264,12092,14276,15050,18594,24661,24799,25820,33269,35095,39634,39779,40513,45373
740672604,30635
1394679315,30634
194603276,30628
2055773705,30621,37345
2209186581,30607
4039072543,30601
3661345069,9627,12728,26348,29253,34209,37832
1437596079,33168,37035
1398022760,24443
3979752390,30593,32825,45499
2727336213,28802,45458
1473812482,30576
2366480820,24751
3286300759,15804,17636
3995267015,30522
2294405448,1448
95473363,36343
1664426220,34750,42628
2471491796,30500,33117
2230238608,9212
1172009775,30499
344376022,30493,31035,33929
1817156581,30483,37946,38664
3205536407,30468,44908
2904126852,30461,34761,39196
1085672187,22600
3740026625,33466
3267935935,30456
3884846305,45378
77032983,30428
3755703719,30403
1833375581,21816,34298
383091083,527
3874533871,10451
2913386713,30388,37635
4081591466,39704
2667130749,30381,31375,43905
346975586,30380,31374
2261806752,30365,40698
1937441779,24915
586476335,30362,40695
1000007115,30060
1378407053,30354
3195145366,20822
4096680518,23410,40233
1964484048,30351
2331239695,30346
106487147,30340,30987,34206,35138,43142
1519470745,8664,14396,17705,18978,28417
2976724550,30338,34204
2365066974,31695,32625
3985547508,30322,38279,39080,45665
303993675,17809,19916
1966391989,30319
3497079537,24431,25560,37328,39011
2824862874,33258
2387249357,16599,23418,36593,42241
481465355,30315
3880956580,34489
4115806596,30308
3972989806,45462
2207903511,30294,42056
2913234015,2338,24465,25550,30391,37638
3066738788,35917
2494373593,7471,37655
1642240798,30283
587807243,37703
4243431797,34984
3443576754,30259,45700
2911105565,30258,45699
2102114949,30254
381099061,10193,19822,25599,29566,30600
2808835295,30253
3548822216,29451,33639,39870,47805
4217335631,30252,37919
2929745380,30215
537114939,33676
3179241884,30214
2036638812,47563
2778265658,37929
1497019001,23025,24524,47665
14999725,34558
4215848028,15187
1212128145,30212,33909,34356,41575
170875942,30208
3650967434,30204
467530593,30196
2653630166,30190
3859914265,30183,47989
817050296,30177
3429625474,35159
1222109798,11374,23796,27524
1973509104,30162,34259,36964
97919904,30158,32410
3567367987,36610
361563918,30146
3529722808,30141
1127489982,39746
2856366741,6267,12784,29349,38491
1554057861,30138
99906008,30136
783417434,30108
2190239254,783,12310,15128,22957,31815,35005,41351,42713,46273,47376,47625
541830988,30085
1400680055,30083
617286996,30068
2768500545,30067
1557852411,30064
3223858916,46978
930236837,2,22213
2073331770,36926,37818,37907
8951029,30062,46642
2302359039,37795
1535812420,30061,46641
957021886,30059
742415963,37822
3896657447,30050
4206640271,30048,41592
1826037240,30045
3340561471,30024
3581966524,30023
3793670489,30022
554853590,30021
928280793,22927
1074610523,29984
1434502691,15184,22136
3779275883,30977
291061654,29983
911114656,36446
3259591096,37304,44164,45297
621445437,1648,2560,6241,12460,19978,22358,22445,25379,33176,38195,47019
952268925,26432
1169680443,29981
3821507614,29980
944277521,29959
774288723,40033
3011899176,3087,19845,23703,27112,33001
413993553,379,8204,18038,19231,39111,41224,44293
1100328849,29943,30596,33875
1069451027,29927
889230775,29918
2798426670,42063
2493243031,5511,8949
1453993344,37644
3255855414,29917
1772488974,8781,31340,39624,40950,46128,47234
1653264962,29916
654317309,29915,47520
749487795,29897
2645722234,29896
1355271498,9422
1824478163,29895
838541497,29894
846458246,473,4153,27019
566322965,29893
4061944246,31663,38874,42164
2848904053,18426,23093,29265
2908438908,29873
941942595,29865,41778
2776689671,22976,23222,26985,36533,46581
3059473803,29859
3227775507,37856
93824736,29846
4099191160,24075,24078
999778320,29844
3634409177,46901
2521711738,31254
692435811,29839
4219026337,19323,24308
3256541895,37377
17059909,38291
3500453276,35195
1487416416,29817
2945762672,32376,43631
1357326450,29814,42827
1809380295,364,1211
1424113918,29813
1084652072,29811,31863,34671
1379389412,3117,9125,14584,36358
612791359,29794
1470245612,7772,12838,16504
1666954945,29789
2047559527,29783
3872846757,36157
3123439739,29764
2379367322,29763
875044166,43794
2014770172,43068
2676391431,29762,29914,47519
190362747,29758
114307399,29730,38703
938460271,29713,36155
3796501878,29712,41372
3324247557,29687
3249483686,29620,48205
3725865394,29686
428246362,29669,46853
3310406951,19919
3275637567,29656,37580
67600664,27448
322327549,29652
1374956458,29647,31158
1916835876,29621,37075,48206
2910480015,8552,11405
1169156228,6528,14412
2360264800,29618
1766863743,29613
2376135247,24702
929296827,29596,44783
4085891773,29594,44781
3821717774,29592,43279
3121310666,3050,9862,32527,32566
4122473476,1571,30409,40085,45615
770956885,27839
1313251264,31983
3875956388,1962,2194,2559,6240,12459,18359,19977,22357,22444,25024,25378,33175,37454,38194,38485,42419,43669,47018
848319695,29572,36108
2083106156,30125
4099086353,29570
3063654150,29568
3056813333,29555
1278935761,29547
2252374382,41645
103821900,3205
2727135919,29537
856211651,29533
3633668332,35840,38280,39081
3625978949,29524
4183884162,11739,16901,20161
2418540697,29523
2248546846,29506,30305,37485
108164783,30379,31373
1100223588,29505,30304,37484
1258014966,26837
1933343386,12669
2218082010,29499,38169
330732640,22686
933976309,33436,34077
452419421,47716
4000902515,41582
3051585177,29497
122978468,29494
2285297726,29493,30437
1503981105,4849,6461,6464,20404,31959
3465879601,29474
4167311229,29457
1937676207,13273,23116
439275202,29450
333233409,29437,46239
3313536029,29429
1333788012,29426,45552,46043
3260377121,29420,29845
4036632297,29919,30268
3234820461,7481
3692891665,29415
1056017888,29407
3077994777,365,12272,39663
136098562,29406
1766043488,29403
2176795704,29394,35622,45949,46353
1764677153,2076,3780,12372,23038,24882,25216,25867,26603,27102,28703,31868,32012,32090,38972,40444,47319,48332
2090100071,29382
710479215,8286,18343,24317,30194,30684,34945,40162
1511640916,29377
3362252464,29373,43592
2788538490,23313,47740
1825205387,31518,38455,40990
3755199014,29357
3707238836,29356,29706,47643
3325553254,29352,30629
1371664670,29348,38490,41695
1346364912,32201,41637
1309466910,21430
3165591385,29345
2534127066,29339
3801282796,5112
4292528930,25961
195656528,29338,43704
292769812,13313,45558
2635537078,29293,43569
3784757783,25271,29130,32622
23826552,29290
2548557217,9799,13043,25085,27992,30584,46199
804044522,29287
574641012,24558,33262,47401,48142
1274220563,29262
2687067107,3061
3124899032,29261,35365
2090216135,33980
3917129720,9824,15890,19768,27404,32060,34623,35044,44464
2231997578,29235
1251427210,37542
4217925316,29233
3883233028,29232,29636
4135041351,41671
1827712111,29201
1991159047,45274
3295165249,29192,42397
1533344852,43397,45713
3254686530,9537
1571740333,29181
1602161098,29179,46567
2606901044,29172,31900,39094
4068861006,29171
3247628553,29167,35079,42343
3542556878,32787
158863245,29137,39602
3420712420,19955,27414
1864036693,29119
4206771440,652,26841,46244
3283299687,29092,33663,41473
1402591586,37247
4065456156,10184,10409,10878,28472,40905
115607843,29084
1871006305,36199,43535
1686385813,29077
121453452,5506,31219
1054646231,24703
4020716426,29075
105030645,20819,30927,42612
3992438082,29074
883575741,34745
1261127536,2307,3136,3745,4081,4409,5021,8142,11775,12111,14220,22470,27362,27984,32609,39912,40475,40479,40630,41566,41784,46386,47047
491726330,29072
230019922,7391,8361,10053,12012,14769,18432,22663,26641,27278,29242,29724,33124,36415,36494,38008,40393,40822,40914,42401,47335
3291757357,29070
2292956006,5311
2231620961,35931
3606072408,37841
774347821,35246
2871713214,29054,36261,45623
2319941507,29053
2421153489,36083
2081545026,1662,13506,39543
3839584863,29051
834826693,24775,40862
1231820022,29050
739542609,41630
3173168036,29047
2069183071,29046
2438587232,2631
2462709778,29045,38400
2318252082,12879
858606596,29044
2867330793,13500,15579,21549,32959,35046,39864,42016,44804
3682533976,29043
1428815286,29022
869726638,29019
2435404526,29018
1432667789,39936
2223362671,27232
682091427,29014
4020873735,28989,32198,36105
2182691089,28977,37624,40519,46398,46488
3367579408,28961
4200167932,28955,36025
2058775738,35653,44431
2420160281,1153,6291,7534,9878,13276,18621,19240,30788,47223
1225811367,28953,29645,29889,31156
829302181,28952,29644,29888,31155
1739356283,27436
2492992968,28893
873501291,29582,38089
3584253110,37030,40504,45786
1830893767,28892
2585850595,28887
2984531997,18792
278409238,28886
381127405,28878,47807
3910388047,17930,32554,40090
1027486630,28874
4293185617,27938
174530916,28869,29026,30799
1175913061,34585
3668456135,28860,45368
538721026,28859
2336403566,28841,45481
568113142,28836
485324836,1096,1864,3112,3791,11164,12030,12321,12355,12653,14319,16668,17804,19984,21072,34712,36045
2043363564,28831
1461010124,25308
425772289,6005,9981
2301595986,28827
499850187,30679
3094618336,28820
2971490818,28803,38907,44504
1323649751,338,1038
3875316208,8555,38188,44192
3881359703,6442,29120
3841884108,33881
2696621375,28256
232829907,30502
4229637462,28789,33468
2807153875,28783
3082566028,28774
3255683805,35549
1660123974,10858,11904,37008,41827,43459,45809,47758
529373201,28771
3472879493,24914
1062399366,18778,21003,25031,32957
194553484,28766
3154492251,3608,12453,16796,20273,25285,25732,26489,31179,33189,35509
2776169464,36252
381025767,28765
523082428,48138
3472127969,17761
3338991060,28762,32396
1461788925,8990,12932,13916,14968,18411,19862,21511,32557
3253286579,28756
2092414905,3901,17384,31655,48002
3345912919,28748,35231
1729233514,13668,14582,25114,25160,25312,47303
1154947187,28729,29263,30676,39992
3240320257,28716
2723543559,28714,29230
422599719,28685
482499099,28676,34112,38505
1219245376,29496,29550,29654
1075176099,28673
2240011345,7954,16915,31435
3317296475,28670
204851762,43333
2877105232,28666,48459
3186590668,31289
4088177254,34821
314387523,28656
943894333,8961,21546,41998
2963938966,12648,15589,16966,20609,43684
3210667864,32275,32883,38071,40078
1698615238,28653
987970231,32267
2058543224,28649,33093,39961
2376461309,28609
2228657703,14157
1964441245,28608,33817
3357534348,29892
2239220524,28607,33816,34634
4048357185,8593,11996
1176925550,31874
1768545135,30169
2511341082,30695
3724129085,28572,29623,48208
1881082400,22678
3114161116,32879
3354312412,22945,41270,45823
2829814197,28555,36501
4216892485,28172,29384,47530
164407625,35619
3985028493,44837
3763553689,28203,29546,40571
403679073,28490
494671686,28483
483551539,28481
1014517018,28479
3936650695,26650,41159
2345102716,28476
2561824795,28474,28502
3917827045,5504,28885,39177
73752753,28469
800805952,26623
2897924434,28456
640765768,28455
4271221441,4711,8573,9444
4008059380,28447,45088,47772
1868159556,28433
1729554350,28431
863961573,1562,1916,2525,3687,6782,8704,8776,41794,42952
1887215286,28430
2918207973,28428
1639631135,37752
998069136,13925
2356723963,28420
3464336328,40719,46391
880935093,28405
2586356664,3418,23248,36735,41203
48088764,28401
574504928,28400,38354,40548
1778117658,37796
392408547,16304,38692
2688628043,28369
1558651865,12717,44990
3836149385,28360
2580154297,28358
2994313033,25981
2644947588,25234,28631,29202,29311,34597,36000,38239,42534,47433
4084456663,6540,15967
1113011615,28355,37995
2624362363,28337
1358859488,28325,33773,34630,35169
4073196852,28324
3902251199,30075,43285
2509392762,4772,48484
2964146473,28306,28598,32598,38516,38788,38839,40793,43347
1231820288,4618,4967,6934,7764,11197,19285,20123,21997,38730,39000,42780
2675341215,28300,36243
2366728477,35118
767336813,28299,33395,36242,36487,36852
338276300,28289
886091972,1231,13390,14985,17733,29315,35818
2167930120,28274
2844449983,48307
2039945072,40395
1590617648,28257
205672759,12228,19574,24617,37707
3779461381,28238
3522394963,28230,40372
865451498,28223,31631,41456
1500917644,28216
887967847,28215
3397983718,40205
1449432345,31243
227009221,28212
1146665898,28198
1214460141,28190
1870230851,5522
2027953212,28179,31286,34658
1313813555,28176,30696
86134928,23815,34340
2856190149,28169
1591510636,28166
20595909,30414
424005381,55,2332
2725599730,28143,30890,38512
2667346851,28128,39915
1328991731,28107
2863733529,28105
2950978288,28100,43472
3494249397,28090
487121746,39278
254280028,28089
2440737413,37292
824989737,7636
4286986560,14910,30682,36568
4272507889,28079
1110440897,28078
2864860911,23245,26957
4043213851,28075
2356547536,10947
773974790,26706,31029
1454498044,28071
3447824985,28048
1371878711,28046,47404
1017276543,28045
765402797,28038
3864132177,8262
3684164611,28026,30199
776149380,28007
1285821889,1670
2859779440,15504
1103308340,28005
816099,31633,41458
842212038,27999,36323
715760531,44690
1753904387,15533,28006
3286946191,27995
2161803806,27994,31181,33191,46763
1490538605,27952
3778410801,1982,2233,2399,2692,3741,4308,5414,6024,9221,10403,10710,11028,11067,12305,12415,12780,13891,14606,14875,16191,17396,17521,17601,18227,18626,19309,20193,20508,21239,31842,38444,38478,39680,40471,40534,41026,42101,42548,42570,42862,43688,46713
4221694730,27949
2115985252,27936
3832454429,33233,37753
1479029563,35662
4140346037,33979
331023088,5685
3581523303,27905
1450110292,27904
1371138828,27883
2415218507,27881
1883815540,27880
4017109908,39460
3268359453,3884
2126807540,27874
2523881700,4735,12243,15925,16722,18656,38377,39641,39698,45508
1017379840,27858,41447,43981,47189,47465
3023026870,27857,41446
1090235519,27855,41444
144843614,4521,7259,9767,11282,12406,13480,14006,16073,18139,22986,23990,26605,31108,31224,32561,32770,32782,35018,35464,39185,40074,40540,44300,46718
1192142722,27833,30112
2212545093,27829
2209669045,4630,6395,10084
1445436956,27828
2223364356,27821,28568,29069,29433
2037261724,27811,48404
3299894433,1743,11367,22438,35410,37611,46622
894660574,27806,32212
4144049254,35229
1864134336,27795,31427,39036
3348913195,25507
538945190,27794,31426
1011919440,27787
1795557611,27767
343019876,34858,40174
887011577,27766,44575,48227
3527365369,2917,8659,17478,23387,30271,48252
2064839579,27734
178537614,16687
362208428,27730
1291600139,27729
3835116682,17774,18854,19834,21156,25179,25698,40816,41265,46821,47815,48492
1728997250,27712
3036185906,42318
3775061033,19191,25441,28044,31756,39788
2053102147,27710
4213643920,28275
863633407,31725
1896042372,27704
1946193801,27685
3528732232,4765,6016,33014
2618787621,34325
1688693129,27656,46547
1704584294,27237,48167
770054231,27655,31092,46688
1916091082,27633,28695,37908,46880,47527
4063535906,13780,20564,24906,43178,43713
1274630124,27629,30242,34611,43623,47176
3000223110,27625,29571,32200,36107,41636
1838765389,31639
1112033671,6185,34477,45115
2037459916,27613
4053584053,13310,32088,39206
2117273972,23189
3567558470,27609
53605020,27605,37318,39473
3938256823,27594
2854688829,27582,28798,41838,47173
520848624,37823
2800686391,20310,24790
3321532792,27573
2810466290,27567,35117
4285708444,27562,32696
2202568850,27560,37401
1568213351,9644,16785,18967,23579,24071,24742,25253,28720,29360,32848,34269,34685,36119,36808,37914,40738,42821,45501,46841,47689
2397020827,27559,28884,37400,39176
4282809318,31784
2726953668,27545
1385336732,30543
3077439182,20774,30643,35927
1052456885,27541
3037743994,27532,27553,46074
1905645139,18985,21334,30554
2958550553,27531
1817571446,32736,34396
1587567011,27518
4239073133,29463
2610460662,14868
2340869351,374
2781375844,27497
4164470601,27488,34372
2880618151,6610,23716
2494503113,27476
447926728,27473,46060
2730865792,27472,38916
4169920025,9785
1823680964,27440,42008
2539992681,27432,29173,31901,39095
1888413031,42359
91514807,6425,30025
1122432186,27425,48114
562504730,27411
3584277036,9754,13236,26589,31235,35150
4290440139,27410
3306753799,27391,29200,37678,45014
3879576931,27368,38303
1996726093,27346
1575289194,1393,2364,4379,5316,8426,8912,10313,12115,13801,14124,17972,19770,26459,26496,28846,29332,30325,30770,31611,36843,38812,39050,42187,45160
525238367,2681,12600,27530,36115
2171795009,33938
2819534797,27344
739672412,45306,46373
4176878047,27335
395366359,1338,9312,10804
184306940,35967
1064493233,27333
1296360447,27331
225503387,27326
3288226744,37501
3985899085,26668,44687
2606799243,27325
209422963,3448,3699,4532,6062,7097,9701,14144,14974,15388,17892,23142,28923,32179,38474,39945,40937,41113
1128985732,27324
2945418823,27315,31806
2212008451,27312
373619491,28163
1105482164,27309,33313
1766022153,29825,47113
69181946,29166,35078
2978368525,27322
1399731477,34092
3546972392,27298,37852
3515773109,27287,30077,34575
3725993998,7375,47009
3354871971,35485
298259317,24592
1125909528,5811,8250,16021,16836,45037
3488530318,27281
2140083516,27277,36414,47334
3569377469,27269
1938989958,27267,33098
1065339032,27265
1083306700,27264,40585
1709940157,27259
428921589,27258,29067
2864308455,27254,29678,47505
3915924214,17997
84271233,22980,24120,41039
3398421023,27238,29023,48168
1138923764,31982
1685625339,27230
2832458427,1369,1599,2370,3389,4058,6368,7362,8148,8833,10587,11334,12277,12639,16820,19226,19586,20852,23158,25176,30465,31596,36765,46859
1468223011,27213
3606150038,34080
239151813,27211
528355053,27207
856416101,10177
1268865347,5180,11046,13242,23156,25049,35368,44962,46256
2072315861,27204,35866,36663
2622164934,3254,7551,15218,38300,44130
2042323735,27191
1950611360,47964
1956937742,27190
3831249028,27187,30462,31702,34762
2574638122,4183,10675,11204,16780,25737,27389,27455,33688,33865,41892
3469846892,27173
1065159647,23653,33813
3742839404,27172,27483
3685571470,27170
2924632925,16775,21507,21537,24054,32466,39924,44985
854208689,27168
3748547294,14660,30168,38521,39401
2437648936,27166,27866,33458,33832,35554,39901,41583,46747
4022591423,464,776,879,2548,3279,3292,3558,3856,4051,6519,7995,8694,8723,9046,9095,9145,9161,9810,10082,10123,10724,10789,11013,11057,11835,11926,11973,12219,12255,12297,12430,12694,12711,12898,12983,13419,13623,13848,14294,14643,14964,15470,16560,16564,16703,16762,16925,17578,17843,17917,18006,19098,19724,19964,20020,20533,26532,28543,28547,29011,30885,31474,31679,31872,32322,32993,33039,34085,36458,37241,38144,38617,38772,39736,39887,40379,40400,40610,41150,41330,41461,41858,42887,42905,43598,43946,44694,44827,45935
79558115,7813
638568544,32149
2848918977,27165,33457,39900
3809657944,13312,16605
1667791882,27162,33454,46985
3174083639,27153
3069510217,27150
1236184142,2089,13922
515773821,2266,33144
575565846,27146
264055651,27138
1659969049,27130,36055
3791002395,34234
1265837750,27123
1376069906,27122
3606169510,28654
1690379738,21355,27502
3490312568,27088
876706574,5997,10383,14649,16511,16982,19875,35578,40273
3321236009,7455
650885597,11680
2855809743,27087
3292558460,27078,33185,34877,36171,40362,40601,40924,45313
2674822938,6207
2846278177,35103,38519
91276186,27070,35187,40427
1472772981,29890,30139,37633
3754410938,32069,36892
3072533582,27056,41172
3458570406,2156,6322,14500,15040,15702,17625,22338,40896
3404667574,27045,36028
4188816955,33242
4200466756,11604,42010
989004947,27044,36027
3473914193,2242
129521211,27042
3395223072,27041
3975118061,14651,14659,39400
3306450344,37278,43717
1460695279,35737
758760457,2027,2964
2659375342,6577
1714969951,23452,23984,46893
3689392626,31052
4292427541,48228
3684194774,5178,32086
548263794,1101,2519,2544,5552,6492,10920,16987,21077,22021,22303,26141,31194,32381,32937,46098,46905
3936838582,27037
777625656,27035
2430066336,27031
3904728083,8283,19851,26669,31448,37808,43198,44688
1888335264,27030
249950212,4541,7265,17150,18298,18784,20958,21140,30881
3468021290,27029,48139
3443276024,20968,21100,28014,29327,30984,44946
3919323411,23092,43980
568552613,26997
991523371,26974,29928,44979,46505
1591030204,26962,44682
185920787,20658,21179,27536,41665
3055115043,26961,44681
2546080354,122,6948,11472,15655,15766,32984
2699070787,26958
613839634,26953
41065696,26952
855577350,38949
2219246992,11969,22407,27317,29224,31808
1854734234,26945
674950317,35847
2959108540,6877,17291
853889203,25812
1289097994,26943,33026
2107949032,45053
1780417320,26942,33025
1162361826,2505,9330,14674,21349,22478,25729,25798,28541,29114,34411,36699,42499,42903,43596,45426
2649370200,26941
2165691203,1004
2460125136,27426,43492
2183925043,2672,6554,7198,8597,14129,19922,21025,28858,43036
2939773390,26940
3122403236,31776
125096489,26916,37862,46741
3177971365,26562,31198,36693
2509920856,26912
278792557,5446,41747
2792783609,26908
1427603661,26905
3496876439,26902,43095,46395
611184851,15977,31818,44496
1323700053,26898
4247247476,26897
2842651236,26895,30147
401628168,9168,29399
3867302522,26894
380014175,26890,31666
2748226726,38021
1529832417,33228,38155,46739
3353043320,26886,30277,40670,46481
1525864490,180,330,6168,9939,10442,13453,18600,20978,21981,22953,24210,25695,25984,26098,29952,33286,34027,35876,35906,38967,47734
2172852776,2216
527119078,32513
422903189,1390,6381,12451,25295,25922,31742,33187,33290,48060
2595243896,26869
3773534099,26868,38217,47591
1373637802,26867
1931506927,26859,39070
2294356257,26851,29719
3779862788,26838
616240553,26824,44481
446954820,26800,31372,35530,40730
1233925482,26799,31371,35529,36805,40729
4248316626,26798,31370,36804
4117003110,26791
311244390,9558
2541165460,26782
1243289636,44227
475868639,8070
3228924923,26781
4080565854,31531
1712272074,26774
3058083684,27412
1953720977,3774
167701044,26770,30014,31793,46726
2429471759,5665,8678
3043799455,26756
2031876394,19728
3786830191,26755,36711
2221497517,18170,24987,27900,40929
1794183845,34991
566735198,26746,39673,43864
2268683708,15494,18526,27392,43897,45015
1512398172,26730
876073885,28061,38388,41305,43659,44094,44715,46451
300195220,26727
495838067,26715,36300,38025,38339
3708506492,26704,38422
2804491180,26695
4191785082,26693
3457208830,26690,37439
3743490840,33880,41814
4157560257,21544
1916992349,26673
214578582,2896
1654704865,7982,41864
167130717,33255
3744429089,26661
1694249735,26659
1700914537,42326
652381013,26658
748569596,3730,19387,35451,45757
1599365107,26657,37132,47118
2143011973,26652
1758980943,26643,32342,40916
3471847160,26626,44152
3865732067,40313
3526910592,26614,35048,36963
4106132305,39756,44060
2544544631,10446,14313,22430,24271,25541,42283,47249
1251236701,26598
2332504378,2117,6668,10166,14017,24207,24468,26815,27873,41993
3164603630,3498
4048599788,26922,31100,46656
1478396875,16484
9158948,26587
2729721106,3030,3273,3876,9737,14990,15273,19135,31074,36205,44536
3686522091,26569,35028
3319307131,26544,37682
928922496,26527
637987895,26524,29093
1150276068,1344,13882,15559
2443532564,26519
361689579,26909
3321002858,26691
1286321546,26485
1736135900,23063
4287107998,26479
436406008,26469
3624815503,26467
221074614,26408,39445
1033709425,26394
2526930040,26390,33275,43152
914140208,26386
661781112,7831,12718,44991
2852458040,26372
2511158179,44844
1964826231,36425,41640
971018483,26368
3183610212,26365,36935,46671
3810175844,5435,12320,12865,20232,20439
2257846290,34101
2550431982,26364,36934
1761368949,26363
2893593928,37735
4072538359,29164,29569,41643
3853126024,16010,21912,32449
1446323428,26356
2611031094,33704,34722
2147842207,26353,26380,34782,44644
3564981482,178,2945,11052,12946,21979,29469,33752,34025,38870,38965,39021,47375,47983
2374747288,26344,34123,48235
3820740442,26343,40732,45389,47747
3088475883,26341
2442677022,26339
1410902514,26336
3929742903,26335
2240128850,26326,34569
1003946108,26317
2034634435,26304,37614
3978537395,32276
1399672916,26303
2309087753,31424
3275275443,28558,33471
235346098,37097,43052
149991375,26302,42705
3381714087,40453
3853749622,6848,11229,15085,25051,28705,34462,39130,44964
1933975572,17948,28623
12247030,26291,26477,27197,38927
3770366206,26285,32147,38463
4012826476,5090
1612273111,26272
428390383,30731
2779731056,26270,32498
3068985306,26248,38821,46684
3410189986,26230
2167388247,30814
4208495103,26229
3442990834,26226
2819200615,26221,30321,33563
1064910356,26220
3947398329,2274,3598,11289,20511,25885,41066
3147702497,26218
2444047270,26216
2567887790,960,28144,31541,38513
1828549757,22620,38202
2842699652,26215,40559
900961311,11104
2247992054,23138,36254
1788480698,26213
1982307473,27439
3886136983,26205,48246
566154306,25999,27113,35054
1344607896,26204,48245
1251677551,46185
2088945920,3905,14718,42788
382700121,26203
58304110,6938
2732974978,26183,32933
1351728351,26175
2980175825,26173,46459
2633196302,13618,19291
3058786935,6252,40458
1320934943,26165,26391
2674425812,37892
646048871,26163,29456
3959085615,48472
1281431575,30976
1839001852,26161,47342
2990667033,16577,20420,42248
3361711909,26147,27341,35328,36366,36739,43185,47867
3636401376,38179
1672522671,15029,22853,23430,23829,26503,30300,30569,33592,34780,34863,37111,44594,46611,47384
3302260395,26138
947207535,26132
4049072466,26127
3550541316,19570
894026650,11646
3865111660,26118,36125
347301706,26106
3773174269,32028,43632
915166908,26104,37640
1275604337,26081,40723,44935
445216491,26071
2686819003,34373
269404922,7792,39851
2664300547,26070
2592267360,3345,4687,13719,16152,17502,22884,35560,36779,41020,45539,45886
3935697723,36590
3976992863,13349
3199336500,26067,29532,35023,36710,37967,44087
4247826811,26052
3000797704,26029
2767749796,26027
7832097,26026
1899427569,26025
619666422,32866
2307830854,26015
2399535918,25996,39787
2908277066,21954
615992271,25090,26244
1643592157,25980,36065
28966457,47484
830822517,25978
3975187747,37199
1683237273,23305,26840,30265,42700
3310480448,25977
2646178331,25964,31165
82603631,25963,31164
1821761200,32577,46277
777239528,25948
3072768721,8060,9520,34200,39381,40741,47697
4079795007,20204
296258533,25940
3003725257,19417
82531227,25938
113428702,25865
2057127594,25863,47835
3759911695,25861,47833
2700335430,25850,47339
4141609058,25841
3814709589,25836,26610,29371,32191,36030,42496,43525,46030,47954
1036259454,17703
1224250724,25835
2888155696,25831
3560073190,25813
2850371088,25805
2770388545,25788,34536,37997
2980995925,23534
1206471491,25785,34533
1281531883,25765,29578,35792
3760163822,30717,43914
1490890890,4982,6912
1187275988,25738,33689
401405791,3654,9255,12402,13007,13099,22174,34833,39297,42584,44699
4220843197,35072
868575149,25709
2113255648,25703,33518
4069329840,25685,40036
1478971471,2599,15811,25957,33825,41169
2880033631,14191
1768416306,25683,27261
1760347797,25646
1531341396,21917
2747524043,5163,14628,18138,19095,23225,31107,40539,44299
170372039,25643
1514736397,43754
1619070266,25631,27505
3161067917,25603
635169312,25601
423122251,25590,38587
1997334633,25584,27732,40249
493538449,31387
3918347004,9688,30378
1438045222,2350,3368,4964,13123,33063,41277,44921
2540352993,25580
2170467232,832,1213,4208,19407,26487,35939,42710,45754
4229421686,25573,40555
1750163569,46498
610231827,25572
147591002,35130
322224713,25555
4061822973,3154
565108200,25540
1104413415,35423,40526,45978
1869308298,25537
3358770219,48117
1839435576,25536
3976636384,25526,27604,39472
3555600299,25517
2056205176,25512
2512556301,25501,29632,33069
1544086255,25497
2568814381,25490,29109,37867,42944
885221710,46643
310138156,25479
3064665756,25478
4014535404,20211,24158,40110
994768113,27433
3414165421,25477
1887312834,44785
3374758397,25475,26749,33884
889929837,3576,23031,30819,33566,47552
980299375,25470
4223149074,6631,16454
3338407123,25468,27742
3352262416,15298
932318433,25452,28768,35442,44381
1266537156,622,1023,5904,6673,10116,13888,17117,31973,32758,42112,44664
1987153213,25443
851243679,30363,40696
660860728,1406
3971667308,5325
1662640746,25442,25953,38360,45350
1577407245,11960,12119
1736492607,3655,9256,12048,13008,13100,14283,34834,39298
3088306712,36099
4240141160,25438
957540491,2144,10653,26724,39583,45197
280283296,6272,9333,46681
916701895,25432,36298
3401212696,354,1651,8194,9073,25305,26420,33792,36473,39150,46798
3946515964,16520,47190
72249914,25430,32071
1410175350,25425,31961
2563053757,144,36441
3177612906,34668
1395043189,25414
1694273883,25391,32543
4216151201,1241,5257,29490,40118
2435686140,25390,26321,26918,31525,37864,46743,47566
3187999016,44474
3077287331,25384,30530,34421
4260810,25373
1097852949,1107,2994,3501,6326,21254,32943,42876,44206
4092083259,33477
1499689974,9004,13745,29367,37044,37312
4011186477,25366,25586,40251
686244373,1986,17852,22646,22839,23721,33794,36216,46455
768564490,13937
2015273216,25364
552417570,25363,38166
720505800,48383
558282964,26852,29720,44792
1046185888,25362,38165
1653646077,34222
2199410163,25356,28224
395823305,9796
3940603151,6620,11584,47994
2100268914,23919,42130
3854245465,36948,42708
3492480278,2006,3659,5254,6136,6869,8414,8431,8641,8811,9400,11257,11327,11585,11854,12515,13095,13174,16119,19176,22563,25845,25992,26037,30239,31404,32672,34480,37166,41269,41500,42461,43241,43463,43983,45822,45957,46867,47311,48127,48417,48438
3924037255,25355,26728
202452530,370
3149132107,25354
2545790554,518
1049549777,4963,9794,16671,33062
363625953,25353
2157663069,16236
1751180167,25316,47255
2762612583,19401
824810916,25313,43850
3162042620,25307,46339
2488245520,19082,29462,35432
721359035,25302
3507697292,3933,9544,11920,12100,16324,21417,25046,37820
2966380159,25282
4098649721,10697,12164
68384349,36591,46811
1892888646,17063,33099
3977405798,26644,32343,35377
2359894307,25270,29129
2385964511,25269,26198
3961685730,41923,43907
778306885,20457
3289160463,25268,29970,34097,35828,36378,36646,40894,41884,45117,48229,48270
643381827,29402
1957691048,25260
1096575258,25258
1489497481,34731
257652975,42883
3923559891,7486,17348,31731,44411
318062208,29829
3214524317,25251,25742,34827,36875
3548496834,25249
314019274,25247
1729026558,25236,30017,33199
3937916128,25233,35946,35999,38238
3090225918,25229,44570,45482
2045428529,4589,10478,39197,45007,45202
1790933097,32560
1714219286,25228
3767521213,25221,40186,46017,47999
933011949,24312,44956
2467159584,35722
3225556298,28349
2641883266,25218,40446
739070266,3099
2982055572,25208
3349867058,25207
291682673,34299
2449479212,17112
734772520,25204
1748459851,25193
70819814,5528
1168704261,25191,25433,26662,36299
4079654424,27587,27783
2899459088,4763,6014
3787647117,25190,26629
3972809844,25189,25833,26628
4089340014,25170
120472261,25167
1193484760,37352
497803282,25166
2679166811,25164,27677
1057636941,25163,27676,29954,44983
2467421260,25159
3114870113,25129,47498
1450819067,25124,46669
1926574534,32669
3503540214,229,292,2961,17135,17223,22525,23505,24691,25297,25597,27891,28375,32111,33279,38214,39972,41787,48014
666286472,28639,37505
2628368618,728,14987,35123,35255,39830
1258784066,25123,28391,46668
1986841965,8784,9205,17295,46292
3132637183,25121
2867681448,21937,39896
2261017418,25098,30821,41085
1481259407,29842,39017
1936681760,25092,26246
1740633025,20437,20566,32899
3836465657,36287
1213660276,25088
1307614482,40031
1695838314,25079,26710
622108337,28323,33391,37002
1763829414,31355,33465,34004
1188360105,25078,33814
1110143682,25060,25566,39815,43941
4107527636,11652
2819903163,11525
3492582732,30376,40554
3767630866,32882
2610237281,8736,23742,33908,44362,45071
1437979270,25053
2633430340,34362
3060358257,25034
2922074917,32155
3836740351,14529,20899,22909,24570,35002,36987,39085,44567,45170,47880
2295263371,10024,13986,22122,24191
664291231,31898,35266
155171048,25025,38486,42420,42587,42706
1207521155,25012,25621
261590014,26011,36951,37573,48301
3084983647,10817,20277,22417,30893,39223
198327548,24995
1857647948,24989
3698320669,4831,22965,31519,45516
2659045265,24988
1402344517,3623,16079,32003
542830943,33369
2650287659,24981
1741170708,36823
2224186448,24952,26001,27115
2327330493,39837
4268552521,24948,42513,45748
1071563556,24947,45747
1286735307,1803,1949,2928,5231,5332,5418,8129,9016,9167,9224,10829,10908,11222,11421,12418,13256,13613,15148,16732,16824,16909,17178,17595,17905,20337,21298,21599,22351,22462,33622,35780,38180,40781,41911,44225,45547,45606
3857766665,24945,34425,47227
2004743975,24937
2561012015,24933
4157717000,24930,30896,42124
2626994750,4998,19217,19596,27642,28062,34036,45103,46452,47289
2801870350,24925,25686,30197,40037
2861281297,17810,31545
1194408225,23053,43323
3298804618,24918
1376231022,24917
3433624488,24916
1464966741,40
2917514335,24908,27910,34238
3946995177,24898
1114086154,24896
1678572607,24894
867345577,34847
654157761,41791
3045813044,31584
3617579105,24886,32291,47525
3732589468,33540
735504571,24884,43200
3669359902,24868
1574733863,16311,19991,20719,25168
2063099693,24861
1434065078,24852,38313
2785971628,34632
3884743894,13052,30394,41022,45893,46514
3806281327,24834
3212799197,10412,14962,24335,24910,25941,34240,34893
1135071333,24833
2771636717,9592,11830,19828,19870,21894
250290603,24830
1293651500,20184,37244
2713409919,36139
2714489571,24829
1830958590,7121,9023,12286
3037728815,35431
437297002,24812
1248013679,24811
3582708506,24792
3302806972,24774
583061518,1246,35104,35294,38520
1693444427,26087,35754,41081
2294360736,24752
3578438168,4886,37055,44631
3110825957,24746
338193381,24724
639348109,2661,14189,20629
2375039873,24720
3489382432,24719,24789
1469117927,24717,27836,37600
3328801116,24716,27835,34792,37599
1682919771,24700,37106
3998439086,26543,37681
1187320897,24699,44661
1342651269,24698,30390,37637
2420464201,5062,33309
1402533907,24697
3299086139,24695,40605,43491
672539131,5073,8307,9969,26771,28155,30015,43100,44524,46727,46734
2894050742,24684
1727603672,33126
1941234791,24682
1374651352,24666
3056819897,2824,3710,25665
1563125103,24664
1797076244,24663
91131436,31120
3631554254,4733,11844,14837,20717,33668,37269
4293329815,24656
3991904412,36249
179101992,26570,33961,45502
3003998597,24652
2685062707,24630
2977722616,307,1235,5742,17712,18705,19602,32347,45585,47032
3023987499,24625,29993,34333
3585157830,24619
3327379935,7674,17174,41310
1712352335,24599,44763
682677360,24556,48140
198689343,45494
2523068954,44396
1939318771,24552,47947
3630840351,24551,24665
2816709794,48095
3159645989,24550,33479
1696025979,5576,12013,14869,15495,18527,27393,27956,31058,42035,43737,45016
838415463,24543
352686956,5850,8629,10453,15530,38243
1029532679,24540
1627409779,2634
1182634264,24537
3141129752,24513
1521573106,24504
2638377257,24503
424612271,1450
3078195199,24499
2396760947,9008,29495,29653
375430464,24498,25329,28965,29878
1078707187,24492,26944,30610,33027
3375031976,24491
2349305386,27018
2785282825,24486,35064
3308709690,24473,33236
374150235,24450
1983805626,36895
2411426944,13872,22128,25172,27499,31184,40919
2046142676,34811,35263
3913918617,29308,40102,40147,42946
149155553,25811
2497242913,1702,24460,30262,30477
3312086058,24449,39009
1079702545,42148
154764923,30752,38086,42528
3977012543,24442,47522
645435137,24439
2372416604,7252,7419,21110,29423,35217,46040
2124504724,4570,37801
3136674410,24438,47762
766093644,24437
937384839,24436
3419358796,24428,37325,47783
3823338461,4450,5166,12902,15140,18147,19793,33725,44507
2183185352,24425
1080108501,24424,28364,30165,30694
1641083340,19850
1813875863,24413,29957,37124,44394,44635
1942428177,24407
2584247626,24406
1051573602,6234,19737,25567,39816,43942
361715077,24405,24738,30097,47160
466591176,23756,23902,40498
283666155,28180
3177279434,40211
576724960,1890,6141,17941,22260,22863,37332,38924,40304,46055
1273578509,24400,34973,35763,41090,45441
1059393159,31913
2395925217,24393,25583,32700
981654110,5613,11158,12448,13270,15046,15363,17327,18077,27513,30872,33779,41045,42518
3082450123,24390,36924,43561
1965371633,24388
3148855811,25201,26242,40218
3465682261,24373,35074,36726
2688925130,24372
2894196649,1220,2414,5068,6584,15615,25772,39570
3004471145,14227,14265,22777,25310,34161
3283989218,16115,24921,29375,29757,33555,36697,43594,43682
1507073103,34508,43041,43186
1774839652,24371
3019941240,26612,45130,45317
739793334,24367
1662513114,23422
3235570570,24356
2571576037,38248
3297746966,26967
2641809164,24352
2278199295,11273
697195286,24331
656328243,24328,35719,43991
4112453491,44249
3005516660,32934
3561466766,24325
3993717063,24322
738100469,24320
1509950253,29843
2144014449,24318,30195
2581558605,24304
704952595,31578
518057122,24298,34985,45806
2250258974,24289
833121997,24285
795821520,47532
3073396191,24281
3358343239,24280
3255661885,23064
1808900616,1699,3142
2180048360,23953
2890583353,24278
3038769837,24276
549020608,25058,28987,35633,37949
989163883,46653
1608172073,24261
2832899195,24260
897253277,4901,5539,9818,18873,19152,19515,36971,45183
502497327,24257,25041,35675
4017894281,24252
208254912,21890,27597,31039
1020037734,24246,26126,36965
604703775,24244
3288922699,24243,36006,44640
2740722405,24242,36005,37283,44639
152039441,24212
844363765,24185
2096385942,24183
1638900101,24172,32256,38302,42193
414074328,5808,6145,8539,21672,40757,41597,46506,47630
1392220423,26417,37869,47843
906389876,24168,24477,29035
661541555,29408
2220366248,24161,27337
4204164932,19764,26300,35620,45947,46084
3712635911,26376,42028,48158
2590569011,24143,24396
4286553861,29170,35115
2140598796,24141,27307,45899
737555485,9459,17366
1996788390,24139
2829028787,32356
2988984372,24131,31906,32762,43760,48431
1078096807,47952
2294948096,30149
4121202527,2229,20468
3045589002,24130
841184869,24129
479012855,29528
2231840730,24126
3255196609,27618
1236540694,28835
4159132952,24125
1617616246,24123
454139048,24122,41041
2239977493,24107
4237772939,6849
4168491341,24106
3072612711,24105
3678428930,28630,29310
3619497925,24104,44864
407570159,19080,39656
1657956416,24103,44863
460526660,24092,27648,41772
4006389152,24084
1787922012,34655,36679
169600782,27823
3237003265,9849
242670087,24067,35535
1492747543,24048
2313362019,33231
1329426310,24047
3737215848,24045,25849,47338
2617630033,24043,26971
3809665119,15532,16462
1022122338,22186
2451936104,24041,26969,35846
3637155617,4367,5211,11760,14291
3631189273,24040
2378098834,12128,28009
936995305,36582
3534239574,24039
1342349413,24038,29108
1627678792,24030,28099,38976,41831,43471
874723572,24027
3134153647,31658
3160155266,24025
347180812,24019,29666,45264
3060070268,45356
4254856371,24014
234303223,30739,35897
516238694,24013
2443889514,24011
1945115376,24003,38574
1166072026,4119,9560,35040
3668927617,24002,34110,38573,44589
3516516283,7694,22700,34852
3921404731,10210,29521,30738,32591,32756,35896,37775
924962759,23998,33747,35757
2663623923,34005
3913479805,23979
2070668384,28636
2448373963,27509
2314677057,23976,25965,29978,31166
3334905986,23975,28452,29977,31804,46892
2594025290,30127
2687883389,45842
3194816893,3035,8509,12868,37390
4087351095,23960,34586
3234837339,389,1560,2774,4161,6780,8502,8702,8774,14260,16864,17989,19700,30844,43429
2965014575,26478
3395808576,23959
1777968644,23958,47693
1849212093,23956
2017470327,47269
655883762,23946
1456441311,11846,33670
1604005457,29365
3064800319,23943
482880691,21729,23012,26005,27119,31211,34058,36784,40621,41121,41905,43263,47132
2804328564,23942
2026439145,23939
1211961124,1849,6922,9529,21958,31599,32068,36891,38794
2006127801,23938,25864,38017,47836
1697611078,22960,23404
3845057729,5913,6529
2739792503,23937,38016
2664468836,23933
177907304,23932
1660466443,24828
291686701,42180
3055055502,23931,28842
1113260288,23925,27701
3024637539,12996
1777260171,30438
2969155402,896,7654,8548,9800,12454,18053,22292,25086,25286,25733,26490,39245,40528,41047,46438
2046172272,23916
3902930467,23911,31498
2774991977,15680,37609
54210528,23891,31880,45695
2588437819,4975
2050721066,23890,31879,45694
2686088347,23886
2417248044,23884,28919,33685,47271
3040698138,23883,33684
1484431481,23881
2639373069,23872
2658057833,37096
3808446725,38654
3341734609,23871,34770
1434487612,23849
1588704340,23819
999546226,25483,32416,41297,42475
4266435685,23814,34339
80575593,23811,31638
497226333,23785
769454990,23782,28906
319876852,3820,17051
2635409815,29190,30116,30266
766889746,9919
1382760462,23778,41083
3179405055,43170
2426437012,23776
3054475743,23775
3862932181,23765
3745345800,23764
3136301365,23763,27659,35657
1823016171,37374
4180171294,25203
1915043651,23761,25125
3740501729,29098
2732119614,23760
3367737742,2978,19600,23726,24377,28148,30559,36584
4005287889,3183,24533,43802
3050647132,22854,23830,29145,34781,34864,37112,39228,46612
3226345676,23749
673635756,23745
1565893288,23744
3740783769,23732
84398474,23731
3190432030,18931
4049945604,23719
2626837651,23718,43853
244546903,27544
2420238478,27135
3946789288,23717,25315,26808,37440,43852,47254
3245111455,23715
2095622313,4925,19512,37216,38842
1770868037,36977
2854810122,6182
1268791298,23694,34495
149398722,23686,25465,30921
1997013965,43542,44459
1840783190,26206,47559
1384347454,23684
1255979122,23679
1956742939,23678
2829484285,7776
2169226027,23675,34263,46768
880713938,23673,24066,28161,35534
1622484489,23664
4129208290,38830
2258810880,23659,25424
3479035757,6914
2530952835,23650
2799020190,23649,48345
420214525,7219
4031987156,35106
1155074460,23642,32337,33926,45577
1140500019,23635,26812,31045,33641
4200341201,23633
766763346,11580
3866664809,23629
1058742522,36742
3082196770,12873
583635918,36193
3078364937,6154,42785
1170446424,18205,41804
362675454,23622,28418
765333743,23595,23993
4114314537,23594,23992,26703,28142,30889,35466
3076756016,23588
2667078166,68
146452128,23577,28718
764408766,23576,48030
2233556213,6327,9497,21255,23435,27293,30134,32944,44950
3717298528,23574
1772675342,23569,30452,47136
3833456685,23820,30945
472039049,28197,31903,39351
410278730,14951
3629404205,23568,47135
2075658638,14925,20265,45564
1668584245,23562,26593,41426,42870
2889360588,23551,26806
1731500960,23549,26660
949847343,23543
1258327536,46785
995011173,23541,23729,27180
153548646,29424,46041
394221071,23539,27726,32812,35661,36516,44774
3866880291,23537,26750,27724,33230,33885,36514,37531,44772
1569546882,31425
1465341598,23536,27723,33229,36513,37530,44771
1480501878,23535
3312797318,289,33789,42158,45573,46617
3124754614,23523,25736,28277,37087
2339709581,7940
3174611986,23517,29388
2013269492,23497
1134962420,23495,26480,30753,34363,37780,45148
3324159186,21007,32170,38634
1512782291,23494
1756334319,23484,31707
530026952,23464
2117183425,23460
138383775,23454,37254
2415201718,34353,35664
1830011383,23453,28632,29203,29932,32969,37253,46735
1964397477,23451
2038200072,23446
863818754,28255
2900877871,23445
4153025810,6087,26019
1010974184,25317,47256
900489796,23444,30203,46970,47039
365318035,1549
2112916770,23441,24670,29827,47115
1192969987,4017,31573,31797,38076,40655,41560,47158
1954450357,29052
411781885,23431
1430215958,23419
3144501890,23394,23631
1220500902,23392,33475,37217,38843,40984,41302,44242
3410849334,23373
194104870,30410
3442135088,23372
2221261733,23362
1314840670,23359,35692
3554289911,22631,22901
3473152776,23358,35691
3320471792,23350,26350,26377,28269,29250,29255,34172
1350562187,650,6720,14514,16208,25930,29188,29285,33554
2708008315,23345
1157404256,23340,31984,34310,40675,46698
3650480871,23339,34309
3259815207,1714
139082974,18487,19263,24344,40337,42772,47028
2545242645,23316,35449
4267076492,30285,45837
1151082173,1012,4743,16206,24082,25422,45340,47322,47491
1819106965,23314,47741
1761821141,1203,17560
4090418340,23312,47739
4214605624,3470,3758,21375,40838
2950126451,23293,29258,30219
1399665058,23289
3005756193,23279,26804
2744235952,23275,48121
318650187,7110
3909900652,26010,36950
1005842420,23271,23439
179037769,23270,23438
2102753129,5526
4065345984,36281
2365585644,21206,28017
1019223543,23256
2155569040,23255,25926,26679,35604,35629,36905,47037,47543
149356730,23250,36116
3837647262,23247
2242416969,23243
3244849223,24977,27289,30079,34577,35983
262953223,23240
572566136,24346
1108639060,23238,35915
1580620144,23223,26986,33761,47280
572249673,23207,27434,36880
322656086,23201
360516532,4371,23858,29807,33740,37758
1954147588,21572,26835
35582237,23198
1538972689,24827
4150392180,20672
4034022755,23187
1596788322,23185,24418,29134,33206
4255761645,34369
2669847370,41215
2058245676,23182
2676450960,3335,11269,14063,14433,15915,28266,30274,30417,30532,32731,43423
3690935176,27731
1997439758,11082,28971,32217,40366
307652839,23181
3391810692,15755
2714167742,34223,34232
4154443793,29602,43855
2844959870,23177,35102,37463,43468
3882247587,25259
704343337,23175
567848125,37779,45147
3683025486,32682
3506298262,16556,24975
3972161717,23172
3702755184,43985
2847844953,23171,32811
3743932481,3739,4306,9346,10401,11026,12778,15591,16189,17394,17599,20506,21093,28925,32119,36508,37715,37793,38442,38476,39678,41115,43686,44358,45281,46997
2924820314,23148,23977,24553,25966,29231,29635,42325,47948
2120446252,48211
471883684,23147,29634,42324
3644383164,18475,24521,33924,36758,41653,41666
212629533,28365,30166
578168853,24245
1856974221,16846
300529947,34055
2176327927,27266
285382634,23137,34157
3189185192,23135,28730
91265121,23127
2083431463,1506,28552
1853521483,23126
2190056047,23124,27128,36053
3833645826,23111
3582295966,23103,32472
3064200549,35837
3364647337,6153,22508,42784
461429490,23099
3128692633,36296,44997,47277
4107095898,12381,19404,22328,35955
2026667749,26179
3043408183,29435
3098313978,23084,23548,29701,38995,40863
3041222198,23076,33923,36757,41652
3376968638,23075,33922,38597,43617
730582052,42414,43952
3208723606,23074,27746,30665,33921,38596,43616,45470
201271640,23368,29517,38301
3420693609,4555,4675,5793,16342,18218,21772,23458,29002,39452
3474879328,23071
3316090282,23283,23496,26481,26568,30754,32702,34364,35027,37781,45149
3030777940,41634
1471607664,23067,45414
2221226359,14494,33935
3629617864,23044,26447,37940
3472766948,1277,38382
3201684051,23037,25215,28702,40443,48331
1181235807,23030
1667547460,14344,20747,33519,40171,43047,47972
394273073,23029
4249193332,27875
3674203706,23023
3976268533,5851,14127
895371933,23020,28308,28600
4244560908,23018
2319657793,23017
4088799706,22991
3361052393,22981,24121,41040
486603440,22975,23221,37991
4020811468,22964
2764750371,22963,24539,32531
383927366,1352,8117,9071,20625,26717,38027,38341
4021519865,21499,27416
2894575208,22962
2965626762,22961,23405
3829386418,13933,14010,26671,28285,33425,34236,35610,39523,47651,47986
1808287388,4514,10785,15136,35272,44393,44634
3172677106,26227
680313317,22941
4264577787,1940,4021,5498,6652,14139,15144,15488,16360,18151,22546,23263,23482,29574,32746,47722
1446508927,3083
2363731449,22938,27229,42403
3526742034,22934,22959
39971709,46495
239844233,22926,25817,27998,30700,31445,33263,36322,47402,48143
3275720253,22924,30698
1380958650,19680,20006,31111
3945355022,31331
2082775380,22923,30697
2653173484,34810,35262
1448306317,23329,28724
2081139730,2521,7555,35437
437129071,16776,32467
571423245,22881
3986070313,46148
2347588809,22880
2313582660,22879,24588
1049950104,28108
648538061,22877,24295,24922,25830,27599,29376,29544,30481,33556,40569
190997394,18118,18222,24986,26510,40928
3937629973,22870,38835
151420134,19628
647603932,27066
3396552160,23795
2584936622,22862
2504992893,22861,37491
1516983606,15558,18801,24510
452351240,22850,23048,25506,30592,32824,38124,39489,41655,42001,43088,45498,45668,48369
3393722205,9030
3354709516,22849,39488,40240,42930,43744,45497
1193785214,31421
1645632429,22842,26293,31208
3353968185,21207,28018
4206358150,22832,30546,34261
1160471488,1771,30130,32033,45650
1740312687,22829
2729923265,22821,31560
920520854,22814
3231872027,22812,23986,34599,35259
2122332920,3880
3866742747,22809,29633
1443624347,4304
2307355509,27038
2270920058,3692,16757
2255952764,9907
1002300448,22808
2012650873,22800,32807
938520330,9962,13440,20634
150294280,22797,23151,23589,25969,28958,29994,34189,34334,36350,46601,48287
3984340572,22796,46600
2537289855,36110
464537957,26382
1947427126,22795
598704747,22950,23733,31361,36612,39004,41294,41439,43811,44896
4131603339,22794,26917,37863,46742
3036954892,22793
2788972062,171,32507
36584420,22792
1840078594,22790,23903
2378042093,22789
2738635537,42950
2945297349,5731
1921889334,22788
1539441036,22783,23972,34767,44563
1546986033,47308
3218359580,22781,39056,40389
2219008265,6410,6932
2520205769,25488
1909161296,22780
1364213461,22778,25311
1677989235,12935
1758174841,15209,28182
1452296843,22774
2267322076,12575
2117057645,22768,28146
1397473645,22754
510226996,31170
772679426,21019
2108471840,22746
2691328774,26228
705128978,22733
1185463382,627,4443,11302,22397,25975,27630,30243,33452,41119,43624,47177
205568531,1158,27591
2543526718,11997,28129,28537,33712,39916
248927393,22731
2195034375,22723
1831849135,22720,23281,36527
2739484853,22719,36526
519572372,22718,25431,34400,34584,36297,36525,48119
2647670924,22716
839067240,22714,27755,30084,37873,38404
2874072040,22699
345735666,2149,7568,12560,12944,13548,15282,16741,20586,23867,40269,44882,46022,47981
3547939355,37471
2813750289,30117,32169
4249966566,18631
772796713,22691,27615,31499,33675
785972876,22679
2241562082,23587
1034251800,22669
315710693,31287
3012064445,22621,46189
3415627464,22612,44531,46401
1104107602,1368,1988,8832,22614,22648,23157,24080,24883,27103,27646,31327,36764,38973,46858,47320
3751544167,22608
2396490695,29849
113566888,22603,33183,44592
2743142441,28795
986205707,29551
2704857455,22593
2345566990,34062
188591968,12335,15028,15644,22091,28580,30568,37110,38297,39653
4149035685,22993,44754
699290485,22560
3953879568,1076,8327,29561,30703
2031199497,13946,17943,45110
2182158287,33143,39464
2607245556,29076
3320574203,22558
2364379350,2745,7294,34008
2465318575,26580
1656390340,22553,46032,47956,48453
1372526270,22543,35083,37131,47828
2734490731,22531
4177000635,22530,23519,29390,40595,40791,43345
144098843,22501,45076
1667721309,29711,36944,41371
609276759,22494
1285526315,29277,41165
28078766,22493
2582159226,30096,47159
2278672909,22482,24219,26578,32187,42054
2044654307,22457,42348
2845914332,33843
2812625062,22450,25787,34535
3570024859,22446,27550,34741,35799,39320,45567,47020
66742130,31357
2818152526,36283,38724
176022106,30406
3759994660,22435,27773
3512414560,22431,38921,45915
2363096372,22424
1568818726,10814
4034178931,22403
2700831444,22400,31312,33719
41345688,30086
2886931738,36717
2080011733,30609
2032512434,22371,39666,41525
2934532719,22366
1461902848,24358
4000787956,29611
607711633,22360
3303658743,22345,26460,35445
1807509359,24297,39576
3388744821,22343,44890
2120017920,13139,48170
2701865045,22330,30981
562223884,1561,3686,6781,8152,8503,8508,8703,8775,11657,24624,29992,34332,44077,48184
1377555652,36019
303588015,36530
239589577,19180
668111948,22306
2962229356,22258,37993
2717104490,22257,37992
293771658,26608,28412,34703,35440
2469876807,47447
2404452759,22256,26984,36532,46580
3644960913,46177
3933814257,22241
1831325473,1567
1794138691,22236,39537
1059961235,22228,24658,25893,30579
1549559126,22227
3699120935,6431,14518,14793,15990,37999
2473397281,22225
4232399367,22205
2862566325,32732
1232700016,22204
167350701,28149,34022
2227200462,8939,23844,47348
1680997099,22200
2892941870,30944
4199314036,22199,24300
1951021347,22194
3948795392,33900
2520043059,29955
1944919374,1527,3854,4907,6517,9143,11833,17388,18402,29858,30656,31472,32250,32259,38142
3124661032,22190
3742891211,22168,25392,25954,28243,36324,37284,45351,48105
3357250466,22162,29777
4262315472,22156
2450151189,33348,41014,48056
2135496896,22135
1766658192,5925,26150,26274,29027,35125,35825,36328,37175
3484888113,22134
2375808214,22127,27478,27498,31285,34091,40918
2960246971,22124
1106327564,22118
3232802808,29081
3230964829,22104,26338
1655500146,22089
4169314155,47720
3836561892,22088
1801806043,22084,41679
2860324792,2429,2760,24878,26307
3952937254,30729
2504468419,22069,28553,31581
3260392012,34994,45400
2399001097,22068
4006401150,22066
3341927024,23197
748602920,22061
637988070,9630,21836
2774659298,28650
3417532864,22058,34935
1644216405,22057
1724291271,12878
4133254095,22029,25807,40648
2465901630,41089
1269032450,22023,38204
3602657711,30104,30640
2855268614,22013,42117
937131929,22012,42116
1536479390,22011
2021081287,30911,43989
1085959733,14028,15543
3941266809,28503
450343273,45042,46553
1255413958,22005,27069
1671002963,23555
3988964395,22003,24815,27745
2703321355,31562
3350020050,22002
1008728290,22001
336943339,21970,33125,33447,40394,45267
220903705,21969,45291
2503680152,22103,26337
127777396,21965
3589052219,675,752,7647,16348,17054,18517,40344
2957648435,33010,46010
2177986146,3068,36275
503397974,21964
230874173,21951
2621227348,8933,39578
2119642980,21950,25261
2699051471,21949,24654,25036
4251815533,29708
4021207007,21947
3827117189,21941,28094
2736873093,21940,28093,34667
240215740,21936,26862
3088162447,48358
2657428414,14392,35220
4148988697,21934,26725,26860,36303
1546146355,3761,42667
2982286503,27206,35868,36109
908776227,941,4858
809431456,21928
475047354,21927
4062788672,26482
3377171093,21920,33167,37034
665568553,20231
1737144509,21903,40653
280078092,45077
2737620329,21897,41088
665360600,44893
2254234011,37577
2562833028,38958
2933852187,5352,22682
947959730,21877
1238948833,37281
277062947,1492
3171202693,5616,40213
3355927904,22743,23755,23901,40497
541802113,21876
1399417873,13898,15269,39475
461467449,2648,41675
1920289991,27220,42541
2226654099,21873,26028,45442,47582
338822139,23748
3172385641,25546
1600536884,21862
3600311287,21861
2882704453,15114,33326
3334912181,21845,27790,41960,43821,45073,46435
1323725702,35032,46381
329027544,21838,26195,48265
138904267,21825
3620879356,19254
343479159,21824
3441239013,20896
3231876916,21822
1728593959,21817,22041,31207,33509,33763,37049,44555,46848
2042468694,21812,24648,26329,40818,44654
1286781461,6210,10625,23701,23709,25076,26061,26472,26827,27301,32999,34913,36404,37855
4077693169,23575,48029
1768240423,21811,27735,32651,43271,44653
30530054,25371,28680
1032575640,21806,38065,43080
421925785,21805
1351262361,43363
3090965977,13210,18063,18758,20045,29864,44346,46994
727830847,21800
3877751140,21796,29438,44101
1340315859,21781,23285,25019
964598005,21775
646370606,27303,37865
1390867778,21765,32802,34018
2921287303,21734,26254,40419,42961
1111582713,4389,37825
4197031222,21730,23013,25927,31212,35630,36906
3812762444,1580,7037,16773,45702
1983435083,21728,22223,22637,23364,27007,33472,34057,38311,40620
138889611,21697
1880462208,15091
4081528804,9642,16621,18388,18421,19453,19529,20804,28807,32665,34527,36172,36702,40602,45105,45127,45314
3796533010,21695
1311331265,4202,6246,10576,18895,20765,21582,28279,33299,35190,41184
2968740481,21667
1018492678,10283
2419940593,6191,10327,12350,16347,26263,36522,43646
4136164588,16523
1958911934,21626,35642,38761,39599,46639
556022629,41925
1724834562,21617
3441454670,25467,27741
3764743077,29579
3891949218,21614,21854,23241,23940
2226730107,10233,18554
513926473,21602,40382
92269912,11869,12385,13557,15951,17284,20198,20373,27401,36833,38270,42183,43340,44622
3897100062,21601,40381
912267531,19085,31649,34128
3251640153,35214
3696374832,614,23944,24506,46383,47703
2265300933,21593,22142,35282,42046,42992
3057470839,15805,17637
2553263337,21592,22141
48129039,21591,30533
3940872676,21589,25440,28043
2714083578,44468
2171737765,43867
1237284853,21576,24869
1611714686,21573,26836
38276114,153
2184951255,21560,47286,47307
3088523511,3228
2154507788,21559,47285,47306
322660928,21558,26951,30124
2586834151,21550
1694014508,43573
3295566400,3716,7425,17562,27242,31918,38645
100974943,21543
3087333345,21532
2676970984,21521
4268805830,9458,17365
2349263233,21519
2941293829,8407
2059637918,21518
3842427313,21517
4004458739,20847,41410
696429595,21500,27417
1416730975,21497,46009
3488487654,21494
4142050234,38374,40754,42818
1548645086,21492,34407,41478
1299648828,21491
1890909043,23845
548233251,21469
2852785069,21450,31536
2855533175,10712,14830,31715
3832110533,28350,29660
3042907237,21449,24284
3123894541,21448,24283
3726118917,3333,34474
742303992,21447,24282,26374
2135469973,21442,31699,37089
4211488712,15310,23554
585597448,21437
1912605656,21436,33346
1669642428,21431,23057
3003677742,5661
3442949819,21427
970791493,21308,27420,33894,39286
1148778850,21425,32134
911079116,21416
3585540919,1683,26893,35356,36348
4079821659,8900,13401,31753,41232,46964,48340
578554977,21415,21953,23226,25903,26172,46458,48334
4218225899,3419,36736,41204
2957398540,21410
2406587279,1495,1898,9683,10079,14209,15123,16055,17669,21397,22709,31935,35594,38769,39929,43780
2845370733,21962
3682113886,21409
2657509782,21383,42978
1696568360,29731
2621119214,20527,21603,40383
4072818147,21386,23963
1890057652,21384
944153964,25614
2277166102,21378
1731431981,21376
470323639,33857,35298
1449368463,20617
1254793641,23295,29219,30221,41097
2951531024,21368
3395159704,21356
1565639361,26956,45096
1057317139,28829
1486430169,45385
2141030687,21350,22479,25730,33496,34412,42928
2349406354,21325
2104337638,26954
1863181976,328,28013,29326,40391
38149354,20159,43829
2422012386,21310
2672905866,21309,26499,41412
699975594,7215,23472,28744,31309,32464,44512,45914,47035,47541
2752577949,21305,30234,31630
2312911425,29615
28997590,21285
562304920,15814,20651,29161,42750
227366712,19419,30975
3689286384,21284
2975497744,33142
1160307113,30173,32055
1065297737,21282,45421
2064906844,21269,27699
1373293208,27469
2861015105,21262
491127267,27932
3786385363,6076,37723,39607
3471969321,21257,22528
3216318767,21245,22402,45334
1665914648,21242,37625
1060945341,21198,23789,37357,38526,47242
3830118866,2699
1643042318,21197,23788,38525,48286
4231112237,2499,2884,27481
2522294738,32964
328930288,29380
1596859899,7755,9122,19713,26607,28411,29682,34702,34982,35439,36355,37193,38093,40386,41513,42237,47329
1185850805,10240,25143,26294
3383754210,21898
518486332,21196,23787,29128,38524,48285
3013855166,1054,9718,10545,19689,21489,35801,36916,39322,40167,45569,47022
1662581118,21162,23333
2501400820,21129
3700339540,21116
3229019857,45249
2290246489,21115
2921597133,21113
3063510030,21434,23060,37488
2754870941,21104
2846974162,21103,24980
2682713441,36418
932712400,16027
3308526011,21088,25652,41477
1490062745,28167
2023124721,21084
1734217980,21083
3470274514,46777
3217450687,32831,41273,44081
4265543491,2501,32681
250836904,21065
2499898702,21063
2251798707,21049
439316586,21048,46378
1683078521,21046
3972740956,23200
815658566,21324
3799713870,21037
1061954179,21029,39744
66453166,4040,6458
4239447888,34352,40128
2543507391,21022
2493003433,21018,24241,37282
817495467,21017,24240,40457
1842269360,26083,36539,36732,36806,38877,43503
2550379689,21010
413350249,21001
2897743544,20992,28852
2667723292,460
3034653448,26729,31632,41457
84307046,40999
4174184424,20964,26454
3760151828,25116
654420994,46609
2388338285,20963
3193647484,40607
61882658,20962
1322410311,23425,33094,46705
2850437300,20959
928330140,324
3896097657,24985,26509,40927
2424989457,16307,30049,41593
213584627,20952,35545
2881220323,20945,41360
1413972609,20944,21844,34152,41359,41959
127528896,27275
936748693,17942,22864
678189975,25822
3060714698,346,14506,22413,34320,41242
1792403692,20932,24411,34214
526664183,24237
4103936849,20930
3860326133,37840
2620689582,4747,11786
4279693252,20929,35422,40525,45977
2561721525,20927
4292628648,20926
3291798741,20915
3690489562,20906
3714430444,20903,27490,28746,32788
2286128389,24753,36624
739302273,22556
4047870121,20894
366126247,20892,46816
2356894919,11966,13234
879273250,24421
4163611668,161,1625,5323,7182,15190,19913,27508,31014,34115,35318,35832,37687,40807,46924,47858
951918406,20890
1908134973,20889,36826,44068
3510163093,1841,7900,13698,27358
1308376421,5956,7845,9488,11849,13656
2027886647,20886
4102364115,20864
532054514,20836,25071
3320071674,20833
1896207547,20832
3888177064,20831,27148
3286714319,34910
2436781367,47977
3945366304,20830,27147
2927766162,20821,42614
3075030253,20820,42613
156243809,20810
2275086053,33023
1311624365,20799
908052321,20796
1796226823,20795
2830043951,21112
3736047595,19952
657722695,14061
3926456263,21013
2974325530,5632
1035623768,20794,22601,23809,27611,28603,28675,28938,33394,35122,35254,43858
3429724497,22093
196205316,20785,22999,41760,44272
1755773263,39180
934835189,20784,41759
716499377,14119,17582,32479,47077
3151384937,15375,25486,28070,30251,31010,32205,32852,37918,42478
829474158,37225,41291
2134914809,20772
3097183142,36282,38723
2827977057,20771
1261182361,23680,46392
3031014755,20757,20863,38229,44928
3033722568,20756,20862,37412
3944910963,20755,20861,37411
306040836,20754,35281
2110053708,5194,44856
379531061,20751,42847
89580769,20750,23855
1484229270,36131,42531
4186520196,25675
920512630,20738
3559407239,20734
711989477,2091,14595,22016,31020
839648665,20720,37431
3532877626,31802,48150
3897041675,20715,39115
1440570914,20699
432687378,45065
4144627724,35100,43581
2358510579,20685
2224598165,20684,24042,26970,30521
4186405298,20683,30520
3818768813,12671,13387,24221,29237,30630,34900,37473,45208,46691
2274000057,27837
3048824237,20673
1182037634,36952
4073006210,12526,30442
2536338309,11096,21762
449455193,20664
186301255,20654,25278
3608935823,6311,19423,20705,21163
2241794386,20649,30339,30986,34205,35137,37766,38304,43141
3067394095,2775
865324536,17108
699244150,20616,23411
1976282528,28926,29500,37716,37794,38170,42693,46998
1830852893,12688,35089
3817028237,20593
3532820617,36664
2282286452,4576,11050,25668,25871,34023,35852,38427,40797,42516,43666
1023799340,20568
2441546596,24538,35034,47332
2420647618,20565,24907,27909,32898,43179,44582
2878145243,22936
2303396010,20561
663530201,20540,21932,45308
3455541138,20538,38219,41662
1508447696,20537,41661
3294718128,42511
3296466884,20536
3195438562,20528
898368139,1267,30925
4221004539,23237
2310591477,32264
738399664,20518
3325526480,24557,48141
2205991621,20455,33013
1653021453,32902,36676
4230819133,20454,23400,30603,32877,33012,39875
488566538,35131
792362182,5357,38126
3972577836,20453,23399
3245945898,20452,23398
4127372878,16802,26907
1296651254,20436,27016,32656,44527
506559901,8163,13259,20322,43949
2525138665,20431
3117765232,20430,45521
2806837487,767
4026209042,25102,27098,29755,46004
930435462,23337
1264960493,20429,33815,45520
2630538048,27017
173407283,30487,32459,34451,36771,41670
1269421978,47567
2529554978,20427
2477099268,4368,5219,8518,15393,20780,39676,42846
3491017710,15788
623443625,20411
1042930552,20402
562808063,20401
3839100831,19609
279122238,20400,22730
1539450449,20372,39135,42182
2140611750,36564,36945,43919
923188443,20357,38198,44488
1035067087,20352
2826514479,20348,29804,35236,36884,37497,37713,42204,47205
563562946,20343
3036262715,9433,20871,26888,32857,44685
1364914885,20342
3384204403,20330,29868,33238,42299
2889430948,20321
3559149617,3513,5818,16379
841505642,17275,24333,28029
1098649925,20319,37414,40385
426764613,9061,15358,31529
2992832590,20308
3292697627,20302
3959139506,8199
2771451295,2019,3904,14717,30847,42373,42787,46659
1339091546,34059,35605,47133,47544
984031973,48349
1424126994,20291
4093690547,20290
177443785,10759,12470,21694,27284,32632,44519
3123197550,20288,30503
3806613822,34360
2321148468,23045,26448,37941
3090271988,20287
2332185086,20284
643398525,20263
3306731057,20236,36651
730053146,11372
2336516985,20230,46105
3309475011,20222
4001535684,4863,41739
3056050179,15061
2046195023,20219,37893
1052803463,20205
3420781029,20187
3303839629,13307,16524,39203
4026178725,20186
478003084,20178,42292
651112566,34689,35348
2860621588,38631,42000
3518616750,3849,5719,14471,17877,20908,22448,24163,29583,30396,46322,46695
1235152886,20177
1579696036,20155
2614627880,20153
4175927725,35971
3979835600,36606
1866673870,20152
937271889,20142,27330
3566413362,20141,20740,25499,29658,30178,33067,35973,37582,42802
1570086372,27908
324412171,20133
101297985,20130,46586
4117480664,22998
616642822,30157,32409
3416051928,20105
2748439462,34747
3736252466,5663,5669,5898,10219
2033529896,28784
3280723922,23477,24749,29929,44739,44980,47574,47797
4084637342,20103,33060
1531455994,20102
2394321347,20092,21149,26277,44577,45433
3610965488,20059
414673489,27474,35493,35963,41523,46061
4012189630,23284
1617667567,16774
4010634417,20058
2613884232,28352,29662
871866086,20050,21462,25725
3496160666,15308
4233287037,20049,21461
3749230338,28068,32203
2710617967,20048,21460
855025043,17535,29222,30356
3597280187,20036
1043559140,46469
3484025289,19996
1822757443,5455
4056458912,19959,30471
21388339,19956,21498,27415,31764,46230
3186936184,19951
2802191372,19949
3958477877,19920
1265266995,9041,9755,13237,26590,31236,35151
3780749633,25248
1124179948,39499
1331844723,19918
3982843022,18957,27222,30460,39195,42543,42591
2074770207,28801
483504542,19915,27578
215811843,10265
2453165126,31233,37539
4073825602,19908,35050,47167
3717832671,28991,42488
759072071,19907
4200202866,19905,21002,21125,23323,24226,24760,25030,32956,41825,43454,46197,46629
1624806337,6264,8989,10188,12931,13915,14503,18410
1617528426,31182
537985186,7350
433959921,19888
3883270307,42060
1398210880,3930,7237,27378
37935882,25460
3000012556,19872,21896,34427
3147067533,19871,21895
3512867700,35361
3575642677,245,8772,11051,11977,19975,21978,25872,29468,34024,35853,38428,38483,38869,38964,39020,39232,43427,43667,47374
2852300618,24971,34920,38175,39820
2701856253,19865
2321384294,24927,26924
611569031,99,18675,19123,24515
3777768920,8888,9261,17929,20358,32553,40089,44489
3705426999,11613,35785
3309153746,19854
2202061572,19852
2498259840,19841
1404723021,19809,29749,43129
2603330887,729
3023700969,7918,39426,40179
1827809035,30486,35194
3689288366,2662,14190
822820112,19806,20012
2038716299,19796,41179,47125
4229935049,19789,33990,42285,43534
3634219831,3906
531978121,14777,45133
1045340875,19760,25202,26243,40219
4059041118,19759
500355239,1230,25119
2239441647,19704
4003266151,5089
2202690396,22226
1757205416,19696,31827
141832624,48204
4167108898,1710,24057
3573689123,24586,25033,27672,28446,35709,37944,45087
3701756415,19681,20007
3263583390,4045
3775120237,19656
1569035222,19655,33408,34385
1701980679,19654,26649,33407,34384,41158
164429155,24512
774754571,44364
4162429264,4299,45059
183186420,29593,43280,44780
21863679,19647,28403
2142263548,19634,31539,44285
1312070194,37630
1765279827,24330,31142,37128
3015336901,19632,25043,29386,37926
339357810,32271,32846,35996,36117,46464
2197976834,19630,32930,37924
199014834,22055
1473299813,19627
1577984593,19604
3767824706,11857,12535,45268
4069202229,19593
1606244703,24536
4027264629,3242,7090,7422,23487,24023,28298,31121,36241,36851,47775
3580380320,12271,26008,39662,45752
414026129,22633,22903,39965
3801652780,19585
3029112669,23478,29930,47798
3621378909,19583,27074,44976
4041538729,19577
3339826748,19571
406845041,19554,25409,26891,30709,31018,31040,32209,36135
1453573388,34926
3952016646,29728,38701
3214673996,9928,32706
3946605533,19551,32500,43327
2571336663,7933
1046447148,19543,45431
1054682659,47111
1922374239,15871,15976,30494
1405642558,19533
3039738265,16106
876244206,19531,32946,41009
3874664715,19508,21722,28560
713586055,19472
669282093,19470
2865765019,46474
633272249,19469,34843
3585465895,19450,33495
2779906563,19447
1142344586,30144
1041693275,17714
1461137545,19445,31003,31489
4148839084,19441
2028380499,19438,37744
1310406598,1423
3394666580,29185,46432
3322253130,4996,8449,19738,21994,25568,43943
4077638571,25368,25588,28677,34113
1423648307,19421
382862653,4850,6465,13924,23239,25103,27099,31960,35916
165476852,19420,20456
3248628308,3022
2886198627,23954
2849799239,29527
3840700966,19416
1956385496,321
1171991279,19414
2813150124,32510
2629929442,32232
1370593669,19408,26718,28127,40288,45930
370289674,8666,17707
3649412910,31750,32978
3378098933,19403,40236
1517421344,19402
3829439301,19398,26441,34485,46399,46489,47102
344489581,19448
2010308256,19391
1101855540,19373,21108,46038
1152363816,19372,30783,46037
1259366282,23062,26359,39151
2475118699,19369
2448102863,1237,10673,11903,18707
3016757167,37031,40505,45787
3163692663,19366,20807,23692,32924
1043793922,19362
2334703299,36824
4058149216,22695
675856560,19318
597942099,246,2862,12562,32138,32989,38429,39233,41495,42382
3384713370,19317
3650440422,19295
2630175040,19293
778833964,6438
3263019013,19289,22787
392704191,19287
3088755292,28480
4069831131,42560
959925755,19282,19330
3595972196,1903,3462,10955,14946,16964,20607,29444,29692,41802,44111
1788658587,22145,40361
2577553279,19260
3738919737,19248
1509103701,21634
3413279306,3620,32000
910655168,19247
1890028004,29436
2728686254,25397
1617942847,19368
3248294485,19246,36141
1336532842,19244
3339885619,42695
1621912868,19219,22147,28742
870260242,23530,37251,40584
3096367764,39731
2752145719,23120
316694385,19208
2809787229,19201,26253
2004473893,19189
1502897603,19182,24713
2993919923,19179
3981575651,19167,42521
3848323504,27205,35867
4032214757,17541
706723770,16211
4054357094,19146
1870985860,12261
3638412402,19143
2483293410,3036,12869
320313691,10138,16674,26120,37159,45143
2421546893,24006
1569251610,19137
1882574038,21064
2130740661,3899,12919,17382,38466
325690148,19136,36206
2458761399,19134,27089,44535
2528428091,3318,3945
1069322662,19133
4052775195,27673,35710,37945,38663
1193329726,19122,20495,30482,33557
1236417179,19119,20492,29753,41720
2305019589,19108,22074
1419047214,5806
610221847,13791,17069,22264,24402,27445,27607,29156,32650,34849,34975,35644,35765,38763,39955,40045,40413,41299,44652,44833,45582,45879,45994
3997665087,19089,19495,34132
1858400031,10493,16784,18966,25106,26571,27294,29941,30135,38741,39849,40737,44951,47086,47108,47688
872873157,19088,19494,34131
3411704208,16317,30524,30878
3881862402,19081,29461,43412
1622037276,35226,40451,41213,46666
2472033135,19068,24708,28340,28532,44172
1915729086,19064,26298
2470361710,19044
996741135,19043
1289690682,26968,35845
3992855986,19042
3399934196,19022
4232022811,28074,29260,35364
3600156478,21673,41598,47631
1834443857,485,2308,3137,4082,4410,8143,12112,12330,22471,27247,27363,27889,39913,40476,40480,40631,41567,41785,44145,46387,47048
1908663119,19020,19941
3894328796,19015,41383
414923863,38160
1172238079,2732,15118,19049,48465
1317127657,19014
3246138482,19013
626621869,31687
1104714910,23508,28507
2661084680,19000
3221119109,5704
1603108337,17960
3145742582,18999,35456,47408
3420288835,18996
3372058971,4104,5630,5789,33055,36371,37645
3493006022,5749,43607,44157
3059880308,25852
3319247170,2609
4056039220,18995
2788308629,18993
1702479848,18990,34657
675809673,15060
2037833427,12861
1461078268,18989
243564300,18970,18972,32089,39395,40860,42363
605111147,18969,18971,18973,34639,39396,42364
2588480610,2892,36341
406676047,19321,24306
3619913194,18964,29939
707529513,24694,26611,40604,42497,43408,43490,45129,45316
170916129,20797,21632,26582
570609743,22451,31200
2906870608,18961,27515,29936
4196528388,5890,16506,42761
686595077,18941,26858,39069
1652023634,4756,10820
3000545963,27568,42321
4215609510,3662,16543
1866670164,9922,32453
3872930485,18938,27743
3072135035,25723
3645675569,18937
770255958,18934,22905,37047
2363122667,16158
3939420465,18932,32810,47365
1873117174,18914
4281631800,4362,12080,12395,14460,29118,30538,33536,44627
2920148103,3100,4657,31346,44914
1174066671,5293,13064
1532767387,18913,48280
4136648101,18904
376347357,20682,24893,27189,30519
4046585772,18866
1828145502,45640
981413277,18865
4136509578,25939
946598615,18864,23043
1402827266,45093
3817473547,15912,32537
1072260948,18838
2987732156,18831
1431844291,38880
1106678543,18828,39748
3510567735,21938,25862,37287,39897,47834
1062948089,9042,21864,29132,31237,35152
1326727358,18826
2089102110,8401
688580007,143,1482,15993,18142,20366,36440
601605113,18824,22064,44645
1900509161,29412
2402659303,18796
3898478214,45135
208860224,18795
4023981747,4101,13485,14198,18891
3916021781,25635,47197
916386092,15258,19471,26077,27665
80969347,18794,20773,30106,30642
1506590107,18793
3196140622,769,28669,31775
2074545101,18777
890792149,23666,27492
676031372,18776
3554026034,18752,39287,46117,48294
1988565317,18749,23725,25265,26361,37186,38332
2891460441,18748,23724,25264,34940,46836
26183807,32030
246445668,28888
2873071895,18741
2459648573,32799
3722558647,18730,43866,44250
1145839877,1447,9327,10507,13589,15986,17827,29404,35586
4107126710,18714
323698257,2855,6082,7164,27974,35517,36572,38206
2458363559,28822
1645822605,27263
3143652887,3474,42765
1266749076,18712
3419283503,18711,41380
3602301196,18703,28583
3423230784,18683,43975
896202948,18682,43974
2583540087,1761,5580,6908,7992,9290,9599,9830,10010,11754,11942,12622,12911,12980,13221,13837,17391,26847,38090,38439,39367,40437,42305,43063,45833
2781998176,18681,43973,45429
173842624,3833,5242,7761,12002,14535,16547,16634,16959,33152,42767
124543135,26392
3005269512,7716,18696,37479,41965
1511368982,18680
3053517311,18679
1223895249,18674,37968
821364245,71
2362121149,18610,21359,22208,36057,43720
3823870236,34938
2716804820,20721,41807
2304724787,18608,21357,24629
2014490814,23149,25967
1889634779,29535
1039100357,18607,39684
13146351,1466,5344,26436,39119,43541,44072,44458
3050015447,18603,33289
1309361656,18601,24211,33287,34367,35907
204635117,18586
3172651000,32341,40320
1098408154,20315
3789389352,18584,42880
3703043295,30087
1929031343,1355,1617,1838,2956,4990,7816,7897,8432,9401,10604,11258,11855,13175,15019,15780,16642,18709,19177,19279,24709,25846,26038,35900,36397,37147,41687,42428,43211,43242,43464,43984,48418
3316746380,18568
2075178391,18565
2753708628,18564
2824462546,2175,3816,21701,26872,41764
1586909072,25188,46603
1431876186,18563,33820
1982519895,18559,18637,31773
2668971259,18346,46911
3111355093,18558
83071797,7823,20252
2878509697,18556
3937460743,18545
3431239075,29597
2303118412,18544
3889192068,18539
1740662403,23292
4033584385,16777,32468,38581
522056620,18538
432620085,30781,42774
2525416780,17954,23374,28080
2622447021,16470,37403,42219
4098525670,18492,22617
4134836876,18491,38187,44191
3349144539,18490,19266,26864,29354,45595
2433377163,3776
966916672,18459,30808
1996579687,13606,23831,25880,33412,42633
783277344,18448,25518
2887513010,18446
824284784,15737
2369284993,18444,37989
2273262788,118,888,1146,2276,2684,3600,4421,6376,10601,11291,11696,15457,16123,17754,18087,19803,20513,25200,26398,26542,28645,32183,33709,37828,39620,41068,41415,43575,43883,45780,45967,47350,47636,48444
1231441401,18417,20095,20741,28436,30179,32279,35974
3840287753,47128
981791769,18408,45749
276234349,18389,22527,23614,28377,30513,33281,36173,45106
2391249465,18377,33516,40068
2686283447,18373,24817
295657315,18372,22004,24816,27068,37095
1870307192,2406,7046,8357,21097,33486
349763850,23307,38278
4187511760,18370
4043742158,18361
1450155235,27210
3021601574,18360
2810578417,15475,31895
665703466,18345,46910
203040726,31388
2815605039,18336,21229,23616,44995
2054626108,23190,34079
826742226,18328
2591593442,18306
907504673,2907,8029,8277,9886,10921,11316,16988,22641,30778,32784,43274,47886
2054302854,18304
2840115026,368,1964
122728221,25712
670484522,25038
1823527152,18281
2260579101,1933,2486,8513,15356,16538,39844
2481025225,18279
2591837575,18278,25826
3199584685,18276,34760,35879,42458,46952
2575399043,18268,18821,22115,25255,26311,33568,42823
3958975265,21440,33687
3324461214,18255,19028,42739,44313
319841996,36488
2987289351,18254
390758061,33307
3130261486,18253
4229987591,4015,25399,48462
806977740,27276,35035,36413,40930,47333
3126926661,18700,26333
2006951311,14015
177649667,151
583798248,18247,35345
157042950,18242,18576
875486234,48048
700250596,47208
1423052598,34879,35729
2059395902,1960,2177,3138,4083,6487,7281,7862,8140,8144,8272,8700,9475,10368,11735,12462,15498,15596,22442,26874,27248,27982,30671,30899,40477,41568,41782,42255,42417,46388,47473
2921172572,18238
2436264814,2383,18362,31567
3804666384,5885
3452137748,131,405,3452,35240,38909,39986,41055
2881991858,30411,45551
3346097789,12633,12783,39089
2632039567,22610
1546295245,18224,31829,32911,38931,40027,45455
3535932446,18223,26511
2731962699,3260
827876019,18221
2220558805,44,11113,37879
219441884,33705,34723
1915999325,32680
3101984194,18213,24889
1146368068,30718,43915
3096887936,18208
166952457,982
1637193347,18206,26822
3896353830,5155,8934,11741,16903,20163
1522443277,18199,40733
2569797012,46372
773078807,18197,35155,37115,38324,42174,47508,48233
2813396203,38203,42651
570590916,36288
270783461,4190,17819
2550724096,18191
2724208010,18183
1642328484,37208
3480877172,39026
2599735601,26032
2411768236,18158,47013
1998483158,14792,25789,37998
3105342838,18156,39114
1630991576,18126,27105,28066
2182293271,18121
4166404588,29718
2023822260,23663
3897434295,16375,27169
73856452,30298,31456
1678514943,27561,32695,37561
2188611954,25937
3646913334,18112,20789
2651791399,35374,46175
1969056483,13105,24205,24466,27318,34170,34348,47459
2725162000,19565,22786,23807,43856,46234
3977442643,18097,24101,26357,38833,47231
1051696615,18095,21326,23839,24099,26990,39532,41420,42274,45658,46949
665839114,21020
4141311645,18093,26988
190548973,4474,22917,27993,31180,33190,33855,46762
4270473872,25091,26245
3570231898,5959,7848,8444,9491,13659,16569,17013,17058,18615,20091,25237,26276,28309,30018
1371222662,18092
2643786389,18089
676234310,42829
3282420807,28920
1079416607,18088
999293783,18060,42764,44343
3039510114,18045,39484,40460
591479433,26648
3835344662,20305
1085355341,18023
993384888,834,1392,2251,4378,6383,6419,8425,9035,11827,12019,12114,14683,15745,17030,17971,18002,20031,23336,30769,31610,34448,35708,37399,38391,39049,39175,39772,42186,42925,43711,44803,45756
2142471882,25122,35227,40452,41214,46667
558281411,14489
2557443840,18021,22996,46046
2481979727,18020
2812850850,43383,46417
2710111435,7475
971822254,18019
2376097971,28933
769460118,17999,30310
1591962046,46993
1875003348,20541,21933
1647433615,10181,36195,38423
1032360126,17983
3543982820,22978,24118
90060395,17967
4129713272,17961
2691542197,28912,33835,48124,48396
2497855701,46114
1402388652,12670,22769,28147,37472,46690
675703383,17958
3594640933,32096
3966804943,43881
1939122361,5248,18542,32190,37912,46839
2662078665,17957,26846,39122,42149
1050452364,17956,26845
403348154,17953
2345893864,10063,11802,30458
1098645081,32065
2580323623,4957,12506,16878,43107
995359196,24313,44957
2915391748,17939,25700
2015711488,43795
97377590,612
2407921455,17938,25699
1711230151,17910
3257091403,5137,5687,10970,21992,44400,47138
1924076425,17908
816318422,46497
2695485329,35224
2488435204,5845,24384,36542,48175
2731512288,17907
3717997209,12991
4232722964,31356
3364425696,17888,45157
1235735682,1455,23288
863507824,17885,26887,31505
3366037622,24968,31416
4072297119,17881
4260628937,20185
1822554469,17102,19190,24835,31755
4122708666,17874,18396,39207,42365
2923367306,17872,18394,18535,19166,19821,21869,26169,27079,27644,33215,48318
950328635,24021,36849
196126176,37653,41074
4055513206,45550
2694260962,17866
3978201321,17857
3749917617,15916
1314543434,35918,38019,47838
2221868210,903,2452,2802,14775,17204
44769858,17855
3948656973,17853,22840,23722,24076,33795,36217
3435511207,17846,26622,31559
223353089,17839
3923108952,17838,26512,38083,39528,42934
3362602079,21609,21849
448788828,17836,45453
1978206914,1282,6305,14100,14246,23922,29249,35302,42804,48477
2646668895,1541,6201,19256,30317,48387
2444841879,4094,10863,15032,16913,18271,24798,25972,29504,30303,31487,31604,33105,35094,35552,37668,43912,45372,46831,47668
3835334352,17834,22284,28209,32829
592526931,17829
1675600868,17803
162320847,17802,24018,29665,45263
3989371360,17797
2999577671,10039,17772,27521,37042,48490
2419582170,11076,38183
1302409973,25476
663371666,17796,25840,36034,37817
2203294029,17794
2272629071,6269,36368,47448
3565705548,23296,30222
2429670716,13874,20919
2692447022,17793
3110685542,11263
2470640846,21015,31899,40455
2204501386,12964,14105,38409
3238427654,17766,28210,32830,38666,41272,44080
2517292626,20332,45562
1408915643,17759,21039,32476,34375,40966,48260
3582072193,17750
1947595695,836
3989062589,25469
3567149487,17749
3447194165,39883
3148928399,17748
2455949273,17744
412620299,28821
1255841364,17742,34424
18868719,17741,34423
1927417672,6108
1448772868,17728,30093,34475,37535,38827
1472769929,14541
1111986136,17727
3593538310,15195,45296
2905659994,17704,43563
2768019962,17702,25839,36033,37816
952565988,17693
4242993096,36445,43766
1113743272,8624,9058,14848,30227,33548,34279,43121,43773
3293721928,17689,42943
4233979087,17680,28319
314612328,17653,38394
3633200908,17456,32509
3241505281,17651
1310323682,17650
1187734989,17647
1198775216,17640,31282
1206033461,22599
630373297,17639,26832,39308
2463005360,32167
1282894312,17635
398255669,32894
1356796736,8845,14455,25593,28237
3753981174,17623,21270,30712
1959814330,34873
679184881,26911,28557,33470
3942086020,17590
3143088055,26713
1047959084,17588,42836
1552070245,17584,25230,45483,47079
1425837544,38508
3796250585,17544,45045
1734433359,6566,10282,11213,31476
1649155787,17542
3072285512,8015,9496,9595,12794,13597,16200,17471,23434,27292,30133,31942,34138,35478,39495,39614,40148,41256,44125,44949
2138618,36976
1694256372,43580
125545089,26731,27977,42634
114281043,17540
1283264688,7521,14414
963190906,33946,40284
2966828093,17530,24426,27052,37323
1917991016,17526,21393,21490,29303,35802
296526716,34399
3234002748,17474,19730
1226609041,19046
1106471875,3156,29337
716242117,17473,19729
693334010,25250,25741,26674
2432229233,17472
142573626,17465,23525,33782,43318,47516
767349715,17464
4283723886,22235,33660,39536,44052
1901831632,17461
1634063363,708,3683,17137,17492
1543925278,9435,16296
3017252208,17460
846306473,1371,1983,2400,3412,4060,4309,4643,4914,5144,6504,12486,15919,19310,20064,20489,20937,21192,25780,27453,29886,29964,30000,32919,38636,40404,41154,43689,44735,46125
2794523525,17459
2686359159,17457
192956649,17451
838167503,17446,23421,39414
3084213337,17426,21886
3318469670,37724
1555022387,14786,19390
89230538,17423
217205798,17420,36837
1117324842,17410,47007
316637478,21161,23332,32714,40226
59217594,17385
3768739556,21033
2446050179,17377
1478050158,17367
630755725,30704
630434400,27489
1503847162,17347
1000919301,17331
739824916,20311,46285,48423
2028530961,17325,24408,32136,39242,44279
2016835208,17312,35504,47157
1121006419,17311
733019806,17309
614004648,17308
521442087,17294,23463,36678
96125818,17263
1966176580,17259,22706,35591
3427444232,10513
301002825,26955
3702986277,17247
2460664382,1556,13809,15717,39860
976973501,17246
2888507594,17226,35588,42107
2171300904,38778
2212859576,17221,18397,19115,21785,30767
3612627263,17216
3198460319,17215
434385028,10508,17828
1184781371,4748,11787
1329953836,17208
3394273253,17207
864222434,13667
2025962192,17196
1486879508,736,20591
3613803993,17195
4001690018,31520
912213055,6570,7093,10337,13141,15847,18663,30329,37164,40663,41603,41870
3559701054,17192,22215,25445
1141118878,47767
1346777727,20655,25279
628193313,17190
3208770707,17177
3855569866,17171
3693042915,20897
510588703,17157,18670,22484,29353,37187,38333,47293
3215666582,17143
3426488470,18069,30412
1132600707,17142,33756
130583665,18833,27054,33679,37936,41389
3478455987,17133
2811478035,17130,26212
532954154,17123
894502041,17104
39690128,26275,28343,29968,35826
589055786,6142,22261,38925
2656059661,17090,21249,43640
3971777724,1067,16586,27271
318034949,17080,44737
4011007846,604,6211,23702,23710,27059,30906,33000,34914,35748,47301
1491461922,19200
2180052,13340,25854,26857,34071,35007,37784,47378
163554227,17071,19836,26739,47933
20561941,17067,22262,31007,40495,43420,44831,45346
1352717664,5878,6644,8222,18633,37898,44352,47715
3259093157,17062,24472
4289598040,22094
3357022469,17061,24471,46420
157495803,17043
3320763003,4467,12713,16460,17845,31558
1884391402,17040,30606,39878
1629549664,17039,30605,39877
2902797726,17037,30974
4143655283,24954,26003,27117,37129
2825464456,17648
2385038191,38045
267320392,12180,46423
23703251,17034,30143
3005288324,16972,24362
386467967,12809
1353967224,16971
4017343995,16936,34950
3274791321,16935,22907,45168,47282
1149424301,16933,23035,27632
840810842,16923,18064,20046
1980238366,14096,36743
3968702523,16922,32865,41777
1971203975,16920,32863,41775
2819985726,16918,31438,32861,34550,42727,47463
1885548998,4693,5444,7380,16057,18352,20122,34513,40334,42779,45376,45680,47025
1835452282,36367
1516852118,16912,18270,33604,40388,41515,43554
211580987,1175,3019,7460,8038,9882,10030,10630,10952,15862,16320,30527,31103,32837,33050,33803,34295,44441,47927
3433483898,16876
1498916681,240,2846,3530,12706,15155,19708,24579,25878,26315,26882,27714,31160,32593,32804,36325,37101,38653,38846,40744,41600,43056,43909,45217,45352,47446,48106
1872584691,31443,36320
250947387,16874
3289477299,8651
3266074829,4297,37732
803337758,16861,30929,32298,33971,38864,40551,43994
3989939678,16860,39526
828037533,16858,39105,40774,44276
1270340272,16857,25576,36301,39104,40773,44275
2834213009,16845
389847907,1334,17256,19826,24992
2073385595,16844,18090
244064788,16831
4131990888,18991,23619
2053622229,16830,32328
3579292803,16829,32327
1408603238,16816
3953731166,16814
1300398219,16811
4279605443,16804
3134954065,16803
2133967555,16801,45712
1253334716,16798
2963822826,16789
3732232938,16761,45405
775916853,16743
2302619905,28092,47486
1859258825,16739,20584
3943294952,16931,19506,20940,23327,27691,27893,34957,39974,40891,41955,44268,46141,46216,47130,47826,48257
3296493433,16738
1643330013,16693
2904476850,2830,6862,7971,10036,16403,29670,35652,44430,45960,46854,47641
1874768170,25109,41813
2103500158,16691
103087560,27838
659217685,27437
2062475744,3516,4700,5384,6809,6963,9231,11061,11346,11445,11595,11763,13190,14458,14713,14893,16218,16828,17672,18503,18927,19784,21302,24803,29116,30536,31627,32326,33043,33534,33658,34330,38804,39950,44050,45406,45872
1687676186,16689
713565961,41633
3777335039,16683,17690,23912,25149,25907,39269
2887806561,16673,38054,40898,45142
3673148849,27479
3399854290,3261
456183602,16651
4083783762,16625,34610,43117,43622,47056
4021600717,16134,31318
3837235544,37751
3970564728,44730,46775
2126141488,7026,40902
3027316602,16615
835801206,16591,23101
407300883,42067
3040747400,16585
2206043052,16581
399871995,16553,21662,38037
3203370875,27175,30404
639300199,16542,40056,41840
483336739,16539
4113582625,16537,39843,43221
1052736280,10846,31478,32401,42697
977694074,21665
1438558370,16513,35580,37930
745391950,19041,41852,44247,44982
438922461,16512,35579
4241482626,6645,18634
2693885000,16501
2014999968,16499,26901,40105,45512
4134020065,16491,38252,45002
3282430180,22195
514016016,15676,27183,30180,32304
1761213365,16490
768275484,16481,45271
1710445178,3805,4078,8392,13297,16728,19697
1203537391,16477
299903268,3510,37546
1124493156,16471
1879254218,14429,27306,31661
2568444101,16469,37402
1571159944,16467,37559
1187185790,16421
794222479,23623,28419
2318459749,16420,44166
4178966127,16406,29673,33006
432381401,16402,24626,28800,35651,44429
634857973,31043
335593814,2554,10392,24175,26926,37394,40844
3629092853,16401,16541,23150,25968,44428
3309145865,34660
2560406123,24150,27617
651793251,16393,26089
2487874729,5978,17245
3833902509,16008
1965793912,16387
847768789,16378
2852056624,16359
3304393573,16358
213814844,16343,23459,29003,47140
2942101204,16336,45529
1064816346,16334
4094858025,27523
3325438886,16327
480969068,8207,12038,15739,29476,35290
2462489635,16325,25047,44960
1112649573,3695
1036732989,18198,34122,35156,36094,47509,48234
2513044199,36412
3330173674,16310,39640
4200531404,29184,46431
2988643496,15454,19268,22895,24093,27649,29880,34845
2491739622,23338
2033028905,16302,21807,28139,31192,34283,38066
844246768,16298,19442
3792055363,16292,26130
642915851,16279,31856
2014568990,22346,26461,30839,35446
567861016,16274,17620,35914
3548191948,16266,17166,33736,38690,43658,44714,46450
3533522267,33491
3597851532,26075
3018026996,16254
2766605728,16253,24160,44004
1988033835,16252,24159
3259951793,16250,35950
2604259879,1013,1521,8672,23015,25132,25322,27914,34565,35648,43352,45998,47323
2566173002,25147
3750049979,24950
3388199470,16249,35949
2926470713,32529,32909
3204738163,16245,16611,24589
3605370160,16244,25361,38164,45363,45744,46922
3177188632,16235,19086,31650,34129
2053119320,16180,18813,20663,38710
4020408745,30979,45193
2254650752,16168
3416160400,16167
1607559369,16166
4068062123,654,38115,40243,46246
2630353238,3715,5594,5965,14151,19576,26505,38622,39167,43548,47614
276887700,6181
3616343018,16157
268440518,47095
2837851705,6958,42537
1418427607,23234
2458685162,16136,31320
1268948558,5729
2115217877,26523
2910034544,16135,31319
1055686324,16128,18945,29717,34680,36255,45312,46679,48394
504068203,4813,10850,18335,20551,21228,33538,44994
2450382197,22507
4284046234,47284
2458756442,42552
2971476271,23648
3386808113,16114,20387,39693,43681
903379108,34391
740505892,16105
875440098,16104
3854556323,16102,33928
3237751975,16098,30333,32151
2320158808,10263
3045326774,11766
962609812,32411
1356351623,4343,25962
1442194969,436,12700,17725,19817,21777,38937,39675,40701,41855,44447
2971970714,16093,24772,29774,44439,45991
3563762955,16091,44437
1729685063,16084,34905
274965824,16052,31932
160372489,16046
1541193156,16042
117805863,32636
3555135065,18940,29294,43570
658480161,16041
3060513544,16040
3386102525,18180,33207
3908834035,16036,25609
1560879643,16030,23202,33744,37762,43524
429460769,274,4753,16227,32248
810329539,16028
2385040695,16016
730482834,63,13776,22799,30080,30474,31088,48289
3597671164,16011,30182,35612,47988
982102188,15995
1620439958,25667,32364
289410544,8259,10617,12925,16502,44326
2719744195,15994,18143,31580
2016247775,15992
1335050482,26775
3786284671,25120
2821321747,9482
3328049515,15987,27214,29405
3920659630,12504
3779036111,23125
2129059108,15981,20316
141109643,15973,22189,26665,26797,29301,29834,31369,33523,36803,38857
3082300956,193,2252,3698,7096,7879,9700,9826,10613,12020,12057,13818,14143,15387,16430,17891,18003,19300,20032,21315,21656,23318,24905,27406,28922,32178,32457,32661,32727,33655,34449,34625,34774,36769,37222,37350,38392,38473,40376,40709,40936,41668,42926,43712,44466,46261,47413
712633708,15963
2900469548,11968,31484,45459
3604935329,15960,38892,42110
3049787083,34678
3790158442,15952,39121
2106018341,24275
1187587120,15948,17280,18471,20195,36178,42572
3396048359,21444,29459
3755623887,15931
2048311576,15928,28655
1654696645,15927
2565372678,24701,34015
3480750485,15926,18657,39072,39585,39642,45509
1680192489,15923
2082341042,15914,17740,21874,25792,25951,32418,38358,43194,43422,43518,45348,45443
2553025977,15909,40596
173941395,23627,34675
824724080,668
982600743,15905,22065,44646
3154237069,19454,22161
991218552,15904,20117
1896121990,3489,19038,41849
1887661097,33235
2350365136,23558,31692
4072426890,15876
3862569372,15875
1134600763,15874
127547286,25267,34096,36645,48269
4185026798,7258,9766,11281,12887,18642,21414,21952,22985,23233,23989,25244,25902,26171,26604,30939,31869,32091,35369,35609,41553,46457,48333
505206985,15872
1457330411,17785,20099
2922607920,15870,15975,31587
2512785705,34730
4180359631,21711,30954
1235307773,31563
3050902256,15854,18731,44251,44905
1871758154,15853,28728,30675,37417,39991,44904
1140233205,15852,23518,29389
3820238588,15851,42843
3594661104,15840,25401,45800
139891598,6186,8839,12513,29853,34478
1484942132,32199,36106
1585491151,15832
604471579,15831
3857453237,15827,33582,39866,41361,44806,45524,45839
4084429402,15823,33257,41196,41622
1777747590,15822
1181836710,15815,20652,29162,38363,42751
3023698171,15812,18797,25958,27705,29159,33826,41170,48351
2054609585,15808,19707,27713
1885932280,6990,44032
3823939683,15837
1498253598,15806,17638
3579765905,35088
686414222,23573
2624492386,15791
1912561884,1259,2679,3239,4612,10249,12598,16950,19221,30688,36113,43456,46211
2715780945,25571
3641424845,34662,37904
3598426021,5607,6233,16065,19736
2988418781,15790
3765294353,20993,28853
1947205321,35337
2888169385,15771
2159431869,15756
3602735810,14382,46862
3376477644,15748,17044,18330,30426
1952857836,3714,5593,5964,8280,16574,18788,27155,27342,31728,33103,33599,34631,35329,36740,38621,44184
2268302558,15747,18329,30425
4013328631,15746,15892,30424,38416,39773
2509601798,17131
2789737272,2474,5376,27917,31022,32078
2809642230,15729,18825,20118,28076
1073226861,15724
3205525729,35566,37890,37979
708740508,23260
1332869335,15708,46025
3103749142,15684,28813,33224,42231
2023014109,3925,15707
677012046,11341,35140,45773
192889521,19993
563548642,27789,41210,43820,45072,46434
2123697194,15678,21913,26965,44528
1645632888,20221
1799007737,15674,21418,41615,43253,44873
1307648819,28747
2807378173,3073,48073
3214452566,8971
186661571,25301,26483,35467
2159095804,15664,16108
3124600243,4227,4265,5857,11507,12542,15228,23947,30585
2027590174,15650
1984005204,32400
710787024,15630,20329,42298
3844557801,515,12756,13894,15720,15868,17524,21391,22324,29577,35527,41065,41314,42605,43441,43846,44879
673625984,15628
2442911012,26829
505244144,15624
349534273,16397
1459711446,26866
1560016258,15620,26039,43465
1291286680,15602,36061
2276492628,10276,13201,33155
4134983067,37200
1526115853,14958,17631,39091
513406110,36790,37036
2629087028,15600,36653
1732783857,15585,17253,32525,36344
3538235326,56
760362137,15584
1966068956,15564
3655591550,14490
4162345035,17421
2326169501,24259
3054510452,15549,32833
125276167,2151,46024
662349995,2618,6009,9182,9215,9511,9695,9823,10414,12052,12743,13085,14182,14212,14257,19333,19945,25137,26111,28974,32220,40006,45479,45603,46486
3014555400,15534
2848580926,15529
1797123728,15527
2150253855,15518
3868602396,15517
36658684,897,46439
1893580386,36426
3462006270,15505,38199
2936535723,15500,29470,30961
533041699,3377,3934,27595
86748881,26176
3798952587,428,23987,34459,43225
3557984297,16800
1245585528,1690,2491,3588,6160,8297,10942,11909,12677,13228,14088,14564,15069,16449,16495,17169,18321,18523,20233,20440,20548,20641,20991,27011,32425,35335,38106,41395,46134
3685845941,15481,23583,27297,36929,41353
61498670,15480,30920,36928
421130390,15479,20695,30999
2572013093,15466
3582588693,5287
3662877167,31264,38146
3419228991,4398,11674,38670
393443922,14208,19858
3645255704,15465,21924
1993249337,15463,21443,29458
3690432979,15462
3726735533,27664
2584515129,23416,29684,37704,42239,42432,43901
627442495,11107,13877,18561,18639,20922,32647,37306,37523,43494,44416
1733967854,15461,24037,29107
410195168,15455,18085,48442
2470902153,12488
1824505358,15447
3291879426,26452
1678344569,6061,11010,20293,23141,26700
2507897838,15436,48323
1143843037,28027
741981402,646,1130,2312,2624,5893,6357,6859,7498,7968,8533,13431,13694,16332,18018,20731,21636,24900,25008,28153,30040,32007,42227,43998
801464823,15433,29198,34273,40830
1762241207,31168
3678312009,31390
1132100495,933,9185,13271,22185,26211,28427,37512,38538,42966
1568003645,20384,27670,38414,42276
271356171,24857,29707,36015
4023466471,15406
2579780043,15379,27922
615139508,37179,48209
856685937,23206,36879
1786723274,38905
3182410581,16247,24591
3479353440,15378,17743,22806
2405420602,10865
2959981990,15377,31012
3050810767,33856
1472218160,26074,28422,40459
1922844340,15376,31011
1001733540,27262,46367
2946619593,15374,25485,28069,30250,31009,32204,32851,37917,42477
4214930736,15369
4282056612,26787
2916952335,15336
3667626928,15333,20307,22080,33021,46012
2896126815,31585
346795750,2721,6737,6827,7204,7279,8291,8981,9350,9473,11733,11816,12815,15403,18678,19673,21055,22440,27549,27958,27980,33950,35041,35798,38058,38150,41979,44461,45738,46169,48188
2817325072,15332
2576738697,5807
648606622,15331,25515,32875
2645991788,22370,39665
2058893917,265,1575,19935,44377,46182
1063851753,15319
1424095069,1753,22319
993078149,15116,24686,26201,33328,36681
575228333,15313,27107,43193
3506634452,15311
950918143,2941,28001,28942
2778676767,2806
4213479631,15309,23553
2466820395,31500
144990210,15307
1172884733,3537,47495
4090401232,15299
3228414805,3707,32926
2588550128,15297
1384712349,15294
98248900,15287
3358845979,19886,42826
356751591,2784,3996,11924,15468,26530,30011,32796,34040,44039,48276
3015863674,15286,37211
2168438918,15281
635902014,15280
4034067483,7532,14917
953196600,15646
2859707796,15279
246331624,3155,29336,35420
3109276649,22933,22958,33919,39007,43614
1220395274,4251,16483
3634835819,19660,30868
3690818371,38720
3904680943,4956,12505,43106
4093418006,15268,25511
4123738986,22651,36908
3869952818,13798,15795,18240,37219,43638
1248181819,32809
943424336,15266,25509
1843502650,9641
279086106,15265
2634860099,3803,4076,8390,16726,43559
2698535391,15264,44477
988957728,25740
78345832,942,2025,9569
2077456827,1496,9684,16056,20121,39930
3389718186,23480
3919184668,21631,40502
253814073,2921,8208,12039,15740,21476,29477,35291,45114
1373737989,15259,26078
3810720432,15253,29924,48308
1758729104,33241
3286642332,15247,44678
2156140714,2132,3942,4650,7501,8814,11660,14933,18689,25784,31299,34532,40485,42390,42815,42919,43932,46409
3984876584,15237,24996
2805895303,167
2218930495,24149,41365
651057871,87,26714,42179
3808102508,11496
3726425316,477,847,1273,2557,2640,11794,11938,19685,26929,32607,33173,37452,42336,48010
108814926,15586,17254,32526,36345
795936306,15236
2629969353,15211
1951328448,16965,20608,29693
1806514215,4353,5138,21394,29182,29304
2736826690,15207
3385323292,6225,13434,14022,15683,17865,23743,26261,28812,33223,36520,39097,42230
2028520089,33913
2156510263,15199,21458
839362769,15196
73718554,29509,34924
90128114,31830
2520257677,17458
756157721,15192
2959939995,35930
465725374,15133
602807940,15132
305523123,15129
1491435268,15117,48464
555564263,15115,33327
225071098,15111,26345,34124,34560,37297,45592,46876
2148211389,12116,14125,17973,28847,30771
2892692822,15110,23696,37296
3279094885,19360
3454536259,33336
3002534808,15108,22342,29589,44889
3021781623,20876,36719
4222997297,15100,38845,40743,45216,46050
2962372244,15094
3165364581,15041,31782,40897
2179400003,15037,34300
3421276131,15034,23231,30937,33005,46833
1961478562,2531,17979,25134,33205,36361,38103,41626
2172203660,15033,23230,25973,27865,35112,35553,43191,46746,46832
1546533562,1515
1827646089,34805
1125460993,23735,36981,41296
4151288547,21939,34666,46986
101462483,15027,28579,30567,38296
3337129824,838,4439
3930961071,11722,15782,18949,24266,26095,26236,33121,34619,36392,38434,43113,47184
1160082906,15026,16473,24329,30566,31141
2572055020,15025,30565
3963712079,38399
1325430766,10059
780924725,28749,35232
1265730453,1473,30725
4232597875,15014
697912780,15012,28763,32397
1188511801,15011
2428851507,15003
273177875,15002,24251,38352
2862346927,26776
3450705855,15877,26843,43003,43747,47097
4098548467,14980,18799,20115,37768,41391,44500
278156394,29784,33128
2898358656,14979,15813,18798,20114,20762,24166,25959,26526,29160,42749,44499,48352
4067643505,14969
2596198049,2152,12668
1536734800,14915,37748
2133672231,4546,34453,40001
250879227,6494,36652
3265605986,5351,22681
1782378011,14911
2400281837,36672
906321698,6080
2097070232,14907
2382988107,7494,21916,48096
1027033565,14905,16492,18805,21880
920181890,14904,18804,21879
2426455248,6905,9854,12046,18056,47619
2446385923,28966,36276
2607554362,31510
607567842,45510
2790529670,14863,28220,29484,44662
3627519035,28231,40373
1123351877,14852
438601642,4851
717708243,37230,39941
3375888585,14847,16977,23909,33297,43772,44656
1623486811,14846,22858,23908,25919,29124,33296,35201,35726,36939,37316,37567,43771,44655,47971
550738246,1167,22160
208727863,14840,32658,44584,45326
4224344338,34736
3205843222,38919
1531717956,14834
3806778960,314,7544,30352
4153315535,14817
779967352,2718,7273,19427,21484,21514
1499683314,20526
2983194176,14816
4255594493,14813,16463
3391945046,34748
4211002471,14805
3680895092,891,934,5276,5653,6515,7662,8714,9141,10390,10644,11493,12267,13425,16756,18400,19433,21292,22078,22377,24730,29856,30654,35883,37513,41949,44232,48363,48382
4257701685,31763
3220346381,19444,20104
401634596,14791
3030348141,3466,7579,8718,9979,13574,14352,19363,23298,33339,37405,39740,48067
3255269023,14789,24511,39032,39076
3502934160,26446,45146
3253134309,46898
3768168668,14787,19016,41384
1217129870,29850
1923300549,14785
4212040086,14784
2686770484,14783
569602852,2575,3366,5136,9836,19890,21050,21991,26975,30453,35279,41275,44399,47137
2587230087,14779,34392
441313440,14772
4157349307,14768,22952,43813
1505655591,6045,18836,45259
1155055730,14766,38686
2612714867,27848
2409084788,14761,25716,34253
3278942741,14760
2976375491,14757,14952,15772,19807,20013,29747
2209059823,15095
3386743417,26963
4028974058,2221,4028,9347,11864,12722,15592,20255,21094,23822,32120
2210705007,14756,29746
1794698825,3401,8762,8986,13036,16435,20245,20413,21789,39905
630644537,31397,31522
2895617142,22502
3877672221,24957
1921895476,14753,29395,44700,45950,46354
1807528124,14748
1316795216,14746,15821,18120
1629735217,15142,18149
661076347,9593,41254
1605173134,14745,18119
1273497684,31664
591275633,22105
1410876423,19405
3650827123,27933,37543
959036186,14743
902641735,3032,3878,14992
1337439054,15635,38837
493086925,14733,15640,35406,37605,38625
596434432,14729,22117,33570,33631
2157532825,14726,24953,26002,27116
1439495273,14719,42789
330702782,14700
4151935006,14694,23253,24052,25860,25915,26677,27002,27764,28581,31945,33383,35627,47832,48225
2167344068,14693,14943,15710,24197,27001
3141699082,14692,27000,28505,29087
1669620460,25837,36031
4029711174,27129,36054
2894511360,25748
4248528311,4348,16294
1562902001,14687,22992
1198288015,24364
529495013,14678
2265979155,14670,25794,43196,45445
2009734391,14662,28171,46548
3455495071,14661
1378900783,8673,9127,25133,36360,43353
490069829,24445
3623412728,14656
3644819109,14655,22533,30848
4029582749,5286
544723513,19885,47386
3088267948,14653
1865928810,14613,23847,28486,33578,39994,40057,41841,42729
3263697906,14611
2597014814,33368
3085334900,44395
2403422928,16724
3600800911,5152
1025500531,8079,39467
3483377089,1491
1004052553,14610
984696878,14596,34538,34567
3801657566,14594,22015,23751,33800,42119,43527,43694
1805308372,14592,22551,23268,24693,40603,43692,45128,45315
2518839628,14581,36138
6519791,14569,15930,28258,28652,38228,44927
2563566878,14560,23276,28566,36369,43602,44593,48224
257958119,22024,31265
1573284751,21821,46652
2560174626,14544,14671,22875,24495,25795,26017,30708,31017,32208,33611,37371
4073048459,13923
1426049083,14543,22874,24494
3437530921,22059,34936
2413742540,43329,44663
2400781172,6770
249939877,14539
1421169493,14538,27286,30076,34574
412501317,2316,15974,26666,29106,29835,33524,37098,43053
4234330404,14532,18078,29275
1938755520,41,29368
2058185268,15689,17345,30919,32019,36813
3789471515,14513,16207,25423,25929,29284
3105461198,10890,45629
3494636559,14511,23178,27759,32601,43350,43469
416699568,43854
1448594193,11062,11347,14459,16219,16601,18497,19273,29117,30537,32612,33535,37053,38988
2039185098,14507
702656047,22611,46400
2262277626,14497
2659901576,14495,33936
643338943,14493
388331682,24594
1862361742,5521,11135,19761
612746995,13376,16322,17344,21815,27869,31105,33513,34297,34896,35386,36812,39702,40441,42023
3432847498,14488,22541,24735,27151,27579,28904,30200
3907158682,34493
1274517251,14486
316162139,14484,39932
3273633840,4
4135436227,14448,14854,17699,37557,42900
3261641052,14442,17273,29169
3781537831,22721,24394,27602,36528,37642,45381
1068162878,23417,24979,36592,37705,38501,42240,43902,44154
2766088389,24262,24854,27164,33456,37289,38315,39899
228746301,14439
3652881137,23299
249788528,40044
3143388217,14432,30416
89452901,14431,30415
4194910468,36336,45386
3931876992,14430
2827162968,21561
3526784114,25457
2215522350,12312,21756,27282
1341067199,14394,17710
2664767477,26069
2073978735,21986,39765
3642006176,14354,21280,27950,37279,37388,39481,43718
3928701213,44576,48405
1658301585,14345,14410,20748
1218014562,2207,6064,8520,17269,20611,21830
855867768,14338,47002
2183097450,20735
2328130702,14333
2316043846,14316,23367,24111,29516,35734
548103735,22882
3459679607,28227,37090,47405
1177526633,14303,20970,21205,28016,30103,30639,41896,42137,46122
3464404948,28137
189923256,14302,20969,21204,28015,42136
3542517131,41697
1427319598,14274,18129,23738,32114,32228,36011,36122,40187,40511,46018
3928741806,14270,18830
345027938,14269
2225806160,14245,29289,36435,45985
3094294942,37202
1314987146,24669
826341792,14236,17219
1061051927,14235,46207
441025388,14234,46206
1489346652,26726
2032963765,8083,36316
1673594407,26164
801179719,14224,25890,47418
83200693,14206
3547072149,14205
3846836966,30249,31008
769661677,28565
1994886755,14195,26313,28112
3951365571,14192
1026321469,14188
2875465469,14175,33721,40331
3646917429,35277,44397
1793707624,14173,40329,45332
801183675,14109
2204714667,14161
1200827921,14160
1382566331,6593
2659852570,14159
3729627364,33674,35616
1498526506,27084
2571533505,14158
379702318,22921
1800129379,14908
2459231219,14155
3904355441,14154,14353,21279,33340,37387
3394402369,14149,14424,28750,32972,35233,38583
2337941759,14137,18168,27898,31133,43092
3762851498,32146
4225680347,31201
2600304335,44808,47687,48450
3768679079,14121,28843,32481
2853515291,14115
3068563844,14114
127386412,39359
234343415,17103,21590,24836,25997,37575
1249931006,10777,15560
2734161944,14112
2694588085,16267,16354,20087,30813,33737,34439
1354538766,42783
1644600809,14111
513595485,47943
2179774198,14108,32953,41611
3321438434,8500
815599671,37673
8961143,6616
1379857262,11297
3938621611,14107
2495563844,14101,29909,35303
2503561114,26023
3254921788,21111
1217949251,14094,27132,31432,42641
2831565779,35720
286045685,14093,21281,28241,37280,37369,45420,46445
2924405850,8006
2985715178,14092,22206,40850
1857030873,14909,36567
4209772523,14090
1797856167,7331,20811
1835068666,14085,43769
1138933906,17585,25231,25851,47080,47340
2338889986,14082
3871754878,31162
4077533714,4606,8808,48480
15507847,14076,24355
3473547051,3520,16349,17055,40345,45038
3143726526,14062
1260044274,14060
3328556709,14048
1940984915,14045
1639039394,19316
3078167152,38367
336554933,14044
3887680889,30570,37708
19845197,41193
3734845866,14041,32307,40705,43248
2425142599,24404
2062481465,36546
54074452,40454
1009178115,14040,32306,40704,43247
2656601278,28875
2231462597,14036,23853,30102,30638,32668
685166903,332,12518
1272183145,14081,30434,39723,45726
4036583508,6547,8688,17165,22827,34031,38689,43657,44713,46162
3909772981,14035
2129577854,14034,16392,23246,23777,26088,35755,37963,38236,41082,46493
3141486190,14033,16391,37962
1422406136,14025,16791,20353,24674,24871,43230,46166
2748701286,11858
1189659595,24655
3222335839,14765,21311,22191,38685
1283389350,2228,8171,11681,20467,27555,34066,38696,46076
3403601698,14019,24209,26817
2658376405,2467,11098
3257145316,17017,18415,23196,44436
1786401816,35655
2328259006,14003
3311430117,14002,15787,40130
92540761,14001,15786
3456654619,46056
2385541569,8866,9113,22197,22676
3038804803,35957,39146,45195
3005089816,13976,23413
2482834697,13974
1521488172,13973
1957138906,21251
1507810879,13966,20627,47596
1333054869,13956
1889542497,25115
2751319167,13950,16608
473878575,19214,20351,44046
1407225656,30713,45518
2865989744,13949
1367760419,30348,32037
31313583,4377,9034,9722,14682,15744,17970,22848,25943,38390,39174,42929
2506446248,13945,31553
567371955,19590
1384437165,13942,22512,31550
129338901,13941
2703275665,35276
2680958169,2749,22828,48378
1159411864,13939
2757714454,25960
1672021544,13935
2754796477,13921,44668
733468328,1923,6229,16351,16657,18369,33607,41433
3108741882,13919,39377
444278644,13875,20920
3481097119,17856
1231523665,47975
396775562,13871,23618,25171
686429307,16275,39015,41624,42731
3911491214,13868
932826023,11728,27181
373892745,4832,7511,8454,22966
3172262383,19188,40308
390037738,13867,46284
514441825,27186
913051914,13866
2489242185,1016,5882,15913,17739,18187,25791,43421,45347
4004307806,13854,26413
3118237136,23027,34336
590950395,26513,42935
589304507,30928,33970
56471069,40059
4232063208,13808,15716
2768952766,577
752148475,19810,29750,43130,44492
186963111,3497,15528
1449950698,13797,13886,15794,43637
2234481233,29685,42433,45652
809032121,25677
2798470873,13789,21641,44726
2121930964,33234,37754
2889177946,17784,20098
3753773550,13782,22436,42145
3027172810,26068
1179345404,13756,22802
1753353571,23098
4066087617,15749,17045,18331,30427
2674977936,13754
2272437095,13748,28164,48350
3647540171,13747
584053388,13742
2457296896,1285,6674,8610
358635394,3609
1399736705,24685,26200,43521,47423
3248351816,13741
2323266070,25834
996052437,25450
3105692445,13740,16497
1442417570,23630
3529454988,13708,25332,27450,29883
871766339,13707,21367,29882,37392
3285308382,27,1049,7385
2076995137,13706
4013944273,13684,27652,33833,35400,36170,36777,40828,43119,45884,46748,47058,47876
2504750391,15109,29590
3976483156,13679
96389546,23747
2910558919,1381,2783,3995,4334,8568,12496,13842,17266,20422,20736,26529,29343,30010,32795,34039,42250
2478127564,13670,21030,39832,40650,40900
2955037460,27347
1053085291,3532
2263944519,28174,32932
61788617,13669
3244457285,22740,23424,23994,28578
2486207403,13666,24598,32853,44762
2519173631,13664,44760
4081180144,13650,17056
2771956893,13648
3045280659,4276,6969
2795234268,23274,34401,48120
1151284156,13647,31998
4015283553,3844
2778475872,29465
1777664174,13646,18458,30807,31997
2618045718,41476
1634601921,21826,42154
3921126108,13644,18456,30805,31683,31995
1819668430,13640,15235
3619615641,159,9997,24944,32393,37685,47194
505004054,3616,5720,7843,13287,14472
45672717,13638
2320412195,5971,6653,15503,21624,23407,23483,23945,24507,30444,30930,31706,32299,33972,37382,47704
1880034287,20368,26433
1756285603,13634,18493,22618,25767,43609,44159,45228
639950557,13633
398507457,13620
3588478927,13616,15473,19840
4022895444,13571,20954,25080
2382799142,29655
1055906834,23798,39647,42469
2316272014,13569,20218
1328937158,31284
2096810879,699,5932,14056,25196,35147
1525070535,6248,23657,29174
4152164953,7290,32886
3095582008,14820,21117
3326766473,17984
4233959365,13540,16474,23995,29358
3780313187,21795
2080996849,8138,15508,15879,23376,30054,45230
1469498023,13539,46704
3018603257,13536
1188928205,40259
1159687976,13535,28626,34651
3420256966,13533
473730063,13532
674320700,13531,26913,35673,37072
3206098430,13529,14315,22221,22580,22891,22972,25395,34389,44854,47357,48434
1924856032,13502,14858,20946,45132,45319
1000619406,8394,16872,29576,47863
3491542309,13501,39865,44805,45838
3408750565,24375
3300197043,24296
687657704,13492
2272235578,3172
3414816171,13489,42509
4045090314,13488,42508
3855038969,13466,20602,24214
3876136126,18942
3184631713,36218,47555
1938687599,13465,19025,42736
3514847724,26906,41338,43396
3819078234,13462
863527944,13461
2976200789,13460
1973801942,13459
1197557368,35756
3948639194,13458
2178297782,13456,41155
3052805513,13449,32333
656297246,38024
1086954128,15728
3069503375,34995,45288,47344
1812140250,21802
3883670317,9972
1674862904,21323
2504845379,13447
309268101,13446
1630533982,13436,19483,32486
1578435368,9528,32067,35540
568220174,35739
2988594310,13435
2583651484,14201,15277,19304,44042
3239815404,2073,3483,7389,7748,11777,14222,14300,20680,25028,25982,26257,28711,32317,33134,34491,41374,41810,41823,41981,42160,42619,43138,46195,46627
3442233911,37373
2551263951,13384
382846930,30978,33788,35970,39190,39317,42157,45192,45572
2221854170,13353
1337300040,22344
2853013674,2922,21477,30095,35292
1956441903,13351
889614147,23599,44793
2233318179,13342
583351596,35372
2477113349,14113,24493,30611
2613123795,13322
2050378503,13320
3636875501,35225,40450
3123796594,13319,28468
1743142719,33404
1971347734,13311,18537,25949
2320723563,26675,26980,35058
2959980371,22852,27763
2469394214,13306,39202
1166412169,12428,12908,19649,25118,30044
755994566,22167,42869
4071924132,28219
3658369055,13304,13870
1306771460,14491
1401744341,13303
3089985866,8253
3296056187,5411,6021,14936,17240,28383,33997,38550,38823,41146,42098,42596
1097175536,13295
669213585,13274,23117,29676,30786,35473
4026931357,13792,29157,38764,40046
3305913393,10721
2930085155,13224,22974,42844
1138256484,18316,20096,20742,25184,40050
1999313078,13223
1276096244,32289
1087349939,13222,39368
402928116,32801
3345457376,24984,35278,40722,44398,47573,47796
2230445407,13203,14880
2916756273,13202
2833587085,17765,22946,41271
1432944263,13185,20869,21828,37791
1284497510,13184,34511,43044
1454717549,13182,24359,25632,27506,27920
2647392258,13180,44335,44418
2600656609,6575,21835
3911760703,9385,38783,45527,47790
3481772463,34246
2683434074,32040
3866347076,13179,17675,19059,24303,43431,44334
2529818390,4491
365887142,31084,34341,37173
282548290,13167,14466,15839,16445,31572,32344,35378,38075,41559,45799
2942283457,20895,31273,44151
2400143917,13165
2031361932,13164
3533582348,26059
2276090532,44680
3882040031,13156
2962866474,25194
2783894451,146,27841
1357552480,16685
277900480,13155
4124727714,24309
4166106367,13154
3372720332,41724
3187557932,2782,5828,12495,19463,23870,29342,32794,34769
3563437604,13149,23153,28595,32034,34578,40324
1764188799,37245
3605329637,13148
2623940736,13136,33245,34443
1359676851,13132,19799
1929153580,2836,3222,5558,5579,5756,8005,10009,13220,14872,20259,22447,22575,34742,35413,36067,38438,42446
561600671,23572,31508,44135
3390198940,13121,17525,17780,19073,19618,21392,21705,39214,43847,44885
3138430566,28571
3133608884,7976
673803551,13082
3736625773,19906,24227,32389,35219
395694071,13081,18740
3604705614,21268,27698
2836281654,24016
1142791487,13079,18738,29217
4151390467,27208
3295252137,13078,18737,29216
3522198200,37176,37358,47243
3902517282,12414,18625
2946256354,28957
3842598868,21906
2160796671,13062,39361
3345234124,13061,39360,39623,46127,47233
1151227702,1749,2310,6857,20729
1957121331,6289
4097495807,36925,37906
4036065055,1934,39845
444814590,13054,16140,19751,40492,43298
3779972006,16600,42242
4063239273,14454,25592,43940
3615131214,703,15570,17161,18879,26410,26683,39410,39447,44859
1964922758,13028
473544528,13027,18307,24286
2580885586,8153,11720,48185
3342623126,24186
3574337010,13019
1930287623,35010
3188770844,5302,8578,15303,17813,27485
767463860,13018
1407816401,13017
1560973788,48134
542632022,15725
2438154941,36688
1211944523,47992
1772729425,34690,35349
3945759030,5519,21566
3504738197,28932
1090984174,9606,18983
3162462807,13003
1339548422,13000
2970678848,12999
2571129297,12998
3598511136,37073
2790984741,38990
788556253,12992
1862088274,33015
2179764138,36872
2191590382,18451,38873,42163
264975610,12989
298353063,12976,14636,22301
4174949218,12975,14635,22300,24967,31415
1228024554,12974,14634,19679,20005,22299,24966,31110
2822394461,8149,17682,18264,18597,22111,29320,30466,30747,31516,31786,34717,35098,36234,48181
1317718508,24740,30099,36337
2820414252,12967,38376,45324,46556
2794491888,12963,14104
3772208005,1542,30318,48388
582939967,12955,19269,22896,24094,27628,27650,34846
2193086717,1862,8905,13394,16666,16891,19711,20690,23592,24611,27717,28409,31276,31378,32766,35172,36353,36575,48172
3578178620,12949,17686,17965,23097,26995,36188,36335,41984
1899830582,12937,24007
172114478,12936
1107303182,25636,41882,47198
3738290893,36588
3677095193,34720,45286
1609705563,12928,18917
4118989294,24117
674264351,45517
158149878,35185
3811686917,12927,17614,35070,44328
3667960339,28867,36818,42696
2900316210,2534,15276,19303,35202,37083,42759,44041
2356401660,23106
466329451,22285
127228752,19045
3229878838,28715,31167
2652606690,29466
222412862,17962
2722269950,12871,22567,35086
2597269837,46174,48471
351224208,14261,17674,19058,24302,39952,43430
2895787689,24170
2390754760,13570,20953,26429,35546
1903111940,12860,16536,39842,43220
2928119763,12855,32238
3426014169,12849
313481391,12848,43768
1704734906,12846,23879,24012,47398
2440420586,12845
3042981413,12833,41485
746192422,14400,20000,21784
1091196403,23443
511483789,12810,33250,47387
387263602,12808,25970,29483,30070,30573,33033,37105,40408,48110
243941212,8057,10238,23688,27807,28492,30615,30923,32213,35305
119625234,7145,30431,34118,34465,39720,47262
151668616,12807,24782,28526,28593,29482
4171417495,13617,15474,19290
1327538773,13675
3727346345,12806,24781,29481
4076839680,12805,24780,31056,38451
3950218518,12790,26830
3259392089,40823,42402
2048327125,12789
1091790194,43449
3376565625,6068,17622,30711
2508051101,12786
815401679,14445
3980247281,12749,39562
774451477,23108,36489,47427
3401391593,12746,14831,31716
2798727548,30150,32592,43070
3517852898,12736,24017,45262
2009192147,12735,45261
3332914205,39491,41274
1622219365,658,2043,25853,28641,37783
2588587074,2852,33437
2548417120,467,14366
1748824156,35256,39603
933635484,25055,29530,36548
417507113,38312
1630732305,9454
3910930110,12734
2758882016,21557,30123
857216401,6072,21944
1638293211,3103,6149
1798300208,12716
3200651882,30994
3570137073,17070,27608,39956,43370,43676,47932,48359
1615051084,22534,30849
2079150712,29626,35583,42757
2040909533,959
2892253694,12667,13294,14609
646517360,5765
1649987884,12635
708458271,7454,13330,17330,19530,41008,45794
1056668360,42670,46801
12866764,12631,26051
123739993,10897
17425915,21114,27822,28569,29434,39329
1910184401,7075,10149,19987,21340,39846,47478
3465127488,12625,24564,26601,33960
764517225,7703,15713,19749,32843,43605
2475682316,1735,6587
4129105397,1149,9017,13614,17604,27250,32174,33503,35781,38181,40156,47353
221394954,12616,25350,44865
3407713751,47226
4085871041,37391
3622656437,36208
1503852240,12611,28597,31027,32597,34580,35501
1131033955,19083,28397,28499,40339,47030
1740266155,12610,13150,28301,28596,31026,32596,34579,35500,36052
1201944035,12604,13031,37956,42996
1765373604,12567
2890459533,28429
1076798409,12529,30960
726049952,12525,30441
1892171832,11436
3170563902,10306,22140,23711,35749
1836486767,12512,17313,29852,43649
772676731,15001,24250,38351
820477038,12501
1816950025,12492,15520,17986,36211
1338990961,12491
1929320814,4228,11508,12543,15229,23948
1481779354,12482
3650670615,10514,27888,38436
1866558538,12481,48000
3144821271,43409
3449464853,31957
1476687896,3004
2097650578,28475
1321631500,12413,18624,42643
3459923625,12411,25971,28863,29503,31486,31603,35551,37667,45276,45371,47667
1211935364,33520,40172,47451,48018
675530178,16476,42834
3682770370,5059,5370,7685,8907,12499,12703,14332,15152,16264,20035,21754,33273
3296629615,1430
1502517490,7727,13360,16202,24566,26878,27077,27459,34271,34277,36268,36983,40923,46945,48052
1699175389,8766,8798,19549,35196,44017
2372729336,8103,15316,18190,48304
1263092220,12383,26305,27399,29102,37615,39139
2988072943,6296,7651,21247,29837
1816869024,12368
956458366,20560,35565,37889,37978
4131998469,11784
2687757466,12367
4026533039,8062
1124523891,12366
1921663730,34553
4038630179,3825
2385387117,12363,22589,36203,45553
1796491132,6281,13903,14811,15022,16645,46972
903567516,12344,44807
4260811752,12342,35903
334060041,12333,13788,16126,20815,35942,37276,38041,39651,41591,47744
3559825851,38072
4018308527,3106,23682,42169
3127754534,31290
4141837086,671,1227,2381,4536,4563,5582,6873,8028,9121,10469,20070,35921,38092,38746,41512,45908
2467094612,10971
2353605491,12325,13056,13215,15551,40054,47439
684001221,8557
1902241228,2859,7871,26324,27510,33749,41042,47616
3587069378,46925
1203103478,16885
1715773511,39415
2250995715,12244,39699
1013395358,5249,7149,7286,10145,12566,17548,19537
2926654379,12238,20435,27015,32655,38981,39238
4275930850,10226,24248,24671,29828
2504209569,1938
424244326,36511,40614,47266,48203
863324430,4249
3312740095,1438,1439,1440,4158,4404,4405,4406,5330,5518,6605,6777,7190,7191,8591,9697,10526,10527,10528,10826,10827,10873,11504,11994,12054,12075,12076,12843,13497,13611,13812,14214,14215,14216,14217,15350,15384,15669,16363,18037,18771,19230,20556,20598,20883,21389,22276,22277,22278,22279,22659,24573,24574,25290,25291,26208,26209,27385,27386,31618,31673,35684,37143,37144,38536,40626,40627,40634,41063,43872,44117,44290,44291,44292,45032
602425465,13214,15550,30280,32834,40053,42853,44931,47438
3492833811,12233
477821602,1548
1213816425,4682,11415
1489014042,7242,14736,21989,38042
3340810017,12230,14426,34014
3127853508,5272,10766,15807,17115,19706,47803
1437781141,4645,15048,18592,20066,24961,26115,37482,40637,45035
2683101149,12225,14032,16390,16597,37961
2758049698,35376
1013305550,25684,26022,40035
2399758660,12207,44367
3485746947,34139,41257
3851222002,12206,44366
3261918826,42480
2169203496,7722,21059,32963
3323202437,12205
598425848,12198,12324,18295,45344
838944418,383,3163,17776
4253390508,12185,29071,46980
2623009648,3098
4204630865,12153
3616560226,16921,32864,41776
3582256985,2230,20469
2767619576,12182,25180
2147091146,873
4178142655,12170
2648386804,12151,24350,31114
193863774,41879
3203858605,12184
3543807346,21568,38383,40220
1076095611,1823,2351,3326,3338,4965,5095,6891,7808,11983,17006,17627,22340,24233,30091
1891194312,12150,24349
180470303,1919
1196975514,12129
1137622174,6329,7150,7287,13331,19538,45795
1775275189,9447
2392046000,27086
4237073433,3091,5796,41878
164992219,12008,27939,39546,43450,44066,45156
4195360459,11003,21234,31411,36436,43969
4063488679,12126
3574671453,15873
3380809654,12106,20008
349233174,8879,35324,38568,46071
543833713,23129,24909,34239,34892,36625,37458,40121,41284,44552,45642,45729
2714837136,12105
2410417886,6143,7144,30430,34464,44933,47261
1360803347,12070,13266,27428,35181,42371
1344148310,46235
1690607734,25113
2609494410,7220
4043863504,12062,24797
3057897355,3008
1863425115,1516,3581,14663,15449,22756,27636,32163,35773,46549
3977131062,2995
2574316083,12059
4264418959,28799,40055,41839
2824652714,33945,40283
3073024086,2768,24956,41260
3174691316,545,808,1027,1498,1825,2260,2353,3340,3872,4545,5097,5126,5821,6412,6436,7329,7413,7892,8475,9550,10317,10464,12223,12831,13994,16039,16382,16595,16637,17762,18380,19774,25616,27968,28033,30488,31251,31323,32460,32634,32868,34286,34452,36772,39218,39630,40000,43204,43286,44196,44521,46889,48254
2375286128,12058,32458,32728,34450,36770,37351,41669
3390671133,2425,26719,42072
2119419462,12519
3460811309,12041,18211,25346,29479,31205,47053,48329
512284396,29276
3148338559,42378
1540100247,796
4089240587,225,593,2569,17362
2485297014,12040,13405,15741,17730,21687,29478
494364612,12033,14277,15051,18595,22271,34715,35096
3181215730,24680
699679532,12007,45155
613867269,640,1853,3166,6026,6053,11698,11880,13726,15538,16285,19209,20190,20478,20769,20855,22027,24637,31922,41028,41509,42040,42557,42741,43076,44795,45940,47896,48215
1218423708,9503,28122,40713
4120098535,11979,15008,15248,24769,25874,43886,44679
2061149262,5049,9984
894548991,11978,25873
4226893135,38020
1846579049,1754,2190,22320,43082
134546596,8815,14934,20470,20670,25437,42391,43933
442453064,11967,37540
898759526,29257,30218
497758779,29032,45559
1692637924,11958,14350,34791
179758397,3173
4216937109,11954,35512
6553700,8244
779786739,17452
3852951892,11932,46873
2944381647,12146,19638,20011,40518
2892899529,42646
3774092534,26385,29735
338072430,8106,13038
643024616,11900,44724
1288083980,1897,9682,22108,22708,35593,35617
2320904417,11899,33254,44723
3639614263,12591,22535
2895939683,11892,42565
2276362465,2100,5306,8582,10581,31066
2158771953,16919,32862,41774
1764427475,11885,13102,14860,16566,25446,36374,36596,45009,45360
2297416188,3029,7594,12364,14072,22590,36204
144106061,7334,7570,8773,41003,43428,43475,44281
3036026298,7251,39494
3659055418,11875,35843,38680
255018060,39127
1185664856,24681
2924831561,7724,27370
1508853541,18153,42352
3747781876,2636,15885,47979
1210625382,11847
4072928105,790,1065,1656,2787,4959,22176,22826,25801,28214,36132,43613,43656,44559
240066425,2553,2817
164715615,11842,18905,21677,24347,34175,38914
2306809190,29881,36666
1890399526,11841
3581433330,11832
681080753,11831,19829
2551204145,11813
3281740261,14177,17201,17782,21707,33723,36503,40941,42850
1016714661,840
1630965206,6687,21320,39116
606028427,11812
3241364395,572
808433327,11809,14894,43877
2599111518,2614,10450,30837,39996
1359812405,11806,27926,45236
2320130707,11768,16020
2339178124,11752,12978,33993,40490,43296
1741380284,1201,20227,33488,38599,40646
281811949,21804
706610117,4844
1983484884,11747,21960,23176,28692,35101,38796
4270359140,46562
4170062840,11020
1163373403,11745
2466093565,26219
2343524503,11738,38806
3337132379,12227,19573,24616,28314,37706,37870
2930972024,11726,11780
3072937775,11713
1835434181,14546
1404126060,11688
2130289095,27336
3383430889,11686
741646731,3517,4701,9232,11596,13191,45873
1695265453,33011
996560280,11675
2120459285,11673
2662446529,7780,16750,19559,22171,43073
745383020,10618,44909
817179878,11672,31171
1388778279,6960,11099,33531,42539
3083399994,830,4206,7276,7309,11399,11650,27395,43214,43739
510208408,24254
3104594549,32255
2394548179,11671
4062810504,46644
3243389733,13181
1939023493,24368
2255361529,11653,14751,18950,24267,34620,35705,36393,42601
2896078806,27039
4228330815,8264,8377,34203,38139,41894
565212669,8049,14069
3670103230,24305
4291991724,11643
3039132887,11642
1209436288,11631,27565,35127,36330,45255
4234707776,11625
1390047892,11624
2177892970,6090
3433444369,28181
198999772,23432,34136
1189323422,18072,25525,26768,27308,27603,33312,39471,45382
4022008945,11601
2910773508,11577
3939653115,125,4204,9714,10006,11397,13217,19671,26550,28708,36469,45736,48186
3389695070,9413,44691
2986195340,28525,28592
149769594,11574
4253315030,1497,4241,7412,7891,12830,16594,29588,31250,32867,39217,39629,39931,40255,44888
526947564,11573,23219
2415436692,11563
2447922141,8249,14095,27133,31527
1318002058,11560,13352,27946
1376817535,11558,16212
610387,11550,16276,43695
522449227,11544,14935,17239,33996,38549,42595,47726
3121185213,1720,2278,2597,6345,11140,11293,15080,17756,20901,22007,22036,35668,35714
2598929264,359,17233,35940,37591
3411213158,11538
281607433,7624,13672
1587825297,31186,35346
3779814476,633,2511,24230,33955
3617134055,8018,9329,12647,13591,22477
277333417,11533,25492
126118827,11531
986105875,11526
1232735788,36239
67470954,1236,18706,47033
1838034970,29847,36722
2515953602,11513,37027,45783
606352599,40122,44553,45643
3559332841,51,29410,33367
852901478,19682
3887841799,15961
2405428191,11486,18916,32627,46232
2180258079,2320,9282,10456,41989
3461041830,31548
1402479644,11460
1066860441,11457
99145767,8069,24608,25630,27504,30797
3743438413,39455
3390549739,514,3734,6815,15719,15867,43440,43482
2440949514,11450,24581
3968944202,7051,18033
2718146473,34500
862983012,14406,14941,16810,17498,24195,40042,43515
3944085091,25600
1434517363,3766,8420,9371,9470,18606
1080954492,4175
3761283100,9675
952748364,11440,16213
1478449868,3181
1343968929,11437,24323
3734738266,11411
4288303372,22766,28303
1532427377,20135,32903,43175
958425250,562,3186,4447,4891,4927,5428,6701,12156,14679,18024,18840,20859,24380,34709,34979,43805,45165
2772758809,37903
1511031355,11356,18722,38379
2625753289,17860,25666,36967
3630447711,9663
3537686492,1925
811783693,4428
1865215573,6094,34073
2883679781,4178,19521
527359656,11355,12319,16996,18721,39040,39060
1110329832,16,32542
1795664645,474,21679,24058,34177
3741814493,11352,17321,18718
285843844,34432
1575178835,32027
1870296568,5923,15113,15156,21860,23352,33325,33617,36326,37102,37299,48107
101749474,11339,11447,19786,24805,35688,38456,40991
2356595796,30755,34365
2218546940,6070,8455,21942,26517,33682
1589792007,11317
4262393869,11669,44579
3451588293,11315,20208
2147107903,296,8051,26573,33446,34617,41714,43506,45266,47082
3056255287,78
1741560476,1111,4879,5567,8849,9582,10032,10536,12337,12477,13127,13681,15169,15202,16551,21660,33351,41308,44024
4038995667,11308
3839597110,8946,17010,19898,45683
4160108081,162
1571343,6974,15834
2530399093,11304
1525584720,3376
481342735,11298
3267201273,25352
664198860,11288,12006,21704,25764,34545,34799,40266,47711
1168849956,23420,39513,45239
4223669518,10823,20618,21596,28659,30965,31293,35285,35666,38470,42049,44788
3825904679,11279
2436164490,3148
4225270463,11278
1726694953,24920,36443
2102902263,103,2142,11868,12384,13556,27400,37616,38269,44621
4004336524,3202
880337756,4794,16528
2288898026,11276,12365,14073,22591,42315,44757
2773876101,27727,28825,45398
1190120373,1716,14384,43381
1153052321,11272,29291
2289760310,47363
2449642899,13527,22578,24640,27753,28498,34000,43390
1717343272,16344,29004,30774,47141
99226040,8115,9069,20623,41140
103083590,130,204,404,597,670,997,2380,2998,3451,4535,5057,7826,8301,8861,12028,12651,14080,14632,16183,16262,18319,19486,20546,20645,30433,32143,34442,35239,39722,41054,45725
1223957048,5646,18478,40210,43375,45815
3833821076,11243,15416,15897,18481,18767,26191
3122363623,11240,18280,37886
2817329512,11202,27928
1280139567,4001,7667,31494
4207814281,12088,14013,29600,47654
2059578837,11178,25324,46000
1628685839,182,663,2009,21639,43306
380171125,11177
2781684593,22666
2669348695,11271
1939863827,11172,13080,15295,18739,28073,29218,41096
2888473649,11170
3401003868,3528,16575,17898,24087,40298,44971
3451820660,28088
1402808253,11143,25721
3238259422,7890,11266,39216,40333,44887,45375,45679,47024
197470976,11137
2187812600,31999
3287130987,37953
2022034606,5622,6745,10690,18875
1917681099,11136
3152848285,29616
3762237186,14583,36708,47210
1713132343,11126
2850863410,5378,32080
251337616,8846,13642,14456,14802,25594,30006,43045
654348723,11123,13044,23602,36656,44617
472422920,499,41385
2333947965,3843
3459992527,6768
1584673376,33628
1740029773,11115,11517,32640,35250
4075811297,339,6508,6735,11731,15238,17431,18046,21053,24997,27978,32314,42635,43890
4065998174,22101
4223823403,14697,34960
625037857,11111
967304609,33809
662864441,9264
371748001,11110,21643,36793,39601,44728
1523598912,291,486,1650,1809,2960,6243,6513,7206,9375,9409,9669,16795,19431,21057,27890,31178,31305,33791,36472,38060,38197,40230,40422,40481,41057,41786,42423,43218,45487,46797
2589182807,11109,17068,22263,27444,32649,39954,40412,44832,45878,45993
885573126,11300,14271,46787
3217634466,10999,47276,48473
1815706344,11108,32648
1259862095,4869,28188
645765852,1881,4859,19874,34429
1857345156,36444
3840910087,11095,19012,21441,21761,31497,37088
1787342801,5891,11435,11463,16330,16507,21428,27022,42225,42762
3706034176,6571,6730,7094,16428,40664,40934,45812,46259
2334212245,6680,8737,13954,17404,36499,42959,44363
281790225,5012,28368,46146
2513768655,11078,16029,33743,37761
4000843946,2854
2248080336,2323,9285,10459,14229,18342,32776,34916
149930910,11077,16289,33742,37760
3759616698,3719,4009,4360,4902,5540,5621,6744,8506,10689,12393,13853,15856,17565,18874,26412,32675,38454,40353,40989
4125104606,11069,11246
3458257178,39353
378132088,4321,6970,7660,18959,24728,27224,32587,35881,42460,44585,45327,46954
1865424438,11048,25869
1211331800,25979
1224678923,21107
658401449,11044,25219,32734,35366,40184
2587706148,22286,24031,38977,41832
4046168652,11033
957563997,27543,30205,44002
653280453,1002,12085
290979357,36251
2322519489,11931,18477,40209,43374,45814,46872
562728389,34883,39957,41267,43371,43677,44264,48360
1606147782,11030,20385,22422,27803,32336,33925,36759,38751,39691
554706604,24489
3864674216,4196,9399,15581,16118,29447,30287,31988,32961,34694,42018,43822,45074,46436
81317761,2759,6032,24519,26306,29103,40644,43234
2956148271,11000,21231,48474
689090577,349,1829,2390,5859,10004,10257,24633,26092,27431,30587,30912
1265279962,26645,36894,42311
4015070187,34591
1936030756,10992
3241939480,30142,37492
220134915,10986,35978
2858032806,17534
709634626,10983,36821
1806208411,14443,17274,24332,28028
2218145865,806,2714,2930,4543,4616,6521,8473,8647,11837,12221,14482,19159,19547,21527,24340,27966,39373,39889,41744
3032268934,10982,16890,27817,31248,31377,33841,47204
4074354289,686,3972,7049,7211,20981,22333,24819,36145,39341,40582
1507180481,1748,2309,15405,20728,23378,46171
1775794546,10978
3152750750,5190,8101,15419,25195,26194,35146,41188
936621674,4433,32193
3668590018,2418,5894,12425,13695,13900,15619,17817,25009,25618,30041,32008,33304,43999,46296
1876521934,10968,29732,32180,40938
836965810,32106,42411
1370593560,639,6639,8111,11697,11879,13119,15458,19071,20189,20619,20768,24636,28535,31921,33710,35790,43789
141074508,9468,13415,15167,15215,16000,17437,19743,19746,25531,32840,33053,35384,42506,44444
2096775207,10965
2686418355,34496
2727624271,48455
3330482185,10964,48028
4130207417,1645,10551,10836,17440,19055,22046,22312,27963,39295,39339,40198,43359
3293952297,2843,12874,18308,19848,20314,24287,32576
2987457091,8960
79584467,3875,15272,17300
3798175868,10956,14615,14947,44112
4098486133,22694,26122
3023232646,23571,31507,44134
1316512854,10944
2204008559,6113,6126,30860,38157
1693731845,33787,39189,39316
879891684,6568,9502,11215,28407,33630,36819,40712
431618657,10938
2287911533,34147,37120,46523
816937095,22509
3482764972,10935,13162
2993467958,18425,47188
2026703857,10928,19532
298822179,32618
1373664194,525,4068,15342,34052,36423,40326
1302677075,10893,42484
2978684720,4213,8769,47371
887841186,7938,16013
2662657974,37270
1000713662,26709
3600555203,10843
1174275533,3720,15857
409342091,10842,33335
4091308905,10840
2175762469,16472
4141252621,21183,30990,45924
3807627300,10819
563844259,22652,23208,27435,36881,36909
3705657285,10815
1969770119,4945,8094,8261,14797
806873096,12934,14421,18486,31858,47219
2032869354,12316,32583,39649,41619
3480057862,2455,20535,45321
2690228159,37,23704,26814,28268,36058,41992
1584407451,10813
3450009592,1639,10197,10325,11182,20572,21465,27847,29900,32439,34226
3802023888,10794,17139,40282,42161,42620,43164
1814480471,11530,38109
3023838780,13153
767577896,41646
1143843323,10778,15561
3006673520,2432,26225,41442,43165
738999894,396,877,6058,9093,9229,9324,9808,11007,11091,11351,12217,12295,12552,12619,13188,13846,14180,14711,15396,16270,17083,17320,17488,18325,18454,18501,18532,18717,18762,19358,19526,20018,20531,20745,26109,29688,31625,34120,39734,39948,43784,44825,44868,45021,46109,46484,48165
2268364167,26500
598943636,38153
4044713032,198,43336
2461161313,10757
411326516,42143,44922
2178495888,10756,12103
4155578329,1431,24641
2674587733,22555
2890690832,5395
1224872157,3203
1328930045,10754
1736950018,10750
3348473578,12231,28226,32403
2918446366,10749,11953,13379,30891,32024
2629510310,18374,36492,47430
4250029403,15996
626592110,28577
465068459,28454
1203512546,27046
3756104815,10742
2028884376,13002
3169456860,692,3305,5202,9187,11704,19107,32302
1012314900,10733,25152,35008,41517,43556,46187,46501
3458080718,42457
3722220025,13975,23412,26694
1777355477,36,8654,22818,35053
927361426,10732,25151,25909
1713061665,378,1437,2926,3130,5109,5416,5658,7189,7599,8203,10825,10872,11120,11192,11220,12280,12307,12642,13292,13522,13610,14877,15349,15777,15900,17077,17398,18770,19229,19384,20555,20597,20882,21565,22275,22349,24572,29273,31268,31617,31672,31738,35683,39110,40625,41754,41909,42051,42864,43085,44116,45172,46916,46931
4008329632,16684
2719795209,12260,15099,45215
4774368,10741
4071399561,4050,10615,11012,12693,18005,23320,25799,28542,29115,33657,34084,40378,42886,42904,43597,47415
1455217277,2271,4261,8499,18049,24678,26553,42038,44306
927298701,10717
1861994659,10716
4173876483,1108,3502,8484,9596,12795,14237,16201,17220,17448,31943,39364,39615,40149,44126,44207
2664420554,44387
2633457286,5363
2952627390,2607,3145,9267
2023960803,6129,15452,27663
1469913755,10715
1307244680,2577,39636
2545646815,35038
4122876106,28605
3223501182,6804,37162
3508439339,8119
3930069151,10714
3847298277,10708,34932,42568,42860
2355891466,10702,29815,42828
1298914702,10127
2507687940,10701
2340512766,7665,31492
225032346,10700
2491202129,141,1480,10428,12661,21159,22640,23330,26619,28725,35435,38260,43273,45210,45731
2894066561,5903,14762
4222624406,28743,31308,32463,47540
2256765492,10667,17883,19092,45703
3081806777,44169
992120508,10633,15773
1649025029,6255
3943110014,10745
1692079943,30382,41922,43906,46829
2970092292,29266,43935
2925877972,8993
185027134,10620,46875
383562047,12483,44732
2705608334,569,1623,31768,34509,38585,43042,43187,45219
4047654329,10584
964840223,11612
1283756740,24015
2129991756,1693
1431723772,10180
342248784,10563,10665,19090,19496,29208,31765,34133,38540
1199266155,45005
2004722595,13943,22513,31551
2863354407,10561,11483,13361,14409,16096,27653,46226,47450,48017
2264046051,10552,27964,39340,40199,43360
3358038199,29534,34806
877144926,10541,13178,33110
2455764699,12179,46422
246789579,3010
730974942,10533,21773,39436,43970
354286542,10502
2129061088,43959
546385474,37227,39457
512723467,10496,13927
2284069698,10495,26090
1649500750,46370
4287216289,38950
130860466,14721
1416790263,10178,21570
4080677337,10490,19726,32351,42192
2497084933,10477,45006,45201
3705922047,36064
553455036,21411
43692662,21608,21848
2768233043,18988,26057
3840031860,2237,9005,13746,37045,37313,46967
3475263720,10476
584812030,4835,10593,17314,39609,43650
4036755093,2412,16007,38865,46634
1772394427,8952
3776905992,10431,17512,22224,22638,22845,23365,25624,27008,29514,35742,46845,47969
1146612896,43
3711107721,10424
4184980343,37603
3507524419,26231,45097
1457329536,10345,11039,15639,33049,40599
717995218,24444
334966995,25591,38588
2068395663,10334,16888,31246
3321505445,15371
411791893,3179,24679,26554
498110778,8799,35197
3056643674,1963
3488620151,10331,17944,35358,45111
1175675697,39527
3637949862,5359,41595
1971616847,22744
432476642,344,2562,3190,10516,14029,17655,19129,29347,31063,37958,38489,39064
4053121638,10326,16346,43645
1868451438,23427
2952211989,471,7006,14444
859079642,10324
2851502004,8001,8067,16696
109828574,10302,13908
2930116650,15950,20197
2002067271,30349,32038
2040510594,9547,11923,15467,44038,48275
1509566017,1880,9568,19873,34428
3180634660,628,27152,40892
3904851097,10301,27657
1356366374,38731
399333936,1187,19651,36940,37568
3428076460,10295
67780487,13026
1597981549,6460
1636955123,15456,16122,18086,19802,40955,47349,48443
3612535063,10294,11307,16515,29625,35582,42756
2891132714,10291
3628614740,9930,10720,15895,17909
2650571513,260,298,352,358,917,1357,3678,5515,6218,6602,7393,7818,13252,15666,16110,16938,17028,17232,18464,19249,24847,26575,30373,30915,36477,37140,38648,39770,41689,41716,43869
2738249045,21243
1589442847,16015
489449606,448
3190031995,5837,9450,13193
4250507319,10284
984665667,10279,11072,11249,12284
1031083120,30347
2634779586,14972,20331,29869,41111,42300,45561
3111006992,10269,27996
277585206,11515,32638
1626043143,990,5425,6956,13807,18236,20856,26466,41757,48093
2654517407,10267
3879340992,17527,21993
141188228,25181,40047
3667858633,10264
676046728,10254,13537,27127,44168
2606410610,30952
4192792135,11171
3414104623,10253,15340,34099,36421,43838,48272
3236192007,10242,17678,19062,22816,25145,26296
594345259,10236
4065661088,39331,46536
1923923611,1156,19243,27345,27589,27785
1465881707,6641,12378,22325,40267,42606,44880,47712
2426385940,10235
2935117566,40286,45928
540813432,25688
2143415443,4145
1922922228,10232,18694,25682,27260,37477
3955545075,23961,34587,34732,44421
924781969,8931,45805
2595839058,10231,16374,18693,25681,37476
2913142484,16498,26900
1371373722,7434,9063,20764
2514828014,10230,13262,19740,19755,21453,41306,44095
1171913222,863
3342582324,10227,24249,24672
3542163457,10225,17859,32072,44998,47278
1519725315,871,1675,8246,13305,24942,39201
1839254109,6863,7972,10037,13021,38553,44360,45961
58840482,10223
110760144,18782
4079869368,14814,16464
2038956327,6881
1613648581,14727
3334467271,1021,18239,37218,38844,46049
1914786003,5691,15177,32488,38991
1463337231,10209,29520,30737,32755,35895
2331441117,11453,24584
3402502733,22747
1250386745,14570,28259,37413
2204513162,10199,20574,21692
1686255348,5662,13639
162651683,12313,12811,33251
317100708,3225,32914
2380041297,12069,13265,16419,37305,44165
3130413927,14853,17698
1530331104,10183,38425,38841,40795
1687268641,22452
2989555910,2701,5786,22144,25858,25913,34861,40360,47382
3150081424,10740,34202
3667514127,31951
1277401864,4296,23672,24065,26747,37731
4259133712,10176
132271642,10175
3838011180,10174
2299962363,5168,19795
2972204743,20648,27202,35136,37765
248037099,720,3727,10672,11902
2249570524,290,12605,13032,33790,45574
1676712314,10172,14795,19455,31761,35068
1187305742,10171,10216
2068737992,10151,11912,37679
301961147,10019
1230036243,8599,13347
324580952,10136
1571004905,10129
4294495764,25054
3821431549,19238,27707
124291805,9901
2735995699,3635,16076
496578950,10110,10378,10640,22481,24218,26577,31306,34519,40562,42424,46531
3882948407,9519,39380,40740
4041236542,10102,43841
769700415,13952
688074657,4242,5245,7810,11839,14956,17629,40256,48198
881659804,5477
1979184213,10095,35312
2378772236,26012
962423048,10086
1976216571,12578
891637702,25756,27749,39137,39144,42566,42575
1519344749,3650,8897,26056,29480,41229,47054
3824950950,12130
2258682782,10075
1839609841,9060,31528,32230
3659054815,10073,18910
1553083915,16228,36998,43011
1428461227,3903,42372
3360983335,13957
4120534930,5299,8584
1931321999,10654,20542,24432,39012,39071,39584
584428773,33463
2649215694,10056
3363797623,25713
2849059066,2497
2281896348,10045,14440,15422,28516,28701,35164,40921,41191
970796906,33078
2814649727,23366,24274,25625,27005,29515,31948,35671,35743,37070
816869378,10041
665921336,10028,30852,35758,47627
3469638678,36979
1114038629,22674
3542124565,170,748,7805,8242,25174,27825,28684,41217
4179646218,10025,13987
962735870,25563
4030746970,19067,28531
2900940975,345,2563,2623,3191,5735,5994,8532,10517,11872,14030,14553,17656,18059,19130,20707,21165,22316,24899,31064,31337,34319,34954,37959,39065,41322,47916
1869603402,10021
3846286670,10020
2325077017,201,1120,2449
4106442173,12556,22391
839917048,10012,44667
2257140977,1886,6443,7919,24115,29121,37462
872743433,9995,23509,28508,32619,33845
21964508,24049,24982,25705,34682,35762,36270,46454,48373
2446743287,16815,42990
1286447985,3902,8586
934227953,9994,33844
1651452569,11557
3201364725,9993
2693686535,34646
299044105,9985,16790,24673
1695978794,5634
1673344661,9971
4238899265,9249,24069,29370,41711
4181626297,10674,20084,24546,44091
2700901725,8017,12188,13599,18203,21343,35480,42878
1722081510,9952,13783,37272,37620,39107
2268498637,33096,46707
1863603431,3113,5836,8681,12322,12356,35807
28413532,9949
60571,38345
2823581435,10950
3827553703,33526,39591
191632798,9947
4251256597,9946
908702965,9943,31271,33753,33944,38871,42551,44149
3911680636,9933,12594,22820,26539,33003,41386,47461
743075616,3456,7272,8945,16281,19426,19897,21483,21513,26586,41848,45762
3873014535,17634,18994
3211340969,24855
274896758,14725,37108
3363883954,1093,2542,6157,7114,9238,12121,13928,15230,22019,28612,45530,47607
1126356596,9929,32707
933523110,22071,25330
765089943,313
1593845985,9925,13207,42465
649889507,24750
1674660947,15036,18747,23723,25263,34939,46835
1891962258,2161,3837,13344,15882,22050,23965,36479,42264
2803629908,5937,7113,23199
43587109,9394,17109,19492
1100992998,9915,28037,39257
164252161,24366
745184651,7059,7687,9564,46275
4044521449,17479
2852611347,10000,26833
2322238966,1874,11489,17148,21288,21361,33572,33633,36263
4117517019,3612
78026602,36497
1855225604,9903,22994
1125569173,21085,25649
1678844711,9892,11047,13243,24315,25868,46936
901061016,1610
383609259,1244,8918,11636,20702,21331,24754,27877,27911,33692,37057,44140,44189,45449
724518141,26689,37438
2927667814,2087,8215,18744,29926
2122739034,47799
2956638476,9875,11167
536773719,9863,41491
2261074086,9860,26416,29110,29307,37868,40101,42945,43171
3337816888,395,7825,8300,8658,9092,11006,11350,12294,12551,16182,17642,18324,18500,19357,19485,19525,20644,27014,38610,39733
1981491210,5434,7574,12864,18507
989689465,9857,11764,18504,30723,43751
1029840725,36277
168655546,36524
4003900775,8997,19294,33439
3565253591,10635,15347,15775,17932,38191,40092
386938555,42080
145353057,9856,11655,43876
3260222029,6534,27143
1467592827,9848,27442,28908,39718
30495135,9847,11603,14698,23783,27441,28907,32075,34961,39717,42009,42662
1376756364,9842,17101,18039,21684,38030
3424308922,18997
3216952751,28242,41425
3178262495,5340,48177
420114245,9837,18262,19891,21051
2643479110,9832,12239,38982,39239
3437563482,33525,43792
1123398938,9453
4055934165,9831
3915972950,13060,34768,39622,46126,47232
1183935039,9812,11975,12299
1526496022,46365
4077493837,23423
2218847213,9811,11974,12298,14295,16256,34835,42906
3913985129,9791
3466795970,27546
3210314355,9782,13833,23720,34874,43487,44799,48151
4126917843,18658
37477578,29552
2639914459,9753
686095941,5470,28041
851610553,8348,26672,32305,33426,39524,44348
3049576377,9747,15830,16590
3495223970,9743,14479,20078,39370,47359
121634039,36671
3421513259,29581,38088
439604406,13857
1021845306,9735
1682128792,12281,14878
2973970853,6037,21740
2747269639,9733,47847
3431450774,11366,22437,26234,42146
2156788752,31509
1893443635,1281,23921,29248,36723,37553
1332320214,2989,6078,28781,37123
3457088203,11365,37271
1440773828,9732,47846
2466896749,32729
573007199,2797,7325,47012
834444979,45457
1176892551,1781,26370
230281954,6929,45052
3601932326,9725,10621,23697,48236
1882941557,9724,27804,34559
423055211,18962,29937
1313341542,7931
657918080,7951
967829616,2244,42722
2565688870,9690,12347,19480,20292,23140,25453,26699,30284,30618,31458,34803,35443,36082,36273,44006,44382,46519
1273214404,1932,15355
1302146507,9681,14724,17260,22107,22707,35592
3592586661,26168
55444764,15372
3957769800,9097,11224,12287,15162,17663,18008,19155,21147,21214,41497
2221303794,9677,9749
4090280005,9664
2327684630,48486
3147002533,9660
2081716111,1166,9243,45535
833310063,31329,45982
1385222600,7504,12199,30281,32835,40494,44932,45345
4223879728,951,8345,9626,33774,35170,36306,37443,38256,38321,38800,43414,45139,46755,47868
58831559,9658
3751761112,9655,28366,37077
1763469949,11654,11744,14752
3996235465,1079,1262,7255,10381,13067,19969,22518,23165,23325,29564,29945,30598,32225,38760,44544,46139,46214,47824
100058531,9653
1536124142,6462,20405,29374,29756,43593,46005
3294678319,9651,12801,24531
3713915901,9645,12626,24565,34270,36809
1891517713,15956,21832,25829,27424,28539,29876,39918
3138284419,439,1529,1817,3216,3894,7704,7991,9289,9613,9829,11753,12621,12910,12979,13053,14470,15398,15714,16139,16241,17390,17921,19750,20907,24650,25340,30395,33994,40436,40491,41023,42304,43062,43297,45832,45894,46102,46321,46694
2249110276,9640
2683143048,4799,11725,11779,12531,19644,22739,24147,26932,36974,41363,41376
1436202869,30604,39876
1788011429,9638,11183,21466
1233009799,8674,14452
3659913842,34431
3989091442,9631,21837
2461173267,14781
3371242785,718,3371,3725,7240,10670,13408,16718,17322,30046,34903,42289,43706,45081,46676
858057136,1931,11685,15354
3616526658,221,6729,7630,9129,15193,17105,21533,22237,29973,31152,31402,38755,43355,43530
3339878686,6754
3202176511,90,957,8464,13357,15445,23841,25066,26992,27797,36429,44711,46160,47732
3043656923,6580,16697,20704,24756,27885,28125,30645,33694,37726,40657,41562,44722,46824,47245
3696868723,11499
1736169279,9624,21935,26861,36304,44182
2946630121,9618
3317607093,9617
576755168,517
3459785170,36845
2831421487,44078
3521254295,28390
772569901,24609
1728042963,962,7112
89612893,994,30950
1618350171,38904
1933023383,388,851,1470,6488,8701,8728,11736,12463,15522,17988,30900,42337,44625,45789,47474
923811152,9614,42368
1239775321,5177,10298,13074,22529,28727,32085,37416
3704466601,1765,12249,15971,23608,38855
428969522,9609,20778,38579
3446663615,9607,18984,20776,21333,30553,38577,46144
2569230361,356,3676,19582,27073,27227,27540,30875,36475,42894,44975
1374392824,26166
26801710,6418,11826,35707,39048
2563732326,18452,26107,29498,34456,38168
4173122213,9604,11340,19787,22889,32948,37750,38457,45772
2400549955,33073,44254
2718588903,9566
4113246979,9921
1374336657,1188,8135,37569
4079430736,9556,29245,29297,35960
3159371275,9553,39068
3609573371,10515
3875627506,9552,30490,39067,39632
1775063575,45048
1045575153,6837,10795,18070,18450,26766,30413,33359,38872,39469,42162,42621
2135204443,10809,31418,46362
2659412688,14571,28260
2804857168,9523,10685,14763,32269,32743,43330,47633,48487
2026428758,5966,8872,33609,36004,44638
2017222072,9483
1325506612,9464
2573025116,2503,3359,12684,16466
1735934932,8760,14619,16232,21241,34484,38480
398652785,45626
1431113184,11715,15692,30073,33036
1538230422,38661,39573,47770
2006948464,9461
3530058087,4294,10416,11193,13087,13813,19172,19947,22429,24063,28976,34841
3863144671,9460
2478841366,2130,3940,10038,19040,19878,25199,29786,41851,45597,45962
3499553780,15817,23122,25276,44706
1174715247,9455
4244544340,5077,20089,29921
2089955624,9445,18569,39749
1013893264,31389
3533561075,3294,10910,11360,28898
1418856985,9424
1789095178,4253,45716
1227615917,6514,9140,16755,17129,18399,19117,19432,21058,22762,23114,30313,30653,41718,44231,44703
2856939315,9417,15391,17506,21710,30953
375344667,497,1908,15726
2329616432,9616
1791488207,9414
3843123204,25281
2420321810,15836,20630
949373481,8675,8747,14453,30908
604534228,26777
3305270853,17751,25757
3415197715,1728,13636,18495,20180,43005,43611,43749,44324
2194514593,9411,23409,40232
3432047104,31102
1839766052,5105,12929,18918,20474
465381909,3574,42133
2053472883,9398,15580,30286,32960,35047,42017
1854425117,503,8684,9105,12359,14740,19901,20974,35810,36888
2234419509,23146,37719,42323
805351536,3826,13572,13944,17368,20955,22514,25081,31552
1422167006,9397
2912429641,9395,37446
3159174689,17621
1177705556,3586,7009,8450,14906,16143,16493,42212
1969660571,643,39808,43729,46334
1487729449,9548
3590106111,9377,15365,30002,45971
4072747684,21283
4031271053,19603,38682
2316410940,816
2148954242,4494,8236,11443,11593,16216,32405
2738156429,9367
621460181,34402,47695
486555093,9365
1731163510,9362,15801
3893406005,804,898,1993,6592,40192,40788,46440
2290876867,66,48390
1177433635,18987
4093095171,30552,46143
3859610528,9343,10281,10595,11023,11251,13962,14481,17015,17316,19158,19546,21069,37647,39372,41743,42191,43652
3663375743,9295,35430
212848702,4478,7989,16372,19962,21200,26152,29123,38528
214108835,9336,40107,42972
2077250452,6351,38768,43779
2851335230,12427,12907,14771,19648,25117,28404,30043,43244
3452688541,9334
4078066967,4039,6457
1736636985,31570
3052539978,9319,26189
3902904176,11605,42011
1533365513,398,800,1064,2344,2786,2889,3543,3988,4055,4480,4518,5336,5945,6715,8181,10051,10793,11085,11385,12246,13563,14252,16196,17002,17339,19642,21202,21555,23321,23770,24224,25800,28999,29149,29240,30658,31593,31938,32414,38530,40071,40281,40717,40820,42399,43655,44870,47416
2763256230,9306,15329,25746,30705,32873,36419,39705
4031671531,2810,3552,7903,9841,10483,14418,17100,18015,19928,35287,39087
2652494538,25950,30995,32417,38012,47481
1944191414,11532
1295497047,9305,32872
4012194560,9276,27802
1072843557,7697,8074,9909,12685,16345,21833,33613,34312
824314469,9274
162053045,9273,28828,43189,45221
925165106,9772,29830,33440,38915,45304
3214341500,9270
646319941,9248,29369
3614480762,12768
623227778,3914,15682,17864,36315,36519,41209,43819,46433
2780269650,9245,21627
3799988446,29421
2966191872,2219,11125,14203,19306,31839,38979,44044,45723
1935685965,20902,28745
1092140191,102,2141,2758,6031,10649,11867,13555,19204,24518,24874,36150,38268,43233
1783824623,2042,23997,27295,33734,33746,38593,44952,46466,48376
2512361516,14720
334482945,8735,23741,33551,33907,45070
1360796981,9211,10058,21616,27882
2602135367,3350,46937
2604269878,9197,15368
2178320962,15634,21408,38836
2396525139,5268,5603,15139,17268,17364,19732
716587831,9177,20523
4061278422,33969
3607117667,29416
1512091520,28086,47749
585544456,24256,25040,26914,35674
3205518553,46470
3133716689,1139,8563,43938,47151
1629580793,9175
1313802716,39496
1636371047,25484,32850,37916,42476
2834037454,30544
4132768839,9418,14473,15392,17507
343421673,9169,14296,29400,34836,42907
2512814741,33683
3979969591,9157,10163,10930,16425,37204
3582264173,9156,16424
163114271,552,1719,2596,2693,3459,5682,7712,8317,8759,10833,11139,14381,14618,14950,15065,15079,16162,16192,16231,17407,18551,19467,19588,21240,22381,28322,33390,37001,37586,38479,39672,39681,40535,43266,43863,46861
1031911682,9153
2281953809,33748
3819339698,9152,25514
1015345043,8206,10713,29475,35289
771599317,14446
1235515499,9151
336889744,3523,7029,20520
1061440502,4200,4950,7443,8623,9057,13685,15432,18893,26879,27193,29197,30226,33547,34272,34278,40829,43120,44408,47514
4282556538,9128,31151,38754,43354,43529
1811871108,25110
445918533,443,3048,34487,38234,46491,47842
674136401,9116,18785
3877541948,12595,17847,32160
4016328642,9112,10895
354403772,32354
2269824297,45367
3917383902,31070
3131140186,9077,17132,30720
4236914989,9068,20666,36800
3466372180,9067,21174,36799,39492
734570346,23873
2100002069,42151
644419869,1177,4150,4931,8040,16434,20244,30367,31385,39904,44210
3437903277,9062,20951,31530
3938011964,18220
3375243359,12520,21720
2736525071,9040
1931898352,20183,37243
2657938616,9039
334382874,18944,27775,36080,37037,45311
3627938418,9033,21041,21605,28373,40968,41335
2918087581,9024
2996918691,5079,5561,13652,34468,35416,47001
3517353620,12571
3817614840,20129
897500924,9009,47849
2923170694,22690,25148,25489,27304,37866
3659396970,25818
4073739131,23498,27682,36603
4221394395,4286,6223,9124,36357,38775,39301,42957
1675450514,31431,41424,42640
1966438369,11791,11935,14924,20264,37449,45563
2705484025,9003,29366,37043,37311
4248140848,28606,34633
1008246579,28354,37994
4121063237,24187,42790
1040109166,5507,20432
946128030,8996,33438
236661537,8995,14335,15131
3785562586,8992,16584,16680,19864
3389293214,8991,19863,32558
2754904144,4586,46281
2117972975,2901,4639,18672,20943,21731,21843,23068,23179,26753,27906,32602,34151,35631,37189,38335,40416,41358,41958,45415
827622500,10300,15183,28170
872521172,3427,7821,20250,21794
4143643170,41505
3885033018,8975,11376,27526,48415
3702983521,8973,12001,16546,33151,39645
3754344322,8967,26792,46057
2493201741,8966
4273264870,8965,18781,25455,26635,33086,44008
3218647168,8963,19299,21314,21548,45086
1301283937,2438,16329,42224
2955233683,9974
3711285702,8959
169406604,44752
3694410077,3375,23852,26085,27201,30101,30637,32667,35135,37764
2832453388,32615
3016639187,42291
2395573637,4744,22268,45341
1418636241,1250,33192
1416656879,8958
4174332239,8957,16813,35108
456120428,10540,13177,24711,33109
2071868982,36753,41648
293000929,2226,22362,36828
533570530,8954
2212383048,2612
4076171189,1099,2488,2517,5673,7605,10693,10939,12208,12352,13825,14438,21075,31230
2062581499,8951
549115472,23227,25904,48335
2574817845,8947,11886,13103,14861,19899,25447,45010,45361,45684
3942403023,47112
2406763802,11238
798782958,28690,46918
3710935647,40247
502534161,5339,29425,46042,48176
154725554,13047,31082,33409,34386
2333829832,7089,36240
1695302439,36581
709248783,33283
3856087332,317,15097,16017
1726717969,8930,45804
947485063,725,40814
2110793558,1364
1080930576,21922
4201523299,8919,27878,35928,44190
4091896779,10718,21273
888595001,8911,13800,15797,37221,45627
3034545124,17760
900652522,653,46245
1874478161,992,30948
3903189423,17324,21426,32135
1112404680,8909,18574
1341438961,16760
2079265426,10844
3538086441,35247
621478792,6600,18947
3577725093,3651,8898,19138,21955,38452,41230
191185777,537,12589
1855975772,3237,4987,10247,12596,17848,33728,41946,44510
1375080777,9524
3261219088,10775,14901,20237
1128520798,8901,26555,41233,46772,48341
2984825184,8894,10407,10876
937961150,4234,12226,16598
3322441390,8891,40005
3261860048,347,1827
2457740892,15185,22137,26319,31778,34649,47564
3412860282,28287,37430
618039590,8880,35325
1044268739,32904
3779817976,4510,11633,35268
3103100838,3007
1407481666,8878,9779,13830,17416,30542,38120,38567,46070
1423698498,2502,3358,12683,14815,16465
2414677651,8873,31016,33610
3293934468,2206,4449,5165,5949,9457,21829,25428,33724
1340419851,8868,9115
1583953986,37843
478174420,9802,9866,15283,18234,22294,40530,42524,44883
3919770818,8864
3971670282,8851,13683,15204,18858,28290,35399,39291,45883,47830
161029055,16468,32694,37560
906624768,13865
1733889224,9795,16672,30455,38053,46809
278609978,21823
887826719,2183,33373
2542791852,10198,20573,21691
1345352101,47482
259374625,5875,28336
3603716173,27588,27784
2361409458,22801
1966089737,8783,40952
1880982766,38509
536189402,4714,29419
2629698895,10492
2352171153,2292,30072,33035
1960283183,8780,31339,40949
2327109039,23982
1864503863,2086,8214,18743,29925,48309
464503691,8779
2110998456,8751
4230939063,27517
285745527,10898
2599841822,8749,24787
3647841264,6444
1694888830,5721
1011588140,8748,24786
1292187185,23892,30255,31881,45696
3963437692,3764,21819,22043,24051,26676,26801,26981,30299,33511,35059,35531,46610
2697184046,19830
2824570129,8743,18041,26013
3154018871,2098,3302,3438,11608,37838,41241
1448544582,22860
1737138319,1317,3095,3796,4340,5238,6135,7631,8413,9130,9301,9573,10338,12265,12917,13142,13567,17106,17912,18664,22076,22238,23041,27688,28021,28117,29642,29974,30330,31153,31403,32548,33543,33853,36040,37165,37771,38560,38756,41871,42407,43240,43462,45438,45956,46153,48126,48398
207053970,1141,8676
3661760428,8734,27626
477039174,8689,34032,46163
2467702317,25474,26748,33883
3111321676,8687,10682,13338,17164,22932,26855,27798,29322,33918,34030,34069,44712,46161,47443,47737
3874825738,27209
1670364498,20106,46570
1897361331,8648,19548
3696909861,8679,8875,9871,10351,12760,12854,14371,43828
2314907629,7070,11184,15751,17610,18333,20157,46287
3294010610,11495,11783,17533,41247
2521350864,698,2729,9843,13403,21685,38031
4094819792,25037
1797461719,8677,31281
2925013183,2876,4846,11546,25827,27422,33896
3227085065,8190,40242
4187011370,4934
645464147,8670,25320,28097,29282,34150,41357
1181541270,8668,17709
356989876,8663,46426
3105925591,26327,34570
2658641191,8660,16176,23388
3638719587,35618
632146813,397,878,7994,9094,9230,9809,12218,12254,12296,12982,13189,13847,14712,16559,18502,18926,20019,20532,21554,29010,31626,31678,39735,39949,41149,42307,44826,44869,45934,48166
1200775400,8657,9091,11005,11323,13437,14165,19356,19484,19524,21236,39732
301719888,32066
539833591,8650
1408695684,5895
3871304170,8633,13906
3774394483,34361
612003804,8628,29923,38242
3340191344,5568,9583,15170
3647308075,8617,26034,30862,33886
2552007986,37076
2959957911,4331,4661
3270490686,8926,28271,32949,40301,46052
52086633,8616,23905,26033,27661,35659
2226886856,15477,34813
4223626112,8614
1472787890,6838,42622
952716951,8608,13583,14602,20582,37883
348293158,1163
3627082073,1388,1446,1667,4999,5214,9326,9578,10506,12554,13588,15985,16620,17490,17826,17871,18387,18393,18420,18534,19165,19452,19528,19820,20803,21868,22389,25920,27643,28806,29194,31722,32252,32664,33214,33589,34526,34777,35585,35597,35727,36701,37317,42501,45104,45126,48317
3703158980,5982,17624,21271,29048,32233,41428,42872
2459207081,11540,11665,18028,23428
1769150339,42213
2278218354,8596
4209111058,1441,5110,6954,8592,9217,10874,11995,13523,16364,17557,18772,21390,31674,41064,41755
164829921,8577,15302,17812
2577496358,33629,40711
2369265809,24872,43231
3799777764,4852,33267
3892821870,848,1274,2641,7863,11795,11939,15735,18165,19686,41569,45543,48011,48085
2820740287,8560,11667,29770,33113
2524982035,7987,11629,16370,19960,27931,28342,29967
2100702969,4875,9719,10546,17781,17840,19074,19690,21706,36917,39215,39323,40168,44886,46512,47023
3527887236,10278,11071,11248,12283,33157
2145043350,1216,1973,9299,13515,19346,19564,22785,23806,30760,42268,43238,43460,45810,45954
1782653015,8558
2651371372,7156
2499212465,8541
2286154180,9689,19479,26342,29614,30617,31457,36272,40731
752538411,9366
1024418535,37133,47119
4048146244,8538,40926,44738
3736850453,8535,20733
4094823866,15846,29225
1001929358,13641
3782945821,8519
2928622823,33150
139254135,25498
3500789196,2513,3153,19183,24714,34163,47171
2402291803,26128
504994411,8495,11647,28124,45750
999074817,10918,28682,29038,40833
3468261376,18751,48293
2608459941,8491,23888,30031,30069,30472,40407
490495727,27034
26378395,5679,14378
75960771,8476,9551,30489,39631
779684314,8465,13358,18266,18819,22113,24880,25889,26309,38970
4273301466,15241,19719
1228284383,4884
704640310,8462,29299
1688093783,32451
2748389165,1154,19241
3456306699,8460
209629339,8459,42671,46802
3452322153,25524,29580
2231101400,4034,12608,20451
1763900661,10001,10179,11951,21571,25224,26834,28576,32022
3393974247,8458
1280321884,31423,38959,40810
3170098474,8456,16290
2130519120,3272,14989,29960,31073,42314
1489240008,11659
1373751248,25386,26030
1341326323,40792,43346
432384675,7024,21900
39044316,8441
2401985867,8424,9173,12018,12113,20030,34447,37398,40239,43743,45496,45575
2620778568,13385,22495,37981
1386522615,8399
3441092549,8396
754523015,9944,17140,26284,33754,38462
2141956981,41098
2012343301,10845,24357
2818836593,6071,21943,26518,30730
3576649473,8381,9776,11717,13227,20280,48027
4229723959,8379,14037,23854,31471,32258,38141,46300
84361114,10736,20297,45212
1652208789,8373
1266486390,8372,8483,17447
4061107581,993,27925,30949
3181431879,9192,12409,12573,16663,38707,39427,40180,45692
3645232276,30364,40697
3157509371,3846,44380
1424492175,8370,8481,17121,32690,34644,41488
2052101241,8369,14404,15935,43513
256220173,8364,46178
2026532243,27323
1496036237,47515
2971446244,849,1275,2642,3133,3250,7864,10108,10638,11796,11825,13114,13283,18163,19031,22252,23802,33417,34543,39047,40466,41935,44316,45544,47620,48012,48086,48090
3839643670,2329,14621,31386
3111492532,8343,22969
2764658732,8339,32231
3194958528,23597
2198658233,8321
2096570397,8320
1254488889,9561,11894,12274,20826,43920,45474
3422031662,8309,21725
3423302860,8296,10926,12676,14563,15068,19983,20004,27466
22650920,26058,34398
603554119,22565
3190092828,16525
3299561829,3488
3183604307,8285,13244,24316,27827,31963
2187605842,4471,5044,5854,7106,11852,23021,28344,33200,38173
2962417736,8281,18812,20662,21225,27156,30263,30478,32432,33600,38137,43763,44185,44596,45354
3790166661,8278,29819,30779,32785,33101,47887
2996475639,2950,20239
2992643806,10356
23112392,8268,23110,25754
1947561058,2664,8826,8876,10352,12680,20844,30540
1411372457,8266,25557,25752,42195
2315142406,5171,11727
2643223037,16588,24470
221041675,8263,8326,16781,24478,27390,27456,29199,33866,34274,41893
3632932413,28434
2901313947,15476,31896,34812,35264
3023623882,5768,15810,18312,25956,33824,41168,46035
1397796500,8241,15421,30998,41190
1773912061,8239,43662,48264,48302
2864695724,954
1677903154,26627
3476087228,8228,40271
3937688837,1643,6308,15614
4266621607,6769
2045804355,8267,23109,25753,36755,41650,47784
4239744477,8224
3002676827,8221,20391,24032,28638,37504,37897,41833
3974783923,25545,32293,36927,45644
4134469595,8220,10510,20390
2953537008,27174
2255731930,8213
285327182,3232,12850
1013128307,8210,14395
1034047258,1660,1709,3297,9977,27470,28901,44103,44404,46960
4198912772,8192,10797,24142,24395,25021,29078,32516
2294737533,8191
1381692887,28814,32441,33323,33615,34228
3143423649,3506,26557,47816
3574029097,8188,32061,40023,41532,43087
774994294,8177,17867
2805022425,2456,5133,45322
3410709209,8173,27557
347465958,8170,23001,34065,40557,43916
2359546718,18908
1469810646,16309,39639
3425780186,4868,28187,31465,42114
1792896507,8165,21758,24969,31417,47389
2163948421,9407,9916,20447,20678,34740,39258,41821,43136,45566
4179025670,10234,18555
2457375388,31183
3071478701,3822
3976511365,22070,28554
2879893405,8150,19056,31517,48182
772496612,11485,13363,19957,46228,46231
3567188667,12617,25351,44866
2233603455,8123,15649
642156730,18172
2659383668,14517,15989,23752,33801
3229555601,13955
4257679924,3965,6801,13004,25161,25502,33070,34592
4076876773,8120,24365
3777043269,2442
3083636772,9363,15802
2187594724,19594,47287
2588685442,3310,33018
804559605,1824,2352,3339,5096,5125,5244,6411,7809,10316,10463,14537,15107,16038,16636,17628,19773,22341,28032,31322,34573,39999,46888,48197
1566682900,36035
3618504898,42171,44013
3031977279,5289
1767652408,28506
1198667527,114,17236,18277,42544,42592,44063
526888053,28389
788459456,9396,16237,18547,37447,45828
3331937397,29246
2382877229,8102,48303
865045394,8100,10040,10128,25995,39786,41187
2508161609,23348
2238261462,8097
4050838736,8095
3830204095,35858
1239550666,26939
1423438537,8084
2389484894,2980
3267154670,5798
2317060910,11933,20136,43176
2390608919,31894
4024379455,3565,28855
3384273044,24430,25559,37327
172065442,8076
3419551787,724,7710,15063,18549,21747,31712,40813,42279
679739758,8122,15648,19322,24307
2686591203,8065
3274249021,20399,22729,34743
1097490647,8754,37419,42754
1255153074,765,20877,20994,27329,30386,32278,46150
1006392533,13615,13662,14053,15472,19839,20792,21587,35252
3703800231,8064,35090
4005255170,6617
2055572249,8054
1872754054,22940,25500,29526,29631,33068
787265201,8052,8362,14770,18433,43507,43898,45292
1187776466,8164
3324548763,5493
2410129394,8048,14068
962735035,8037,10951,11231,12200,14134,14732,16068,16319,29903,30224,30282,30526,32836,34294,35405,37604,39552,44406,47926
1839683174,9904
2674405560,6918,22365,36831,38221,43338
497287302,6161,8298,11861,12762,13332,14463,18322,20441,20642,27012,32426,38608,45796
583093930,8036,13673,39551
3771579985,215,1286,16287,25342
2141996563,8023,16085,20382,34906,40682
943964198,5888
4190075076,32045
2718984961,26182,33195
2018462980,7988,16371,19961,21199,26151,29028,38527
469280274,34201
1606462302,9387,11434,11462
3026320359,11392,13318,28467
2921076117,457,15359
1827452906,9657,37079
2431976525,16033,17833,23205,25606,28810,30210,32828,33221,35021,36578,36878,37965,45853,47110,48070
1769222568,9662
4117416121,3892,12939,23087,29743,33986,35695,35725,44485
3530908025,4791,32035
1995991646,1090,7233,45464
579627871,7980
4204640420,15627
1544287921,2359,23170,23674,28162
2978973488,7081,7132,7423,17735,22672,27612,28604,28939,37849,38643,41235,42355,46774,47776
1728252910,4845,27421,33895
1712649368,10332,16886,17945,31244,45112
148471872,35678
202287383,5953,9485
3408905235,7966,10484,18016,19232,19929,39088
2779422913,5667
950352722,4522,33976
2887711118,7965,12744,21683,26735,33179,38029,42078
4050870411,7958,8354,8528,11888,18462,22030,25808,27570,36390
214498673,16265,33735,46467,48377
2609059734,117,2275,2683,3599,4626,10600,10687,11290,17771,20512,25886,27520,37041,37827,39619,41067,41414,45966,47635,48489
1266786636,8844,24994,25059,28236,39814
3488799804,11930,28346,35784,40665,43373,45813
1290767814,6978
1351794255,7955
2892875935,1123,5270,5605,5951,7100,16063,16969,17646,19734,20866,37788
3360771033,17350
2938755631,10699
175683753,7950,8324,9676,9748,22193,26427
2991531567,7948,8322,26425
2171780349,2059,2303,5142,6353,8125,8200,19614,19860,22110,30746,31735,44221
1709620142,35995
372946701,6853
394591153,7937,15464
2728339166,7936
1716053933,14120,32480
2716599535,7935
2687949082,7934
2370423849,3198
1690281648,10894,24348
4068774152,7932
3705661007,2831,47642
3815811217,7921,29029
2777703979,7917,30854,37525,39792
3757326265,7915,8968,9758,9880,10628,18185,22230,26475,31758,33848,35065,39790
587723127,109,1649,1747,2722,6242,6512,7205,7280,7963,8292,8982,9351,9408,9474,11734,12017,12461,12816,13159,15404,19979,20029,20448,20727,21056,22441,25380,27959,27981,31177,33177,33951,34446,34797,35042,38059,38151,38196,39043,40264,41466,41781,42254,42416,42422,44462,45486,46170,46796,47677,48189
328855805,7913,9790,22166,25411,37675
338055032,9686,21696,23492
2261028502,12686
866889618,48244
806043196,7912,22165,31149,35355,36347,36859
2591601709,7911,25101,29754,31148,36346
3402279138,7909
3274767257,12502
694165498,14812
839018846,8347,24809
2852222757,10634,15346,15774
1864266156,40066
1769216124,9260,27852,28022,32103,42408,46955
1450244369,24721
2788119860,3207,5236,8411,12263,28115,29640,29911,32546,34256,37769
2282575074,7894,10856,11568,11610,16639,19932,32462
3479617452,936,7664,14347,31491,46605
2884294619,7886
2012858542,3006,11497
2788817583,26647
2010305981,8205,12745,35288
4126352175,5292,13063,39362
540108115,7883
209976616,25451
390574119,23757
2562975326,16480
3949171376,7881
2498904856,5887,11144,25722
1308511408,7868,26546,33846
2663612120,7069,17609,19482,32485,32751
3060271128,7866,33953
2683469269,7865
2291933640,4936
3192761851,7854,14856,16116,29005,31986
3460666959,35987
905250722,14614,28487,33579,39995,41842
3028523393,9518,19989
1769930341,7832,24188,42791,44992
1197883845,7807,16715,17005,46065
1167460974,21721,25627,28559,30551
3146152671,36720
698453057,7806,22536,27826,37596
1939875838,18849
3822737514,7797,30933,41731
2010106500,47251
3646324908,7795,28786,39854
1076112831,30213
3491358620,21610,21850,28573
4224018179,7788
903582510,30248,45877
78638046,419,1384,1697,2203,3348,3387,4337,4690,5441,7360,7409,7557,7791,8856,9507,11153,12023,12827,12914,13478,13931,14008,14572,14639,16185,16413,16818,16998,19608,22385,28261,28615,31222,31380,32768,32780,33423,35174,35462,36037,37015,39187,39314,39521,39710,44056
487564063,7291
3835634576,3355
3516057584,7777,11599,36048,41401
10127323,30796
1733950440,7773
3676694416,35204
1811916911,18684,24544,43976
3786054622,12248,15970,23607,35037
2383706454,42356
3520397854,26180
3399708184,17697
1728124122,7769,15007,22153,27094,43885
1142173220,7447,9296
3462695281,28432,29780,34235,42948
599226823,7758,16956
4161310553,2588
3467980233,7734,8638
3190205704,7728,22146,30291,46749,47059
970134876,11808,38955
2565926160,31147
1243763756,7725,12186,33380,46981
368192124,744,12732
328052205,5439,7407,12570,34820
1442741483,7717,9540,18697,41966
3119020767,14841
466431480,7715,18695,37478,41964
2725176235,7714,18553,41963
3671051801,17453,30191
3446934040,15442,26794,27667,31366,34756,46157
3925284141,11454,17890,24585,30324,40708,45159
1057488756,23353,38493
1678153022,43538,46073,47728
252402542,8529,15665,16109,18463,36391,38433,43112
556128684,7695,21493,22701,34408,34853
866754656,9902
4231281102,13314
1370293273,7686,9563,12500
2038216845,48118
815784967,28882
3220645532,7682,39944
957773947,35057
1827342868,8662,23390,24236,34976,41300,45583
4127653837,7014,42442
2349733337,1612,3547,42875
3868572347,7681,20262,36070,39943
1724492178,7680,20261,36069,39942
1764658048,11684
2633815497,3571,31825,43865
3415946253,7677,41313
1091743426,8553,11406
1895287280,1254,2361,7735,8618,8639,18589,22835,26035,30160,30863,33887
3686262859,7676,17176,36839,41312
1941428092,7506,9897,47326
2430371783,7673
351492038,7778,11600,17790,22219
3844529280,8559,21144,30624
2664798950,7945,8058,8196,26422,32214,40143
3853110464,7656,8550,13549,20813,28945,33967,40062
498778905,5319,6790,7221,11626,28785
3972502680,7639
145184840,33539
2897204935,7637,23401,32878
2061567670,41607
3648460872,7626,31968
1307045479,2694,3460,5683,8318,13413,15066,16163,16193,19589,20800,22382,27464,35912,40536,43267,47853
2825578864,11200,46421
2731074586,7623,13671
635690869,13787,20885,24843,32133,41590
2525144546,42064,42209
3099790911,7621,12948,17685,17964,23096,26994,29606,36187,41983,46044
1969814698,45721
2097448169,12348,17086,19481,25454,31459,37117,44007,46520
1770301187,38355
1796043904,26697,27076
2583804274,23556,31690
3126378983,1644,1791,2725,6561,7875,10835,11130,13519,14309,19623,22311,27962,39338,43358
245946398,7615,10980,19658,27815,30866,33839,35221,41921,46828,47202
2743388275,10862,39055,46499
1953912802,8043,18193
2842177982,32530
985960575,7596,17302,27091,29962
3455519373,7595,17301,27090,29961
789389597,7587,13713,14184,15047,15364,17381,20217,24576,26114,27388,33780,38675,40636,45034,45970
618901233,31543
1393975692,7585,8186,14576,25539,37510
1014103407,5356,38125
2771404126,7584,8185,14575,15059,15245,25538,37207,37509,38948,39755,44059
1982705645,218,19909,23586,26596,29810,31862,34670,35051,46561,47168
2342435041,16133
1421838916,11748
1824397090,7565,23249
3003516184,47764
1435164939,3290,11971,12709,13051,27235,27818,28739,29142,29147,30393,30803,31720,32445,33842,34192,34328,37114,37239,38323,38802,40995,41328,41459,44021,45892,48315
2976384749,7559,11897,41219
1526056778,11527
2708314698,11559,27945
2814050925,28854,44599
362655051,7556,15151,15326,21753,30888,33422,41290
477498723,7539
1066227606,6347,33385
1949614296,7531,14916
243122330,7229,45989
3738345517,29891
3454782631,416,11982,30090,31884,40669
1581702088,7525,7840,9989,10405,12755,13893,17523,18922,21082,22323,26464,35526,35888,39982,43845,44878
1435428992,12517,45490
4141479726,18998
2801824389,9765,23988,26536,27047,34460,39128,41552,43226
2471502289,7502,40486
458143820,5900,37952
2276020728,7495,48097
2920245629,6756
2290975602,10535
3215363362,7493
518162808,7490
2482220647,29759
3782321394,11645,26384,44920
3916332681,10114,25417,26404,31971,48104
2406362404,7231,10916
1822612221,228,922,2954,3078,4002,10573,11093,13370,13965,18764,20482,21042,22480,22761,23089,24217,24690,25596,25731,26154,28053,28374,29340,29860,30652,31495,32110,32792,33497,34242,34518,35508,38213,39971,41336,41970,43394,44487,46530,46731
4166575272,2851
2617081857,7489,14689,17691
869733076,7487,17349,31732
962853183,7480,10266
1702686409,7479
3106070391,32900,39013
4247776606,2638,15887,22585,22735,22823,31080,31607,43021
1907515219,3787,16616
3042832397,391,19702
2985457770,7468,8731,22990,41942,42340
1640164922,5394
170901278,1602,39810,43731
2660950158,3493,13131,16799,19798,20809,41181,47127
2634101610,10731,28010,44243
1101485962,7467,8730,41941,42339
2612490264,7458,8829,14897,15860,16148,48003
1429219744,27522
2178279731,25905,32294
569662516,7446
2667473373,3751,5940,7376,12546,16339,17467,28206,33784,36201,47901
3344580985,40826
12120691,7424,17736,21645,22673,36795,38644,41236
3767418879,3282,22335
3729888119,2635,38569,46072
990245463,8765,8797
1092370230,34992
1176942970,1694,5218,13225,25015,42845
3006991669,7418,19374,21109,29422,35216,44124,46039
3374641051,4295,23671,24064,37730
2859107221,7403,18887,20055,27408,45418,46133
3686899401,7402,7683,12021,13819,17652,20033,20138,20294,21316,26701,27407,28331,37223,38393,46132
1829535247,26393
2159497463,22650
382326006,7395,8984,13034,13161,13863,19397,20201,21787,26440,47101
4058846240,32683
484619735,4894,9623,14012,25824,27185,32657,43180,44583,47653
2996314436,7370,18267,18820,22099,22114,23032,26310,29511,33567,41902,43260
756550329,36510,47265
2186235510,23294,29259,30220,35363
3099441613,37631
994942352,7367,9855,12047,13702,14282,21122,41570,43162,43875,47147
3319183120,1077,3591,19276,29562,46137
2331674277,4356,4486
52001932,7357,23184,24417,45688,47074
1636000798,5457,13399,15224,38808,39688
436378896,7356,26073,27043,31980,36026
1455029582,7355,30399
907299435,5740,27177,32363
314676887,15727
335319607,45174
2270601008,17700
1192795010,860,20884
2541625943,2869,4784,8708,16060,39252
2204671695,7324
3621252060,10997,15415,16204,28064
1115381598,39125
668085817,25198,29785,33129
1531791262,7315
2788276966,31391
318110308,22123,24192
1191317422,7306,18436,19715,36147,36461,38432,41131,43111,46191
745602259,6988,37652,44030
3146335643,26428
1340129851,23636
348276694,22995
3809165445,15819,22086,38365
2619941620,11630,35126,36329
4291667065,7288
3038679251,34959,45612
1862363886,3356,14895,15858,43878
3505603035,5668,10218,15234,21542
3835973162,46205
27645500,7277,7310,11400,20824,27396,43215,43740
2725550344,22807
486583450,2811,3553,14419,18154,39112,39249,42079
2512469004,1787,17019,26280,42405,45436,46151
3153568097,4179
3434957645,1692
1033787072,7270,18484,19895,21481
785236005,1303,3589,7151,11910,13739,14565,15070,16496,18524,43895,46135
1015763193,7266,46912
3054656860,21782
3627142333,7432,20650,37767,37937,41390
3768305666,2282
658065969,8233
3685676945,7250
1229159875,22982,40222
2868130002,7249,22491,27552
1820534616,7243,8351,14737,38043
818866629,31338,37839,40948
717019457,7227,45987
2348266657,33811,36954
1632084644,18514
4251526044,7225,29083,42027,48157
28924309,21187
4187320037,39271
2593843283,5754,8270,30669,36154,36181,42075,43543
3901327561,7224,29082,48156
2716918353,46874
2376888179,13897
725882496,7223
3395918940,1508
923563711,35968
1484284295,3426,20249,21793,41962
2786670326,35964
2730823984,46550
537369620,1605
854443434,5512
4164810702,7218,7643,8211,9026,10185,10410,10879,14960,15104,15134,16769,20074,28247,34143,36586,39977,40906,43564,46427
2477565192,7197,14128
3057770867,5482,10395,11536,13157,25495,40847
4010908084,45362
3235952006,7186,9001,32737,37309
2421023957,2969,6516,9142,18401,19434,20749,29857,30655
3511219021,14808
805662036,7185,9000,37308
4147651345,563,1899,4928,10080,11083,14210,14680,15124,15732,17670,17824,17968,18196,22710,28972,31936,32218,35595,38770
3753514100,5321
762800942,7184,22983,24773,26290,26476,27196,33849
2057456981,11788
3567920893,45055
3461041041,5555,9170,9405,14297
4145643233,9031
3889348244,1174,4948,7436,9759,9881,10029,10629,13716,15260,16094,22231,29768,35759,35834,36913,38624,39431,44440
722479713,7179,35315
573186561,23493
970935499,12468
3688907997,7166,27976,35522,41929
3329173506,14451,17978,31150,36137,39016,41625,43528
2560371311,7163,38205
554886049,8865
1806763892,7161,8363,13024,19281,19329
2999988060,38994
3342307047,7148,17547,34600,42495
3462423791,7143,7578,14133,16318,17066,20716,25241,30525,39739,44830
1169996842,41543
499426067,40396
4062516417,25072,31859
1513587844,3512,4812,5817,18334,19019,19940,36438
1931309075,7142
676774493,17373
2198074244,420,11154,26048,28616
1252948777,7141
1513948751,7140,14268
783475182,7130,17773,25697,39828,46820,47814,48491
1220480749,36317,48460
3742109750,6456
50265442,7125,9797,30686,37347,47822
3770534840,8172,27556
1811037723,2211,24370,44452
3027012705,7109,7633,20274,35510
3580524771,7625,39356
2948385140,29460
1498348239,2527,5643,38660,47769
2018316354,7082,10763
3953719615,7080,13391,14986,17734,29316,38504
3523122536,3509,5764,37545
3437714351,7076,10771,17271,19988,21341,25096,33714,39847,47479
3677790938,6314,7906,21157,24109,24647,26054,26328,34571,35732,40817,41227,44296
1945116567,11539
919397785,44747
3405125854,23632
1380487425,35014
3996766987,7052,15044,18034
280915856,2671
2064912256,3015,10556,31419,33202,43277,43679
3595421790,11363
146680503,4303,28249
3138432680,7048,22332
529120382,7044,26007,27121,45751
2493495377,36223,40785
855366461,34104,40865
1699578420,7041,7351,26560,47819
52299103,7032
1722378485,11782,41246
1518996207,1088,29036,40831
2874146032,39305
2798563769,7027
365554966,25633
3678839865,7133,28940,32501,37850,43328,47777
1129650535,1626,7183,19914,34116,35833,37688
1616113307,9996,32392,37684,47193
1829425348,7800
2719632788,7025,21031,21901,29608,40651,40901
2639639810,7017,7747,18439,20579,24932,26256,28710,30055,32316,33133,41373,41809,42126,42637,46194
742914422,7007
2560225332,6991,28992,42489,44033
1545055206,1416,17272,23661,27159,29168,33715,35080,42344,46982
3324131549,912,1335,17227,40015
4256076873,6989,44031
3376638512,6986,44028
2152059272,6985
3617927658,2946,3140,4142,4238,8146,11053,11332,15056,19780,30968,36990,38945,46716,47984
2998695824,7649,8252,16300
1873576099,6983
3880016344,26301
2228136283,13241,13309,16326,23155,25048,39205,44961,46255,47998
1942658300,11805,45235
1619084025,6982,38294
2611026783,6979
1868031672,35746
1604480907,28388
660794570,43755
1216230336,6976
40966235,42676
2823365616,6968
1038069326,8892,11287,12005,13469,13805,16172,42091
3867247930,23016,27915,34566
1623653956,3832,5241,14534,16633,42467,42766
2506359437,6967
2454753136,6966
2023472425,6317,6614,32358,40014
3977891393,42991
2704977044,6964
1507213173,6455
3455022881,10605,25010,25619,25847,32009,33305,46297
1317271539,6947,15765
4241753167,6940
3554366226,6105
1450548627,6939,45100
3769132299,1252,18587,27136
874273387,17959
67747637,6935,42781
3120789472,9752,31482
1243238795,14919,23119,35475
2584937759,6930
2185618598,24776,28697
2455544230,28794,48470
907447201,6928
3803848141,2481,5712,8669,15484,23565,24605,25319,28096,29281,34149,38185,41356,47681
3786797770,11295,30560,33699,35716,39092
3477756581,1210,11617,26642,40915
1864460874,10917,28681,29037,40832
1643682639,2833,6173,6643,12380,22327,39256,42608,47714
2497314634,6927,24785
3421534561,6924,13774,24203,28861,31601,31915,41927,43582,45369,45742,46920
2019438172,11097,21763,34016
2453553872,2912,4823,9885,13072,20364,41103,42236,45026
1362715883,17188
1419061830,6923,21959,28691,31600,38795,46919
2793809926,17529,27051
1930461063,6913
1824820667,34537
3571106365,26525,44498
781311303,6901,43436
2588273784,22418,30894,46472
983687374,6874,10297,13073,20296,28726,37415,45211
3560204141,22949
3307527014,10755,13940
3682063434,10796,18071,23286,25020,26767,33360,39470
2367209410,28253
1279524285,6867,8435,13978,43509,45294
3021183414,25751
1182417914,10130
2272661511,6861,7970,45959,47640
993662556,17688,42942
3560450609,9931
32939066,40965
944606716,30320
2796736869,6855,9012,25769,28082,41684,44161,47099
4076555670,31985,34311,40676,46699
1164837050,6850,9271,23746
1783056316,21545,41438,44895
2588152718,3821
163219637,24620,28204,32097,40572,43957
3561642808,6839,46247
4165364804,631,16521,47191
92236251,6803,37161
3673726642,38417
495671216,34556,36111
37590296,9745,15828,17060
3725488733,6799,36706
1851302804,8763,10411,14961,15105,16436,20075,24334,28030,38727
2528053464,270,1701,30261
3626349383,6718,21267,32126,33137,36579,45854
1601037908,6797,19338,36704,37407,41038
106787685,23235
2890627218,6794,6883,7135,7452,7537,14197,14865,16980
2370924096,6788
3036169796,3747,7018,10358,20580,29990,32611,42127,42638,42998
3791735256,13732,14343,15413,15697,16976,19351,20802,35558,44610
1682838388,23559,31693
3854556376,4466,31557,33434
1578315782,9335,16500,31136,38986,40106,42971,45513,47647
4188953838,10115,31972,32268
2954692140,6774
2050344315,6773
3573444209,4556,5689,8656,9090,11004,11322,14164,18219,19355,19523,21235,22210
1000252623,953,38499
180552548,6184,17729,30094,34476
4249195404,6772
1144414381,28254
226504533,26842
995499523,6771
3376542373,26409,39446
4242982486,46703
1493243695,4256,12813,14026,16792,20325,20577,24675,46167
4057978615,23759
3137356784,489,1036,13209,18062,20044,20485,29863,44345,45189
3155929369,6767
946643829,18449,26283,33358,38461,39468
1850363965,12148
2362344788,17976,37548
1834369254,6766
2755910366,24718
1864888994,21208,28790
4134343204,6762,30991
1248214376,6761
491604584,24324
1311587425,9736,11275
4163102593,6760
1361430302,5031,13377,27380,31847
2005306831,6921
1251471971,15186,22138,26320,31779,34650,47565
1166734456,4746,22270,27217,33140
963862587,29392
3368067766,6759,10677,11206,28110,33602
1643143777,1788,19109,22075,31822,42406,45437,46152
3766048824,6763
759397203,11080,34403,47696
3694795772,22791
1129015647,6758
2084700960,2929,5333,5419,5782,6565,8274,8646,9225,10961,11212,15149,15324,15761,16733,16825,17596,18258,20377,21299,21751,24339,32139,32990,33420,39234,41912,45247,47883
698710558,8928,45802
3186805783,23540,23728,27179,32813
1975757564,6757,30707,36648
159575693,12687
3429800847,17985
4112115205,6741,21374
3942854966,31772
3699676206,5042,37214
1305637867,8574
2335792964,11487,25935,32628,35071
3529189488,29679,47506
3481479152,6739,21372,36866
823813829,20220,37894
3775856968,10069,11432,12558,12942,23865
4125556734,6733,21006,32312,38633
2593145102,6721,25931,29286,46006
389322345,2240
2725110582,6522,21528
1614007597,9864,20408,33965,40060,41492,42702
100430141,12988,38699
3336931218,5628,20604
2126230030,6692,13649
2952781385,24053
2349331980,19652,36941
928651331,6690
2405991748,35536
332969937,6675,8816,11882,19411,29792,43934
2045994095,6672,10684
2926259170,10838,16677,22314,47914
3251097669,105,11893,22369,33949,35797,41978,44460,45473
2115126345,6660
603827273,11870
33347062,6659
4092557789,28273
3843360059,3883,3976
3220957225,35899
3814355639,9691,30619,35444,42176,44383,44718
2880237048,2738,31875
1297775688,6657
439335240,14824,28929
234522685,142,1481,18141,20365,31278
200616471,7214,45090,45617
2165493839,6651,14138,14744,18169,27899,32745,38571
1042561328,6648
224050245,20659,21180
3384641504,3949,21086,23893,25650,30088,30256,31882,33859,35300,45697
2550301862,6647,13230
3596719429,6626,11860,12761,13738,14372,14462,28851,38607,44629
1177368129,15661
3447863432,6619,47993
3159476078,4355,4485
229949740,28485
3891920977,30666
1592795460,3157
172136946,6408,13197
1206893417,6618
635008897,17425,21885
2017207664,2743,21184,43585
3979102437,8726,9822,11286,12051,13964,34517,39173,40960,42090,45602
2665813055,7941,45054
2192650772,42556
1753121525,7013,42441
3911590229,6615
1519652059,13779,20137,20563,28330,43177,46131
321845584,6612,36674
2274496377,12127,28008
2845164620,18337
2352308273,38122
327814599,6598,16619,17870,30012,34041,37082,44040
4185603876,6594,24157,40109
2831804425,5114
3879797892,6591,40787
3978141664,40649
4131029229,5647,6880,23344,44672
3509269320,483,12328,27245
3081148743,7011,9777,12124,13828,16145,17414,38565,42439,46068
2319496144,6589
2685053703,4677,5976,6625,7071,8335,8825,13737,14914,20158,20843,28850,31413,32237,35805,38606
2740710755,39549
2852579705,6588,41243
3559636154,6576
1475025384,9685,23491,35371
1316085186,8801,35199
2443061932,6574,17087,33322,37118,46521
867444013,10305,13911,36956
1268949143,6569,13140
1270506486,6548,46468
3997912648,16843
70729910,10173
3336879041,18096,20383,23609,24100,27669,35986,38413,38832,42275,45920,47230
1407843669,1883,7297,7507,8387,9898,11162,34642,35390,42086,47327
1803834035,6260,12727,13049,21182,23816,25002,26102,29802,31745,32973,33411,35234,37153,37831,40661,41868,42632,44643,45923,48192
3849337573,9539,47599
2124990422,20914
2374307390,44088
773321272,14971,41110,45560
313835633,3403,7319,10881,20247,20415,21791,41918,47410
3288418276,6546,23310
1629866117,34433
2174627669,8134
3912291531,6544
3737746988,22434,27772
2739265065,12147
2248108546,6538,15965
596368906,5907,10119,12066,13729,16271,17722,18455,18692,19359,28158,29689,38934,40439,43125
1878314273,6536
3669403824,6796,19337,36703
3355155734,528
1256905704,6531,7942
1518437009,1138,1786,2136,17018,18416,28435,42745
1582061858,795
4100347649,9910
777278031,12229,15030,19575,24618,26504,30301,44595,47385
4246277025,2674,2752,2796,13503,14131,25239,26789,39540,45203,47011
2619010107,6525
665159316,6523,18181,21529,33208,37353
614010309,6502,8757,20062,37422
2271547008,24391
195016328,6501,8756,20061,37421,37932
534196576,6500,11306,16514,24136,24867,29624,35581,37931
375604744,6498,24134,24865
1234993846,24983
1024448853,6497,7779,8066,9605,17791,19558,22170,22454,24133,24864,31352,34562,38403,43072,45594
3985356606,6495,7173,16765,38134
2184389284,6490,38449,44283,46096
2823144205,9281,10423,10455
3701628365,28305,38515,38787
3792460516,28225
4088387988,1999
1912143734,2897,27610,28602,28674,28937,35121
3690521657,1418,4444,18976,22398,25708,28415,33717,34141,34706,39975,44201,44269,46217
2041830504,6480,9446,18570,39750,41741
2819698033,11201,27927,33164,42262,44107,47558
1021100033,1257,1260,1835,4610,8885,9132,9356,10379,10641,14390,16948,17926,23163,30689,31307,31708,32223,32550,37006,38758,42425,43457,43927,46212,47539,47756
3491552204,20667,36801,47730
3507425659,6479
2005496329,27475
175757496,8238,9650,12800,24530,30155,32407,43661,48263,48278
2603329312,6475
3102878687,2168,8408,46311
1257246748,8325
2024389302,6474,37594,40065
1535337342,9876,11168
4162744129,2988,6077,28780
1382376391,1185,3560,4053,5334,5746,8725,9821,10596,10726,10791,11059,11429,12050,12696,13963,15762,16562,16826,17152,17580,17919,18726,21300,28545,30883,31681,32324,32991,33041,39510,40194,40279,40959,43653,45248,45601
2260056349,6473,12318,20500,21666,37593,40064,41621
1424415747,26850
844629770,6472,7657,8551,40063
485397022,31878
2893769136,10534,17048,21468,21774,39437,43971
1805734300,30074,43284
427429992,833,2250,16111,16939,17029,18001,23335,28083,39487,39771,42185,42924,45755
2312926533,6467,8378,38140,41895
1024375627,11664,18027
1331205776,682,1223,2030,2417,5071,10261,12424,15306,15618,17298,17816,27141,33303,46295
390992256,22698
2892982942,6463,14515,16209
1039664164,11807,25480,38130,38954,45237
1281349112,22465,41527
534064526,6459
3502963575,1572,40086,45616
425435902,17,31526,41176,46744
1025799532,12132,33277,38098
2250794816,1280,29247
977211825,6451,17352
764649099,6450,11391,13317,17351,25491,28466
3223346285,14977,20112,20760,40673
4148363842,6449,11390,29306
1798505250,13663
1261662875,6445
2213275851,10494,19365,20806,23691,25300,32923,38421,38511
3941245749,97,6340,26564,28357,32818,40203
2885937331,924,8415,16120,21365,22564,30240,33878,36167,47312,48439
2289366489,12536
4208526337,6428,11555,14578,42866,46782
3911493992,8410,12262,24089,25419,25466,28114,29639,32545,34255,38678,45337
4103780001,6975
1359956120,6424
2562493569,6406,13195
2893180237,4401,13512,19766,39162,46086
525130664,6401
112113514,900,9226,9344,11024,11252,12900,16734,17317,17597,18115,18259,32140,39235
269511352,6399
192598949,27942
3057339854,21473
429477216,5927,23791,32475
1006309526,2427,17282,26721
655743951,6398,14233
192982758,33727,44509
3603134109,3379,7062
2163445015,868,6049,8987,10186,17276,35515,39906,39978,40907
1260778825,6397,14232
1700477580,6388,10088,20213,35638,39273,40112
4196686919,9565
3605232866,37291
3712575624,6446,15119,21619,24055,28931,38251,39925,40867,45001
284930246,6386,6422,9911
1583972799,408,2014,8695,9162,11014,11116,11518,11819,12508,12984,13101,14965,16565,19099,19380,32994,36595,40401,40611,41151,42982,43156,44695,45936
4198028698,7503,13055,31117,40493,43299
246148742,6371,9481,19626,28536,33711
2716376299,6364,25553,26045,30175,33402,41819,43134
1047016226,17375
3974209858,6362,12373,29064,48006
3633095872,2651,40343,46221
1710595820,35494,41524
2989289378,7684,8011,11152,12022,13593,16412,20034,26702,28332,31221,37014,37224,39313
2807020985,6360,21412,22897,24095
375222158,6349,13794,38766
1003522230,571,24361,45365
1845496810,20344,28217
437566337,16978,26880
1266353483,6271,46680
4133652135,7459,15861,16149
222417376,15263,18103,21738,32845,44476,46463,46516
3191203316,512,10905,12630,15865,19974,28979,35699,38482,38868,41587
3664013774,6348
4152989978,30751
4242176534,12178
2465414347,24725
260636433,6342,20496,27674,32820,33558,35711
2198032762,6339,32817
3478808333,6332,15753
796233146,15293
2480997333,4016,25400,48463
1956601986,14851
752190970,35013
1040864295,11259
519729342,17158,22455,22485,48201
784409280,43732
1720353778,6328,10805,32945
1663565435,6324,21252
2082784402,29619
1004160642,6321,16652
4265183798,26809
3378648123,6319
235309771,2537,7775,28004
2610634759,6447,15120,39926
1908870827,6318,32359,39920
573076098,2883
2638154755,8782,17589,39625,40951,42837,47235
699842783,5717,10346,10543,12201,14135,15261,22489,36914
195635281,5514,8941,24265
2462375437,586,1366,8999,10973,25242,38926,42221
1655890317,6312,28832
181085151,16580
3361302941,2097,3301,3437,11607,25645,37837,41240
1737766737,984
407786365,6304
1585122533,6200,30316
603118888,9193,12410,12574,28862,31602,31916,38708,39428,42207,45370
2664130490,6065,8521,21831
453368585,6303
3220410590,12098,20694,28683,38450,44284
3589604129,32161
3473027419,9361,15800,39882
2122864819,6299
3270659585,38362
1445138340,6298,38895,44642
1689850605,23349
3050623421,2376,5438,7406,12213,12569,14995,43831,44355,46722
1390427117,6297,30740,38894,44641
3468401496,47950
1643934648,6292,18622,30789
1301765705,4725,6665,11381,14004,16487,17715,19224
2965290936,6288
3797124033,47302
2595728661,45866
1107074399,3307,18351,29587,42778
2174638503,13951
396609057,46419
88725133,6287
4191041470,18275,35878
4018737570,6286,10241,17677,19061,22815,25144,26295,43433
3404744966,12063,12412,25358,28753,28864,33605,35331,42492,45277
3842612219,6285,17676,19060,43432
3357726099,7522,14415
3992783063,236
2986373985,6284,17808
737282166,3212,4108,5391,9049,18488,19264,24345,29820,30780,32786,33505,40338,42773,47029,47355,47888
2747594190,6279,10539,14809,33108
3732497638,28837
3226025173,12522,22102
3889127617,16482
3664804208,6277,16313
22752920,36072
1610496863,3519,16646
3629406997,46830
2128228556,7713,18552
391641436,44511
3485602272,6273
3956591958,8457,16291
2111417024,10565,19498,29210,36644,38542,48292
1449554583,6636,9967,15779,22869,22912,30029,31296,36166,37146,39277,43025,43098,43210
3507866112,27443
2985327397,7162
1189992247,623,13889,14604
2878364731,6266,11018
3631032639,36332,47587
3384287129,41672
3790049955,6262,8494,15076,28123,29997
3786374572,39425
3068021611,25750
2408264268,6256,19296
936134870,6915,21929,36560
1822779879,2750,17466,23526,24621,28205,32098,33783,43958,47517,48146
3673863822,27634,47528
341903514,10760,21809,27350
1181147477,6247,23656,24488,26065,35191,45121
3776319543,32791
2028948217,11106,44415
2802901332,6886,18668,18902,34011
3545376839,6331
72342003,1640,4603,7698,8805,21834,28489,32440,33614,34227
2650041048,38290
3752065932,6236,9986,18159,21562,47014
3628533022,3395,3919,7337
510192470,3264
2757925110,6235,17528,24870,27050,43229
1055045834,13936,25562,25579,29554,37330
3161382621,6232,13688,14800,30004
3319413878,25073
85349154,531,9533,9756,14542,22873,23467,23560,26591,26708,31031,35209
3126821593,4350,6147,16916,31436,32859,34548,43444
2562744915,1383,4336,8570,12498
1333483995,6230,7484,9194,17538,30359,36638,41434
1856824692,38784
3141903182,11804,38627,45082
109777104,40775,44277
2177783942,9545,11921,12101
3142279939,1760,6907,11941,29790,39805
156181008,6212,8746,17952,30907
3942620714,6209,34912
3495289552,42320
345034203,6208
2444195364,22083
1885976721,6204
478745707,7606,31231,45766
4224188915,28178
331234765,7064,11324,12538,14166,20039
4045803177,6199
819574420,39742,41129,43552
3655207991,30449
1938278545,25628,30202,38147
3310442880,179,6608,10441,12947,17401,21980,22282,22662,25694,28983,34026,36186,38966,40913
56342285,6195
234701012,1904,15825,29445,33580
2093345753,13678,25702,36092
1470540785,4099
508699383,6193,6748,8632,13905
1638240957,23600
2327200316,17955,28081
2269018816,2225,22361
967481446,9332,15516,19315,35563,46264
3634133884,21501,27418
815507600,41991
3104989242,25838,36032
38636179,6183
381479863,8428
4234092705,6180
4238040514,890,12487,20490
715017250,1296,4414,15883,19006
97355886,23978,24554,47949
2718663979,7820
3367092417,6179,28917
2054850991,13526,22577,24639,27340,28497,33999,35327,36738,43184,43389,47866
396358850,2465,4582
2091469188,8667,17708
499469448,2973,5584,9770,41836
3088579857,6178,23473,28916,34729,42808,47250
2331708817,31354,34003
1302051571,8767,19550,44018
885058989,6171,13546
565530809,13029,37954
3290662428,5193,27501,31232,37538,37928,38034
3695634538,31116
3666085705,6169,13544,34531,42814,46408
1943649751,8461,9557,29298
2544109566,6164,12765,17887,30816
1291341965,9869,10349,12758,26667
3203567133,6163,12764
2103790930,35207
701231104,6802,25162,27675,37160
3588701859,9536,14187
3458213364,23621
3564340585,7230
1054519368,6152
4272473506,33831,36097,45579
3250910943,44741,47576
1528051962,9078,30721
49967387,9813,11976,12300,45029
2827194899,3503,7078,17449
3518498183,11501
1945003538,6151,40721
600210090,6144,9066,19889,21173,26080,26508,36798,44934,47629
2436186838,42553
3736258339,1165,7771,8260,12926,16503,30469,44327
1694732767,5288,12369,18200,22752,30336,40734
1949646316,6138
3690963394,6132,6361,12886,21413,23232,30938,33354,35608,46857
2113151327,1442,3735,4219,5111,6816,6955,7526,7678,7841,9218,9990,10406,10875,12819,13524,15512,16365,16873,17558,18773,18923,26465,31675,35889,39983,41756,42912,43483,47864
2040467612,6131,8921,12479,12885,14272,16405,18127,29672,33353,35607,35769,39393,46788,46856,47546
1872545070,25471
958305720,10335,16889,31247
4141902169,30184,47990
2279155438,6123,17947,28622,32928,44769
2206391333,7801,35160
239246569,36126
3694146374,329,8360,9938,12362,13452,13629,17684,18599,20977,21265,23842,25067,26640,26993,29723,34595,34608,35875,36430,36493,40392,41537,43620,47431,47733,47788
1657044503,3245,7167,11217,13607,23832,25881,29319,31785,33413,35523,41930,43861
585082792,8867,9114,22198,22677,24299
1405476257,2146,6276,16312,28288
163293723,6119,19832,21510,41726,48468
702306609,3858,5420,8275,10962,15150,15325,17495,18300,19677,21070,21752,30887,33421,34087,37648,41463,41913,46442,47884
3326983629,5191,8240,9632,15420,38032,41189
2249478080,6115,26367
1261010411,14058
1699336270,12666,14608
1632924819,8232,32274,38070,40077
4115405801,6112,6125,30859,38156
2895327221,6109,27720,30856,37527
2070409082,2213
233238036,13293
3646377892,1147,2033,2462,4422,7768,8644,9941,10090,10140,11210,11330,11588,12137,14362,14883,15006,15159,17183,18290,19778,20514,21957,22152,22955,25986,30966,32892,33501,35003,35812,36890,36988,38943,41349,43028,43884,45859,46093,46271,47351,47881
2177071970,17837,32910,40026,42933,45454
1510913833,15443,25064,26795,27668,29832,31367,34757,43724,46158
3571403969,6107
1966853839,19319
3786682972,3398,5915
100279607,11934,14923,39158
1205802003,10762,12061,16178,21644,24796,32095,36794,44729
2339898178,13275,23118,29677,30787,35474
4233762022,6103
4191662944,10027,30851,48336
1950253980,6101,34394
1922484413,3330,18157
3357081541,9416,14976,15390,17505,20111,20759,21709,36994,40672
1549245098,2012
5736475,11848,32916
2196931365,6012,11524,20590
1139139721,6099,15906
1507232214,23282,26567,32701,35026,37579
561225708,6098
3721284831,29176
4188131497,22685,37184,38330,40294
4035759182,110,4411,7313,7964,9352,12817,15510,21387,22472,23669,25210,32718,33178,35043,36183,38396,39044,40139,40632,41467,41766,42077,42964,44146,44463
1225832399,2395,13284,25763,34544,40467,43386,47710,48091
2316773256,6092,41516,43555,46186,46500
3679772674,6091
3524069135,6086,7853,8073,9589,9908,14672,18582,19867,21891,22179,22876,24294,24496,25796,26018,27598,29543,30480,31667,32287,32434,33612,37372,39310,40568,48113
1508487726,4549,11468,13767,20360,44491
617110789,6085,8072,19553,23304,25408,29542,30264,30479,32286,32433,37813,42699,43764,48112
2616528631,6084,25407,29541,29559,38709,45012,45461,48111
694237320,26515
3561477084,25648
626292563,2904
1045813984,10606,19584
437401198,25389
3104140692,47199
3436892955,23474,25165,27678,42809
499742071,6081
1317232108,11682,34067,38697,46077
1591985025,8835,10589,21009,24602
1206895144,43814,47187
1709816796,6075,37722,39606
882117032,3176
3702142350,7368,12403,13703,21123,22175,35623,41571,43163
284597205,6074,23532,24667,36280,37721,39605
1984970844,30980,45194
2989034351,12241
1557462075,462,5627,43832,46723
1509371285,7001,18378,20711,44194
3655152421,21863,22872,23466,25272,29131,32623
2036317071,6073,23531,37720,39604
2470438055,6069,9726,31202,48237
1344594081,6063,7098,16967,17893,18146,20610
3389040310,35503,47156
3466852856,17886,30815
843298496,6047
4264471918,44984
579277252,6044,45258
2401853283,37258
3210962486,34752
1810480155,363,13553,28734
3358412102,34677
628053169,6441
314048599,2976,45206
4164835028,6043
862993208,29657,37581
425914090,6041
2897316621,287
706691127,37228,39939,40726
2687544075,20660,21181,26101,37830,42631,44969,45922
1189565484,18080,27862,32590,37774
3206316861,6038
4188275461,6036,13896,21739
2402403610,28696
1311453823,6851
1701578988,44100
3834444100,29243
818860387,6033,29104,40645
4083752144,14397
2600066089,13296
4089483755,21032,21902,40652
2392573227,3511,4941,8334,8824,14913,19939,28849
925852912,17353,20107
3901232661,458,28002
53185844,6029,11865,21095,39661
3370078805,19541
1951889123,9463
3841505950,6006,19942
2521236314,14106
267951178,6792
1754752991,6002,27577,41126
1242572253,241,2847,6992,11449,12707,13605,19709,21974,24580,24807,25879,26347,26352,26379,26883,27715,28993,29252,30989,32443,32764,33649,34208,40745,40993,41601,43057,47959
471499442,34825,44271
1436939684,6001,13491,32039,41125
419753114,6000,13490,41124
109042647,6613,32357
182163255,33982
2082546687,21688
3551149629,34505,38458,43144
1853647610,5987,31647
2444194022,41292
752221158,35919,38744
3985997399,17450
1306018369,5983,6752,9308,12583
3512782751,12042
2790699061,3824
2525266045,5981
1145064906,5980
1089313483,5979
1264846717,30188
39981523,7474
3755111059,1292,1711,4154,5610,15087,18907,19186,22307,27020,40306
2447909547,4063,47238
4042889729,8994,14334,15130,45646
2082179590,5968,13278
2228812096,29553
3157201863,5963,8279,16573,18787,32244,33102,38620,43040
3877372206,5960,9052,10594,11022,13660,16570,17014,17072,17315,18010,18616,19157,19545,19837,21068,24938,25238,26740,26788,29761,37248,37985,38544,42190,43651,47934
3006597901,5957,7846,9489,11850,13657
3221017496,12699,17724,19816,21776,23278,26803,26983,36531,38936,39655,40700,44446
2200926974,12167
909146377,3269,4458,23105,32698,36598
1408781046,5954,9486
3087470820,10277,19657,33156,46827,47050,47679
1385186668,5934,30167
3142482726,5930
1942085838,45067
1317368474,2052,24858,26934,36016
3884652400,5929,23793,24644
2600785918,17049
903181033,1974,2112,3208,16711,29603,29912,42269
4114001816,4867,28186,31464
190829214,6852
639898528,5918,12660,35434,45209
760008786,3643,4328,9086,12465,15524
1518531701,34188,37356
1293745584,5916,5986,7999,14624,16694,18981,21186,22243,31646,39922,44852
1551332131,7981,41863
1471379301,26821
3702509070,4978,11150,15588,16410,18885,20053,20173,21348,25728,29113,33627
3842460984,14798
1227247950,5374,36727
22380783,29073
397238528,5899
3290487998,5897
1589326368,1056
2276253155,1256,4609,7321,7737,8884,9131,9706,10500,11378,16947,17925,27528,28295,29213,29738,31929,32549,33889,37005,38757,41449,43147,43926,47538,47755
3590703759,5889,12839,16505,17591
627774895,8075
175683730,27108
226269069,16997
4193039168,5886
2388316278,194
3682575737,23920,37552
501549033,4792,16526
2099346243,15841,25402,45801
933759085,5877,18632
1807310283,1340
270091483,6734,30118,32313
1866523225,39966
2864034221,5876
3369595930,5868,39179
2420264082,5664
3958935271,5866
2385107557,30505
2787971989,5864
3382473400,27666,46371
1077930500,10054,22664,27279,29725,36416,36495,38009,47083,47336
4005591871,5860,10258
939409422,534,4006,17900,21406,26406,47779
2304364914,31173,42673,42994
3421252055,869
4029481721,5849,9983,42653
2730417010,8245
3703930126,6059,11008,17084,18326,34121,45835
132332349,5834,20328,40849,42297,43893
2186184827,28111,33603
990719138,3258
1490580467,24453
3237388742,853,3518,4702,5623,6746,7603,9233,10691,11597,16398,18876,45874,47476
2490269558,4011,7930
366825428,7947,26424
520837296,30355
590976117,5827,12494,29080,29341,32793,36836
2691852574,5826,12452,17222,18398,19116,20272,22524,25296,33188,33766
440543695,18414
4229183946,3059,20132,46588
2851676524,5822,32635,39476,44197,46890
284790566,5819,6434,10471,16380,35393
1675311013,16103,16301,31191,34282,34870,38317
4218910304,45309
2057576473,5701,16692
3369117756,11173,15296
1127501709,10221
1295902071,4259,10396,10706,11537,36947,42707,44304
1020807322,5804
4060429660,20686,26040,28735,40321,43466
861266548,5803
989461522,5802,17532,31004
1434392674,31653
1095163445,30137
3846669420,5801,17531,25331,27449
2589181456,8544
2690992472,42166,44936,45655
417403936,9615
2612709924,21726
368397911,3622,16078,32002
2557943291,5800,37934
3765599743,37293
1714685092,32063
2373876903,2984
4185121663,5790,7056,23967,38006
2482662924,5784
1858439507,32036
669254241,5777,39669
43082009,5767,6496,16766,24863,28270,34173,34229
2745919076,21230,32996,36401,40613,44996
2819683030,41298
2247376912,7445,11714,44495
2288631283,1570,30408,40084,45614
919586788,23069,32603
4248372405,5762
3317216814,5753,33948,35796,41977
694193107,29610
1265534663,766,3842,30387
4069836228,16587,22097,24290,27272,37203
2547929885,5751,35794
3645370064,46340
1698413145,36869
1123588426,28477
2055700839,5750,9525,25766,35793,43608,44158
3662827330,10966,32896
697914400,18946,27460
742655693,5744,32349
3870269736,5741,17861,27178,36968
102401667,5733
1694990180,3708,32927
2017275624,5732,15519,36210
3807673230,8492,23590,24783,27233,28527,28871,28959,29140,29995,30032,30801,34190,34326,34335,34347,35521,36351,37237,37711
674805892,9176
1916367133,9961
418611094,5728
2523412675,5727,6599,11945,30013,31241,31792,39783,42916,43786,44611,44841,46725
803752623,7174,13604,21859,23351,26351,26378,28815,29251,29256,32442,33324,33616,38135
122221262,5723,17428,31820,41475
3522781805,6981
3641809926,18107,40718
3830315536,5713
965296724,11811,24542
3040471107,32968
3779145870,5711,8837,10569,10591,14393,14843,24604,26616,41606,43365,47051,47680,48327
3746828376,37660,39745
2505678431,9386,11461
3818560814,20313
3917657444,7796
4268981346,5709
139965078,1717,2770,3410,14385,18851,20594,20935,21190,35143,35680,41262,43382
1047309760,5722,17427,21887,41474
1856362155,4114,7165,13104,15845,25335,25448,27975,36573,37495,38207,42140,42202,47458
2636667785,5706
2284579504,4139,4217,4292,9964,13442,15889,17379,20146,21682,22289,23214,24061,32059,34180,34839,36164,39839,40779,42910,43023
2224890347,5769,18313,19371,22245,30295,30782,42057,42775,46036
2256610087,5705
2402662648,5703,7943,43587
3860604729,5696,28359,28448,44089,45089
1723431822,24826
2181307094,9656,37078
2057789764,9757,18184,23468,28879,35210,47808
4210494224,5694,19121,20494,27064,28201
271170530,39041,39061
302982459,2888,5383,12923,40609,44693
743206065,5692,15178,20171,20570
3548757244,30115
1814951809,5690,32487
543234593,1458,1912,22639,27009,32778
161671464,33952,38152,47049,47678
3253332084,28773,39458,44939
2854284993,5686,10969,12739,12823,18261,20752,29733,38613,40939,42848,47207
2749396423,11561
3103093863,926,8417,12956,16626,19270,27651,36169,36776,43118,47057,47314
1825992065,8836,10590,24603
2589395125,35091
2664831245,5675,10695,12162
1522151293,5672,46646
2401772429,34663,37905
628526450,39241,44278
946645740,28392
74942427,11070,11247,12282
3386282837,9085
3561055569,8716,24732,31005
4024141588,9390,14970,41109,42081
3598948624,2347,13631,23773,25521,29428,30661,35947,43018,47904
1304092129,24739,30098
1493391113,4755
2404463607,3625,12301,12376,25669,47872
3605396073,6984,12533,19646,28402,41378
23660183,42838
3386183650,26325,27021,34568,46540
1915479854,5649
4263331874,5645
1772243130,5644
4262132938,17064
3839011137,9425,17475,19731
1937992404,19144
1448228839,5636
2459086736,7535
2925881990,6253
1224273973,26287,38465
1408573140,18609,21358,24712
674177734,3226
946237877,9150
111731146,4739
3382781087,5635
3738752810,715,3915,7752,18384,30485,33586,34082,35193,45123
942569117,5633
3889060687,12872
3901400218,46342
3100932876,29709
1144264729,46130
3588871315,14038
1587479064,25556
3571211293,3777,4041
3215941520,4801
3270986240,37180
1539074875,5629,13171,16001,26331,33054,33771,34628
214543149,29177
1411062282,42434,45653
824508946,7441,8132,9055,11801,14559,21143,22726,35441,43601,48223
3171363922,5624
1184550664,20301
1094103975,34233
2172237766,28091,47485
2641964825,1512,4597,8304,8383,13483,15631,16894,17095,18889,19489,20282,24475,27739,41010,41703
1587156353,10194,16407,19823,25099,27844,30822
4174123949,29178
1095721898,5619,8098,40216
3856769272,21446,26373
4035683032,4047,11789
3893798765,10627,13759,23654,26063,26322,26474,26919,36406
2858312988,21948,24653
1571354951,12977,13261,32108,45079
3077504005,24279
4228828378,3072,48072
3559937424,14110
633780013,6104
3531921534,133,27495,45740
1703057079,2538,30563
2165500173,23784
829854972,15803
653434694,5617,40214
3818452699,5615,20628
1899419591,23476,24748
60399498,16720
4007318653,47364
1346483531,11303,19507,20941,22542,24736,26136,30201,30244,35082,37130,41956,43625,46142,47178,47827
1936019515,32887
2111874261,16748,19500,22970,27768,28396
3704939346,5003,11042,21105,29090
4151298330,5614,20600,44309
1548419590,447,1905,14857,15826,33581,45131,45318
4000252653,1901,3276,9421,9740,10120,12674,13375,13416,13730,14476,15216,15411,15695,15933,16272,16962,17336,17618,19741,19744,19747,20605,21814,24912,25532,28252,29442,29690,32447,32841,34378,34895,35382,35385,36685,39701,40440,41629,41800
1190792501,7039,8404,11342,20933,21188,24412,29464,29956,34215,35141,41698,45774,45845
2805015703,23762,25126,48346
2825265851,7505,9896,13674,22540,24734,28903
736273941,21346,28199,32437,35353
77557691,5608,16066,25061,29055,33337,36262
3204548688,39078
2288431997,11876,13324,27332
2104059929,7882
3200941413,24392
2704751348,3064,3865,4528,6996,7398,13429,16047,22411,25006,28151,30038,32005,32366,33332,36086,40887,40946,45709
1615729511,5589
3405453208,20562
1580224384,8972,32704,44451
3275426173,5585
1188922546,12892,14758
1425518946,5572,9443,9494,14886,16198,16881,17023,17469,21101,25640,28312,31940,39612,41080,44947
3202580505,1856,40875,43486,44798
1726269954,453,6117,12751,13655,14826,21508,33387,39564,44986,48466
2091811392,9948,33162,36063,38283,38952,42669,46800
2138126654,23538,27725,35660,36515,44773
2409098369,5734,5993,8531,11871,14552,20706,21164,26217,31336,34318,34953,41321
4020602740,5570,6664,9585,15172,41078
3715335434,9999,25370,28679,31770
1419144763,23869
372617165,5565,12673,13125,13170,16373,16549,16961,17798,21813,24911,26330,28251,31126,31994,33987,34894,35381,35696,36310,36684,37475,45705,46650,47891
919401683,750,10421,12593,26538,30970
142028207,17454,44849
3085789356,5563,10461
1074713638,25349
2912707628,415,824,4435,40668
1813609039,8948,11887,18461,19900,20973,35518,37718
2530495556,12792,18567
968624702,5560,35415
3969184865,18835
1691581853,6452
2521958415,5550
567985255,5549,36680
2130968429,5490
2990936953,5548,26407
2421098087,5547
1860829305,5541,40354
1009193355,16234
4020062564,37551
3342413845,5748,10598,11431,12941,23864,27897,27937,31132,32844,43606,46515
2236354052,911,9590,15957,19868,21892,22703,39919
320370195,5535,11403,12331,45232
1253403360,5531,20024,29797,42561
1651538353,40727
988116904,30327
3773055684,40879
703011658,6524,18182,21530,33209,37354,41093
1554857086,3838,4279,7055,9021,9341,13345,13960,15942,22051,23966,36480,38005,40800
2261245113,5530,20023,29796
3724095484,37737
1792675174,7979
101140041,10408,10877
2482115361,4388
1573318290,5523
827774961,23876,29329
4157910143,17820
2257992536,11451,23028,23812,24582,34337
2602665397,34195
2338124951,19370
972624831,5760,14823,28928,47000
941738714,5655,13709,14304,16229,19831,21294,22379,25778,27451,29884,35885,36999,44234,46123,48365
1387234305,5520,11134,21567
1418598763,47907
1665739133,13530,22973,35672,35744,37071
3347244221,39881
4001561852,3233,7354,9973,12851,42058,42723,45633
2659597358,966,1293,1712,2860,4155,5018,5611,6813,6951,7235,7872,8226,8588,11418,11772,11991,12072,12107,12144,13268,14597,15088,15769,17554,19187,20009,22308,25689,26187,27376,27511,32987,33750,33939,34539,39335,40307,41043,47617
884302439,2066,2567,24482,35060,43379
4172246963,7672
1198106650,32757
2555707080,442,3047,38233,40371,47841
3164245218,411,7877,11029,22421,30422,36767,38750,48367
3391201325,32044
192700884,11514,32637
475707813,5513,8940
443197511,1801,4157,4578,5035,5229,5329,6953,8590,10525,11503,11993,12074,12842,13811,15090,15383,17556,18036,19171,19664,22658,25289,25691,26493,27384,30027,31851,33941,38673,40021,44289,45031
573359842,5510,8353,8527,14739,23145,36887,44084,45693
3499528158,817
960135242,11712,20151,20283,24476,29034,35544,42245
435985420,35490
476901167,32816
503763937,717
4132449063,2583,42294
2268326601,10074,16678
1270046944,5509,23144,25186,36886,42206
4026487338,10341,22764
749866979,5505,24441,39178
2732672487,5496
1595297099,29727
4224757481,12131,28191,33276,38097,43153
219951939,6060,11009,17085,18327,37116,42175,44469,44717,45250,45836
4127705667,19367,20808,23693,34494
551988270,5495,18125,24091,28065,28788,38063,41771,46990
1496706983,27728
3134346272,10915,12852,21889
1578763994,14780,32915
3182993884,27192
3720711992,5494,18124
2311132114,35962
1317620920,24474,33237
3138636322,4500
2652327852,5879,8223,37899
4224515823,24213
3369302909,12791,18566,36640
1460634683,5487,7575,24434
1838172645,25739
634959053,16609
3923649013,5486,16723,20438,24433,38378
1858776739,25674
2615199936,2458,3026,42820
1777468661,14568,15929
629504821,39442
2848804770,5485
609707265,27480
2247886380,26933
3008308419,5481,9406,10394,20446,20677,40846,41820,43135,45565
2899645226,2708,10704,31175,31258,34795,42615,47674
1579848786,14879
367437746,45299
1119608562,5480,20445
3193539204,23638,47394
1522062789,31512
2134075854,10062,28767,30457,30623,40164
2042749815,20370,26435
2571507036,1310,2393,3605,3653,6416,9137,9254,10375,11914,12401,13006,13098,15606,16676,17126,19516,19880,23502,24765,25761,29788,34832,37022,37169,37698,42583,44816,45184,47708,47913
2426746043,181,35877
2845715284,8929,15288,25581,38292,45803
4052578494,34109
2991319137,29812
3008375068,27461,39784,42917,43787,44612
3208830456,5476
1760657320,5475
320785886,2212,44453
24950460,21540,24193
3235357872,5474
910525309,25634,47196
1586991552,5467,5602,40871
3148413237,5456
2301218468,24127,26520,37970,47305
1897839916,6898,24483,28316,35061
2931195410,10292,11947,47657
452568611,2040,17830,23850,28133,33872
1862734589,5714,15568,17159,22456,22486,26681,30246,41544,47180
1485606768,34397
1386034577,2633
3314114344,5454
3392917099,9379,41436
2999679564,6114,6127,23766,30861
2404444281,5453,10991,12204,36716,40029
1092858335,22939,42404
1799850453,10583,31068,37746
2596625639,6980,26712
2922099991,9043,21865,26946,29133,31238,33211,35153
1785608675,5447
2429838560,1751,3867,22317,39066
2804149495,5445,29031,41746
3326956579,5437,7405,12212,12568,14994,18252,43830,44354,46721
3153718430,15622
2995356617,5436,7404,12211,13396,14993,15221,16899,18251,46720
1868366774,6875,21258
3829828081,36056
2471123520,5433,7573,11592,18506,18713,43753
4126809185,35149
852920653,3928,9317,12446,15939,21652,23521,41001,44170
1689803267,22006
1022269859,5427,6700,12155,20858
951208427,24238,25710,33700,35717,39093
2555995448,4775,5274,7652,10899,18241,18575,21248,35898,36007,43639
4214898923,8099,41186
1036017845,9780,13831
3889859185,24124,45466,47951
1585832887,46429
4134207568,17038
3212043377,5421
131822162,7730,41706
1465688597,5412,6022,17519,28384,38551,39288,39390,39659,42099,42546,42597
3762183085,331,29953
2012719825,5406,15198,21457
1239191826,38818
2366265068,5405,15197,21456
329097302,44371
2934975195,10946
3335609297,45256
3540830957,77
3628167092,5398,48407
3250969753,4456
3980811022,1454,23287,36529,37643
3087479593,5396
2999326800,12774,18177,28283,31788,39450
2282322195,5671
4006906480,5393
1034124113,16788,27580
160287202,13734,14326,19353,34291,35402,39434
832528423,470,14778,16257,20960
72848243,2877,10770,11998,33713
4253577064,2841,32574,44401
1560955730,5392
3527771001,5380,44731
196450288,21698,25574
2135068278,5373,24311,44955
3915954058,4848,6066,9788,11548,33898
4060792202,5371,44953
1679523258,41341
421781939,8306
4107775736,1822,11906,14982,17575,26157
730542145,5367
2972391978,5364,7177,28818,29015
3650246517,41974,44321
2585819887,10321
987471526,583,18305,31965,35418,37266
1231514958,40720,42678
755981911,2265
3146428495,5362
877762585,27919
3015814784,10239,11572,23218,25142,25706,27808,44199,48401
3720486301,5361,7146,7244,8352,8526,14738,17545,35031,44083,46380
4198882001,5761
639480399,2887,3723,5382,12922,14117,15983,21604,28372
412219270,6454
3840802114,5358,16308,20289,30504,41594
2492287372,1215,1329,1810,9410,9619,9670,10799,13371,13514,15609,18765,26155,32518,33767,34243,38061,40231,45953
162510736,3334,11268,14668,28265,30273,30531,32730,34422
2949153422,5783
1965866044,35211
1360605421,238
4151942843,4905,40134,48024
1333718689,17835
1960673432,5350,22680
4259732395,34390
2858490216,32361
1873407105,37787
3745990460,37376
769736333,29144,39227
199996335,33594
1624152361,5349
3981127385,12490,15626,24429,25558,37326
4049277145,32703
2575255856,7195,9932,13145
2266136074,5343
1953729164,5337,7563,21124,23322,24225,24759,25029,41824,46196,46628
229791750,5326,19065,26299,36381,39018,43425
1346057007,27887,38435
2196899901,5324,15191,28421
473848377,5322,40806
1502610590,3063,36085,41845,45759
3546481797,10866,25111,37134,47120
1375711412,3104,42167
2021182395,5320
1081543408,23346,31532
2513650374,14039,40703
2254348697,5312
1829168354,272,523,4790,12609,16225,22595,32246,32595,34050,36051,38848,41404,44035
1543286148,655,38116,40244,44136
66990568,1539
2348025331,5310,33379
1317237331,9246,21628,22632,22902,39964
1499493710,26854,29722
439670423,32523,32754
1168265513,25508
1205143691,27576,46203,47072,48137
2078136112,39933
325908317,4141,6607,10440,12309,15352,15671,17400,18230,18629,21000,22281,22661,24145,25693,28982,31270,33943,36185,38344,40912,42473,44119,44148,46942,47624
1949036772,27503
3862158677,5184,7222,8566
2920659307,13025
1332079919,1641,4604,7699,8806,15685,17088,42232
171428313,6139
584131667,5307,46957
3967093699,24972,34921,38176,39821
214397415,4372,16288,23859,25343,33741,37759
2541914500,5301,27484
978468353,24704
3153658661,5300,8585
882072608,5013
3238701337,30608
1979711428,5297,7478,13457,27853,28023,32104,42409,46956
2070093655,16607
2733295602,3286
4267622477,12503
1969634680,18936
3802459553,5296,7477,8887,17928,32552,40088
2389157447,8755,10293,20060,37420,42755
311095262,5290
315544239,91,2431,6836,18375,26765,34719,45285
1216539334,1307,23450,29363,34949,35000,44533
1524294673,26707,31030
3260946349,5285,17649
3925901240,1133,24128,26521,37971
1547286501,5284
1138642379,4352,4809,5814,9088,14162,33141
2824237427,13151,13538
523074866,5283
2595165920,16303,38691
1819487370,14527,19132,46891
2711048568,5279
3251072916,2845,7690,18310,21766,25717,25877,31159,32803,34019,34503,44601
2330790071,5043,5958,7847,9490,11851,13658,16568,17012,23647,36376,38172
1523209041,18282
1076682968,5271,7101,47802
3236852991,733,40352,40591
1096288665,6478
197836606,29381
4090348840,3230,4833,7512,8341,9727,15483,19047,22967,23564,28095,29280,29650,31203,34148,36931,37121,38307,41355,45301,46524,48238
197900871,5269,5604,5950,7099,16062,16968,17645,19733,20865
151735836,14023
1107060767,10816,20276,22416,30892,39222
3265196857,1113
4166963337,7803,18246,24778,28699,35162,35344
1751203428,5267
1303973412,22609
514847267,3900,17383,31654
1368156569,3084,17949,28624,31398,31523
3925532200,5264
1206251312,17248
2648165117,5261,16747,33597
3415042879,322
2608840646,921,13861,30651,41969
2477495839,6373
2368103956,5250,10806,33341
1360424811,28921
2789074320,18022,22997,46047
2958386889,12197,12323,18294
2064303654,25013,47691
1601762743,11749,36198
2651068810,5243,7762,14536,16635,42768
2035377806,5234,8055
3680536217,9680,14723,22106
2805912544,5226,7344,45946
1965174909,31256
1088359015,47918
871204667,4111,15842,25403
571768326,5217,18445,23220,23957,25014,37990,47692
4168329164,31642,36075,42981
1996583460,12524,30440
1084813142,31534
906105030,5208
2527286586,14487
2417881850,14287
409400615,5207
3314807967,43173
4006003776,14447,37556,42899
1576261616,18662,37163,40662,41602,41869
3071721019,5204,5772,9189,11100,32280
627324756,38288
3432998022,6732,21005,32062,32311,38632,42395
808456104,3911,10729,14677,36312,40546
2281168128,5192,9633,37537,38033
884518441,2871,3170,16356,44539
3001651959,4071,4592,7373,10385,12510,16984,17194,45764
236637270,5188,18852,35144,41263
3056189716,5182,7793,39852
3857491392,5181
276700350,5179,11045,25220,28757,32087,32735,34395,35367,40185,46016
2254600487,47241
3044215255,4940,8333,14912,18742,30113,34164,39730
4130347033,8523,22505,28132,39695
75389218,5174,12853,12876,41876,43827
3021474135,9391,29033,42082
2454671455,22942
503560349,5170
1106037318,35212
1145380351,8218,33870,33963,45504
3472902957,7092
3301783307,5158,14754,16906,18951,24268,29396,34621,35243,35706,36394,42602,44701,45951,46355
1899845701,15441,34755,46156
860226082,9190,12407,27718,32771,45690
3215080338,5154,11740,16902,20162
3810843790,5151
2604619863,26759,27199,33218,33797,46404,46849
2754138812,5150,21014
3645767854,1806,2719,6484,7202,7274,8697,10365,19428,21485,21515,32715,40227
4210744627,19592
2848082420,1024,3384,4561,5905,10117,13585,14707,17118,17720,31974,33243,44665,48161
3820257634,5149,6046,18837
3674812328,28,1050,7386,31564,44351
4045184376,5148,7802,18245,24777,28698,35161,35343,46534
1478172062,4505,20917,23515,28514,31054
169235395,5147,18244,35342,46533
3056340973,23695
3542263688,5139,11389,19611,21395,26000,27114,29183,29305,34350,35055,40126
2159999456,2903
203758700,5135,40756
3293898116,14485,25513
3258614392,5134,40755
3541550475,19379
91419685,267,1577
3979491750,37502
1574759715,5132
1493332657,1595,11621,12386,28895,43341,44074
3694534133,862,13445
1959408143,5131,5863
280058946,4900,11877,13325,15004,19151,19514,26443,28586,36970,45182
4103093825,5117,16944,25516
2103954511,30377
3125961740,5115
2501867170,31145
3774061443,7352,26561
824401726,5104,14981
4269321917,5101,45588
4057996467,26486
2873420013,5092,22653,23026,23209,24525,28889,34169,36882
1012190802,1007
3619858360,5088,7910,10195,14887,16408,19824,25100,27845,30823,32565
771222647,967,8227,9318,23522,23868,24707,25227,25735,26188,28102,28276,28339,37086,39243,40270,44171
458981723,26769,45383
268830225,33703
315738033,1300,12603
1110395753,1195
971163915,5084,7590,8479,16660,17167,28140,31193,38067,47470
3823583022,17250,23369,29518
1569693795,5083,16353,16659,27348,30812,34438,34472
1167508106,5081,34436,34470,39054,46310
3072875172,2428,19206,24877
1509436252,10599,17770,37040,39618
2765343908,14176,17200,33722,40332,45678
274713726,5072,27142,28154,44523
1741311248,10150
1620005548,2147,11407
2865641190,5066,42630,47852
1807281884,8956,16812,35107
3829251579,12632
3868567362,5064,47850
2274325407,5063
4285349828,32372
2408648881,263,2780,7192,9184,9354,9966,10529,11121,11505,12643,15778,15901,17078,19665,20557,20599,24575,25139,25292,26113,26210,27387,28840,29274,30028,31619,31739,31852,37145,38537,38674,40635,40856,41469,41768,42052,45033,45173,46932
3360537919,5061,22000,33308
3776826760,5060
3324873179,8384,13484,18890,41006,42083,45792
3484726452,41533
823196971,16121,16385,19801,40954,48440
2683261175,5046,18701,20931,21505,21535,26334,28915,34728,36903,43532
2531045336,1339
3608793372,5724,5771,12895,18315,18350,25183,29586,40049,42044,42777
219573134,5039,17032
2013345579,12730,23705,23923,31394
2260219799,4974
4257967793,5032,12043,19635,27381,31848,44286
3470080281,9784,9958,13835,18101,28494
2219239522,619,10348,24036,31586
1366584355,3467,14794,21648,29776,31760,35067,40040
3308007564,3799,5974,6439,6623,10532,12440,12994,13735,13982,19354,20841,32520,39435
4182744185,1053,9717,21488,21737,24035,27551,35800,39321,45568,47021
1546769165,1989,22615,27104,27647
776390713,5029,10205,10417,11194,13088,19639,21718,25212,30649,31845
1464693972,34993
160410091,5026,9953,11878,13326,13411,13784,15005,27780,28587,28949,31752,32980,37273,37621,39108,39760
3444576396,1924,16352,16658,30811,42208
309614019,5025,5538,9817,13410,18872,27779,28948,31751,32979,39759,39826
603160180,34929
3527474740,5022
912138831,44709
4045112356,40880
3922879455,15345
1106851420,8047,14691,26999
3133409636,10979
3409463827,20501
3113870533,5020,11774,19976,35854,38484,41050,43668,47046
4088439770,5017,6950,11417,11771,11990,12143,15768,17553,26186,32986,39334,46539
875427961,5015,5639
3390612119,5014
536825530,26072
3456502257,21575
4212528570,7228,31453,38245,41249,45988
3805746113,1424
807321155,2654
3039617342,5010,5910,19950
346821687,38850
4001824595,37595,39073
824190258,10914,15979,16833,21888,34252
592758155,5007,9369,9420,14475,15694,17335,19052,29441,39226
2188645517,33266,46448
324772292,11296,11632,35128,36331
344137193,5004,29091,41472
3992601115,1326
3057145240,4923,19510,21724,23258,27757,33198,37541
283952545,6555,6676,8817,9441,19412,23094,23455,37255
2817861190,23641
2525995266,4162,4904,23918,40133,42129,48023
2146227675,12247,14301,16197,16880,21203,23606,31939,36660,43139,44871
3650396622,16238,45829
3695420681,2239
312209276,4000
1889227150,4995,19341
3968928568,4993
1780812768,13235,26588,31234
2944841339,4623,31462,43536
4073303299,3611
462330067,6194
2809716310,9006
3195342725,3336,24837,30275,30418
3637649408,4992,29244
3395765635,25206
1119756395,4983,10619
2129749255,13895,15721,34800,47874
2706734077,3304,5201,7415,19106
1351165290,28478
657319381,38325
1401440776,9625,36305,44183
3367376841,18435,30798
2800456717,3209,29913,39539
498463982,30065
2471857977,7729
1027025483,12189,18204
1353803015,4980,20139,42800
2320369956,1471,2464,4581,7571,11590,17306,35989
2013308976,2932,4636,4919,8661,11310,14998,15565,21810,23389,24235,27351,35395,39714,42659,43270,43369,43675,47931,48242
3772917550,7572,11591,13855,17307,18505,43752
2777735466,4979,11151,13592,16411,18886,20054,30776,39312
3632104452,41674
384690277,2186,21276,32709
2152605442,16141,19752,40487,47898
3975402261,33030
4282411807,2580,30051
2859538267,7692,19788,21676,34174
4050600071,10608,11155,12374,26049,28617,28686
3175736638,7784,19518
1275101375,4972,16125,37275,39650,47743
201549508,12176,14764
1677665304,12747,14832
1319259399,4969,7766,20125
1035121409,3046,20783,30947,38232,40370
2459889312,3265
4112933080,44903
3392394174,39498
701984502,4968,7765,20124
2403336775,39560
3520071783,25473,28160,35533
2998124306,8328,15072,16222,48311
2177502973,36160
184538341,7564
3705769794,4960,9101,13339,18366,23969,25802,26856,27799,29323,34070,34764,35006,37337,44560,47377
3645401296,6722,21495,23342,23461,25932,46007
2617315723,4955
907902872,4952,44410
1001600730,4951,13686,44409
2843971400,45176
9135056,32076
2248818255,1475
2467258453,10987,35979
949526683,7239,16993,18955
1908188549,8193,10798,29079,32517
3354204025,4946,5648,44673
2079799107,23174
771909638,4944,7835,8093,9203,9242,11187,12837,14796,16156,17613,19456,29042,31762,35069,35339,45534,46290
4173547981,28228,37091
1180508430,1698
1053221691,749,4554,4674,6847,10420,12592,15084,21771,27871,34247,39074,40124
2954453784,4935
1522598540,2715,4617,10472,19160,24341,39374,41745
2777021112,11528
2279500030,28637
92629218,4932,8041
1166286148,14204
2228314005,1976,3752,7057,7850,9100,12290,12547,18365,18572,19413,23968,25463,26388,34763,39867
3848691715,4924,19511
2351556655,4922,19509,21723,23257,27756
1816979907,589,2198,4339,6134,6558,9572,10932,12916,13566,16427,23040,27687,33852,36039,40933,46258
567501406,23136,28731,34552,43816,47840,48130
176422987,11678
2273335674,1484
1242135408,21926
730739510,47155
221620061,3397,5914,6530
1728390585,7008,12234,45101
1246479722,2318,22404
2240235123,4912,5187,10103,16160,19465,43842,46416,46928
1950833084,2045,4872,25804,46509
790533478,35213
1457527060,31838
3070938444,5707,11582,39345
2825688349,4903,8151,8507,19057,23917,31430,32676,39535,41423,48022,48183
974726391,22830
382695334,10094,10299,13075,35311,37470
3370342092,22742,34809
1117545370,12986,30516,44697
1796762155,9038,9280
4290668304,8693,43945,44049
1353569910,32197,36104
3869968809,24578,26881,38652
4148274818,10113,12788,22688,25416,26403,30706,31970,33903,37135,41344,47062,47121,48103
862132240,33828
2017617754,2088,12187,18202,21342
32471090,3074,18479,25934,48074
1189508916,16579,20674
1344633860,4896,12970,17237,28049,42545,42593,43182
3044602890,1762,10011,18754,18775,43064,44666,46119
720825258,38347
1066898927,4893,9622,13934,14011,15677,24810,25823,26964,27184,28286,30181,34237,35611,37429,47652,47987
280518031,4889,28824,40983,45397
1026703526,10211,22096,29522
2325160346,45634
1389164414,27085
3383268805,7978,29292,43568
1139404918,4883,11410,16396
80883295,4878,5008,5566,5908,8848,9370,9469,10549,12476,13126,13680,15168,15201,15764,16550,17438,19053,19756,21659,40196,41307,42507,44023,47892
210009388,4871
79571077,15188,22805
1877446547,4870,18939
4009012691,4865,39516
4096666773,6387,10087,20212,40111
2254337293,1376,3684,19272,22233,37052
1296173307,4864,41740
4275456606,36737
456856012,29969,35827,36377
2173387015,10100,43839,48273
3498693402,32895
2327926485,26959
3079544219,6111,19629,27722,30858,36512,37529,37860,37923
2647693443,4861,41737
2744321581,4860
38040909,4857,13463
1653247110,31609,38099
2415601858,10002,13926,27372
1735361421,3394,7336,17186
3936000669,4847,9787,11547,15955,25828,27423,28130,28538,29875,33897,39917
2057367942,27033
3411680419,62,22798,23152,28594,30473,31087,46602,48288
1709163585,3947
3354434377,18073
3207897324,14238,31912
1356152761,3645,6295,7650,12656,31349
764606289,4840,5637
1231152014,14997
280703128,1226,6872,10468,13135,35920,38745
753860617,4490,8511
2364495753,4839,27944,32678
2735892385,4838,27943,32677
443317993,47578
2755019123,11952,32023
3241919084,9532,27124,32047,35208
2133864836,45663
483373493,1547,15180,34307,35351,41722
3449289386,4834,8342,8838,10592,22968,36932
3253289605,17053
1487660142,9434,16295,26889,31665,44686
13687420,27040
1533524825,5600,5776,6595,20987,39668
1062415102,4098,6042,8063,19197
72697153,4830,8607,10160,11338,11710,13582,14601,20149,30901,35542,35687,41004,43476,45790
343611351,26903,43096,46396
1494983091,26129
2085816650,4810,5688,5815,9089,14163,35803,38604,47139
4072152693,5128
3200166374,9859,13316,26415,28465
2520644786,4806
1766363357,24110,35733
516961786,4805,43758
3909705487,19619
1493984137,4802
3953580574,2957,19178,37148,43212
364850375,4800,12532,19645,24148,41364,41377
54314548,4795,15210,28183
2831331535,3621,4705,8516,32001
3765090088,15290
1461716811,4793,16527
1671724915,11541
406929045,529
1055640370,6987,44029
3049093625,9244,19259
2028639669,17792,18671,21842,29822,34563,37188,38334,47294
812758722,8802
440824446,4789,32594,32805,36050,38847,41403,44034
2521392448,14612,39993
2621663031,19844
1151112742,5048,48064
705062230,4788,17896,18810,32430,36049,41402
1372665971,4787,17895,18809,32429
3556221627,4785,12901,16061,16735
2133217830,46243
264723478,7123,7742,38263,46908
2944977298,4780,30529,36686,47929
204824805,1433
2357728011,3081
848220279,4776,10900,36008
3776655586,4774
37074855,4773,48485
1237459881,4771,6731,27792,28635,38123,42394,42976,48483
365609721,32452
1605417871,36291
355237350,4764,6015
3693822840,25644
3354094503,8522,28131
1185508478,4759,12772,21524,23501,33432,35873,39507,45673,47912
302425360,16516
253095546,8537
3972355303,4757,10821,21594,35283,42047
2329815659,7353
1354615139,13760,22928,23655,24487,25895,26064,26548,37137,41346,41887,45120,47064
1471241734,34804
3861961639,18992,23620,24534,36284,38725
3566987649,22831,30545,46738
2689886076,4752,7416,15816,20653,44705
2717755435,3229,33681,38306
737469284,29414
474342668,9673
3309575066,249,7285,10144,10170,10215,12565,14286,19536,20983,26609,34614,41036,46029,46316
2869462751,2622,10839,18058,22315,41694,47915
307281466,4738,4786,16736,17894,18808
928286960,4737
1921572662,4736,10655,20543,20567
1349760150,10744,16479,44901
4052710854,15353
2869214514,4724,11380,18068,18578,19223,40564,41451,43149,48448
810361556,4720,12782,14524,19103
2364625270,28877,29452,31044,33640,39871,47806
2989676892,3775
531774617,4716,37628
3609938357,22871,23465
1266496147,16259,46106
2115565327,4713,29418
3224040197,6691
1531637609,22,26135,28414,34705,35740,45610,47967
2637777213,4712,29417
1348832370,4709,5086,5872,8012,8571,13594,20647,24613,28333,32563,35752
739679126,42679
841158408,4715,6959,30498,33530,37627,42538
318052380,4697,16258
1091336418,4684,5716,10994,14323,22488,41546,46224
2818082756,4683,5715,10993,22487,30247,41545
3708339042,4681,5544,11414
1642213423,32849,37915
2516925744,22511,31549
1273050963,11318
3513471339,46526
331892684,31747,32975,47961
3956207330,24153
4143128509,13507,39544
1133717593,1270
2327835054,4679
729151346,7023,21899
3835407995,3960
2514145686,3548,8108,13249
1587893699,4069
2099996320,4678,12082
3912552198,7830
2299221796,2991
750518339,26584
1484000490,9845
2661199046,1796,5399,9516,15492,16220,16602,19274,22201,32613,38738,48408
1867906747,4669,7340,7547
1893777817,4668,7339,7546,46663
2744474150,4667,7520,14413,46662
2806294234,43880,47719
37010523,5710,7614,10568,14842,26615,27814,30865,33838,41605,41920,43364,47201,48326
299143701,10067,20397,37038
1336567481,2839,32572,38602
357418423,4662
1575676258,4659
1045971476,316,15096
50183519,4655,32489,38992
1425836533,28770
1112117617,48133
3077899380,21551,29007,30827,34154,46592
4033645968,1520,8671,14512,22267,23014,25131,25321,25928,27913,29283,34564,35647,43351,43627,45997,47295,47500
2389593032,1398,1428,5491
2719226818,45619
2345198770,5379,45863
141639990,5122,8794,27971,31991,40161
2619744693,5778,39670
3740286640,15343
2449369879,4646,7952,12091,14849,15049,18593,30491,33549,34280,37483,39633,39778,40638,43774
209741660,3308,4918,11309,29135,31635,32093,33016,39713,43674,45888
1583460606,3288,33399
2116959771,10776
921243918,47406
1967334327,26973,44978
2890626061,5065,9527,34751,35539,42629,47851
2073222178,22935,38468
4836987,45519
1785482067,4644,15920,20065,27454,27586,27782,28058,30001,32740,34753,35188,40428,41891
873436032,2874
26269096,4640,21732,40417
4039849,2401,4310,4915,6505,9108,19311,22784,30759,43237,47091
1610683707,2629,5338
2164679321,4637,4920,15566,22265,24403,27352,27446,35396,35645,35766,40414,44834,45880,45995
3759135459,4634,42657
239826914,25561,25578,37329
3516030908,4632,36454,42655
1563537995,5432,11103,14156
3944682393,1505,28551
3533836248,546,6437,12832,27969
2076498843,4631,10085
3786091525,929,7462,8315,10550,17439,19054,19757,22045,33805,39210,39294,40152,40197,47893
1020099590,28956
3629978358,11670,44580
3674886832,4627,9936,10688,19879,25760,25887,29787,37021,40956,42582,45598
2926045392,11955,35513
1691347808,4268
3094384741,46379
832626025,4624,43537
1512058921,35491
3009251227,1975,2079,2113,4797,7619,16712,17021,18215,24891,26282,29227,29604,29950,33357,42270
3874165371,27239,29024,48169
836024643,4622,19342,21577,39817
645055132,35186,40426
3957491410,23643
2545936714,18915,31696,32626,34653,42734
4251666158,1135
3967774862,4600,43642
2489177312,4599,16896,41392
543607526,4588,31701
265018190,20888
4162034937,16808,23131,33065
1358639622,45141
3165747495,4585
2114602991,11036
4392359,23640,23877,26632,28232,29330,40207,40374,47396
617279903,10387
3578254361,1097,2495,3432,4122,7073,8337,9873,10147,11165,14320,17550,17805,19985,21073,36046,41399
505895805,2690,42692
2646254483,7583,8184,14574,15058,15244,37206,37508,37845,38947,39754,44058
1642167840,26810
2763296471,4584,21764,34017
781571872,3556,6895,12474,15409,19163,34516,41798
733626820,13786,24842
2441544224,15289
1106618791,3080
1827543561,11535,25494,34739
674388120,4236
2545763809,7908,37819
4037478394,10290,19958,34654
1849934556,1173,5595,14152,17737,21171,21646,26506,29767,30575,36796,36912,38623,39168,39430,40410,43549
3559960754,28570,39330
994887544,4568,9084,37799
4200368148,4557,22211
1429755690,25011,25620,26696,26972,27075,32010,34997,36463,38010,44977,47084,47106
3552411153,36687
2368314459,15567
720292111,47572
3479751928,3152,3324,10272,18341,24560
2322522669,40309
1623328873,6533
1525323007,1372,1984,3413,9955,18098,19476,23078,23973,24102,26358,27071,27538,34971,41417,44564,44862,45782
3248336290,4550,11469,13768,20361
2497366284,3973
3953462824,4548,11467,13766,20359,44490
3748928188,46552
2565148961,41681
3388710169,602,1410,27057,30904,41173,47299
2110858156,33100
3839856569,19762
3466149062,630,10567,27813,30161,30864,41919,47200,48325
914122567,4542,4615,5745,10489,17151,18299,30882,32350,40278,44434
490494107,2321,9283,10457,41990
2396917068,2986,14083
90921779,4531,7401
3016002718,3978
478865258,42562
1323591557,1169,23300
2846453556,827,7043,26006,27120,27884,36785,44721,47038
1451710261,4526
336601592,4524,10783,23128,30436,34220,37457,41916,44139,45728
2002809975,7753,34700,37013,37191,45417
1723849630,4523,10782,30435,34219,40763,41915,45727
383479994,1109,2065,5402,6711,8313,9646,10014,10047,12627,12796,14401,15424,17342,20001,23828,24481,28518,31944,33382,35166,35626,36810,39024,39208,40150,44127,44208,44607
799401035,7002,20712
489254015,6290,7533,9877,11169,14918,19239,27708,47504
2144017459,1596,1929,7562,11723,15783,23825,24758,26096,30121,32123,33122,33148,41900,43015,43114,43258,43612,47185
326751371,4515,10786,11313,11343,15137,25678,27934,34216,41699,45775,45846
3342280085,30296,34106
3440456436,4513,10784,35271,44633
784721945,14016,15611,30447,31393
762601988,40043,43516
4135360821,4506,20918,22559,23516,29387,34814,37927
2762645130,37029,45785
741494666,1325,41521
1851131782,34737
2609420223,30407
1420055015,7021,41011
3479650778,2576,12740,12824,20753,35280,38614,40940,42436,42849
3074582311,2813,17424
677341577,44258
772160156,642,2232,2398,5413,6023,9220,12304,13890,14605,14874,17520,18226,20192,39807,40470,40533,41025,42100,42547,43728,46333
428624820,2598,21506,21536,32465
487388736,4501,37857
2732668089,12382,22329,35956
35394069,2280,22009,44098
4251962738,4493,8235,12863
3256768853,29095
2628205741,21503,23928,24009,30237,33318
3404089939,5464,35635
3153202345,248,1070,7284,7440,8131,9054,9763,10143,10169,10214,11800,12564,14285,14558,18442,19535,20982,21142,22725,26534,30058,37987,40972,41035,41550,43600,45608,46315
3068027641,4489,8510
2380016299,1104,31197,32384,32940
2593750286,5670,10220
62900463,38163
159004892,16686,42938,47945
326395706,1687,8707,41797
416225187,1278
3755575970,4476,10182,14509,22919,23019,28307,28599,32599,36196,38424,38517,38789,38840,40794,43348
1814474623,9923,32454
3684714533,34962,42663
4291594634,127,18529,37613,45018
3682773730,4475,14508,22918
1463331688,1604,2529,27025,29591
150581706,27564,28471,37215,40904,45254
1634332026,17218
490517850,4470,4843,5853,7105,8443,17057,18614,28935,35119
1883361332,39394
925171629,25687,46657
949463799,4127,6925,16664,20688,24204,26042,28737,40181,41928,43583
658304790,4468
231908554,5085,7591,13930,14331,14638,28141,28614,38068
1490097083,4461,9250,16031,23203,24070,27680,30636,33745,34615,36601,36847,37763,37913,41712,42811,46840
139650398,15547,42782
4082745150,4460,27679,36600,36846,42810
1800421068,6567,9501,11214,28406,31477,35497
1023123040,4453,7159,12905,19327,24264,32340,33107
3033630729,4452,6374,12904,26396
3689274517,4437
3077130123,11562
3039711888,1264,11479,21870,22520,22628,27080,33216,47579
2398326196,14510,22920,32600,38518,38790,43349
1037485424,200,1119,2448,36563,43918
3445906270,1005
2602068261,8850,12478,13682,15203,33352
1635522661,3567,6553,19921,21024,28857,30791
3304995503,4436,23895,24949,39729
290069026,757,2953,3077,9510,9721,12742,14211,14256,14681,15125,15733,16171,16841,17969,19076,25136,25595,28973,32219,39325,45478,45541,48083
2975548149,4419,11694,32181,37019,42580,45778
896529674,3415,23080,23689,33732,34683,43406,43488,43589,48374
1393767869,4415,19007
3268973569,4412,21222,23670,24270,25211,30648,37729,39164,46397,46487,47248
1837874639,2297,21067
64230444,4044
291671592,12577,23347,31533
10913367,5573,5874,8014,9495,13596,16199,16882,17024,17470,25641,28335,31941,39613,42687,44948
1654448050,264,10155,20558,31620,31853,38398
2787333334,17789,22218
3899092128,4997,8692,10229,11751,19216,19595,19739,19754,21452,25569,27641,33992,34035,39969,40489,42287,43295,43944,44048,45102,46528,47288
3677214473,4400,10072,13511,18909,29393
2238072387,1568
3167860667,12094,12825,18521,33271,42437
3853707340,3468,9314,21649,40041
659826811,9059,45036
3498091548,6632,16455
1628568516,21884,43757
1671717823,9672,11043,21106,48076
1427149153,4399
2358946462,36342
2788236662,33861
3845265004,45234
3227722683,3504,7079,34880,35730
2197525380,3309,10761,12060,16177,24795,29136,30633,31636,32094,33017,45889,47369
3400743728,4397,38669
4055995302,10972,11230,14731,16067,23297,30223,30501,33338,34293,34463,35404
4158194660,10848,21226,32082
3835260968,25093
369954289,3018,10559,33802,47512
2314956716,8601,18349
216314948,41134
707483931,7944,43588
2104283706,4396,38668,45670
2331621149,6840,46248
3581673085,11911,15493,18525,43896
3952626647,27268,37842
824926364,46149
4099934880,9462
297053505,10448
2622218311,41072
2965797431,19631,24258,25042,32931,35676,37925
4287566964,29383,32162
705821454,9846
1008719287,4383
1097892150,22602,33182,44591
802352386,25388
824110260,4380,9692,10314,13802,19771
3814855634,38656
284348723,17346,45645
2291794528,10582,31067
2967926719,5463,15959,17258,22705,35590,35634,37950,38891,42109,47942
717620513,24596
3612360320,2933
1640543031,2479
2191114139,4375,9729,10571,13169,13406,14468,14845,15742,17731,23862,24688,35380,35506,36683,37566,43770,46649
365839463,3312,4036,31089
1865321855,11175
232549305,29006,30826,46591
2020684371,4374,7513,9728,10570,14844,18210,23861,25345,26617,31204,38308,43366,47052,48239,48328
577103477,47648
576794873,965,27375
1568815119,4373,18209,23860,25318,25344,38184,47257
248091243,7085,7102
3055551682,1394,8427,29333,30620,31612,39051,44719,45161
3200518411,2236,46966
1939653709,46115
1098759243,805,899,40193,46441
4023296483,29467
2147863841,4365,5677,11758,14289,14376
2257141220,13015,22582,22893,31077,38035
3462058558,4363,14374
1092014669,14337
3621445651,23054
20099316,13632,25522
818257763,4347,16293,33706,38285
3859923963,23046,26449,37942
1817890651,2139,2404,35375
1908234472,4345
1316151332,11075,38182
374832732,4342,28648,33092,39960,42451
2241928124,33260
2113680890,13397,15222,16900,20160
702705776,4332,17264
44238882,8752
230069241,1819,1855,8488,16367,20471,20671,24181,24353,37231,43485,44797
1716074652,4329,15525
3551538264,256,360,578,5536,7785,12332,19519,21424,35941,45233
4179813851,1467,5345,26437,28894,39120,44073
3861473513,4318,12317,20499,32584,41620
3324484715,4311,10800,22240,37490,47602
1050879781,4305,30278,32653,40671,46482
2128957066,21798
3064876354,697,2728,3180,8741,13402,31754,33808
2447771222,2208,17270,20612,25095
4143386654,4290,11792,11936,32605,37450
1702255100,38875,42165
664522716,18296,31118,37797,43300
1385691693,4282,18429
2307546553,4273,20228,34787
164957702,4264,11122,11506,18052,22291,40008,41046,44616
520878921,29585,42043
933987194,16165
2950821686,15255
3199154499,1490,3486,25069,38881
2759848942,4250
107697405,42897
2539265472,108,342,1746,2710,6511,7962,11370,12016,13158,19127,20028,20726,25026,31061,31260,34445,38487,40263,42421,42588,42617,46625,47676
1021081965,261,1358,3679,5516,6603,6775,9013,13253,15667,21221,26734,27403,30647,36212,37141,37434,37728,38028,38342,40463,40506,41222,41690,43870,47247
234299054,156
4280487719,4248
3614447585,4240,4692,5443,7379,7411,12829,18179,28263,32092,35370,39712,43673,44015
3219537329,3020,15645,22092,39025
1095338846,7028,33492
1986650698,4229,5938,10497,11509,11962,12544,16337,23949,35573,47752
2991911078,13137,32282,33246,36628,43953
1863289148,4354,4484
1293198713,5094,6806,6890,9504,22856,24527,25337,26885,31124,31810,36308,38258,40714,42142,43059
3006053781,4214,23211,23818,25552,26044,33401,40747,41818
4111625680,5422,23668,38380,38395,38910,40138,41056,47472
407520065,8162,13258,43948
1515178752,3534,42358
1526604714,4197,6943,8620,9302,9889,14169,14647,16929,18665,18846,19504,22773,27689,28118,28522,30288,33544,35576,41953,42019,44266,45328,46638,48219
3602263958,4195,7855,16117,26613,29446,31987,34693,36962
1958684222,3685,6810,11656,14714,17673,22234,29991,31138,33044,33659,34331,38956,39951,42128,42639,44051,44076
3912365928,9500,35496
2012916616,2943,7332,7655,8549,9801,12455,12840,15361,17592,18054,18075,20812,22293,25087,25287,25734,26491,28944,37085,39246,40529,41048,43480,47044
1474334991,36294
3523208381,4184,10676,11205,15434,24169
191060061,20154
644102605,2346,13630,23772,25520,28713,29229,29427,30660,34596,37257,42533,43017,47432,47903
3806065145,1927,20354,33253
494281319,21801
1943752688,11079
4275723890,4180,6306,10977,14247,15612,32015,34211,36059,41099,42029,42805,45625,48478
607358229,12117
2329044151,44530
1192095581,6611,30733,36673
2140467988,2264
4276792477,4165,9155,16423,32371
2379884973,4164,9154,16422
606140916,25481,35015
604196751,13231,45357
1032744839,579,4177,4973,7786,19520
3055210547,36333
3480878331,30728
2777922055,30496
1118921080,123,702,5196,11473,15569,15656,17160,26682,30145,44858,47181
2622567911,2068
1500064009,3388,6367,7361,7558,10586,11896,12276,16819
2907891658,5313,12990
1370187181,46988,47488
418426728,34444,44302
1835865314,36022
2824415250,4135
3355421236,38218
1673658021,21668
2888907413,48392
1794263308,14669,21875,25793,25952,32419,38359,43195,45349,45444
4094983279,8187,11554,14141,14577,32748,38887,41531,42014
2942715566,7444
3043227591,4126
1798058454,4125
2815066362,28838
1003114687,11112
134087685,41996
3624681812,23511,28510,47422
1956036034,217,29809,31861,46560
583598730,150,29675
444796320,41540
3937190637,4123,7074,10148,19986,46973,47477
3907273297,4115,28890,28960,40182
274162479,41156
1272702155,2135,16090,42744
1314744318,4113,15844,25405,29557,30129,37494,45649
2583948628,9389,41108
3263288674,45091,45618
2594132334,6543
4187137487,2919,8649,21474,24420
1034627853,2475,5377,27918,31023,32079,35469
1318988259,4109,27769
2366264493,4425
86220990,23083,23547,29700
1335163995,4741,11242,24090,25420,44501,45338,46989,47489,48456
1556741667,21272
2360439757,4097,19196
2530711608,11393
812599686,4095,6294,7953,14850,16914,19194,30492,31034,31348,31434,34281,37669,39589,47669
1808357158,4080,22469,25377,46385
3059907731,4075,8389,14405,14940,15936,16725,16809,17497,20140,20739,22133,23132,24194,31977,33066,40836,42801,43514
264294443,7426,10577,13761,25896,33300
4052228104,23781,28905
4015144190,14699
2645567069,268,1578
2285590762,21091
324621405,6040,16681
2640809123,4062,28104
4082016933,4061,5145,6391,18734,21193,26400,48446
2242068547,6800,36707
3571136652,22244,39923
705039504,115,44064
4151318882,4043,8284,31449,31962,37809
2722504386,1590,10646,12269,24929,41897,42123,43012
760580110,15328,25745
1796609028,2360,22834,26786
4243617082,30518
3810928557,2291,30071,33034
1116939757,4300,10133,36450,45060
2546004267,31703
108598441,1309,15605,29489,37697
4207863585,5074,28156,29312,44525,46728,47434
528705277,7634,20275,22415,35511,39221
2774754174,4937
2305575829,19808,29748,43128
2277357830,4042
1257257910,35869
2844911882,7675,17175,21312,41311
503530810,4038,31698
445792456,13744
2205503898,12689,19198
2644771276,6920,18474,19207,24520,43235
3653006261,12987,13337,17683,18265,18598,18818,22112,29321,30517,31787,34718,38079,45284,46418
4199081039,23393,33476,41303
2692720537,3580,15448,22755,27635,35772,47529
3718494516,3813,4269,13354
2890008612,8091,12835,16154,41487
726645292,2704,18729,19694,40998
250847597,3881
2982521881,28192,43154
2427619312,6337,10912,34250,36289
464739800,24310
349666891,4841
3676603941,6542
395919586,39834
358089879,3998,9731,11353,16994,18719,18956,27221,42542
3420613776,3997
1251896796,3993,4909,13840,30008,34037,46413
3082670994,5766,13603,21858,24862
4033750786,17386
3327015728,3986,15693,17334,29440,33037,40398
4236425653,392,14701,32042
3742904671,20703,24755,30644,33693
160053803,35,17679,19063,22817,26297,28318
1626340521,3985,17333,40397
1960344551,22767,28145
2004713107,2547,3515,3557,3561,4054,5335,8722,10792,11060,12429,16563,16827,21301,28546,30884,32325,32992,33042,39511,40280,43654
2719429878,3984,6630,9294,16453,17332,27468,35429
4107474343,20698,20874,21339
3858318938,3983,9293,17244,27467,35428
1901386579,26355,34784
110192499,11133
547726475,42514
326020218,3270,26119
3594625201,3981,14330,14637,22302,32380,42413,43951,46904
1549245226,45393,45446
3774717255,6067,19555,30710,31041,32210
1649442925,15623
319928605,2093,2389,16867,17992,24326,24632,27430,32535,33047
2467677758,3977
1386072269,2551,2815,43009
862953098,674,12714,13823,16461,31228,44425
892534751,6977
2693727987,5314,14122,28844,32482
1170114581,4880,13128
776051390,939,2657,7035,16771,45063
662663144,1778,36229
2634051213,3964,43849,47209
4173155189,28157,28804,29313,46729
897311079,3963
3124566476,4144
3625919274,80,7732,8636,25127,41708,48347
1122270551,2092,22017,28087,28610,47750
953999075,3957,7193,8792,10530,12438,15556,15902,19563,19666,23805,28662,37426,37489,40095,41470,41769,44820
1863406506,20687,26041,28736,40322
4121454710,35572,47606
137531372,11239,37885
1921741063,2254,14675,16432,21658,34627,45427
3570657865,8717,9978,24733,28902,31006,33667,44405
3770269098,27793,36559
4098509012,2895,8974
1589657540,5153
1285373996,19765,35621,39161,45948,46085,46352
3312018028,35966
2480355965,2829,10035
480956138,2870
4170963576,3936,28109
1527517837,37063,37262,39727,43967,44848
2286760828,10739
1705831593,33435,34076
584343078,23306
3875957819,3165,6025,6052,6370,9480,13725,15537,15947,16284,17279,17747,17778,18470,19616,19625,20194,20477,20509,20854,22026,25883,36177,39212,41027,41508,42571,42740,43075,45939,47895
3553938757,7645
3575894328,3475
2930820726,33161,36062,38282,38951,46799
3491590109,30727
2200699054,2999,3386,5058,12624,12913,16184,16263,19607,20646,32144,35892,39520
4186880544,3267,23645
2697171885,355,12962,15603,19581,23974,26688,27072,27226,27539,28451,29976,30874,36474,37437,37695,39083,42893,43322,44565
1512042368,4779,4821,6712,8853,9647,9883,10015,10048,10953,12797,13070,14402,14561,14944,15711,16321,17343,20002,24198,25529,27868,30528,31104,32838,33051,33460,33512,34296,35556,36811,38298,42022,42504,42841,43603,44128,44442,44608,47928
2384157703,3478,6423,9912,22570,29985,35952
2455372831,37891
1748309633,33392
3857093511,23999
569998005,11195,13089,16164,19034,25383,34420,43268
4143872848,24548
3139888153,45654
1483224730,5473
3655137160,36551
2867374016,3924,15706,16842
519064700,23882
912226196,20312,48424
595772483,996
100361242,38112
2786913364,12089
135181626,1134,26522
2448764793,12579
324870808,2900,4638,22266,35646,40415,45996
372450463,18583,22180,24497,29877,31668,32288,41750,47142
4056197381,3920,7338,7545,9178,45868
2557184250,8490,16369
4167017016,21328,34908
288247954,17966
1618768383,3916
3711686229,35132
3662909094,3887
399372537,10936
2208278097,14898,20923,37524,43495
3523011467,7042
751943226,2586,5484,37456,44138
247722733,14336
1292758745,3885
887958523,1700,2605,3143
3409201769,4070,7372,10384,16983,42346
2711214079,4182
1277325288,15621
3141078741,680,1563,1607,2526,3688,5198,5303,5642,6783,7427,8579,8777,10259,10578,11475,13762,14588,15304,17814,25897,27486,33301,34964,38659,42665
3398119875,14230,15252,43417
1427566699,8869,14557,16953,21141,36544
3850982477,3602,3968,10603,14359,25781,29965,38834,40115,40405,43577,47638
2276683225,4620
3286281211,3864,6995,7345,22410,25005,28618,39420
737768538,30326,36844,42177,44384
2559457950,3862
278454956,37602
2584064655,9950
3291981343,22054
2885158187,7226
3410575775,656,6765
3912113664,3859
4060242921,31637,40252,45890,47370
2083891471,12933,13917,18412,21512,26585
2285863513,11274
2840354786,3851,5839,17879,36996
1458037228,31605,36013,40189,40639,41178,46020,47124
397312260,35179
858160900,2154,13077,15338,36246,36870,38523,39403,41343,48079,48284
1251399547,551,1435,7597,12485,15536,17303,21119,27092,29963,44734
543336614,3850,17878,20909,29584,30397,42042,46323
1084820173,4538,4565,7262,7577,17065,21137,21319,22305,22372,34603,41526,45108,45733,45910
3282571188,5638
1021428274,1324,41520
2728669026,2939,4004,7450,14185,20418,21404,24577,29449,32741,38651,38676
2990209292,36696
3610259673,295,2459,3027,4462,8050,9251,9383,13542,14070,16032,16623,17832,18423,23204,25107,25605,26572,26761,28135,28809,30209,30507,32827,33220,34529,34616,34829,35945,35998,36339,36877,38742,38879,41713,42812,43505,45852,46406,46817,46851,47087,47109,48069
3430479120,8690,34033,42210,43293,46164
497686723,22948
399391388,1318,2938,3898,7449,12918,13568,15439,16779,18591,19011,20417,21403,21580,21760,22500,24960,29448,33864,37481,44493,45075,46154,47467
2823064336,3841,8562,11980,15249,18406,20094,21151,26279,29268,29525,29630,31409,33115,39461,43887,43937,45435,47150
846293752,3830,5698,21127
26389857,14540
1766274761,831,4207,11651,19406,36949,42709
1465578826,2121,8924,12705,15154,33822,47445
2484809965,23123
230988356,2082,6679,7751,8082,8820,14021,16034,17403,25607,26260,26819,28196,28811,28985,30211,33222,33585,35022,36498,37966,39350,41574
1996048934,1258,1261,1836,4611,7895,8886,9133,10380,10642,10857,11569,16640,16949,17927,19220,19933,22148,23164,32224,32551,37007,38759,42426,43458,43928,46213,47757
3742115898,25365,25585,27733,40250
169059016,15380
1997025529,3823
4131428858,18585
3365639679,999
257920248,5309
3941827736,3817
4123854569,6338
349056999,3814
337140940,1535
925979625,286,17982,35178
1937840707,1028,2354,3341,31324,32869,34287,48255
3302130427,16650
3006050606,3812
4088933,47760
4128298506,4364,14375
1071531735,30631
2146299595,21087,25651,35301,37064,43968
186821186,12614
469143423,45657
457519339,31316,42854
328063923,3810
3699195474,4758,10822,21523,21595,28658,31292,33431,35284,39506,42048,44787,45672
2914708296,4824,7299,12662,13722,21078,21160,23331,38747
2876881917,4798,41362
4225540663,26082,34197,36538,38876
1648215807,45777
2689985760,29651
2856580486,1478,3891,12938,23086,23361,29742,33760,33985,35694,35724,38997
1835651213,5273,38893
937334945,8168,9074,16854,23837,36752,41418
52798730,3344,4686,5002,10996,11041,13718,14325,16151,16203,17501,22883,28911,29089,33834,34290,35401,36778,39433,41019,45538,45885,48123,48395
4292656399,3798,5973,6622,6655,7194,9109,10531,12439,12993,13144,13981,15557,15610,19667,20840,24509,30446,32519,47759
726965714,2705,19695,31826
3537383863,31454
553881238,2590
1133365367,28918
3787291366,3795,19620,28020,33542
3816213980,37902
447184112,35924
2883174643,4093,15031,28752,30302,33104,35093,35330,36741,42491,43911
1643520431,29165
1534604109,11628
2583076357,4680,5543,11413
827879410,20306,22079,46011
2347952308,7031
2138522296,434,7669,19078,22254,39327
3189098108,15038,22687,34301
3790776582,12099,25045,25656
4172442579,14024
4236052076,3863,19763
783697717,4218,12818,15511,42604,42911
3173748429,2952,5725,6961,12896,16170,18418,20241,28437,31591,33532,42540
2971484224,7641,15102,16767,25719,28245,30342,34021,34126
101827062,3756,3802,12443
565222480,25056,29531
3119164992,3754,14370
3223485143,29617
2681808311,12104,29595,44782
719836790,30910,35571,47605
3539268651,9879,13277,47224
3050464451,29979,31795
4232983545,34856
3618049814,26232
982195133,3744,4408,12110,12458,14219,39911,40474,40629
809670400,30189
1282236651,867,2655,4301,4572,6048,7033,8104,10134,15317,36285,36451,37803,38726,45061,48305
2967953825,2286,12951,37662,41986
2712352562,3732,12191,20334,38963
2087367417,12469,27283,45078
1536239301,3465,29902,30429
3847910201,6476
2432730350,36293
396699473,3712,34047
3939902114,7852,9588,18581,19866,22178,24293,36134,40567
423165361,4270,13355
3163885980,4007,17097,17901
2823762732,15000,23382
723865298,8615
921413823,45343
2782836000,6366,26047,37506
2087988570,40034
2286498093,23878,47397
2409964011,3171,16357,44540
2310226118,3705,16797
2969431032,9654
1512767203,17310
4033163385,7349
1363980875,2751,5388,7120,10280,10362,11073,11250,11964,12285,23527,32099,32241,47010,47518,48147
1702570443,6919
1545336705,3696
2428667931,6468,24174,25658
71694857,21438
1106875477,7885,25487,32206,42479
3853086016,2512,14228,24231,33956,34162
488736148,3680,14183,17380,19334,22290,22473,23215,23804,24397,26904,32221,32719,36165,36213,37025,37435,38397,39840,40007,40140,40507,42965,43024,43097,44819,45480,47560
3914498220,36093
186922572,29430
2074611048,1663
1697831281,421,6363,29065,48007
2827854188,754,5813,16023,16838,18519,33061
1398738639,3675,7022,14103,29487,44974
2602489059,9316,12445,15938,21651
2719888361,7103,23625,45222
2506772768,3673,34254
1879387606,3671,5901,7060,7688,21021,31037,39384,46276,46279
1111754324,3174,16554,21663,29507,30306,37486,38038
2240164850,21713,46961
1597436013,39478
319403981,3670,8046,14690,26998,39383
2812066775,1507
3226418412,22613,46899
2898538382,2101,27854,28024
122277770,3665
699421641,3663,16544,18755
4266277185,9608,20777,38578
3844838039,36102
1728821344,10523
1845396977,635,1290,1873,6254,9711,17147,18286,21360,43721
3618249806,23415,42431,43900
2731149531,191,5036,9698,12055,12844,13300,13498,15385,19385,26494,36841,40022,42865,43086
1256562468,4048
1640545843,3306,5203,9188,15675,27182,32303
1752418355,9828,16240,29872,42303,45831
2586634675,8385,16981,42084
2711663839,450,1243,2646,5259,7317,8917,16745,21330,24935,27876,29492,34891,40120,40981,41283,42720,44551,45641
1634764464,3639,5656,5681,6633,12753,13290,13710,14305,14380,14828,16230,16456,21295,22380,22420,25779,27452,29885,32918,33389,35886,37000,39566,46124,48366
2374435610,312,15010
2513648585,22665
946443736,1523,6251,7914,25412,27027
520480505,27429
1182088680,2942,15360,28943,43479,47043
1534963296,24895
1884483043,27791
1957750776,1987,22647,24079,46456
1471393256,3633
1915165445,6900,43435
2313650360,12370,18201,23660,25104,27100,34637,40735,48050
2651561906,3631,10779,15562,30186
1340393918,14591
207119202,1420,30344,41676,44203
89424281,662,18274
3490356100,43567
2324038716,634
3086753502,3630,30185,47991
352300251,20090,38797
2822906724,3664,16545,39644
3419465866,3628,24164,32760,46696
148797090,47556
29135889,1315,34416
648804725,910,7696,22702,34409,45424
2970398187,17786,20100
3006399440,677
2418194748,928,1110,3765,6946,7461,8314,8419,9581,10031,12336,13487,15206,18605,22044,33804,39209,39293,40151
3749921872,18067
1567958033,3619,44988
869669370,1193,5054,9428,9431,10399,10658,11692,17643,18646,20504,36506,38611,40882,42578
268103435,617,1759,6906,11940,18166,19687,39804
3966541332,1031,4103,5788,12958,15425,16628,18860,28292,28519,32723,35167,35600,36370,45819
3934013564,24155
510762699,34455
2600397534,803,1162,16395
2093309728,4023,4326,10159,15490,16863,19699
4123471889,17419,18960,29935
4021732606,28601,28936,35120
1966172796,17189
980977493,3597,41137,43699
1005810,29637
2545115777,3596,17996,41136,43698,47723
3059435026,9381,38591
1961174568,25357
2092382702,27747,45471
2046066385,3584,27639,39967
3442086812,28758
3232685736,2837,3217,5452,5757,12203,14873,15399,22393,36715,39806,41024,46332
1371905620,3583,27638
648879027,3579,35771
2480877856,24946,45746
2855776895,46765
1767613474,1941,5499,29473,38640,40552,43995
263544332,5209
1231677028,3570,31824
1319141056,20846
1440062080,1115,23774
1543838282,3568,30792
2663195602,4189,4454,6865,7160,7974,12340,12906,13023,16315,19328,27356,31577
798253836,30556
439282399,2407,7047,8358,21098,22331,30982
3173787770,23848,40058
1014960479,1057
3085667602,12168
2992816151,979
2805622108,3541,13621,22759,23768,23907,32412,36938,37315,46674
2293836694,3539,30833,47497
1234917093,6316,8803,10449,21689,30836,40013
1578427751,3538,30832,47496
2646152753,2026,2963,14867,28524,28591
1802780730,42155
1852568842,14391,26124,30690
2456198266,3535
4195737611,3533,42357
3221910617,30272,38826,46595
1376690150,25,18704,27694,28584,33474,45163
4085550392,25323,45999
1833743351,1365,13573,37404,42220
672871498,4445,34707,34824,44270
1189507461,3058
1768165678,3529,26314,32502,40299,43908
1924801710,17187
3615411573,8243,12638,25175,41218
2060759053,6537
962520153,26938
3099730397,33428,39503,44925
1735572132,27397
2073288968,33482
2621289476,32300
3253837752,3524
3744887575,46658
827756831,26813
1522591218,1058
3559300467,496
4225972724,1251
772089085,23315
1452064197,5040,17033
2238321086,20369,26434
1727992405,13856
2080665872,2081,6678,6717,7750,8081,8819,14020,14241,17402,21266,22283,26259,26818,28195,28208,28984,32125,33136,33584,36431,39349,41538,41573
2162275362,46807
4109900923,3522,20519
1435090239,4665
4019894589,33024
2421458575,3521
2647094137,8830,13878,18562,18640,37307,48004
1993289389,44917
3281531070,5869
3143624419,1930
634905352,25577,36302
495719493,6526,39873
1562672729,5969,13279,13493,24000,41238,44675,47860
611216551,424,2424,20165,20636,24178,40750,42071
580212451,23904
4175993437,16386
1004464275,1691,6646,10943,13229,17170,18635,19539,38107
711567991,27907,34699,37012,37190,45416
4013400867,25153
2088169553,1546,1638
2244272915,2172,16855,23838,40877,41419,46948
2555123936,3494
228083538,30063
2447153988,26224
2131078204,3847,6696,7247,22727,36713,40165,46330
1457858578,21432,23058,24973,34922,38177,39822
3556033710,3491,13129
746558775,11565
3213663836,34153
3413013866,3490,22583,31078
2453883789,32752
4172003992,811,44378,46183
2963307872,1360,5660
216570360,3471,3759,40839
518954637,5542,6965,11412
1198204761,6710,8312,10013,10046,15423,19114,28517,30766,31911,35165,40922,41192,44606,46460
952699608,3469,3757,23133,40837
3448374504,2267,33145
1468875730,12750,13654,14825,21618,28930,33386,39563
3940594854,12511,16805,29851,37564,40654
955648353,41368
665303423,3461,35913,44110
3638820040,1545,1637,32906,36857
1533485787,8904,13393,23489,31719,40253,44020,45891
3858546231,26976
2826591714,3455,8944,19425
2122676736,18834,27055
1727707998,2937,8087,17418
1538173708,3445,33827
2639135751,33879
1108373056,42156
1126349239,880,2549,6096,12256,32641,35309,39989,43007,43343
468225492,3444,42748
3188120452,27065,28202,29545,40570
2383445534,1536
3315118941,21102,24615,28313
898581305,8915
1364624779,3429,6106,16377
3527545546,3424,3702,4769,5222,6705,6821,6842,7065,8545,8711,9704,10310,10661,11127,11255,11325,12539,14147,14167,16519,16533,17358,18844,20040,21401,26249,34726,46250
1502415803,35468
3181131963,37197
3334456717,14054,21588
2232466203,3408
1526974262,35747
1106449878,22851,23049,38327,43089,48370
4119218784,3402,10880,20246,20414,21790
922976041,4112,5041,15843,25404,29556,30128,37213,37493
454875207,13163
1386704854,3399
374025848,21945,22810,35257,37252,38161
2039274746,21016,24239,25711,40456
371495172,1150,18618,27251
4286056264,1142,23624
1363450079,403,596,876,2379,2697,2916,3450,4534,5053,5056,6057,8860,9228,9323,9427,9430,9807,10657,11090,11691,12027,12216,12237,12650,13187,13845,14079,14179,14631,14710,15395,16261,16269,17319,17477,17487,18318,18645,18716,18761,20017,20434,20503,20530,20545,20744,23386,30270,32142,32654,34441,35238,36505,39237,39947,43783,44824,46108,46483,48164
3763018509,599,1460,1511,4596,5920,7509,7530,8303,8382,8452,9602,10927,12173,13482,16893,17094,18888,19488,20281,22887,27738,29867,30232,41702,45770,47610
1950355764,65,16099,22750,30334
2853822281,12177
2920035633,3380,16297,31283
1898273630,20697,21338,32229
1793798244,32109,38389,39970,46529
4016218677,3147
2746275838,24745,25976
4165298848,38853
3052549975,7397,45708
2237282026,3372,7241,10065,14735,15642,16719,20269,20395,21988,29715,30047,43707,44725,46677
3955081748,1409
2877036373,2028,2965,41482,47768
983939364,3370,9730,10669,13407,16717,34902,46675
808081976,19202
4041087037,7581,39850
885903952,3367,29734,30454,41276
1098817665,36226,47645
1161707394,32966,36670
2584405964,21263,41535
3990999725,16690
1656482264,4166
4033556008,4035,24457,28327,32806,39155
1246039559,3361,8019,20174,29694,40678
2744566484,14065,19846
1374205330,13238,25273,27125,31694,32048,32624
1181358918,11578,23396,38255,38320,40574
1587137257,23644
2273590281,11049,25870,42515
3505606814,2908,8030,9887,10922,16989,22642,37692,38002,43275
4000531073,3347,4689,5369,7359,8906,12826,13477,14007,16817,23593,23713,23991,24382,24612,26600,26948,31379,32562,32767,33272,35019,35173,35465,35751,36553,36576,39186,39709,40075,41201,44055,48173
214446665,3329,20714
2774808875,2118,6669,14018,14367,24208,24469,26816,41994
1516476065,1486,23308,26222,33564,38779
1471800833,37834
1385108826,3321,18511,25156,25815,39795
3818146539,5375
1348980218,12067,13263,16417,21454,45428
3096733255,8932,39577
938301793,45069
2672656273,2615,14890,39997
1205300118,554,1956,6309,6824,7858,8978,21218,30795,35702,36621,37588,39683
1828551613,3320,18510,25155,39794
2153164586,632,7867,16522,24229,26545,32391,33954,37683,47192
1228095617,3315,6403,8625,13366,20067,24962,26116,30228,43122
2828022680,17767,27762,28211
4180977964,4575,30036
2637932247,32041
1648084158,2024,19258
951767767,2663,3430
1519009216,3313,4037,13364,31697
2653192293,3660,6137,6870,7986,23091,23887,27930,28341,29966,30030,33576,40406,43979,45958,47639,48128
2212174974,1944
1889863813,1225,3661,6871,10467,13134,33577
4010430001,2145
3330551984,25547,33920,38595,39008,43615
1151107333,3311,33396,36853
4005909826,3283,12787,22336
3301609910,3278,6714,10050,10122,13418,13562,13771,14251,16195,16702,17338,19641,24200
3609916657,3275,9739,15932,34377
800848468,1798,6902,25225,43437
2883397082,3980,13260,14329,21090,21693,25654,32379,32631,43950,44518,46903
917490405,20904,23665,27491,32789
1865759039,588,944,2077,6133,9571,23039,27686,29948,33355,33851,44547,46257
16096662,865
4287270281,14526,17657,19131,46337,47917
2123030429,3271
2163948393,1807,1958,3220,4030,5533,6485,7016,7860,8003,8422,8698,9373,10366,14027,15542,15594,16793,17432,19429,20257,20578,21486,21735,24931,24998,26255,30897,31303,32315,32716,40228,40420,41808,42125,42444,42636,42962
3692033004,35567
3837169080,18974,34640,39397
1100998940,41437
1579618027,23402
1726873569,32
3696490062,1003,12086
1558676278,7756,9123,19714,22622,29025,31071,36356,37194,39743,41130,46190
3848629613,508,707,3682,4198,4777,6380,6944,8621,10901,12450,13068,17136,19970,21985,23506,25294,30289,31741,32721,33545,39764,42020,48015
3063184418,3263,43167
458082897,2578,10984,35976,36822,39637
2571248787,25360
733274042,12847,23880
1193242354,36789
2339783365,1995,6097,12257,20339
812998619,3266
1427474843,3259
2779368324,32398
2323019954,10887,34772
1878373024,14057,25197,37322
3323683683,2476,31024,35470
577691645,3256,7298,7553,8276,18301,35391,35438,42087,47328,47885
2345735463,14818
2637305880,3253,3406,7550,13013,15850,21353,21719
1705960696,27947
540103625,21946,22811,23985,34598,35258,36001,38162,46894
132059434,4065,6197,10098
291505706,3454,15544
139763919,930,1792,2726,6562,7463,7876,8316,11131,13520,14310,19624,19758,33806,39211,40153,47894
3449964098,3200
102004004,2700,5785,22143
1414179627,3251,5159,11916,14755,18952,19032,19882,22049,22253,37171,38717,44238
1318569645,4933,8042,18192
3372123529,8595
3574416214,24046,32616
4211851735,2187
566929891,3869,7589,8478,20086,28060,44093,47469
3134361804,3243,4212,7091,8903,13392,23488,23810,29317,31122,43859
1417194711,42690
2886046883,4067,13240,13308,15341,36422,39204
3813552648,30297
3393015341,23550
2172430196,19237
2610319053,6035
378039611,22712,31127,33988,44096
773757775,20949,22217
767626894,2283
996342873,5172
2935619714,3241,23486,28297
932031371,3240,23485,28296
1445015435,23758
642670752,28823
1717488527,34230,37286
458924264,3238,4988,10248,12597,17849,33729,41947,44543
3073214482,21797,29439
2820306264,3235,42725
1892201941,20891
88617569,18800,21286
4048164161,3231,19048
2258253135,42252
2710152259,32888
1526146752,3227,48430
620634056,968,28103
4148440682,3224,4274,20229,32913,34788,44390,46104,48094
2895053016,4508,34816
2580591518,9117,38546
25235176,1551,3042,15731,17354,17823,18195,20108,20120,21133
3137955914,30459,37606,41194
3273323710,3221,5578,5755,8004,9716,10008,13219,14871,20258,21487,21736,35412,42445
3015299067,3211,4107,5390,5962,9048,16572,18786,32243,33504,38619,43039,47354
2127997347,1981,2691,3740,4307,10402,10709,11027,11066,12779,13335,16190,17395,17600,18816,19308,20507,21238,31841,38443,38477,38713,39679,42569,42861,43687,45282,46712
1488830510,386,1311,2394,3606,6417,7783,9138,10376,11915,15607,16753,17127,17442,19517,19881,22048,23503,24766,25762,37023,37170,37362,37699,38716,43385,44237,44817,45185,47709
3559821324,3457,7925,10436,16282,18355
2383108977,29379,29529,36547
1290714795,33593
947168651,1359,2619,4140,6010,7314,14258,16908,20147,24144,36184,38343,39045,40464,40780,41691,44147,45546,46357,48088
1003308862,19917,31144
2497521524,4892
287216820,4252
2124708184,40925
404446620,3206
312291714,547,10519
738081066,3204
1936672952,3201,14654,22532
539653396,1103,9982,10430,17511,18303,31196,32383,32939,36783,38262,42652,46907
1674875727,2138,2247,11730,17430,43255,43889
2470276820,676
4277668546,794,1474,17262,30726
2316463580,3197,14716,30846
568504265,40009
2351180988,27849,31461
523988138,29278
2993165115,26566,27601,35025
3908889953,3295,10911,14902,28899
1457345783,3195,24301,40132
2757760502,2468
3500185999,47763
2601531151,3188,5205
1827996025,24419,44016
168519489,20076
2963532869,4134,8745,18043,27111
1627462276,3187,5429,12157,21134,24381,34710,34980
4179930657,7833,24189,42792
2649965971,43000,45662
708075301,3637
3627391990,33311
3109004794,30681
3461601143,4613,6392,7322,7738,11379,16951,18577,19222,31930,40563,41450,43148,48447
2350510705,3184,43803
3392043863,10285,46977
2080769640,2325,8429,14339,27812,34918,36749,46759,47003
1405429842,2298,2385,4836,5397,17665,48406
3652476199,27654,47973
1750344011,27563,32697
140415790,3182,9652,10042,12802,24532,43801
284257355,18912,37574,48279
1431835445,1417,16787,18975,22100,23033,23662,23780,24744,25622,27160,28722,29512,33716,34140,35081,41258,41903,43261,46843,46983
4201067722,5113
1268821486,3088,8655,11321,22209,32235
2504008996,31662
862726075,38522,39402
4272851709,3546,7139
242416960,989
2955869064,8085
2189882290,3175,29508,34923,34928
2844126103,28796
2649711625,1721,10447,14314,15081,34388
171019435,3017,6430,10558,25946,36761,47511
1697496841,1681
2297783055,3169,4653,20169
2677398352,5472,5931,9661,14055,46236
1835496615,3168,3421,3737,4417,4652,6055,6818,9805,11662,12821,14708,17392,17485,19211,20168,38440,42094,48162
3049504698,31837,33170,40776,44350
344078452,27471
1181423972,4386
2035432020,13093,14422,20837,21743
3840122495,1094,2543,6158,7115,9239,12122,13929,15231,22020,28613,45531,47608
4285797684,3731,20333,36084,38962,39159,45758
3938782560,3160
249673499,18673,23180,26754,38336
563877937,15,1631,4499,19843,32541
1643501171,1621,5922,11448,21973,24806,35689,40992,47612
2784641612,22843,25707,27809,31209,44200,48402
57633455,1066,2120,6671,10683,18573,25464,33637,39868,41352,41453,47444
698228584,1766,4271,8024,10988,12250,15972,16086,20668,22188,25435,26664,26796,29300,29833,31368,33522,35980,36802,38856,40683,43725,47453
1863892860,3159,3189,3453,17654,29346
3001029659,678,5640,10329,16400,16540,18878,39409,44427
2047324950,3786,39270
2828913921,10146,17549
4213313036,1816,5747,10597,11430,12909,17920,40435,46101,46320
4011430965,1172,8871,21170,25257,27241,36631
525030094,3089,3800,4676,4811,5794,5816,5975,6440,6624,12441,12995,13736,13983,19018,20842,22119,31412,32236,35804,36437,38605,39453
3288772125,5075,44505,47435
4143971473,3150,3322,10270,18339,18512,22925,25157,25816,27997,30699,31444,36321,39796
2549417013,5235,29910
650609556,19017
3983050669,14801,20868,21827,30005,37790
2828923143,3149,18338
2284435137,8874,36649
99313081,24029,27760,28098,34265,43470,45451
2254324179,10752,15334,22081,46013
28692337,18548
1226386289,925,6359,8416,30241,36168,36775,47313
2431289234,4938,46306
3245642461,8007,31831
2261913156,3244,29318,43860
762134000,202,2450,27750,41143,42567,42576,42859
2182599597,31467
3218975546,3572
976138856,3141,3545,16488
1854587793,26137,30245,47179
2278996034,2552,2816,3852,5840,36997,43010
3085223984,7582,14573,15243,37507,37844,39188,39315,44057
291007490,727,7131,36486,39829
3497370096,8310,8896,24887,28694,32292,47526
908902612,6941,19343,21578,27850,39818,47309
2532866309,12601
2387022508,24627,30678
2991473392,5936,15636
1021940799,2793,2873,9439
3215790354,14730,33571,33632,37833
305549829,3128,4642,6682,7711,8739,10958,14617,14949,15064,17406,18550,21748,22182,31670,31713,41752,42280,44114,45244,47144
1027026217,32355
2867293051,5175,10849,12877,21227,32083,36650
906306367,4209,6856,30374
2097325902,3127,10957,14616,14948,22181,31669,41751,44113,45243,47143
3407581953,3123,18882,39413
18161104,46568
4017514642,31659,44753
153401575,14496
293923424,4390,30450,32270,43331
4186234090,20912
2654889608,17566
1012289061,3108
694601247,4504,20916,23514,26181,28513,31053,33194
232286738,13398,15223,38807,39687
378271112,11394,39355
1867175485,8922,12480,14273,18128
3039960955,24263
3261462797,7061,12875,19849,31038
3792273833,44578
834304493,250,18543,20984,34601,46317
2483485689,3617,7844,13288
3168325042,40805
2886801043,3102,6148,30716,43913
2354651522,12997
2922148561,21043,37364,40423,41058
3272020074,3526,4091,15112,24085,26346,30217,33648,37298,47958
4131780849,2018,42786
266515749,9741,10016,14477,15217,24913,33461,38299,42842,44129
706847056,20371,39134,42181
1901649083,1098,2496,4703,7604,10692,21074
943086790,83,22635,30549,40618
3275555592,3096,4232,6971,7661,7721,8713,10339,10389,10663,11702,12266,22077,24729,29206,29751,29855,30331,32962,35882,41872,43823,46252,47995,48362,48381
2773632759,3014,4770,7066,7707,10311,26250,28634,33083,42393
689350475,3093
951751150,12613,23981,36730,43501,47793
2492141629,2572,3363,8349,9833,12240,16305,21669,27774,29696,33427,36079,43715,44924,45849
3370608632,3948
3878283529,17752,25758
3484479108,5260,7318,16746,24936,41917
1556813887,1143,7086,43190
2213188878,2104,2592,5597,6004,6432,8719,9980,13575,14519,14899,15991,20924,32712,37690,38000,39170,39741,40224,40432,41128,43551
3635354405,15300
3521480139,667
496120231,3040,3667,21131
3519539336,3076,9576,10722,13373,17616,17915,19313,19813,33769,35561,41021,45540
3389169218,35483
1823069727,4181,15601,17089,36060,36654
1969095458,5232,6685,7171,8161,10370,10909,11422,13257,14364,15598,16459,21600,22463,24156,43030
1231564612,6693,16350,40346,45039
2429014889,1232,3161,3505,6313,12181,17937,24108,26654,28833,34881,35731,35819,46424
2361404896,963,10256,10343,15637,15910,40597
4123740810,3071
1060551963,5695
2998896677,6116
1321501403,3062,12190,41844
2856142735,18929,21304,30902,31629
619862118,2008,21638,43305
2895632738,24228,32390
1207268251,7701,14249,15687,32017,41101,42031,42234
3789820135,3060,11181,25327,29899,46589
3489724901,288
2326210670,8319,16009,21911
243343179,23355,27487,34371,34965
3361905128,1589,6689,24928,36634,42122
2120860669,826,3952,27972,36570
2846630312,9032,21040,32477,34376,40608,40967,41334,44692,48261
3174815350,13467,20603,24215
679932029,23403
176838906,27036,33349
930398440,3056,22989
2043732663,3053,36552,41200
3320277881,18171
1491387709,11001,14098,21232,36745,48475
1398970399,3092,3861,5797,6798,19339,36705,37408,42215
3186605325,2805
3544560248,425,2396,5424,8893,13285,13470,13806,16173,19409,20166,20637,24179,40289,40468,40751,42092,43387,45931,48092
3710027499,5225,7343,35842,42332,43132,45945
2634761564,3303,14031,19105,19234,32368,35863,37960
917081159,4511,11634,35269
28430224,3755,5666,10022
3686746269,33818
1617683182,664
977744686,11687,16043
3036242607,3038
2791438427,15818,22085
3763602925,6358,10262,10319,16333,16384,19800,36774
2256149536,1900,4877,4929,8847,10548,12889,13374,13643,15200,16416,17617,19692,19814,20242,22711,27819,29143,30804,31383,32446,33770,40996,41628,44022
4208391706,3031,3877,14991
3081339274,482,8685,10680,12360,13005,13450,13627,13852,16675,18175,19902,20966,20975,23192,33071,34593,40580,40767,44944
2136342392,2741,20346
1524567402,775,3291,5944,6962,9045,9160,10081,10723,11056,11084,11384,11972,12710,12897,14457,14642,14803,16924,17001,17671,17842,17916,19097,19723,19783,24802,25246,27236,29148,29627,30535,31592,31871,31937,32321,33533,34193,34329,36919,37240,38616,38771,38803,41329,41460,41555,42398
496864648,3028,7593,14071
3877301521,4885,37054
832456900,3021,3819,13645,17050,18457,30806,31684,31996
722315624,16606,19261,21741
1192015656,3066,4530,5502,7400,39811
1514911754,3615
3222002529,30683,36569
4133999997,3607,9139,10109,10377,10639,13115,13513,15608,16754,17128,23504,36395,37363,44317,44702,45186,45952,48013
846959650,6409,6931,13198
3979914710,23280
4053215369,69,32967
3586678351,3016,6429,10557,11556,14579,16941,22423,25945,28085,29840,31420,33203,36760,38101,38752,42867,43278
2071076295,38902
192398011,26921,31099
2962607534,2902
1849678642,3009
695453776,5450,8485,9597,17875,39365,39616,42366,46461
507896366,3002,10057,21615,21855
588523005,2997,17082,30432,34119,39721
3110593945,34656
258099602,2996,15548,35030
4175963133,3873,5127,6413,10318,10465,13899,13995,15270,16383,17763,18381,19775,25617,31252,36773,44522
2867910402,6124,32929,44770
2863274440,2992
291973870,6649
4254280338,2035,4085,10092,11641,17288,19252,20338,30673,33623,37468,44748
1789974530,4019,15486,22544,23261,27879
3758440670,24959,42330,46866
625184258,2410,15501,27274,29471,31704,38081,38532
1865295319,12698,17723,18728,19693,19815,27820,28159,38935,40699,40997,44445
14367791,2985
3041436168,4477
1629438554,9393,19491
1930643426,4635,42658
2669492871,4090,19556,33647,46033,47957
1390849714,43809
287899018,2983
3049160553,22449,25672,25786,34534
264853722,3590,15071,16221,19275,46136
3145904930,2974,6396,9771,27581,41837
2993004438,2967,3690,5200,7429,16389,25775,40841
1423648476,23676,46969
2354859575,10734,46188
4049613635,29622,48207
2224436223,2940,4005,6793,6882,7451,14186,16979,20419,21405,38677,42247
2986477079,2814
1369263534,25089
907508790,5342,18094,18109,24098,26989,40771,42273
1894141495,18968,23580,24072,26602,29361,36120,41084
2208259867,26470
3843392821,24622,28462
776949787,1041,1469,5347,6219,8159,15521,17286,17987,18465,19250,20375,37032,38272,41564,42711,44624,45788
1482846802,5156,8935,10512,11742,16904,22586,22736,22824,23604,36658
3313143070,9050,19501,28394,34095,47535,48268
2094138844,2936,8086,19003
2742231138,25810,36417
3633303922,2935,5928,19002,23792,24643
1256336655,6227
2580812599,11262
3129226111,12612
2127398021,23004
1117203633,1946,3595,4174,4324,8789,10157,16006,38639,41060,43207,46633
1830445215,2735,2906,2971,17509,46302
711832866,234
3622880341,158,24943
2298147337,2920,21475
823237019,36101,36689
4288988524,14150,14425,19884,20661,21224,28751,39166,43547,44970
873278068,798,1062,3214,10668,12672,13388,24222,29238,30153,34901,37474,43392,45704,46692,47890
3875172620,3479,9913,17376,22571,29986,35953
2608835565,23930,29643,31154
1706182228,8910,13799,15796,29838,37220
1902807422,8061
4160352061,6535
4062010253,2914,26143,28379
2119348435,47148
3604993808,28177
4097401249,734,4760,20127
3956137768,22947
2156480227,2336,24463,25548,44659
2748096055,44572
186142798,1518,6128,15451,26751,27662,35775
779134990,3870,21808,27349,34284,34473
1616565496,15893,39774
2211231579,5078,29922,34467
66207890,25565
4149835460,31579
2749102667,2948,13881,34248,39031,39075
1324126658,19027,42738,44312
2648486925,351,11721,26094,30372,30914,33120,34316,37139,38647,47183
4066160252,2891,8938,13705,23843,34609,38782,41812,43116,43621,45526,47789
1076151375,4710,5087,5873,8013,8572,13595,24614,26086,28334,32564,35753,42686
613492130,3636,16077
2917117949,24595
764142143,2886,28371
236405768,3785,13796,13885,15793,17695,43636
515166975,22196,22675,47810
439977476,26105,37578,37641
816518964,4333,5185,8567,17265
3635841645,8231,32273
2363775957,10703,29816,34794,44011,47673
1034275802,9449,12196,13192,18293,20517,36387
4091243918,38866
1652012185,32290,45253,47524
2236234357,28564,43523
1480540312,28717
2185707304,376,695,1370,2060,2304,2371,3246,3390,4059,4718,5143,6369,6503,7168,7363,8126,8201,8604,8758,8834,9839,10588,10870,11138,11218,11244,11335,11707,12278,12640,13608,14279,15053,15898,15918,16821,17746,18482,18768,19227,19587,19615,19893,20063,20458,20488,20853,20880,20997,21008,21210,22249,22273,23159,23833,24601,25882,28321,28424,29271,31597,31736,32171,32582,33414,35524,36766,37423,37585,38635,39800,41507,41618,41931,43862,44222,44876,46860
3635448586,2882,3918
1303821183,2470
3373181063,2881,29782,32686
2595348525,7770
1368593940,2879,25426,26670,32684
2268587022,14788
159435428,4629,19154
3606008160,5471,25439,28042
3605468413,33261,47400
2074432535,3724
3579605750,4393,5354,21381,28769
3672855592,29163
606528235,6579,44835,46823
1890728952,32310,45667
1874289965,3001,48043
303133116,2858,47615
2265268644,6315
3790661054,33239,45590
4225362367,19,1922,7956,9103,18368,23626,25359,33606,34674,37339,42493,46327,47700
1214152899,11145
4190419285,2856,6083,14862,25406,29502,29540,29558,30810,35550,36637,45011,45275,45685
2259001119,36910,47666
3814355502,774,2532,9044,21866,25135,30534,31239,33212,34524,35154,41627,47075,47507,48082,48232
1347883596,2764,23008,27683
3691833844,4132,27109,46597
1286472012,2885,28370
1998737886,375,9838,12034,14278,15052,18263,18596,19892,21209,22272,28791,34716,35097,41506
213609992,2853,27137
3720453785,21625
515751030,3319,16443,18509,20425,22125,27719,31050,32772,34089
1947152328,39892,47483
2082037993,2849,8332,28873,34866,47923
1715539859,9746,15829,16589
1433641008,41037
3581910603,26123
4159307936,31112
4094501096,2840,32573,38603
3534854630,27398,29101,39138,39145
3622649016,19399
2430417589,2716,2867,3328,4694,4782,5527,6893,7003,7381,7923,10434,10473,11985,12472,13091,16058,16439,17008,17480,17515,18353,19036,19161,20713,21883,24342,25612,34514,39375,40335,41287,42770,43756,45377,45681,47026
3568118126,1184,9820,11428,21526,23194,27965,39509,40958,45600
3227316442,8209,43664
2124801826,19026,42737,44311
1820969759,615,4022,4079,4325,10158,12528,13112,13281,15489,16862,19698,22468,25376,30959,35935,44677,46384
2437766126,20898
2822777741,19400,34554,35663
3166249015,8800,12748,14833,35198,39561
72617636,1084,37445
2270281764,18091
3467924304,98,6341,24514,32819
559881642,2832,14059,22584,31079
2654736414,7635,32025
524133163,4402,16907,19767,23803,24269,34622,37024,39163,41936,42603,44818,45545,46356,47621,48087
3144029042,11314,34217,41700
1108194171,24628
1218408646,21223,39165
3937931998,24410
1943249222,9359,10889,15798,45628
2001224431,1356,6601,7817,15781,18948,41688
2952779544,36258
3076052667,34664
2292161050,26870
565561559,34107
3671352215,3585,5050,10228,11750,19790,21451,23383,27640,31537,33991,39968,42286,46527
2497374021,21439,23885,33686,47272
1062090023,28484
616825885,2828,10034,41773
2413709995,28072
2614049354,40824
4267575303,17931,32555,38190,40091
162914577,2823,3709,25664
2275154655,763,30384,44597
1963113318,2827,15453,19267,27354,31575,45596
4049245802,1780,36159,36231
1759167577,36194
3826608641,27709
2679437499,1878,23875,29328,45841
1422827728,1588,16943,36861,42121
1075392525,2822,6122,25663,28621,44768
1019010788,27060,36957
327172029,23395,38319,40573
2665402642,2819,13428,25660,32004
2338240720,3950,23894,30089,30192,30257,31883,33860,37263,39728,45698
3291854109,3874,15271,17299
1511775293,3578,40861
3260659878,2818,6469,13427,25659,37515
2667368401,8010,38900,42799
1783601224,784,12311
3200233988,463
3553280192,2812,3554,7271,14420,15407,18155,18485,19896,21482,39113,39250,40310
1927932967,31392
1492647025,3909,4148,25680,32797
922263755,1937,3938,4186,6661,11299,15256,17172,46786
2480886755,3396
2825597423,26978
3773793035,15750,17046,18332,20156
4222066062,9498,10773,21256
1599915871,1661
778153047,1086,2185,17111,17463,21275,31652,32708,33375,39776
3815099294,26979,34826
1531378254,5315,14123,28845,32483
3285344527,10656,16260,18715,20502,20544,46107
2476942239,4074,8480,9201,9240,15232,29040,32689,40835,45532
4017132486,2800,5052,12236,16268,20088,21092,23385,33738,34440
3528751965,2792,2872,9438
2550676300,2791,9437
4098895291,2785,4517,8180,8257,10788,11345,11925,15469,26531,36457
3973692561,4766,6017,9456
748481541,5305,6785,8581,10580,13764
2032284015,4704,8515
3700620340,2769,20934,21189,35142,41261
1911335880,11482,15431,34876,37182,48153
2470235732,2767,24955,41259
3286074229,3443,3782
795447,8576,13876,17811,18560,18638,20921,31546,31774,32646
3140276312,20971,25333,29538,36635,42138
351869374,10886,24958,46865
1073190836,3573
3511265304,7613
1514822300,2766,23010
357223046,2765,22060,23009,23955
810779489,34454
3146452355,14225,25891,47419
1283795595,6433,8720,9499,18390,28378,39171,40433,46318
147216484,7829
632856500,22554,31042
483183560,2799,5051,12235,18806,19791,23384
2578108653,47568
944641964,59,23889,26780,34344
3235923796,29264,47976
1934724635,16242,24651
347700460,2589
640824005,43292,45717
2541156003,34430
991765412,26233
2051495262,18508
713112372,426,17559,22028,24976
1996972836,2756,8154
3968549659,1399
3859307930,6887,8329,15073,16223,18660,34012,37910,46882,48312
1032277727,213,2002,17569,31463,45905
644549643,2748
2587186068,35012
1261683806,787
3420728824,2747,32113,32227,36010,40510,41789,48319
333793060,24825,31794
4189410294,18867
2622039182,35851
3013580507,1327,4235,26418,38918,47594
4212712783,2746,34009
4290455016,14266
2017723291,2844,3672,5902,7689,18309,24288
1277251074,18669,18903,30558,34899
1022325056,15482,23563,26516,29649,36930,41354
2403687994,2744,3886,4749,5183,7293,7794,8565,12585,34007,39853,43586
3144193685,44573
2974950108,35969
2833130106,915,6216,17230
4128952766,46565
4116557172,45056
1136111174,2742,6926,24784,43584
1220323138,21999
708915121,5867
1237494746,4895,12969,25825,43181
565056806,3669,8045
4126835589,488,1035,13208,15583,18079,20043,20484,27861,29862,32589,37773,45188
3598091923,2737
1818694959,13092,17481,17516,19262,21742,24343,40336,42771,47027
3012497066,28453,36279
2883710006,8254,40759
2602020578,54,5985,21185,22242,44851
133858988,2731
3245541819,35856,42258
2660267611,2730,9844,13404,21686,43663
3054476700,15042
3431354804,4064,5365,6196,7178,10097,28819,29016,30171,31095,32053,35314,47239
1352263939,11019,12634,36088,39090,41696
671958989,3075,17615,39627,44329
779070770,4695,7004,7382,10474
1798029744,8078,39466,42717,44215
2525592410,15035,22898,24096,46834,47547
2519075939,7949,8323,23100,26426
3020283811,23191
2098762270,772,2155,6727,6751,7628,9307,9709,10867,14499,15039,15701,17145,17210,18284,22337,25112,34302,34522,36247,39404,39706,48080
2178125425,14042,36191,43249,43309
874175722,11644,26383
607925827,1866,3793,9087,12032,16670,34714
720123079,46604
94608488,7622,29607,46045
1725294304,2666,7457,8828,14896,15859,16147
2203650689,47252
4004612199,282,2909,8031,8436,9019,9339,10923,13011,14423,16990,38003,43510,45295
2697329045,23935
3632751916,40606
3675930759,1769,5758,33490,40686,42200,47456
3622925404,2709,10705,31259,42616,47675
4280809419,147,25947,27842,33819,36762
3754048108,32514
1908524397,3067
2182497891,1221,2415,5069,6585,15616,25773,39571
4159045084,2706
3789533490,2703,23277,25472,26802,26982,28567,29432,35532,39654
2647472653,2702,5787,25859,25914,34862,47383
1877085761,29094
2021000802,25857,25912,34860,38225,40176,46377,47381
2010294253,10562,11484,13362,16097,46227
1352482066,4587,28047,31700
707151443,239
2524391814,21963
201966695,26450,37943
465684549,16444
2226681953,2698
358189318,2128,19876,40274
872014978,35738
821026552,39500
3316449930,8000,16695,18982
2157091206,9079,43155
3107025752,279,407,2712,6829,9918,11358,11818,14928,18440,18724,19675,27986,30056,31262,39260,39988
277358525,778,1951,2864,35815
1340586231,2689,26247,31623,38820,42691,46683
1613643260,2358,23169
3527004012,7812,12785,23357,29350
2907489412,2678,3829,5651,11491,15017,19579,21290,21363,22375,22517,25084,27991,30583,33574,36409,39358,43302
923413346,1991,2148,4881,11408
3036256238,2675,2753,6686,6831,9081,10371,11423,12389,12432,13504,14132,22464,25240,26790,27988,39262,39541,39738,44829,45204
3623856953,36695
3979293815,3003,19937,21856
3453888212,9315,12444,15937,21650
29849681,4598,5103,9392,16895,19490,27740
3072228638,673,13822,26621,31227,35923,44424
68077238,30701,31446,33264
3393765282,18868
3943038237,186
699119934,521,5592
3709582042,8374,23581,23737,36121,36465
597202186,320
3362191158,2670
1267139244,26705
2138878497,46573
1544018570,2668,31657
2299831758,37734
1471718641,2667,31656
3339031263,32496
2527100303,5921,9603,22888,32947,37749,45771,47611
4064428965,3407
1369265037,47166
119264535,2421,9404
832183564,29779
3111995614,3357,12682
1423364810,3314,6402,13365
2786361195,7977
2398950160,2660,40212
4084526913,4013
2087596188,9051,11021,37984,38459,38543
842873109,2975,7799,31967
4002440302,5410,6020,28382,38822,41145,42097
34538405,2653
3353787634,4010,4361,12394
2139770976,737,10698,12165
3323627220,30750,34196
4249711576,3400
469094320,5810,20873
1158747109,36647,41885,45118
809993807,32881
767411818,18930
264132195,2650,8440,40342,46220
644899910,27273
1653577410,679,5197,5641,10330,11474,15657
1503878753,7384
1529124838,46810
3511674085,1189,8136,15506,37570,38200
2489805619,34497
1977780658,2649,3773,17633,28473,28501,40341,44515,46219
3426442910,2733,19050,21538,35459
1896954754,35492,41522
259651242,11581,39344
3406245584,10651,17283,22367,26722,36152,39142
1593850624,3425,3569,4222,6706,6822,6843,11128,13958,14148,17359,30793,31925,32971,34727,36902
1570238530,38018,47837
3556130987,8489,16368,24182
3350267306,2645,7316,16744,40980,41282
1041314329,25676
221768490,19145
547514922,2637,6172,6642,12379,15886,22326,42607,47713
3461602571,2632,20022,29795,41332
3155486752,34,24484,28317,32265,35062
2822838466,3525
1064369547,4116,26354,26381,28891,34783
1212746518,21531,33210
1011494244,9750,15366
3937262532,23056
2998132381,7472,15526,26624,37656
12740334,152
1908803310,4663,12587
412559505,26024
356186247,2630,5846,24385,36543
1192504657,7175,26316,28816,35690
1986898562,36224
2491723272,34457
3526608273,28787
1981664820,3845
2776690353,31733
1050429629,24535
1529743466,4089,33646
1019466752,9364
2365745232,34659
3604084850,4046
2546121138,3126,25328,28964,45242
1358217925,27203,36662
3641887553,23244
799999282,2616,4381,9693,13803,14891
2747776502,38049,40316
1421576529,302
2491511661,2608,3146
840440987,12068,13264,16418
97674253,18207,26823
3509387426,719,3726,10671,11901
3630842744,31440
2545972426,13389,14984,17732,24529,30154,35817
1070113848,11199
307571064,4512,4887,11635,20701,21036,33691,35270,37056,40081,44188,44632,45395,45448
2132650420,3711,23927
4288583538,20072,34823
3312526718,2611,26910,28556,33469,36502
1582496655,11459,12954,18084,27627,36665
1523641393,23047
2244334809,2868,4783,6894,12473,16059,16440,19162,25613,34515,39376,41288
3712928005,33031,37235
2971374170,2610,13321
1422712434,2848,6261,6805,6889,8331,15075,22855,26884,28994,33650,34865,34943,36307,37154,38257,43058,43415,45140,46613,46756,46884,47922,48193
3206431192,38158
653298866,491,39419,46083
2865421417,24593
1379981780,2411,15502,29472,31705,38533,38885,41135
1055234052,16224,24456,39154
754764287,23242,23941
2599881886,3694
1859492460,2131,3941,4649,43447,45963
1836620448,22775
1349427483,2606,3144,9266
1190345917,13816,32725,48482
133328050,2125,8311,23036,31910,44605,48330
2932390125,2602,3962,4808,13751
2786029436,29454,33029
2304092856,2601,3961,4807,13750
1837225396,2865,19283
3493505243,43557
2025758902,11439
1758767115,16489
2554264991,2591
963302437,2585,5483
2305332333,2426,15949,17281,18472,20196,26720
86788856,7516,14658
4073672294,31452,38244
2743878947,20860
895767466,4426
875811074,2579
2152064696,8338,9874,11166,11598,36047,41400
2163315740,13790,21642,36792,44727
2549831156,219,8653,26597,35052,47169
2443652523,220
3280951360,37303
3452898794,28967
1425913191,8400,22492
3308012544,19544,20848,25637,45432
3156115790,8962,19298,21313,21547,38630,41999,45085
2758546794,8121,15647
1637115669,8183,15057,33786,37205,38946,39753
1835687553,205,598,998,7529,7827,8302,8862,9292,9601,12029,12652,12973,14633,17243,18320,19487,20547,20640,22298,24965,30231,32424,35334
2890687499,2571,45848
855415459,7607,9634,18248,22130,45767
155270134,1998,20300,46572
443125922,1044
2793001392,12152,24351,31115,38371
815595545,18848
118536260,3784,6350,13795,15792,38767,40099
466016803,17036
1888509725,5341,18108,40770,42272
1060480906,2555,24176,26927
3876055768,2054,24860,26936,36018
1194568977,32077
2435222632,45116
991675988,1603,27024,37295
2453636004,26925
2078572611,2540,6155,9236,24555
1272854316,3343,4199,5001,8622,14199,18892,29196,30290,33546,34289,41018,45537,48016
1826163113,4105,4280,5631,9022,9342,13346,13961,15943,22052,33056,36372,36481,37646
3833815593,31514
4267690630,43519
1913659318,5503
2367382040,46240
2925903846,157
1858956950,2535,16130,35203
3889548312,11277,14074,42316
411358466,35148
1718646974,31422
227806767,4289,32604
3573740642,3422,3738,5055,5076,6056,6819,9429,9806,10400,10659,14709,17393,17486,18647,19212,20505,32118,36507,38441,40883,42095,45280,47436,48163
483862541,10637,13701,14281,17934,18162,19030,21121,22251,23801,33416,44315,47146
155879724,35486
1487128159,1379
1189068129,2530,14580,29841,33204,38102,38753
1578994559,15285,37210,40752
117235722,2528
2035966518,2515,3005,7646,8630,15531
3089819776,25814
2777099188,1559,3809,4160,4580,4829,6779,7601,9514,12078,12194,13581,14259,14600,20148,30843,35686,36385,38447,38736,41939,46358
2161401929,2514,23896,30934,31451,32158,34867,41732
3280791650,32375
112925781,255,21423
151793253,2878,20613
379900103,2510
1347167465,22634,22904,37046,37314
3029463435,50,29409,33366
2493623336,26711
2622603191,2509
204792121,18911
867557066,9555,25856,25911,29296,47380
3362166934,2506,9331,18386,19302,19451,32663,33588,34776,36700,42500,45125,46263
860805092,21569
38881448,3262,43166
4211317772,31218
3521175937,9927
4153963712,18434,23414,42430,43899
782686077,214,2003,8881,17238,17570,19008,30828,33998,35326,38548,42594,43183
3613482209,24,27693,33473
2788614570,923,1354,2955,3079,7207,7985,12134,13116,23090,27929,28054,33498,36396,40482,41686,45488,46732
148710430,175,40018
595815359,2500,27171,27482
4138380577,1347
4023708474,11551,16277,22425,32129,43696
1096532104,29097
3974228833,22692,27616
3088232984,5247,6268,18541
2253316753,7870,26323,27028
153086514,37736
2340800779,6202,6400,19257
623324541,753,5812,7648,8251,16022,16647,16837,18518
3516865471,4796
343184400,39454
1523363247,10891,37375,45630
1467763093,2487,8514
551137407,26375,33912
3489667385,2482,4018,15485,23566,31574,38186
336892552,5650,19578,23470,28881,30582,36408
2562439714,45826
1558139430,3194,5100,16051,31931
2520392128,5489
3882913621,35961
977098357,2480
2629391466,32360
1870306139,5407
3537717375,785
3971600771,7671
2755386319,2477,35471
3982983807,2049,38860
823736033,2473
99032420,34322,46201,47070
4222261967,7088
327365965,2451,6841,27751,28040,41144,46249
3570038368,2444,8021,20380,38693,40680
102056444,2441,3555,13918,15408,18413,39251
1144227906,31028,35297
2810002412,24505
3210656128,22433,25701,27771,29664,36091
2344929460,16083
2430941736,2440,7347,41847,45761
3227767236,2439,9388,11676
1260048786,2437,9851,16328,19168,42223,42522
2315073906,195
1307593322,3122,18881,31407,39412,44907,45674
2343284756,11790,38961
1214745645,11180,25326,29898,46002
1626090814,47820
397744026,2435
1294328587,19181,22207,39482,43719
2319483867,7653,36655
650379427,37805
1829426726,168
710319904,4346,38284
1432559222,23073,37094
3738062555,3477,22569
770634749,3855,3987,6518,9144,11762,11834,14293,18403,30657,31473,33038,38143,40399,41857
629691112,36871
3595446323,19087,31651,34130
511124766,2001
2428680665,120,553,5067,10834,17408,19468,32982,36620,37587,39682
2257534030,1316,34417,38559
2137359134,2413
2217958255,5569,6663,9584,15171,40276,44432
4202944497,26199
1876332996,16875
352044314,9951
3899048165,2409,2762,13999,23006,38080
1175816046,7483
353271592,2295
751705073,21857
99083004,44941
425277432,15246,24154
3332934581,10678,11207
3993835764,530
1231417592,2387,2472,3196,6811,14715,16865,17990,28776,30845,31139,32533,33045
3586605498,23104,24885,28351,29661,32473
3558997254,5360
779304650,2378,11690,12215,44357
1369448987,23552,25314,26807,30732,43851,47253
1911048701,2374,11737
3886312276,1295,7054,15941,40799
4092048276,33680,38305
1441605440,493,513,1557,3733,4577,5228,5328,10524,10610,10906,11157,11502,12192,13810,15382,15718,15866,19663,20335,22657,28688,28980,30871,33778,36383,37517,39861,40517,41588,42517,45030
219085566,2367,7849,8445,9099,9492,11226,12289,17059,18364,20849,25462,25638,26387,28310,30019,38460,38815,39182,39610
2582180979,2084,8822
2225789989,16251,35951
1708824400,6791
3343345486,905,4284,9053,20080,21027,23528,26741,37249,37986,47935
379000942,2214,6658
2278416215,2366,8914,25461,29760,38814,39181,42189
1897120365,2433,41443
3200535076,37290
3461582563,32705
3950896273,26920,31098,47225
4195553128,12771,23500,30964,35665,35872,47911
2785797529,509,1030,2566,4102,4778,4820,6945,9580,10902,13069,13486,18604,19971,25528,32722,33591,34779,35599,42021,42503,42840,43378,45818
2842203762,756,4876,9720,10547,12741,16840,17841,19075,19691,24801,27219,36918,38615,39324,39781,40169,46513
1186750215,2466,4583
3005189027,13869
3777461532,2363,3697,5280,6188,6572,7067,7095,7708,8841,10312,10810,10888,13817,15578,16429,17607,21745,26251,28445,32177,32660,32726,33084,33320,33654,34773,40935,46260,46363,47412
4078159372,7946,8059,8197,26423,28969,32215,34199,40144
253810019,2443,20379,36078,43246
1108141876,11442,16215
219241249,638,704,1831,12435,13058,13205,14357,14882,15553,15571,18289,18897,19474,20767,21715,22866,24635,26684,27584,29058,30589,31920,32891,33089,36618,39596,40217,41348,41889,44860,44967,45858,46963,47066,48339
653909452,11404,17234,37592
3375642430,2362,6187,8840,23022,24010,28345,28444,33201,33319,33653,43372,43678,47411
1075875198,2669,27624,41635
3009339135,9707,10111,10250,18735,21194,26401,29214,34520
3221978873,42456
2206131656,28779
2660665148,2116,6667,10165,10976,11236,17717,27872,29908,32014
672306701,2713,3559,3857,4052,6520,8472,8724,10725,10790,11058,11836,12049,12220,12695,12899,16561,17494,17579,17918,18114,18725,19676,19725,28544,30886,31475,31680,32323,33040,34086,36076,39888,41462
2170406862,1939,4020,5497,15487,22545,23262
1237599838,4866,9118,17483,17518,38547,39517
180888308,2342,5564,9213,9287,16137,19394,22846,25918,28250,28997,31130,31993,33295,35200,38211,47970
2653699395,9384,16624,25108,28136,36340
3832145525,6293,7887,9792,10245,19193,24660,25819,30715,31033,31433,33905,41177,46745,47123
3352360659,26125,28361,30691
2757498113,18225,40028,45456
1287629033,11529
577557989,36873
2658548660,5404,21455
293302679,2334,24461
2022208516,2333
1477909398,2331,14623,18980
3440890465,7869,22229,25894,26547,30580,33847
1283356333,26805
1674755889,6695,7246,46329
2734330046,6407,7939,13196,16014
424508338,2053,24859,26935,36017
2142249636,2330,8665,14622,17706,18979
3431613544,18074,37084,42760
1922671344,2328,8033,8438,8761,8985,13035,13864,14620,16233,20202,20412,21788,40520
2461652330,859,2779,3807,13299,13496,15146,16362,16730,22428,38535,40855,41062
2327852600,2181,3125,18884,24991,32692,45241
2664549788,8587,12071,13267
2248088025,27255
539577294,3527,3531,4092,17897,18811,24086,32431,35092,38136,42490,43762,43910,45353,47613
2918316240,44657
1275720016,3866,5892,6997,11464,13430,16048,16331,16508,21429,22412,25007,28152,30039,32006,32367,40888,40947,42226,42763,45710
2363109522,2327,8032,8437,10934
1433901219,30140
1076973409,9549
4219125782,24606,31798,37725,40656,41561
85298051,964,24327,27374,43990
3900826473,1994,40789
725939948,2322,9284,10458,32775,46479
3364377324,37233
453986622,2317,34547,43443
442542702,4666,5912,7519
2269614551,27316,31807
2566908394,7983,40560,41865
3226986633,3778,47588
878150155,27321
3595544268,8,3566,6552,21023,28856,46326
3017816862,8388,17496,22132,34643
3715409680,30350
1353744122,42752,47974
2294446265,7824,20253,20631
764562389,41427,42871
714285654,2294,32330
1859243818,7469,8732,41943
1711956430,31660
3237903149,2504,3360,14673,25797,28540,30775,34410,36698,39311,40677,42902,43595,43683,45425
2577965514,252,5554
3339816547,23899,32202,36098,43192,45580
461451462,173,4313,6214,9310,10802,19998,30992
3079440473,10044,12804,25173,25655,40920
3288018957,2287,37663,41987
3546540136,7907,26055,41228,44297
3917301518,2285,9905,12950,16614,17687,26996,37661,41985,42941
91030819,8768,31718,38497,44019
1973711187,25505,30591,32823,33561,36558,41654,48368
3074891962,20303
2190902264,43269,47930
235175848,2284,42940
884590368,14749,37432
533733337,582,10460,13245,31964,37156,37265,46308
1299415006,10841,33334
1342748151,24926,26923
3666737640,3507,11312,26558,47817
3358879388,19703
1222749347,2345,2890,3484,6716,7390,7749,8937,10052,13704,14240,17963,21556,22588,23771,25983,26097,26258,28194,28712,29241,30122,30659,32124,33123,33135,40821,41572,41811,41982,42400,42532,43016,43115,47186
1265103891,41382
816676562,758,781,8727,15126,15734,24337,31813,31887,40969,41032,41280,45542,48084
2582945839,12618,44867
1359839201,1284,17719,48160
3783640734,2281,22010
1855725214,446,4194,30825,34692,36961,46590
1440329107,2273,6640,8112,13120,15459,17779,19072,19617,20510,20620,25884,35791,39213,43790
1859386935,5440,7408
2578708145,23481
3956549745,2261,7414,12224,16596
875814773,14492,14782,33664,35484,46471
130832024,280,3656,9047,9257,9337,11927,13009,14644,15471,16926,20791,35251,38618,42973
3032931394,2259,14955,18379,44195
1475475223,24818
2576640299,43833,46724
2741846307,42795
1078007841,20235,20550,33537
1740675068,23797
2269622324,10743,16478,44900
4062609522,2258,14954,21472
3946690009,15182
2445292520,11959,12118,18906,19185,21678,34176
4213045188,2255,12890,17799,43126
1759575680,2246,8602,17429,22247,36232
2192115980,34267
611850294,40177,46815
3490971312,28651,44926
2550427331,23846,42728
1944704000,2245,5770,18314,22246,25182,26369,40048,42776
626148598,31076
2615002599,31345,44913
3110672057,30497
3847817313,25704,40293,46111,46453
1571525307,10623,23699,23707,27299,37853
2390120024,10975,13880,25050,26537,27048,28704,32013,34461,39129,43227,44963,46900
3780110397,2241
3184913557,3285
818409540,33131
2785715426,20271,43709
2321976272,16932,23034,23328,27631,27894,28723,34054
3590853052,12952,19325,44244
2328187185,7836,9204,11188,19457,30470,46291
48789974,1207,25749,27953,28628,35477
3430282261,12090
3856048417,5009,5909
2510188993,2238
2233057202,297,916,6217,7392,13251,14550,17027,17231,26574,31334,34618,41715
1546423748,43894
3548389330,27620,40801
1877388403,7396,28978,38481,38867
1004913461,2227,22363,36829
127664495,3446
1698943124,30663
3671647270,18963,29938
4027931361,38980,45724
1836842961,11615,14548,31332,35787,43735,44813
2564571702,31981
1711273885,1550,3041,15730,17822,18194,20119,21132,28077
782651604,41658
4193754484,2224
3194061101,4267
3772368983,2223
135289494,29021,31641,36074
3223608334,16759
1994861534,5368,7358,23712,26599,26947,29680,35750,38104,39708,44054,45689
3637013021,2222,12723,23823,32121,42599,42922
3259049950,2218,26484
1929181602,37847
3874364048,24151
1494975774,5282,5462,8843,10812,11829,28235,38890,39813,44892,47941
3897743225,17586
3668216390,17768,43090
1095688440,3116,37341,44085
1590096953,40012
2991930623,4441
1613448816,22722,33361,36130,42530,45900
3436089757,2209,11999
3090044589,10511,22287
3081704928,19245
2592609719,4131,46596
105273504,17889,30323,32309,40707,45158,45666,47662
2854221732,9764,26535,40973,41551
653874105,1624,25369,27507,28678,31769,34114,43188,45220,46923
2555305572,2202,8855,22384,34380
863102490,20378,36077
280373176,15227,22916,23601,28647,33091,47068
3716327107,9781,13832
2941558907,20304
1243285378,2201,2911,8295,8368,10925,15067,19982,20363,22383,27465,41102,42235,43512,45025
3469350216,26146,27752,36365
1907567045,21915
636268907,44379
2247361806,2162,4224,4607,7719,8809,13815,18699,19174,31927,37003,42265,46636,48481
42692193,2197,4338,12915,36038
2864435585,22804
3619150892,5708,11583
3843567188,1182,2392,3121,3718,4359,5620,6834,8505,10374,11426,12327,12392,12400,14050,17162,17564,18880,21584,22930,26411,26638,27244,28281,31555,33916,34606,39411,39448,40988,47441
778473719,2195,43670
3405711370,88,955,25192,25434,26663,35985,36427,38831
86523103,2570,45847
2072864427,11602
1504362910,37444
4160671840,2184,15894,33374,39775
3890345813,23183,24416,45687
31912920,40083
920280968,30602
1880811364,22164,27097
3501973107,2798,3331,7326
1675883840,23570
277129337,45046
580127031,10948,14046
3823066549,27606,35643,38762,39600
2787410368,2180,3124,18883,22155,24990,27096,38275,45240
2440901094,4734,11845,14838,15924,20718,29598,33669
2982269454,2893,3037,7759,12870,16957,22566
3840991237,2178,5348,17444,24768,38273
2317186392,2174,3815,9559,21700,26871,35039,41141,41763,42649,42857
1407920598,35360,38496,43326
1304184035,15752
3794786963,5752,33947,35795,40285,41976
1980958215,3185,18839,43804
1816991559,2171,41647
57421781,163
1976701143,13733,15414,19352,22859,28063,35559
1124303036,2170,3674,15962,23687,29486,30614,30922,37777,44973
2196490327,5545,17788
1177614964,3629
3526896263,2166,10860
3713961403,23341
1152371356,2165,5121,8793,10859,11905,17574,21250,26156,30932,31990,40160
3053039583,7012,8877,9778,10353,12125,13829,17415,20845,30541,38119,38566,42440,46069
1112780329,2235,46965
1600661866,2114,2368,5791,5941,6556,7377,8446,11227,16340,16713,18216,20850,23456,30463,33785,39183,39752
2811899990,25094
4269314513,2158,3369,6807,10274,13083,13124,14983,15704,16716,17576,22857,24528,24831,25338,31125,31811,31885,36309,39885,40715,41278,43060
4010735736,27566,30561
1622982514,2349,27145,38052
1738787272,36690
4260031752,12690,19199
3464151220,6725
537953837,5458,13400,15225,38809,39689
2471466602,37069
853844595,37368
3229773057,24152
2807937597,1800,4156,5034,5612,6426,6814,6952,8589,11419,11992,12073,12108,12145,12447,12456,12841,13269,14598,15045,15089,15362,17326,17555,17593,18035,18076,19170,19637,20010,20587,21653,25288,25690,26492,27383,27512,30026,31850,33940,34540,38672,38734,39247,40020,41044,43439,43481,44288,46780
2224514221,2143,10652,26723,37617
2554746714,26633,28233,29331,40375
342192735,2134,16089,42743
1796879330,15233,21541
1058088890,2129,3939,4187,19039,19877,22894,41850
484403758,29068
3103613804,2790,9436,15176
3191313499,57,5924,26149,30571,31085,34342,35824,36327,37103,37174,37709,48108
2291449952,10096,30170,31094,32052,35313
2976609178,8022,20381,40681
2276668810,226,3908,4516,10787,11344,21907,25679,27935,37081
1920632183,259,5991,24846,26235,39769,42147,48299
2945477890,10427,14086,16447,16807,26618
2016528416,2127,7371,39398,42345
3089354851,14308,19948,34842,39569
4046402084,7473,8556,26625,37657
1811291090,5587
3477653063,25456,26636,33087,34314
716044630,22765,28302
2502071804,2122,3647,7640,7691,8925,12658,15101,15809,18311,21675,21767,22169,25393,25718,25955,28244,30151,31351,32503,33823,34020,34504,37285,40300,43071,44602,46051
3625760388,269,1579,7036,9265,16772,30260,45701
1416026516,814,26121,45144
3507075786,1671,4283,6481,13232,14480,20079,39371,41742,45358,47360
3967701600,3932,9543,11919,16323,27367
2496668383,9975
3605431121,25429
3372971763,2111,16710
1263901759,2110,10518,11873,41729
757029471,46475
4063464161,4495,8237,32406
415386979,25523
3347606134,2106,2594,4814,4825,7300,10851,12663,13577,13723,14521,20552,21079,30515,36175,38748
2482571444,20051,21463,25726
3823769141,2105,2593,13576,14520,23615,30514,32713,36174,40225
1197341307,31805
3625941363,27970,41730
3010462605,3268,5759,23646,28927,38171,46999
971586549,2103,40039
3498933707,11769
2132176973,6300,7176,28817
1074976820,21620,21712,24056,30955,33666
616240397,12731,23706,23924,31395,33226
3022489086,4954
2857511920,712,12770,23499,30963,36604,47910
3447576136,2099,6998,11465,20708,31065
673847582,2600,13749,28165
3179609194,23107
2164980481,37738
2825033443,17417,38121
3893572106,30156,32408
3042750878,14449
865568355,385,7782,10837,16752,17441,22047,22173,22313,37361,38715,39296,43384,44236,44698
186297437,533,7536,9535,25418,26405,28000,29638,30613,32544,38361
1925718166,3298,21621,30956
1893951024,6724
2402444044,33515,40067
505519752,44526
459383454,7307,7745,7959,8289,11814,18437,18676,19124,19716,38056,40260,46192
1740887281,2755,9713,11396,13216,19670,28707,30371,33119,34315,45735
2155426531,625,16404,22395,28386,29671,39290,39392,41117,46855
3913753745,42132
3749447832,1726
3101225130,6539,15966,20798
4288824169,39057
3955866170,1378,5102,7020,11711,20150,35543,40803,41005,41162,42244,43477,45408,45791
2960463968,2083,8821,16035,25459,25608,37343
575970839,5625,11498
3318113965,1519,25130,26752,34264,47499
702860521,10076
3733248933,13152
1049509903,2080,6677,7620,8080,8818,18431,23095,25519,28207,29228,29605,29951,30020,33285,33583,35905,36202,37256,38007,39348,45525,47902
3925477635,18546
4244359627,1503,5848,7122,7741,28549
2472136575,3818
3904677,1432,17758,24642,34374
2224478928,2075,3577,8466,23736,24881,29151,30820,38971,47318,47553
3724030152,33149
1648463447,13213,19213,20350,30279,40052,42852,44930,47437
3869759734,2288,22405,37664
3766747631,2072,3482,7388,14299,14927,29989
1170131094,4330,4660,16649
1648326959,1826,7330,28034,39219
114144587,3722,10354
2304621072,25035,29378
1060766933,2071,5556,9171,9667,14298,14926,20266,37396
1467095200,13967,20601,44310,47597
3484167902,2064,12345,13359,17341,23827,26877,35625,36267,36982,39023,46944
184276565,7430,19235,32369,35864
3194857258,42882
764960796,2063,26876,29510,39022,42474,46943,47686
2492593271,8016,13598,35479,42877
1664656689,2058,2302,5141,6352,8124,19613,19859,22109,31734,44220
3494922023,7485,17539,30360,31730,40693
4162921098,27134
3472560762,24645
2711462607,1705,7084,9679,10765,17114,26831,45973
1798359781,4163
3405554726,10730
2182921825,33707
2044893458,308,5743,17713,32348,45586
3933929878,25074,26825
670283265,2210,12000,24369
3090582822,43316
1844671323,2047,4874,29302,38858,41504,46511
3166067364,2046,4873,46510
2147564426,30506
4123404704,2044,23970,25803,27800,29324,34765,44561
3705646858,4469,5852,8442,18613,28934,37067
3730511298,8248,24659
3214962402,13350
574480641,6213,9309
565540165,29736,33652,33862,43924
3499384634,8890,33517,40004,40069
1472447845,25022
3193037099,1566
1118856386,828,8002,8496,11648,36786,38148
246985984,2403,6507
1661149769,7491,30495
1180923130,2039,32567
1612348208,14174,21244,22401,33720,40330,45333
392572802,1445,1666,9325,10505,11944,12553,13587,13839,15515,17489,18533,19527,20746,26849,28805,40292,42915,43785,46110,46412
202952493,4745,22269,33139,36608
1056702856,1928,7561,14750,23824,24757,27886,30120,32122,33147,35704,41899,42600,43014,43257
2862474883,2032,6638,7838,8643,11190,11329,11587,12136,13118,14361,17098,17902,19070,19459,19777,22151,22914,24902,27462,28056,28534,33500,34482,35910,42463,43027,43788,44613,46869
181501135,35105
970495393,24813
302133099,24138
133055080,24791
2657371427,892,5277,41950
1037392622,2023,13383,19954,27413
47294726,1811,4916,8089,9320,9575,9620,13372,13475,17091,17914,19312,19812,33768,33974,34244,35425,36042,37427,38562,43641,44821
2752452783,2020,13380
442773190,42947
2108386129,1052,2835,5557,22574,24034
3983260340,2017,6949,11416,11989,12142,15767,26185,32985,39333,46538
624093505,2016,5195,11988,12141,42347,44857
42872759,36746
1306039893,319,6453
1569923730,2013,7438,8471,9761,12507,16255,17493,17661,18030,21145,30625,35308,39554,41548,43108
2761025938,18650,40886,40945
3629136496,46369
2565738546,1668,5215,32253
3319820786,1544,1636,31343,32153,32905,36856,44911
3158223479,2011,10066,12334,15643,16127,20270,20396,20816,22090,29716,39652,43708,46678,47745
2304336533,2005,3703,3897,5223,8546,8712,8883,9705,10662,11256,11326,11701,12540,13473,14168,16534,17572,17924,18845,19010,20041,21402,27859,29205,29934,41448,42449,43982,45943,46251,47466,48218
1439933459,12169
93444136,25570,43660
4038903840,8950
1183941031,2004,3013,3896,4221,7706,8882,11700,13472,17571,17923,19009,31924,33082,36901,42392,42448,45942,48217
2580513055,10491,13920,19727,32352,39378
3290394357,18424,29668,38743,46852
4129258255,2000,21757,47388
4175135698,3788,5466,8255,16617,40760
2928726357,786,19887,20286
3325256780,4730,23381
915306427,1992,4882,10071,11409,13510,40191
1657541717,2324,34917,36748,46758
1187242674,29279
748865403,281,3657,9018,9258,9338,10554,11928,13010,14645,16927,17605,32101,32175,35782,40157,42974,43362,44374
3500229995,9521,40742
515855734,4492,8234,12862
951681733,12812,20324,20576,33252
1456688956,7586,8791,22548,23265,37511,43209,43403
2492139416,2934
3231919214,713,34354,36605
589972211,1208,5574,16883,17025,27954,28629,29309
3614532893,3473
1838421348,1980,4027,11065,11863,12721,13334,18815,20254,21237,38712
290355642,36236,45675
653118714,22561,25843,48436
1339970181,4298,37074,37733
1171428737,41995
3064611409,32296
2399365835,148,27843,44958
3035962072,343,2561,11371,19128,31062,38488,39063
3528914317,26,1048,28399
1237658202,1619,21971
1891850196,3442,3781,7138,25217,40445
3387260999,1157,27590,27786
3105156410,10869,15917,17681,24600,28320,28423,39799,44764
2690120187,1978,2789,12292,12549,15175,20037
1471848158,1977,2788,3753,7851,9587,12291,12548,14369,15174,18580,22177,24292,36133,40566
3847459952,2067,2568,43380
1602038548,20176
3642072273,28627
53213489,1971,4231,5253,6942,8166,10388,10499,11511,12858,16852,19344,21579,21759,23951,24970,25991,27851,33159,33344,35575,39819,43320,47310,47390,47754,48380
4040761960,15546,18653,39423
3850396177,6320,6755
2251984542,1961,2558,3135,8141,22443,25023,27983,32608,33166,33174,37033,37453,40478,41565,41783,42256,42418,48248
3238374349,27832,30111
3439172685,1957,6825,7859,8421,8979,9372,9471
3777858176,4897,34155,48295
1650883088,27901
1541973573,3296,14903,18803,28900,44403
3390556298,3693,16758
3665277608,1954,2160,3836,7668,13862,18134,19077,19396,21351,21606,21909,29745,39326,40961,45023
2533296699,3065,4529,7399,27023
1248842204,37196
3228321503,31396,31521,33227
677120786,1100,2489,2518,4073,4594,5551,5674,9200,10694,10940,12209,12353,13826,16986,17412,21076,26140,32936
817767059,23634,26811,34186
1605948345,37554
3697280037,4033,12607,12726,13048,19883,20450,25001,29801,31083,31744,33410,37152,37172,40660,41867,43546,48191
1586470772,48031
3223280671,1926,4255
2303544608,4509
2660021583,35487
971906269,31137,38987,45514
1397571923,732,40351,40590
3240000430,29411
445308929,28189
3873371025,41519
2123920666,636,9712,18287,19669,28706,29056,32889,33118,33914,44965
3843539305,1918,21377,38882
1840851135,5967,30401
1220647402,7492
1810106759,1914,2523,3033,3879,8863,11718,12866,20056,28240,44332,45419,46444
1435651901,4210,23379
4122924099,1911,2341,5123,8795,9286,19393,28996,31992,32777,38210,46886,48195
127551914,8575,32645
1811238031,909,22503,37672,45423
2725503098,1909
1960743221,16243
2170774094,1664,3420,10503,19605
2496687615,1906
1427689596,5401,5449,7077,7726,24480,27458,33381,34276,48051
816180619,25262
954821230,32450
3596035612,1902,10954,14945,16273,16963,17619,20606,25533,29443,29691,41801
26189622,27902
852714640,121,11471,15654,17409,32983,47006
1294954594,1891,37333
2672573699,23667,27493
2751671061,507,3681,6379,11159,12449,12644,17079,17328,19335,22474,22549,23266,23612,25293,29061,31740,32720,39763,40508,40857,42104,42519,46933
2642575147,40587
972641752,4211,8902,22671,33181,38642,41234,42354,46773
1793261911,224,592,1715,10884,14383,17361,46863
3067547887,1888,28353,29663
3308139705,2339,5093,8493,24526,25336,28872,29996,30033,31809,38208,42141
688153391,3975
1704256401,21520,38226
1770744970,1885,9191,12408,12572,16662,24114,37461,38706,45691
3071242245,465,3293,6830,9080,11359,12388,12431,12712,16763,17844,20182,27987,28897,31873,34075,37242,38132,39261,39737,40108,40380,43947,44828
3183878865,5588,17696
574246290,1882,7296,8386,11161,32254,42085
2799279321,1011
2273564773,21633,26583
1832771138,3463,4602,8804,9637,21690,28488,43644
2722138004,13045,23603,36657
62441008,155,16835,46645
1064771813,1537
3177210915,45637
1649081058,1877,5571,41079
1755144524,22414,39220
2548359672,7798,9894,19184,22538,24715,27834,28797,37598,47172,47924
3389984996,31313
3506253234,20910,30398,46324
3623536859,2179,17445,22154,27095,38274
1661855236,24683,37355
3247845812,42007
632761233,1876,1893,16486,17371,33635,36265,37335,39265
444775345,11198
5315684,1870,12581
2661009152,19361
2322213394,35564,46265
702812512,27228
2935956997,5838,6405,9451,13194,28168,28755
1265996159,3299,21622,22466,30957,37835,41528,43400
730389490,30176
3525120104,1863,3054,5430,11101,12095,12158,13395,13481,16074,16667,16892,16898,17093,18522,20691,22886,22987,28239,29866,31109,34711,35427,36044,38105,38564,41394,42438,44331,46719
2418008391,10224,22717
3568658012,3789,20207,20989,40761
531087504,2918
2061982101,42668
195699411,1859,34941,39153,40296,46837,47920
323839229,825,3951,15251,30193,36691,36747,37264
3436162139,793,14428,17261,27305
3926799136,11031,16113,20386,39692,43680,46783
3008593669,1857
4100582702,29096
1305505057,7346,16582,18651,39421,41107,41846,45760
2698076195,5700
2767262470,792,1896,16682,25906,32295,39268
2875524851,26267,33330,43665
1610031324,1850,3177
1613398873,23610
1992492717,42623
2510921720,1161
3153246455,67,323,48391
2651548245,946,4728,19566,23808,43857
1801548333,23639,26631,40206,47395
1290200964,1192,40881
2170082402,1840,4455,7899,13697,27357,36399
812761791,5525,17726
402689262,14767,22951,23734,31362,36613,36980,38687,39005,41295,41440,43812,44897
871580686,23072,37093
1650214295,1839,2419,7898,8433,9402,12426,13696,17818,19280,30042,35901,36398,42429,43243,48419
4236268459,20961
3043111616,1685,1917,5861,8705,13947,15658,20834,41795,42953
3198364975,3383,4560,14706
1124644792,5618,40215
3001366479,14666,37533,47367
1168965681,1190
4203803165,1821,20473
2995828006,19911
1874455168,10287
2611900597,1594,8157,11620,39147
917073740,3804,4077,8391,16727
2611438285,2804
1522411357,2807
4043450061,1673,2015,4591,12140,12509,17193,20948,22216,24940,32995,33058,39199,40612
4162479224,1970,5252,7612,10808,12857,16851,25990,33343,46361
506486599,24132,30341,31907,35139,43143,48432
2624770172,1812,3346,4688,8090,12834,13476,13720,16153,16897,17092,22885,33975,35426,36043,36780,38563,41393,41486,44330
1994879424,47953
2655703456,22732
4196445312,10522
1492686299,74
2833266318,17873,18395,18536,40859,42362
238572844,41251
3756504142,6936,18654
2562617454,309
4144212954,10555,11929,15577,17606,21744,32176,35783,42975,43276
118195124,183,2010,21640
2743883082,2150,46023
4138524803,46615
2395400826,39160,46351
1378730665,27542,44001
1484941875,14398
1370840765,36874
1535429565,1783,5005,5524
2342989693,44256
409199878,36180,42074,42574
702965169,24427,37324
2759072432,6549,25714
2078863798,3658,6868,9259,9888,13094,13979,14646,16928,20838,22562,22643,25844,32102,37693,40158,44375,48437
1663727291,37877
2378968495,1797
3978493615,1408
825460830,9360,15799
89275187,28667
703011504,9378,9678,13687,14799,17113,30003,45972
2898703042,26565
2086984680,23375
3100344993,16884
704931383,1795,4024,7929,9515,12079,15491,20461,38737,44626
2285290079,6385,6421,8176
769950912,16714,17004
270089583,24897
3652531163,10686,27519,37826,47634,48488
1104989236,937,11956,14348,35514
1969517625,841,22072
1363059125,7540,28759
2618248732,7856,9465,15997,21846,41961
60681674,952,26103
3753263933,1767,4272,8025,10989,12251,16087,20669,25436,34786,35981,40684,43726,47454
3517082123,2290,17537,30358,31485,36002,37666,45460
2219222284,1140,17455,32196,36103,41252,43939,47152
219295484,7874,22310,35701,39337
4039981900,104,22368,30668,36153,39136,39143
1182849571,18,18623,30790,32421,34673,42642
189718058,1443,3167,3736,6054,6817,7527,9804,9991,12820,13727,15513,16174,16557,18774,18924,19210,20167,20479,20638,22296,31676,35890,39984,40290,41029,41510,42093,42742,42913,45932
1054164679,743
2870949082,1763,46120
2755124224,15257
2072064392,1323
1623681234,14665,22758,23767,23906,32165,36937,37532,46673
2522054522,1867,2603,4855,13752,16024
256848867,7567,10070,11433,12559,12943,13509,13547,16740,20585,23866,40268,44881,47980
569352516,4366,5210,5678,11759,14290,14377
2112004978,14097,36744
3598396144,1117,1197,20466,21176,27533,27554,46075
3846612460,7124,18344,30685,37346,46909,47821
3531829637,1740,5023,18870,20268,20394,29714,42611,46619
2551964928,1737,28036
2947065123,14667,30092,37534
1268025837,4205,7308,11398,26551,27394,42036,43213,43738
215068989,21,22813,26134,40689,47966
1319794158,1678
2260779188,4994,19340
341987041,16613
4048552534,1736,28035
3558038020,22557,45058
2781247234,6404,28754
1500251313,174,40017
1703572278,1733,4170,9149,12422,16707,23354,43314
2521715224,12738
2444250193,1732,4169,9148,12421,16706,39557,43313
189772509,11261
1298711314,1730,3280,7439,9146,9762,10124,13420,13624,13849,14284,14929,16704,18031,18441,19965,22724,26238,26533,29012,30057,30626,36459,38773,39299,39555,41549,41859,42888,43109,43599
1430635502,34426
3789996447,11576
2940852749,19001,21038
3696570590,18081,27863
1669525996,303,28562,37875
3595255652,22878,24923,27600
3747730791,12467,37670
3129444747,14407,14942,17499,24196
3474206849,34648
671517933,23677,44836
1758652674,1725
2532742870,2979,3772,7217,7642,14959,15103,16768,17632,19084,28246,28500,30343,31648,34127,36585,40340,44514
244222369,459
3370843297,19418
965172249,371,17197
603111401,28633,29204,29933,32970
1484647259,21322
1016399616,1453,32515,36129,38087,42529
3421183063,2627,6835,8686,9937,10681,12361,12773,13451,13628,13998,17163,18176,19903,20967,20976,21264,22931,25888,26639,26764,28282,33917,34029,34594,34607,35874,36972,38969,39449,40768,41536,44945,47442,47736
3779126260,866
3369238350,1722,2124,3649,12636,14626,15082,19093,21769,31909,32505,33507,44604,46879
3018497936,13468,24216
4165191184,11500,16045
1642566493,1764
953277690,1718,2771,3411,4913,5779,10104,14386,16161,19466,20595,20936,21191,35681,39671,43843,46929
4029653519,7431,19236,21060,32370
1633716220,7592,23714,26949,29667,33445,35020,36554,36577,38940,45265
277080447,318
4290149146,919,3252,5160,8294,11917,13560,16700,17435,18135,18953,19033,19981,21352,21910,25382,27365,30917,38718,44109,45024
1629590008,1707
2246938926,902,2801,3423,3701,4370,4768,5221,5409,5469,6019,6704,6820,8710,9703,10309,10660,11254,14146,14774,16518,16532,17203,17357,18843,21400,23857,26145,28381,29806,33739,36364,40873,42096
889981421,20522
239696739,4128,11970,16665,20347,20689,23591,27234,28738,29141,30392,30802,34191,34327,36352,36574,36883,37238,37496,37712,42203
540932500,9275,22782,23971,27801,34766,44562
3842698406,454,3618,44987,46473
2245827811,1706
1184632878,30997,37536
3355228100,1657,7058,31816,46274
3250379891,30328
3415797066,1137,1785
3859349326,3910,4149,4930,10728,14676,16433,20243,30366,31384,32798,35697,36311,40545,45706,46651
2648515815,35359,38495,39559,43325
2270611909,136,6110,27721,30857,37528
3729531922,28764
2714563965,8375,25222,41790,48320
1524535507,4656
4243883558,27924
3161455028,164,8634,13907
985963725,16044
2033727432,1750,1943,2311,4721,6858,7967,10485,14525,18017,19104,19233,19930,20730,43997
1488352443,129,203,669,10398,18531,41053,42577,45020,48251
278187574,2707,13030,37955
3939368832,46606
1970089557,870
1572687027,9554,25855,25910,29295,47379
3179015755,357,3677,16937,34951,36476
794478281,19572
2898501528,1695,2734,2905,4707,12701,13226,17508,20279,21539,21778,25016,35460,38938,44448
159219516,48421
2528629594,430,1265,8468,11480,21871,22521,22629,22841,22899,24074,24077,26292,26758,27081,27198,29153,33217,33796,46403,47580
49083392,3632,10780
3429073471,46,37881
94221496,16335,45528
2492437060,5553,41104,45027
2474121535,4862,41738
3445553651,26167
977186413,437,5006,5212,9368,9419,9611,11761,14292,14474,19051,19818,39225,41856
3544804220,34676
2553876776,2680,10501,12599,27529,36114
1686554978,23475,24747
2135111825,23259,27758
888897798,4066,6198,10099
2473098846,22095
3290610180,46806
1503844454,41250
3088988900,3070,44361
1719122076,22192
1930796132,4025,11063,11348,18498,20462,38989
3528079002,17543
1754159059,844,20143,21420,36161
740070212,8305,15632,17096
3099312558,1689,2522,7508,7609,9899,10963,11163,14318,15220,16848,18250,19678,21071,45769,46443
940625956,1632
567780890,6466,30337
4282143654,689,1573,5697,7126,7476,7814,9798,13423,18685,19968,20083,22943,24545,24822,28449,30687,40087,42386,42891,43977,44090,47823
3551327956,1688,16441,41289
3302871214,6192,8631,10328,13108,39408,44426,46222
1574619837,31513,42989
2820170029,44423
4131762746,14747
2969868810,16942
2884899842,14263,30577
2959556293,2126,14441,26174,35388
1485407164,1858,26360,37185,38331,39152,40295,47919
939128311,6878,17292,20134,22157,43174
2086374238,1682,9789,11549,14450,14516,16210,17977,25410,26892,31019,33899,36136,37549,37674
3577948509,28866,36817
262118716,1072,40690
587428208,568
3010934669,19192,32420
3406100154,1425
551808738,1854,4220,7679,11699,11881,13471,13525,16286,16366,19410,24180,24638,31923,36900,43388,43484,44796,45941,47725,47865,48216
2183031683,4244,34967,38492,40258
3982300918,1676,8247
3561719655,560,1582,5988,19149,19601,23727,24378,28398,30743,44241,47031
840041290,2296,21066
4280468614,32644
213674197,812
948820359,2062,6541,9942,11331,14884,15055,15968,19779,22956,30967,35004,36989,38944,41350,42550,46272,46715,47685
2465139509,107,20724,20725,25496,40848,42296,44303
1390940483,23897,30935,32159,34868,36020,41733
3194284258,1219,1790,6560,6823,7857,8977,11129,11470,13518,15653,19622,21217,21847,30794,43357,47005
3141186428,12530,18231,18630,24146,26931
977645373,1658,15691,31817
733433965,26630
61569096,13778,14922,28329,39157
4116827307,1346,13884,17694,43635
3109852455,34187
1303130337,6764
134505630,5626
655322332,34679
1060307509,26853,29721
2678178884,18732
2606124966,1375,1654,8470,17660,27083,34888,35307,37051,44557
1744986819,6726,9708,10112,10251,15700,17144,18283,18736,21195,26402,29127,29215,34521,43836,47061,48102
2880547916,14288
1397273157,1634,14921,22749
8661390,884
1430965287,1633,22748,34652
678193037,5381,12921,14116,15982,20317
2044985866,872
1861824451,35700,40798
1442482473,29683,34735,42238
192104074,1291,5609,15086
433715083,26960
2615190508,1630,32540
2105170602,1629,32539
3584562816,4953,30361,40694
1233000336,1331,1611,11147
2666584017,27288,30078,34576
641902339,1628,23754,32538,40496
3483676458,1622,45218
4071210747,23273,27032
3454246950,72
1467525340,1403,2825,23442,47116
3741194792,7975,8053,16316,30523,30877,42896
954198828,1121,25154
963897512,1620,21972
2637646241,45336
4273504611,1613,13040,32387
2084689078,11781,29536,41245
1563034196,94,9263
669774863,15820,22087
2103804039,20524,29982,30353
2569198316,822,14243,36433
2935192314,1609,16709,41484
2135736745,29567,44959
2173108717,36899
1402473095,3922,9180,13199,45870
1389314872,39459
1855744101,7470,8733,37654,41075,41944
3166795060,1319,6245,10575,13714,15440,15921,21581,26288,28278,34754,35189,37384,40429,41972,44319,46155
70673996,381,7905,23380,26053,26556,26737,41226,44295,48342
2444248014,1606,1684,14587,35357
3098100857,2951,20240,31590
1812715154,3274,9738,15274
1682475705,11948
3211229576,17205
2197881981,47325
363385503,212,17568,45904
765393647,3549,8109,17124,35788,44814,46269
3204465939,2420,9403
2039268009,3783,40098
3918254897,23544,35133
434899102,1942,5500,43996
2459693263,13873,22129,27500,31185
932718304,7588,20085,23524,24547,28059,33781,44092,47468
3661379521,721,3728
1329181942,1598,2369,4057,8147,11333,19225,20851,30464,31595
1200305830,18061,44344
57185716,1591,10647,12270
983004878,22039,25544,46846
2784250004,6100,15907
3267838051,33529
3576477140,1449
348279101,607,3351,5106,6263,12930,13914,14502,15077,15757,18409,18919,20475,24839,29998,30420,46938
292038464,1586,3118,6249,9126,14585,29175,32127,36359,36580,44778,45855
1664545702,4014,25398
813844191,86
2403929577,539,10026,13988,21336,30850
1256925660,84,21727,22222,22636,23363,25626,27006,30550,34056,38310,40619
3208941053,1585,27697,29186,44777
166961845,4420,11695,17753,25759,32182,33708,37020,42581,43574,44740,44981,45779,47575
3754811173,1581,19148
3984134235,3,22214
771937439,10753,15335,22082,46014
2292558856,1618,11856,13176,13901,15020,16643,18710,24710,44000
1455084751,22408,22654,23210,25551,26043,28528
2252703372,19376
512252936,6590,40786
982915931,44517
480328600,16661
3681149749,4434,29288,32194
2827633431,1574,3593,19934,36410,46631
1973070985,24587
3410332004,22159,43376,45816
89543055,28909
734519448,1493,10077,13315
2607241812,21045
98625613,34613,46028,48222
950552672,3717,17563,18896,19473,20766,21583,22929,27243,28280,31919,36617,40987,41185,41347,41888,47065,48338
2146889302,17757
830849209,283,2200,2910,3405,4551,4671,6707,6844,7549,8367,9466,9541,10924,13012,13769,13859,14341,15165,15213,15849,15998,16974,16991,19111,19349,20362,30763,34419,41967,43511
1826482864,9945,17141,33755
1572064583,570,13183,24360,25589,27921,34510,38586,43043,45364
4272994003,3476,22568
3643536952,1552,3043,4448,6702,17355,18025,18841,20109,21398,40367,43781,43806
3052478953,24401,29155,34974,35764
278750306,47801
298629547,26451,37520
2863445697,540,13989,20696,21337,23228,31000,36814,39587
2321688452,11,29314
3377472431,1920
2845712704,3440,10192,11478,25900,31325,32870
3212345221,39592
3601366280,1543
989378710,196,10985,35977
1072435355,20972,25334,29539,32032,36636,42139
2797803998,48262
3256312391,813,20965,26455
2602442617,19446
274080077,33032,37236
641756026,561,1009,4446,4890,4926,24379,30744,34708,34978,45164
1080636359,29798
3774650865,28826,45399
3839481397,4322,16004,23952,44376,44586,46181
3385629114,1540,19255,48386
3482577686,11874
685308465,3907,37080
1314475668,495,6011,11523,20589
290572673,42586
514284856,23269,23437
3638463566,1534,21967,47105
456651094,1532,4899,28732,41207,43817,45181,48131,48297
2057889415,13970,44261
3950180727,39255
4291162430,284,2695,5684,38719
2238323783,927,8418,8852,12957,15205,16627,18859,23252,23429,26502,27167,27867,28291,29431,33459,35555,39292,39902,41584,47831
3240823099,35830
2575885997,18026,20870,32856,37018,43807,44684,47206
4238668982,14126
1708748727,1526,4906,9774,17387,33442,36862,40135,48025,48039
3549797309,22693,26444,41366
3902689277,1525,36633
1604507419,1524,26793,46058
505115857,24458,30081,30475,33397,48290
1218230538,3480,9914,22572,29987,35954
3671658055,11452,23813,24583,34338
128293415,4133,8744,18042,26014,27110,46598
318774523,17482,17517
2123903437,38419
1229234724,17692
3861652561,2133,3943,4651,8026,11661,12252,16088,18690,46410
843296129,1889,17940,22259,38923,40303,46054
738868280,19569
3450080100,1517,3582,14664,15450,22757,26366,27637,32164,35774,36936,46672
2109650036,18447
3324062666,705,889,2685,3601,3967,6390,9107,9924,9954,10602,13059,13206,13327,13455,14358,15226,15572,18733,18898,19475,21983,22625,22915,26399,27585,27781,28057,28588,28646,28950,30510,30758,32739,33090,34970,35640,39597,39621,40114,41416,41890,42464,43576,44568,44789,44861,45781,47067,47090,47637,48445
705118976,883,4088,33645,35354
2091800172,839,4440
820682103,93
698013071,740,14703
2327966266,1060
3009972152,1514,41705
2363376742,456,5546,15370,19994,20950
3637741789,1502,5847,6394,7740
1856224332,1587
3337002817,2436,9850,42222
3886544730,1499,5098,7893,16638,32461
4260518724,3746,11776,14221,27985,32610
2243354395,33240,45591
3500286106,35936
3300601898,3496,6787,9262
2615550664,2880,29781,32685,42949
3424501537,1703,18789,31729
919549248,26896,30148,44175
1252313418,1494,2301,10078,16054,17668,31934,44219
1102163483,3811,40355
3205931704,11950,21612,21852,28575
319838617,10426,13168,14467,16446,16806,24687,35379,35505,36682,37565,46648
3509749580,987
1700950801,13448,15663,16107,32332
3985353050,2293
125628395,1061,2123,3648,12659,21768,22220,22890,25394,30152,31908,32504,44603,46878,48433
253433667,914,4314,6215,17229,47766
3613408126,1000,12083
3222645963,2478
604632225,6283,14322,17807,45876,46223
4095184168,47163
165575134,1488,6167,12011,38781
268232527,1485
1411638425,1477,32362
433317255,28356
3432166362,13772,24201,34194,41556,42308
4205865550,1476
3105081438,1852,2272,42039
958970877,14920
1217921372,26646
1966568959,1472,2300,9858,11765,16053,17667,26414,28464,30724,31933,35990,44218
643732522,25974,33451,35113,41638,41735
2757562608,24522
254762183,1468,5346,8158,13558,17285,18000,20199,20374,23112,25283,26438,27402,30311,36834,38271,39148,40287,42184,44623,45929
2235647302,1085,10719,17110,17462,19493,21274,30066
328455851,574,4416,9119,12971,14937,17241,17484,18753,21552,28050,29008,38824,39518,41147,45906,46118,46593
1561894605,22753
1227652340,12883,18856,26656,27353,27447,35397,35767,45881
4180271976,5702
403450164,1813,5773,7260,9768,10296,11283,13721,18140,19712,21135,26606,28410,29681,31225,31277,32783,34981,36354,36781,40541
329462355,27706
2949147962,484,12329,27246,44144
1352816731,755,7889,11265,12093,16839,18520,24800,25821,27218,33270,39635,39780,45374
1707823801,2676,4539,4566,7263,9082,13505,21138,22373,27989,30879,39263,39542,45205,45911
2067698668,2484
616642660,1465,43540
282427185,494,1558,10907,11420,12109,12193,12457,14599,17594,20336,20588,28689,28981,34541,36384,38735
2714168161,1253,18588,30159
1036302774,48214
1481618346,24389,36292
346728279,19440
2600557502,17252,32524
3103765305,3277,6713,9648,10049,10121,12798,13417,13731,15412,15696,15712,17337,19742,19745,19748,24199,25530,32839,32842,33052,35383,35557,42505,43604,44443,44609
3553421467,1462,12175,20583
2850920051,14226,14264,15292,22776,24657,25309,25892,30578,34160,47420
1016768405,1646,44143
4118470058,1461,12174
115618584,1884,16442,24113,34088
4076113735,21158,27736,43272
3214962735,1457,22038,24273,25543,25917,27004,31129,31947,33294,35670
3650610541,25832
2435603598,3213,13528,22579,22971,33506,35433,43391,47356,47889
2322277929,47220
4240174638,35472
3050051103,1451
396701625,30,6175,9172,9668,37397,40238
1869739356,22689
1989349374,6280,13902,14810,15021,16644,33448
2022553991,20817,27776
2040633406,73
3517869320,16592
403304654,1380,16578,20421,26528,42249
3860527175,24722
138351463,37229,39940,44388
3069118229,10967
3897841110,333
3705975209,1426
1191981901,21034
1633842335,192,5037,9699,9825,10612,12056,13301,13499,14142,15386,15891,19386,19769,21655,23317,26495,27405,32749,34624,35045,35450,36842,37519,38888,39863,42015,44465
2866217322,42379
1168535284,19320
2239460097,2356,5216,23167
2546356251,24024
103155187,1419,9025,18977,20073,28416,34142,39976,44202,46218
883272553,35205
285463040,10735
1264126176,5011,5911,7518,28367,46145
2135956869,1415,16782,24479,27158,27457,31866,33867,34275
4011298955,33662
2142704109,3349,20828,43922,46064
2102824663,31360
2066219319,25277,44707
2543862505,1414,30702,31447,31865,33265,37677,43197,46447
623626836,26839
1905654783,27660,35658
3764237142,11179,25325,46001
3567079540,1679,33378
2357650799,304,10425,31796
3444345421,1413,26016
3609825504,47944
448640430,438,1528,9612,17389
467542425,1412,10626,13758,25077,26062,26473,26828,27302,36405,41175
4237785127,9007,33232
742029522,20942,41957,43626
1460311170,22605,22684,23051,24567,34681,35761,35836,36256,36269,36984,37183,38329,46946,47877,48033,48053,48372
2891925126,14885,15672,15969,44120
1037764199,1407
3682747650,41253
1272910448,7510,8453
2149564029,5880,44333
2926840558,31978
2965596077,1513,41704,45409
4116590924,1739,18869,20267,20393,42610
4277171391,39028
3729270706,27320
2747071234,621,47632
3001704491,38253
1583977715,1907
328238479,1555,18649,39859,40885,40944
1404267396,43101
3877959909,1283,11237,17718,30448,48159
2034971377,8219,33964
2042490368,1405
906728166,1401,44482
555094976,1397,1427,4438
1230232539,28640
1913999286,1396
1496636446,36611,43810
2879246509,3794
1273783520,22510
4191814382,31036,31588,33930
4278366484,478,759,4084,6220,7282,8160,8273,9476,10369,11798,15597,17287,18466,19251,20376,24338,27249,29398,30672,31888,33419,37701,40970,41033,46088
2648701389,8908,12704,15153,23685,27270,27296
3983514635,9452
1670841775,1386,3991,5943,9159,9509,11055,11383,12888,14255,14641,16415,17000,19096,19722,19782,22387,25245,31382,31790,31870,32320,41554,42173,44839,45477
609925926,10023,13985,22121,24190
3706588017,3749,5386,10360,17567,25989,45903,46360
3587186583,1385,2204,4691,5442,7410,8857,9508,12024,12828,13479,13932,14009,14640,16186,16414,16999,19721,22386,28262,31223,31381,32769,32781,33424,35175,35463,37016,39522,39711,42172,43672,44014,45476
2259446938,32404
2584743860,10131
2674084718,8376,25223,32021
4225468949,242,6993,21975,23817,25003,33400,33775,39229,40746,41817,47869
3712262457,2094,16868,17993,35932
838892868,3536
3001782855,1363
3957553588,1362
993633127,3382,4559,14705,16737
3559888813,1351,8116,9070,18111,20624,20788,26716,38026,38340,41319
2757218050,1452
2875019158,1350,2173,16856,18110,20787,21699,25575,40772,40878,41318,41762,42648,44274
3710339280,16604,47480,48410
2185317977,1348
1782275799,37651,46585
3747437498,53,8564,44850
1696871838,17644,44506
3923089660,21783
1611760376,1342,6334,34405
55957020,28990
2582394112,27149
2594132303,10758
3497936329,20675
3655425627,14411
2801762185,27593,31469,46298
1745194173,1330,3958,9671,15903,40096,41471
3618226832,275,3853,4754,5841,32249
1108529190,738
749159832,32494
1351729392,9531
4240584098,541,1921,9102,13990,18130,18367,32115,36123,36815,37338
812020941,36975
1294715356,24414,29765,44636
4144096926,1322,7580,8970,19364,48068
2014009309,20309
547263508,211,1969,5251,7118,7611,10807,12856,16850,28460,32239,33342
2162456061,48,33364
3434581736,2337,24464,25549,44660
190099428,26431
3067959851,28951,29887,44569
2792867092,1341,6333,15754,33978
3602472752,11105,44414
336244893,809,43205,43287
1862276858,5308
467875401,6121,12037,44767
2596032378,2196,11895,12275,15242,19720,20827,43671,43921,45475,46063
533601215,37092,46048
1216095515,1672,4590,6482,7200,10363,10479,11884,11965,13233,14859,15944,17073,18011,19924,20947,24939,33057,36373,36482,39198,45008,45359
3417214315,177,2861,2944,5019,6904,7333,7569,9853,11773,12045,12561,12945,16742,18055,32137,32988,33751,41002,41049,41494,42381,43474,44280,47045,47618,47982
3565530911,6723,6879,17293,21496,22158,23343,23462,25933,36677,44671,46008
848263327,39697,45507
311961009,1314,34415
1011602032,1313,34414
1743915219,19557,22453,34125,34561,45593,46034,46877
237383685,2931,35394
1141827882,2069,9665
293823173,25458,26066,31902,35192,39096,45122
1248055599,14999,34850
1420671389,5317
4206768973,945,4727,19288
2153475957,37065,45986
4194969359,3921,9179,45869
878182546,1569
518658843,8543
2212392053,24723,28772
2451380134,21803
1805812503,5972,6654,23408,24508,30445,30931,33973
3932603018,7884,13665,24597,44761,46543
465108914,1308,22908,29364,35001,45169
1488375490,1304,5400,5448,7152,9517,14566,16603,22202,23447,38739,48409
3482370760,27903
371496493,1032,12959,13172,15426,16002,16629,18861,26332,28293,28520,32724,45820
2571405824,3086,17951,22139,31400,31780
2266252811,1297,15884
2758816317,2573,3364,8350,9834,21670
850784334,1029,2565,3342,4819,34288
1163223965,7644,8212,11957,14349,34144,34790,36286,36452,43565,46428
1941891384,14262
2502956783,47656
1841772713,1802,2927,3131,3808,4159,4407,4579,5230,5331,5417,5659,6606,6778,7600,9015,9513,10828,11221,12077,12308,13255,13612,14218,15147,15351,15670,16731,17399,22280,22350,22660,25692,31269,33942,35685,40628,41910,41938,43873,44118,45605,46917,47623
1158307860,3646,12657,21674,31350,37100,41599,43055
51038515,1554,3045,18648,20782,30942,38231,39858,40369,40884,40943
2494709125,36995
54939812,23585,26595,34669
410685146,1289,1872,9710,11320,16653,17146,17211,18285,29049,32234,36248,39405,41429
294958744,7514,38309
1348142288,13239,25274,27126,32049
1909853002,26076,38064
1187733627,18750,22497,22770,25266,26362,28442,28672,37983,46752
845980414,34557
2831682875,1288,11319,29971,36379,40895,48230
3516025398,1287
1282566965,14741,14932
1148321923,585,4732,8998,9895,11843,14351,14836,22539,37268,43419,47260,47925,48066
1160201370,40917
696986766,28315
2738737228,1019
2991050423,567,24455,26579,27311,32188
3017599703,613,47331
3697497697,1504,28550
4022710578,9198,17035
2726571953,22616
866667079,1269,17323
4252081162,12133,17134,25304,33278
541865890,36021
3855921969,23584,26594
515436013,24919,36442
510256254,5479,13439,20444,20633,30943
3816695091,23070,47213
2279579115,7754,13820,20295,21317,30777,34701,37192
3168687691,27327
1282590045,24415,29766,44637
3949983002,4696,7005,10475
416548806,524,23154,34051,40325
1894916268,714,34355
1159758018,1268,10064,11803,14734,15641,20818,21987,27777,30926,35407,38626,39766
2853589165,742
2201016424,47096
2144310439,1263,2962,7256,9303,9890,18666,18900,22519,22627,25598,28523,28590,29062,29565,29946,30599,32112,32226,36009,40509,40858,41788,42520,44545,46934
22006816,1298,6650,38570
742729017,6226,26262,36521
3555757039,30216
2414462051,1834,9355,14389,23162,32186,32222,42053,47561
3027420261,648
3702626937,101,2757,8155,8356,11618,11890,13554,24517,33485,36149,38267
1740145649,29100
3803926153,2454,45320
2934461920,6093,13341,28830,34072
2097116107,1768,2231,10990,31300,33489,38600,40685,42199,42920,43727,47455
85594181,4117
2111603786,2581,9010,30052
2909955795,10201,12314
807330387,7155,14593,22014,22552,23750,29372,33799,42118,43526,43591,43693,46031,47955,48452
264205362,6709,19113,25214,30765,35387,40442
2715606640,4003,6244,9376,10574,11094,11203,31496,38650,41971,44318
1954542586,4986
3479563889,4012,18636,19540
2526604016,1773,23433,27291,30132,34137
726691600,1242,5258,21329,29491,40119
2626252088,1627,17738,18186,40411,45992
1904748432,2781,19462,27514
3639546255,9111
1737440413,19542
2195618650,35870
3620803356,1301,3107,37367
2189117087,22649,24081,31328,38974,47321
2583601363,1249,34581,35502
1922153469,4429
2986021970,1255,4472,5855,7107,7320,7341,7736,8430,8619,8640,11377,11853,12514,15438,18590,19503,20416,22499,22772,22836,23929,26036,27527,29212,29737,29854,30238,33863,33888,34479,34884,34919,36750,38174,39958,41268,41499,43146,43925,44265,46180,46760,47537,48361,48416
3407163562,1248,35296,38838
1334323121,1990
805567164,2115,2947,4143,4482,5792,6666,8447,10164,11228,11235,11387,16341,17716,18217,23457,29001,29907,30969,39451
1796306915,5176,32084
15692984,2982,46608
559552614,2682
2995511319,32491
3911293689,1239,2007,3603,3969,5255,6637,7128,7208,8642,8812,9135,11328,11586,12135,12516,13096,13117,14360,18687,19069,22150,22913,24763,25782,25993,28055,28533,31297,31405,32673,33499,34481,37167,40116,40483,41501,42388,42462,43026,43304,43578,43930,45489,46868,47706
3397217152,26468
1331341609,9029
2204186665,1696,4708,5843,12702,19436,21779,25017,33444,35461,38939,44449,48041
2360423499,24851
725354810,475,19683,21680,24059,34178
1267080349,36466
3354446108,11174
73368953,37973
2288168427,9530
2415869882,37804
2970456987,17906
3361874045,36898
1417529527,24814,27744
2468673573,58,61,26779,28870,29139,30572,30800,31086,34343,34346,35520,37104,37710,48109
546897718,1233,46425
1151515732,75,3416,9382,23081,23545,23690,25252,25743,26084,26760,27200,33219,33733,34684,34828,35134,36540,36733,36807,36876,38592,38878,43504,46405,46850,48375
1664099862,27684,34937
1979467433,4147,6597,8179,8256,16618,17869,36456
1572704131,27334
22894843,21914,45199
2560320586,1198,6917,20224,20656,21177,22364,23002,25280,27534,36830,38220,41663,43337
1480103718,498
68190449,666,34488,38235,46492
3392601322,1229,1815,2546,3514,8721,11285,18391,39172,40434,40543,42089,46100,46319
330128109,15143,18150,29573,47721
2308089132,2821,25662,28620
270445551,9423
1698398558,1170,13138,14193,23301,32283,33247,36629,40246,43954
2913856090,27369
2530335423,1186,17153,17581,18392,19164,19650
1756728129,901,2915,8709,9227,9345,11025,11253,14773,17318,17598,26144,28380,32141,39236
3567906020,1127,1600,6354,12035,13691,15417,19861,21154,25177,26192,28792,44765
3560234513,6448,15121,39927
1929440488,2119,6670,14368,24291
2129894955,27131
2535201457,1045,2987,14084
3166194993,46080
1677412146,3284,10252,15330,15339,25747,32874,36420,43837
3997481470,3447,12691,14973,29870,41112,42301,42884
2737873900,1212,26009,45753
3116384784,4320,7659,18958,24727,27223,32586,35880,42459,46953
1049310798,29549
35299069,20559
2614909022,4699,11444,11594,12245,16217
4035397987,43079
359255705,1209,5575,11616,13250,14549,17026,27955,31333,43736
816578868,10304,13910,23652
196839312,13601
908831247,629,8365,15163,15437,21215,41498,46179,48324
254105373,4908,5213,19819,32251,32260
3866906707,187
1554651538,16092,24771,29773,31979,43962,44438
1493419846,2215
4044182814,27314
2885716218,5562,35417
2972519728,11438
1924473255,1206,46059
1022607338,44131
2797903282,10521
3446809542,1205,36632
4073734120,4751
3152894739,12880,20793,35253
538877305,2384,9098,11225,12288,17664,18009,18363,19156,21148,31568
2062349987,14427,27614,37107
3145492459,7417,44123
3901417526,29,1051,1738,2834,3481,6174,7387,20392,22573,24033,29988,40237,42609
853144082,23121,25275
570401675,42951
3207319987,20614,44689
149664067,11683,34068,38698,46078
1358263213,3931,4552,4672,5030,5161,6708,6845,9542,10206,10418,11918,15688,18136,19112,25213,27366,27379,30764,30918,31846,32018,40537,42032,47854
2478847446,199,1118,2447,20539,21931,26214,36562,40558,43917,45307,46374
1706118622,38,9629
2686319404,10320,21366,47781
1264703583,1196,20465,21175
1560595970,26453
148513978,1194,4418,9432,11663,11693,12822,38612,42579,45225
4213008177,1865,3792,12031,12654,16669,34713
154185013,661,887,1145,4648,6375,9935,18273,26397,26541,28644,43446,43882,44246
3057754581,4394,5355,38326
600583572,35498
1625922929,27623
1572994275,4369,5220,15394,20781,23856,39677
3392630966,2314,7500,8813,18688,25783,31298,40484,41502,42389,42918,43931
3252856908,29453
1056741916,2794,9440
1976803091,19910
1826834287,16179,19552
175870744,843,21419
1127374027,12171,23130,28457,36626,37459,45730
966957847,4266
3735975571,4191
2721625002,8340
1050157695,14171,45330
668743791,19377
2824693158,4991
3335421757,14696
1066982934,1180,4357,4487,11395,30370
1688351196,47270
891998574,22751,30335
1121861626,3917
2726207770,21011,28362,30163,30692
2725461977,37370,46446
1610914082,33858,35299
3359413352,230,12645,17224,22475,42105
507769654,1779,16012,21923,33671,35613,36230
4054286643,1178,4151,8034,8439,9268,20203,30368,40521,44211
3185443234,1122,31051
3406043660,12471,21882,21996
2693219854,16610
2156761340,1171,14194,23302,27240,32284,33248,36630,38094,40387,41514,43553,43955
2715973721,8009,18144,19449,31833,33494,42798
3307314397,26318
2702196361,19992,25169
74837513,3218,6028,15400,15540,31301,39660,42598,42921
1352183519,2253,4049,7880,9827,10614,11011,12692,16239,16431,18004,19301,21657,23319,29871,32662,33656,34626,34775,40377,42302,42885,42927,44467,45830,46262,47414
3941522400,1635,32152,36855
1794887770,20021,41331
4269578684,9065,21172,26079,26507,34117,36797,47628
1031654593,4483,11388,19610,40125
2219404752,1522,6250
2316265317,2587
277751773,14200,16129
31115556,1887
1041681887,37563
2683597061,8750
1725846567,27951
1876547992,1152,18620,27253,47222
22749788,2263,8715,11494,24731
1039828622,5999
2929965550,1151,18619,27252,47221
1974015341,1830,2391,24634,30588
1749814535,17795,41541
3453133012,10868
4140013066,976
4157198737,10624,23700,23708,25075,26826,27300,37854
2621911437,36318,48116,48461
646443896,24097
1684683530,1724
1219625354,22187,33521,47452,48019
2441071650,21613,21853,26899
3319930238,1202,25806,35982,40647
1798052399,44337
2663558034,7383
4233220846,1155,19242
1005514765,768,15301
1362820146,33601,45355
1395646708,22734,22822,31606,40640
1041610823,17936,26653
272204880,2754,6832,10372,11424,12390,12433,34604,45109,45734
975770566,472,1179,4152,8035,9269,30369
3126071804,11677,16583,18652,39422
2647854987,8525,32569,32832,41657,42003,44082
254093345,2711,6738,6828,9917,11817,19674,20679,25027,31261,39259,41822,41980,42618,43137,45739,46626
1315766548,17858
2669984334,11032,46784
733327823,31401
1265926893,32693
4067983717,2498
3078421038,209,1095,1967,2490,3111,3587,3982,4595,6159,7010,7116,8451,10941,12123,12210,12354,13827,16144,16494,17168,17413,47609
80553526,11981,15250,18407
3988627613,12346,21380,26698
365842818,34746
679558842,2850
3386557341,468,10167
4214838401,716,18385,33587,34083,45124
525991756,24876,39141
828255757,15673,41614,43252,44121,44872
1442334074,543,13992
448846421,39001
2097254687,1125,13689
1679394973,29220
1842332454,4571,37802
2383775248,940,2658,19023,45064
1133603212,20016
3467207688,19142
2213786825,37260
2281008015,92,18376,31272,44150
2650960709,10200,20323,20575
959200576,2365,8913,26497,38813,42188
2036241195,3094
3137475160,2820,25661,26269,28619
3861728857,10323
3322054196,26773
3407449528,1996,10737,12258,17821,20298,20340,45213
2854718612,14996
376968684,2574,3365,9835,21671,21990,23426,33095,46706
2164842930,791,1895,23311,26389,39267,43151,47738
1269800891,24374
3507549596,39440
706325371,16648
1471888610,1312
4245319467,10333,16887,31245,45113
2929153621,1741,5024,13409,18871,27778,35408,39767,46620
3719394620,1116
3925758855,6957
447457454,2981,46607
736531457,20428
2186964719,988,45153
1462775287,1114,23479
3071107869,1680,46242
2509473808,367,4120,15629
643578303,33405,34382
987871009,6205
2333519693,33481
201113624,25564
479500149,16280,31857
2175777983,10746,10945,11034,17249,24171
1068980447,5403
460173332,971,3890,5739,22697,23065,23085,23360,27176,29702,29741,30405,33316,33759,33892,33984,34045,34103,35693,35723,38996,39284,40864,45412
4204041521,188,22667,34927
1119430440,64,13777,28328,36854,39156
3919600268,12232
3580359575,6662,13016,40275
1038426937,972,23066,29703,45413
3770723752,30035
242973648,27941
2333308450,1102,2382,2972,5583,9769,10429,17510,18302,20071,22022,31195,32382,32938,34822,36782,38261,46906
1165765531,28988
2111167946,189,21433,22668,23059,37487,38178
2355851383,6275
324839042,10003,11037,26091,27373
1110709987,46541
1201053808,40702
3046788615,9442,9493,17022,17468,23874,25639,28311,39611,45840
584000110,1564
1699381899,1092,2541,6156,9237,11961,12120,22018,28611,28778,47751
4046345126,2461,3550,4316,4970,7187,7767,8110,8899,9940,10152,10443,13454,19139,21956,21982,22034,22954,25985,26099,30509,30757,32738,35789,36556,37680,38942,41231,46270,47089
2921584977,3039,3666,21130
2676216295,418,5871,7790,9506,24563,26159,32779,33959,36036
3212700515,243,6994,8770,19661,21976,22409,22655,25004,28529,30869,33776,39230,47372,47870
1267052011,40082
2546524195,14819
2356716398,32128
2760043538,1948,22461
3415985978,32511
2047025801,6389,10089,20214,35639,39274,40113
3346738937,1083
4266399040,6302,28106
4231355394,23934
698791147,5939,11963,12545,16338
1571388621,7920,24116,28693,29122
1405770042,18807,19792
2836020997,1078,1615,3592,5295,7254,13042,13066,19277,21126,23324,24761,29563,29944,30597,33876,41826,43455,46138,46198,46210,46630
1041124726,3023
1673787945,6050,8988,10187,11637,17277,39907,39979,40908,44141
158412682,1075,8282,27157,29560,37807,38138,45013
4008701893,1073,18269,21169,25256,26312,40691,42824
3300379309,1069,4167,10168,10213,19534,46314
2018889729,23936,38015
4137783897,2268
1727664421,20700,21035
375965823,8308,9970,25235,26772,30016,38240
4082783876,11575
4220516645,47161
901120587,1758,2620,3132,3249,7366,10107,11824,34542,39046,39803,40465,41692,41934,43161,43874,48089
715380320,1972,2164,3797,5120,5224,6621,7342,8088,9298,9574,13143,13474,13980,17107,17573,17913,19345,19811,20839,22239,31989,32470,34695,35424,36041,38561,40159,42267,42331,43131,45944,45979,47391,47601
2071229592,28968,34198
2141869680,1068,10212,17191,25444,46313
2223574563,31956
1763025867,536,4664,12588,24184
2341294706,1391,6382,30768,43710,44802
2423915269,6884,7136,7538,14866,42361
1948855771,12484,15535,44733
3332009802,1533,5990,28733,37610,47104,48298
3447493415,9247,21629
3177652131,1247,5935,14652,35295
2006265597,22163,32691,41489
249928853,11364
528912549,9076,30719
1914609536,7542,28761,32395
2552054071,1055,13122,46808
4255921087,348,1828,5858,16131,30586
3280022019,310
3335427464,37383
3832195914,1565
3036183512,43497
1829207551,38348
4275537176,8753,37418
635882717,36029
2051931992,14806,36237,45676
2306819835,10585
2708733719,1860,6888,8330,15074,18661,34942,41816,46883,47921,48313
3475576574,32281,41779,44301
3134286267,17701,37815
729442262,1043
3678704847,15824
3153615141,6471,9814,16081
714912627,1042,2644,41281
3677638008,366,7278,12273,20825,39664
2803736832,2257,14953,17801,20014,21471
3750604294,32031
1289289539,38044
1117911451,1034,5239,15582,16631,20042,27860,32588,37772
2011893380,34855
4204602327,15576
1450898489,9674,21925
257851005,1271,33171,40777
4193783643,2493,6628,11859,12081,12396,12679,14461,16451,30539,41397,44628
2492166705,25534
2374908786,20389,20407,42701
2853631624,4507,34815
1404785829,8554
3212876929,47589
2328289280,17854
779091484,1025,16175,38825,46594
3620021435,373,17199,29180
1084132645,20615
3608204785,139,18933,30548,40617,47366
3149351176,27830,30109
2975887088,11146,48075
4100467449,1020
46487019,39963
4251627991,18116,18260,39253,44132
1719276977,41092
1843078615,3652,4464,9253,11913,17125,20126,20979,26763,34028,34831,38453,38968,44815,47735
1664459538,38998
573672983,390,19701
536232194,1018,5884,15315,18189,47584
817675817,34793,44010
785096045,30107
845890735,3052,29191,30267,41199
3859490939,1017,5883,15314,18188,30996,37320,38013,47583
3906666074,1015,23753,25790
3126279470,10937,30562
257119830,1014,47324
4138598579,9635,23236,35735
835268638,1010,30745
2598261008,2659,13464,19024
3192736446,22745
982984421,9195,18790,31480
4187442260,3979,14328,21089,25653,32630,46902
1999322225,5881,39953
4007609394,16749,18489,19265,21841,26863,27754,29821,34001
2523516162,44179
4196638465,2990,3508,5763,6079,7040,8405,26559,28782,35273,37544,47818
2244791122,1008
2561995467,6258,46577
4090501675,6150,29612
2789607075,5926,23790
3171979018,37359,37464,38791
3943827008,22606,23052,24568,36985,47878
158490344,1006
2216956500,1757,3248,3743,4828,7365,8128,9166,9223,10106,10439,11522,11823,12417,13580,16823,17904,18229,18628,20999,21297,21598,30842,33621,35779,38446,39802,39910,40473,40911,41933,42472,43160,44224,46941
3047842311,11270,14064,14434,25998,28267
912727657,4762,6013
3364294089,11666,15723,18029,18105,19271,47315
3747297370,2157,3325,3337,10273,15703,17626,22339,24232,24561,30276,31047,33957,46480
2149647376,1071,18443,28413,34704,37988,45609
1037808164,35568
2136276956,7000,8889,20710,40003
32533857,2564,3439,4818,5995,10191,16509,21166,34955,40889,41323
1300501771,6089,26021,46366
2684150219,1879,33008,41087
3548906299,5896
2031028002,5028,10204,10445,14307,14312,19141,19805,21717,31844,37623,39568,42282,42986
3360244956,32854
1538586145,4110,8927,22432,27770,36090,38922,40302,46053
3679372093,14207,19857
3653183001,4981,6911,8092,9202,9241,12836,16155,29041,45533
331011316,20875
766946517,995,26131,30951,34724,37756,46710
2747803566,745,12733,21012,28363,30164,30693
2802161102,978
577589168,16306
2990489304,4527,26268,28150,30037,32365,33331
3721231287,8785,9206,17296,34370,39279,46293
2763594495,687,3281,7212,13421,19966,20081,22334,24820,29013,30627,42384,42889,45549,47936
2860007528,510,1176,8039,10903,12628,15863,19972,21820,39903,41585,44209
4267046377,26178
2249215348,986
1383978410,18122
3614128146,985
3976745839,14528,15604,22607,24569,29488,36986,37696,39084,44566,47879
2800503544,2096,3300,3436,11606,16278,24001,37836,41239
325067156,6165,12009,12766,27940,30817,43451
2439759038,14821
1961460349,14267,27061,33643,34304,36958,42874
2410933975,28222,41455
1882065900,23637
4103694097,1080,10382,11160,14170,14648,15574,16930,18847,19505,20939,23166,23326,27690,27892,28119,35577,39973,40272,41954,44267,45329,46140,46215,47825,48220
1080156172,11373
784796845,594,15138,17363,45776
859659032,9546,10101,11922,22597,43840,44037,48274
391978405,34321
2125873811,6206
2569684616,28775
3912913087,13106,27319,47460
2772543515,620,26514,29836,37099,43054
2504841231,1997,3668,8044,10738,12259,15098,16018,20299,20341,45214
1143916168,31950
2248893028,47237
3200061990,983
570927764,981
918364442,1772,24978,27290,30131,45651
2986019453,974
125136691,31214,45983
4085043167,10542,33111
3025853653,24447
3087302862,47304
745770012,973,1404,2826,29704,47117
3983043908,1105,3499,13247,32385,32941
3563264473,970,3889,5738,22696,29740,33315,33758,33891,34044,39283,45411
736073767,1124,5606,5952,9484,16064,16970,19735,20867,37789
688066350,969,5146,18243,29739,33890,46532
249913228,7311,11401,43216,43741
3583254854,37658
302436633,1727,6854,9011,13635,18494,20179,25768,26844,37571,41683,43004,43610,43748,44160,44323,47098
2523113505,7292
1032728774,3790,20990,41701
2532232442,961,3199,7111,28304,38514,38786
4147142663,23596
1116392410,2386,2471,4837,17206,24623,27621
2436078454,15738
2279336119,958,36973
574902480,5431,9900,11102
4205427320,10043,12803
3983584657,31542
1387137274,31096
4232380178,8371,8482,17122,29778,34645
2407043982,1343,6335
4130960483,950,3713,5262,8344,23291,27154,33598,34048,34507,35822,38799,46754
1627671250,948,19835,24004,26738,34882,35820,41266,44263,48343
2557176130,3839
1604806459,25063,29831,39117,39132,42855,43723
843793182,6885,9304,18667,18901,32871,34010
2618104744,14014,18123,29601
3840009464,39891
543604404,550,1434,21118
593743957,9196,9751,15367,18791,31481,45647
347575659,4985,16101,32338,33830,33927,36096,45578
582232369,22937
471160646,1245,20775,21332
2788936258,35024
2947053864,9687
3728434819,29697,37741,42832,43716,45850
3210574596,943,3441,7137,7257,9570,9891,11280,25901,26170,27645,29063,29947,31326,44546,46935
3346978320,15135,44392
2643223423,27313
4012177884,47523
1538151050,8269,25755,27748,45472
3453688912,36641
1018379590,935,7663,10391,13426,14346,37514,40843
609547440,38128
3944656585,26498
1367000288,1395,10452,29334
169847910,5129
1463863019,39643
1757268272,12087,12968,14839,29599,44181,44479,45325,46557
986958823,34498
4289691409,9968,24824,43099,46733
3360796590,8397
1095487029,21435,23061,23216,23836,24398,25140,26687,30873,36214,37026,37436,40141,43404
2107888168,9415,20529,20758,38230,44929
4237888169,39479
4265971133,8113,20621,41138
469549253,13166,14465,15838,38074,45798
3072333165,1755,2191,6237,9987,10202,12315,18160,21563,22321,43083,47015
178061701,45664
44436169,35323
574372195,5266
869284645,37619,39106
1537820587,32699
3447341752,42313
1999448935,2923,21478,38077,47682
3507953704,21047
515890981,519,5590
3778474396,8524,22506,32568
3545026099,6088,26020
1821173808,231,9328,12646,13590,17225,22476,35587,42106
2793077237,14242,36432,48071
1885940705,1871,12582
3131161551,44176
1692166816,782,3139,4237,8145,15127,15499,26875,26930,31814,35245,42712,46389
311479596,4260,44305
412644553,33197
3656403606,13637,44325
570620776,4072,4593,9199,16985,17411,26139,32935,45765
1313299245,3750,5387,7119,10361,28461,32240
2350060197,2299,17666,28463,44217
1333235279,5730
3000534519,908
4106642716,907,33249,42825
3553191583,21664,38039,39823
2670483527,38047,40314
530854844,14091
2963067912,576,11092,13369,14181,18133,18763,20481,26110,28052,41031,45022,46485,46730
706298294,3255,7552,7608,14317,15219,16847,18249,22131,24112,45768
3753891937,3114,8682,12357,35808,36388
2927003507,1131
1949620486,25582
482797567,4698,7666,31493
1610557014,20077,25842,47358,48435
101717638,895,3704,4226,4341,4473,5856,7108,7632,8547,12541,33854,39959,40527,42450,46437,46761
2573494804,894,5119,7448,9297,16778,16946,32469,32671,41952
1830191121,1382,4335,8569,12497,20423,20737,29344,42251
3630472272,821
3575982092,26915
2918037022,15662
2382852150,45677
306667306,476,1272,2639,13046,15888,17378,19684,20164,21681,22288,24060,25303,31081,31608,33172,34179,40778,43022
604616942,31113
2427643638,25367,25587
2463349272,402,875,1553,3044,4767,5408,6018,6703,8859,9322,10308,11089,12026,12777,13186,13212,14078,14178,14630,16188,16517,16531,17202,17356,17504,17783,17981,18317,18644,18760,18842,20097,20110,20349,20743,21399,21708,25185,29805,29920,30269,30941,35177,35237,36363,36504,36885,36993,37498,37714,37792,39857,40051,40368,40942,42205,42851,43782,44823,46996
1674651421,886,7158,32339
2575287231,10553,14052,21586,43361
4061230470,47809
4260434352,22779
3316566541,7129,25994,39785
1468745475,37136,41345,41886,45119,47063
1114401118,1851,3178
3093837902,885,7157,27216
939294950,10255,10342
2884461244,40588
556352668,7,3234,6551,16834,20911,42724,46325
1156594169,3638,5680,6118,12752,13289,14379,14827,21509,22419,32917,33388,39565,41725,48467
795910092,35319
3231219414,823,14244,31215,36434,45984
109163315,24321
4253664577,874,10307,17980,32855,36362
2041765104,17081
3181980440,1204,2857,17561,30574,31917,33608,36003,36911,39429,40409,45686
928399685,1087
1370976187,15545,16679
3038397052,2408,2430,2761,8359,21099,23005,24879,26308,30983,43619,47787
1030748702,6688,9773,21321,31317,33441
1627471708,23520,29391,32495,41000
3160643163,1777,6274,36228
1873640510,33829
1106907648,1234,23391,34977,41301,45584
3756209896,852,3642,4327,7602,12195,12464,15523,18292,20516,36386,47475
2422813718,21307,21502,24008,27419,30236,33317,33893,34046,39285
523206843,33677
1406465003,113,4319,7658,17235,32585,34183,44062
1743851482,683,2031,2313,2625,6414,7499,8534,13996,19776,20732,21637,24901
1717678132,31566,41835
716082401,4395,45669
1236555283,2446,38695
3846781082,842,22073
3633580084,34225
1426244423,3378,3935,5173,27596,41875,43826
767390526,3097,4233,19118,20491,29752,41719
9350561,46618
3899998340,29609
3981704861,336,18757,23371,39417,46081
3604967086,369
2367108620,2536,7774,28003,42319
3204040710,24610,28408,36820,41327,48171
434206357,21968,22032,36496,45290,47346
1486894445,16555,24974,30307
1336691670,3594,4323,10156,16005,31854,36411,38638,41059,44587,46632
315757841,797,5917,14625,44853
1834933990,3011,3848,5451,5718,6697,8486,9598,9959,11542,12202,13836,17876,20398,22392,22728,24162,27338,28495,36714,39366,42367,46331
1880097769,7104,8626,26117,36124
2381719131,2220,19307,23821,31840
1896957271,1046
3607009360,4385
4222603726,19004
2916295222,610,1148,1844,2034,5781,6564,6684,7170,7303,8645,10091,10141,10960,11211,11640,12138,14363,15160,15323,15760,16458,17603,18257,21212,21750,32173,33502,35813,37467,40155,43029,45246,45860,47352,47882
4250151236,13001
594149095,15435,48322
1912044303,516,9868,12757,15460,15869,34546,43442,43700,43791
2316096388,41076,41945
1248892322,4781,11196,13090,19035
3526443512,4243,5246,7811,18540,40257
3766666009,21921
2593199962,3362,8020,13781,20175,29695,31835,40679,43714
1368030338,501,6228,13147,16656,41432
449965100,1593,8156,11619,11891,42564
390720383,5977,6629,16452
311411138,27973,36571
3391555470,433,21786,25923,31743,33291,48061
2523570933,32050,34100,46546,48282
3207479063,1168
3732604396,2686,38637
577719987,810,9209
4032821561,222,590,1218,1789,2199,6559,10933,13517,15194,15212,15652,15848,16973,19110,19348,19621,21534,24363,28914,30762,31823,34418,43356,43531
1639931182,27427,28668,37522,43493
2725135678,855,3434,13109
894152266,2958,5577,7746,9715,10007,13218,14870,15496,18438,28709,33132,35411,36470,37149,46193
2403371560,1674,23617,24941,39200
3067845954,4726,6557,10931,13565,16426,40932
1635333696,4130,11267,23186,28264
2562343867,4172,8787,9208
1963488566,802,18232
1820866709,21961
3623117955,12102,41406
819294079,32132
1259720837,39547
3272050370,1089,7232,25372,41792,45463
1857805885,13600
2014136924,427,47965
3283479418,5,2550,8600,10093,13348,18348,19253,24387,30674,35310,37469,39990,40594,40790,43008,43344,44749
2049827449,35248
1800055100,544,1026,13993,43203,48253
777657068,16612
3203031021,14855,37558,42901
863476549,5693,15179,20172,20571
2604312385,780,1953,2159,2617,3835,3923,4376,4382,6008,9181,9214,9694,10275,10413,10572,12004,13084,13200,13804,15705,15743,19332,19395,19944,22760,22847,23088,24336,24689,24832,25942,26153,29744,31812,31886,33154,34241,35507,38212,41279,43393,44486
2515829402,1808,1959,2176,2959,4031,5534,6486,7312,7861,8139,8271,8423,8699,9374,10367,11402,15497,15509,15595,15880,16794,17433,19430,21702,23377,24999,25209,26873,30670,30898,31304,32717,36182,36471,37150,40229,40421,41765,42076,42963,43217,43544,43742,45231
2069883624,24662
2810267836,7482
2788970415,9321,14077,17503,39856,44822
2167174312,39079
2071558506,9002,25696,37310,46819
2009217017,7295
589706713,1337,9311,10803,14399,19999,30993
2078717898,3119,14586,35649,45856
1241054157,227,21908
1293005983,3000,48042
531994199,15964,37028,45784
3083430351,980
3534612030,45003
293189916,23794
3203314764,4096,19195
2591474501,770
2981071963,555,3767,6310,21219,35703,37589
2477645659,10244,34672
3198314784,16019
3078704766,15789,18347,24386
1853274040,8612,30830
1286546929,23542,23730
3678194610,6609
170960653,27371
344514712,9628,12729,24206,24467,26349,29254,34171,34210
1808944687,1915,2524,3034,11719,12398,12867,14355,20057,37389,37900
2020273713,3428,7822,16376,20251
1473277153,520,1429,5591
4242380845,33310
884838356,45154
415065917,26680
2417283771,39480
1928969375,23134,27231
4104738068,2469,17020,26281
1765363816,414,28348,40667
2933917060,38641
575616726,10,12065,13368,18132,43124
1650593078,32029
2978798977,35009,41518,46502
3770530924,24044,25848,29726,47337
2287384695,605,13912,31781,34915
2426763146,19856
2222914566,3888,33757
1952153681,244,492,5227,5327,8771,10609,11156,12375,15381,19066,19662,21977,22656,26050,28530,28687,30870,33777,36382,39019,39231,40516,43426,47373,47871
1922681752,10061,30622,34946,40163
3362231426,2894,7760,16958
888275865,761,906,8870,16911,41860,45862
3209652398,10344,11038,15638,15911,32536,33048,40598
1927015428,13204,14881
1943338738,3882
3641213597,14722,19705
1341529131,449,8916,42719,44550
677161103,1820,20472,24354
1344510672,135,32070
1248351337,15357
126734292,751,13107,14436,17213,18516,30971,39407
361389137,801,11724,11778,19643,22738,34492,41375
2150625923,169,15478,19633,25044,28515,31055
4081226830,27548
3987703643,4842
602385497,864
2102554457,10607
2129567025,32997,36402
104990165,166
1314580960,8895
1284183615,4146,4633,5601,6596,8178,17868,20206,20988,36455,40870,42656
1202339620,35859
3350260975,6102,8955
3699344991,32020
2664061547,746
397253520,36491,47429
4257870571,22067
2784608299,14547,44812
3658982512,24892,27188
1275068046,20464,20665
700269033,11002,14099,21233,48476
272484086,33393
3834680183,8943,19424
2038582867,37629
1189205215,23356,34966
1239023443,409,1846,7267,9163,9478,10480,10831,11015,11117,11519,11820,12985,14966,15945,17074,18012,18468,19100,19381,19925,22353,31890,36483,40402,41152,42983,43157,44696,45937,46913
1918926603,12166
2267240002,9744,12343,18430,18571,33284,35904,39751
1889152259,2776,25374,40852
4062030876,14790,48047
1444337484,137,26784,40615,46766,47267
437066429,3644,12466,12655
3227257496,8265
3639909482,1669,15575
2567935848,773,34523,39707,48081,48231
4130723712,18827
830660084,27575,46202,47071,48136
3099651586,504,3966,4246,6343,9106,10139,11209,15158,17182,20188,20497,22624,25503,26241,26456,26744,32334,32821,33559,33619,34969,35712,35811,36889,37301,46092
1352746103,42328
4132548067,735,4761,20128
3439645447,21445
183594957,947,2898,4729,12881,13971,19567,24646,44262
1063216097,7289
3187535825,4984,16100
2243494721,731,40350,40589
3417986580,904,2453,2673,2795,2803,7199,8598,11883,14130,14776,18427,19923,21026,29793,43037,44372
719195333,306,1047,17711,32346
1568073761,771,6750,7627,14498,17209,23786,25415,31969,33902
3883225203,10747,11035
2886744966,6656,14327,32629
763705093,2492,6330,6627,12678,14089,14373,16450,20234,20549,35336,41396
2873041552,32435,46700
2137361538,10885,46864
1379912753,35114
1862350108,1592,2140,2405,6030,7045,10648,11866,19203,21096,24873,42563,43232
1121038627,20905,32790
2126527723,3332,7327,21881,21995
115792644,818,36220
303559599,30895
3815744673,4569,37800
103698103,2340,28995,30034,34944,37155,38209,43416,46757,46885,48194
2981461098,12397
1395042121,36545
1202041473,9636,35736
1612240637,1422,15908
384225866,20893,37743
3157661668,39306,42153
1465354483,722,3729,9358,18779,25032,28883,31710,32958,34988,37349,47939
705303050,301
1061345155,1374,1653,3763,5824,9783,9957,13834,15430,17659,18100,19478,24050,28493,30616,30924,34875,34887,35306,36271,44800,48152
1946698354,119,2277,4247,6344,11292,13412,17755,20900,22035,26100,26745,27463,32981,34483,35667,35713,35911,36619,37302,37829,44968
2892528172,11840,14957,17630,48199
581019540,711,2763,12769,14000,15785,23007,30962
2103473363,706,13328,15573,18899,20938,21984,22626,28589,30511,32920,35641,39598,43690,44736
1031266752,701,26184,39332,46537
4293983492,7743,8287,10137,37158,38264
2036407174,15312,27106,28067,28387
115031436,34909
1655487650,29824
396330652,5157,11743,16905,26651
494870774,4136,27256,30174,32056
11802646,835,6189,6384,6420,6573,7068,8175,8964,9036,9278,11455,17608,18780,26634,32484,32750,33085,33321,34989
1445346920,9448
832536527,21904,44989
1536702878,8613,30831
2709427897,696,2234,2727,4719,7269,8740,10711,12781,14523,14829,18483,19102,19894,21480,31714,31892,33807,46771
3247649350,33165,48247
2640737642,1794,2373,2463,2773,3354,3392,3641,4423,7465,7928,8501,8606,11337,11589,11709,17184,17305,18291,20460,20515,25987,32893,35541,35988,46094
1465666651,7517
1145837092,27619
2073553779,4740,11241,19995
258431065,694,4717,8603,11706,20879,20996,21153,22248,29270,32581,36233,37584,41617,44875
3702622829,693,11705,11729,29848,41616,43254,44874
4160801375,1320,4947,7435,9064,13715,15922,21277,26289,27195,32710,37385,40430
1862658240,691,6972,9186,10340,11703,22763,30314,32301,41873,42967,43824,44704,46253,47996
3480989442,35111
1162526743,21966
27349783,149,29674,33007,41086
1296932843,690,5652,10643,11492,13424,21291,22376,41948
535285181,7374,10386,47008
1759930406,3626,9803,12302,15284,18235,22295,25670,40531
251951600,505,1832,3551,5027,6377,7188,7839,10153,10444,10824,11191,12436,13785,14530,15554,17099,17903,19140,19460,19804,20215,21597,21716,22867,22910,24571,26685,28660,29059,31294,32184,33620,35286,37622,39086,39109,39275,39761,41069,42050,44614,45171,45968
2297258246,688,7213,13422,19967,20082,24821,42385,42890,47937
373419206,685,1183,3971,4465,4628,7210,9819,11427,14051,19153,20980,21525,21585,23193,31556,33072,33433,36144,39508,40581,40592,40957,44253,45599
224818055,23272,23440,29826,47114
1485783368,5116
1624525744,7757,16955,37195
5280556,601,30903
4203367906,4302,4573,10135,15318,28248,36587,48306
3669112195,8056,10237,14102,28491,35304
4256359890,35860
3815926139,506,932,1833,3956,4263,6378,6635,10154,12437,13712,14388,14531,15555,18051,19461,19562,20216,22184,22868,22911,23161,23611,23835,26686,28426,28661,29060,31295,32185,37425,39276,39762,40094,42103,44308,44615,45969
1051785665,2665,7456,8827,12681,16146,47717
408534071,5492
3743771801,9380,26340
1024240724,881,2036,4086,17289,32642,33624
3232838953,2057,5140,15122,19612,21396,39928
1019782524,24253
3688759386,21382
2882593520,20424
28997493,14075
3234184354,7837,11189,19458
1853149946,26177,45272
3636914992,2055,26937
4051601435,4201,18894,27194,33298
1917639874,401,2205,5164,5948,8858,11088,12025,12776,14629,16187,18643,25427,30940,35176,36992,37017
1410783633,26286,32148,38464
3843702297,807,4544,5820,6435,8474,11838,12222,14483,16381,25615,27967
1985817535,647,13432,17764,18382,42228
3074967902,672,2736,3257,4537,4564,5488,5774,6493,7261,7576,13821,20209,20320,21136,21318,22304,24435,26620,31226,35922,45732,45909
1058126755,5372,19415,44954
3683548822,46803
2636404016,23471,45913
1869272711,20887,43308
2191548833,3069,29879
1111260195,5265
3001467754,1276
2058065327,7421,24022,36850
3716205104,660,1144,4647,12953,16917,18083,18272,19326,23740,28643,31437,32860,33106,33550,33906,34549,42726,43445,44245
2630436487,10217
4241760839,1935,46974
4049921519,6973,15833
65123803,17583,47078
3006290331,777,9096,10083,11623,17662,18007,21146,28548,31263,38145
954500795,651,20388,20406,29189,39694
3709278486,511,10904,12629,15864,19973,35698,41586,45707
1721896627,820
284930211,17374
2317143747,8611,30829
3449910883,4457,16567,17011,36375,36597
730729022,649,6719,23658,29187,33553
3070816528,43522,47424
3978420892,340,2720,4257,5832,6509,6736,6826,7203,8980,9349,9472,11732,12814,15239,15402,20026,20326,20722,21054,21516,27979,36787,38149,43891,46168
2436381025,6937,18655,19990
843758625,1294,1713,3929,7053,7236,7873,15770,15940,20410,22309,24409,27377,39336
1292868151,799,1063,2343,3542,4479,6808,13622,14892,14963,17577,19963,21201,23769,24223,28998,29239,32413,38529,39886,40716,40819,45871
3978457449,9357,11611,31709
1763642217,32578,46278
3808079411,12149
3587296678,587,1367,8831,10974,13879,18641,22984,24314,25243,33850,36763,48005
4020543178,25535,32168,41198
3551953721,5805,11362,14067,28504,29086
1903711987,16688,31468
2392652303,3610
3255382134,9867,12377,42525,44884,47873
3577307540,2090,15988
845177848,32679,35321
1097127240,6897
961656620,11477,14590,25899
1044445448,30467,36235
2360239351,0,14464,32427,45797
4039808955,7030,20521
2336607165,45303,47259
2044719215,1479,22977,36534,46582
4180705162,13843,17267
4119460617,626,4442,11301,22396,24500,41118
45641621,27547,29099
2002716519,251
3635492947,1463
3251358118,739,12719
2158149099,2348,16248,27144,35948,38051
467004976,11564,13743
202013545,7618,29226
2063866190,45150
962869986,4451,5167,12903,15141,16299,18148,19443,19794,26395,33726,44508
1420073988,19021
205683989,762,1074,8071,10847,23303,32081,32285,42698
3030151067,9920
1513431593,17422
3301361011,10393,37395,40845
3568603031,1774,25642,40103,42688
1764227390,1299,12602,31134,43093
4294088113,1775,40104,42689
4011896804,44153
1081058899,27703,44999
1794631753,254,423,846,2423,2556,4138,4216,4291,9963,11793,11937,13441,20145,20635,21422,23213,24177,26928,32058,32606,34838,36163,37451,39838,40749,42070,42335,42909,48009
3804015189,47073
1407499393,609,1793,1843,1848,2061,2192,2305,2372,2772,3353,3391,3640,5780,6238,6563,6683,7169,7302,7464,7927,8605,10636,10959,11336,11639,11708,13700,14280,15054,15322,15759,16457,17304,17602,17933,18161,18256,18357,19029,20459,21120,21211,21749,21918,22250,22355,23800,27093,27360,31598,32172,33415,37466,38192,38793,40154,42549,44314,45245,46714,47016,47145,47684
1601173033,35049
3144856892,6039,21998
1645687819,2022,13382,19953
3258622643,15208
160933966,608,2924,3164,3352,3954,5107,6051,7523,11638,14416,15078,15321,15758,17278,17777,18920,19560,20476,21479,22025,22347,23799,24840,26462,29999,30421,30840,31266,31615,35447,35777,37465,38792,39648,39908,39980,40623,40909,41907,42470,43074,43265,46770,46939,47683
4268612268,600,30233
1988915533,15679,26966,44529
4015547021,5559,35414
2068691605,33672,35614
1800693702,606,13913,14501,24838,30419
1431345373,24440
953226626,9815,13550,16082,20814,28946,33968
1518549684,23102
1297131053,4277,13858
27420214,76,3417,23082,23546,25744,29699,29942,30595,33874,36541,36734,36848
1800362801,6743,15855,44252,44906
1248785816,8096,20285
1369329521,12737,20015
408529212,1106,2993,3500,6325,8107,13039,13248,21253,32386,32942
941382844,1217,5237,8412,9300,12264,13516,17911,19347,28116,28913,29641,30761,32547,33836,34257,37770,43239,43461,45811,45955,48125,48397
3027761983,82,3540,30834
2877172054,43066
3606351872,327,23915,28012,29325,40390
4102047803,35184
4056864196,5501
3274148808,15835
3126326455,2739,31876
2930232253,14978,20113,20761,24165,32761
1863548930,8609,13584,14603
2183520202,2078,18214,24890,29949,33356,44548
3413055812,1677
1285162180,9610,10818,20278,20779,39224
2850685453,2842,2949,14066,19847,29085,29413,32575
3867669173,25936
4234931462,45099
4283896630,206,210,1968,3055,3634,7117,7610,7828,12096,12159,16075,16849,20692,22988,27409,28459
274316082,31342
4067776208,5465
172773938,31220
2374476666,39416
3524103717,1022,9522,13887
4008354000,20426,32773
2111713908,3210,4106,4281,5389,5961,11074,13661,16571,18428,18617,19838,32100,32242,38545,43038,44373,47361,48148
376074744,2193,2306,6239,18358,21919,22356,27361,38193,47017
3978137630,1910,19392
537066007,19522
338568730,920,7238,7702,9467,13414,13561,13770,13860,14250,14342,15166,15214,15999,16194,16701,16975,16992,17436,18954,19350,19640,20801,30650,41968
3079807233,2375
1406971312,575,1444,1665,5906,7993,9992,10118,10504,11943,12253,12981,13586,13728,13838,15514,16558,17721,18691,18925,20480,21553,26848,28051,29009,31677,38933,40291,40438,41030,41148,42306,42914,45834,45933,46411
550341665,47533
3790195042,502,3115,7957,8683,9104,12358,27569,35809,36389,37340,40347,42322,45040
31011984,558,3770,6177,24849,25924,33292,33697,34387,38912,38920,40962,44239,48062
2422600642,549
3954966386,23024,24523,47664
3499037161,44472
2422266371,23507
2195012478,2169,7134,8409,14196,14864,16576,17899,24088,28113,28941,29485,44972,47778
574698019,14545
3450942359,7566,13508
2283534308,24549,29548,33478
4083725488,81,7733,8637,25128,48348
423670200,79,165,7731,8635,27658,35656,41707
1986198835,7693
304292260,19938
990141193,19653,41157
936267287,13246,13653
3586864359,111,13443,34181
2675618083,33333
115853162,16355
2976069811,1945,4173,8788,43206
3953217177,4804
2132772338,145,27840
2161218681,24234,24794,30632,43368,47368,48241
3169536531,429,26757,34948,40974
3127879958,7617,10336,35223
1284775450,33552
2924285634,28665,34698,37011,48458
3355315286,5654,10645,12268,21293,22378,25777,35884,44233,48364
1889561511,4312,10801,19997
2199361745,33772,34629,35168,35601
1749684677,5459,24903,25504,26457,30590,32335,32455,32822,33560,36557,38471,38810,39690,46870
3023563892,564,1387,2533,3992,5726,9577,17825,18065,18419,19314,20047,21459,21867,22388,28438,28740,29193,30007,31240,31721,31791,33213,34525,35562,35584,35596,39782,40170,42758,43046,44840,47076,48316
3201371230,1361
2284125355,535,15633,21407
1047803290,24026,27438,33595
3479051064,4344
105010034,532,9534,23561,26592,30612
3595571305,2188,38386
2636592536,3871,7328,27285,32633,34285,44520
2534103542,432,5825,22523,33765,44801
1515424597,4921
1247138045,6527
2984789065,233,21345,32436,35352
1676890067,15093
1606400069,15690
4047840272,5478,13438,20443,20632
4269539061,9526
1392873272,116,4625,41413
3048194402,18044
1121311201,6372,8594
358502822,3158
4150792445,9591,15958,17257,19827,19869,21893,22704,24993,35589,42108
2323992261,5460,7878,8174,9277,24904,26458,27558,27671,30423,32456,36768,38415,38472,38811,41667,42277
684629509,26950
4070889038,43799
2519330994,5080,10060,34435,34469,36589,37157,39053,46309
184199503,4223,4278,7718,9020,9340,13959,18698,19005,31926,38004
2720844255,11441,16214
3769618290,4124
76924432,1583,5989,17862,19150,19513,27695,28585,36517,36969,44775
3977063244,47672
3333058130,5992,8530,8942,14551,31335,34317,34952,48300
2798020627,25724
299140367,938,2243,2656,7034,8105,9027,13037,16770,45062
413254322,1894,9586,15173,17372,18579,33636,37336,39266,40565,41452,43150
2828047907,23188
3326765807,4822,8854,9884,12675,13071,14403,14562,15934,20003,34379
830933899,24422
3676832306,3721,11810,24541
4239580188,2335,18371,24462,27067,45469
546742195,126,1744,7960,8290,11368,11815,12014,18528,18677,19125,19672,19717,22439,27957,31059,37612,38057,40261,45017,45737,46623,48187
1700825241,581
1917997414,18453,26108
1654562326,106,341,1745,2584,4258,5833,6510,7961,11369,12015,15240,19126,19718,20027,20327,20723,31060,36946,40262,42295,43892,46624
1579313096,28173,29385,47531
1397931560,500,7196,13146,16655,18612,37066,41431
543963286,12489,43049
2155235086,30973
3335651606,27856,41445
689912968,2021,13381
4166426278,20487
3451640039,32907
1933288442,36788
1237006690,1659,1708,9976,21878
4034013553,2041,17831,23578,23851,25604,28134,28719,30594,32826,33873,34268,38510,45500
3451278714,29823,37059
1564941824,829,2269,7275,8497,11649,18047,24676
1088821949,42113
3495521677,645,1129,2109,4817,6356,7497,10190,10854,11566,13693,14505,21635,35862,41728,44342,46336,48099
1205631197,232,21344,35481
446035492,13,4497
2641968638,481,10126,10679,11208,13626,13851,14931,17181,18174,22623,26240,26743,44943,46091
1697026321,573,3614,28185
2954312723,480,1731,4168,4285,6222,7305,9147,10125,12420,13625,13850,14930,16705,16954,17180,18173,21028,23529,26239,26742,36146,36460,37250,38431,38774,39300,39342,39556,40583,43110,43312,44942,46090
696188379,16552,21661
188700527,1302
2399100391,33638,39869,41454
3981330397,3927
1254811414,1279
1305526118,3840,20093,21150,26278,29267,43936,43960,45434
2646616726,48357
1974991554,3024
1724377226,4391,15722,18104,23251,26501,34801,46517,47875
1740594015,2377,11689,12214,44356
1155091101,28793,48469
2382750574,469
2569787727,815,26445,44742,45145
1302028076,24028,27912,37058,45450
2187278451,2270,8498,18048,24677,26552,42037
858435291,4245,15157,33618,34968,37300
2670420436,466,5233,7172,14365,15599,16764,38133
2801144061,13211,16530,18759,46995
2220077545,24140,45898
2176305020,1126,13690,17745
3806407801,1950,2863,11223,15161,21213,35814,41496
2508795629,455
932411736,5124,8796,10432,10462,17513,31321,46887,48196
1323585477,3464,29901,34313
1685667165,3120,45857
2779830202,11216
4129240007,28482
2977726884,452,9028,35458
1003213666,4742,16205,25421,28664,34697,37010,41829,45339,45981,47093,47490,48457
3265871330,559,3771,7216,11141,11294,30742,31310,33698,35715,44240,44513
2613272995,451,42721
3910667484,1723,16934,22040,22906,25347,26987,31206,33508,33762,37048,44554,46847,47281
3201764550,37380
2513370723,29351
1772562362,1164
3961307840,33702
2919353689,1,741,3381,4558,14704,22212,32428
1555155171,27761,34266
1246348993,4432,32192,44810
298798642,15092,41071
2263706027,2808
2234661020,42144,44923
958660631,29648
2301978933,44385
1791470766,28470,40903
1534153706,11987,45763
2253382758,526,31544
264954555,44750
1707755406,28019,33541
963476735,2189,4254
1453798700,7433,20763,24167
1329188708,13775,25187,40323
1956659315,444,3049,9861,29111,43172
4100905641,595,5468,9426,13844,17476,40872
252421822,10896
2297533405,45631
3980505319,1112,10033,10537,12338,34844,44025
633420137,5676,10696,11757,12163,37650,46584
2732356809,45238
2539659328,18829
271770341,11716
3955214641,5532,7015,20025,42443
3820791882,6532,11627,12586
2349448408,8627,13651,37068
2762756176,6
4138215754,36858
1810177570,441,991,1531,4898,5426,6699,12154,18237,20857,34156,41206,41758,45180,45896,48296
3450554239,435,7670,19079,22255,39674,46579
2405147659,1464,8114,20622,41139,43539,47729
2562581516,882,2037,4087,4192,6876,17290,21259,33625
1978694872,24726
3034478851,12615
805544279,857,2777,5970,11552,12527,13111,13280,13494,16870,17995,21623,22426,22459,22467,25375,30443,30958,32130,35934,40853,41529,42012,42350,43401,43697,44676,47861
4111881780,26430
3078436315,14650,39399
37442221,9870,10350,12759
2061406993,38819
2381995115,19568,28834
1136835034,1082,14728,18822,22062,22116,24502,28121,33569,41326,44336
4016904915,29020,31640
4146988531,47670
304431542,1305,3779,12371,18745,23448,25097,25866,27101,31867,34638
277577618,37321
1864283019,3219,4029,9348,15401,15541,15593,20256,31302
4262341701,1805,6483,7201,8696,10364
3059403309,20052,21464,25727,34691,35350
786671584,16529
4119968604,3562,8258,10616,12924,14804,18404,29628,36920,39512
1278594987,28876
190278092,23469,25413,28880,29234,30402,30581,36407
3678286673,15181,46701
93607134,584,14231,14835,31966,37267,43418,48065
619782357,22713,37872
675230199,21840,28393,34094,39895,47534,48267
3357921212,235
1529548223,15980
1728623520,1222,2416,5070,6586,15617,25774,27140
3918169001,10650,19205,24875,36151,39140
1007478934,48344
2673169024,25647
3173266401,18082,27864
1615508507,9786,15954,29874
2779832773,38978
1962546513,14408,17500,29088
1216892571,5169,24856,31561,36014
2559140707,18473
1617567830,31460
2575599225,4911,5186,5829,16159,19464,46415
2383441619,36158
2834172778,13676,15344
1982353056,1159,22031,25809,27571,27592,36462,41132
61807644,26202
3894606352,380,7904,22670,26736,33180,41225,42353,44294
3491570801,46559
2049310007,1584,3913,15681,17863,27696,36314,36518,38111,41208,43818,44776
1492838160,18832,27053,37935
923244612,3926
3146865024,723,7709,13302,15062,21746,26252,31711,42278
1163631882,42510
3657177919,14657
436357502,3449,3700,4533,5508,9702,12649,14145,14975,15389,15590,20433,23143,28924,38475,39946,41114,43685
129574964,1039,2248,7560,11898,19422,26732,30119,39485,40461,41220,43256
3210657856,27681,36602
3139214395,11949,21611,21851,28574
3271731425,29729,38702
2993419169,184,3373,35943,37277
1053824029,394,12720
1943391160,7543
3483067524,393,14702
1579662731,311,3564,15009,24770,25875,29772,43961
2762892506,2326,3404,4670,5045,7548,8366,8976,10882,14340,15164,20248,21216,21504,21792,47004
3620463726,764,27328,30385,44598
2625107960,461,34819
1490507701,258,362,1742,13552,24845,35409,39768,46621
3696692949,10243,24485,25146,32266,35063
732934596,39497,47590
2905712492,32901
666102948,3085,13534,17950,28625,31399,31524
3384189321,34013,40297
3232356832,20823
2169031668,2355,5996,16510,21167,34956,40890,41324,47129,48256
3183576499,17998,30309,36179,42073,42573
936088066,262,4293,4403,5517,6604,6776,9014,9183,9216,9353,9512,9696,9965,10415,12053,13086,13254,14213,15668,19946,21388,24062,25138,26112,26207,28839,28975,34840,37142,40633,41223,41468,41767,41937,43871,45604,47622
1702268087,399,1597,3544,3989,4056,4481,4519,5946,8182,11086,11234,11386,12404,13564,14253,16071,17003,29000,29906,31594,32318,35016,40072,47649
1672050872,4939
3652280851,3937,4185
3173680026,27026,42868,45391
726584503,603,1411,13757,22803,27058,30905,41174,47300
2137326699,15896
1526575167,3495,4547,6786,6999,11466,13765,20709,40002
1664376462,1538,8953,41340
265391686,382,2899,3162,6578,12882,17775,18855,26655,38575,46822
3919582965,24448
3326661222,16786,23779,24743,25254,28721,34686,42822,46842,47690
520799910,13969,44260
4285559287,616,13113,13282
4221294442,23510,28509,32620
4080592651,3082,26783,37859,37922
3014294389,5038,5281,5461,8842,10811,11828,14684,17031,28234,38889,47940
2456449039,9538,13968,44259,47598
1861370022,431,1266,8469,11481,21818,22042,22522,27082,33510,33764,37050,44556
3248944233,858,1947,2778,3806,8393,8790,11553,13298,13495,14140,15145,16361,16729,16871,18152,22427,22460,22547,23264,29575,32131,32747,38534,38886,40854,41061,41530,42013,42351,43208,43402,47862
1009727317,1483,20367,33075
2825786796,21062
3411086710,412,18476,46871
1750506039,3192,4722,5736,10486,10855,11567,11609,14554,16049,19931,48100
260744145,2051
2872459198,2107,4815,10852,11016,14967,36484
2617898675,7038,8403,45844
1527529402,4392,34802,46518
2130269942,548,9412,10520
578735381,2740,20345,28218,31877
1174333664,26692
1884500473,7515,22581,22892,44855
618929828,285,2696
1649660722,1332,4976,11148,27062,28962,33370,33644,34305,36959
1461329456,1389,5000,9579,12555,17491,22390,25527,25921,29195,33186,33590,34778,34878,35598,35728,41017,42502,48059
1124150055,353,1214,1353,7984,9072,12493,20356,20626,23113,25284,26488,26576,30312,36835,38649,39149,40561,41685,41717
187118499,23628,46896
3026243375,1868,2604,4856,13753,16025
1875687063,6742
1484323449,27622,38957
3099537508,23910
1024394952,16877
2510410343,253,2422,29401,34837,42908
2986685250,337,1037,20486
1976172688,1199,20225,20657,21178,23003,27535,41664
84585911,14172,40328,45331
2560290916,47,1377,7019,11446,18928,19785,20581,21303,24804,31628,33363,37882,41161,42243,45407,45515
3446841108,10161
328848363,8742,18040
844531715,334,10207
1521355607,26060,26471,32998,36403
2677919959,128,10397,10707,18530,28039,45019
498560454,710,15784,38531
3310991594,21872,22630,22900,29154,47581
3868670411,14822
1703402619,5598,10774,14900,20925,20985,34602,45107
95248345,43496
3989830825,372,17198
737275878,24501,34612,41639
155998953,10631
1669926804,18117
1255546084,15709
2734746442,400,3990,4239,4520,5942,5947,7378,9158,11054,11087,11382,12405,12775,14005,14254,16072,18178,19781,28284,31789,32319,35017,36991,39184,40073,46717,47650,47985
1710222800,23077,27537,43236
1361058202,5799,33467
1517170578,3959,40097
1176058016,1456,14695,23254,25916,26678,27003,27765,28582,31128,31946,33384,35628,44097,44574,48226
3533958806,32885
2628837693,23598
1638154159,2677,3828,11490,15016,21289,21362,22374,22516,25083,27990,33573,39357,43301,45912
2959390986,684,1240,2626,3604,3970,4008,5256,6415,7209,9136,13097,13997,24764,31406,32674,37168,40117,43579,47707
2544325235,24705,43797
1861393933,325,11767,19324,23913,25150,25908
3324099956,42,21630
2739811954,305,26266,32345,33329
2140716471,13619,19292
3118399660,12242,16721
278067098,29710,36943,41370
3674112464,22715,22922,28561,37874
2572049612,2102,2434,28025,30198,31101,40038
1920698354,33169
4116299226,8077,20928,35421,39465,40524,44214
2023785220,4917,16593,39628,45887
533605961,33
1119019995,413,28347,40666
2220169042,1421,30345,34393,41677
594891378,14685
405882967,13755
117705854,3999,11354,16995,18720,33256,41195
661463409,197,43335
2823033775,2483
2685878112,1091,2388,16866,17991,24631,28777,32534,33046
3005476278,28954,29646,31157,36024
3810562492,6728,7629,29972
1731029782,624,2838,13020,22394,28385,38552,38601,39289,39391,43078
3300109603,2866,3327,4966,6892,6933,7763,7922,10433,11984,16438,17007,17514,19284,25611,29030,38729,38999,41286,42769
1685275782,300,1955,2724,6583,21607,25771,27961
246116666,1136,1784
584337601,36380
3652451525,1776
1211076096,1321,5596,6003,7916,8969,14153,21278,21647,29775,30853,31759,32711,35066,37386,37689,39169,39791,40223,40431,41127,43550
2414997737,11679
3876235317,315
3439191865,7147,7245,17546,26133,34458
684992655,2582,8137,15507,15878,22619,30053,38201,42293,45229
1630946574,32263
34038442,30383
2920902362,31613,44720
3351317218,5423,21703,34798,39914,40265
3649723078,32277
1558149039,21385,23962
2299163048,2621,15736,17935,18057,41693
3053164053,24451
2253116215,11361,20238
2147318137,7723
2005115914,2085,8823,17974,28848,30772
4170452158,276,2970,5842,8380,9775,19435,21369,33443,36863,40136,46301,48026,48040
1914858154,1500,3193,4723,5099,10487,14555,16050
2121892978,15625,36754,41649
1285008442,1345,13883,43634,48426
3120350517,4026,8299,11064,11349,11862,12537,13333,18323,18499,20442,20643,27013,38609
3435424702,10355,20318,40384
1922470156,266,1576,9210,19936
1633331719,1160,27572
1141795223,277,21370,36864,40137
617385555,21306,30235
1468935364,11614,31344,32154,35786,43734,44912
2815862113,3492,13130,19797,41180,47126
687406569,11756
288813468,42317
2993341773,9893,22537,31450,32157,37597
343812484,42045
491119460,7996,20534,31643
1549309555,1238,1616,1837,4989,7127,7815,7896,9134,15018,16641,18686,18708,19278,21364,22149,22944,24762,24823,33575,33877,42387,42427,43303,43929,43978
177215658,32399
2717893345,24005
1244250115,12521
1904746884,14889
4126670700,12183,13793,29158,38765
2510639671,14567
2080104710,44174
516408242,257,361,5537,9816,13551,24844,28947,39758,39825
3378750606,22053
508392940,8008,31832,33493
2494856065,1818,3012,3895,7705,8487,11543,17922,20260,22576,25341,27339,28496,29791,33081,33995,36068,42447
4262444440,10769
1921630364,160,7181,9272,9998,15189,19912,27711,29455,31013,32394,35317,35831,37686
430841110,3762,5823,17658,44198,46338
323983197,17587,42835
2648191849,6896,10727,12475,12697,15410,15763,18727,31682,40195,40544,41799
3635939911,17946
3216713610,2539,5016,9235,11770,15024,17552,30564
3585336082,9659
2256978161,26031
1096456035,11746,13773,24202,31914,45741
1680391671,10017
487806499,8402,10564,10666,17882,19091,19147,19497,29209,30082,36643,38541,45843,48291
210966281,38349
2193026905,522,22594,23397,28326,32245,34049
3878658278,1489,3485,25068
2068507615,1686,3487,4803,5130,5862,8706,13948,15659,20835,25070,41796,42954
1425149012,40200,40593
639468945,40131
1597530063,247,479,611,760,6221,7283,7304,8130,10142,11799,12419,12563,16910,17179,37702,38430,40782,40971,41034,42383,45548,45607,45861,46089
189934267,22056,31688
2087386942,384,7781,16751,22172,37360,38078,44142
117040759,1306,8467,18746,23449,24073,29152,29362,34999,47554
1385330249,949,35821
3664148355,2977,24376,28671,29236,36583,45207
1221809607,487,20483,29861,45187
3276550310,1328,26419,47595
3911734564,1861,3289,8346,12708,13050,19710,24808,27716,29146,29803,32444,32765,35171,35235,37113,38322,38801,40994,48314
333661543,6257,19297,46576
3194245502,18480
3247703496,4553,4673,5162,6846,10419,18137,27870,31106,40538
1732603704,3974
3504597628,22741,34808,38356,39962
1094480186,3860,22979,24119,42214
1454432190,20,6694,42494,43224,46328
4047951994,70
106538780,95
3501286818,9313
355799443,9,542,3316,12064,13367,13991,18131,20068,24963,28865,30229,32116,32422,35332,36816,43123,45223,45278
170654506,31589,32579,33931
2683725832,23557,31691
3837706731,45,11114,11516,32639,35249,37880
2857644602,45227
243665854,26273,29138,35124
1774522419,15953
483764639,1333,4193,4977,11149,21347,27063,28200,28963,32438,33371,33626,34306,36960
3942737737,2460,4463,9252,13543,26762,30508,30756,34366,34530,34830,36555,38941,42813,46407,46818,47088
1571598476,216,29808
1388001081,28563,37876
4062941735,11785
3061015316,4203,26549,36468,37138,38646
2875897886,2516,2652,12351,12715,13824,14437,17214,26264,30972,31229,43647
657058072,1770,29501,37717,40687,42201,47457
3403918578,854,3433,6282,6747,9234,13904,14321,15023,16399,17551,17806,18877,45875
3937787434,709,789,1655,4958,11233,14239,16070,16879,17138,18106,28213,29905,44558,47316
2673009219,33314,34043
3249800563,12576
715181444,975
1067675758,5529
32804070,27831,30110
1503309477,43413
736814292,12965,45043,46554
2365096597,4317,4971,16124,20498,37274
1544337456,208,1966,3110,6491,10919,12161,29039,32688,40834,46097
3281943843,20403,31958
3100536601,3236,7087,10246,10864
2279333388,31213
543510032,3706
1590905311,6550,25715
2013476109,44229
2610213377,60,26778,34345,35519
469176220,15660
2629068764,42263,44108
4227971805,85
1310118587,11124,14202,15278,19305,44043,44618
424752581,665
1590362778,29335,35419
955668592,25052
1670591011,8536,18602,27212,33288,47577
2218462836,154
2172615733,23683,42170,42675,42684,44012
2789071319,9742,14478
2504514825,37344
2284677113,24737
1629241872,19375
647495366,42970
848036532,190
1240605511,5082,34437,34471
3953381696,185,3374,13541,16475,23996,24741,29359,29698,30100,35944,36338,37742,42833,45851
1403542112,10892
3958047068,5091,34168
1314975713,8189,40241,43745
3314693359,2056,5586,24951,46430
3249174294,24853,27163,33455,37288,38314,39898
1031730031,42454
745602689,172
178528520,6034,8398,29105
4021935341,10303,13909,23651
3401133212,1804,1845,9477,10830,12139,18467,22352,31889
2522684347,6336,18802,34249,44402
209797217,25396,31949
2164555715,6916,20223,21930,36561
1675128847,17787,20101,37562
1748969332,5189,15418,26193,35145
312872635,4262,18050,44307
577149599,1400
1722621933,25385
1955942442,2319,10222,20913,41988
4216473484,33651
2825778884,2457,3025,42819
1969774472,700
31834418,6427,10611,21654,37518,39862,46781
2884503044,15651
313298953,5599,5775,20210,20986,39667
82429507,28221
4003314565,4129,23490,31249,31634,40254
122721724,1081,21168,28120,41325,48221
3334428872,3409,18850
3176749261,3393,4424,6489,7335,7466,8729,17185,25988,38448,41940,42338,44282,46095,46359
1234465564,25062,39131,43722
2030104823,24934,34890
3673307918,8652
343069110,5831
575607397,17173
2689283247,176,1799,5033,6903,9852,12044,18233,19169,19636,25226,27382,28338,31849,38733,40019,42523,43438,44287
1970857079,33911
3093438099,9110,11488,19668,21287,34292,35403
2212033198,40804
16932946,37177
2653751602,4315
1134804303,47393
2498551096,10509
756749117,223,591,10883,17360
1235909563,36537
3272557384,140
243380685,4750
3364834257,2508,15699,29126,43835,47060
3072231923,1373,1652,1985,3414,8195,9956,11571,15429,17851,18099,19477,22645,22838,23079,23217,24399,25141,25306,26421,33731,33793,34886,34972,36215,40142,43405,45440,48400
3486409029,7616,10981,19659,27816,30867,31376,33840,35222,47203
3433838978,11311,48243
1835531449,2070,9666,20676
4256457377,12534,41379
3883821063,4288,26820,39303,47212
606591538,490,39418,46082
3708850754,7744,8288,38055,38265
2306433416,30375,46172
3734247480,294,8230,9643,16622,18422,20805,25299,28808,32666,32922,34528
294379814,5263,11579,26148,35823
3941032357,6130,8920,12884,18857,23567,26865,35398,35606,35768,45882,47134,47545,47829
2336912806,21905
1004117320,15373,46640
4291362041,2074,7369,14223,17340,23826,25482,29150,32415,35624,41901,43259,47317,47417
2613050335,4384
2257951589,3385,3944,4562,5581,6909,7528,8027,9120,9291,9600,11755,12623,12912,12972,14938,17119,17242,19606,20639,22297,31975,33244,35891,38091,39519,39985,41511,45907
3363521490,138,22833,26785,30547,34262,40616,46767
330129301,37109,48393
1104946700,25348
189607452,556,1040,2249,3768,6581,12724,16698,20355,21220,23334,26733,28126,29799,30646,33695,37433,37590,37727,39486,40462,40658,41221,41563,42923,46825,47246
3064987687,36500
3674669742,25232,47081
347207984,3831,5240,5699,9926,14533,16632,21128,42466
3900689037,24423
428515352,9594,12793,41255
697587357,134,27496,41557,42309
1771072865,3613,28184
2750179969,2048,38859,43848
83059367,5353
112073125,4118
211642163,819
2523958010,36724
4243830793,5737,39282
2981629139,1033,2163,4225,4608,7720,8810,12960,13173,15427,16003,16630,18862,19175,28294,28521,31928,37004,42266,45821,46637
3852837167,15291
3946282988,2256,10632,12891,17800,21470,43127
2881477668,1869,12580,16026
3855320380,30389,37636
98658393,19389
1505213595,293,8229,13329,17329,19336,22526,22550,23267,23613,24692,25298,28376,30512,32921,33280,43691
460113464,24173,25657,32257,46121
256286140,43965
2941063789,4641,6681,8738,17405
336172197,21261
759409065,7638
3734322575,4275
4010626378,9649,12799
681696952,6140
1866202310,4459,36599
2543095370,27574
3785428092,31090,33009,46229
3607502903,1614,5294,7253,13041,13065,32388,35218,46209
3219459090,410,1842,1847,2595,3458,4826,7268,7301,7901,7926,9164,9479,10437,10481,10832,11118,11520,11821,12664,13578,13699,13724,14522,15946,16283,17075,18013,18356,18469,19101,19382,19926,20553,21080,22354,27359,31891,36176,38749,40403,41153,42984,43158,45938,46914
1806630906,659,3101,4658,4853,4961,14275,23229,23739,28642,31001,31347,33268,36012,39588,40188,40512,44915,46019
2665992555,7488,14688
3326662087,1752,3868,8477,22318,43317
390398580,28272,32950,45916
3810106319,21052
974374635,17052
3405667872,18460,30809
2619732628,12,4496
3604489362,28868
474860980,89,956,8463,13356,15444,21327,23840,25065,26991,27796,31428,34907,36428,39533,41421,44710,45659,46159,47731,48020
1045798744,8068,24607,25629,31799
1364086435,112,861,13444,34182
3111982603,8923,23582,33821
869229021,9621,37428
1673968204,11946
3784955636,31,2723,4032,6176,8293,8983,12606,13033,13160,15881,17434,19980,20449,23964,25000,25381,27364,27960,37151,38911,43545,48190
2623128616,35528,41315,42526
2285390335,28138
2162050843,779,1952,6007,19331,19943,27895,35816
3675438922,21004
2271891322,1501,4614,6393,7323,7739,10488,14556,16952
3160969591,1001,12084,30206,40356,44003
775702245,22683,23050,38328,48032,48371
1726155889,18659,30557,34898,37909,46881
3480256211,9934,11458,26540,47462
3334012417,100,8355,11889,24516,36148,38266
1433959485,27516
4280217776,12523,30439
2446482912,913,1336,17228,40016,47765
3038789455,8764,15106,16437,28031,38728,41285
2167882692,132,278,406,5206,10357,11357,18723,21371,27494,35241,36865,39987
91191849,9567,10289,37975
2955298162,445,10196,14888,15587,16409,17041,17255,19120,19825,20493,27846,29112,30824,39879,41721
3126940341,3801,4942,11185,12442,13984,17611,22120,46288
3970635393,8169,9075
4083640124,20592
172947785,3994,4910,13841,30009,34038,46414
184934271,5298,8583
2930097980,96,26563,46348
2280848824,4287,6224,13953,27788,30484,34081,36709,37342,37947,39302,42958,44086,47211
1672471058,7180,35316
1635428309,3105,23681,42168,46393
29517778,2628,15446,19904
192014760,4430,7153,8216,10772,16783,18965,22203,25105,29940,33868,38740,39848,40736
1526094444,1349,20786,41761,44273
318864908,36238
1082705845,8167,11512,12961,15428,16853,18863,22644,22837,23042,27225,29975,33160,33345,34885,36751,37694,43321,45439,48399
3900383238,5366,29017,30172,32054
3058339719,2279,5047,6346,18702,22008,22037,24272,24850,25542,25925,33293,35669,36904,40963,47036,47542,48063
1048578382,41673
1002673537,207,1965,3109,12097,12160,20693
1723252624,6203
584973289,40079
2365386916,24788
868680772,14118,15275,15984,32478
509876424,5865
969975306,2445,38694
885824970,24696,48115
1336460510,6499,11305,24135,24866,37178
277142215,10768
948053242,1509,5870
2799940647,15043
3564115870,10315,16037,19772,24793,25610,39998
3191338299,13433,18383,42229,45824
1555755490,893,5118,5278,16945,32670,41951
662310978,11534,25493,34738
1397412742,4100
2563499287,377,931,1436,1756,2809,2925,3129,3247,3742,3955,4827,5108,5415,5657,6634,7364,7524,7598,7902,8127,8202,9165,9222,9840,9988,10105,10203,10404,10438,10482,10871,11068,11119,11132,11219,11245,11521,11822,12279,12306,12416,12641,12665,12754,13291,13521,13579,13609,13711,13892,14306,14311,14387,14417,14607,14876,15348,15776,15899,16822,17076,17397,17522,18014,18228,18627,18769,18921,19228,19383,19561,19927,20554,20596,20881,20998,21081,21296,21564,22183,22274,22322,22348,23160,23834,24841,26463,28425,29272,30841,31267,31616,31671,31737,31843,35448,35525,35682,35778,35887,37424,38445,39567,39801,39909,39981,40093,40472,40624,40910,41753,41908,41932,42102,42281,42471,42863,42985,43084,43159,43844,44115,44223,44877,46915,46930,46940
2319387785,49,33365
4017263758,10162,10929
271605513,14,4498,19842
3085451665,299,557,918,3769,6582,7394,7819,8118,12725,13343,13559,16699,20200,24848,25770,26439,29800,30916,33696,36478,40659,41866,44162,47100
1756048007,4188,6278,6864,7973,10538,12339,13022,16314,27355,31576,33130,38554,44026
3489345760,10454
3499396431,42069
302670463,25057,28986,37948
3588861238,7248,10068,10347,10544,12557,14136,15262,17769,18102,22490,36915,37039,39617,40166,43091,44475,46462
3228941780,1228,1814,2520,2545,2913,7554,10470,11284,26142,35392,35436,40542,42088,46099
137020937,44758
333293081,37634
2156055106,237,24277,35109
378552771,26265,43648,46647
4145881470,30105,30641
753614886,856,3435,13110,22458,42349
2183826971,9734
4197524257,34911
77554815,24446
542614412,30400
591982785,1191
1537875578,8395
3055010195,271,34135
2047601773,24083,47296,47492,47501
3228283387,4706,8517
2160970710,29958
3245969558,29355,29705,35929
941233863,3317,20069,24964,30230,32423,35333
319401833,23898,30936,33004,41734
852184389,39
2102184826,11142,25720,31311
456128729,38598
2886873852,30677
2361995891,10132,36449
1970099309,13677
361340711,4621,8448,27049,43228
2527474601,47218
313318052,2875,11545
3659853697,7050,18032,40783
167066010,837
1096236360,12637,14627,15083,18212,18935,19094,21770,23224,24888,32506,40123,44298
1277957081,2647,4525,4888,40982,45396
