# Seeding + Chaining based sDTW Alignment Results
# Genome: ecoli
# Reference: datasets/ecoli/ref.txt
#
# Format: read_type read_id read_size cost ref_start ref_end alignment_length
#
     ecoli      ecoli_raw0      10000      32128    5899636    5900881       1245
     ecoli      ecoli_raw1      10000      44126    2758606    2759764       1158
     ecoli      ecoli_raw2      10000      39110    1671553    1672669       1116
     ecoli      ecoli_raw3      10000      38510    5961816    5962890       1074
     ecoli      ecoli_raw4      10000      85871    7760916    7762527       1611
     ecoli      ecoli_raw5      10000      42055    3399133    3400279       1146
     ecoli      ecoli_raw6      10000      43007    9786666    9787773       1107
     ecoli      ecoli_raw7      10000      89545     296696     298383       1687
     ecoli      ecoli_raw8      10000      37395    7283318    7284462       1144
     ecoli      ecoli_raw9      10000      27243    1764999    1766222       1223
     ecoli     ecoli_raw10      10000      36852    5831375    5832517       1142
     ecoli     ecoli_raw11      10000      44705    4956832    4957845       1013
     ecoli     ecoli_raw12      10000      46112    1986519    1987677       1158
     ecoli     ecoli_raw13      10000      35030    1418517    1419641       1124
     ecoli     ecoli_raw14      10000      35822    7524394    7525503       1109
     ecoli     ecoli_raw15      10000      90018    9311467    9313255       1788
     ecoli     ecoli_raw16      10000      46796    5790790    5791836       1046
     ecoli     ecoli_raw17      10000      31622    6620423    6621554       1131
     ecoli     ecoli_raw18      10000      43291    3277754    3278828       1074
     ecoli     ecoli_raw19      10000      91195    5101022    5102637       1615
     ecoli     ecoli_raw20      10000      37635    9563245    9564403       1158
     ecoli     ecoli_raw21      10000      39163    1634668    1635773       1105
     ecoli     ecoli_raw22      10000      37912    7162527    7163671       1144
     ecoli     ecoli_raw23      10000      44482    3748599    3749618       1019
     ecoli     ecoli_raw24      10000      42379     890658     891687       1029
     ecoli     ecoli_raw25      10000      31814    7915860    7917062       1202
     ecoli     ecoli_raw26      10000      39342    9808728    9809741       1013
     ecoli     ecoli_raw27      10000      38156    9734181    9735239       1058
     ecoli     ecoli_raw28      10000      41812    3551346    3552650       1304
     ecoli     ecoli_raw29      10000      36065    1734908    1735953       1045
     ecoli     ecoli_raw30      10000      40377    1884025    1885057       1032
     ecoli     ecoli_raw31      10000      44682    5993270    5994346       1076
     ecoli     ecoli_raw32      10000      88235    9821166    9822967       1801
     ecoli     ecoli_raw33      10000      39881    8403876    8404963       1087
     ecoli     ecoli_raw34      10000      35152    6174213    6175298       1085
     ecoli     ecoli_raw35      10000      83977    8393780    8395480       1700
     ecoli     ecoli_raw36      10000      42544     812954     814090       1136
     ecoli     ecoli_raw37      10000      36528    1821065    1822100       1035
     ecoli     ecoli_raw38      10000      37272     945894     946887        993
     ecoli     ecoli_raw39      10000      48016    7620036    7620986        950
     ecoli     ecoli_raw40      10000      42401    2161967    2163158       1191
     ecoli     ecoli_raw41      10000      35304    3912839    3914032       1193
     ecoli     ecoli_raw42      10000      44071    9867238    9868425       1187
     ecoli     ecoli_raw43      10000      50852    1459944    1461061       1117
     ecoli     ecoli_raw44      10000      36861    2535766    2536852       1086
     ecoli     ecoli_raw45      10000      34984    6673989    6675120       1131
     ecoli     ecoli_raw46      10000      50652    1356051    1357063       1012
     ecoli     ecoli_raw47      10000      76141    1340833    1341947       1114
     ecoli     ecoli_raw48      10000      36940     109501     110593       1092
     ecoli     ecoli_raw49      10000      94348    6405163    6407034       1871
     ecoli     ecoli_raw50      10000      87827    8720678    8722698       2020
     ecoli     ecoli_raw51      10000      37487     228636     229661       1025
     ecoli     ecoli_raw52      10000      35553    7795344    7796358       1014
     ecoli     ecoli_raw53      10000      85784    5015454    5017404       1950
     ecoli     ecoli_raw54      10000      38624    8262170    8263286       1116
     ecoli     ecoli_raw55      10000      34792    4268746    4270052       1306
     ecoli     ecoli_raw56      10000      36963    1282528    1283586       1058
     ecoli     ecoli_raw57      10000      82314     817238     818931       1693
     ecoli     ecoli_raw58      10000      39554    1824580    1825723       1143
     ecoli     ecoli_raw59      10000      41243    6234050    6235022        972
     ecoli     ecoli_raw60      10000      44306    8811986    8813083       1097
     ecoli     ecoli_raw61      10000      44153    5930541    5931830       1289
     ecoli     ecoli_raw62      10000      87330    7848719    7850631       1912
     ecoli     ecoli_raw63      10000      38004    1282698    1283775       1077
     ecoli     ecoli_raw64      10000      39126    2150341    2151339        998
     ecoli     ecoli_raw65      10000      34062    5721591    5722900       1309
     ecoli     ecoli_raw66      10000      36962    1201286    1202415       1129
     ecoli     ecoli_raw67      10000      33668    2140111    2141159       1048
     ecoli     ecoli_raw68      10000      34540    1466914    1468024       1110
     ecoli     ecoli_raw69      10000      33576    1498636    1499984       1348
     ecoli     ecoli_raw70      10000      61809    5693873    5695130       1257
     ecoli     ecoli_raw71      10000      91663    3958780    3960834       2054
     ecoli     ecoli_raw72      10000      41202     832871     833928       1057
     ecoli     ecoli_raw73      10000      45277    7862333    7863575       1242
     ecoli     ecoli_raw74      10000      29761    9655017    9656291       1274
     ecoli     ecoli_raw75      10000      80057     134326     135951       1625
     ecoli     ecoli_raw76      10000      43908    2043173    2044331       1158
     ecoli     ecoli_raw77      10000      42579      49407      50587       1180
     ecoli     ecoli_raw78      10000      90296    5014352    5016497       2145
     ecoli     ecoli_raw79      10000      37232   10069332   10070396       1064
     ecoli     ecoli_raw80      10000      86252   10176211   10177904       1693
     ecoli     ecoli_raw81      10000      38700    4266314    4267583       1269
     ecoli     ecoli_raw82      10000      86135    6033648    6035421       1773
     ecoli     ecoli_raw83      10000      39926    9916942    9917952       1010
     ecoli     ecoli_raw84      10000      32489    5178346    5179498       1152
     ecoli     ecoli_raw85      10000      38143    1339420    1340535       1115
     ecoli     ecoli_raw86      10000      42753    3218392    3219485       1093
     ecoli     ecoli_raw87      10000      43131    6898562    6899735       1173
     ecoli     ecoli_raw88      10000      35167    9669848    9670987       1139
     ecoli     ecoli_raw89      10000      41954    7275468    7276539       1071
     ecoli     ecoli_raw90      10000      38006     133485     134546       1061
     ecoli     ecoli_raw91      10000      49052    8408750    8409737        987
     ecoli     ecoli_raw92      10000      48058    6700738    6701768       1030
     ecoli     ecoli_raw93      10000      39853    9660567    9661625       1058
     ecoli     ecoli_raw94      10000      27610    1787267    1788394       1127
     ecoli     ecoli_raw95      10000      88409    2484302    2486055       1753
     ecoli     ecoli_raw96      10000      35258   10292632   10293721       1089
     ecoli     ecoli_raw97      10000      47737    8805056    8806148       1092
     ecoli     ecoli_raw98      10000      36768    5792184    5793275       1091
     ecoli     ecoli_raw99      10000      37067    8266078    8267249       1171
     ecoli    ecoli_raw100      10000      37172    9136798    9137889       1091
     ecoli    ecoli_raw101      10000      35747    5730871    5732056       1185
     ecoli    ecoli_raw102      10000      35650    4448908    4450144       1236
     ecoli    ecoli_raw103      10000      39513    3269130    3270225       1095
     ecoli    ecoli_raw104      10000      39535    2268885    2270013       1128
     ecoli    ecoli_raw105      10000      39887    9835287    9836354       1067
     ecoli    ecoli_raw106      10000      88475    9874674    9876584       1910
     ecoli    ecoli_raw107      10000      85904    7813375    7814914       1539
     ecoli    ecoli_raw108      10000      44969    9753899    9755021       1122
     ecoli    ecoli_raw109      10000      38214    3760883    3761925       1042
     ecoli    ecoli_raw110      10000      88394   10290694   10292534       1840
     ecoli    ecoli_raw111      10000      69639    8833242    8834339       1097
     ecoli    ecoli_raw112      10000      46135    2841216    2842203        987
     ecoli    ecoli_raw113      10000      84473    7961699    7963626       1927
     ecoli    ecoli_raw114      10000      85751    2282943    2284782       1839
     ecoli    ecoli_raw115      10000      42049    2657808    2658989       1181
     ecoli    ecoli_raw116      10000      99001    7005807    7007406       1599
     ecoli    ecoli_raw117      10000      37640    2632954    2634033       1079
     ecoli    ecoli_raw118      10000      43449    8491765    8492996       1231
     ecoli    ecoli_raw119      10000      37144    4952549    4953730       1181
     ecoli    ecoli_raw120      10000      38167    5120826    5121996       1170
     ecoli    ecoli_raw121      10000      45362    3941941    3943039       1098
     ecoli    ecoli_raw122      10000      31989    7864330    7865400       1070
     ecoli    ecoli_raw123      10000      38309    4313548    4314642       1094
     ecoli    ecoli_raw124      10000      35610    8573108    8574269       1161
     ecoli    ecoli_raw125      10000      84337    2581611    2583352       1741
     ecoli    ecoli_raw126      10000      34338    5561493    5562715       1222
     ecoli    ecoli_raw127      10000      44568    4554239    4555358       1119
     ecoli    ecoli_raw128      10000      35035    6441210    6442266       1056
     ecoli    ecoli_raw129      10000      35552    5774461    5775612       1151
     ecoli    ecoli_raw130      10000      49481    9887316    9888268        952
     ecoli    ecoli_raw131      10000      39701    7036930    7037879        949
     ecoli    ecoli_raw132      10000      40563    8174416    8175466       1050
     ecoli    ecoli_raw133      10000      39895    1998596    1999597       1001
     ecoli    ecoli_raw134      10000      33473    4363390    4364488       1098
     ecoli    ecoli_raw135      10000      48416     479746     480709        963
     ecoli    ecoli_raw136      10000      42068    4050118    4051150       1032
     ecoli    ecoli_raw137      10000      85963    6700849    6702533       1684
     ecoli    ecoli_raw138      10000      84568    2081889    2083667       1778
     ecoli    ecoli_raw139      10000      38984    2501925    2503142       1217
     ecoli    ecoli_raw140      10000      43532    2204996    2206071       1075
     ecoli    ecoli_raw141      10000      40849    7129733    7130803       1070
     ecoli    ecoli_raw142      10000      87428    6993888    6995542       1654
     ecoli    ecoli_raw143      10000      39952    6326318    6327413       1095
     ecoli    ecoli_raw144      10000      35059    5432709    5433825       1116
     ecoli    ecoli_raw145      10000      86306    4915463    4917218       1755
     ecoli    ecoli_raw146      10000      87173    4257831    4259624       1793
     ecoli    ecoli_raw147      10000      37214    9012219    9013336       1117
     ecoli    ecoli_raw148      10000      42661    2964006    2965064       1058
     ecoli    ecoli_raw149      10000      85128    3067906    3069408       1502
     ecoli    ecoli_raw150      10000      35576    8958793    8959841       1048
     ecoli    ecoli_raw151      10000      33427    2582386    2583594       1208
     ecoli    ecoli_raw152      10000      42827    3443924    3444967       1043
     ecoli    ecoli_raw153      10000      38594    6474066    6475224       1158
     ecoli    ecoli_raw154      10000      90718    2494897    2497028       2131
     ecoli    ecoli_raw155      10000      36796    9713401    9714580       1179
     ecoli    ecoli_raw156      10000      51103    8766010    8767229       1219
     ecoli    ecoli_raw157      10000      52688    2040517    2041445        928
     ecoli    ecoli_raw158      10000      82803    2113761    2115521       1760
     ecoli    ecoli_raw159      10000      36600    3211272    3212351       1079
     ecoli    ecoli_raw160      10000      84378    3282435    3284356       1921
     ecoli    ecoli_raw161      10000      40567    6268147    6269232       1085
     ecoli    ecoli_raw162      10000      37985    3706600    3707739       1139
     ecoli    ecoli_raw163      10000      41982    7850086    7851059        973
     ecoli    ecoli_raw164      10000      48097    9915569    9916808       1239
     ecoli    ecoli_raw165      10000      40593    4478702    4479727       1025
     ecoli    ecoli_raw166      10000      38434    7922856    7923946       1090
     ecoli    ecoli_raw167      10000      36808    3832881    3834164       1283
     ecoli    ecoli_raw168      10000      64179    1250707    1251816       1109
     ecoli    ecoli_raw169      10000      83132    4731029    4732909       1880
     ecoli    ecoli_raw170      10000      35836   10457915   10458936       1021
     ecoli    ecoli_raw171      10000      55188    3882916    3883843        927
     ecoli    ecoli_raw172      10000      36956    1998299    1999339       1040
     ecoli    ecoli_raw173      10000      35711     754783     755810       1027
     ecoli    ecoli_raw174      10000      34010     535394     536630       1236
     ecoli    ecoli_raw175      10000      40864    8786558    8787636       1078
     ecoli    ecoli_raw176      10000      84848    8868638    8870325       1687
     ecoli    ecoli_raw177      10000      51716    8417747    8418556        809
     ecoli    ecoli_raw178      10000      42271    7240055    7241174       1119
     ecoli    ecoli_raw179      10000      36128    8623926    8624925        999
     ecoli    ecoli_raw180      10000      41379     195234     196238       1004
     ecoli    ecoli_raw181      10000      39784    6542598    6543680       1082
     ecoli    ecoli_raw182      10000      87206    2131107    2132953       1846
     ecoli    ecoli_raw183      10000      42117    6570764    6571795       1031
     ecoli    ecoli_raw184      10000      39685    3640926    3641978       1052
     ecoli    ecoli_raw185      10000      87274    5691221    5693093       1872
     ecoli    ecoli_raw186      10000      37121    7646551    7647636       1085
     ecoli    ecoli_raw187      10000      37119     882241     883499       1258
     ecoli    ecoli_raw188      10000      52399    4449978    4450942        964
     ecoli    ecoli_raw189      10000      39162    7174674    7175844       1170
     ecoli    ecoli_raw190      10000      30160    7737384    7738550       1166
     ecoli    ecoli_raw191      10000      40837     917259     918404       1145
     ecoli    ecoli_raw192      10000      46406    4644652    4645801       1149
     ecoli    ecoli_raw193      10000      32991     953762     954888       1126
     ecoli    ecoli_raw194      10000      76032    2157046    2158361       1315
     ecoli    ecoli_raw195      10000      43198    6038795    6039788        993
     ecoli    ecoli_raw196      10000      34233   10123447   10124620       1173
     ecoli    ecoli_raw197      10000      41943     465743     466797       1054
     ecoli    ecoli_raw198      10000      37509     542018     543095       1077
     ecoli    ecoli_raw199      10000      74700    7994043    7995404       1361
     ecoli    ecoli_raw200      10000      31331    3885404    3886634       1230
     ecoli    ecoli_raw201      10000      44003    5540365    5541396       1031
     ecoli    ecoli_raw202      10000      39261    4000759    4001710        951
     ecoli    ecoli_raw203      10000      94033    1953592    1955231       1639
     ecoli    ecoli_raw204      10000      37399    5730494    5731633       1139
     ecoli    ecoli_raw205      10000      40616    1303786    1304803       1017
     ecoli    ecoli_raw206      10000      54095    3296204    3297574       1370
     ecoli    ecoli_raw207      10000      42322    7698452    7699473       1021
     ecoli    ecoli_raw208      10000      37877    4354698    4355796       1098
     ecoli    ecoli_raw209      10000      41091    8697267    8698393       1126
     ecoli    ecoli_raw210      10000      38625    9655989    9657050       1061
     ecoli    ecoli_raw211      10000      87330    1755027    1756765       1738
     ecoli    ecoli_raw212      10000      36792    5960864    5962122       1258
     ecoli    ecoli_raw213      10000      90194    4920106    4922097       1991
     ecoli    ecoli_raw214      10000      38167    8760481    8761628       1147
     ecoli    ecoli_raw215      10000      45162    8663775    8664767        992
     ecoli    ecoli_raw216      10000      37331     143436     144492       1056
     ecoli    ecoli_raw217      10000      40145     472097     473182       1085
     ecoli    ecoli_raw218      10000      92697    8964649    8966226       1577
     ecoli    ecoli_raw219      10000      31666    7313378    7314564       1186
     ecoli    ecoli_raw220      10000      41549    9120711    9121790       1079
     ecoli    ecoli_raw221      10000      39888    6888612    6889781       1169
     ecoli    ecoli_raw222      10000      43039    7749441    7750656       1215
     ecoli    ecoli_raw223      10000      53635    4662098    4663021        923
     ecoli    ecoli_raw224      10000      43340    6806350    6807444       1094
     ecoli    ecoli_raw225      10000      48952    2607085    2608027        942
     ecoli    ecoli_raw226      10000      44690    1810639    1811749       1110
     ecoli    ecoli_raw227      10000      35471    9398932    9400097       1165
     ecoli    ecoli_raw228      10000      33988     138716     139946       1230
     ecoli    ecoli_raw229      10000      37592    8716772    8717890       1118
     ecoli    ecoli_raw230      10000      43676    2664981    2666004       1023
     ecoli    ecoli_raw231      10000      43058    6976401    6977586       1185
     ecoli    ecoli_raw232      10000      39500    8948403    8949475       1072
     ecoli    ecoli_raw233      10000      48753    5507197    5508136        939
     ecoli    ecoli_raw234      10000      37733     511647     512757       1110
     ecoli    ecoli_raw235      10000      40806    9188876    9189904       1028
     ecoli    ecoli_raw236      10000      85437    4453663    4455262       1599
     ecoli    ecoli_raw237      10000      33796     258196     259277       1081
     ecoli    ecoli_raw238      10000      36659     498431     499445       1014
     ecoli    ecoli_raw239      10000      29938    8008872    8009972       1100
     ecoli    ecoli_raw240      10000      89039    1955633    1957720       2087
     ecoli    ecoli_raw241      10000      41100    7076397    7077466       1069
     ecoli    ecoli_raw242      10000      27371    3464723    3465952       1229
     ecoli    ecoli_raw243      10000      46010    8944890    8945902       1012
     ecoli    ecoli_raw244      10000      88924    2129017    2130639       1622
     ecoli    ecoli_raw245      10000      77817    5267965    5269116       1151
     ecoli    ecoli_raw246      10000      56346    4039093    4040283       1190
     ecoli    ecoli_raw247      10000      83325    3473043    3475023       1980
     ecoli    ecoli_raw248      10000      37291    7875845    7876866       1021
     ecoli    ecoli_raw249      10000      45628    5214973    5215952        979
     ecoli    ecoli_raw250      10000      40126    9341764    9342972       1208
     ecoli    ecoli_raw251      10000      37799    9659913    9661093       1180
     ecoli    ecoli_raw252      10000      80204    8505209    8506617       1408
     ecoli    ecoli_raw253      10000      31804     520325     521494       1169
     ecoli    ecoli_raw254      10000      30116   10221380   10222542       1162
     ecoli    ecoli_raw255      10000      87814    2948704    2950784       2080
     ecoli    ecoli_raw256      10000      44177    2741239    2742375       1136
     ecoli    ecoli_raw257      10000      40181     116249     117308       1059
     ecoli    ecoli_raw258      10000      40786   10074269   10075534       1265
     ecoli    ecoli_raw259      10000      41667    6196999    6197984        985
     ecoli    ecoli_raw260      10000      41473    1428517    1429612       1095
     ecoli    ecoli_raw261      10000      85336    9965190    9966902       1712
     ecoli    ecoli_raw262      10000      40817    1118736    1119821       1085
     ecoli    ecoli_raw263      10000      41454   10073296   10074333       1037
     ecoli    ecoli_raw264      10000      50000    3551627    3552730       1103
     ecoli    ecoli_raw265      10000      43682    4117462    4118551       1089
     ecoli    ecoli_raw266      10000      33305   10038811   10039851       1040
     ecoli    ecoli_raw267      10000      37245    3535853    3536933       1080
     ecoli    ecoli_raw268      10000      39795    4867331    4868399       1068
     ecoli    ecoli_raw269      10000      40192    1326254    1327507       1253
     ecoli    ecoli_raw270      10000      39295    7865985    7866996       1011
     ecoli    ecoli_raw271      10000      87098    3863834    3865349       1515
     ecoli    ecoli_raw272      10000      47345    3659398    3660392        994
     ecoli    ecoli_raw273      10000      83620    1611079    1612799       1720
     ecoli    ecoli_raw274      10000      85823    9847431    9849287       1856
     ecoli    ecoli_raw275      10000      47516    7012117    7013111        994
     ecoli    ecoli_raw276      10000      40936    6122335    6123610       1275
     ecoli    ecoli_raw277      10000      35739    8852195    8853280       1085
     ecoli    ecoli_raw278      10000      43090    7149083    7150158       1075
     ecoli    ecoli_raw279      10000      81686    7742079    7743505       1426
     ecoli    ecoli_raw280      10000      39347    5293420    5294737       1317
     ecoli    ecoli_raw281      10000      92767    1641099    1643162       2063
     ecoli    ecoli_raw282      10000      38889    1652152    1653271       1119
     ecoli    ecoli_raw283      10000      43347    4210036    4211052       1016
     ecoli    ecoli_raw284      10000      38209    8363410    8364497       1087
     ecoli    ecoli_raw285      10000      37301    7133619    7134574        955
     ecoli    ecoli_raw286      10000      93060    7725445    7727508       2063
     ecoli    ecoli_raw287      10000      38109    5063495    5064549       1054
     ecoli    ecoli_raw288      10000      35756    1231317    1232285        968
     ecoli    ecoli_raw289      10000      40733    6223917    6225099       1182
     ecoli    ecoli_raw290      10000      31531    8246044    8247228       1184
     ecoli    ecoli_raw291      10000      34950    1647709    1648785       1076
     ecoli    ecoli_raw292      10000      36472    1635561    1636623       1062
     ecoli    ecoli_raw293      10000      34144    1097749    1098903       1154
     ecoli    ecoli_raw294      10000      49270     936249     937175        926
     ecoli    ecoli_raw295      10000      36022    8115310    8116402       1092
     ecoli    ecoli_raw296      10000      86288    6344976    6346854       1878
     ecoli    ecoli_raw297      10000      44536    2676335    2677402       1067
     ecoli    ecoli_raw298      10000      46593    8833089    8834263       1174
     ecoli    ecoli_raw299      10000      49064    5652754    5653977       1223
     ecoli    ecoli_raw300      10000      95274    3873641    3875544       1903
     ecoli    ecoli_raw301      10000      40303    9008080    9009051        971
     ecoli    ecoli_raw302      10000      40750    6081450    6082671       1221
     ecoli    ecoli_raw303      10000      44891    4021053    4022120       1067
     ecoli    ecoli_raw304      10000      37042    2531361    2532456       1095
     ecoli    ecoli_raw305      10000      34051    2633490    2634586       1096
     ecoli    ecoli_raw306      10000      40307    7084133    7085355       1222
     ecoli    ecoli_raw307      10000      85294    2492820    2494737       1917
     ecoli    ecoli_raw308      10000      35759    7803558    7804640       1082
     ecoli    ecoli_raw309      10000      47419     372766     373835       1069
     ecoli    ecoli_raw310      10000      37934    3754065    3755233       1168
     ecoli    ecoli_raw311      10000      40709    6689190    6690427       1237
     ecoli    ecoli_raw312      10000      43749    6362721    6363787       1066
     ecoli    ecoli_raw313      10000      38489    3179161    3180208       1047
     ecoli    ecoli_raw314      10000      88880    5695609    5697534       1925
     ecoli    ecoli_raw315      10000      41690    1382805    1383913       1108
     ecoli    ecoli_raw316      10000      35043    2537958    2539088       1130
     ecoli    ecoli_raw317      10000      89933    5865319    5867267       1948
     ecoli    ecoli_raw318      10000      91777    2149146    2151260       2114
     ecoli    ecoli_raw319      10000      42640    5540728    5541721        993
     ecoli    ecoli_raw320      10000      36559    6750854    6752005       1151
     ecoli    ecoli_raw321      10000      34632   10401658   10402834       1176
     ecoli    ecoli_raw322      10000      45944    5546734    5547882       1148
     ecoli    ecoli_raw323      10000      35017    2474549    2475618       1069
     ecoli    ecoli_raw324      10000      83235    8921525    8923351       1826
     ecoli    ecoli_raw325      10000      86797   10184131   10185975       1844
     ecoli    ecoli_raw326      10000      41596     331507     332743       1236
     ecoli    ecoli_raw327      10000      33199    5621479    5622690       1211
     ecoli    ecoli_raw328      10000      34342    6182966    6184093       1127
     ecoli    ecoli_raw329      10000      39350     968399     969552       1153
     ecoli    ecoli_raw330      10000      34765    3521512    3522587       1075
     ecoli    ecoli_raw331      10000      44268    1335815    1336960       1145
     ecoli    ecoli_raw332      10000      37776    5623466    5624437        971
     ecoli    ecoli_raw333      10000      51298    2653390    2654397       1007
     ecoli    ecoli_raw334      10000      82984    6991337    6993184       1847
     ecoli    ecoli_raw335      10000      81684    6519666    6521196       1530
     ecoli    ecoli_raw336      10000      34791    1633736    1634988       1252
     ecoli    ecoli_raw337      10000      82076    4761127    4762874       1747
     ecoli    ecoli_raw338      10000      76562    2493057    2494468       1411
     ecoli    ecoli_raw339      10000      39633     367307     368342       1035
     ecoli    ecoli_raw340      10000      85879    3481102    3482939       1837
     ecoli    ecoli_raw341      10000      35309    3511973    3513100       1127
     ecoli    ecoli_raw342      10000      44718    1093358    1094413       1055
     ecoli    ecoli_raw343      10000      37619    7384379    7385593       1214
     ecoli    ecoli_raw344      10000      37649    7154930    7156020       1090
     ecoli    ecoli_raw345      10000      85312    5092451    5094086       1635
     ecoli    ecoli_raw346      10000      85409   10354609   10356498       1889
     ecoli    ecoli_raw347      10000      34968     983394     984597       1203
     ecoli    ecoli_raw348      10000      42547     949024     950112       1088
     ecoli    ecoli_raw349      10000      41476     521874     523026       1152
     ecoli    ecoli_raw350      10000      41190    1618155    1619272       1117
     ecoli    ecoli_raw351      10000      47199    5445498    5446562       1064
     ecoli    ecoli_raw352      10000      38277    9625961    9627076       1115
     ecoli    ecoli_raw353      10000      43644    8909453    8910594       1141
     ecoli    ecoli_raw354      10000      86590    9604870    9607052       2182
     ecoli    ecoli_raw355      10000      54402    9439375    9440311        936
     ecoli    ecoli_raw356      10000      36662    9251597    9252738       1141
     ecoli    ecoli_raw357      10000      45903    3192996    3194033       1037
     ecoli    ecoli_raw358      10000      38773    1223265    1224321       1056
     ecoli    ecoli_raw359      10000      44144    7568334    7569259        925
     ecoli    ecoli_raw360      10000      40497    3529566    3530715       1149
     ecoli    ecoli_raw361      10000      39645    4586368    4587429       1061
     ecoli    ecoli_raw362      10000      47143   10002532   10003549       1017
     ecoli    ecoli_raw363      10000      41453    7830337    7831333        996
     ecoli    ecoli_raw364      10000      41853    1301309    1302353       1044
     ecoli    ecoli_raw365      10000      40136    5039052    5040188       1136
     ecoli    ecoli_raw366      10000      32901    8946287    8947534       1247
     ecoli    ecoli_raw367      10000      37341     195611     196696       1085
     ecoli    ecoli_raw368      10000      34467    4914152    4915273       1121
     ecoli    ecoli_raw369      10000      86233      13841      15578       1737
     ecoli    ecoli_raw370      10000      39357     447864     448962       1098
     ecoli    ecoli_raw371      10000      89038    2865310    2867130       1820
     ecoli    ecoli_raw372      10000      42070    7283461    7284607       1146
     ecoli    ecoli_raw373      10000      88168    4145246    4147124       1878
     ecoli    ecoli_raw374      10000      35457    8978998    8979944        946
     ecoli    ecoli_raw375      10000      48548    4561337    4562433       1096
     ecoli    ecoli_raw376      10000      48803    4531265    4532230        965
     ecoli    ecoli_raw377      10000      48419     788095     789415       1320
     ecoli    ecoli_raw378      10000      98314     797819     799752       1933
     ecoli    ecoli_raw379      10000      42353    6746258    6747152        894
     ecoli    ecoli_raw380      10000      35498    7507407    7508466       1059
     ecoli    ecoli_raw381      10000      34472    7895160    7896208       1048
     ecoli    ecoli_raw382      10000      44804     872331     873510       1179
     ecoli    ecoli_raw383      10000      37559    5681072    5682132       1060
     ecoli    ecoli_raw384      10000      36617    5744177    5745409       1232
     ecoli    ecoli_raw385      10000      44517    6318488    6319559       1071
     ecoli    ecoli_raw386      10000      39598    7042966    7044063       1097
     ecoli    ecoli_raw387      10000      34408     458695     459917       1222
     ecoli    ecoli_raw388      10000      30438    4507707    4508782       1075
     ecoli    ecoli_raw389      10000      43786     658603     659590        987
     ecoli    ecoli_raw390      10000      37893   10343581   10344703       1122
     ecoli    ecoli_raw391      10000      43181    2710189    2711218       1029
     ecoli    ecoli_raw392      10000      41886   10093588   10094799       1211
     ecoli    ecoli_raw393      10000      43484    6925713    6926867       1154
     ecoli    ecoli_raw394      10000      39213     652166     653217       1051
     ecoli    ecoli_raw395      10000      36527    6978679    6979733       1054
     ecoli    ecoli_raw396      10000      38684    5693428    5694416        988
     ecoli    ecoli_raw397      10000      43952    5228411    5229554       1143
     ecoli    ecoli_raw398      10000      36991    1584470    1585713       1243
     ecoli    ecoli_raw399      10000      43919    9770368    9771396       1028
     ecoli    ecoli_raw400      10000      41469    1767624    1768864       1240
     ecoli    ecoli_raw401      10000      42353    7937462    7938486       1024
     ecoli    ecoli_raw402      10000      49071    8176841    8178074       1233
     ecoli    ecoli_raw403      10000      36730     233470     234625       1155
     ecoli    ecoli_raw404      10000      38127    4171141    4172217       1076
     ecoli    ecoli_raw405      10000      79697    9098842    9100207       1365
     ecoli    ecoli_raw406      10000      40129    2856970    2858279       1309
     ecoli    ecoli_raw407      10000      46793    2936513    2937433        920
     ecoli    ecoli_raw408      10000      32749    9571392    9572583       1191
     ecoli    ecoli_raw409      10000      85280   10092851   10094565       1714
     ecoli    ecoli_raw410      10000      42861    9904910    9905988       1078
     ecoli    ecoli_raw411      10000      43028    8152937    8153892        955
     ecoli    ecoli_raw412      10000      44252    1342672    1343664        992
     ecoli    ecoli_raw413      10000      41408    2278568    2279613       1045
     ecoli    ecoli_raw414      10000      36998    6419126    6420133       1007
     ecoli    ecoli_raw415      10000      38551    4469401    4470415       1014
     ecoli    ecoli_raw416      10000      44409    5366116    5367198       1082
     ecoli    ecoli_raw417      10000      35472     776630     777725       1095
     ecoli    ecoli_raw418      10000      60651    7797178    7798338       1160
     ecoli    ecoli_raw419      10000      49999    1795878    1797149       1271
     ecoli    ecoli_raw420      10000      80289    2756401    2758065       1664
     ecoli    ecoli_raw421      10000      32742    5579780    5580983       1203
     ecoli    ecoli_raw422      10000      60241    7898596    7899402        806
     ecoli    ecoli_raw423      10000      31010     763843     765096       1253
     ecoli    ecoli_raw424      10000      37396    2836834    2837880       1046
     ecoli    ecoli_raw425      10000      34764    8806749    8807917       1168
     ecoli    ecoli_raw426      10000      37293    4451861    4452967       1106
     ecoli    ecoli_raw427      10000      37154    5727707    5729023       1316
     ecoli    ecoli_raw428      10000      48697    3026385    3027488       1103
     ecoli    ecoli_raw429      10000      88421    2362871    2364628       1757
     ecoli    ecoli_raw430      10000      85011    5751013    5752747       1734
     ecoli    ecoli_raw431      10000      33283    8276490    8277657       1167
     ecoli    ecoli_raw432      10000      39036    4923302    4924567       1265
     ecoli    ecoli_raw433      10000      37824    9789004    9790173       1169
     ecoli    ecoli_raw434      10000      45029    3568035    3569163       1128
     ecoli    ecoli_raw435      10000      31821    9096622    9097746       1124
     ecoli    ecoli_raw436      10000      42658     253286     254382       1096
     ecoli    ecoli_raw437      10000      35889    7000068    7001132       1064
     ecoli    ecoli_raw438      10000      43772    8816349    8817432       1083
     ecoli    ecoli_raw439      10000      47377    8281936    8282968       1032
     ecoli    ecoli_raw440      10000      40137    9854783    9855922       1139
     ecoli    ecoli_raw441      10000      37174    1264363    1265401       1038
     ecoli    ecoli_raw442      10000      87341    5712261    5713941       1680
     ecoli    ecoli_raw443      10000      38776     790274     791349       1075
     ecoli    ecoli_raw444      10000      34910     871359     872615       1256
     ecoli    ecoli_raw445      10000      53663    2963588    2964595       1007
     ecoli    ecoli_raw446      10000      41422    5592800    5593955       1155
     ecoli    ecoli_raw447      10000      35399    7980187    7981396       1209
     ecoli    ecoli_raw448      10000      83305    9445207    9446886       1679
     ecoli    ecoli_raw449      10000      44671    5918501    5919575       1074
     ecoli    ecoli_raw450      10000      84822    3199968    3201599       1631
     ecoli    ecoli_raw451      10000      42011    2262566    2263591       1025
     ecoli    ecoli_raw452      10000      41941    7362646    7363680       1034
     ecoli    ecoli_raw453      10000      33266   10402191   10403334       1143
     ecoli    ecoli_raw454      10000      35268    2663854    2665004       1150
     ecoli    ecoli_raw455      10000      35490    4591325    4592403       1078
     ecoli    ecoli_raw456      10000      41165    7073170    7074271       1101
     ecoli    ecoli_raw457      10000      87437    6185404    6187105       1701
     ecoli    ecoli_raw458      10000      38347    5619511    5620592       1081
     ecoli    ecoli_raw459      10000      35934    4179234    4180301       1067
     ecoli    ecoli_raw460      10000      40448    5768862    5769982       1120
     ecoli    ecoli_raw461      10000     144533    7197854    7200115       2261
     ecoli    ecoli_raw462      10000      47127    7513013    7514184       1171
     ecoli    ecoli_raw463      10000      38385      37983      39128       1145
     ecoli    ecoli_raw464      10000      50167    2749567    2750736       1169
     ecoli    ecoli_raw465      10000      38996     322175     323162        987
     ecoli    ecoli_raw466      10000      85417    3674138    3675936       1798
     ecoli    ecoli_raw467      10000      36601    8499016    8500109       1093
     ecoli    ecoli_raw468      10000      42525    1432561    1433572       1011
     ecoli    ecoli_raw469      10000      34239     451681     452759       1078
     ecoli    ecoli_raw470      10000      47874    9378414    9379641       1227
     ecoli    ecoli_raw471      10000      88322   10055881   10057540       1659
     ecoli    ecoli_raw472      10000      67064    2115451    2116400        949
     ecoli    ecoli_raw473      10000      31884    1950193    1951383       1190
     ecoli    ecoli_raw474      10000      51091    5163048    5164012        964
     ecoli    ecoli_raw475      10000      81850    5865390    5867344       1954
     ecoli    ecoli_raw476      10000      84408    2906256    2908317       2061
     ecoli    ecoli_raw477      10000      36541    2107293    2108357       1064
     ecoli    ecoli_raw478      10000      38549    6886311    6887500       1189
     ecoli    ecoli_raw479      10000      50518    9247723    9248743       1020
     ecoli    ecoli_raw480      10000      40810    3626125    3627512       1387
     ecoli    ecoli_raw481      10000      43950    3312735    3313921       1186
     ecoli    ecoli_raw482      10000      63431    5973062    5974007        945
     ecoli    ecoli_raw483      10000      39718    9733261    9734482       1221
     ecoli    ecoli_raw484      10000      91577    9429282    9431185       1903
     ecoli    ecoli_raw485      10000      36676    4532952    4534124       1172
     ecoli    ecoli_raw486      10000      86095    3380744    3382536       1792
     ecoli    ecoli_raw487      10000      33514    9639590    9640782       1192
     ecoli    ecoli_raw488      10000      44481    4812925    4813998       1073
     ecoli    ecoli_raw489      10000      55787    7780979    7781998       1019
     ecoli    ecoli_raw490      10000      88007    2537806    2539449       1643
     ecoli    ecoli_raw491      10000      62887    3262628    3263664       1036
     ecoli    ecoli_raw492      10000      39767    1753542    1754632       1090
     ecoli    ecoli_raw493      10000      36635    9905083    9906076        993
     ecoli    ecoli_raw494      10000      35434    5393650    5394639        989
     ecoli    ecoli_raw495      10000      43790    9143704    9144687        983
     ecoli    ecoli_raw496      10000      41952    9849616    9850657       1041
     ecoli    ecoli_raw497      10000      58639    7961470    7962283        813
     ecoli    ecoli_raw498      10000      40831    3067449    3068610       1161
     ecoli    ecoli_raw499      10000      35537   10414689   10415772       1083
     ecoli    ecoli_raw500      10000      37029    4775052    4776207       1155
     ecoli    ecoli_raw501      10000      91004    9521481    9523406       1925
     ecoli    ecoli_raw502      10000      52702    5974407    5975381        974
     ecoli    ecoli_raw503      10000      43220    1690272    1691283       1011
     ecoli    ecoli_raw504      10000      48456    8282407    8283405        998
     ecoli    ecoli_raw505      10000      41622    2185236    2186551       1315
     ecoli    ecoli_raw506      10000      85520    4939729    4941464       1735
     ecoli    ecoli_raw507      10000      40115    5556327    5557471       1144
     ecoli    ecoli_raw508      10000      25760    6278321    6279484       1163
     ecoli    ecoli_raw509      10000      85133     941770     942725        955
     ecoli    ecoli_raw510      10000      39998    9726060    9727047        987
     ecoli    ecoli_raw511      10000      86537    1413643    1415326       1683
     ecoli    ecoli_raw512      10000      90407    2706013    2708185       2172
     ecoli    ecoli_raw513      10000      46634    7365095    7366151       1056
     ecoli    ecoli_raw514      10000      78268   10173231   10174753       1522
     ecoli    ecoli_raw515      10000      43602    9495907    9496883        976
     ecoli    ecoli_raw516      10000      84365   10259567   10261416       1849
     ecoli    ecoli_raw517      10000      89625    6844075    6845730       1655
     ecoli    ecoli_raw518      10000      39825    8858648    8859768       1120
     ecoli    ecoli_raw519      10000      39850    4538576    4539807       1231
     ecoli    ecoli_raw520      10000      32780    7917494    7918563       1069
     ecoli    ecoli_raw521      10000      38275    3139173    3140236       1063
     ecoli    ecoli_raw522      10000      40514    4494288    4495369       1081
     ecoli    ecoli_raw523      10000      42712    4729347    4730407       1060
     ecoli    ecoli_raw524      10000      57674    5277256    5278214        958
     ecoli    ecoli_raw525      10000      89293    7963779    7965609       1830
     ecoli    ecoli_raw526      10000      36066    7938374    7939512       1138
     ecoli    ecoli_raw527      10000      43911    2095875    2096927       1052
     ecoli    ecoli_raw528      10000      89107    1344197    1346093       1896
     ecoli    ecoli_raw529      10000      40479    7747455    7748497       1042
     ecoli    ecoli_raw530      10000      36451    2538699    2539776       1077
     ecoli    ecoli_raw531      10000      40632    7278062    7279031        969
     ecoli    ecoli_raw532      10000      84013    4003104    4004829       1725
     ecoli    ecoli_raw533      10000      36865    7965838    7966902       1064
     ecoli    ecoli_raw534      10000      38807    5679382    5680358        976
     ecoli    ecoli_raw535      10000      36485    6389794    6390963       1169
     ecoli    ecoli_raw536      10000      49089     324192     325215       1023
     ecoli    ecoli_raw537      10000      32793    7646997    7648106       1109
     ecoli    ecoli_raw538      10000      37963    8235248    8236297       1049
     ecoli    ecoli_raw539      10000      69688    6968000    6968830        830
     ecoli    ecoli_raw540      10000      43004    4983593    4984728       1135
     ecoli    ecoli_raw541      10000      88384    9421430    9423249       1819
     ecoli    ecoli_raw542      10000      42263    4621191    4622442       1251
     ecoli    ecoli_raw543      10000      45275    4372194    4373254       1060
     ecoli    ecoli_raw544      10000      38904    8753761    8754959       1198
     ecoli    ecoli_raw545      10000      38885    2730876    2731987       1111
     ecoli    ecoli_raw546      10000      42048    3227449    3228414        965
     ecoli    ecoli_raw547      10000      39453     855275     856336       1061
     ecoli    ecoli_raw548      10000      57125    6498681    6500029       1348
     ecoli    ecoli_raw549      10000      44862    2214293    2215379       1086
     ecoli    ecoli_raw550      10000      36183    4525577    4526674       1097
     ecoli    ecoli_raw551      10000      37279    3093820    3094863       1043
     ecoli    ecoli_raw552      10000      35712    9125682    9126847       1165
     ecoli    ecoli_raw553      10000      37596    5839324    5840437       1113
     ecoli    ecoli_raw554      10000      93066    6777378    6779149       1771
     ecoli    ecoli_raw555      10000      85229    2834901    2836516       1615
     ecoli    ecoli_raw556      10000      37589    4056631    4057750       1119
     ecoli    ecoli_raw557      10000      51470    4604425    4605497       1072
     ecoli    ecoli_raw558      10000      43300    6112194    6113277       1083
     ecoli    ecoli_raw559      10000      37342    9411106    9412138       1032
     ecoli    ecoli_raw560      10000      48208    6824443    6825469       1026
     ecoli    ecoli_raw561      10000      86473     328984     330866       1882
     ecoli    ecoli_raw562      10000      88181    6067963    6069748       1785
     ecoli    ecoli_raw563      10000      86747    7468058    7469924       1866
     ecoli    ecoli_raw564      10000      36525    2250606    2251658       1052
     ecoli    ecoli_raw565      10000      42664    9610126    9611259       1133
     ecoli    ecoli_raw566      10000      89802    3027858    3029366       1508
     ecoli    ecoli_raw567      10000      44103    6040102    6041317       1215
     ecoli    ecoli_raw568      10000      39107    1832015    1833025       1010
     ecoli    ecoli_raw569      10000      39410    4117603    4118849       1246
     ecoli    ecoli_raw570      10000      85406     478535     480432       1897
     ecoli    ecoli_raw571      10000      84500    9452220    9453959       1739
     ecoli    ecoli_raw572      10000      35537    5878797    5879925       1128
     ecoli    ecoli_raw573      10000      42873    3910050    3911307       1257
     ecoli    ecoli_raw574      10000      37368    2632799    2633842       1043
     ecoli    ecoli_raw575      10000      32261    6221241    6222420       1179
     ecoli    ecoli_raw576      10000      81489    2501159    2503016       1857
     ecoli    ecoli_raw577      10000      86039    2652250    2654195       1945
     ecoli    ecoli_raw578      10000      40062    8209042    8210162       1120
     ecoli    ecoli_raw579      10000      35943    8122808    8123972       1164
     ecoli    ecoli_raw580      10000      82034    9969373    9970943       1570
     ecoli    ecoli_raw581      10000      90582   10133370   10135225       1855
     ecoli    ecoli_raw582      10000      34585    6463694    6464806       1112
     ecoli    ecoli_raw583      10000      40386   10071339   10072380       1041
     ecoli    ecoli_raw584      10000      90573    7961681    7963166       1485
     ecoli    ecoli_raw585      10000      34950    1826919    1828089       1170
     ecoli    ecoli_raw586      10000      40534    2762821    2763912       1091
     ecoli    ecoli_raw587      10000      36033     515842     517038       1196
     ecoli    ecoli_raw588      10000      39042    7899919    7901091       1172
     ecoli    ecoli_raw589      10000      45134    5820030    5821065       1035
     ecoli    ecoli_raw590      10000      84013    6031973    6033625       1652
     ecoli    ecoli_raw591      10000      60591    9435625    9436647       1022
     ecoli    ecoli_raw592      10000      42586    9530108    9531214       1106
     ecoli    ecoli_raw593      10000      48233    3211355    3212474       1119
     ecoli    ecoli_raw594      10000      39298    8838779    8839999       1220
     ecoli    ecoli_raw595      10000      88194    5493152    5495238       2086
     ecoli    ecoli_raw596      10000      41231    6809869    6810871       1002
     ecoli    ecoli_raw597      10000      35505     309806     310963       1157
     ecoli    ecoli_raw598      10000      39939    8696708    8697933       1225
     ecoli    ecoli_raw599      10000      40616    1504888    1505933       1045
     ecoli    ecoli_raw600      10000      41850    6658599    6659600       1001
     ecoli    ecoli_raw601      10000      37208    3038653    3039769       1116
     ecoli    ecoli_raw602      10000      81503    8224676    8226469       1793
     ecoli    ecoli_raw603      10000      39661    4672125    4673257       1132
     ecoli    ecoli_raw604      10000      38907    7424997    7426097       1100
     ecoli    ecoli_raw605      10000      40588    3096835    3097853       1018
     ecoli    ecoli_raw606      10000      48640    8771980    8772954        974
     ecoli    ecoli_raw607      10000      28243    6621663    6623005       1342
     ecoli    ecoli_raw608      10000      46971    8904957    8905957       1000
     ecoli    ecoli_raw609      10000      41531    9021509    9022628       1119
     ecoli    ecoli_raw610      10000      39950    2814608    2815529        921
     ecoli    ecoli_raw611      10000      41869    1289912    1291098       1186
     ecoli    ecoli_raw612      10000      37961    1709846    1711143       1297
     ecoli    ecoli_raw613      10000      44018    4999171    5000213       1042
     ecoli    ecoli_raw614      10000      49369    5895192    5896183        991
     ecoli    ecoli_raw615      10000      83941    5617329    5619157       1828
     ecoli    ecoli_raw616      10000      37786    8575909    8576977       1068
     ecoli    ecoli_raw617      10000      39240    7674193    7675115        922
     ecoli    ecoli_raw618      10000      41848    1166356    1167464       1108
     ecoli    ecoli_raw619      10000      45501    1412370    1413428       1058
     ecoli    ecoli_raw620      10000      34045    4242443    4243556       1113
     ecoli    ecoli_raw621      10000      51351    6891000    6892069       1069
     ecoli    ecoli_raw622      10000      86228    2722199    2723723       1524
     ecoli    ecoli_raw623      10000      36253    8790516    8791739       1223
     ecoli    ecoli_raw624      10000      86826    1937129    1938879       1750
     ecoli    ecoli_raw625      10000      39748    8752269    8753244        975
     ecoli    ecoli_raw626      10000      32799    6827989    6829054       1065
     ecoli    ecoli_raw627      10000      42340    7032369    7033496       1127
     ecoli    ecoli_raw628      10000      83970    1955707    1957551       1844
     ecoli    ecoli_raw629      10000      42872    4495371    4496369        998
     ecoli    ecoli_raw630      10000      82486    3012785    3014560       1775
     ecoli    ecoli_raw631      10000      35217    7390783    7391769        986
     ecoli    ecoli_raw632      10000      40402     602363     603438       1075
     ecoli    ecoli_raw633      10000      39771    6863105    6864424       1319
     ecoli    ecoli_raw634      10000      39697    7893995    7895029       1034
     ecoli    ecoli_raw635      10000      33089    6890531    6891610       1079
     ecoli    ecoli_raw636      10000      40946    1944830    1945906       1076
     ecoli    ecoli_raw637      10000      40377    8012020    8013106       1086
     ecoli    ecoli_raw638      10000      33965    7216861    7217977       1116
     ecoli    ecoli_raw639      10000      35643    9851886    9853051       1165
     ecoli    ecoli_raw640      10000      41073     257538     258566       1028
     ecoli    ecoli_raw641      10000      91138    1085770    1087643       1873
     ecoli    ecoli_raw642      10000      34939    4607199    4608376       1177
     ecoli    ecoli_raw643      10000      42424    7104484    7105522       1038
     ecoli    ecoli_raw644      10000      80341   10452505   10454111       1606
     ecoli    ecoli_raw645      10000      36790    6438728    6439850       1122
     ecoli    ecoli_raw646      10000      90188    6145322    6147084       1762
     ecoli    ecoli_raw647      10000      44869    3603331    3604371       1040
     ecoli    ecoli_raw648      10000      83159    4873200    4874907       1707
     ecoli    ecoli_raw649      10000      86735    9348089    9349793       1704
     ecoli    ecoli_raw650      10000      89745   10328632   10330489       1857
     ecoli    ecoli_raw651      10000      41602    8911743    8912833       1090
     ecoli    ecoli_raw652      10000      43726    4134086    4135095       1009
     ecoli    ecoli_raw653      10000      42483    6898053    6899208       1155
     ecoli    ecoli_raw654      10000      47466    8999170    9000279       1109
     ecoli    ecoli_raw655      10000      61719     192367     193405       1038
     ecoli    ecoli_raw656      10000      89470    7336292    7337993       1701
     ecoli    ecoli_raw657      10000      39416    9611572    9612623       1051
     ecoli    ecoli_raw658      10000      42579    9319614    9320796       1182
     ecoli    ecoli_raw659      10000      38417    2787887    2788991       1104
     ecoli    ecoli_raw660      10000      49262    7039085    7040154       1069
     ecoli    ecoli_raw661      10000      34575    2950142    2951326       1184
     ecoli    ecoli_raw662      10000      78342    2458452    2459436        984
     ecoli    ecoli_raw663      10000      37550    4793503    4794678       1175
     ecoli    ecoli_raw664      10000      33869    9204942    9206052       1110
     ecoli    ecoli_raw665      10000      36364    6687440    6688557       1117
     ecoli    ecoli_raw666      10000      82505    5115014    5116767       1753
     ecoli    ecoli_raw667      10000      27229    9784611    9786009       1398
     ecoli    ecoli_raw668      10000      47889    8198068    8198894        826
     ecoli    ecoli_raw669      10000      86833     453044     454960       1916
     ecoli    ecoli_raw670      10000      39203    5242545    5243590       1045
     ecoli    ecoli_raw671      10000      40786    8399222    8400272       1050
     ecoli    ecoli_raw672      10000      40306    3552062    3553193       1131
     ecoli    ecoli_raw673      10000      28592    2330736    2331934       1198
     ecoli    ecoli_raw674      10000      37246    8911719    8912854       1135
     ecoli    ecoli_raw675      10000      43356    9956350    9957475       1125
     ecoli    ecoli_raw676      10000      38140    1634412    1635565       1153
     ecoli    ecoli_raw677      10000      38660    4236387    4237439       1052
     ecoli    ecoli_raw678      10000      38506    9103920    9105100       1180
     ecoli    ecoli_raw679      10000      40120    8712738    8713955       1217
     ecoli    ecoli_raw680      10000      47576    1215255    1216359       1104
     ecoli    ecoli_raw681      10000      35585    3740719    3741798       1079
     ecoli    ecoli_raw682      10000      31846    8766714    8767854       1140
     ecoli    ecoli_raw683      10000      43610   10015335   10016588       1253
     ecoli    ecoli_raw684      10000      90213    1713011    1714796       1785
     ecoli    ecoli_raw685      10000      47206    9429689    9430740       1051
     ecoli    ecoli_raw686      10000      45710    4534323    4535363       1040
     ecoli    ecoli_raw687      10000      42505    7562888    7563867        979
     ecoli    ecoli_raw688      10000      23043    1793478    1794784       1306
     ecoli    ecoli_raw689      10000      45152    3306749    3307839       1090
     ecoli    ecoli_raw690      10000      44993    4467728    4468782       1054
     ecoli    ecoli_raw691      10000      41586    3762692    3763805       1113
     ecoli    ecoli_raw692      10000      40425    8820585    8821699       1114
     ecoli    ecoli_raw693      10000      43554    8584018    8585064       1046
     ecoli    ecoli_raw694      10000      84493    1977166    1978939       1773
     ecoli    ecoli_raw695      10000      38600    8805470    8806536       1066
     ecoli    ecoli_raw696      10000      41395    1236872    1237776        904
     ecoli    ecoli_raw697      10000      42762    5460677    5461929       1252
     ecoli    ecoli_raw698      10000      35474    3100733    3101941       1208
     ecoli    ecoli_raw699      10000      84796   10046299   10047883       1584
     ecoli    ecoli_raw700      10000      45351    8618119    8619295       1176
     ecoli    ecoli_raw701      10000      46176    7904116    7905199       1083
     ecoli    ecoli_raw702      10000      40356    3576342    3577288        946
     ecoli    ecoli_raw703      10000      88170    5929477    5931412       1935
     ecoli    ecoli_raw704      10000      49021    9748832    9749783        951
     ecoli    ecoli_raw705      10000      38047    5281799    5282848       1049
     ecoli    ecoli_raw706      10000      46700    9870754    9871810       1056
     ecoli    ecoli_raw707      10000      35527    9615731    9616863       1132
     ecoli    ecoli_raw708      10000      31484     271888     273042       1154
     ecoli    ecoli_raw709      10000      85442    1214590    1216394       1804
     ecoli    ecoli_raw710      10000      85513    4560560    4562553       1993
     ecoli    ecoli_raw711      10000      35124    9408161    9409222       1061
     ecoli    ecoli_raw712      10000      74470    7186285    7187762       1477
     ecoli    ecoli_raw713      10000      87318     639293     641194       1901
     ecoli    ecoli_raw714      10000      40402      58843      60146       1303
     ecoli    ecoli_raw715      10000      36553    6594005    6595144       1139
     ecoli    ecoli_raw716      10000      32547     136960     138024       1064
     ecoli    ecoli_raw717      10000      36286    1035568    1036560        992
     ecoli    ecoli_raw718      10000      42901    3474360    3475537       1177
     ecoli    ecoli_raw719      10000      31583     334621     335803       1182
     ecoli    ecoli_raw720      10000      33109    9509344    9510526       1182
     ecoli    ecoli_raw721      10000      32642    5949727    5950908       1181
     ecoli    ecoli_raw722      10000      40497    1982598    1983763       1165
     ecoli    ecoli_raw723      10000      41484    3546562    3547636       1074
     ecoli    ecoli_raw724      10000      40259     572292     573363       1071
     ecoli    ecoli_raw725      10000      38591    6060817    6061888       1071
     ecoli    ecoli_raw726      10000      36563    7332113    7333227       1114
     ecoli    ecoli_raw727      10000      45492    8782905    8783949       1044
     ecoli    ecoli_raw728      10000      39243    5145220    5146365       1145
     ecoli    ecoli_raw729      10000      34126    8406495    8407668       1173
     ecoli    ecoli_raw730      10000      56627    5899696    5900864       1168
     ecoli    ecoli_raw731      10000      37704    8090899    8092047       1148
     ecoli    ecoli_raw732      10000      36739    2683778    2684805       1027
     ecoli    ecoli_raw733      10000      49450    9629385    9630429       1044
     ecoli    ecoli_raw734      10000      38676    6324818    6325926       1108
     ecoli    ecoli_raw735      10000      37695    6441864    6442918       1054
     ecoli    ecoli_raw736      10000      41604    3961070    3962361       1291
     ecoli    ecoli_raw737      10000      35938     753671     754893       1222
     ecoli    ecoli_raw738      10000      44343    5790282    5791242        960
     ecoli    ecoli_raw739      10000      37754    7495886    7496937       1051
     ecoli    ecoli_raw740      10000      38784    2915784    2916941       1157
     ecoli    ecoli_raw741      10000      44717    3500786    3501981       1195
     ecoli    ecoli_raw742      10000      31906    8702674    8703761       1087
     ecoli    ecoli_raw743      10000      33884     621163     622167       1004
     ecoli    ecoli_raw744      10000      88623   10355018   10356766       1748
     ecoli    ecoli_raw745      10000      91610    7468359    7470002       1643
     ecoli    ecoli_raw746      10000      86233    5260243    5262007       1764
     ecoli    ecoli_raw747      10000      33199    6437459    6438859       1400
     ecoli    ecoli_raw748      10000      88851    3649885    3651810       1925
     ecoli    ecoli_raw749      10000      44178    6985933    6986889        956
     ecoli    ecoli_raw750      10000      47583    5721429    5722525       1096
     ecoli    ecoli_raw751      10000      87629     840468     842332       1864
     ecoli    ecoli_raw752      10000      37054      58384      59416       1032
     ecoli    ecoli_raw753      10000      44993     962802     963774        972
     ecoli    ecoli_raw754      10000      40661    1624412    1625491       1079
     ecoli    ecoli_raw755      10000      35250    1409218    1410418       1200
     ecoli    ecoli_raw756      10000      36820    9774080    9775153       1073
     ecoli    ecoli_raw757      10000      40657    2966342    2967542       1200
     ecoli    ecoli_raw758      10000      39279   10330496   10331593       1097
     ecoli    ecoli_raw759      10000      33592     461234     462433       1199
     ecoli    ecoli_raw760      10000      83526      13535      15456       1921
     ecoli    ecoli_raw761      10000      37675    6044768    6045871       1103
     ecoli    ecoli_raw762      10000      84134    2235925    2237395       1470
     ecoli    ecoli_raw763      10000      86652    7256058    7258089       2031
     ecoli    ecoli_raw764      10000      87317    9174656    9176492       1836
     ecoli    ecoli_raw765      10000      40420    9030846    9031866       1020
     ecoli    ecoli_raw766      10000      44351    4979828    4980920       1092
     ecoli    ecoli_raw767      10000      84853    5970720    5972760       2040
     ecoli    ecoli_raw768      10000      43777    2769412    2770512       1100
     ecoli    ecoli_raw769      10000      35065    5093428    5094659       1231
     ecoli    ecoli_raw770      10000      38785    6032667    6033760       1093
     ecoli    ecoli_raw771      10000      45054    8053960    8055017       1057
     ecoli    ecoli_raw772      10000      42886    8053416    8054479       1063
     ecoli    ecoli_raw773      10000      38260    5168477    5169457        980
     ecoli    ecoli_raw774      10000      35450    5192199    5193243       1044
     ecoli    ecoli_raw775      10000      87635    5403655    5405448       1793
     ecoli    ecoli_raw776      10000      39135    6669345    6670454       1109
     ecoli    ecoli_raw777      10000      49483    7890376    7891423       1047
     ecoli    ecoli_raw778      10000      34936    1560782    1562130       1348
     ecoli    ecoli_raw779      10000      41683      12183      13264       1081
     ecoli    ecoli_raw780      10000      43013    9339057    9340216       1159
     ecoli    ecoli_raw781      10000      39957    8004581    8005719       1138
     ecoli    ecoli_raw782      10000      48211    8981883    8982978       1095
     ecoli    ecoli_raw783      10000      90356    9490120    9492007       1887
     ecoli    ecoli_raw784      10000      43899    8038688    8039704       1016
     ecoli    ecoli_raw785      10000      37234    1242358    1243406       1048
     ecoli    ecoli_raw786      10000      46091    6555820    6556948       1128
     ecoli    ecoli_raw787      10000      38903    7589609    7590764       1155
     ecoli    ecoli_raw788      10000      40014    4206192    4207290       1098
     ecoli    ecoli_raw789      10000      42784    4042614    4043704       1090
     ecoli    ecoli_raw790      10000      36647    6549740    6550863       1123
     ecoli    ecoli_raw791      10000      44089    6172986    6174089       1103
     ecoli    ecoli_raw792      10000      88309    3650727    3652459       1732
     ecoli    ecoli_raw793      10000      37132    1880568    1881595       1027
     ecoli    ecoli_raw794      10000      42073    9310815    9311821       1006
     ecoli    ecoli_raw795      10000      81634    7958140    7959564       1424
     ecoli    ecoli_raw796      10000      43311    6023673    6024706       1033
     ecoli    ecoli_raw797      10000      36865    6349188    6350159        971
     ecoli    ecoli_raw798      10000      41775    3044496    3045575       1079
     ecoli    ecoli_raw799      10000      46889   10351218   10352323       1105
     ecoli    ecoli_raw800      10000      36233    7441710    7442783       1073
     ecoli    ecoli_raw801      10000      37369    3255061    3256063       1002
     ecoli    ecoli_raw802      10000      36374    2714276    2715324       1048
     ecoli    ecoli_raw803      10000      38295    5500371    5501539       1168
     ecoli    ecoli_raw804      10000      32367   10450001   10451120       1119
     ecoli    ecoli_raw805      10000      40262     177703     178772       1069
     ecoli    ecoli_raw806      10000      52783    2987014    2988000        986
     ecoli    ecoli_raw807      10000      82812     226037     227915       1878
     ecoli    ecoli_raw808      10000      89638    3473594    3474838       1244
     ecoli    ecoli_raw809      10000      36166    5714059    5715043        984
     ecoli    ecoli_raw810      10000      45081   10238800   10239928       1128
     ecoli    ecoli_raw811      10000      39022    5670164    5671287       1123
     ecoli    ecoli_raw812      10000      35625    2515004    2516118       1114
     ecoli    ecoli_raw813      10000      89116    6214115    6215964       1849
     ecoli    ecoli_raw814      10000      38053   10444985   10446206       1221
     ecoli    ecoli_raw815      10000      43253    7853668    7854793       1125
     ecoli    ecoli_raw816      10000      42043    5181848    5182902       1054
     ecoli    ecoli_raw817      10000      39252    4484035    4485049       1014
     ecoli    ecoli_raw818      10000      48253    3105417    3106584       1167
     ecoli    ecoli_raw819      10000      77341    2169793    2171052       1259
     ecoli    ecoli_raw820      10000      40950    8145123    8146184       1061
     ecoli    ecoli_raw821      10000      37035    2681264    2682315       1051
     ecoli    ecoli_raw822      10000      88327    8543384    8545207       1823
     ecoli    ecoli_raw823      10000      40737    2732613    2733829       1216
     ecoli    ecoli_raw824      10000      35174     909948     911085       1137
     ecoli    ecoli_raw825      10000      87852    4351189    4352939       1750
     ecoli    ecoli_raw826      10000      31134    5112389    5113577       1188
     ecoli    ecoli_raw827      10000      42435    7136396    7137576       1180
     ecoli    ecoli_raw828      10000      37970    5247954    5248941        987
     ecoli    ecoli_raw829      10000      41138    1924458    1925717       1259
     ecoli    ecoli_raw830      10000      41198    1779893    1780937       1044
     ecoli    ecoli_raw831      10000      40457    5066712    5067974       1262
     ecoli    ecoli_raw832      10000      40877    5775181    5776216       1035
     ecoli    ecoli_raw833      10000      42017    7162913    7163869        956
     ecoli    ecoli_raw834      10000      42554    4879242    4880413       1171
     ecoli    ecoli_raw835      10000      91311    8980256    8982310       2054
     ecoli    ecoli_raw836      10000      45102    7711356    7712590       1234
     ecoli    ecoli_raw837      10000      33035    4533153    4534338       1185
     ecoli    ecoli_raw838      10000      38575    9247147    9248246       1099
     ecoli    ecoli_raw839      10000      37272     141028     142140       1112
     ecoli    ecoli_raw840      10000      40023    5900580    5901521        941
     ecoli    ecoli_raw841      10000      44052    7836108    7837145       1037
     ecoli    ecoli_raw842      10000      40554    7793281    7794527       1246
     ecoli    ecoli_raw843      10000      30605    3249827    3250919       1092
     ecoli    ecoli_raw844      10000      89837    9970830    9972934       2104
     ecoli    ecoli_raw845      10000      39008    7433883    7435081       1198
     ecoli    ecoli_raw846      10000      35703    6855720    6856798       1078
     ecoli    ecoli_raw847      10000      36924    3183456    3184556       1100
     ecoli    ecoli_raw848      10000      84845    1049685    1051278       1593
     ecoli    ecoli_raw849      10000      32133    6287118    6288302       1184
     ecoli    ecoli_raw850      10000      41635    3898622    3899742       1120
     ecoli    ecoli_raw851      10000      86184    3532897    3534596       1699
     ecoli    ecoli_raw852      10000      31584    8908468    8909525       1057
     ecoli    ecoli_raw853      10000      31606    2019260    2020420       1160
     ecoli    ecoli_raw854      10000      35390    9967768    9968847       1079
     ecoli    ecoli_raw855      10000      37434    3610479    3611612       1133
     ecoli    ecoli_raw856      10000      48052     326331     327300        969
     ecoli    ecoli_raw857      10000      36736    8731333    8732479       1146
     ecoli    ecoli_raw858      10000      90103    1621427    1623541       2114
     ecoli    ecoli_raw859      10000      39591     438055     439163       1108
     ecoli    ecoli_raw860      10000      38677    5195388    5196434       1046
     ecoli    ecoli_raw861      10000      55837    3473173    3474049        876
     ecoli    ecoli_raw862      10000      33923    7810699    7811816       1117
     ecoli    ecoli_raw863      10000      46249    5058562    5059638       1076
     ecoli    ecoli_raw864      10000      37867    9639066    9640160       1094
     ecoli    ecoli_raw865      10000      57686    4718613    4719870       1257
     ecoli    ecoli_raw866      10000      45476    9039252    9040468       1216
     ecoli    ecoli_raw867      10000      50561    1877805    1879002       1197
     ecoli    ecoli_raw868      10000      42557    4836932    4838011       1079
     ecoli    ecoli_raw869      10000      38454    9669504    9670627       1123
     ecoli    ecoli_raw870      10000      46712    9501855    9502945       1090
     ecoli    ecoli_raw871      10000      40745    9310246    9311313       1067
     ecoli    ecoli_raw872      10000      35513    7275850    7276900       1050
     ecoli    ecoli_raw873      10000      84038    2753091    2754803       1712
     ecoli    ecoli_raw874      10000      35896    5814988    5816040       1052
     ecoli    ecoli_raw875      10000      47814     173886     174930       1044
     ecoli    ecoli_raw876      10000      44995    2682661    2683890       1229
     ecoli    ecoli_raw877      10000      45458    5487834    5488852       1018
     ecoli    ecoli_raw878      10000      36971       4756       5974       1218
     ecoli    ecoli_raw879      10000      98231    9404824    9406865       2041
     ecoli    ecoli_raw880      10000      43900     685870     686989       1119
     ecoli    ecoli_raw881      10000      89409      80169      82026       1857
     ecoli    ecoli_raw882      10000      35097   10352143   10353212       1069
     ecoli    ecoli_raw883      10000      87682    9121425    9123276       1851
     ecoli    ecoli_raw884      10000      77850    6153118    6154772       1654
     ecoli    ecoli_raw885      10000      48651   10343743   10344870       1127
     ecoli    ecoli_raw886      10000      45998    7785153    7786299       1146
     ecoli    ecoli_raw887      10000      87909    3532426    3534252       1826
     ecoli    ecoli_raw888      10000      33457    5588540    5589620       1080
     ecoli    ecoli_raw889      10000      35099    3316149    3317249       1100
     ecoli    ecoli_raw890      10000      76468    7612202    7613545       1343
     ecoli    ecoli_raw891      10000      37611    3062818    3063937       1119
     ecoli    ecoli_raw892      10000      83869    8862612    8864635       2023
     ecoli    ecoli_raw893      10000      39215    6166192    6167384       1192
     ecoli    ecoli_raw894      10000      34794    4396785    4397876       1091
     ecoli    ecoli_raw895      10000      37037    6362342    6363413       1071
     ecoli    ecoli_raw896      10000      51344    1963858    1964665        807
     ecoli    ecoli_raw897      10000      37772    5774715    5775729       1014
     ecoli    ecoli_raw898      10000      87595    2692792    2694608       1816
     ecoli    ecoli_raw899      10000      46648    9187467    9188495       1028
     ecoli    ecoli_raw900      10000      43809   10119247   10120418       1171
     ecoli    ecoli_raw901      10000      85008    5936091    5937654       1563
     ecoli    ecoli_raw902      10000      85732    7314370    7316107       1737
     ecoli    ecoli_raw903      10000      88704    1384734    1386992       2258
     ecoli    ecoli_raw904      10000      89876    4948252    4950398       2146
     ecoli    ecoli_raw905      10000      43282   10248131   10249177       1046
     ecoli    ecoli_raw906      10000      48154    4501565    4502768       1203
     ecoli    ecoli_raw907      10000      45863   10393416   10394531       1115
     ecoli    ecoli_raw908      10000      39793    5935301    5936432       1131
     ecoli    ecoli_raw909      10000      40847    3485606    3486851       1245
     ecoli    ecoli_raw910      10000      43740    6426317    6427523       1206
     ecoli    ecoli_raw911      10000      41259    8775825    8776932       1107
     ecoli    ecoli_raw912      10000      36585    3292852    3293965       1113
     ecoli    ecoli_raw913      10000      44795    5366336    5367532       1196
     ecoli    ecoli_raw914      10000      40999    2561147    2562218       1071
     ecoli    ecoli_raw915      10000      38294    5257376    5258511       1135
     ecoli    ecoli_raw916      10000      37428    5145239    5146372       1133
     ecoli    ecoli_raw917      10000      41077     603870     604981       1111
     ecoli    ecoli_raw918      10000      91482    6271370    6273518       2148
     ecoli    ecoli_raw919      10000      26436    2273686    2274883       1197
     ecoli    ecoli_raw920      10000      84473    3783410    3784996       1586
     ecoli    ecoli_raw921      10000      37720    1786601    1787540        939
     ecoli    ecoli_raw922      10000      77423     772055     773380       1325
     ecoli    ecoli_raw923      10000      34955    5888219    5889356       1137
     ecoli    ecoli_raw924      10000      36080    6503193    6504230       1037
     ecoli    ecoli_raw925      10000      87991    5088659    5090648       1989
     ecoli    ecoli_raw926      10000      38206    8927058    8928213       1155
     ecoli    ecoli_raw927      10000      84728    3577694    3579456       1762
     ecoli    ecoli_raw928      10000      33432    5091225    5092355       1130
     ecoli    ecoli_raw929      10000      78294    2002064    2003488       1424
     ecoli    ecoli_raw930      10000      84383   10394168   10396042       1874
     ecoli    ecoli_raw931      10000      38302    3976501    3977635       1134
     ecoli    ecoli_raw932      10000      40700    1785166    1786154        988
     ecoli    ecoli_raw933      10000      34719    9742097    9743328       1231
     ecoli    ecoli_raw934      10000      41593    1622251    1623283       1032
     ecoli    ecoli_raw935      10000      48459    7009838    7010906       1068
     ecoli    ecoli_raw936      10000      42253    2730751    2731847       1096
     ecoli    ecoli_raw937      10000      96730    5838004    5839943       1939
     ecoli    ecoli_raw938      10000      38231    2538224    2539168        944
     ecoli    ecoli_raw939      10000      91818    3740560    3742228       1668
     ecoli    ecoli_raw940      10000      36415    3518470    3519582       1112
     ecoli    ecoli_raw941      10000      43902    8631165    8632241       1076
     ecoli    ecoli_raw942      10000      37348    5353619    5354747       1128
     ecoli    ecoli_raw943      10000      38021      22417      23371        954
     ecoli    ecoli_raw944      10000      54270    3547980    3549077       1097
     ecoli    ecoli_raw945      10000      38589     725646     726737       1091
     ecoli    ecoli_raw946      10000      36891    9677542    9678792       1250
     ecoli    ecoli_raw947      10000      41031    7274277    7275323       1046
     ecoli    ecoli_raw948      10000      32414    2884392    2885431       1039
     ecoli    ecoli_raw949      10000      38078    1237560    1238689       1129
     ecoli    ecoli_raw950      10000      47275    9147364    9148436       1072
     ecoli    ecoli_raw951      10000      47306     620415     621475       1060
     ecoli    ecoli_raw952      10000      38212    9906766    9907872       1106
     ecoli    ecoli_raw953      10000      82904    4585728    4587464       1736
     ecoli    ecoli_raw954      10000      47729    8344249    8345273       1024
     ecoli    ecoli_raw955      10000      34173    4795010    4796125       1115
     ecoli    ecoli_raw956      10000      37349     986779     987780       1001
     ecoli    ecoli_raw957      10000      36731    3132287    3133449       1162
     ecoli    ecoli_raw958      10000      39419    2525403    2526501       1098
     ecoli    ecoli_raw959      10000      35709    7124647    7125789       1142
     ecoli    ecoli_raw960      10000      81763    2934440    2936348       1908
     ecoli    ecoli_raw961      10000      82192    3381418    3383227       1809
     ecoli    ecoli_raw962      10000      83045    7968211    7970000       1789
     ecoli    ecoli_raw963      10000      43472    9578335    9579321        986
     ecoli    ecoli_raw964      10000      42581    5210823    5211731        908
     ecoli    ecoli_raw965      10000      86316    3060843    3062592       1749
     ecoli    ecoli_raw966      10000      35943    7174621    7175789       1168
     ecoli    ecoli_raw967      10000      42243     991519     992509        990
     ecoli    ecoli_raw968      10000      51375    3235369    3236273        904
     ecoli    ecoli_raw969      10000      36359    4505479    4506702       1223
     ecoli    ecoli_raw970      10000      39411    1518552    1519689       1137
     ecoli    ecoli_raw971      10000      38448      42035      43155       1120
     ecoli    ecoli_raw972      10000      42827   10003707   10005035       1328
     ecoli    ecoli_raw973      10000      42981    3176919    3178096       1177
     ecoli    ecoli_raw974      10000      39018    7292954    7293993       1039
     ecoli    ecoli_raw975      10000      41320     218155     219256       1101
     ecoli    ecoli_raw976      10000      40571    7876719    7877772       1053
     ecoli    ecoli_raw977      10000      33033    1785783    1786935       1152
     ecoli    ecoli_raw978      10000      35292    2422895    2424197       1302
     ecoli    ecoli_raw979      10000      37016    9299923    9301151       1228
     ecoli    ecoli_raw980      10000      36160    9779427    9780470       1043
     ecoli    ecoli_raw981      10000      87436    3695558    3697478       1920
     ecoli    ecoli_raw982      10000      41278    1363359    1364220        861
     ecoli    ecoli_raw983      10000      33585    3550146    3551280       1134
     ecoli    ecoli_raw984      10000      46620    9896457    9897482       1025
     ecoli    ecoli_raw985      10000      37889    9579875    9580978       1103
     ecoli    ecoli_raw986      10000      35550    7446480    7447626       1146
     ecoli    ecoli_raw987      10000      33557    9983463    9984597       1134
     ecoli    ecoli_raw988      10000      42869    4274270    4275314       1044
     ecoli    ecoli_raw989      10000      85326    3434610    3436424       1814
     ecoli    ecoli_raw990      10000      43852    8482723    8483757       1034
     ecoli    ecoli_raw991      10000      39791    7936054    7937076       1022
     ecoli    ecoli_raw992      10000      86452    5443289    5445311       2022
     ecoli    ecoli_raw993      10000      40206    6623879    6625093       1214
     ecoli    ecoli_raw994      10000      31196    8309395    8310473       1078
     ecoli    ecoli_raw995      10000      39840    9879878    9881195       1317
     ecoli    ecoli_raw996      10000      97748    1046433    1048622       2189
     ecoli    ecoli_raw997      10000      57525    8839074    8840247       1173
     ecoli    ecoli_raw998      10000      58326    3717754    3718819       1065
     ecoli    ecoli_raw999      10000      35882    5930284    5931399       1115
     human      human_raw0      10000      80314    5250941    5252544       1603
     human      human_raw1      10000      79217    9651262    9652585       1323
     human      human_raw2      10000      83887    3159281    3160704       1423
     human      human_raw3      10000      89247   10052724   10054402       1678
     human      human_raw4      10000      84821     798179     799735       1556
     human      human_raw5      10000      87365    7904488    7906393       1905
     human      human_raw6      10000      87911     740094     741805       1711
     human      human_raw7      10000      88641    3536525    3538109       1584
     human      human_raw8      10000      81697    2803541    2805150       1609
     human      human_raw9      10000      85330   10231165   10233073       1908
     human     human_raw10      10000      89703    9810676    9812338       1662
     human     human_raw11      10000      89595      31813      33646       1833
     human     human_raw12      10000      79877    3435129    3436854       1725
     human     human_raw13      10000      81733    3693059    3694702       1643
     human     human_raw14      10000      87117    3129506    3131262       1756
     human     human_raw15      10000      87475    5801248    5802900       1652
     human     human_raw16      10000      85221    5840328    5841994       1666
     human     human_raw17      10000      83779    5792440    5794053       1613
     human     human_raw18      10000      91414    9492941    9494665       1724
     human     human_raw19      10000      83795    9513823    9515406       1583
     human     human_raw20      10000      85988     286179     287746       1567
     human     human_raw21      10000      86279    5294088    5295808       1720
     human     human_raw22      10000      85246    7165629    7167244       1615
     human     human_raw23      10000      85313    3733037    3734814       1777
     human     human_raw24      10000      80387    3497352    3498934       1582
     human     human_raw25      10000      91885    9716298    9718182       1884
     human     human_raw26      10000      84422     324942     326454       1512
     human     human_raw27      10000      82173    8207015    8208541       1526
     human     human_raw28      10000      82478     777020     778660       1640
     human     human_raw29      10000      84049    2613212    2614707       1495
     human     human_raw30      10000      81791    7019616    7021322       1706
     human     human_raw31      10000      83039    1104965    1106595       1630
     human     human_raw32      10000      81495    1491467    1493294       1827
     human     human_raw33      10000      86003    1809232    1810902       1670
     human     human_raw34      10000      88568     405076     406875       1799
     human     human_raw35      10000      88331     689654     691143       1489
     human     human_raw36      10000      89115    5890156    5891901       1745
     human     human_raw37      10000     113034    4713161    4714400       1239
     human     human_raw38      10000      84064    2394513    2396063       1550
     human     human_raw39      10000      84051    8877686    8879379       1693
     human     human_raw40      10000      81817    4389985    4391658       1673
     human     human_raw41      10000      90848    5118980    5120648       1668
     human     human_raw42      10000      80575     798664     800110       1446
     human     human_raw43      10000      88025    2412443    2413963       1520
     human     human_raw44      10000      84676   10138536   10140042       1506
     human     human_raw45      10000      83566    9237769    9239459       1690
     human     human_raw46      10000      86444    9319939    9321377       1438
     human     human_raw47      10000      82223    9438317    9439952       1635
     human     human_raw48      10000      91160    4439974    4441671       1697
     human     human_raw49      10000      89728    7327271    7329140       1869
     human     human_raw50      10000      88636    2147604    2149378       1774
     human     human_raw51      10000      88583    9278377    9280353       1976
     human     human_raw52      10000      79457    8778951    8780422       1471
     human     human_raw53      10000      83222    3835471    3836980       1509
     human     human_raw54      10000      86904    8462796    8464547       1751
     human     human_raw55      10000      92029    2800137    2802120       1983
     human     human_raw56      10000      84493    3486791    3488447       1656
     human     human_raw57      10000      87107    9190800    9192648       1848
     human     human_raw58      10000      88435   10024087   10025770       1683
     human     human_raw59      10000      83318    9273131    9274934       1803
     human     human_raw60      10000      91219    3129427    3131342       1915
     human     human_raw61      10000      83287     689963     691429       1466
     human     human_raw62      10000      83308    4638622    4640406       1784
     human     human_raw63      10000      92137    8110866    8112923       2057
     human     human_raw64      10000      83490    3754767    3756294       1527
     human     human_raw65      10000      84519    2737881    2739724       1843
     human     human_raw66      10000      86337    1214774    1216513       1739
     human     human_raw67      10000      82677     919242     920864       1622
     human     human_raw68      10000      87620    7385193    7386841       1648
     human     human_raw69      10000      87322    9109139    9110781       1642
     human     human_raw70      10000      81784    3495021    3496915       1894
     human     human_raw71      10000      84957    9098773    9100448       1675
     human     human_raw72      10000      84028    5528532    5530342       1810
     human     human_raw73      10000      87733    5401140    5402722       1582
     human     human_raw74      10000      86427     940954     942496       1542
     human     human_raw75      10000      88146    1438783    1440448       1665
     human     human_raw76      10000      85003    7900499    7902176       1677
     human     human_raw77      10000      84505     474556     476336       1780
     human     human_raw78      10000      85754    1335872    1337604       1732
     human     human_raw79      10000      84794    7030362    7032271       1909
     human     human_raw80      10000      82724    8886864    8888619       1755
     human     human_raw81      10000      82575    9205786    9207530       1744
     human     human_raw82      10000      84099    4807979    4809596       1617
     human     human_raw83      10000      81864    5616154    5617882       1728
     human     human_raw84      10000      85024    7336562    7338332       1770
     human     human_raw85      10000      86695    1867925    1869568       1643
     human     human_raw86      10000      85371    3486762    3488342       1580
     human     human_raw87      10000      76703    2643326    2644594       1268
     human     human_raw88      10000      91225    5870203    5871794       1591
     human     human_raw89      10000      83906    3472990    3474579       1589
     human     human_raw90      10000      87814    4284942    4286679       1737
     human     human_raw91      10000      85386     191602     193122       1520
     human     human_raw92      10000      83869    8612236    8613749       1513
     human     human_raw93      10000      84896    4295372    4296952       1580
     human     human_raw94      10000      86134    5630032    5631817       1785
     human     human_raw95      10000      81437    2871498    2873003       1505
     human     human_raw96      10000      90331    2739862    2741714       1852
     human     human_raw97      10000      89923    4962284    4964191       1907
     human     human_raw98      10000      86097    5828817    5830379       1562
     human     human_raw99      10000      94378    9007667    9009310       1643
     human    human_raw100      10000      83160    5336984    5338460       1476
     human    human_raw101      10000      87319    8419401    8420954       1553
     human    human_raw102      10000      83514     567640     569139       1499
     human    human_raw103      10000      91961     389058     390518       1460
     human    human_raw104      10000      84765    4344596    4346398       1802
     human    human_raw105      10000      83771    7969727    7971189       1462
     human    human_raw106      10000      86316    4002182    4003987       1805
     human    human_raw107      10000      94153    4793180    4795024       1844
     human    human_raw108      10000      82741    9811850    9813521       1671
     human    human_raw109      10000      85613    3407910    3409639       1729
     human    human_raw110      10000      90962    2415151    2416718       1567
     human    human_raw111      10000      87360    8870777    8872555       1778
     human    human_raw112      10000      86839    8824689    8826206       1517
     human    human_raw113      10000      83554    1960930    1962606       1676
     human    human_raw114      10000      86871    4344217    4345813       1596
     human    human_raw115      10000      85306   10393809   10395343       1534
     human    human_raw116      10000      90772    6046916    6048606       1690
     human    human_raw117      10000      84684    4110131    4111767       1636
     human    human_raw118      10000      80891    8463102    8464678       1576
     human    human_raw119      10000      83610    2315636    2317068       1432
     human    human_raw120      10000      83794    4293790    4295539       1749
     human    human_raw121      10000      84228    3279699    3281457       1758
     human    human_raw122      10000      85282     200255     201573       1318
     human    human_raw123      10000      90063   10395791   10397758       1967
     human    human_raw124      10000      75346    5426534    5427990       1456
     human    human_raw125      10000      86146     854461     856311       1850
     human    human_raw126      10000      84391    7963310    7964667       1357
     human    human_raw127      10000      84959    2814255    2815823       1568
     human    human_raw128      10000      84102    6322748    6324350       1602
     human    human_raw129      10000      87185    2286047    2287544       1497
     human    human_raw130      10000      86025     411273     413223       1950
     human    human_raw131      10000      84751   10437822   10439736       1914
     human    human_raw132      10000      83803    6282044    6283648       1604
     human    human_raw133      10000      90203   10253457   10255105       1648
     human    human_raw134      10000      87064    2277214    2278706       1492
     human    human_raw135      10000      87782    5576660    5578358       1698
     human    human_raw136      10000      90161    3452662    3454382       1720
     human    human_raw137      10000      76611    2678891    2680258       1367
     human    human_raw138      10000      85402    4915613    4917212       1599
     human    human_raw139      10000      89426    1382723    1384582       1859
     human    human_raw140      10000      87156    2934212    2935916       1704
     human    human_raw141      10000      86009    5628260    5629916       1656
     human    human_raw142      10000      86269    7634394    7635985       1591
     human    human_raw143      10000      89650    9050344    9052261       1917
     human    human_raw144      10000      78791    8077268    8078612       1344
     human    human_raw145      10000      80912    1933474    1934840       1366
     human    human_raw146      10000      87577   10129130   10130722       1592
     human    human_raw147      10000      86072    2494288    2495857       1569
     human    human_raw148      10000      86019    2813204    2815025       1821
     human    human_raw149      10000      85467    1142352    1143927       1575
     human    human_raw150      10000      86815    1868374    1870017       1643
     human    human_raw151      10000      85307    4744261    4746093       1832
     human    human_raw152      10000      85750     968291     970054       1763
     human    human_raw153      10000      83197    4021776    4023516       1740
     human    human_raw154      10000      83878    2462405    2463906       1501
     human    human_raw155      10000      89763    7309888    7311725       1837
     human    human_raw156      10000      85231    2753229    2754980       1751
     human    human_raw157      10000      91817    2281766    2283630       1864
     human    human_raw158      10000      85271    4378689    4380794       2105
     human    human_raw159      10000      83305    2974701    2976016       1315
     human    human_raw160      10000      84270     131789     133383       1594
     human    human_raw161      10000      83661    2876273    2877959       1686
     human    human_raw162      10000      88879    5772850    5774605       1755
     human    human_raw163      10000      92206    1047331    1049143       1812
     human    human_raw164      10000      86089    9386321    9388293       1972
     human    human_raw165      10000      87564    3230974    3233016       2042
     human    human_raw166      10000      79729    5528113    5529467       1354
     human    human_raw167      10000      90175    4783307    4785186       1879
     human    human_raw168      10000      94508    5834041    5836010       1969
     human    human_raw169      10000      90196    8860314    8862165       1851
     human    human_raw170      10000      73862    1309241    1310457       1216
     human    human_raw171      10000      81691    8399860    8401059       1199
     human    human_raw172      10000      87952    5233775    5235481       1706
     human    human_raw173      10000      91248    3005770    3007807       2037
     human    human_raw174      10000      76133     798519     800028       1509
     human    human_raw175      10000      84664    2182734    2184468       1734
     human    human_raw176      10000      81494    6703292    6704626       1334
     human    human_raw177      10000      86978    5739644    5741184       1540
     human    human_raw178      10000      97624    6272011    6274180       2169
     human    human_raw179      10000      85640    2473385    2475195       1810
     human    human_raw180      10000      88272    5197861    5199726       1865
     human    human_raw181      10000      78890    3475193    3476489       1296
     human    human_raw182      10000      82375    3035579    3036755       1176
     human    human_raw183      10000      79177    4563683    4565152       1469
     human    human_raw184      10000      84722    2212595    2214191       1596
     human    human_raw185      10000      92042    9780265    9782498       2233
     human    human_raw186      10000      90565    6674215    6675957       1742
     human    human_raw187      10000      87546    9397249    9398747       1498
     human    human_raw188      10000      93465    2618602    2620601       1999
     human    human_raw189      10000      80793    8902437    8903968       1531
     human    human_raw190      10000      80724    3031482    3033367       1885
     human    human_raw191      10000      85324    3817241    3819136       1895
     human    human_raw192      10000      86657    6272052    6273741       1689
     human    human_raw193      10000      86659     799061     800491       1430
     human    human_raw194      10000      80108    4326736    4327713        977
     human    human_raw195      10000      85765    9381499    9382862       1363
     human    human_raw196      10000      87316    7384640    7386288       1648
     human    human_raw197      10000      86804    5517204    5518938       1734
     human    human_raw198      10000      87863    7442693    7444484       1791
     human    human_raw199      10000      76120    4925264    4926547       1283
     human    human_raw200      10000      92464    5394110    5395530       1420
     human    human_raw201      10000      86561    3835296    3836990       1694
     human    human_raw202      10000      90303    8099191    8101031       1840
     human    human_raw203      10000      85117    5829508    5831437       1929
     human    human_raw204      10000      86019    9632207    9633848       1641
     human    human_raw205      10000      83076     798664     800043       1379
     human    human_raw206      10000      53164    5269341    5269736        395
     human    human_raw207      10000      88259    1836150    1838007       1857
     human    human_raw208      10000      82262     250306     251853       1547
     human    human_raw209      10000      87548    7673412    7675199       1787
     human    human_raw210      10000      85493    9908226    9909986       1760
     human    human_raw211      10000      81402    3436279    3437835       1556
     human    human_raw212      10000      85883    9788676    9790349       1673
     human    human_raw213      10000      83394    6134873    6136504       1631
     human    human_raw214      10000      87109    3541202    3543007       1805
     human    human_raw215      10000      89454    9271040    9273232       2192
     human    human_raw216      10000      73906    3473132    3474081        949
     human    human_raw217      10000      84040    1554547    1556586       2039
     human    human_raw218      10000      83205    4148617    4150195       1578
     human    human_raw219      10000      88796    2634205    2635983       1778
     human    human_raw220      10000      91243    7110814    7112546       1732
     human    human_raw221      10000      85523     236483     237868       1385
     human    human_raw222      10000      86893    1978245    1979981       1736
     human    human_raw223      10000      87587    3201133    3202827       1694
     human    human_raw224      10000      85678   10174640   10176125       1485
     human    human_raw225      10000     125323    5018171    5019573       1402
     human    human_raw226      10000      87193    8026015    8027657       1642
     human    human_raw227      10000      89854     798712     800200       1488
     human    human_raw228      10000      82096    3392659    3394076       1417
     human    human_raw229      10000      89073    4963519    4965434       1915
     human    human_raw230      10000      80777    1915211    1916728       1517
     human    human_raw231      10000      86019    6218852    6220767       1915
     human    human_raw232      10000      91401    4380597    4382439       1842
     human    human_raw233      10000      81546    3227782    3229492       1710
     human    human_raw234      10000      69632    6030354    6031427       1073
     human    human_raw235      10000      89131    2498216    2499861       1645
     human    human_raw236      10000      82227    3475169    3477086       1917
     human    human_raw237      10000      83411    5557982    5559604       1622
     human    human_raw238      10000      89613    7005707    7007461       1754
     human    human_raw239      10000      79832    1450499    1452017       1518
     human    human_raw240      10000      86523    4462632    4464148       1516
     human    human_raw241      10000      91633     575397     577060       1663
     human    human_raw242      10000      84136    5469478    5471150       1672
     human    human_raw243      10000      99932    3740446    3742337       1891
     human    human_raw244      10000      84351   10301411   10303090       1679
     human    human_raw245      10000      88440    5074449    5076173       1724
     human    human_raw246      10000      86872     649137     650882       1745
     human    human_raw247      10000      88773    7483559    7485405       1846
     human    human_raw248      10000      90278    3563465    3565171       1706
     human    human_raw249      10000      82309    2388148    2389751       1603
     human    human_raw250      10000      85264    9336769    9338297       1528
     human    human_raw251      10000      85963   10437287   10439110       1823
     human    human_raw252      10000      83443    6018558    6020372       1814
     human    human_raw253      10000      87468    5472542    5474429       1887
     human    human_raw254      10000      95992    4901899    4903511       1612
     human    human_raw255      10000      85987     612024     613574       1550
     human    human_raw256      10000      81453    8891654    8892993       1339
     human    human_raw257      10000     127683    9593546    9594959       1413
     human    human_raw258      10000      87212    4240805    4242679       1874
     human    human_raw259      10000      83210    2354201    2356012       1811
     human    human_raw260      10000      87489    2989002    2990694       1692
     human    human_raw261      10000      80459    8656995    8658610       1615
     human    human_raw262      10000      77563    1450334    1451665       1331
     human    human_raw263      10000      83837   10264519   10266474       1955
     human    human_raw264      10000      85596    5721447    5723079       1632
     human    human_raw265      10000      88503    5345860    5347621       1761
     human    human_raw266      10000      85827     567642     569194       1552
     human    human_raw267      10000      85041    5198255    5199639       1384
     human    human_raw268      10000      86344   10138541   10140471       1930
     human    human_raw269      10000      83775    5338169    5339981       1812
     human    human_raw270      10000      82226    2209587    2210997       1410
     human    human_raw271      10000      85602    3426994    3428961       1967
     human    human_raw272      10000      90415    7420757    7422523       1766
     human    human_raw273      10000      85781   10277938   10279408       1470
     human    human_raw274      10000      82566    2358916    2360548       1632
     human    human_raw275      10000      81446    5798733    5800216       1483
     human    human_raw276      10000      89806    7761235    7762973       1738
     human    human_raw277      10000      87673    5522502    5524272       1770
     human    human_raw278      10000      93894    9511452    9513261       1809
     human    human_raw279      10000      88407    1592495    1594118       1623
     human    human_raw280      10000      81790    5039270    5040778       1508
     human    human_raw281      10000      86358    5979043    5980981       1938
     human    human_raw282      10000      86402    4148425    4150346       1921
     human    human_raw283      10000      86956    4337726    4339715       1989
     human    human_raw284      10000      89561    8726653    8728422       1769
     human    human_raw285      10000      84871    3475193    3476917       1724
     human    human_raw286      10000      82347    9128696    9130300       1604
     human    human_raw287      10000      88949      38733      40408       1675
     human    human_raw288      10000      84022    6174779    6176464       1685
     human    human_raw289      10000      86771    8389026    8390758       1732
     human    human_raw290      10000      85177    1730270    1731569       1299
     human    human_raw291      10000      88509    5738327    5740004       1677
     human    human_raw292      10000      88145    7430457    7431927       1470
     human    human_raw293      10000      87902    8787456    8789197       1741
     human    human_raw294      10000      84400    9948253    9950107       1854
     human    human_raw295      10000      85411    9375477    9377104       1627
     human    human_raw296      10000      85079   10150212   10151862       1650
     human    human_raw297      10000      84766    8312404    8313852       1448
     human    human_raw298      10000      83244    3337813    3339436       1623
     human    human_raw299      10000      84739   10278960   10280794       1834
     human    human_raw300      10000      84426    9296598    9298294       1696
     human    human_raw301      10000      82162    2975862    2977391       1529
     human    human_raw302      10000      95124    7049126    7050930       1804
     human    human_raw303      10000      83935    3713283    3714728       1445
     human    human_raw304      10000      84850    5153810    5155653       1843
     human    human_raw305      10000      83523    3055260    3056867       1607
     human    human_raw306      10000      88774     799140     800611       1471
     human    human_raw307      10000      84267     746465     748121       1656
     human    human_raw308      10000      82380    8863123    8865066       1943
     human    human_raw309      10000      80629    4444098    4445467       1369
     human    human_raw310      10000      85441    7077450    7079063       1613
     human    human_raw311      10000      85405    3081157    3082644       1487
     human    human_raw312      10000      94219    2688374    2690249       1875
     human    human_raw313      10000      82785    3696101    3697656       1555
     human    human_raw314      10000      84579    9054762    9056433       1671
     human    human_raw315      10000      87908    8894683    8896520       1837
     human    human_raw316      10000      84134    5240042    5241437       1395
     human    human_raw317      10000      92289    7502167    7504154       1987
     human    human_raw318      10000      80010     730249     731696       1447
     human    human_raw319      10000      86641    5344291    5346064       1773
     human    human_raw320      10000      87662    9234685    9236480       1795
     human    human_raw321      10000      83985    6096098    6097564       1466
     human    human_raw322      10000      86598    2339062    2340864       1802
     human    human_raw323      10000      89806    8235834    8237527       1693
     human    human_raw324      10000      87543     128631     130195       1564
     human    human_raw325      10000      84674    9348286    9350162       1876
     human    human_raw326      10000      89661    7228419    7230144       1725
     human    human_raw327      10000      81358    9294988    9296552       1564
     human    human_raw328      10000      84879    9054478    9056087       1609
     human    human_raw329      10000      77732    2815456    2817000       1544
     human    human_raw330      10000      87960    1870880    1872398       1518
     human    human_raw331      10000      83588    3487465    3489159       1694
     human    human_raw332      10000      86706     250493     252172       1679
     human    human_raw333      10000      81997    4132145    4133611       1466
     human    human_raw334      10000      86781    3070334    3072123       1789
     human    human_raw335      10000      87551    9951669    9953549       1880
     human    human_raw336      10000      81365    1472099    1473663       1564
     human    human_raw337      10000      84745    4702657    4704415       1758
     human    human_raw338      10000      81813    9280467    9282084       1617
     human    human_raw339      10000      82600    2457255    2458792       1537
     human    human_raw340      10000      84480    5111102    5112774       1672
     human    human_raw341      10000      91373    5337009    5338704       1695
     human    human_raw342      10000      84883    3358738    3360436       1698
     human    human_raw343      10000      88464    3502912    3504319       1407
     human    human_raw344      10000      79179    5979372    5980914       1542
     human    human_raw345      10000      89520     355146     356915       1769
     human    human_raw346      10000     103633    2500754    2502485       1731
     human    human_raw347      10000      86824    2848625    2850525       1900
     human    human_raw348      10000      72793    7298152    7299552       1400
     human    human_raw349      10000      85034    3475437    3477305       1868
     human    human_raw350      10000      85716    3271902    3273372       1470
     human    human_raw351      10000      84419    5008493    5009907       1414
     human    human_raw352      10000      88745    1147590    1149269       1679
     human    human_raw353      10000      84566    4367436    4369088       1652
     human    human_raw354      10000      84563    6167877    6169494       1617
     human    human_raw355      10000      82328    3916640    3918235       1595
     human    human_raw356      10000      82300    5961400    5963084       1684
     human    human_raw357      10000      81550    3821111    3822743       1632
     human    human_raw358      10000      80864    1889912    1891207       1295
     human    human_raw359      10000      87115    8944071    8945722       1651
     human    human_raw360      10000      90001     556699     558060       1361
     human    human_raw361      10000      83427    9191282    9193273       1991
     human    human_raw362      10000      83493    3249518    3251153       1635
     human    human_raw363      10000      85359    3407075    3408696       1621
     human    human_raw364      10000      87554    5340845    5342701       1856
     human    human_raw365      10000      85621    1034902    1036616       1714
     human    human_raw366      10000      84651    8717261    8718922       1661
     human    human_raw367      10000      87918    9236137    9238089       1952
     human    human_raw368      10000      83292    8862673    8864389       1716
     human    human_raw369      10000      84771    2992163    2993942       1779
     human    human_raw370      10000      81140    5547560    5549272       1712
     human    human_raw371      10000      81952    5518768    5520303       1535
     human    human_raw372      10000      94666    3855494    3857347       1853
     human    human_raw373      10000      82911    7426572    7428402       1830
     human    human_raw374      10000      92103    5979157    5980996       1839
     human    human_raw375      10000      84079    3475500    3477573       2073
     human    human_raw376      10000      71273     798827     800194       1367
     human    human_raw377      10000      85574    2695397    2697204       1807
     human    human_raw378      10000      84371    1888932    1890577       1645
     human    human_raw379      10000      85002    3703057    3704777       1720
     human    human_raw380      10000      82574    9489414    9490857       1443
     human    human_raw381      10000      87258    4946877    4948622       1745
     human    human_raw382      10000      87294    7179720    7181593       1873
     human    human_raw383      10000      84360    6190465    6192270       1805
     human    human_raw384      10000      86106    8868057    8869892       1835
     human    human_raw385      10000      86339    5487989    5489408       1419
     human    human_raw386      10000      83720    5672870    5674865       1995
     human    human_raw387      10000      85296    5865248    5866975       1727
     human    human_raw388      10000      83451    9342871    9344423       1552
     human    human_raw389      10000      87806    2350328    2352230       1902
     human    human_raw390      10000      83472    2358686    2360348       1662
     human    human_raw391      10000      92759     131929     133850       1921
     human    human_raw392      10000      80205    5671416    5672969       1553
     human    human_raw393      10000      86351    4711215    4713011       1796
     human    human_raw394      10000      87243    2674260    2675931       1671
     human    human_raw395      10000      95391       8458      10451       1993
     human    human_raw396      10000      82676    3424160    3425569       1409
     human    human_raw397      10000      77451    5755912    5757431       1519
     human    human_raw398      10000      81318    1340659    1342302       1643
     human    human_raw399      10000      83574    5625405    5627002       1597
     human    human_raw400      10000      91149    2694734    2696364       1630
     human    human_raw401      10000      86011    5668974    5670579       1605
     human    human_raw402      10000      67874    1157266    1158501       1235
     human    human_raw403      10000      87366    7424762    7426411       1649
     human    human_raw404      10000      91567    4865147    4866543       1396
     human    human_raw405      10000      88274    3403230    3405085       1855
     human    human_raw406      10000      84405     630392     631984       1592
     human    human_raw407      10000      86851    8996320    8997938       1618
     human    human_raw408      10000      91330     279426     281230       1804
     human    human_raw409      10000      77094    4326188    4327805       1617
     human    human_raw410      10000      86405    2491932    2493770       1838
     human    human_raw411      10000      89267    9344587    9346116       1529
     human    human_raw412      10000      85646     189057     190767       1710
     human    human_raw413      10000      79637    3472173    3473556       1383
     human    human_raw414      10000      92258    4822153    4823909       1756
     human    human_raw415      10000      80069   10354663   10356026       1363
     human    human_raw416      10000      80386    7907505    7909130       1625
     human    human_raw417      10000      90391    8234857    8236763       1906
     human    human_raw418      10000      87972    4880651    4882706       2055
     human    human_raw419      10000      85235    5935457    5937200       1743
     human    human_raw420      10000      93705    8512064    8513830       1766
     human    human_raw421      10000      87441    5892646    5894601       1955
     human    human_raw422      10000      86709    9036054    9038019       1965
     human    human_raw423      10000      78749     873519     874987       1468
     human    human_raw424      10000      80970   10082278   10083580       1302
     human    human_raw425      10000      87599    4766497    4768183       1686
     human    human_raw426      10000      79015    5165774    5166912       1138
     human    human_raw427      10000      86565    2125145    2126802       1657
     human    human_raw428      10000      81133    7296993    7298680       1687
     human    human_raw429      10000      79886    8789901    8791174       1273
     human    human_raw430      10000      86806    4124679    4126552       1873
     human    human_raw431      10000      83785    6886814    6888606       1792
     human    human_raw432      10000      85132    5118761    5120483       1722
     human    human_raw433      10000      88019    4121066    4122797       1731
     human    human_raw434      10000      87353    9505313    9506854       1541
     human    human_raw435      10000      84257    9265513    9267142       1629
     human    human_raw436      10000      85234    2487566    2488957       1391
     human    human_raw437      10000      88786    9709304    9711250       1946
     human    human_raw438      10000      83864     799247     800730       1483
     human    human_raw439      10000      84996    5426487    5427851       1364
     human    human_raw440      10000      86485    8460476    8462254       1778
     human    human_raw441      10000      84713    2081852    2083602       1750
     human    human_raw442      10000      84323    1921605    1923280       1675
     human    human_raw443      10000      85004     391949     393594       1645
     human    human_raw444      10000      87553    2349530    2351466       1936
     human    human_raw445      10000      81848    5754832    5756216       1384
     human    human_raw446      10000      84111    7804327    7805921       1594
     human    human_raw447      10000      85414    7665460    7667207       1747
     human    human_raw448      10000      86378    9128498    9130036       1538
     human    human_raw449      10000      78086    2492016    2493454       1438
     human    human_raw450      10000      85798    9220001    9221628       1627
     human    human_raw451      10000      72766    1872142    1873173       1031
     human    human_raw452      10000      87956   10345984   10348008       2024
     human    human_raw453      10000      88646    5795511    5797141       1630
     human    human_raw454      10000      84811    3426744    3428328       1584
     human    human_raw455      10000      80317    1132721    1134482       1761
     human    human_raw456      10000      88621    9250406    9252184       1778
     human    human_raw457      10000      83540    7847123    7848612       1489
     human    human_raw458      10000      91083    8301663    8303263       1600
     human    human_raw459      10000      92200    1540608    1542429       1821
     human    human_raw460      10000      92916   10067434   10069484       2050
     human    human_raw461      10000      91212    4428259    4429990       1731
     human    human_raw462      10000      88617    1509676    1511290       1614
     human    human_raw463      10000      84091    5901229    5902908       1679
     human    human_raw464      10000      83702    9060745    9062477       1732
     human    human_raw465      10000      84429    7050476    7052128       1652
     human    human_raw466      10000      89985    9788361    9790306       1945
     human    human_raw467      10000      88697    5426422    5428224       1802
     human    human_raw468      10000      87695    6257843    6259716       1873
     human    human_raw469      10000      82777    5341585    5343060       1475
     human    human_raw470      10000      85849    4947983    4949640       1657
     human    human_raw471      10000      75191    1724052    1725029        977
     human    human_raw472      10000      89181    4130875    4132627       1752
     human    human_raw473      10000      87033    9362387    9364189       1802
     human    human_raw474      10000      91134    9485951    9487853       1902
     human    human_raw475      10000      86063    7651234    7653129       1895
     human    human_raw476      10000      82728    9127952    9129466       1514
     human    human_raw477      10000      86057    2568059    2569729       1670
     human    human_raw478      10000      82552     306005     307568       1563
     human    human_raw479      10000      99096    3160135    3162134       1999
     human    human_raw480      10000      85803   10346617   10348471       1854
     human    human_raw481      10000      83849    5750807    5752628       1821
     human    human_raw482      10000      86549    9082471    9084262       1791
     human    human_raw483      10000      96593    9585526    9587110       1584
     human    human_raw484      10000      91337   10285501   10287446       1945
     human    human_raw485      10000      90613    6613521    6615293       1772
     human    human_raw486      10000      77433     959250     960592       1342
     human    human_raw487      10000      76736    5820102    5821242       1140
     human    human_raw488      10000      83764    3466404    3468028       1624
     human    human_raw489      10000      85691    3734369    3736053       1684
     human    human_raw490      10000      88354    9386804    9388554       1750
     human    human_raw491      10000      81890    2989274    2990869       1595
     human    human_raw492      10000      84359    1809142    1810755       1613
     human    human_raw493      10000      86310    3450839    3452288       1449
     human    human_raw494      10000      82376    7016459    7018265       1806
     human    human_raw495      10000      82113    3488896    3490468       1572
     human    human_raw496      10000      84575    1953892    1955432       1540
     human    human_raw497      10000      91721    3641282    3643059       1777
     human    human_raw498      10000      83839    5979262    5981025       1763
     human    human_raw499      10000      81313    3034944    3036560       1616
     human    human_raw500      10000      86816    4419637    4421425       1788
     human    human_raw501      10000      88133    9965089    9966580       1491
     human    human_raw502      10000      80435    3472809    3474292       1483
     human    human_raw503      10000      83327    4101989    4103647       1658
     human    human_raw504      10000      84339    2242369    2244117       1748
     human    human_raw505      10000      91940    9169082    9171089       2007
     human    human_raw506      10000      83743    5454119    5455703       1584
     human    human_raw507      10000      82480    8483758    8485323       1565
     human    human_raw508      10000      88305    6733528    6735385       1857
     human    human_raw509      10000      80341    5426201    5427471       1270
     human    human_raw510      10000      87402    8943526    8945390       1864
     human    human_raw511      10000      85906    4322927    4324667       1740
     human    human_raw512      10000      87200     589659     591296       1637
     human    human_raw513      10000      81532    4596214    4597685       1471
     human    human_raw514      10000      82941    9110479    9112328       1849
     human    human_raw515      10000      89510   10405723   10407533       1810
     human    human_raw516      10000      88841    9954001    9955698       1697
     human    human_raw517      10000      82237    5260390    5261974       1584
     human    human_raw518      10000      81441     541844     543161       1317
     human    human_raw519      10000      93175    9120214    9122175       1961
     human    human_raw520      10000      85917    2976447    2978044       1597
     human    human_raw521      10000      79734    4619574    4620994       1420
     human    human_raw522      10000      84821    1359269    1361049       1780
     human    human_raw523      10000      87432    6297961    6299618       1657
     human    human_raw524      10000      89166    6128234    6129639       1405
     human    human_raw525      10000      83174    4150257    4151897       1640
     human    human_raw526      10000      82808    6018136    6019951       1815
     human    human_raw527      10000      87362    2487891    2489594       1703
     human    human_raw528      10000      84353    8716558    8718185       1627
     human    human_raw529      10000      83519    5705332    5706885       1553
     human    human_raw530      10000      85619    3435761    3437418       1657
     human    human_raw531      10000      79973   10438011   10439324       1313
     human    human_raw532      10000      84901    5512028    5513705       1677
     human    human_raw533      10000      87634    2678588    2680466       1878
     human    human_raw534      10000      85625    9637570    9639335       1765
     human    human_raw535      10000      84804   10308976   10310427       1451
     human    human_raw536      10000      80306   10138524   10139856       1332
     human    human_raw537      10000      87249    5979346    5981013       1667
     human    human_raw538      10000      85911    9280483    9281966       1483
     human    human_raw539      10000      86345    7738250    7739966       1716
     human    human_raw540      10000      83627   10123299   10124668       1369
     human    human_raw541      10000      82188   10239797   10241373       1576
     human    human_raw542      10000      89359    6601469    6603428       1959
     human    human_raw543      10000      84345    5155224    5156952       1728
     human    human_raw544      10000      84793    3953802    3955517       1715
     human    human_raw545      10000      82149    2374002    2375568       1566
     human    human_raw546      10000      85518    8848762    8850454       1692
     human    human_raw547      10000      83449    3020339    3022235       1896
     human    human_raw548      10000      85295    8948744    8950385       1641
     human    human_raw549      10000      84169    6133993    6135760       1767
     human    human_raw550      10000      84008    2482221    2484200       1979
     human    human_raw551      10000      82861    3888138    3889593       1455
     human    human_raw552      10000      99574     989000     991006       2006
     human    human_raw553      10000      81924    1214871    1216351       1480
     human    human_raw554      10000      83352    9242192    9243739       1547
     human    human_raw555      10000      85505    4116261    4117961       1700
     human    human_raw556      10000      86357    8790786    8792491       1705
     human    human_raw557      10000      87047    5312080    5313841       1761
     human    human_raw558      10000      77341    9516588    9517751       1163
     human    human_raw559      10000      75613    3550857    3552250       1393
     human    human_raw560      10000      88063   10120818   10122448       1630
     human    human_raw561      10000      80967   10378253   10379842       1589
     human    human_raw562      10000      86278    9739752    9741498       1746
     human    human_raw563      10000      86896    8231077    8232609       1532
     human    human_raw564      10000      86236     916158     917938       1780
     human    human_raw565      10000      80264    6183468    6185196       1728
     human    human_raw566      10000      92009    8097975    8099847       1872
     human    human_raw567      10000      88309    5390897    5392458       1561
     human    human_raw568      10000      85899    1576774    1578508       1734
     human    human_raw569      10000      80285     430683     432239       1556
     human    human_raw570      10000      87860    4813244    4815215       1971
     human    human_raw571      10000      91125    2844119    2845885       1766
     human    human_raw572      10000      79206     328974     330358       1384
     human    human_raw573      10000      82267    6784836    6786418       1582
     human    human_raw574      10000      85067    6536799    6538440       1641
     human    human_raw575      10000      80583    4590498    4592011       1513
     human    human_raw576      10000      75537    6703878    6705143       1265
     human    human_raw577      10000      77220    1207320    1208591       1271
     human    human_raw578      10000      81571    4576010    4577537       1527
     human    human_raw579      10000      79745    7802815    7804549       1734
     human    human_raw580      10000      94835    8389027    8390763       1736
     human    human_raw581      10000      82435    6801506    6803039       1533
     human    human_raw582      10000      85110    9034247    9035824       1577
     human    human_raw583      10000      87922    9336429    9338209       1780
     human    human_raw584      10000      87185    3750536    3752176       1640
     human    human_raw585      10000      85763    1564275    1565979       1704
     human    human_raw586      10000      89676    4326899    4328559       1660
     human    human_raw587      10000      85572    5761917    5763827       1910
     human    human_raw588      10000      88100    4177680    4179406       1726
     human    human_raw589      10000      85501    9969323    9971088       1765
     human    human_raw590      10000      87030    9164955    9166522       1567
     human    human_raw591      10000      79906    4442757    4444170       1413
     human    human_raw592      10000      85645    4296690    4298362       1672
     human    human_raw593      10000      82697    4931389    4932817       1428
     human    human_raw594      10000      88554    3353993    3355894       1901
     human    human_raw595      10000      92652    5045480    5047679       2199
     human    human_raw596      10000      85507    6018515    6020387       1872
     human    human_raw597      10000      78096    5650546    5651816       1270
     human    human_raw598      10000      82723    9149892    9151442       1550
     human    human_raw599      10000      78948    3931475    3932924       1449
     human    human_raw600      10000      83278    3435189    3436856       1667
     human    human_raw601      10000      84694    4422799    4424475       1676
     human    human_raw602      10000      69421     799244     800503       1259
     human    human_raw603      10000      87208     315540     316910       1370
     human    human_raw604      10000      87760    5517898    5519507       1609
     human    human_raw605      10000      83878    1773795    1775446       1651
     human    human_raw606      10000      95120    1117176    1118811       1635
     human    human_raw607      10000      61274     799001     800083       1082
     human    human_raw608      10000      93463    3275514    3277554       2040
     human    human_raw609      10000      86579    3535502    3537155       1653
     human    human_raw610      10000      85759    6702127    6703820       1693
     human    human_raw611      10000      83050    8891793    8893253       1460
     human    human_raw612      10000      84685    3517058    3518829       1771
     human    human_raw613      10000      80594    8901325    8902877       1552
     human    human_raw614      10000      79309    6093117    6094604       1487
     human    human_raw615      10000      85900    8122392    8124253       1861
     human    human_raw616      10000      86858    3234480    3236084       1604
     human    human_raw617      10000      87906    4949120    4950883       1763
     human    human_raw618      10000      89406    2748789    2750480       1691
     human    human_raw619      10000      82523    7224248    7225730       1482
     human    human_raw620      10000      86265    2352128    2354181       2053
     human    human_raw621      10000      77016     835064     836633       1569
     human    human_raw622      10000      90891    3834948    3836867       1919
     human    human_raw623      10000      83434    4946599    4948112       1513
     human    human_raw624      10000      80902    4274141    4275701       1560
     human    human_raw625      10000      91315   10071917   10073641       1724
     human    human_raw626      10000      87221   10355889   10357534       1645
     human    human_raw627      10000      80378    9297059    9298573       1514
     human    human_raw628      10000      89683    7007129    7009021       1892
     human    human_raw629      10000      83858    8818561    8820381       1820
     human    human_raw630      10000      85801    3495305    3496909       1604
     human    human_raw631      10000      89123     388493     390259       1766
     human    human_raw632      10000      84337    4743713    4745459       1746
     human    human_raw633      10000      83964    2814205    2816082       1877
     human    human_raw634      10000      85579    2571432    2572828       1396
     human    human_raw635      10000      88626    5185391    5187253       1862
     human    human_raw636      10000      82116    8593330    8595158       1828
     human    human_raw637      10000      96235   10129509   10131274       1765
     human    human_raw638      10000      81660    9204604    9206382       1778
     human    human_raw639      10000      82657    9354058    9355590       1532
     human    human_raw640      10000      85545    4395713    4397491       1778
     human    human_raw641      10000      65227     799087     800198       1111
     human    human_raw642      10000      82415    9253043    9254644       1601
     human    human_raw643      10000      87065    3208751    3210286       1535
     human    human_raw644      10000      90474    9128823    9130375       1552
     human    human_raw645      10000      85320    4184935    4186749       1814
     human    human_raw646      10000      88574   10060834   10062576       1742
     human    human_raw647      10000      86483    9403660    9405087       1427
     human    human_raw648      10000      81201     798290     799907       1617
     human    human_raw649      10000      80931    4118017    4119511       1494
     human    human_raw650      10000      81946    4430379    4431877       1498
     human    human_raw651      10000      84216     529585     531466       1881
     human    human_raw652      10000      86849     271448     273047       1599
     human    human_raw653      10000      80858    7003132    7004395       1263
     human    human_raw654      10000      86593    4205219    4206826       1607
     human    human_raw655      10000      81935    7302198    7304010       1812
     human    human_raw656      10000      84507    7051966    7053716       1750
     human    human_raw657      10000      86000     514384     516065       1681
     human    human_raw658      10000      88458    3324523    3326182       1659
     human    human_raw659      10000      84941     921897     923622       1725
     human    human_raw660      10000      85211    3372169    3373934       1765
     human    human_raw661      10000      82477    1930890    1932528       1638
     human    human_raw662      10000      87846    3580564    3582246       1682
     human    human_raw663      10000      86532    5174576    5176355       1779
     human    human_raw664      10000      91697    2083294    2085239       1945
     human    human_raw665      10000      87703    7763334    7765028       1694
     human    human_raw666      10000      80397    1051429    1052887       1458
     human    human_raw667      10000      82765    9850941    9852498       1557
     human    human_raw668      10000      83683    4701615    4703060       1445
     human    human_raw669      10000      86271    6306401    6307979       1578
     human    human_raw670      10000      79485    1892034    1893617       1583
     human    human_raw671      10000      87255    3298016    3299785       1769
     human    human_raw672      10000      94114    7661733    7663451       1718
     human    human_raw673      10000      85002    8842045    8843839       1794
     human    human_raw674      10000      84262    7301250    7302941       1691
     human    human_raw675      10000      84782    3476497    3478146       1649
     human    human_raw676      10000      86269    8003648    8005115       1467
     human    human_raw677      10000      83618    1264063    1265828       1765
     human    human_raw678      10000      87343    2063524    2065424       1900
     human    human_raw679      10000      89156    5557508    5559316       1808
     human    human_raw680      10000      65191     798851     799903       1052
     human    human_raw681      10000      83035     565900     567687       1787
     human    human_raw682      10000      84344    5297434    5299290       1856
     human    human_raw683      10000      84100    4949276    4950857       1581
     human    human_raw684      10000      84646    2979395    2980804       1409
     human    human_raw685      10000      83747    6537042    6538640       1598
     human    human_raw686      10000      87660    4793308    4795276       1968
     human    human_raw687      10000      85282    5186854    5188481       1627
     human    human_raw688      10000      82041    3884753    3886447       1694
     human    human_raw689      10000      81921    9164157    9165577       1420
     human    human_raw690      10000      84442    2041594    2043204       1610
     human    human_raw691      10000      92844    9488231    9490357       2126
     human    human_raw692      10000      66203    5269412    5270044        632
     human    human_raw693      10000      83846    3649713    3651332       1619
     human    human_raw694      10000      92718    6602242    6603935       1693
     human    human_raw695      10000      89298    7033643    7035372       1729
     human    human_raw696      10000      88208    5248816    5250693       1877
     human    human_raw697      10000      88020    5946630    5948499       1869
     human    human_raw698      10000      86838    2747022    2748824       1802
     human    human_raw699      10000      84512      51757      53189       1432
     human    human_raw700      10000      84132    3473866    3475376       1510
     human    human_raw701      10000      89952    3781934    3783747       1813
     human    human_raw702      10000      83168    8378908    8380372       1464
     human    human_raw703      10000      83217    6183205    6184762       1557
     human    human_raw704      10000      94455    2797226    2799167       1941
     human    human_raw705      10000      66248    5303894    5304915       1021
     human    human_raw706      10000      81609    6828301    6829498       1197
     human    human_raw707      10000      85854    4149116    4150931       1815
     human    human_raw708      10000      84792    2567057    2568734       1677
     human    human_raw709      10000      84315    1345885    1347352       1467
     human    human_raw710      10000      84408    9284623    9286105       1482
     human    human_raw711      10000      83176    4979223    4980895       1672
     human    human_raw712      10000      84337    3128881    3130477       1596
     human    human_raw713      10000      85232    8697762    8699497       1735
     human    human_raw714      10000      83991    3428727    3430575       1848
     human    human_raw715      10000      81653    5426728    5428375       1647
     human    human_raw716      10000      91252    3631641    3633288       1647
     human    human_raw717      10000      82220    6322901    6324478       1577
     human    human_raw718      10000      86706    2970993    2972804       1811
     human    human_raw719      10000      70116    6322656    6323838       1182
     human    human_raw720      10000      84739    3021766    3023191       1425
     human    human_raw721      10000      83225    9734227    9735668       1441
     human    human_raw722      10000      83050    4327223    4328708       1485
     human    human_raw723      10000      87480    9301818    9303496       1678
     human    human_raw724      10000      90751    9552033    9553912       1879
     human    human_raw725      10000      77472    4274226    4275649       1423
     human    human_raw726      10000      84386     787549     788971       1422
     human    human_raw727      10000      81504    5268066    5269353       1287
     human    human_raw728      10000     103535    6767625    6769158       1533
     human    human_raw729      10000      75238    2508811    2510114       1303
     human    human_raw730      10000      78279    2158770    2160141       1371
     human    human_raw731      10000      85942    4012450    4014291       1841
     human    human_raw732      10000      84646    7855533    7857107       1574
     human    human_raw733      10000      87400    1385025    1386599       1574
     human    human_raw734      10000      89121    6580246    6581989       1743
     human    human_raw735      10000      87576    5385698    5387661       1963
     human    human_raw736      10000      83042    5840015    5841666       1651
     human    human_raw737      10000      83994    9296147    9297996       1849
     human    human_raw738      10000      87274    8315902    8317598       1696
     human    human_raw739      10000      82439     768498     770437       1939
     human    human_raw740      10000      82848    2561968    2563613       1645
     human    human_raw741      10000      84046     872537     874206       1669
     human    human_raw742      10000      84478    1614781    1616354       1573
     human    human_raw743      10000      88750    1194302    1196350       2048
     human    human_raw744      10000      85032    9333733    9335692       1959
     human    human_raw745      10000      84611    2647917    2649570       1653
     human    human_raw746      10000      83324    2226008    2227898       1890
     human    human_raw747      10000      81965    2769722    2771229       1507
     human    human_raw748      10000      83010    1656912    1658537       1625
     human    human_raw749      10000      90439    5801335    5803231       1896
     human    human_raw750      10000      81738    7426807    7428279       1472
     human    human_raw751      10000      88066    7412997    7414623       1626
     human    human_raw752      10000      92258    9645057    9646921       1864
     human    human_raw753      10000      86157    4385237    4387363       2126
     human    human_raw754      10000      82145    7682110    7683625       1515
     human    human_raw755      10000      85789    1412024    1413633       1609
     human    human_raw756      10000      89356     983506     985504       1998
     human    human_raw757      10000      85776    6492347    6494094       1747
     human    human_raw758      10000      84661    4860688    4862342       1654
     human    human_raw759      10000      81457    3562208    3563522       1314
     human    human_raw760      10000      95208    9734609    9736481       1872
     human    human_raw761      10000      89597    9015360    9017005       1645
     human    human_raw762      10000      90315    5657060    5659013       1953
     human    human_raw763      10000      88323    4945356    4947238       1882
     human    human_raw764      10000      86789    3052340    3054244       1904
     human    human_raw765      10000      85052    8681522    8683053       1531
     human    human_raw766      10000      82776    5267672    5268841       1169
     human    human_raw767      10000      84150    5065812    5067351       1539
     human    human_raw768      10000      79105     514478     515789       1311
     human    human_raw769      10000      89870    5982912    5984846       1934
     human    human_raw770      10000      86963    2987038    2988684       1646
     human    human_raw771      10000      87011    3148051    3149752       1701
     human    human_raw772      10000      87126     869181     870793       1612
     human    human_raw773      10000      90153    3833467    3835025       1558
     human    human_raw774      10000      83329    9099919    9101637       1718
     human    human_raw775      10000      73220   10173244   10174485       1241
     human    human_raw776      10000      78449    1234165    1235392       1227
     human    human_raw777      10000      81432    3417847    3419239       1392
     human    human_raw778      10000      83615    9382708    9384258       1550
     human    human_raw779      10000      83718    5581065    5582670       1605
     human    human_raw780      10000      83209    2238725    2240111       1386
     human    human_raw781      10000      83537    4711036    4712677       1641
     human    human_raw782      10000      86154    6916003    6917500       1497
     human    human_raw783      10000      82985     141420     143031       1611
     human    human_raw784      10000      86564    2687390    2689112       1722
     human    human_raw785      10000      80711     374552     375893       1341
     human    human_raw786      10000      85593    9769371    9771059       1688
     human    human_raw787      10000      81814    6069778    6071227       1449
     human    human_raw788      10000      94157    4822147    4823906       1759
     human    human_raw789      10000      84755    4865496    4867231       1735
     human    human_raw790      10000      86264    1809206    1810915       1709
     human    human_raw791      10000      84232    5335950    5337417       1467
     human    human_raw792      10000      86919    6308661    6310434       1773
     human    human_raw793      10000      86721    2584479    2586261       1782
     human    human_raw794      10000      83212    6698083    6699734       1651
     human    human_raw795      10000      84780    2760508    2761912       1404
     human    human_raw796      10000      80995    6781466    6783118       1652
     human    human_raw797      10000      78222    3432985    3434513       1528
     human    human_raw798      10000      89707    4865802    4867644       1842
     human    human_raw799      10000      87852    6218281    6220017       1736
     human    human_raw800      10000      88374    3306703    3308362       1659
     human    human_raw801      10000      86622     328659     330308       1649
     human    human_raw802      10000      82241     115459     116915       1456
     human    human_raw803      10000      89975     763501     765558       2057
     human    human_raw804      10000      83914    7035003    7036834       1831
     human    human_raw805      10000      89931    5829534    5830987       1453
     human    human_raw806      10000      85889     328281     329989       1708
     human    human_raw807      10000      84663    1726611    1728246       1635
     human    human_raw808      10000      81040    5518718    5520209       1491
     human    human_raw809      10000      85026    7016829    7018439       1610
     human    human_raw810      10000      83872    3906419    3908059       1640
     human    human_raw811      10000      95090     588791     590798       2007
     human    human_raw812      10000      88221    6255446    6257338       1892
     human    human_raw813      10000     112434     403646     405838       2192
     human    human_raw814      10000      75405    8689912    8691131       1219
     human    human_raw815      10000      84691    7068318    7069889       1571
     human    human_raw816      10000      83062    2642551    2644276       1725
     human    human_raw817      10000      83442    2414396    2415886       1490
     human    human_raw818      10000      85639    3473220    3475249       2029
     human    human_raw819      10000      82140    5013526    5014695       1169
     human    human_raw820      10000      87500    5761204    5763069       1865
     human    human_raw821      10000      86794   10386925   10388794       1869
     human    human_raw822      10000      88055    3050704    3052413       1709
     human    human_raw823      10000      87399    4349124    4350766       1642
     human    human_raw824      10000      81454    2063234    2064936       1702
     human    human_raw825      10000      83837    4964153    4965896       1743
     human    human_raw826      10000      82967    9769370    9770961       1591
     human    human_raw827      10000      82422    2104830    2106396       1566
     human    human_raw828      10000      83239    5362203    5363683       1480
     human    human_raw829      10000      89567    6829673    6831531       1858
     human    human_raw830      10000      90157    2193354    2195289       1935
     human    human_raw831      10000      81407    3822678    3824363       1685
     human    human_raw832      10000      85670     958925     960626       1701
     human    human_raw833      10000      84207    1493707    1495335       1628
     human    human_raw834      10000      85138    4189117    4190938       1821
     human    human_raw835      10000      81938    1677048    1678530       1482
     human    human_raw836      10000      86391    8367854    8369839       1985
     human    human_raw837      10000      83633    1822511    1823970       1459
     human    human_raw838      10000      85305    7938202    7939810       1608
     human    human_raw839      10000      89180    3578454    3580496       2042
     human    human_raw840      10000      85560    1578409    1580022       1613
     human    human_raw841      10000      83589    9568541    9570178       1637
     human    human_raw842      10000      76059     799093     800262       1169
     human    human_raw843      10000      87527    7630882    7632608       1726
     human    human_raw844      10000      86134    5248512    5250335       1823
     human    human_raw845      10000      89616    1480322    1482027       1705
     human    human_raw846      10000      98149    7427257    7429009       1752
     human    human_raw847      10000      85126   10174234   10175869       1635
     human    human_raw848      10000      84547    3245920    3247254       1334
     human    human_raw849      10000      89314    5088847    5090839       1992
     human    human_raw850      10000      82582    9038984    9040507       1523
     human    human_raw851      10000      82491    7778855    7780507       1652
     human    human_raw852      10000      82007    3011702    3013398       1696
     human    human_raw853      10000      84429    8202634    8204242       1608
     human    human_raw854      10000      86314    9960007    9961654       1647
     human    human_raw855      10000      83743    5090447    5092347       1900
     human    human_raw856      10000      79720    5194812    5196379       1567
     human    human_raw857      10000      90762    8464338    8466160       1822
     human    human_raw858      10000      87273    4941093    4942966       1873
     human    human_raw859      10000      92590     681361     683502       2141
     human    human_raw860      10000      79629    7131010    7132364       1354
     human    human_raw861      10000      89350    8013162    8014984       1822
     human    human_raw862      10000      83649    5064146    5065926       1780
     human    human_raw863      10000      97893    2813779    2815272       1493
     human    human_raw864      10000      87527    9118403    9119982       1579
     human    human_raw865      10000      78669    5248582    5250157       1575
     human    human_raw866      10000      84148     526392     527820       1428
     human    human_raw867      10000      83035    1257997    1259518       1521
     human    human_raw868      10000      84846    4302787    4304491       1704
     human    human_raw869      10000      82442    2809020    2810636       1616
     human    human_raw870      10000      87109       7032       8787       1755
     human    human_raw871      10000      85166    6493155    6494439       1284
     human    human_raw872      10000      87140    5154540    5156200       1660
     human    human_raw873      10000      74126    3026013    3027451       1438
     human    human_raw874      10000     109136   10357855   10359706       1851
     human    human_raw875      10000      81638    2349820    2351594       1774
     human    human_raw876      10000      81911    4699271    4700850       1579
     human    human_raw877      10000      87728    1198462    1199971       1509
     human    human_raw878      10000      89871    4017939    4019637       1698
     human    human_raw879      10000      81437    3215152    3216595       1443
     human    human_raw880      10000      81044    3424121    3425690       1569
     human    human_raw881      10000      84712    8921276    8922948       1672
     human    human_raw882      10000      89139   10182853   10184637       1784
     human    human_raw883      10000      92323    2361685    2363447       1762
     human    human_raw884      10000      87540    5526758    5528423       1665
     human    human_raw885      10000      82389    3487916    3489440       1524
     human    human_raw886      10000      80932    3699722    3700983       1261
     human    human_raw887      10000      83943    6935973    6937456       1483
     human    human_raw888      10000      82150    8582523    8584018       1495
     human    human_raw889      10000      88966    7274355    7276162       1807
     human    human_raw890      10000      78461     799059     800310       1251
     human    human_raw891      10000      91665    5355682    5357476       1794
     human    human_raw892      10000      88661    3602116    3603957       1841
     human    human_raw893      10000      82641     305968     307433       1465
     human    human_raw894      10000      83714    4645173    4646844       1671
     human    human_raw895      10000      87989    4698884    4700897       2013
     human    human_raw896      10000      93266    4326712    4328299       1587
     human    human_raw897      10000      85551    9093839    9095699       1860
     human    human_raw898      10000      87330    3381841    3383726       1885
     human    human_raw899      10000      86371   10275246   10277028       1782
     human    human_raw900      10000      84665    4148797    4150462       1665
     human    human_raw901      10000      84554    5978840    5980591       1751
     human    human_raw902      10000      85090    1035626    1037521       1895
     human    human_raw903      10000      84277    8953117    8954915       1798
     human    human_raw904      10000      86336    6653321    6654957       1636
     human    human_raw905      10000      86722    1168908    1170539       1631
     human    human_raw906      10000      82736    7007346    7008463       1117
     human    human_raw907      10000      89479    8971775    8973699       1924
     human    human_raw908      10000      89212    2476686    2478314       1628
     human    human_raw909      10000      80723    5558756    5560492       1736
     human    human_raw910      10000      88690     304689     306587       1898
     human    human_raw911      10000      86545    6225369    6227046       1677
     human    human_raw912      10000      84044     799093     800379       1286
     human    human_raw913      10000      90350    1284067    1285935       1868
     human    human_raw914      10000      87015    9788867    9790310       1443
     human    human_raw915      10000      81849    8805087    8806777       1690
     human    human_raw916      10000      89330    8930944    8933120       2176
     human    human_raw917      10000      84464    8310192    8311645       1453
     human    human_raw918      10000      78983    5704454    5705924       1470
     human    human_raw919      10000      83126    1180044    1181641       1597
     human    human_raw920      10000      87331    7799414    7801150       1736
     human    human_raw921      10000      93934    1509406    1511093       1687
     human    human_raw922      10000      84092     312732     314379       1647
     human    human_raw923      10000      79373    3473080    3474449       1369
     human    human_raw924      10000      85729    2292725    2294109       1384
     human    human_raw925      10000      84084   10153222   10154866       1644
     human    human_raw926      10000      87901    5751296    5752975       1679
     human    human_raw927      10000      86238    4266720    4268324       1604
     human    human_raw928      10000      88747    2930118    2931824       1706
     human    human_raw929      10000      82369    3051300    3052934       1634
     human    human_raw930      10000      77606      82785      83993       1208
     human    human_raw931      10000      81955     899196     900701       1505
     human    human_raw932      10000      85552    1053952    1055451       1499
     human    human_raw933      10000      82882    5266493    5268004       1511
     human    human_raw934      10000      87712     625202     626761       1559
     human    human_raw935      10000      85283    9781794    9783412       1618
     human    human_raw936      10000      84430    5648630    5650389       1759
     human    human_raw937      10000      86984    2097995    2099744       1749
     human    human_raw938      10000      87165    4032727    4034347       1620
     human    human_raw939      10000      79025    3249498    3250954       1456
     human    human_raw940      10000      79535    5946673    5948202       1529
     human    human_raw941      10000      85864    7646804    7648210       1406
     human    human_raw942      10000      85032    4038935    4040465       1530
     human    human_raw943      10000      86511    5007689    5009322       1633
     human    human_raw944      10000      86211    2194368    2195861       1493
     human    human_raw945      10000      85994    3756157    3757558       1401
     human    human_raw946      10000      87329    4330731    4332300       1569
     human    human_raw947      10000      87399    3427927    3429526       1599
     human    human_raw948      10000      85207    6182628    6184099       1471
     human    human_raw949      10000      92923    2693922    2695837       1915
     human    human_raw950      10000      85080    1989430    1991012       1582
     human    human_raw951      10000      89088    3888128    3889876       1748
     human    human_raw952      10000      80734    8218205    8219831       1626
     human    human_raw953      10000      83389    5146592    5148121       1529
     human    human_raw954      10000      88349      52649      54306       1657
     human    human_raw955      10000      88973    9176088    9177995       1907
     human    human_raw956      10000      81652    8921501    8923224       1723
     human    human_raw957      10000      86051    3555124    3556779       1655
     human    human_raw958      10000      86294   10369802   10371517       1715
     human    human_raw959      10000      82392    4506854    4508395       1541
     human    human_raw960      10000      86504    7366401    7368026       1625
     human    human_raw961      10000      80213    5576652    5578293       1641
     human    human_raw962      10000      87447    8773385    8775323       1938
     human    human_raw963      10000      89684    8331235    8333014       1779
     human    human_raw964      10000      87952    8118669    8120514       1845
     human    human_raw965      10000      79138     798484     800162       1678
     human    human_raw966      10000      79231    4181348    4182647       1299
     human    human_raw967      10000      71730    4947005    4948230       1225
     human    human_raw968      10000      94020    6895101    6896693       1592
     human    human_raw969      10000     137786    2236488    2238795       2307
     human    human_raw970      10000      81275    9333583    9335093       1510
     human    human_raw971      10000      86734    2798309    2800215       1906
     human    human_raw972      10000      88754    3405150    3407033       1883
     human    human_raw973      10000      91203    8720829    8722636       1807
     human    human_raw974      10000      82708    6942476    6943969       1493
     human    human_raw975      10000      86581    1659072    1661069       1997
     human    human_raw976      10000      89079   10301293   10302934       1641
     human    human_raw977      10000      84998    9740134    9741955       1821
     human    human_raw978      10000      90895    3740413    3742354       1941
     human    human_raw979      10000      84706    5066041    5067812       1771
     human    human_raw980      10000      96564   10367759   10369933       2174
     human    human_raw981      10000      90442    9205098    9206670       1572
     human    human_raw982      10000      84542    6979481    6981197       1716
     human    human_raw983      10000      80611    9583468    9585048       1580
     human    human_raw984      10000      95402    5573714    5575787       2073
     human    human_raw985      10000      85014    3754384    3755998       1614
     human    human_raw986      10000      85770    7651469    7653197       1728
     human    human_raw987      10000      86955    1629184    1630670       1486
     human    human_raw988      10000      86640    4173444    4175155       1711
     human    human_raw989      10000      84098    6850594    6852365       1771
     human    human_raw990      10000      85778    2349448    2351357       1909
     human    human_raw991      10000      84454    1034257    1035865       1608
     human    human_raw992      10000     103608     238628     240093       1465
     human    human_raw993      10000      83151    9560569    9561955       1386
     human    human_raw994      10000      87292    7141888    7143656       1768
     human    human_raw995      10000      85223    1374533    1376163       1630
     human    human_raw996      10000      86332    6534021    6535633       1612
     human    human_raw997      10000      86722     577516     579341       1825
     human    human_raw998      10000      86278     750603     752383       1780
     human    human_raw999      10000      86329    5323282    5325091       1809

#
# ================================================
# Alignment Cost Statistics
# ================================================
# ecoli reads:    Mean:    49790  StdDev:    19456
# Human reads:    Mean:    85521  StdDev:     5342
#
# Separation: 2.50 standard deviations
# ✓ Good separation - discriminative
# ================================================
